datapoint,factValue
dp3526409,706
dp3526438,1
dp3526613,0.262962
dp3528372,5494047973.64
dp3528957,0.418733
dp3529448,0.003619
dp3529513,1444727049.67