datapoint,factValue
dp134663,27607337308.23
dp134665,16064153276.03
dp143076,1.731389
dp3525677,25025176848.41
dp3525678,26936850725.55
dp3525679,25717981575.38
dp475219,16258294972.41
dp475220,15661551934.2
dp475221,15564891558.41
dp475490,1.661973
dp475491,1.648435
dp475492,1.625793