datapoint,factValue
dp458571,1.305902
dp475564,1.227732
dp475565,1.179383
dp475566,1.233946