refPeriod,kopf_a,name_a,heimat_a,kopf_b,name_b,heimat_b,ueberlappung,ueberlappung_spezifisch,spezifisch_moeglich,spezifisch_ausgeschoepft,n_gemeinsam,top_gemeinsam,grenzueberschreitend
2025-06-30,0W2PZJM8XOY22M4GG883,DekaBank Deutsche Girozentrale,Germany,1FOLRR5RWTWWI397R131,Aktiebolaget Svensk Exportkredit,Sweden,0.5651,0.0000,0.0000,0.0000,19,France|United Kingdom|United States,ja
2025-06-30,0W2PZJM8XOY22M4GG883,DekaBank Deutsche Girozentrale,Germany,213800A1O379I6DMCU10,APS BANK P.L.C.,Malta,0.4871,0.0000,0.0000,,15,France|United Kingdom|Netherlands,ja
2025-06-30,0W2PZJM8XOY22M4GG883,DekaBank Deutsche Girozentrale,Germany,213800DBQIB6VBNU5C64,Alpha Bank S.A.,Greece,0.3316,0.0000,0.0000,,6,United Kingdom|Netherlands|France,ja
2025-06-30,0W2PZJM8XOY22M4GG883,DekaBank Deutsche Girozentrale,Germany,213800LBQA1Y9L22JB70,Barclays Bank Ireland plc,Ireland,0.6024,0.0000,0.0000,0.0000,23,France|United States|Luxembourg,ja
2025-06-30,0W2PZJM8XOY22M4GG883,DekaBank Deutsche Girozentrale,Germany,254900RNFMDM0P11YR84,Atlantic Lux HoldCo S.à r.l.,Luxembourg,0.6136,0.0000,0.0000,0.0000,13,United States|United Kingdom|France,ja
2025-06-30,0W2PZJM8XOY22M4GG883,DekaBank Deutsche Girozentrale,Germany,2W8N8UU78PMDQKZENC08,Intesa Sanpaolo S.p.A.,Italy,0.3681,0.0000,0.0000,1.0000,29,United States|France|Luxembourg,ja
2025-06-30,0W2PZJM8XOY22M4GG883,DekaBank Deutsche Girozentrale,Germany,3H0Q3U74FVFED2SHZT16,MBH bankcsoport,Hungary,0.3725,0.0000,0.0000,0.0000,24,United States|France|Netherlands,ja
2025-06-30,0W2PZJM8XOY22M4GG883,DekaBank Deutsche Girozentrale,Germany,5299003ONUYCE70HZ185,Banque Internationale à Luxembourg,Luxembourg,0.3800,0.0000,0.0000,0.0000,26,France|Netherlands|United States,ja
2025-06-30,0W2PZJM8XOY22M4GG883,DekaBank Deutsche Girozentrale,Germany,5299007S3UH5RKUYDA52,DEUTSCHE APOTHEKER- UND ÄRZTEBANK EG,Germany,0.5230,0.0000,0.0000,0.0000,24,France|Netherlands|Luxembourg,nein
2025-06-30,0W2PZJM8XOY22M4GG883,DekaBank Deutsche Girozentrale,Germany,529900HNOAA1KXQJUQ27,Bausparkasse Schwäbisch Hall Aktiengesellschaft - Bausparkasse der Volksbanken und Raiffeisenbanken,Germany,0.6422,0.0000,0.0000,1.0000,24,France|Netherlands|United Kingdom,nein
2025-06-30,0W2PZJM8XOY22M4GG883,DekaBank Deutsche Girozentrale,Germany,529900JZTYE3W7WQH904,HASPA Finanzholding,Germany,0.6962,0.0000,0.0000,,24,France|United States|Netherlands,nein
2025-06-30,0W2PZJM8XOY22M4GG883,DekaBank Deutsche Girozentrale,Germany,529900RWC8ZYB066JF16,Bank of Valletta Plc,Malta,0.3832,0.0000,0.0000,1.0000,23,United Kingdom|France|Netherlands,ja
2025-06-30,0W2PZJM8XOY22M4GG883,DekaBank Deutsche Girozentrale,Germany,549300DYPOFMXOR7XM56,Crelan,Belgium,0.4531,0.0000,0.0000,0.0000,26,France|Netherlands|Luxembourg,ja
2025-06-30,0W2PZJM8XOY22M4GG883,DekaBank Deutsche Girozentrale,Germany,549300GKFG0RYRRQ1414,DNB BANK ASA,Norway,0.4526,0.0000,0.0000,0.0000,23,United States|United Kingdom|Luxembourg,ja
2025-06-30,0W2PZJM8XOY22M4GG883,DekaBank Deutsche Girozentrale,Germany,549300IQZVZ949N37S44,Euroclear Holding,Belgium,0.4672,0.0000,0.0000,0.0000,17,United Kingdom|France|United States,ja
2025-06-30,0W2PZJM8XOY22M4GG883,DekaBank Deutsche Girozentrale,Germany,549300L7YCATGO57ZE10,FINECOBANK BANCA FINECO S.P.A. (IN BREVE FINECOBANK S.P.A. OVVERO BANCA FINECO S.P.A. OVVERO FINECO BANCA S.P.A.),Italy,0.6711,0.0000,0.0000,0.0000,27,France|United States|Netherlands,ja
2025-06-30,0W2PZJM8XOY22M4GG883,DekaBank Deutsche Girozentrale,Germany,549300NYKK9MWM7GGW15,ING Groep N.V.,Netherlands,0.3059,0.0000,0.0000,1.0000,28,United States|Luxembourg|France,ja
2025-06-30,0W2PZJM8XOY22M4GG883,DekaBank Deutsche Girozentrale,Germany,635400AKJBGNS5WNQL34,AIB Group plc,Ireland,0.5298,0.0000,0.0000,0.0000,26,United States|United Kingdom|France,ja
2025-06-30,0W2PZJM8XOY22M4GG883,DekaBank Deutsche Girozentrale,Germany,6SHGI4ZSSLCXXQSBB395,Citibank Europe plc,Ireland,0.4620,0.0000,0.0000,1.0000,28,France|Netherlands|United Kingdom,ja
2025-06-30,0W2PZJM8XOY22M4GG883,DekaBank Deutsche Girozentrale,Germany,724500A1FNICHSDF2I11,ASN Bank N.V.,Netherlands,0.4565,0.0000,0.0000,,8,France|United Kingdom|Luxembourg,ja
2025-06-30,0W2PZJM8XOY22M4GG883,DekaBank Deutsche Girozentrale,Germany,724500JIWG886A9RRT57,RBS Holdings N.V.,Netherlands,0.4256,0.0000,0.0000,,10,France|United States|United Kingdom,ja
2025-06-30,0W2PZJM8XOY22M4GG883,DekaBank Deutsche Girozentrale,Germany,7437003B5WFBOIEFY714,OP Osuuskunta,Finland,0.3006,0.0000,0.0000,,15,France|Netherlands|Norway,ja
2025-06-30,0W2PZJM8XOY22M4GG883,DekaBank Deutsche Girozentrale,Germany,7CUNS533WID6K7DGFI87,"CaixaBank, S.A.",Spain,0.3480,0.0000,0.0000,1.0000,29,United Kingdom|France|United States,ja
2025-06-30,0W2PZJM8XOY22M4GG883,DekaBank Deutsche Girozentrale,Germany,7LTWFZYICNSX8D621K86,DEUTSCHE BANK AKTIENGESELLSCHAFT,Germany,0.4450,0.0000,0.0000,1.0000,29,United States|Luxembourg|United Kingdom,nein
2025-06-30,0W2PZJM8XOY22M4GG883,DekaBank Deutsche Girozentrale,Germany,815600AD83B2B6317788,CREDITO EMILIANO HOLDING SOCIETA' PER AZIONI,Italy,0.7255,0.0000,0.0000,0.0000,17,France|United States|Netherlands,ja
2025-06-30,0W2PZJM8XOY22M4GG883,DekaBank Deutsche Girozentrale,Germany,815600E4E6DCD2D25E30,BANCO BPM SOCIETA' PER AZIONI,Italy,0.6589,0.0000,0.0000,1.0000,26,France|United Kingdom|Netherlands,ja
2025-06-30,0W2PZJM8XOY22M4GG883,DekaBank Deutsche Girozentrale,Germany,95980020140005881190,Banco de Crédito Social Cooperativo,Spain,0.5106,0.0000,0.0000,,23,United Kingdom|France|Netherlands,ja
2025-06-30,0W2PZJM8XOY22M4GG883,DekaBank Deutsche Girozentrale,Germany,9695000CG7B84NLR5984,Caisse fédérale de crédit mutuel,France,0.3772,0.0000,0.0000,,24,United Kingdom|Luxembourg|Netherlands,ja
2025-06-30,0W2PZJM8XOY22M4GG883,DekaBank Deutsche Girozentrale,Germany,9695005MSX1OYEMGDF46,Natixis,France,0.3698,0.0000,0.0000,1.0000,28,United States|Luxembourg|United Kingdom,ja
2025-06-30,0W2PZJM8XOY22M4GG883,DekaBank Deutsche Girozentrale,Germany,969500TJ5KRTCJQWXH05,CRÉDIT AGRICOLE AUTO BANK S.P.A.,Italy,0.4380,0.0000,0.0000,0.0000,16,United Kingdom|France|Netherlands,ja
2025-06-30,0W2PZJM8XOY22M4GG883,DekaBank Deutsche Girozentrale,Germany,A5GWLFH3KM7YV2SFQL84,Belfius Bank,Belgium,0.7109,0.0000,0.0000,1.0000,27,France|United Kingdom|Netherlands,ja
2025-06-30,0W2PZJM8XOY22M4GG883,DekaBank Deutsche Girozentrale,Germany,BFXS5XCH7N0Y05NIXW11,ABN AMRO Bank N.V.,Netherlands,0.6237,0.0000,0.0000,,25,France|United Kingdom|Luxembourg,ja
2025-06-30,0W2PZJM8XOY22M4GG883,DekaBank Deutsche Girozentrale,Germany,DIZES5CFO5K3I5R58746,Landesbank Hessen-Thüringen Girozentrale,Germany,0.6924,0.0000,0.0000,1.0000,29,United States|France|United Kingdom,nein
2025-06-30,0W2PZJM8XOY22M4GG883,DekaBank Deutsche Girozentrale,Germany,DZZ47B9A52ZJ6LT6VV95,Deutsche Pfandbriefbank AG,Germany,0.6375,0.0000,0.0000,0.0000,13,France|United States|United Kingdom,nein
2025-06-30,0W2PZJM8XOY22M4GG883,DekaBank Deutsche Girozentrale,Germany,FR9695005MSX1OYEMGDF,Groupe BPCE,France,0.3680,0.0000,0.0000,1.0000,28,United States|Luxembourg|United Kingdom,ja
2025-06-30,0W2PZJM8XOY22M4GG883,DekaBank Deutsche Girozentrale,Germany,J48C8PCSJVUBR8KCW529,BANCA POPOLARE DI SONDRIO SOCIETA' PER AZIONI,Italy,0.6089,0.0000,0.0000,1.0000,25,France|United Kingdom|Luxembourg,ja
2025-06-30,0W2PZJM8XOY22M4GG883,DekaBank Deutsche Girozentrale,Germany,J4CP7MHCXR8DAQMKIL78,MEDIOBANCA - BANCA DI CREDITO FINANZIARIO S.P.A.,Italy,0.6035,0.0000,0.0000,1.0000,29,United Kingdom|France|United States,ja
2025-06-30,0W2PZJM8XOY22M4GG883,DekaBank Deutsche Girozentrale,Germany,M6AD1Y1KW32H8THQ6F76,Piraeus Financial Holdings,Greece,0.4618,0.0000,0.0000,,22,United Kingdom|France|Netherlands,ja
2025-06-30,0W2PZJM8XOY22M4GG883,DekaBank Deutsche Girozentrale,Germany,MLU0ZO3ML4LN2LL2TL39,HSBC Continental Europe,France,0.3680,0.0000,0.0000,1.0000,27,Netherlands|Luxembourg|United States,ja
2025-06-30,0W2PZJM8XOY22M4GG883,DekaBank Deutsche Girozentrale,Germany,N747OI7JINV7RUUH6190,BPER Banca S.p.A.,Italy,0.5540,0.0000,0.0000,1.0000,29,France|Netherlands|Luxembourg,ja
2025-06-30,0W2PZJM8XOY22M4GG883,DekaBank Deutsche Girozentrale,Germany,NHBDILHZTYCNBV5UYZ31,Svenska Handelsbanken - gruppen,Sweden,0.3483,0.0000,0.0000,0.0000,27,United Kingdom|Netherlands|Norway,ja
2025-06-30,0W2PZJM8XOY22M4GG883,DekaBank Deutsche Girozentrale,Germany,NNVPP80YIZGEY2314M97,ICCREA BANCA S.P.A. - ISTITUTO CENTRALE DEL CREDITO COOPERATIVO (IN FORMA ABBREVIATA: ICCREA BANCA S.P.A.),Italy,0.4367,0.0000,0.0000,,20,France|Netherlands|Luxembourg,ja
2025-06-30,0W2PZJM8XOY22M4GG883,DekaBank Deutsche Girozentrale,Germany,O2RNE8IBXP4R0TD8PU41,Société générale S.A.,France,0.3926,0.0000,0.0000,,20,United Kingdom|Luxembourg|Netherlands,ja
2025-06-30,0W2PZJM8XOY22M4GG883,DekaBank Deutsche Girozentrale,Germany,P4GTT6GF1W40CVIMFR43,Powszechna Kasa Oszczednosci Bank Polski S.A.,Poland,0.3435,0.0000,0.0000,0.0000,20,Netherlands|Luxembourg|France,ja
2025-06-30,0W2PZJM8XOY22M4GG883,DekaBank Deutsche Girozentrale,Germany,QLPCKOOKVX32FUELX240,Bank Polska Kasa Opieki S.A.,Poland,0.3451,0.0000,0.0000,1.0000,29,United Kingdom|Luxembourg|Netherlands,ja
2025-06-30,0W2PZJM8XOY22M4GG883,DekaBank Deutsche Girozentrale,Germany,R0MUWSFPU8MPRO8K5P83,BNP Paribas,France,0.3044,0.0000,0.0000,1.0000,27,United Kingdom|Luxembourg|Netherlands,ja
2025-06-30,0W2PZJM8XOY22M4GG883,DekaBank Deutsche Girozentrale,Germany,R7CQUF1DQM73HUTV1078,"Banque et Caisse d´Epargne de l´Etat, Luxembourg",Luxembourg,0.4484,0.0000,0.0000,0.0000,22,France|Netherlands|Norway,ja
2025-06-30,0W2PZJM8XOY22M4GG883,DekaBank Deutsche Girozentrale,Germany,TUKDD90GPC79G1KOE162,Hamburg Commercial Bank AG,Germany,0.5717,0.0000,0.0000,0.0000,17,United States|United Kingdom|Netherlands,nein
2025-06-30,0W2PZJM8XOY22M4GG883,DekaBank Deutsche Girozentrale,Germany,VDYMYTQGZZ6DU0912C88,Bayerische Landesbank,Germany,0.6767,0.0000,0.0000,1.0000,29,France|United Kingdom|Netherlands,nein
2025-06-30,1FOLRR5RWTWWI397R131,Aktiebolaget Svensk Exportkredit,Sweden,213800A1O379I6DMCU10,APS BANK P.L.C.,Malta,0.5403,0.0000,0.0000,,18,France|United Kingdom|Germany,ja
2025-06-30,1FOLRR5RWTWWI397R131,Aktiebolaget Svensk Exportkredit,Sweden,213800LBQA1Y9L22JB70,Barclays Bank Ireland plc,Ireland,0.5896,0.0018,0.0065,0.2681,29,France|United States|Germany,ja
2025-06-30,1FOLRR5RWTWWI397R131,Aktiebolaget Svensk Exportkredit,Sweden,254900RNFMDM0P11YR84,Atlantic Lux HoldCo S.à r.l.,Luxembourg,0.5843,0.0000,0.0121,0.0000,19,United Kingdom|France|United States,ja
2025-06-30,1FOLRR5RWTWWI397R131,Aktiebolaget Svensk Exportkredit,Sweden,2W8N8UU78PMDQKZENC08,Intesa Sanpaolo S.p.A.,Italy,0.4195,0.0100,0.0224,0.4450,40,United States|France|Luxembourg,ja
2025-06-30,1FOLRR5RWTWWI397R131,Aktiebolaget Svensk Exportkredit,Sweden,3H0Q3U74FVFED2SHZT16,MBH bankcsoport,Hungary,0.3453,0.0020,0.0224,0.0888,36,France|United States|Germany,ja
2025-06-30,1FOLRR5RWTWWI397R131,Aktiebolaget Svensk Exportkredit,Sweden,5299003ONUYCE70HZ185,Banque Internationale à Luxembourg,Luxembourg,0.4203,0.0007,0.0224,0.0296,39,France|Germany|Belgium,ja
2025-06-30,1FOLRR5RWTWWI397R131,Aktiebolaget Svensk Exportkredit,Sweden,5299007S3UH5RKUYDA52,DEUTSCHE APOTHEKER- UND ÄRZTEBANK EG,Germany,0.5617,0.0001,0.0018,0.0653,34,France|United States|Luxembourg,ja
2025-06-30,1FOLRR5RWTWWI397R131,Aktiebolaget Svensk Exportkredit,Sweden,529900HNOAA1KXQJUQ27,Bausparkasse Schwäbisch Hall Aktiengesellschaft - Bausparkasse der Volksbanken und Raiffeisenbanken,Germany,0.4771,0.0002,0.0023,0.0840,28,France|United Kingdom|Luxembourg,ja
2025-06-30,1FOLRR5RWTWWI397R131,Aktiebolaget Svensk Exportkredit,Sweden,529900JZTYE3W7WQH904,HASPA Finanzholding,Germany,0.4308,0.0000,0.0000,,16,France|United States|Luxembourg,ja
2025-06-30,1FOLRR5RWTWWI397R131,Aktiebolaget Svensk Exportkredit,Sweden,529900RWC8ZYB066JF16,Bank of Valletta Plc,Malta,0.3591,0.0000,0.0017,0.0000,16,United Kingdom|France|Germany,ja
2025-06-30,1FOLRR5RWTWWI397R131,Aktiebolaget Svensk Exportkredit,Sweden,549300DYPOFMXOR7XM56,Crelan,Belgium,0.3940,0.0034,0.0223,0.1507,38,France|Germany|Luxembourg,ja
2025-06-30,1FOLRR5RWTWWI397R131,Aktiebolaget Svensk Exportkredit,Sweden,549300GKFG0RYRRQ1414,DNB BANK ASA,Norway,0.4334,0.0000,0.0000,1.0000,19,United States|United Kingdom|Luxembourg,ja
2025-06-30,1FOLRR5RWTWWI397R131,Aktiebolaget Svensk Exportkredit,Sweden,549300IQZVZ949N37S44,Euroclear Holding,Belgium,0.4140,0.0001,0.0224,0.0038,24,France|United Kingdom|United States,ja
2025-06-30,1FOLRR5RWTWWI397R131,Aktiebolaget Svensk Exportkredit,Sweden,549300L7YCATGO57ZE10,FINECOBANK BANCA FINECO S.P.A. (IN BREVE FINECOBANK S.P.A. OVVERO BANCA FINECO S.P.A. OVVERO FINECO BANCA S.P.A.),Italy,0.5061,0.0046,0.0106,0.4371,40,France|United States|United Kingdom,ja
2025-06-30,1FOLRR5RWTWWI397R131,Aktiebolaget Svensk Exportkredit,Sweden,549300NYKK9MWM7GGW15,ING Groep N.V.,Netherlands,0.4260,0.0071,0.0224,0.3169,42,United States|Germany|Luxembourg,ja
2025-06-30,1FOLRR5RWTWWI397R131,Aktiebolaget Svensk Exportkredit,Sweden,635400AKJBGNS5WNQL34,AIB Group plc,Ireland,0.4032,0.0001,0.0224,0.0025,36,United Kingdom|United States|France,ja
2025-06-30,1FOLRR5RWTWWI397R131,Aktiebolaget Svensk Exportkredit,Sweden,6SHGI4ZSSLCXXQSBB395,Citibank Europe plc,Ireland,0.5427,0.0034,0.0224,0.1538,42,France|United Kingdom|Germany,ja
2025-06-30,1FOLRR5RWTWWI397R131,Aktiebolaget Svensk Exportkredit,Sweden,724500A1FNICHSDF2I11,ASN Bank N.V.,Netherlands,0.5245,0.0000,0.0000,,12,France|United Kingdom|Germany,ja
2025-06-30,1FOLRR5RWTWWI397R131,Aktiebolaget Svensk Exportkredit,Sweden,724500JIWG886A9RRT57,RBS Holdings N.V.,Netherlands,0.4291,0.0000,0.0000,,12,France|Germany|United States,ja
2025-06-30,1FOLRR5RWTWWI397R131,Aktiebolaget Svensk Exportkredit,Sweden,7437003B5WFBOIEFY714,OP Osuuskunta,Finland,0.3678,0.0000,0.0000,,14,France|Germany|Norway,ja
2025-06-30,1FOLRR5RWTWWI397R131,Aktiebolaget Svensk Exportkredit,Sweden,7CUNS533WID6K7DGFI87,"CaixaBank, S.A.",Spain,0.4622,0.0114,0.0224,0.5082,42,Germany|United Kingdom|France,ja
2025-06-30,1FOLRR5RWTWWI397R131,Aktiebolaget Svensk Exportkredit,Sweden,7LTWFZYICNSX8D621K86,DEUTSCHE BANK AKTIENGESELLSCHAFT,Germany,0.3608,0.0075,0.0224,0.3351,34,United States|Luxembourg|United Kingdom,ja
2025-06-30,1FOLRR5RWTWWI397R131,Aktiebolaget Svensk Exportkredit,Sweden,815600AD83B2B6317788,CREDITO EMILIANO HOLDING SOCIETA' PER AZIONI,Italy,0.5020,0.0013,0.0045,0.2930,18,France|United Kingdom|United States,ja
2025-06-30,1FOLRR5RWTWWI397R131,Aktiebolaget Svensk Exportkredit,Sweden,815600E4E6DCD2D25E30,BANCO BPM SOCIETA' PER AZIONI,Italy,0.5294,0.0000,0.0000,0.0000,17,France|United Kingdom|Germany,ja
2025-06-30,1FOLRR5RWTWWI397R131,Aktiebolaget Svensk Exportkredit,Sweden,95980020140005881190,Banco de Crédito Social Cooperativo,Spain,0.5078,0.0000,0.0000,,15,United Kingdom|France|Germany,ja
2025-06-30,1FOLRR5RWTWWI397R131,Aktiebolaget Svensk Exportkredit,Sweden,9695000CG7B84NLR5984,Caisse fédérale de crédit mutuel,France,0.3795,0.0000,0.0000,,16,United Kingdom|Germany|Luxembourg,ja
2025-06-30,1FOLRR5RWTWWI397R131,Aktiebolaget Svensk Exportkredit,Sweden,9695005MSX1OYEMGDF46,Natixis,France,0.3393,0.0064,0.0224,0.2873,42,United States|Luxembourg|United Kingdom,ja
2025-06-30,1FOLRR5RWTWWI397R131,Aktiebolaget Svensk Exportkredit,Sweden,969500F7JLTX36OUI695,RCI Banque,France,0.3265,0.0004,0.0224,0.0197,18,United Kingdom|Germany|Poland,ja
2025-06-30,1FOLRR5RWTWWI397R131,Aktiebolaget Svensk Exportkredit,Sweden,969500TJ5KRTCJQWXH05,CRÉDIT AGRICOLE AUTO BANK S.P.A.,Italy,0.5572,0.0000,0.0168,0.0000,17,France|United Kingdom|Germany,ja
2025-06-30,1FOLRR5RWTWWI397R131,Aktiebolaget Svensk Exportkredit,Sweden,A5GWLFH3KM7YV2SFQL84,Belfius Bank,Belgium,0.5539,0.0000,0.0091,0.0000,26,France|United Kingdom|Luxembourg,ja
2025-06-30,1FOLRR5RWTWWI397R131,Aktiebolaget Svensk Exportkredit,Sweden,BFXS5XCH7N0Y05NIXW11,ABN AMRO Bank N.V.,Netherlands,0.5544,0.0000,0.0000,,17,France|United Kingdom|Germany,ja
2025-06-30,1FOLRR5RWTWWI397R131,Aktiebolaget Svensk Exportkredit,Sweden,DIZES5CFO5K3I5R58746,Landesbank Hessen-Thüringen Girozentrale,Germany,0.6251,0.0050,0.0195,0.2559,42,France|United Kingdom|United States,ja
2025-06-30,1FOLRR5RWTWWI397R131,Aktiebolaget Svensk Exportkredit,Sweden,DZZ47B9A52ZJ6LT6VV95,Deutsche Pfandbriefbank AG,Germany,0.4746,0.0003,0.0058,0.0510,16,France|United Kingdom|United States,ja
2025-06-30,1FOLRR5RWTWWI397R131,Aktiebolaget Svensk Exportkredit,Sweden,F3JS33DEI6XQ4ZBPTN86,Skandinaviska Enskilda Banken - gruppen,Sweden,0.5128,0.0059,0.0224,0.2643,43,Finland|Germany|Denmark,nein
2025-06-30,1FOLRR5RWTWWI397R131,Aktiebolaget Svensk Exportkredit,Sweden,FR9695005MSX1OYEMGDF,Groupe BPCE,France,0.3954,0.0064,0.0224,0.2851,42,United States|Luxembourg|Germany,ja
2025-06-30,1FOLRR5RWTWWI397R131,Aktiebolaget Svensk Exportkredit,Sweden,J48C8PCSJVUBR8KCW529,BANCA POPOLARE DI SONDRIO SOCIETA' PER AZIONI,Italy,0.5212,0.0000,0.0039,0.0000,16,France|United Kingdom|Germany,ja
2025-06-30,1FOLRR5RWTWWI397R131,Aktiebolaget Svensk Exportkredit,Sweden,J4CP7MHCXR8DAQMKIL78,MEDIOBANCA - BANCA DI CREDITO FINANZIARIO S.P.A.,Italy,0.5822,0.0068,0.0224,0.3042,29,France|United Kingdom|United States,ja
2025-06-30,1FOLRR5RWTWWI397R131,Aktiebolaget Svensk Exportkredit,Sweden,M6AD1Y1KW32H8THQ6F76,Piraeus Financial Holdings,Greece,0.3930,0.0000,0.0000,,15,France|United Kingdom|Germany,ja
2025-06-30,1FOLRR5RWTWWI397R131,Aktiebolaget Svensk Exportkredit,Sweden,MAES062Z21O4RZ2U7M96,Danske Bank A/S,Denmark,0.3132,0.0000,0.0000,,13,United Kingdom|Finland|Norway,ja
2025-06-30,1FOLRR5RWTWWI397R131,Aktiebolaget Svensk Exportkredit,Sweden,MLU0ZO3ML4LN2LL2TL39,HSBC Continental Europe,France,0.4467,0.0041,0.0224,0.1810,39,Germany|Luxembourg|United States,ja
2025-06-30,1FOLRR5RWTWWI397R131,Aktiebolaget Svensk Exportkredit,Sweden,N747OI7JINV7RUUH6190,BPER Banca S.p.A.,Italy,0.5465,0.0069,0.0224,0.3098,42,France|Germany|Luxembourg,ja
2025-06-30,1FOLRR5RWTWWI397R131,Aktiebolaget Svensk Exportkredit,Sweden,NNVPP80YIZGEY2314M97,ICCREA BANCA S.P.A. - ISTITUTO CENTRALE DEL CREDITO COOPERATIVO (IN FORMA ABBREVIATA: ICCREA BANCA S.P.A.),Italy,0.3471,0.0000,0.0000,,14,France|Germany|Netherlands,ja
2025-06-30,1FOLRR5RWTWWI397R131,Aktiebolaget Svensk Exportkredit,Sweden,O2RNE8IBXP4R0TD8PU41,Société générale S.A.,France,0.3971,0.0000,0.0000,,14,United Kingdom|Germany|Luxembourg,ja
2025-06-30,1FOLRR5RWTWWI397R131,Aktiebolaget Svensk Exportkredit,Sweden,P4GTT6GF1W40CVIMFR43,Powszechna Kasa Oszczednosci Bank Polski S.A.,Poland,0.3886,0.0000,0.0224,0.0016,23,Germany|Luxembourg|France,ja
2025-06-30,1FOLRR5RWTWWI397R131,Aktiebolaget Svensk Exportkredit,Sweden,QLPCKOOKVX32FUELX240,Bank Polska Kasa Opieki S.A.,Poland,0.4156,0.0014,0.0224,0.0641,40,United Kingdom|Germany|Luxembourg,ja
2025-06-30,1FOLRR5RWTWWI397R131,Aktiebolaget Svensk Exportkredit,Sweden,R0MUWSFPU8MPRO8K5P83,BNP Paribas,France,0.4241,0.0000,0.0011,0.0084,33,United Kingdom|Germany|Luxembourg,ja
2025-06-30,1FOLRR5RWTWWI397R131,Aktiebolaget Svensk Exportkredit,Sweden,R7CQUF1DQM73HUTV1078,"Banque et Caisse d´Epargne de l´Etat, Luxembourg",Luxembourg,0.3902,0.0000,0.0051,0.0000,14,France|Germany|Norway,ja
2025-06-30,1FOLRR5RWTWWI397R131,Aktiebolaget Svensk Exportkredit,Sweden,TUKDD90GPC79G1KOE162,Hamburg Commercial Bank AG,Germany,0.5089,0.0041,0.0224,0.1841,21,United Kingdom|United States|Luxembourg,ja
2025-06-30,1FOLRR5RWTWWI397R131,Aktiebolaget Svensk Exportkredit,Sweden,VDYMYTQGZZ6DU0912C88,Bayerische Landesbank,Germany,0.4503,0.0003,0.0019,0.1422,42,France|United Kingdom|Luxembourg,ja
2025-06-30,2138009Y59EAR7H1UO97,"Akciju sabiedrība ""Citadele banka""",Latvia,M312WZV08Y7LYUC71685,Swedbank - Grupp,Sweden,0.6011,0.0000,0.0000,,13,Lithuania|Estonia|United States,ja
2025-06-30,213800A1O379I6DMCU10,APS BANK P.L.C.,Malta,213800LBQA1Y9L22JB70,Barclays Bank Ireland plc,Ireland,0.6185,0.0000,0.0000,,21,France|Germany|Netherlands,ja
2025-06-30,213800A1O379I6DMCU10,APS BANK P.L.C.,Malta,254900RNFMDM0P11YR84,Atlantic Lux HoldCo S.à r.l.,Luxembourg,0.5000,0.0000,0.0000,,18,Germany|France|United Kingdom,ja
2025-06-30,213800A1O379I6DMCU10,APS BANK P.L.C.,Malta,2W8N8UU78PMDQKZENC08,Intesa Sanpaolo S.p.A.,Italy,0.3454,0.0000,0.0000,,22,France|Luxembourg|United Kingdom,ja
2025-06-30,213800A1O379I6DMCU10,APS BANK P.L.C.,Malta,3H0Q3U74FVFED2SHZT16,MBH bankcsoport,Hungary,0.3276,0.0000,0.0000,,22,France|Germany|Austria,ja
2025-06-30,213800A1O379I6DMCU10,APS BANK P.L.C.,Malta,5299003ONUYCE70HZ185,Banque Internationale à Luxembourg,Luxembourg,0.5607,0.0000,0.0000,,22,France|Belgium|Germany,ja
2025-06-30,213800A1O379I6DMCU10,APS BANK P.L.C.,Malta,5299007S3UH5RKUYDA52,DEUTSCHE APOTHEKER- UND ÄRZTEBANK EG,Germany,0.4918,0.0000,0.0000,,21,France|Netherlands|Luxembourg,ja
2025-06-30,213800A1O379I6DMCU10,APS BANK P.L.C.,Malta,529900HNOAA1KXQJUQ27,Bausparkasse Schwäbisch Hall Aktiengesellschaft - Bausparkasse der Volksbanken und Raiffeisenbanken,Germany,0.5624,0.0000,0.0000,,21,France|United Kingdom|Netherlands,ja
2025-06-30,213800A1O379I6DMCU10,APS BANK P.L.C.,Malta,529900JZTYE3W7WQH904,HASPA Finanzholding,Germany,0.4186,0.0000,0.0000,,13,France|Netherlands|Luxembourg,ja
2025-06-30,213800A1O379I6DMCU10,APS BANK P.L.C.,Malta,529900RWC8ZYB066JF16,Bank of Valletta Plc,Malta,0.4381,0.0000,0.0000,,15,Germany|France|United Kingdom,nein
2025-06-30,213800A1O379I6DMCU10,APS BANK P.L.C.,Malta,529900XSTAE561178282,Raiffeisenbankengruppe OÖ Verbund eGen,Austria,0.3573,0.0000,0.0000,,22,Germany|France|Luxembourg,ja
2025-06-30,213800A1O379I6DMCU10,APS BANK P.L.C.,Malta,549300DYPOFMXOR7XM56,Crelan,Belgium,0.5961,0.0000,0.0000,,22,France|Germany|Netherlands,ja
2025-06-30,213800A1O379I6DMCU10,APS BANK P.L.C.,Malta,549300EHNXQVOI120S55,Coop Pank AS,Estonia,0.3350,0.0000,0.0000,,15,France|Finland|Belgium,ja
2025-06-30,213800A1O379I6DMCU10,APS BANK P.L.C.,Malta,549300GKFG0RYRRQ1414,DNB BANK ASA,Norway,0.3235,0.0000,0.0000,,16,United Kingdom|Luxembourg|Germany,ja
2025-06-30,213800A1O379I6DMCU10,APS BANK P.L.C.,Malta,549300L7YCATGO57ZE10,FINECOBANK BANCA FINECO S.P.A. (IN BREVE FINECOBANK S.P.A. OVVERO BANCA FINECO S.P.A. OVVERO FINECO BANCA S.P.A.),Italy,0.5676,0.0000,0.0000,,22,France|Germany|United Kingdom,ja
2025-06-30,213800A1O379I6DMCU10,APS BANK P.L.C.,Malta,549300NYKK9MWM7GGW15,ING Groep N.V.,Netherlands,0.4490,0.0000,0.0000,,22,Germany|Belgium|Luxembourg,ja
2025-06-30,213800A1O379I6DMCU10,APS BANK P.L.C.,Malta,549300TRUWO2CD2G5692,"UNICREDIT, SOCIETA' PER AZIONI",Italy,0.4217,0.0000,0.0000,,22,Germany|Austria|United Kingdom,ja
2025-06-30,213800A1O379I6DMCU10,APS BANK P.L.C.,Malta,6SHGI4ZSSLCXXQSBB395,Citibank Europe plc,Ireland,0.5252,0.0000,0.0000,,22,France|Germany|United Kingdom,ja
2025-06-30,213800A1O379I6DMCU10,APS BANK P.L.C.,Malta,724500A1FNICHSDF2I11,ASN Bank N.V.,Netherlands,0.7255,0.0000,0.0000,,11,France|Germany|Belgium,ja
2025-06-30,213800A1O379I6DMCU10,APS BANK P.L.C.,Malta,724500JIWG886A9RRT57,RBS Holdings N.V.,Netherlands,0.5712,0.0000,0.0000,,12,France|Germany|United Kingdom,ja
2025-06-30,213800A1O379I6DMCU10,APS BANK P.L.C.,Malta,7437003B5WFBOIEFY714,OP Osuuskunta,Finland,0.4039,0.0000,0.0000,,11,France|Germany|Netherlands,ja
2025-06-30,213800A1O379I6DMCU10,APS BANK P.L.C.,Malta,7CUNS533WID6K7DGFI87,"CaixaBank, S.A.",Spain,0.4059,0.0000,0.0000,,22,Germany|United Kingdom|France,ja
2025-06-30,213800A1O379I6DMCU10,APS BANK P.L.C.,Malta,815600AD83B2B6317788,CREDITO EMILIANO HOLDING SOCIETA' PER AZIONI,Italy,0.5681,0.0000,0.0000,,18,France|United Kingdom|Netherlands,ja
2025-06-30,213800A1O379I6DMCU10,APS BANK P.L.C.,Malta,815600E4E6DCD2D25E30,BANCO BPM SOCIETA' PER AZIONI,Italy,0.6844,0.0000,0.0000,,16,France|Germany|United Kingdom,ja
2025-06-30,213800A1O379I6DMCU10,APS BANK P.L.C.,Malta,95980020140005881190,Banco de Crédito Social Cooperativo,Spain,0.5716,0.0000,0.0000,,16,Germany|France|United Kingdom,ja
2025-06-30,213800A1O379I6DMCU10,APS BANK P.L.C.,Malta,9695000CG7B84NLR5984,Caisse fédérale de crédit mutuel,France,0.4517,0.0000,0.0000,,15,Germany|United Kingdom|Netherlands,ja
2025-06-30,213800A1O379I6DMCU10,APS BANK P.L.C.,Malta,969500F7JLTX36OUI695,RCI Banque,France,0.3963,0.0000,0.0000,,18,Germany|United Kingdom|Italy,ja
2025-06-30,213800A1O379I6DMCU10,APS BANK P.L.C.,Malta,969500TJ5KRTCJQWXH05,CRÉDIT AGRICOLE AUTO BANK S.P.A.,Italy,0.5831,0.0000,0.0000,,19,Germany|France|United Kingdom,ja
2025-06-30,213800A1O379I6DMCU10,APS BANK P.L.C.,Malta,A5GWLFH3KM7YV2SFQL84,Belfius Bank,Belgium,0.5653,0.0000,0.0000,,22,France|United Kingdom|Netherlands,ja
2025-06-30,213800A1O379I6DMCU10,APS BANK P.L.C.,Malta,BFXS5XCH7N0Y05NIXW11,ABN AMRO Bank N.V.,Netherlands,0.6473,0.0000,0.0000,,15,France|Germany|Belgium,ja
2025-06-30,213800A1O379I6DMCU10,APS BANK P.L.C.,Malta,DIZES5CFO5K3I5R58746,Landesbank Hessen-Thüringen Girozentrale,Germany,0.4801,0.0000,0.0000,,22,France|United Kingdom|Luxembourg,ja
2025-06-30,213800A1O379I6DMCU10,APS BANK P.L.C.,Malta,DZZ47B9A52ZJ6LT6VV95,Deutsche Pfandbriefbank AG,Germany,0.5054,0.0000,0.0000,,18,France|United Kingdom|Netherlands,ja
2025-06-30,213800A1O379I6DMCU10,APS BANK P.L.C.,Malta,F3JS33DEI6XQ4ZBPTN86,Skandinaviska Enskilda Banken - gruppen,Sweden,0.3338,0.0000,0.0000,,22,Germany|United Kingdom|Luxembourg,ja
2025-06-30,213800A1O379I6DMCU10,APS BANK P.L.C.,Malta,J48C8PCSJVUBR8KCW529,BANCA POPOLARE DI SONDRIO SOCIETA' PER AZIONI,Italy,0.6610,0.0000,0.0000,,16,France|Germany|United Kingdom,ja
2025-06-30,213800A1O379I6DMCU10,APS BANK P.L.C.,Malta,J4CP7MHCXR8DAQMKIL78,MEDIOBANCA - BANCA DI CREDITO FINANZIARIO S.P.A.,Italy,0.4750,0.0000,0.0000,,21,France|United Kingdom|Netherlands,ja
2025-06-30,213800A1O379I6DMCU10,APS BANK P.L.C.,Malta,M6AD1Y1KW32H8THQ6F76,Piraeus Financial Holdings,Greece,0.3908,0.0000,0.0000,,15,France|United Kingdom|Germany,ja
2025-06-30,213800A1O379I6DMCU10,APS BANK P.L.C.,Malta,MLU0ZO3ML4LN2LL2TL39,HSBC Continental Europe,France,0.4739,0.0000,0.0000,,22,Germany|Netherlands|Luxembourg,ja
2025-06-30,213800A1O379I6DMCU10,APS BANK P.L.C.,Malta,N747OI7JINV7RUUH6190,BPER Banca S.p.A.,Italy,0.6820,0.0000,0.0000,,22,France|Germany|Netherlands,ja
2025-06-30,213800A1O379I6DMCU10,APS BANK P.L.C.,Malta,NNVPP80YIZGEY2314M97,ICCREA BANCA S.P.A. - ISTITUTO CENTRALE DEL CREDITO COOPERATIVO (IN FORMA ABBREVIATA: ICCREA BANCA S.P.A.),Italy,0.6178,0.0000,0.0000,,14,France|Germany|Netherlands,ja
2025-06-30,213800A1O379I6DMCU10,APS BANK P.L.C.,Malta,O2RNE8IBXP4R0TD8PU41,Société générale S.A.,France,0.4591,0.0000,0.0000,,14,Germany|United Kingdom|Netherlands,ja
2025-06-30,213800A1O379I6DMCU10,APS BANK P.L.C.,Malta,P4GTT6GF1W40CVIMFR43,Powszechna Kasa Oszczednosci Bank Polski S.A.,Poland,0.5082,0.0000,0.0000,,20,Germany|Netherlands|Luxembourg,ja
2025-06-30,213800A1O379I6DMCU10,APS BANK P.L.C.,Malta,QLPCKOOKVX32FUELX240,Bank Polska Kasa Opieki S.A.,Poland,0.4081,0.0000,0.0000,,22,United Kingdom|Germany|Luxembourg,ja
2025-06-30,213800A1O379I6DMCU10,APS BANK P.L.C.,Malta,R0MUWSFPU8MPRO8K5P83,BNP Paribas,France,0.4037,0.0000,0.0000,,22,Belgium|United Kingdom|Germany,ja
2025-06-30,213800A1O379I6DMCU10,APS BANK P.L.C.,Malta,R7CQUF1DQM73HUTV1078,"Banque et Caisse d´Epargne de l´Etat, Luxembourg",Luxembourg,0.5667,0.0000,0.0000,,14,France|Germany|Netherlands,ja
2025-06-30,213800A1O379I6DMCU10,APS BANK P.L.C.,Malta,TUKDD90GPC79G1KOE162,Hamburg Commercial Bank AG,Germany,0.3822,0.0000,0.0000,,15,United Kingdom|Netherlands|Luxembourg,ja
2025-06-30,213800A1O379I6DMCU10,APS BANK P.L.C.,Malta,VDYMYTQGZZ6DU0912C88,Bayerische Landesbank,Germany,0.5501,0.0000,0.0000,,22,France|United Kingdom|Netherlands,ja
2025-06-30,213800DBQIB6VBNU5C64,Alpha Bank S.A.,Greece,254900RNFMDM0P11YR84,Atlantic Lux HoldCo S.à r.l.,Luxembourg,0.3186,0.0000,0.0000,,5,United Kingdom|France|Netherlands,ja
2025-06-30,213800DBQIB6VBNU5C64,Alpha Bank S.A.,Greece,529900RWC8ZYB066JF16,Bank of Valletta Plc,Malta,0.4732,0.0000,0.0000,,7,United Kingdom|France|Netherlands,ja
2025-06-30,213800DBQIB6VBNU5C64,Alpha Bank S.A.,Greece,549300IQZVZ949N37S44,Euroclear Holding,Belgium,0.3654,0.0000,0.0000,,6,United Kingdom|France|Netherlands,ja
2025-06-30,213800DBQIB6VBNU5C64,Alpha Bank S.A.,Greece,549300L7YCATGO57ZE10,FINECOBANK BANCA FINECO S.P.A. (IN BREVE FINECOBANK S.P.A. OVVERO BANCA FINECO S.P.A. OVVERO FINECO BANCA S.P.A.),Italy,0.3026,0.0000,0.0000,,7,United Kingdom|Ireland|Netherlands,ja
2025-06-30,213800DBQIB6VBNU5C64,Alpha Bank S.A.,Greece,635400AKJBGNS5WNQL34,AIB Group plc,Ireland,0.4325,0.0000,0.0000,,6,United Kingdom|France|Netherlands,ja
2025-06-30,213800DBQIB6VBNU5C64,Alpha Bank S.A.,Greece,635400C8EK6DRI12LJ39,Bank of Ireland Group plc,Ireland,0.3705,0.0000,0.0000,,6,United Kingdom|France|Germany,ja
2025-06-30,213800DBQIB6VBNU5C64,Alpha Bank S.A.,Greece,635400L14KNHZXPUZM19,Bank of Cyprus Holdings Public Limited Company,Ireland,0.3546,0.0000,0.0000,,6,Cyprus|France|United Kingdom,ja
2025-06-30,213800DBQIB6VBNU5C64,Alpha Bank S.A.,Greece,815600E4E6DCD2D25E30,BANCO BPM SOCIETA' PER AZIONI,Italy,0.3549,0.0000,0.0000,,7,United Kingdom|Netherlands|France,ja
2025-06-30,213800DBQIB6VBNU5C64,Alpha Bank S.A.,Greece,95980020140005881190,Banco de Crédito Social Cooperativo,Spain,0.3491,0.0000,0.0000,,7,United Kingdom|Ireland|Netherlands,ja
2025-06-30,213800DBQIB6VBNU5C64,Alpha Bank S.A.,Greece,969500TJ5KRTCJQWXH05,CRÉDIT AGRICOLE AUTO BANK S.P.A.,Italy,0.3707,0.0000,0.0000,,6,United Kingdom|France|Netherlands,ja
2025-06-30,213800DBQIB6VBNU5C64,Alpha Bank S.A.,Greece,A5GWLFH3KM7YV2SFQL84,Belfius Bank,Belgium,0.4296,0.0000,0.0000,,7,United Kingdom|Netherlands|France,ja
2025-06-30,213800DBQIB6VBNU5C64,Alpha Bank S.A.,Greece,BFXS5XCH7N0Y05NIXW11,ABN AMRO Bank N.V.,Netherlands,0.3709,0.0000,0.0000,,6,United Kingdom|France|Germany,ja
2025-06-30,213800DBQIB6VBNU5C64,Alpha Bank S.A.,Greece,J48C8PCSJVUBR8KCW529,BANCA POPOLARE DI SONDRIO SOCIETA' PER AZIONI,Italy,0.4102,0.0000,0.0000,,7,United Kingdom|Netherlands|France,ja
2025-06-30,213800DBQIB6VBNU5C64,Alpha Bank S.A.,Greece,J4CP7MHCXR8DAQMKIL78,MEDIOBANCA - BANCA DI CREDITO FINANZIARIO S.P.A.,Italy,0.3770,0.0000,0.0000,,7,United Kingdom|Netherlands|France,ja
2025-06-30,213800DBQIB6VBNU5C64,Alpha Bank S.A.,Greece,M6AD1Y1KW32H8THQ6F76,Piraeus Financial Holdings,Greece,0.7023,0.0000,0.0000,,7,United Kingdom|Cyprus|Romania,nein
2025-06-30,213800DBQIB6VBNU5C64,Alpha Bank S.A.,Greece,NHBDILHZTYCNBV5UYZ31,Svenska Handelsbanken - gruppen,Sweden,0.3883,0.0000,0.0000,,7,United Kingdom|Netherlands|France,ja
2025-06-30,213800DBQIB6VBNU5C64,Alpha Bank S.A.,Greece,O2RNE8IBXP4R0TD8PU41,Société générale S.A.,France,0.4170,0.0000,0.0000,,6,United Kingdom|Romania|Netherlands,ja
2025-06-30,213800DBQIB6VBNU5C64,Alpha Bank S.A.,Greece,SI5RG2M0WQQLZCXKRM20,"Banco de Sabadell, S.A.",Spain,0.3944,0.0000,0.0000,,7,United Kingdom|France|Netherlands,ja
2025-06-30,213800DBQIB6VBNU5C64,Alpha Bank S.A.,Greece,VDYMYTQGZZ6DU0912C88,Bayerische Landesbank,Germany,0.3920,0.0000,0.0000,,6,United Kingdom|Netherlands|France,ja
2025-06-30,213800LBQA1Y9L22JB70,Barclays Bank Ireland plc,Ireland,254900RNFMDM0P11YR84,Atlantic Lux HoldCo S.à r.l.,Luxembourg,0.6829,0.0005,0.0065,0.0767,22,Germany|France|United States,ja
2025-06-30,213800LBQA1Y9L22JB70,Barclays Bank Ireland plc,Ireland,2W8N8UU78PMDQKZENC08,Intesa Sanpaolo S.p.A.,Italy,0.4417,0.0041,0.0065,0.6331,52,United States|France|Luxembourg,ja
2025-06-30,213800LBQA1Y9L22JB70,Barclays Bank Ireland plc,Ireland,3H0Q3U74FVFED2SHZT16,MBH bankcsoport,Hungary,0.3755,0.0004,0.0065,0.0662,42,United States|France|Germany,ja
2025-06-30,213800LBQA1Y9L22JB70,Barclays Bank Ireland plc,Ireland,5299003ONUYCE70HZ185,Banque Internationale à Luxembourg,Luxembourg,0.4893,0.0010,0.0065,0.1482,49,France|Germany|Spain,ja
2025-06-30,213800LBQA1Y9L22JB70,Barclays Bank Ireland plc,Ireland,5299007S3UH5RKUYDA52,DEUTSCHE APOTHEKER- UND ÄRZTEBANK EG,Germany,0.5814,0.0005,0.0018,0.2586,36,France|Luxembourg|United States,ja
2025-06-30,213800LBQA1Y9L22JB70,Barclays Bank Ireland plc,Ireland,529900HNOAA1KXQJUQ27,Bausparkasse Schwäbisch Hall Aktiengesellschaft - Bausparkasse der Volksbanken und Raiffeisenbanken,Germany,0.5508,0.0005,0.0023,0.2365,37,France|Luxembourg|Netherlands,ja
2025-06-30,213800LBQA1Y9L22JB70,Barclays Bank Ireland plc,Ireland,529900JZTYE3W7WQH904,HASPA Finanzholding,Germany,0.5612,0.0000,0.0000,,19,France|Luxembourg|United States,ja
2025-06-30,213800LBQA1Y9L22JB70,Barclays Bank Ireland plc,Ireland,529900RWC8ZYB066JF16,Bank of Valletta Plc,Malta,0.4227,0.0000,0.0017,0.0000,19,Germany|France|United Kingdom,ja
2025-06-30,213800LBQA1Y9L22JB70,Barclays Bank Ireland plc,Ireland,529900XSTAE561178282,Raiffeisenbankengruppe OÖ Verbund eGen,Austria,0.3151,0.0012,0.0065,0.1897,45,Germany|France|Luxembourg,ja
2025-06-30,213800LBQA1Y9L22JB70,Barclays Bank Ireland plc,Ireland,549300DYPOFMXOR7XM56,Crelan,Belgium,0.5925,0.0024,0.0065,0.3703,43,France|Germany|Luxembourg,ja
2025-06-30,213800LBQA1Y9L22JB70,Barclays Bank Ireland plc,Ireland,549300GKFG0RYRRQ1414,DNB BANK ASA,Norway,0.4016,0.0000,0.0000,0.0000,21,United States|Luxembourg|United Kingdom,ja
2025-06-30,213800LBQA1Y9L22JB70,Barclays Bank Ireland plc,Ireland,549300IQZVZ949N37S44,Euroclear Holding,Belgium,0.4567,0.0001,0.0065,0.0181,35,France|United States|Spain,ja
2025-06-30,213800LBQA1Y9L22JB70,Barclays Bank Ireland plc,Ireland,549300L7YCATGO57ZE10,FINECOBANK BANCA FINECO S.P.A. (IN BREVE FINECOBANK S.P.A. OVVERO BANCA FINECO S.P.A. OVVERO FINECO BANCA S.P.A.),Italy,0.6167,0.0036,0.0065,0.5470,51,France|Germany|United States,ja
2025-06-30,213800LBQA1Y9L22JB70,Barclays Bank Ireland plc,Ireland,549300NYKK9MWM7GGW15,ING Groep N.V.,Netherlands,0.4966,0.0039,0.0065,0.6005,53,Germany|United States|Luxembourg,ja
2025-06-30,213800LBQA1Y9L22JB70,Barclays Bank Ireland plc,Ireland,549300TRUWO2CD2G5692,"UNICREDIT, SOCIETA' PER AZIONI",Italy,0.3535,0.0021,0.0065,0.3263,52,Germany|United Kingdom|France,ja
2025-06-30,213800LBQA1Y9L22JB70,Barclays Bank Ireland plc,Ireland,635400AKJBGNS5WNQL34,AIB Group plc,Ireland,0.3741,0.0034,0.0065,0.5169,51,United States|United Kingdom|France,nein
2025-06-30,213800LBQA1Y9L22JB70,Barclays Bank Ireland plc,Ireland,6SHGI4ZSSLCXXQSBB395,Citibank Europe plc,Ireland,0.6106,0.0047,0.0065,0.7135,54,France|Germany|Netherlands,nein
2025-06-30,213800LBQA1Y9L22JB70,Barclays Bank Ireland plc,Ireland,724500A1FNICHSDF2I11,ASN Bank N.V.,Netherlands,0.6216,0.0000,0.0000,,13,France|Germany|Luxembourg,ja
2025-06-30,213800LBQA1Y9L22JB70,Barclays Bank Ireland plc,Ireland,724500JIWG886A9RRT57,RBS Holdings N.V.,Netherlands,0.6192,0.0000,0.0000,,13,France|Germany|Spain,ja
2025-06-30,213800LBQA1Y9L22JB70,Barclays Bank Ireland plc,Ireland,7437003B5WFBOIEFY714,OP Osuuskunta,Finland,0.4260,0.0000,0.0000,,14,France|Germany|Netherlands,ja
2025-06-30,213800LBQA1Y9L22JB70,Barclays Bank Ireland plc,Ireland,7CUNS533WID6K7DGFI87,"CaixaBank, S.A.",Spain,0.4789,0.0033,0.0065,0.5002,53,Germany|France|United States,ja
2025-06-30,213800LBQA1Y9L22JB70,Barclays Bank Ireland plc,Ireland,7LTWFZYICNSX8D621K86,DEUTSCHE BANK AKTIENGESELLSCHAFT,Germany,0.4548,0.0054,0.0065,0.8309,42,United States|Luxembourg|Italy,ja
2025-06-30,213800LBQA1Y9L22JB70,Barclays Bank Ireland plc,Ireland,815600AD83B2B6317788,CREDITO EMILIANO HOLDING SOCIETA' PER AZIONI,Italy,0.6563,0.0000,0.0045,0.0018,23,France|United States|Netherlands,ja
2025-06-30,213800LBQA1Y9L22JB70,Barclays Bank Ireland plc,Ireland,815600E4E6DCD2D25E30,BANCO BPM SOCIETA' PER AZIONI,Italy,0.6204,0.0000,0.0000,0.0000,21,France|Germany|Luxembourg,ja
2025-06-30,213800LBQA1Y9L22JB70,Barclays Bank Ireland plc,Ireland,95980020140005881190,Banco de Crédito Social Cooperativo,Spain,0.5959,0.0000,0.0000,,19,Germany|Luxembourg|France,ja
2025-06-30,213800LBQA1Y9L22JB70,Barclays Bank Ireland plc,Ireland,9695000CG7B84NLR5984,Caisse fédérale de crédit mutuel,France,0.4852,0.0000,0.0000,,20,Germany|Luxembourg|Netherlands,ja
2025-06-30,213800LBQA1Y9L22JB70,Barclays Bank Ireland plc,Ireland,9695005MSX1OYEMGDF46,Natixis,France,0.4113,0.0044,0.0065,0.6656,52,Luxembourg|United States|United Kingdom,ja
2025-06-30,213800LBQA1Y9L22JB70,Barclays Bank Ireland plc,Ireland,969500F7JLTX36OUI695,RCI Banque,France,0.4307,0.0001,0.0065,0.0147,20,Germany|Italy|Spain,ja
2025-06-30,213800LBQA1Y9L22JB70,Barclays Bank Ireland plc,Ireland,969500TJ5KRTCJQWXH05,CRÉDIT AGRICOLE AUTO BANK S.P.A.,Italy,0.5697,0.0008,0.0065,0.1223,20,Germany|France|Spain,ja
2025-06-30,213800LBQA1Y9L22JB70,Barclays Bank Ireland plc,Ireland,A5GWLFH3KM7YV2SFQL84,Belfius Bank,Belgium,0.6408,0.0002,0.0065,0.0253,30,France|Luxembourg|Netherlands,ja
2025-06-30,213800LBQA1Y9L22JB70,Barclays Bank Ireland plc,Ireland,BFXS5XCH7N0Y05NIXW11,ABN AMRO Bank N.V.,Netherlands,0.6211,0.0000,0.0000,,21,France|Germany|Luxembourg,ja
2025-06-30,213800LBQA1Y9L22JB70,Barclays Bank Ireland plc,Ireland,DIZES5CFO5K3I5R58746,Landesbank Hessen-Thüringen Girozentrale,Germany,0.5822,0.0030,0.0065,0.4570,51,France|United States|Luxembourg,ja
2025-06-30,213800LBQA1Y9L22JB70,Barclays Bank Ireland plc,Ireland,DZZ47B9A52ZJ6LT6VV95,Deutsche Pfandbriefbank AG,Germany,0.5696,0.0023,0.0058,0.3853,20,France|United States|Netherlands,ja
2025-06-30,213800LBQA1Y9L22JB70,Barclays Bank Ireland plc,Ireland,F3JS33DEI6XQ4ZBPTN86,Skandinaviska Enskilda Banken - gruppen,Sweden,0.3533,0.0052,0.0065,0.7893,52,Germany|United Kingdom|Luxembourg,ja
2025-06-30,213800LBQA1Y9L22JB70,Barclays Bank Ireland plc,Ireland,FR9695005MSX1OYEMGDF,Groupe BPCE,France,0.4713,0.0046,0.0065,0.7109,53,Luxembourg|United States|Germany,ja
2025-06-30,213800LBQA1Y9L22JB70,Barclays Bank Ireland plc,Ireland,J48C8PCSJVUBR8KCW529,BANCA POPOLARE DI SONDRIO SOCIETA' PER AZIONI,Italy,0.6627,0.0000,0.0039,0.0000,20,France|Germany|Luxembourg,ja
2025-06-30,213800LBQA1Y9L22JB70,Barclays Bank Ireland plc,Ireland,J4CP7MHCXR8DAQMKIL78,MEDIOBANCA - BANCA DI CREDITO FINANZIARIO S.P.A.,Italy,0.6105,0.0026,0.0065,0.3902,35,France|United States|Luxembourg,ja
2025-06-30,213800LBQA1Y9L22JB70,Barclays Bank Ireland plc,Ireland,M6AD1Y1KW32H8THQ6F76,Piraeus Financial Holdings,Greece,0.3663,0.0000,0.0000,,19,France|United Kingdom|Germany,ja
2025-06-30,213800LBQA1Y9L22JB70,Barclays Bank Ireland plc,Ireland,MLU0ZO3ML4LN2LL2TL39,HSBC Continental Europe,France,0.6223,0.0036,0.0065,0.5463,53,Germany|Luxembourg|Netherlands,ja
2025-06-30,213800LBQA1Y9L22JB70,Barclays Bank Ireland plc,Ireland,N747OI7JINV7RUUH6190,BPER Banca S.p.A.,Italy,0.6575,0.0035,0.0065,0.5374,51,France|Germany|Netherlands,ja
2025-06-30,213800LBQA1Y9L22JB70,Barclays Bank Ireland plc,Ireland,NNVPP80YIZGEY2314M97,ICCREA BANCA S.P.A. - ISTITUTO CENTRALE DEL CREDITO COOPERATIVO (IN FORMA ABBREVIATA: ICCREA BANCA S.P.A.),Italy,0.5025,0.0000,0.0000,,16,France|Germany|Netherlands,ja
2025-06-30,213800LBQA1Y9L22JB70,Barclays Bank Ireland plc,Ireland,O2RNE8IBXP4R0TD8PU41,Société générale S.A.,France,0.4498,0.0000,0.0000,,16,Germany|Luxembourg|Netherlands,ja
2025-06-30,213800LBQA1Y9L22JB70,Barclays Bank Ireland plc,Ireland,P4GTT6GF1W40CVIMFR43,Powszechna Kasa Oszczednosci Bank Polski S.A.,Poland,0.4787,0.0000,0.0065,0.0071,27,Germany|Netherlands|Luxembourg,ja
2025-06-30,213800LBQA1Y9L22JB70,Barclays Bank Ireland plc,Ireland,QLPCKOOKVX32FUELX240,Bank Polska Kasa Opieki S.A.,Poland,0.4449,0.0009,0.0065,0.1437,48,Luxembourg|Germany|United Kingdom,ja
2025-06-30,213800LBQA1Y9L22JB70,Barclays Bank Ireland plc,Ireland,R0MUWSFPU8MPRO8K5P83,BNP Paribas,France,0.3518,0.0008,0.0011,0.7325,37,Germany|Luxembourg|United Kingdom,ja
2025-06-30,213800LBQA1Y9L22JB70,Barclays Bank Ireland plc,Ireland,R7CQUF1DQM73HUTV1078,"Banque et Caisse d´Epargne de l´Etat, Luxembourg",Luxembourg,0.5070,0.0000,0.0051,0.0000,18,France|Germany|Netherlands,ja
2025-06-30,213800LBQA1Y9L22JB70,Barclays Bank Ireland plc,Ireland,TUKDD90GPC79G1KOE162,Hamburg Commercial Bank AG,Germany,0.5602,0.0041,0.0065,0.6238,29,Luxembourg|United States|Netherlands,ja
2025-06-30,213800LBQA1Y9L22JB70,Barclays Bank Ireland plc,Ireland,VDYMYTQGZZ6DU0912C88,Bayerische Landesbank,Germany,0.4998,0.0002,0.0019,0.0893,52,France|Luxembourg|Netherlands,ja
2025-06-30,254900RNFMDM0P11YR84,Atlantic Lux HoldCo S.à r.l.,Luxembourg,2W8N8UU78PMDQKZENC08,Intesa Sanpaolo S.p.A.,Italy,0.4012,0.0006,0.0121,0.0526,23,United States|France|United Kingdom,ja
2025-06-30,254900RNFMDM0P11YR84,Atlantic Lux HoldCo S.à r.l.,Luxembourg,3H0Q3U74FVFED2SHZT16,MBH bankcsoport,Hungary,0.4501,0.0000,0.0121,0.0003,22,United States|France|Germany,ja
2025-06-30,254900RNFMDM0P11YR84,Atlantic Lux HoldCo S.à r.l.,Luxembourg,5299003ONUYCE70HZ185,Banque Internationale à Luxembourg,Luxembourg,0.4369,0.0003,0.0121,0.0225,23,France|Germany|Spain,nein
2025-06-30,254900RNFMDM0P11YR84,Atlantic Lux HoldCo S.à r.l.,Luxembourg,5299007S3UH5RKUYDA52,DEUTSCHE APOTHEKER- UND ÄRZTEBANK EG,Germany,0.4368,0.0000,0.0018,0.0163,22,France|United States|Netherlands,ja
2025-06-30,254900RNFMDM0P11YR84,Atlantic Lux HoldCo S.à r.l.,Luxembourg,529900HNOAA1KXQJUQ27,Bausparkasse Schwäbisch Hall Aktiengesellschaft - Bausparkasse der Volksbanken und Raiffeisenbanken,Germany,0.3925,0.0006,0.0023,0.2773,22,France|United Kingdom|Netherlands,ja
2025-06-30,254900RNFMDM0P11YR84,Atlantic Lux HoldCo S.à r.l.,Luxembourg,529900JZTYE3W7WQH904,HASPA Finanzholding,Germany,0.4143,0.0000,0.0000,,12,United States|France|Netherlands,ja
2025-06-30,254900RNFMDM0P11YR84,Atlantic Lux HoldCo S.à r.l.,Luxembourg,529900RWC8ZYB066JF16,Bank of Valletta Plc,Malta,0.4984,0.0000,0.0017,0.0000,12,United Kingdom|Germany|France,ja
2025-06-30,254900RNFMDM0P11YR84,Atlantic Lux HoldCo S.à r.l.,Luxembourg,529900XSTAE561178282,Raiffeisenbankengruppe OÖ Verbund eGen,Austria,0.3133,0.0000,0.0078,0.0008,22,Germany|Poland|France,ja
2025-06-30,254900RNFMDM0P11YR84,Atlantic Lux HoldCo S.à r.l.,Luxembourg,549300DYPOFMXOR7XM56,Crelan,Belgium,0.3747,0.0000,0.0121,0.0000,21,Germany|France|Netherlands,ja
2025-06-30,254900RNFMDM0P11YR84,Atlantic Lux HoldCo S.à r.l.,Luxembourg,549300GKFG0RYRRQ1414,DNB BANK ASA,Norway,0.4640,0.0000,0.0000,0.0000,14,United States|United Kingdom|Germany,ja
2025-06-30,254900RNFMDM0P11YR84,Atlantic Lux HoldCo S.à r.l.,Luxembourg,549300IQZVZ949N37S44,Euroclear Holding,Belgium,0.5204,0.0000,0.0121,0.0000,18,United Kingdom|France|United States,ja
2025-06-30,254900RNFMDM0P11YR84,Atlantic Lux HoldCo S.à r.l.,Luxembourg,549300L7YCATGO57ZE10,FINECOBANK BANCA FINECO S.P.A. (IN BREVE FINECOBANK S.P.A. OVVERO BANCA FINECO S.P.A. OVVERO FINECO BANCA S.P.A.),Italy,0.5956,0.0004,0.0106,0.0399,23,United States|Germany|France,ja
2025-06-30,254900RNFMDM0P11YR84,Atlantic Lux HoldCo S.à r.l.,Luxembourg,549300NYKK9MWM7GGW15,ING Groep N.V.,Netherlands,0.4904,0.0006,0.0121,0.0517,24,Germany|United States|Poland,ja
2025-06-30,254900RNFMDM0P11YR84,Atlantic Lux HoldCo S.à r.l.,Luxembourg,549300TRUWO2CD2G5692,"UNICREDIT, SOCIETA' PER AZIONI",Italy,0.3195,0.0002,0.0121,0.0167,24,Germany|United Kingdom|France,ja
2025-06-30,254900RNFMDM0P11YR84,Atlantic Lux HoldCo S.à r.l.,Luxembourg,635400AKJBGNS5WNQL34,AIB Group plc,Ireland,0.5277,0.0004,0.0121,0.0312,23,United States|United Kingdom|France,ja
2025-06-30,254900RNFMDM0P11YR84,Atlantic Lux HoldCo S.à r.l.,Luxembourg,6SHGI4ZSSLCXXQSBB395,Citibank Europe plc,Ireland,0.6406,0.0005,0.0121,0.0372,23,France|Germany|United Kingdom,ja
2025-06-30,254900RNFMDM0P11YR84,Atlantic Lux HoldCo S.à r.l.,Luxembourg,724500A1FNICHSDF2I11,ASN Bank N.V.,Netherlands,0.4508,0.0000,0.0000,,12,Germany|France|United Kingdom,ja
2025-06-30,254900RNFMDM0P11YR84,Atlantic Lux HoldCo S.à r.l.,Luxembourg,724500JIWG886A9RRT57,RBS Holdings N.V.,Netherlands,0.4980,0.0000,0.0000,,13,Germany|France|Spain,ja
2025-06-30,254900RNFMDM0P11YR84,Atlantic Lux HoldCo S.à r.l.,Luxembourg,7437003B5WFBOIEFY714,OP Osuuskunta,Finland,0.3567,0.0000,0.0000,,9,Germany|France|Netherlands,ja
2025-06-30,254900RNFMDM0P11YR84,Atlantic Lux HoldCo S.à r.l.,Luxembourg,7CUNS533WID6K7DGFI87,"CaixaBank, S.A.",Spain,0.4793,0.0008,0.0121,0.0659,24,Germany|United Kingdom|France,ja
2025-06-30,254900RNFMDM0P11YR84,Atlantic Lux HoldCo S.à r.l.,Luxembourg,7LTWFZYICNSX8D621K86,DEUTSCHE BANK AKTIENGESELLSCHAFT,Germany,0.4457,0.0011,0.0121,0.0942,21,United States|United Kingdom|Italy,ja
2025-06-30,254900RNFMDM0P11YR84,Atlantic Lux HoldCo S.à r.l.,Luxembourg,815600AD83B2B6317788,CREDITO EMILIANO HOLDING SOCIETA' PER AZIONI,Italy,0.5930,0.0000,0.0045,0.0000,16,United States|France|United Kingdom,ja
2025-06-30,254900RNFMDM0P11YR84,Atlantic Lux HoldCo S.à r.l.,Luxembourg,815600E4E6DCD2D25E30,BANCO BPM SOCIETA' PER AZIONI,Italy,0.5325,0.0000,0.0000,0.0000,12,United Kingdom|Germany|France,ja
2025-06-30,254900RNFMDM0P11YR84,Atlantic Lux HoldCo S.à r.l.,Luxembourg,95980020140005881190,Banco de Crédito Social Cooperativo,Spain,0.4974,0.0000,0.0000,,12,Germany|United Kingdom|France,ja
2025-06-30,254900RNFMDM0P11YR84,Atlantic Lux HoldCo S.à r.l.,Luxembourg,9695000CG7B84NLR5984,Caisse fédérale de crédit mutuel,France,0.3826,0.0000,0.0000,,11,Germany|United Kingdom|Netherlands,ja
2025-06-30,254900RNFMDM0P11YR84,Atlantic Lux HoldCo S.à r.l.,Luxembourg,9695005MSX1OYEMGDF46,Natixis,France,0.3615,0.0006,0.0121,0.0472,24,United States|United Kingdom|Germany,ja
2025-06-30,254900RNFMDM0P11YR84,Atlantic Lux HoldCo S.à r.l.,Luxembourg,969500F7JLTX36OUI695,RCI Banque,France,0.5063,0.0000,0.0121,0.0000,15,United Kingdom|Germany|Spain,ja
2025-06-30,254900RNFMDM0P11YR84,Atlantic Lux HoldCo S.à r.l.,Luxembourg,969500TJ5KRTCJQWXH05,CRÉDIT AGRICOLE AUTO BANK S.P.A.,Italy,0.6374,0.0000,0.0121,0.0000,18,United Kingdom|Germany|France,ja
2025-06-30,254900RNFMDM0P11YR84,Atlantic Lux HoldCo S.à r.l.,Luxembourg,A5GWLFH3KM7YV2SFQL84,Belfius Bank,Belgium,0.5952,0.0008,0.0091,0.0890,22,United Kingdom|France|Netherlands,ja
2025-06-30,254900RNFMDM0P11YR84,Atlantic Lux HoldCo S.à r.l.,Luxembourg,BFXS5XCH7N0Y05NIXW11,ABN AMRO Bank N.V.,Netherlands,0.5241,0.0000,0.0000,,12,United Kingdom|Germany|France,ja
2025-06-30,254900RNFMDM0P11YR84,Atlantic Lux HoldCo S.à r.l.,Luxembourg,DIZES5CFO5K3I5R58746,Landesbank Hessen-Thüringen Girozentrale,Germany,0.6920,0.0011,0.0121,0.0875,23,United States|United Kingdom|France,ja
2025-06-30,254900RNFMDM0P11YR84,Atlantic Lux HoldCo S.à r.l.,Luxembourg,DZZ47B9A52ZJ6LT6VV95,Deutsche Pfandbriefbank AG,Germany,0.6601,0.0003,0.0058,0.0575,16,United States|France|United Kingdom,ja
2025-06-30,254900RNFMDM0P11YR84,Atlantic Lux HoldCo S.à r.l.,Luxembourg,F3JS33DEI6XQ4ZBPTN86,Skandinaviska Enskilda Banken - gruppen,Sweden,0.3041,0.0004,0.0121,0.0308,24,Germany|United Kingdom|United States,ja
2025-06-30,254900RNFMDM0P11YR84,Atlantic Lux HoldCo S.à r.l.,Luxembourg,FR9695005MSX1OYEMGDF,Groupe BPCE,France,0.4060,0.0005,0.0121,0.0452,24,United States|Germany|United Kingdom,ja
2025-06-30,254900RNFMDM0P11YR84,Atlantic Lux HoldCo S.à r.l.,Luxembourg,J48C8PCSJVUBR8KCW529,BANCA POPOLARE DI SONDRIO SOCIETA' PER AZIONI,Italy,0.5503,0.0000,0.0039,0.0000,12,United Kingdom|Germany|France,ja
2025-06-30,254900RNFMDM0P11YR84,Atlantic Lux HoldCo S.à r.l.,Luxembourg,J4CP7MHCXR8DAQMKIL78,MEDIOBANCA - BANCA DI CREDITO FINANZIARIO S.P.A.,Italy,0.5897,0.0000,0.0121,0.0000,20,United Kingdom|France|United States,ja
2025-06-30,254900RNFMDM0P11YR84,Atlantic Lux HoldCo S.à r.l.,Luxembourg,M6AD1Y1KW32H8THQ6F76,Piraeus Financial Holdings,Greece,0.4069,0.0000,0.0000,,12,United Kingdom|France|Germany,ja
2025-06-30,254900RNFMDM0P11YR84,Atlantic Lux HoldCo S.à r.l.,Luxembourg,MLU0ZO3ML4LN2LL2TL39,HSBC Continental Europe,France,0.4940,0.0004,0.0121,0.0290,23,Germany|United States|Netherlands,ja
2025-06-30,254900RNFMDM0P11YR84,Atlantic Lux HoldCo S.à r.l.,Luxembourg,N747OI7JINV7RUUH6190,BPER Banca S.p.A.,Italy,0.5162,0.0005,0.0121,0.0429,23,France|Germany|United States,ja
2025-06-30,254900RNFMDM0P11YR84,Atlantic Lux HoldCo S.à r.l.,Luxembourg,NNVPP80YIZGEY2314M97,ICCREA BANCA S.P.A. - ISTITUTO CENTRALE DEL CREDITO COOPERATIVO (IN FORMA ABBREVIATA: ICCREA BANCA S.P.A.),Italy,0.3499,0.0000,0.0000,,10,Germany|France|Netherlands,ja
2025-06-30,254900RNFMDM0P11YR84,Atlantic Lux HoldCo S.à r.l.,Luxembourg,O2RNE8IBXP4R0TD8PU41,Société générale S.A.,France,0.3967,0.0000,0.0000,,10,United Kingdom|Germany|Netherlands,ja
2025-06-30,254900RNFMDM0P11YR84,Atlantic Lux HoldCo S.à r.l.,Luxembourg,P4GTT6GF1W40CVIMFR43,Powszechna Kasa Oszczednosci Bank Polski S.A.,Poland,0.3573,0.0000,0.0121,0.0000,18,Germany|Netherlands|France,ja
2025-06-30,254900RNFMDM0P11YR84,Atlantic Lux HoldCo S.à r.l.,Luxembourg,QLPCKOOKVX32FUELX240,Bank Polska Kasa Opieki S.A.,Poland,0.4020,0.0000,0.0121,0.0000,22,United Kingdom|Germany|Netherlands,ja
2025-06-30,254900RNFMDM0P11YR84,Atlantic Lux HoldCo S.à r.l.,Luxembourg,R0MUWSFPU8MPRO8K5P83,BNP Paribas,France,0.4228,0.0000,0.0011,0.0000,21,United Kingdom|Germany|Poland,ja
2025-06-30,254900RNFMDM0P11YR84,Atlantic Lux HoldCo S.à r.l.,Luxembourg,R7CQUF1DQM73HUTV1078,"Banque et Caisse d´Epargne de l´Etat, Luxembourg",Luxembourg,0.3862,0.0000,0.0051,0.0000,11,Germany|France|Netherlands,nein
2025-06-30,254900RNFMDM0P11YR84,Atlantic Lux HoldCo S.à r.l.,Luxembourg,TUKDD90GPC79G1KOE162,Hamburg Commercial Bank AG,Germany,0.4790,0.0004,0.0121,0.0328,20,United States|United Kingdom|Netherlands,ja
2025-06-30,254900RNFMDM0P11YR84,Atlantic Lux HoldCo S.à r.l.,Luxembourg,VDYMYTQGZZ6DU0912C88,Bayerische Landesbank,Germany,0.4078,0.0000,0.0019,0.0223,24,United Kingdom|France|Netherlands,ja
2025-06-30,2W8N8UU78PMDQKZENC08,Intesa Sanpaolo S.p.A.,Italy,315700E9POA724IWFP59,J&amp;T FINANCE GROUP SE,Czech,0.3994,0.0000,0.0000,1.0000,35,Slovakia|Luxembourg|Germany,ja
2025-06-30,2W8N8UU78PMDQKZENC08,Intesa Sanpaolo S.p.A.,Italy,3H0Q3U74FVFED2SHZT16,MBH bankcsoport,Hungary,0.4321,0.0381,0.0645,0.5905,82,United States|Croatia|France,ja
2025-06-30,2W8N8UU78PMDQKZENC08,Intesa Sanpaolo S.p.A.,Italy,5299003ONUYCE70HZ185,Banque Internationale à Luxembourg,Luxembourg,0.3320,0.0091,0.0668,0.1357,80,France|Spain|Germany,ja
2025-06-30,2W8N8UU78PMDQKZENC08,Intesa Sanpaolo S.p.A.,Italy,5299007S3UH5RKUYDA52,DEUTSCHE APOTHEKER- UND ÄRZTEBANK EG,Germany,0.3596,0.0013,0.0018,0.7101,54,United States|France|Luxembourg,ja
2025-06-30,2W8N8UU78PMDQKZENC08,Intesa Sanpaolo S.p.A.,Italy,529900HNOAA1KXQJUQ27,Bausparkasse Schwäbisch Hall Aktiengesellschaft - Bausparkasse der Volksbanken und Raiffeisenbanken,Germany,0.3107,0.0013,0.0023,0.5516,51,France|Luxembourg|United Kingdom,ja
2025-06-30,2W8N8UU78PMDQKZENC08,Intesa Sanpaolo S.p.A.,Italy,549300GKFG0RYRRQ1414,DNB BANK ASA,Norway,0.3316,0.0000,0.0000,1.0000,27,United States|Luxembourg|United Kingdom,ja
2025-06-30,2W8N8UU78PMDQKZENC08,Intesa Sanpaolo S.p.A.,Italy,549300L7YCATGO57ZE10,FINECOBANK BANCA FINECO S.P.A. (IN BREVE FINECOBANK S.P.A. OVVERO BANCA FINECO S.P.A. OVVERO FINECO BANCA S.P.A.),Italy,0.3718,0.0071,0.0106,0.6678,98,United States|France|United Kingdom,nein
2025-06-30,2W8N8UU78PMDQKZENC08,Intesa Sanpaolo S.p.A.,Italy,549300NYKK9MWM7GGW15,ING Groep N.V.,Netherlands,0.4125,0.0154,0.0442,0.3483,109,United States|Luxembourg|Spain,ja
2025-06-30,2W8N8UU78PMDQKZENC08,Intesa Sanpaolo S.p.A.,Italy,549300TRUWO2CD2G5692,"UNICREDIT, SOCIETA' PER AZIONI",Italy,0.3643,0.0205,0.0223,0.9166,101,United Kingdom|Germany|France,nein
2025-06-30,2W8N8UU78PMDQKZENC08,Intesa Sanpaolo S.p.A.,Italy,635400AKJBGNS5WNQL34,AIB Group plc,Ireland,0.3371,0.0022,0.0276,0.0807,79,United States|France|United Kingdom,ja
2025-06-30,2W8N8UU78PMDQKZENC08,Intesa Sanpaolo S.p.A.,Italy,6SHGI4ZSSLCXXQSBB395,Citibank Europe plc,Ireland,0.4581,0.0161,0.0621,0.2587,102,France|United Kingdom|United States,ja
2025-06-30,2W8N8UU78PMDQKZENC08,Intesa Sanpaolo S.p.A.,Italy,7CUNS533WID6K7DGFI87,"CaixaBank, S.A.",Spain,0.3940,0.0171,0.0581,0.2939,109,United States|France|United Kingdom,ja
2025-06-30,2W8N8UU78PMDQKZENC08,Intesa Sanpaolo S.p.A.,Italy,7LTWFZYICNSX8D621K86,DEUTSCHE BANK AKTIENGESELLSCHAFT,Germany,0.4363,0.0298,0.1028,0.2903,59,United States|Luxembourg|United Kingdom,ja
2025-06-30,2W8N8UU78PMDQKZENC08,Intesa Sanpaolo S.p.A.,Italy,815600AD83B2B6317788,CREDITO EMILIANO HOLDING SOCIETA' PER AZIONI,Italy,0.4231,0.0045,0.0045,1.0000,30,United States|France|Luxembourg,nein
2025-06-30,2W8N8UU78PMDQKZENC08,Intesa Sanpaolo S.p.A.,Italy,9695005MSX1OYEMGDF46,Natixis,France,0.3751,0.0189,0.0551,0.3425,105,United States|Luxembourg|United Kingdom,ja
2025-06-30,2W8N8UU78PMDQKZENC08,Intesa Sanpaolo S.p.A.,Italy,969500TJ5KRTCJQWXH05,CRÉDIT AGRICOLE AUTO BANK S.P.A.,Italy,0.3023,0.0012,0.0168,0.0739,27,France|United Kingdom|Spain,nein
2025-06-30,2W8N8UU78PMDQKZENC08,Intesa Sanpaolo S.p.A.,Italy,9ZHRYM6F437SQJ6OUG95,Raiffeisen Bank International AG,Austria,0.5471,0.0518,0.0958,0.5410,102,Slovakia|Croatia|Serbia,ja
2025-06-30,2W8N8UU78PMDQKZENC08,Intesa Sanpaolo S.p.A.,Italy,A5GWLFH3KM7YV2SFQL84,Belfius Bank,Belgium,0.4148,0.0003,0.0091,0.0334,36,France|Luxembourg|United States,ja
2025-06-30,2W8N8UU78PMDQKZENC08,Intesa Sanpaolo S.p.A.,Italy,DIZES5CFO5K3I5R58746,Landesbank Hessen-Thüringen Girozentrale,Germany,0.4528,0.0088,0.0195,0.4514,100,United States|France|Luxembourg,ja
2025-06-30,2W8N8UU78PMDQKZENC08,Intesa Sanpaolo S.p.A.,Italy,DZZ47B9A52ZJ6LT6VV95,Deutsche Pfandbriefbank AG,Germany,0.3782,0.0018,0.0058,0.3022,25,United States|France|United Kingdom,ja
2025-06-30,2W8N8UU78PMDQKZENC08,Intesa Sanpaolo S.p.A.,Italy,FR9695005MSX1OYEMGDF,Groupe BPCE,France,0.4101,0.0187,0.0520,0.3597,110,United States|Luxembourg|United Kingdom,ja
2025-06-30,2W8N8UU78PMDQKZENC08,Intesa Sanpaolo S.p.A.,Italy,J48C8PCSJVUBR8KCW529,BANCA POPOLARE DI SONDRIO SOCIETA' PER AZIONI,Italy,0.3502,0.0000,0.0039,0.0001,26,France|Luxembourg|United Kingdom,nein
2025-06-30,2W8N8UU78PMDQKZENC08,Intesa Sanpaolo S.p.A.,Italy,J4CP7MHCXR8DAQMKIL78,MEDIOBANCA - BANCA DI CREDITO FINANZIARIO S.P.A.,Italy,0.4573,0.0049,0.1028,0.0481,47,United States|France|Luxembourg,nein
2025-06-30,2W8N8UU78PMDQKZENC08,Intesa Sanpaolo S.p.A.,Italy,KFUXYFTU2LHQFQZDQG45,Kereskedelmi és Hitelbank csoport,Hungary,0.3412,0.0002,0.1028,0.0022,28,Slovakia|Luxembourg|United Kingdom,ja
2025-06-30,2W8N8UU78PMDQKZENC08,Intesa Sanpaolo S.p.A.,Italy,MLU0ZO3ML4LN2LL2TL39,HSBC Continental Europe,France,0.4037,0.0159,0.0357,0.4442,90,United States|Luxembourg|United Kingdom,ja
2025-06-30,2W8N8UU78PMDQKZENC08,Intesa Sanpaolo S.p.A.,Italy,N747OI7JINV7RUUH6190,BPER Banca S.p.A.,Italy,0.4292,0.0210,0.0617,0.3399,106,United States|France|Luxembourg,nein
2025-06-30,2W8N8UU78PMDQKZENC08,Intesa Sanpaolo S.p.A.,Italy,P4GTT6GF1W40CVIMFR43,Powszechna Kasa Oszczednosci Bank Polski S.A.,Poland,0.3480,0.0018,0.1028,0.0177,32,Luxembourg|France|Netherlands,ja
2025-06-30,2W8N8UU78PMDQKZENC08,Intesa Sanpaolo S.p.A.,Italy,QLPCKOOKVX32FUELX240,Bank Polska Kasa Opieki S.A.,Poland,0.4605,0.0043,0.0232,0.1837,94,Croatia|Luxembourg|United Kingdom,ja
2025-06-30,2W8N8UU78PMDQKZENC08,Intesa Sanpaolo S.p.A.,Italy,TUKDD90GPC79G1KOE162,Hamburg Commercial Bank AG,Germany,0.3940,0.0117,0.1028,0.1141,37,United States|Luxembourg|France,ja
2025-06-30,315700E9POA724IWFP59,J&amp;T FINANCE GROUP SE,Czech,9ZHRYM6F437SQJ6OUG95,Raiffeisen Bank International AG,Austria,0.6030,0.0000,0.0000,1.0000,35,Slovakia|Czechia|Germany,ja
2025-06-30,315700E9POA724IWFP59,J&amp;T FINANCE GROUP SE,Czech,KFUXYFTU2LHQFQZDQG45,Kereskedelmi és Hitelbank csoport,Hungary,0.5896,0.0000,0.0000,1.0000,22,Slovakia|Czechia|Luxembourg,ja
2025-06-30,315700E9POA724IWFP59,J&amp;T FINANCE GROUP SE,Czech,O2RNE8IBXP4R0TD8PU41,Société générale S.A.,France,0.3464,0.0000,0.0000,,20,Czechia|Luxembourg|Germany,ja
2025-06-30,315700E9POA724IWFP59,J&amp;T FINANCE GROUP SE,Czech,PQOH26KWDF7CG10L6792,"Česká spořitelna, a.s.",Czech,0.3703,0.0000,0.0000,1.0000,36,Czechia|Poland|Croatia,nein
2025-06-30,315700LT2QPI1YMTC764,MDB Group Limited,Malta,5299007S3UH5RKUYDA52,DEUTSCHE APOTHEKER- UND ÄRZTEBANK EG,Germany,0.3190,0.0000,0.0018,0.0000,21,Norway|Netherlands|Belgium,ja
2025-06-30,315700LT2QPI1YMTC764,MDB Group Limited,Malta,529900ODI3047E2LIV03,Nordea Bank Abp,Finland,0.3063,0.0043,0.0117,0.3705,24,Norway|United States|Sweden,ja
2025-06-30,315700LT2QPI1YMTC764,MDB Group Limited,Malta,7437003B5WFBOIEFY714,OP Osuuskunta,Finland,0.3185,0.0000,0.0000,,11,Norway|Germany|Netherlands,ja
2025-06-30,315700LT2QPI1YMTC764,MDB Group Limited,Malta,969500Q2PFTTP0Y5QL44,SFIL S.A.,France,0.3167,0.0000,0.0020,0.0000,9,Norway|Netherlands|Germany,ja
2025-06-30,315700LT2QPI1YMTC764,MDB Group Limited,Malta,NHBDILHZTYCNBV5UYZ31,Svenska Handelsbanken - gruppen,Sweden,0.5788,0.0009,0.0037,0.2352,24,Norway|Netherlands|United States,ja
2025-06-30,315700LT2QPI1YMTC764,MDB Group Limited,Malta,R7CQUF1DQM73HUTV1078,"Banque et Caisse d´Epargne de l´Etat, Luxembourg",Luxembourg,0.3497,0.0000,0.0051,0.0000,11,Netherlands|Norway|Belgium,ja
2025-06-30,3H0Q3U74FVFED2SHZT16,MBH bankcsoport,Hungary,5299007S3UH5RKUYDA52,DEUTSCHE APOTHEKER- UND ÄRZTEBANK EG,Germany,0.3395,0.0004,0.0018,0.2037,49,France|United States|Austria,ja
2025-06-30,3H0Q3U74FVFED2SHZT16,MBH bankcsoport,Hungary,529900JZTYE3W7WQH904,HASPA Finanzholding,Germany,0.4186,0.0000,0.0000,,20,United States|France|Netherlands,ja
2025-06-30,3H0Q3U74FVFED2SHZT16,MBH bankcsoport,Hungary,549300GKFG0RYRRQ1414,DNB BANK ASA,Norway,0.3063,0.0000,0.0000,0.0720,24,United States|Germany|Netherlands,ja
2025-06-30,3H0Q3U74FVFED2SHZT16,MBH bankcsoport,Hungary,549300L7YCATGO57ZE10,FINECOBANK BANCA FINECO S.P.A. (IN BREVE FINECOBANK S.P.A. OVVERO BANCA FINECO S.P.A. OVVERO FINECO BANCA S.P.A.),Italy,0.4581,0.0002,0.0106,0.0166,91,United States|France|Germany,ja
2025-06-30,3H0Q3U74FVFED2SHZT16,MBH bankcsoport,Hungary,549300TRUWO2CD2G5692,"UNICREDIT, SOCIETA' PER AZIONI",Italy,0.3064,0.0088,0.0223,0.3928,91,Germany|Austria|France,ja
2025-06-30,3H0Q3U74FVFED2SHZT16,MBH bankcsoport,Hungary,635400AKJBGNS5WNQL34,AIB Group plc,Ireland,0.3568,0.0001,0.0276,0.0022,65,United States|France|Netherlands,ja
2025-06-30,3H0Q3U74FVFED2SHZT16,MBH bankcsoport,Hungary,6SHGI4ZSSLCXXQSBB395,Citibank Europe plc,Ireland,0.3431,0.0010,0.0621,0.0166,91,France|Germany|Netherlands,ja
2025-06-30,3H0Q3U74FVFED2SHZT16,MBH bankcsoport,Hungary,7LTWFZYICNSX8D621K86,DEUTSCHE BANK AKTIENGESELLSCHAFT,Germany,0.3759,0.0016,0.0645,0.0244,49,United States|Netherlands|France,ja
2025-06-30,3H0Q3U74FVFED2SHZT16,MBH bankcsoport,Hungary,815600AD83B2B6317788,CREDITO EMILIANO HOLDING SOCIETA' PER AZIONI,Italy,0.4236,0.0013,0.0045,0.2818,28,United States|France|Netherlands,ja
2025-06-30,3H0Q3U74FVFED2SHZT16,MBH bankcsoport,Hungary,A5GWLFH3KM7YV2SFQL84,Belfius Bank,Belgium,0.3119,0.0000,0.0091,0.0004,32,France|United States|Netherlands,ja
2025-06-30,3H0Q3U74FVFED2SHZT16,MBH bankcsoport,Hungary,DIZES5CFO5K3I5R58746,Landesbank Hessen-Thüringen Girozentrale,Germany,0.4918,0.0005,0.0195,0.0265,89,United States|France|Netherlands,ja
2025-06-30,3H0Q3U74FVFED2SHZT16,MBH bankcsoport,Hungary,DZZ47B9A52ZJ6LT6VV95,Deutsche Pfandbriefbank AG,Germany,0.4518,0.0000,0.0058,0.0017,21,United States|France|Netherlands,ja
2025-06-30,3H0Q3U74FVFED2SHZT16,MBH bankcsoport,Hungary,J4CP7MHCXR8DAQMKIL78,MEDIOBANCA - BANCA DI CREDITO FINANZIARIO S.P.A.,Italy,0.3421,0.0003,0.0645,0.0052,39,France|United States|Germany,ja
2025-06-30,3H0Q3U74FVFED2SHZT16,MBH bankcsoport,Hungary,M6AD1Y1KW32H8THQ6F76,Piraeus Financial Holdings,Greece,0.3355,0.0000,0.0000,,21,France|Cyprus|Germany,ja
2025-06-30,3H0Q3U74FVFED2SHZT16,MBH bankcsoport,Hungary,N747OI7JINV7RUUH6190,BPER Banca S.p.A.,Italy,0.3822,0.0029,0.0617,0.0465,100,France|Germany|Austria,ja
2025-06-30,3H0Q3U74FVFED2SHZT16,MBH bankcsoport,Hungary,QLPCKOOKVX32FUELX240,Bank Polska Kasa Opieki S.A.,Poland,0.3896,0.0023,0.0232,0.1001,86,Croatia|Germany|Austria,ja
2025-06-30,5299003ONUYCE70HZ185,Banque Internationale à Luxembourg,Luxembourg,5299007S3UH5RKUYDA52,DEUTSCHE APOTHEKER- UND ÄRZTEBANK EG,Germany,0.4493,0.0012,0.0018,0.6672,53,France|Switzerland|Belgium,ja
2025-06-30,5299003ONUYCE70HZ185,Banque Internationale à Luxembourg,Luxembourg,529900HNOAA1KXQJUQ27,Bausparkasse Schwäbisch Hall Aktiengesellschaft - Bausparkasse der Volksbanken und Raiffeisenbanken,Germany,0.4158,0.0011,0.0023,0.4975,48,France|Switzerland|Netherlands,ja
2025-06-30,5299003ONUYCE70HZ185,Banque Internationale à Luxembourg,Luxembourg,529900JZTYE3W7WQH904,HASPA Finanzholding,Germany,0.3590,0.0000,0.0000,,22,France|Netherlands|United States,ja
2025-06-30,5299003ONUYCE70HZ185,Banque Internationale à Luxembourg,Luxembourg,549300DYPOFMXOR7XM56,Crelan,Belgium,0.5310,0.0061,0.0223,0.2733,70,France|Germany|Netherlands,ja
2025-06-30,5299003ONUYCE70HZ185,Banque Internationale à Luxembourg,Luxembourg,549300EHNXQVOI120S55,Coop Pank AS,Estonia,0.4386,0.0000,0.0008,0.0150,19,France|Switzerland|Belgium,ja
2025-06-30,5299003ONUYCE70HZ185,Banque Internationale à Luxembourg,Luxembourg,549300IQZVZ949N37S44,Euroclear Holding,Belgium,0.3168,0.0010,0.0668,0.0149,51,France|Spain|United States,ja
2025-06-30,5299003ONUYCE70HZ185,Banque Internationale à Luxembourg,Luxembourg,549300L7YCATGO57ZE10,FINECOBANK BANCA FINECO S.P.A. (IN BREVE FINECOBANK S.P.A. OVVERO BANCA FINECO S.P.A. OVVERO FINECO BANCA S.P.A.),Italy,0.4418,0.0022,0.0106,0.2111,84,France|Germany|Netherlands,ja
2025-06-30,5299003ONUYCE70HZ185,Banque Internationale à Luxembourg,Luxembourg,549300NYKK9MWM7GGW15,ING Groep N.V.,Netherlands,0.4486,0.0090,0.0442,0.2029,99,Belgium|Germany|Spain,ja
2025-06-30,5299003ONUYCE70HZ185,Banque Internationale à Luxembourg,Luxembourg,6SHGI4ZSSLCXXQSBB395,Citibank Europe plc,Ireland,0.4558,0.0056,0.0621,0.0900,93,France|Germany|Spain,ja
2025-06-30,5299003ONUYCE70HZ185,Banque Internationale à Luxembourg,Luxembourg,724500A1FNICHSDF2I11,ASN Bank N.V.,Netherlands,0.5683,0.0000,0.0000,,12,France|Belgium|Germany,ja
2025-06-30,5299003ONUYCE70HZ185,Banque Internationale à Luxembourg,Luxembourg,724500JIWG886A9RRT57,RBS Holdings N.V.,Netherlands,0.5592,0.0000,0.0000,,13,France|Germany|Spain,ja
2025-06-30,5299003ONUYCE70HZ185,Banque Internationale à Luxembourg,Luxembourg,7437003B5WFBOIEFY714,OP Osuuskunta,Finland,0.3337,0.0000,0.0000,,15,France|Germany|Belgium,ja
2025-06-30,5299003ONUYCE70HZ185,Banque Internationale à Luxembourg,Luxembourg,7CUNS533WID6K7DGFI87,"CaixaBank, S.A.",Spain,0.3605,0.0068,0.0581,0.1167,99,Germany|France|Netherlands,ja
2025-06-30,5299003ONUYCE70HZ185,Banque Internationale à Luxembourg,Luxembourg,7LTWFZYICNSX8D621K86,DEUTSCHE BANK AKTIENGESELLSCHAFT,Germany,0.3006,0.0209,0.0668,0.3127,53,Spain|Netherlands|United States,ja
2025-06-30,5299003ONUYCE70HZ185,Banque Internationale à Luxembourg,Luxembourg,815600AD83B2B6317788,CREDITO EMILIANO HOLDING SOCIETA' PER AZIONI,Italy,0.5375,0.0001,0.0045,0.0186,28,France|Switzerland|Spain,ja
2025-06-30,5299003ONUYCE70HZ185,Banque Internationale à Luxembourg,Luxembourg,815600E4E6DCD2D25E30,BANCO BPM SOCIETA' PER AZIONI,Italy,0.4755,0.0000,0.0000,0.0000,24,France|Germany|Belgium,ja
2025-06-30,5299003ONUYCE70HZ185,Banque Internationale à Luxembourg,Luxembourg,95980020140005881190,Banco de Crédito Social Cooperativo,Spain,0.3091,0.0000,0.0000,,22,France|Germany|Netherlands,ja
2025-06-30,5299003ONUYCE70HZ185,Banque Internationale à Luxembourg,Luxembourg,969500TJ5KRTCJQWXH05,CRÉDIT AGRICOLE AUTO BANK S.P.A.,Italy,0.4756,0.0009,0.0168,0.0535,23,France|Germany|Switzerland,ja
2025-06-30,5299003ONUYCE70HZ185,Banque Internationale à Luxembourg,Luxembourg,A5GWLFH3KM7YV2SFQL84,Belfius Bank,Belgium,0.4710,0.0003,0.0091,0.0301,34,France|Germany|Netherlands,ja
2025-06-30,5299003ONUYCE70HZ185,Banque Internationale à Luxembourg,Luxembourg,BFXS5XCH7N0Y05NIXW11,ABN AMRO Bank N.V.,Netherlands,0.4959,0.0000,0.0000,,24,France|Belgium|Germany,ja
2025-06-30,5299003ONUYCE70HZ185,Banque Internationale à Luxembourg,Luxembourg,DIZES5CFO5K3I5R58746,Landesbank Hessen-Thüringen Girozentrale,Germany,0.3954,0.0023,0.0195,0.1167,86,France|Netherlands|Switzerland,ja
2025-06-30,5299003ONUYCE70HZ185,Banque Internationale à Luxembourg,Luxembourg,DZZ47B9A52ZJ6LT6VV95,Deutsche Pfandbriefbank AG,Germany,0.3799,0.0006,0.0058,0.0972,22,France|Spain|Netherlands,ja
2025-06-30,5299003ONUYCE70HZ185,Banque Internationale à Luxembourg,Luxembourg,FR9695005MSX1OYEMGDF,Groupe BPCE,France,0.3163,0.0064,0.0520,0.1236,95,Germany|Belgium|Spain,ja
2025-06-30,5299003ONUYCE70HZ185,Banque Internationale à Luxembourg,Luxembourg,J48C8PCSJVUBR8KCW529,BANCA POPOLARE DI SONDRIO SOCIETA' PER AZIONI,Italy,0.3801,0.0000,0.0039,0.0000,23,France|Germany|Netherlands,ja
2025-06-30,5299003ONUYCE70HZ185,Banque Internationale à Luxembourg,Luxembourg,J4CP7MHCXR8DAQMKIL78,MEDIOBANCA - BANCA DI CREDITO FINANZIARIO S.P.A.,Italy,0.4372,0.0158,0.0668,0.2370,42,France|Germany|Spain,ja
2025-06-30,5299003ONUYCE70HZ185,Banque Internationale à Luxembourg,Luxembourg,MLU0ZO3ML4LN2LL2TL39,HSBC Continental Europe,France,0.3433,0.0083,0.0357,0.2316,84,Germany|Spain|Netherlands,ja
2025-06-30,5299003ONUYCE70HZ185,Banque Internationale à Luxembourg,Luxembourg,N747OI7JINV7RUUH6190,BPER Banca S.p.A.,Italy,0.5784,0.0084,0.0617,0.1368,94,France|Germany|Spain,ja
2025-06-30,5299003ONUYCE70HZ185,Banque Internationale à Luxembourg,Luxembourg,NNVPP80YIZGEY2314M97,ICCREA BANCA S.P.A. - ISTITUTO CENTRALE DEL CREDITO COOPERATIVO (IN FORMA ABBREVIATA: ICCREA BANCA S.P.A.),Italy,0.4768,0.0000,0.0000,,19,France|Germany|Netherlands,ja
2025-06-30,5299003ONUYCE70HZ185,Banque Internationale à Luxembourg,Luxembourg,R0MUWSFPU8MPRO8K5P83,BNP Paribas,France,0.3577,0.0005,0.0011,0.4918,52,Belgium|Germany|Spain,ja
2025-06-30,5299003ONUYCE70HZ185,Banque Internationale à Luxembourg,Luxembourg,R7CQUF1DQM73HUTV1078,"Banque et Caisse d´Epargne de l´Etat, Luxembourg",Luxembourg,0.4380,0.0000,0.0051,0.0000,22,France|Germany|Belgium,nein
2025-06-30,5299003ONUYCE70HZ185,Banque Internationale à Luxembourg,Luxembourg,VDYMYTQGZZ6DU0912C88,Bayerische Landesbank,Germany,0.3968,0.0008,0.0019,0.4029,93,France|Netherlands|Belgium,ja
2025-06-30,5299007S3UH5RKUYDA52,DEUTSCHE APOTHEKER- UND ÄRZTEBANK EG,Germany,529900HNOAA1KXQJUQ27,Bausparkasse Schwäbisch Hall Aktiengesellschaft - Bausparkasse der Volksbanken und Raiffeisenbanken,Germany,0.6324,0.0004,0.0018,0.2252,43,France|Luxembourg|Sweden,nein
2025-06-30,5299007S3UH5RKUYDA52,DEUTSCHE APOTHEKER- UND ÄRZTEBANK EG,Germany,529900JZTYE3W7WQH904,HASPA Finanzholding,Germany,0.5085,0.0000,0.0000,,22,France|Luxembourg|Netherlands,nein
2025-06-30,5299007S3UH5RKUYDA52,DEUTSCHE APOTHEKER- UND ÄRZTEBANK EG,Germany,549300DYPOFMXOR7XM56,Crelan,Belgium,0.4162,0.0008,0.0018,0.4475,50,France|Luxembourg|Netherlands,ja
2025-06-30,5299007S3UH5RKUYDA52,DEUTSCHE APOTHEKER- UND ÄRZTEBANK EG,Germany,549300GKFG0RYRRQ1414,DNB BANK ASA,Norway,0.3725,0.0000,0.0000,0.7119,25,Sweden|United States|Luxembourg,ja
2025-06-30,5299007S3UH5RKUYDA52,DEUTSCHE APOTHEKER- UND ÄRZTEBANK EG,Germany,549300IQZVZ949N37S44,Euroclear Holding,Belgium,0.4234,0.0000,0.0018,0.0105,30,France|Sweden|United States,ja
2025-06-30,5299007S3UH5RKUYDA52,DEUTSCHE APOTHEKER- UND ÄRZTEBANK EG,Germany,549300L7YCATGO57ZE10,FINECOBANK BANCA FINECO S.P.A. (IN BREVE FINECOBANK S.P.A. OVVERO BANCA FINECO S.P.A. OVVERO FINECO BANCA S.P.A.),Italy,0.3954,0.0007,0.0018,0.4145,52,France|Netherlands|United States,ja
2025-06-30,5299007S3UH5RKUYDA52,DEUTSCHE APOTHEKER- UND ÄRZTEBANK EG,Germany,549300NYKK9MWM7GGW15,ING Groep N.V.,Netherlands,0.3272,0.0012,0.0018,0.6836,58,United States|Belgium|Luxembourg,ja
2025-06-30,5299007S3UH5RKUYDA52,DEUTSCHE APOTHEKER- UND ÄRZTEBANK EG,Germany,6SHGI4ZSSLCXXQSBB395,Citibank Europe plc,Ireland,0.5000,0.0012,0.0018,0.6471,56,France|Netherlands|United States,ja
2025-06-30,5299007S3UH5RKUYDA52,DEUTSCHE APOTHEKER- UND ÄRZTEBANK EG,Germany,724500A1FNICHSDF2I11,ASN Bank N.V.,Netherlands,0.5394,0.0000,0.0000,,12,France|Luxembourg|Norway,ja
2025-06-30,5299007S3UH5RKUYDA52,DEUTSCHE APOTHEKER- UND ÄRZTEBANK EG,Germany,724500JIWG886A9RRT57,RBS Holdings N.V.,Netherlands,0.3855,0.0000,0.0000,,13,France|Sweden|United States,ja
2025-06-30,5299007S3UH5RKUYDA52,DEUTSCHE APOTHEKER- UND ÄRZTEBANK EG,Germany,7437003B5WFBOIEFY714,OP Osuuskunta,Finland,0.4295,0.0000,0.0000,,15,France|Sweden|Norway,ja
2025-06-30,5299007S3UH5RKUYDA52,DEUTSCHE APOTHEKER- UND ÄRZTEBANK EG,Germany,7CUNS533WID6K7DGFI87,"CaixaBank, S.A.",Spain,0.3063,0.0010,0.0018,0.5697,58,France|United States|Netherlands,ja
2025-06-30,5299007S3UH5RKUYDA52,DEUTSCHE APOTHEKER- UND ÄRZTEBANK EG,Germany,7LTWFZYICNSX8D621K86,DEUTSCHE BANK AKTIENGESELLSCHAFT,Germany,0.3245,0.0006,0.0018,0.3282,42,United States|Luxembourg|Netherlands,nein
2025-06-30,5299007S3UH5RKUYDA52,DEUTSCHE APOTHEKER- UND ÄRZTEBANK EG,Germany,815600AD83B2B6317788,CREDITO EMILIANO HOLDING SOCIETA' PER AZIONI,Italy,0.5113,0.0004,0.0018,0.2117,26,France|Netherlands|United States,ja
2025-06-30,5299007S3UH5RKUYDA52,DEUTSCHE APOTHEKER- UND ÄRZTEBANK EG,Germany,815600E4E6DCD2D25E30,BANCO BPM SOCIETA' PER AZIONI,Italy,0.4396,0.0000,0.0000,0.0000,22,France|Luxembourg|Netherlands,ja
2025-06-30,5299007S3UH5RKUYDA52,DEUTSCHE APOTHEKER- UND ÄRZTEBANK EG,Germany,95980020140005881190,Banco de Crédito Social Cooperativo,Spain,0.4171,0.0000,0.0000,,21,Luxembourg|France|Netherlands,ja
2025-06-30,5299007S3UH5RKUYDA52,DEUTSCHE APOTHEKER- UND ÄRZTEBANK EG,Germany,9695005MSX1OYEMGDF46,Natixis,France,0.3367,0.0011,0.0018,0.6028,55,Luxembourg|United States|United Kingdom,ja
2025-06-30,5299007S3UH5RKUYDA52,DEUTSCHE APOTHEKER- UND ÄRZTEBANK EG,Germany,969500Q2PFTTP0Y5QL44,SFIL S.A.,France,0.3809,0.0000,0.0018,0.0176,10,Sweden|Norway|Netherlands,ja
2025-06-30,5299007S3UH5RKUYDA52,DEUTSCHE APOTHEKER- UND ÄRZTEBANK EG,Germany,969500TJ5KRTCJQWXH05,CRÉDIT AGRICOLE AUTO BANK S.P.A.,Italy,0.4126,0.0004,0.0018,0.2421,22,France|Switzerland|Finland,ja
2025-06-30,5299007S3UH5RKUYDA52,DEUTSCHE APOTHEKER- UND ÄRZTEBANK EG,Germany,A5GWLFH3KM7YV2SFQL84,Belfius Bank,Belgium,0.5186,0.0000,0.0018,0.0163,32,France|Netherlands|Luxembourg,ja
2025-06-30,5299007S3UH5RKUYDA52,DEUTSCHE APOTHEKER- UND ÄRZTEBANK EG,Germany,BFXS5XCH7N0Y05NIXW11,ABN AMRO Bank N.V.,Netherlands,0.4320,0.0000,0.0000,,22,France|Luxembourg|Belgium,ja
2025-06-30,5299007S3UH5RKUYDA52,DEUTSCHE APOTHEKER- UND ÄRZTEBANK EG,Germany,DIZES5CFO5K3I5R58746,Landesbank Hessen-Thüringen Girozentrale,Germany,0.5696,0.0008,0.0018,0.4717,56,France|United States|Luxembourg,nein
2025-06-30,5299007S3UH5RKUYDA52,DEUTSCHE APOTHEKER- UND ÄRZTEBANK EG,Germany,DZZ47B9A52ZJ6LT6VV95,Deutsche Pfandbriefbank AG,Germany,0.5148,0.0003,0.0018,0.1439,20,France|United States|Netherlands,nein
2025-06-30,5299007S3UH5RKUYDA52,DEUTSCHE APOTHEKER- UND ÄRZTEBANK EG,Germany,F3JS33DEI6XQ4ZBPTN86,Skandinaviska Enskilda Banken - gruppen,Sweden,0.3399,0.0010,0.0018,0.5575,56,Norway|Finland|Luxembourg,ja
2025-06-30,5299007S3UH5RKUYDA52,DEUTSCHE APOTHEKER- UND ÄRZTEBANK EG,Germany,FR9695005MSX1OYEMGDF,Groupe BPCE,France,0.3690,0.0011,0.0018,0.6021,56,Luxembourg|United States|Belgium,ja
2025-06-30,5299007S3UH5RKUYDA52,DEUTSCHE APOTHEKER- UND ÄRZTEBANK EG,Germany,J48C8PCSJVUBR8KCW529,BANCA POPOLARE DI SONDRIO SOCIETA' PER AZIONI,Italy,0.4201,0.0000,0.0018,0.0000,22,France|Luxembourg|Netherlands,ja
2025-06-30,5299007S3UH5RKUYDA52,DEUTSCHE APOTHEKER- UND ÄRZTEBANK EG,Germany,J4CP7MHCXR8DAQMKIL78,MEDIOBANCA - BANCA DI CREDITO FINANZIARIO S.P.A.,Italy,0.4698,0.0005,0.0018,0.2660,37,France|United States|Luxembourg,ja
2025-06-30,5299007S3UH5RKUYDA52,DEUTSCHE APOTHEKER- UND ÄRZTEBANK EG,Germany,MAES062Z21O4RZ2U7M96,Danske Bank A/S,Denmark,0.3254,0.0000,0.0000,,14,Sweden|Norway|Finland,ja
2025-06-30,5299007S3UH5RKUYDA52,DEUTSCHE APOTHEKER- UND ÄRZTEBANK EG,Germany,MLU0ZO3ML4LN2LL2TL39,HSBC Continental Europe,France,0.4168,0.0015,0.0018,0.8195,54,Luxembourg|Netherlands|United States,ja
2025-06-30,5299007S3UH5RKUYDA52,DEUTSCHE APOTHEKER- UND ÄRZTEBANK EG,Germany,N747OI7JINV7RUUH6190,BPER Banca S.p.A.,Italy,0.6237,0.0013,0.0018,0.7028,57,France|Netherlands|Austria,ja
2025-06-30,5299007S3UH5RKUYDA52,DEUTSCHE APOTHEKER- UND ÄRZTEBANK EG,Germany,NNVPP80YIZGEY2314M97,ICCREA BANCA S.P.A. - ISTITUTO CENTRALE DEL CREDITO COOPERATIVO (IN FORMA ABBREVIATA: ICCREA BANCA S.P.A.),Italy,0.3074,0.0000,0.0000,,19,France|Netherlands|Luxembourg,ja
2025-06-30,5299007S3UH5RKUYDA52,DEUTSCHE APOTHEKER- UND ÄRZTEBANK EG,Germany,O2RNE8IBXP4R0TD8PU41,Société générale S.A.,France,0.3139,0.0000,0.0000,,19,Luxembourg|Netherlands|Belgium,ja
2025-06-30,5299007S3UH5RKUYDA52,DEUTSCHE APOTHEKER- UND ÄRZTEBANK EG,Germany,P4GTT6GF1W40CVIMFR43,Powszechna Kasa Oszczednosci Bank Polski S.A.,Poland,0.3548,0.0000,0.0018,0.0002,27,Netherlands|Luxembourg|France,ja
2025-06-30,5299007S3UH5RKUYDA52,DEUTSCHE APOTHEKER- UND ÄRZTEBANK EG,Germany,QLPCKOOKVX32FUELX240,Bank Polska Kasa Opieki S.A.,Poland,0.3641,0.0005,0.0018,0.2652,50,Luxembourg|Austria|Netherlands,ja
2025-06-30,5299007S3UH5RKUYDA52,DEUTSCHE APOTHEKER- UND ÄRZTEBANK EG,Germany,R7CQUF1DQM73HUTV1078,"Banque et Caisse d´Epargne de l´Etat, Luxembourg",Luxembourg,0.4514,0.0000,0.0018,0.0000,19,France|Netherlands|Norway,ja
2025-06-30,5299007S3UH5RKUYDA52,DEUTSCHE APOTHEKER- UND ÄRZTEBANK EG,Germany,TUKDD90GPC79G1KOE162,Hamburg Commercial Bank AG,Germany,0.5375,0.0009,0.0018,0.4965,31,Luxembourg|Netherlands|United States,nein
2025-06-30,5299007S3UH5RKUYDA52,DEUTSCHE APOTHEKER- UND ÄRZTEBANK EG,Germany,VDYMYTQGZZ6DU0912C88,Bayerische Landesbank,Germany,0.4367,0.0003,0.0018,0.1692,57,France|Luxembourg|Netherlands,nein
2025-06-30,529900HNOAA1KXQJUQ27,Bausparkasse Schwäbisch Hall Aktiengesellschaft - Bausparkasse der Volksbanken und Raiffeisenbanken,Germany,529900JZTYE3W7WQH904,HASPA Finanzholding,Germany,0.5585,0.0000,0.0000,,19,France|Luxembourg|Netherlands,nein
2025-06-30,529900HNOAA1KXQJUQ27,Bausparkasse Schwäbisch Hall Aktiengesellschaft - Bausparkasse der Volksbanken und Raiffeisenbanken,Germany,529900RWC8ZYB066JF16,Bank of Valletta Plc,Malta,0.3914,0.0001,0.0017,0.0720,20,United Kingdom|Sweden|France,ja
2025-06-30,529900HNOAA1KXQJUQ27,Bausparkasse Schwäbisch Hall Aktiengesellschaft - Bausparkasse der Volksbanken und Raiffeisenbanken,Germany,549300DYPOFMXOR7XM56,Crelan,Belgium,0.6320,0.0009,0.0023,0.3754,50,France|Netherlands|Luxembourg,ja
2025-06-30,529900HNOAA1KXQJUQ27,Bausparkasse Schwäbisch Hall Aktiengesellschaft - Bausparkasse der Volksbanken und Raiffeisenbanken,Germany,549300GKFG0RYRRQ1414,DNB BANK ASA,Norway,0.3423,0.0000,0.0000,0.0000,20,Sweden|United Kingdom|Luxembourg,ja
2025-06-30,529900HNOAA1KXQJUQ27,Bausparkasse Schwäbisch Hall Aktiengesellschaft - Bausparkasse der Volksbanken und Raiffeisenbanken,Germany,549300IQZVZ949N37S44,Euroclear Holding,Belgium,0.4455,0.0002,0.0023,0.0812,34,France|Sweden|United Kingdom,ja
2025-06-30,529900HNOAA1KXQJUQ27,Bausparkasse Schwäbisch Hall Aktiengesellschaft - Bausparkasse der Volksbanken und Raiffeisenbanken,Germany,549300L7YCATGO57ZE10,FINECOBANK BANCA FINECO S.P.A. (IN BREVE FINECOBANK S.P.A. OVVERO BANCA FINECO S.P.A. OVVERO FINECO BANCA S.P.A.),Italy,0.6055,0.0006,0.0023,0.2772,55,France|Netherlands|United Kingdom,ja
2025-06-30,529900HNOAA1KXQJUQ27,Bausparkasse Schwäbisch Hall Aktiengesellschaft - Bausparkasse der Volksbanken und Raiffeisenbanken,Germany,6SHGI4ZSSLCXXQSBB395,Citibank Europe plc,Ireland,0.4932,0.0008,0.0023,0.3573,57,France|Netherlands|United Kingdom,ja
2025-06-30,529900HNOAA1KXQJUQ27,Bausparkasse Schwäbisch Hall Aktiengesellschaft - Bausparkasse der Volksbanken und Raiffeisenbanken,Germany,724500A1FNICHSDF2I11,ASN Bank N.V.,Netherlands,0.5761,0.0000,0.0000,,12,France|Luxembourg|United Kingdom,ja
2025-06-30,529900HNOAA1KXQJUQ27,Bausparkasse Schwäbisch Hall Aktiengesellschaft - Bausparkasse der Volksbanken und Raiffeisenbanken,Germany,724500JIWG886A9RRT57,RBS Holdings N.V.,Netherlands,0.4434,0.0000,0.0000,,13,France|Sweden|United Kingdom,ja
2025-06-30,529900HNOAA1KXQJUQ27,Bausparkasse Schwäbisch Hall Aktiengesellschaft - Bausparkasse der Volksbanken und Raiffeisenbanken,Germany,7437003B5WFBOIEFY714,OP Osuuskunta,Finland,0.3826,0.0000,0.0000,,11,France|Sweden|Netherlands,ja
2025-06-30,529900HNOAA1KXQJUQ27,Bausparkasse Schwäbisch Hall Aktiengesellschaft - Bausparkasse der Volksbanken und Raiffeisenbanken,Germany,7CUNS533WID6K7DGFI87,"CaixaBank, S.A.",Spain,0.3017,0.0013,0.0023,0.5797,58,United Kingdom|France|Netherlands,ja
2025-06-30,529900HNOAA1KXQJUQ27,Bausparkasse Schwäbisch Hall Aktiengesellschaft - Bausparkasse der Volksbanken und Raiffeisenbanken,Germany,815600AD83B2B6317788,CREDITO EMILIANO HOLDING SOCIETA' PER AZIONI,Italy,0.6147,0.0000,0.0023,0.0006,25,France|Netherlands|United Kingdom,ja
2025-06-30,529900HNOAA1KXQJUQ27,Bausparkasse Schwäbisch Hall Aktiengesellschaft - Bausparkasse der Volksbanken und Raiffeisenbanken,Germany,815600E4E6DCD2D25E30,BANCO BPM SOCIETA' PER AZIONI,Italy,0.6863,0.0000,0.0000,0.3722,21,France|Netherlands|Luxembourg,ja
2025-06-30,529900HNOAA1KXQJUQ27,Bausparkasse Schwäbisch Hall Aktiengesellschaft - Bausparkasse der Volksbanken und Raiffeisenbanken,Germany,95980020140005881190,Banco de Crédito Social Cooperativo,Spain,0.5315,0.0000,0.0000,,19,Luxembourg|United Kingdom|France,ja
2025-06-30,529900HNOAA1KXQJUQ27,Bausparkasse Schwäbisch Hall Aktiengesellschaft - Bausparkasse der Volksbanken und Raiffeisenbanken,Germany,9695000CG7B84NLR5984,Caisse fédérale de crédit mutuel,France,0.4020,0.0000,0.0000,,19,Luxembourg|United Kingdom|Netherlands,ja
2025-06-30,529900HNOAA1KXQJUQ27,Bausparkasse Schwäbisch Hall Aktiengesellschaft - Bausparkasse der Volksbanken und Raiffeisenbanken,Germany,969500TJ5KRTCJQWXH05,CRÉDIT AGRICOLE AUTO BANK S.P.A.,Italy,0.4453,0.0002,0.0023,0.0722,23,France|United Kingdom|Switzerland,ja
2025-06-30,529900HNOAA1KXQJUQ27,Bausparkasse Schwäbisch Hall Aktiengesellschaft - Bausparkasse der Volksbanken und Raiffeisenbanken,Germany,A5GWLFH3KM7YV2SFQL84,Belfius Bank,Belgium,0.6070,0.0008,0.0023,0.3315,31,France|United Kingdom|Netherlands,ja
2025-06-30,529900HNOAA1KXQJUQ27,Bausparkasse Schwäbisch Hall Aktiengesellschaft - Bausparkasse der Volksbanken und Raiffeisenbanken,Germany,BFXS5XCH7N0Y05NIXW11,ABN AMRO Bank N.V.,Netherlands,0.5386,0.0000,0.0000,,20,France|United Kingdom|Luxembourg,ja
2025-06-30,529900HNOAA1KXQJUQ27,Bausparkasse Schwäbisch Hall Aktiengesellschaft - Bausparkasse der Volksbanken und Raiffeisenbanken,Germany,DIZES5CFO5K3I5R58746,Landesbank Hessen-Thüringen Girozentrale,Germany,0.5579,0.0010,0.0023,0.4518,55,France|United Kingdom|Luxembourg,nein
2025-06-30,529900HNOAA1KXQJUQ27,Bausparkasse Schwäbisch Hall Aktiengesellschaft - Bausparkasse der Volksbanken und Raiffeisenbanken,Germany,DZZ47B9A52ZJ6LT6VV95,Deutsche Pfandbriefbank AG,Germany,0.5492,0.0001,0.0023,0.0436,20,France|United Kingdom|Netherlands,nein
2025-06-30,529900HNOAA1KXQJUQ27,Bausparkasse Schwäbisch Hall Aktiengesellschaft - Bausparkasse der Volksbanken und Raiffeisenbanken,Germany,FR9695005MSX1OYEMGDF,Groupe BPCE,France,0.3167,0.0011,0.0023,0.4661,59,Luxembourg|United Kingdom|Switzerland,ja
2025-06-30,529900HNOAA1KXQJUQ27,Bausparkasse Schwäbisch Hall Aktiengesellschaft - Bausparkasse der Volksbanken und Raiffeisenbanken,Germany,J48C8PCSJVUBR8KCW529,BANCA POPOLARE DI SONDRIO SOCIETA' PER AZIONI,Italy,0.5737,0.0001,0.0023,0.0542,20,France|Luxembourg|United Kingdom,ja
2025-06-30,529900HNOAA1KXQJUQ27,Bausparkasse Schwäbisch Hall Aktiengesellschaft - Bausparkasse der Volksbanken und Raiffeisenbanken,Germany,J4CP7MHCXR8DAQMKIL78,MEDIOBANCA - BANCA DI CREDITO FINANZIARIO S.P.A.,Italy,0.5127,0.0003,0.0023,0.1264,35,France|United Kingdom|Luxembourg,ja
2025-06-30,529900HNOAA1KXQJUQ27,Bausparkasse Schwäbisch Hall Aktiengesellschaft - Bausparkasse der Volksbanken und Raiffeisenbanken,Germany,M6AD1Y1KW32H8THQ6F76,Piraeus Financial Holdings,Greece,0.3914,0.0000,0.0000,,19,France|United Kingdom|Netherlands,ja
2025-06-30,529900HNOAA1KXQJUQ27,Bausparkasse Schwäbisch Hall Aktiengesellschaft - Bausparkasse der Volksbanken und Raiffeisenbanken,Germany,MAES062Z21O4RZ2U7M96,Danske Bank A/S,Denmark,0.3021,0.0000,0.0000,,12,Sweden|United Kingdom|Norway,ja
2025-06-30,529900HNOAA1KXQJUQ27,Bausparkasse Schwäbisch Hall Aktiengesellschaft - Bausparkasse der Volksbanken und Raiffeisenbanken,Germany,MLU0ZO3ML4LN2LL2TL39,HSBC Continental Europe,France,0.3848,0.0010,0.0023,0.4389,53,Luxembourg|Netherlands|United Kingdom,ja
2025-06-30,529900HNOAA1KXQJUQ27,Bausparkasse Schwäbisch Hall Aktiengesellschaft - Bausparkasse der Volksbanken und Raiffeisenbanken,Germany,N747OI7JINV7RUUH6190,BPER Banca S.p.A.,Italy,0.6149,0.0014,0.0023,0.6186,59,France|Netherlands|Luxembourg,ja
2025-06-30,529900HNOAA1KXQJUQ27,Bausparkasse Schwäbisch Hall Aktiengesellschaft - Bausparkasse der Volksbanken und Raiffeisenbanken,Germany,NHBDILHZTYCNBV5UYZ31,Svenska Handelsbanken - gruppen,Sweden,0.3131,0.0002,0.0023,0.0830,52,Netherlands|United Kingdom|Norway,ja
2025-06-30,529900HNOAA1KXQJUQ27,Bausparkasse Schwäbisch Hall Aktiengesellschaft - Bausparkasse der Volksbanken und Raiffeisenbanken,Germany,NNVPP80YIZGEY2314M97,ICCREA BANCA S.P.A. - ISTITUTO CENTRALE DEL CREDITO COOPERATIVO (IN FORMA ABBREVIATA: ICCREA BANCA S.P.A.),Italy,0.5261,0.0000,0.0000,,16,France|Netherlands|Luxembourg,ja
2025-06-30,529900HNOAA1KXQJUQ27,Bausparkasse Schwäbisch Hall Aktiengesellschaft - Bausparkasse der Volksbanken und Raiffeisenbanken,Germany,O2RNE8IBXP4R0TD8PU41,Société générale S.A.,France,0.3799,0.0000,0.0000,,16,United Kingdom|Luxembourg|Netherlands,ja
2025-06-30,529900HNOAA1KXQJUQ27,Bausparkasse Schwäbisch Hall Aktiengesellschaft - Bausparkasse der Volksbanken und Raiffeisenbanken,Germany,P4GTT6GF1W40CVIMFR43,Powszechna Kasa Oszczednosci Bank Polski S.A.,Poland,0.4040,0.0000,0.0023,0.0000,24,Netherlands|Luxembourg|France,ja
2025-06-30,529900HNOAA1KXQJUQ27,Bausparkasse Schwäbisch Hall Aktiengesellschaft - Bausparkasse der Volksbanken und Raiffeisenbanken,Germany,QLPCKOOKVX32FUELX240,Bank Polska Kasa Opieki S.A.,Poland,0.4390,0.0002,0.0023,0.0759,52,Luxembourg|United Kingdom|Netherlands,ja
2025-06-30,529900HNOAA1KXQJUQ27,Bausparkasse Schwäbisch Hall Aktiengesellschaft - Bausparkasse der Volksbanken und Raiffeisenbanken,Germany,R7CQUF1DQM73HUTV1078,"Banque et Caisse d´Epargne de l´Etat, Luxembourg",Luxembourg,0.5686,0.0000,0.0023,0.0000,18,France|Netherlands|Sweden,ja
2025-06-30,529900HNOAA1KXQJUQ27,Bausparkasse Schwäbisch Hall Aktiengesellschaft - Bausparkasse der Volksbanken und Raiffeisenbanken,Germany,TUKDD90GPC79G1KOE162,Hamburg Commercial Bank AG,Germany,0.5279,0.0003,0.0023,0.1428,28,Luxembourg|United Kingdom|Netherlands,nein
2025-06-30,529900HNOAA1KXQJUQ27,Bausparkasse Schwäbisch Hall Aktiengesellschaft - Bausparkasse der Volksbanken und Raiffeisenbanken,Germany,VDYMYTQGZZ6DU0912C88,Bayerische Landesbank,Germany,0.7126,0.0003,0.0019,0.1565,59,France|Netherlands|Luxembourg,nein
2025-06-30,529900JZTYE3W7WQH904,HASPA Finanzholding,Germany,549300DYPOFMXOR7XM56,Crelan,Belgium,0.5149,0.0000,0.0000,,22,France|Luxembourg|Netherlands,ja
2025-06-30,529900JZTYE3W7WQH904,HASPA Finanzholding,Germany,549300GKFG0RYRRQ1414,DNB BANK ASA,Norway,0.3679,0.0000,0.0000,,22,United States|Luxembourg|Netherlands,ja
2025-06-30,529900JZTYE3W7WQH904,HASPA Finanzholding,Germany,549300L7YCATGO57ZE10,FINECOBANK BANCA FINECO S.P.A. (IN BREVE FINECOBANK S.P.A. OVVERO BANCA FINECO S.P.A. OVVERO FINECO BANCA S.P.A.),Italy,0.5954,0.0000,0.0000,,23,France|United States|Netherlands,ja
2025-06-30,529900JZTYE3W7WQH904,HASPA Finanzholding,Germany,635400AKJBGNS5WNQL34,AIB Group plc,Ireland,0.3678,0.0000,0.0000,,22,United States|France|Luxembourg,ja
2025-06-30,529900JZTYE3W7WQH904,HASPA Finanzholding,Germany,6SHGI4ZSSLCXXQSBB395,Citibank Europe plc,Ireland,0.3718,0.0000,0.0000,,23,France|Netherlands|United States,ja
2025-06-30,529900JZTYE3W7WQH904,HASPA Finanzholding,Germany,724500A1FNICHSDF2I11,ASN Bank N.V.,Netherlands,0.4624,0.0000,0.0000,,8,France|Luxembourg|Norway,ja
2025-06-30,529900JZTYE3W7WQH904,HASPA Finanzholding,Germany,724500JIWG886A9RRT57,RBS Holdings N.V.,Netherlands,0.3929,0.0000,0.0000,,10,France|United States|Luxembourg,ja
2025-06-30,529900JZTYE3W7WQH904,HASPA Finanzholding,Germany,7LTWFZYICNSX8D621K86,DEUTSCHE BANK AKTIENGESELLSCHAFT,Germany,0.4086,0.0000,0.0000,,24,United States|Luxembourg|Netherlands,nein
2025-06-30,529900JZTYE3W7WQH904,HASPA Finanzholding,Germany,815600AD83B2B6317788,CREDITO EMILIANO HOLDING SOCIETA' PER AZIONI,Italy,0.6492,0.0000,0.0000,,16,France|United States|Netherlands,ja
2025-06-30,529900JZTYE3W7WQH904,HASPA Finanzholding,Germany,815600E4E6DCD2D25E30,BANCO BPM SOCIETA' PER AZIONI,Italy,0.5745,0.0000,0.0000,,23,France|Luxembourg|Netherlands,ja
2025-06-30,529900JZTYE3W7WQH904,HASPA Finanzholding,Germany,95980020140005881190,Banco de Crédito Social Cooperativo,Spain,0.4678,0.0000,0.0000,,21,Luxembourg|France|Netherlands,ja
2025-06-30,529900JZTYE3W7WQH904,HASPA Finanzholding,Germany,9695005MSX1OYEMGDF46,Natixis,France,0.5181,0.0000,0.0000,,23,Luxembourg|United States|Netherlands,ja
2025-06-30,529900JZTYE3W7WQH904,HASPA Finanzholding,Germany,A5GWLFH3KM7YV2SFQL84,Belfius Bank,Belgium,0.5101,0.0000,0.0000,,23,France|Netherlands|Luxembourg,ja
2025-06-30,529900JZTYE3W7WQH904,HASPA Finanzholding,Germany,BFXS5XCH7N0Y05NIXW11,ABN AMRO Bank N.V.,Netherlands,0.4523,0.0000,0.0000,,23,France|Luxembourg|United States,ja
2025-06-30,529900JZTYE3W7WQH904,HASPA Finanzholding,Germany,DIZES5CFO5K3I5R58746,Landesbank Hessen-Thüringen Girozentrale,Germany,0.5816,0.0000,0.0000,,24,United States|France|Luxembourg,nein
2025-06-30,529900JZTYE3W7WQH904,HASPA Finanzholding,Germany,DZZ47B9A52ZJ6LT6VV95,Deutsche Pfandbriefbank AG,Germany,0.5471,0.0000,0.0000,,11,United States|France|Netherlands,nein
2025-06-30,529900JZTYE3W7WQH904,HASPA Finanzholding,Germany,FR9695005MSX1OYEMGDF,Groupe BPCE,France,0.5083,0.0000,0.0000,,23,Luxembourg|United States|Netherlands,ja
2025-06-30,529900JZTYE3W7WQH904,HASPA Finanzholding,Germany,J48C8PCSJVUBR8KCW529,BANCA POPOLARE DI SONDRIO SOCIETA' PER AZIONI,Italy,0.4784,0.0000,0.0000,,22,France|Luxembourg|Netherlands,ja
2025-06-30,529900JZTYE3W7WQH904,HASPA Finanzholding,Germany,J4CP7MHCXR8DAQMKIL78,MEDIOBANCA - BANCA DI CREDITO FINANZIARIO S.P.A.,Italy,0.4136,0.0000,0.0000,,24,France|United States|Luxembourg,ja
2025-06-30,529900JZTYE3W7WQH904,HASPA Finanzholding,Germany,MLU0ZO3ML4LN2LL2TL39,HSBC Continental Europe,France,0.3355,0.0000,0.0000,,22,Luxembourg|Netherlands|United States,ja
2025-06-30,529900JZTYE3W7WQH904,HASPA Finanzholding,Germany,N747OI7JINV7RUUH6190,BPER Banca S.p.A.,Italy,0.5361,0.0000,0.0000,,24,France|Netherlands|Luxembourg,ja
2025-06-30,529900JZTYE3W7WQH904,HASPA Finanzholding,Germany,NNVPP80YIZGEY2314M97,ICCREA BANCA S.P.A. - ISTITUTO CENTRALE DEL CREDITO COOPERATIVO (IN FORMA ABBREVIATA: ICCREA BANCA S.P.A.),Italy,0.4321,0.0000,0.0000,,18,France|Netherlands|Luxembourg,ja
2025-06-30,529900JZTYE3W7WQH904,HASPA Finanzholding,Germany,P4GTT6GF1W40CVIMFR43,Powszechna Kasa Oszczednosci Bank Polski S.A.,Poland,0.3004,0.0000,0.0000,,18,Netherlands|Luxembourg|France,ja
2025-06-30,529900JZTYE3W7WQH904,HASPA Finanzholding,Germany,QLPCKOOKVX32FUELX240,Bank Polska Kasa Opieki S.A.,Poland,0.3761,0.0000,0.0000,,24,Luxembourg|Netherlands|United States,ja
2025-06-30,529900JZTYE3W7WQH904,HASPA Finanzholding,Germany,R7CQUF1DQM73HUTV1078,"Banque et Caisse d´Epargne de l´Etat, Luxembourg",Luxembourg,0.4217,0.0000,0.0000,,20,France|Netherlands|Norway,ja
2025-06-30,529900JZTYE3W7WQH904,HASPA Finanzholding,Germany,TUKDD90GPC79G1KOE162,Hamburg Commercial Bank AG,Germany,0.5460,0.0000,0.0000,,16,Luxembourg|United States|Netherlands,nein
2025-06-30,529900JZTYE3W7WQH904,HASPA Finanzholding,Germany,VDYMYTQGZZ6DU0912C88,Bayerische Landesbank,Germany,0.6474,0.0000,0.0000,,24,France|Luxembourg|Netherlands,nein
2025-06-30,529900ODI3047E2LIV03,Nordea Bank Abp,Finland,549300GKFG0RYRRQ1414,DNB BANK ASA,Norway,0.4291,0.0000,0.0000,1.0000,26,Sweden|Luxembourg|United States,ja
2025-06-30,529900ODI3047E2LIV03,Nordea Bank Abp,Finland,7437003B5WFBOIEFY714,OP Osuuskunta,Finland,0.3103,0.0000,0.0000,,16,Norway|Sweden|Denmark,nein
2025-06-30,529900ODI3047E2LIV03,Nordea Bank Abp,Finland,969500Q2PFTTP0Y5QL44,SFIL S.A.,France,0.3089,0.0000,0.0020,0.0000,10,Sweden|Norway|Denmark,ja
2025-06-30,529900ODI3047E2LIV03,Nordea Bank Abp,Finland,F3JS33DEI6XQ4ZBPTN86,Skandinaviska Enskilda Banken - gruppen,Sweden,0.3173,0.0152,0.0196,0.7747,145,Norway|Denmark|Luxembourg,ja
2025-06-30,529900ODI3047E2LIV03,Nordea Bank Abp,Finland,MAES062Z21O4RZ2U7M96,Danske Bank A/S,Denmark,0.5567,0.0000,0.0000,,15,Sweden|Norway|Luxembourg,ja
2025-06-30,529900RWC8ZYB066JF16,Bank of Valletta Plc,Malta,529900XSTAE561178282,Raiffeisenbankengruppe OÖ Verbund eGen,Austria,0.3613,0.0000,0.0017,0.0000,24,Germany|France|Netherlands,ja
2025-06-30,529900RWC8ZYB066JF16,Bank of Valletta Plc,Malta,549300DYPOFMXOR7XM56,Crelan,Belgium,0.3197,0.0000,0.0017,0.0000,22,Germany|France|Netherlands,ja
2025-06-30,529900RWC8ZYB066JF16,Bank of Valletta Plc,Malta,549300GKFG0RYRRQ1414,DNB BANK ASA,Norway,0.3106,0.0000,0.0000,0.0000,22,Sweden|United Kingdom|Germany,ja
2025-06-30,529900RWC8ZYB066JF16,Bank of Valletta Plc,Malta,549300IQZVZ949N37S44,Euroclear Holding,Belgium,0.5152,0.0000,0.0017,0.0000,14,United Kingdom|Sweden|France,ja
2025-06-30,529900RWC8ZYB066JF16,Bank of Valletta Plc,Malta,549300L7YCATGO57ZE10,FINECOBANK BANCA FINECO S.P.A. (IN BREVE FINECOBANK S.P.A. OVVERO BANCA FINECO S.P.A. OVVERO FINECO BANCA S.P.A.),Italy,0.3649,0.0000,0.0017,0.0000,23,Germany|France|United Kingdom,ja
2025-06-30,529900RWC8ZYB066JF16,Bank of Valletta Plc,Malta,549300NYKK9MWM7GGW15,ING Groep N.V.,Netherlands,0.3569,0.0000,0.0017,0.0006,24,Germany|France|United Kingdom,ja
2025-06-30,529900RWC8ZYB066JF16,Bank of Valletta Plc,Malta,549300TRUWO2CD2G5692,"UNICREDIT, SOCIETA' PER AZIONI",Italy,0.4127,0.0000,0.0017,0.0045,25,Germany|United Kingdom|France,ja
2025-06-30,529900RWC8ZYB066JF16,Bank of Valletta Plc,Malta,635400AKJBGNS5WNQL34,AIB Group plc,Ireland,0.4921,0.0000,0.0017,0.0000,22,United Kingdom|France|Netherlands,ja
2025-06-30,529900RWC8ZYB066JF16,Bank of Valletta Plc,Malta,635400C8EK6DRI12LJ39,Bank of Ireland Group plc,Ireland,0.4191,0.0000,0.0017,0.0000,23,United Kingdom|France|Germany,ja
2025-06-30,529900RWC8ZYB066JF16,Bank of Valletta Plc,Malta,6SHGI4ZSSLCXXQSBB395,Citibank Europe plc,Ireland,0.4240,0.0000,0.0017,0.0003,24,Germany|France|United Kingdom,ja
2025-06-30,529900RWC8ZYB066JF16,Bank of Valletta Plc,Malta,724500A1FNICHSDF2I11,ASN Bank N.V.,Netherlands,0.3509,0.0000,0.0000,,8,Germany|France|United Kingdom,ja
2025-06-30,529900RWC8ZYB066JF16,Bank of Valletta Plc,Malta,724500JIWG886A9RRT57,RBS Holdings N.V.,Netherlands,0.3855,0.0000,0.0000,,10,Germany|France|Sweden,ja
2025-06-30,529900RWC8ZYB066JF16,Bank of Valletta Plc,Malta,7437003B5WFBOIEFY714,OP Osuuskunta,Finland,0.4146,0.0000,0.0000,,16,Germany|Sweden|France,ja
2025-06-30,529900RWC8ZYB066JF16,Bank of Valletta Plc,Malta,7CUNS533WID6K7DGFI87,"CaixaBank, S.A.",Spain,0.3154,0.0000,0.0017,0.0037,25,Germany|United Kingdom|France,ja
2025-06-30,529900RWC8ZYB066JF16,Bank of Valletta Plc,Malta,815600AD83B2B6317788,CREDITO EMILIANO HOLDING SOCIETA' PER AZIONI,Italy,0.3308,0.0000,0.0017,0.0000,18,France|United Kingdom|Netherlands,ja
2025-06-30,529900RWC8ZYB066JF16,Bank of Valletta Plc,Malta,815600E4E6DCD2D25E30,BANCO BPM SOCIETA' PER AZIONI,Italy,0.4803,0.0000,0.0000,0.3722,24,United Kingdom|Germany|France,ja
2025-06-30,529900RWC8ZYB066JF16,Bank of Valletta Plc,Malta,95980020140005881190,Banco de Crédito Social Cooperativo,Spain,0.6097,0.0000,0.0000,,23,Germany|United Kingdom|France,ja
2025-06-30,529900RWC8ZYB066JF16,Bank of Valletta Plc,Malta,9695000CG7B84NLR5984,Caisse fédérale de crédit mutuel,France,0.5016,0.0000,0.0000,,22,Germany|United Kingdom|Netherlands,ja
2025-06-30,529900RWC8ZYB066JF16,Bank of Valletta Plc,Malta,969500F7JLTX36OUI695,RCI Banque,France,0.4642,0.0000,0.0017,0.0000,12,Germany|United Kingdom|Netherlands,ja
2025-06-30,529900RWC8ZYB066JF16,Bank of Valletta Plc,Malta,969500TJ5KRTCJQWXH05,CRÉDIT AGRICOLE AUTO BANK S.P.A.,Italy,0.5936,0.0000,0.0017,0.0000,15,United Kingdom|Germany|France,ja
2025-06-30,529900RWC8ZYB066JF16,Bank of Valletta Plc,Malta,A5GWLFH3KM7YV2SFQL84,Belfius Bank,Belgium,0.4878,0.0004,0.0017,0.2411,23,United Kingdom|France|Netherlands,ja
2025-06-30,529900RWC8ZYB066JF16,Bank of Valletta Plc,Malta,BFXS5XCH7N0Y05NIXW11,ABN AMRO Bank N.V.,Netherlands,0.5886,0.0000,0.0000,,22,United Kingdom|Germany|France,ja
2025-06-30,529900RWC8ZYB066JF16,Bank of Valletta Plc,Malta,DIZES5CFO5K3I5R58746,Landesbank Hessen-Thüringen Girozentrale,Germany,0.3160,0.0000,0.0017,0.0003,24,United Kingdom|France|Netherlands,ja
2025-06-30,529900RWC8ZYB066JF16,Bank of Valletta Plc,Malta,DZZ47B9A52ZJ6LT6VV95,Deutsche Pfandbriefbank AG,Germany,0.3395,0.0000,0.0017,0.0000,11,United Kingdom|France|Sweden,ja
2025-06-30,529900RWC8ZYB066JF16,Bank of Valletta Plc,Malta,J48C8PCSJVUBR8KCW529,BANCA POPOLARE DI SONDRIO SOCIETA' PER AZIONI,Italy,0.6273,0.0017,0.0017,1.0000,24,United Kingdom|Germany|France,ja
2025-06-30,529900RWC8ZYB066JF16,Bank of Valletta Plc,Malta,J4CP7MHCXR8DAQMKIL78,MEDIOBANCA - BANCA DI CREDITO FINANZIARIO S.P.A.,Italy,0.4107,0.0003,0.0017,0.1980,25,United Kingdom|France|Germany,ja
2025-06-30,529900RWC8ZYB066JF16,Bank of Valletta Plc,Malta,M6AD1Y1KW32H8THQ6F76,Piraeus Financial Holdings,Greece,0.4623,0.0000,0.0000,,22,United Kingdom|France|Germany,ja
2025-06-30,529900RWC8ZYB066JF16,Bank of Valletta Plc,Malta,MLU0ZO3ML4LN2LL2TL39,HSBC Continental Europe,France,0.3694,0.0000,0.0017,0.0263,23,Germany|United Kingdom|Netherlands,ja
2025-06-30,529900RWC8ZYB066JF16,Bank of Valletta Plc,Malta,N747OI7JINV7RUUH6190,BPER Banca S.p.A.,Italy,0.3346,0.0000,0.0017,0.0036,25,France|Germany|Netherlands,ja
2025-06-30,529900RWC8ZYB066JF16,Bank of Valletta Plc,Malta,NHBDILHZTYCNBV5UYZ31,Svenska Handelsbanken - gruppen,Sweden,0.3928,0.0000,0.0017,0.0000,23,United Kingdom|Netherlands|Norway,ja
2025-06-30,529900RWC8ZYB066JF16,Bank of Valletta Plc,Malta,NNVPP80YIZGEY2314M97,ICCREA BANCA S.P.A. - ISTITUTO CENTRALE DEL CREDITO COOPERATIVO (IN FORMA ABBREVIATA: ICCREA BANCA S.P.A.),Italy,0.3924,0.0000,0.0000,,20,Germany|France|Netherlands,ja
2025-06-30,529900RWC8ZYB066JF16,Bank of Valletta Plc,Malta,O2RNE8IBXP4R0TD8PU41,Société générale S.A.,France,0.3901,0.0000,0.0000,,20,United Kingdom|Germany|Netherlands,ja
2025-06-30,529900RWC8ZYB066JF16,Bank of Valletta Plc,Malta,P4GTT6GF1W40CVIMFR43,Powszechna Kasa Oszczednosci Bank Polski S.A.,Poland,0.3703,0.0000,0.0017,0.0000,19,Germany|Netherlands|France,ja
2025-06-30,529900RWC8ZYB066JF16,Bank of Valletta Plc,Malta,QLPCKOOKVX32FUELX240,Bank Polska Kasa Opieki S.A.,Poland,0.3261,0.0000,0.0017,0.0001,25,United Kingdom|Germany|Netherlands,ja
2025-06-30,529900RWC8ZYB066JF16,Bank of Valletta Plc,Malta,R7CQUF1DQM73HUTV1078,"Banque et Caisse d´Epargne de l´Etat, Luxembourg",Luxembourg,0.4446,0.0000,0.0017,0.0000,21,Germany|France|Sweden,ja
2025-06-30,529900RWC8ZYB066JF16,Bank of Valletta Plc,Malta,SI5RG2M0WQQLZCXKRM20,"Banco de Sabadell, S.A.",Spain,0.4494,0.0000,0.0002,0.0000,23,United Kingdom|France|Netherlands,ja
2025-06-30,529900RWC8ZYB066JF16,Bank of Valletta Plc,Malta,VDYMYTQGZZ6DU0912C88,Bayerische Landesbank,Germany,0.3869,0.0000,0.0017,0.0007,24,United Kingdom|France|Netherlands,ja
2025-06-30,529900XSTAE561178282,Raiffeisenbankengruppe OÖ Verbund eGen,Austria,549300NYKK9MWM7GGW15,ING Groep N.V.,Netherlands,0.4515,0.0032,0.0078,0.4160,76,Germany|Poland|France,ja
2025-06-30,529900XSTAE561178282,Raiffeisenbankengruppe OÖ Verbund eGen,Austria,549300TRUWO2CD2G5692,"UNICREDIT, SOCIETA' PER AZIONI",Italy,0.6452,0.0018,0.0078,0.2373,74,Germany|Czechia|France,ja
2025-06-30,529900XSTAE561178282,Raiffeisenbankengruppe OÖ Verbund eGen,Austria,6SHGI4ZSSLCXXQSBB395,Citibank Europe plc,Ireland,0.3534,0.0026,0.0078,0.3385,73,Germany|Poland|France,ja
2025-06-30,529900XSTAE561178282,Raiffeisenbankengruppe OÖ Verbund eGen,Austria,95980020140005881190,Banco de Crédito Social Cooperativo,Spain,0.4301,0.0000,0.0000,,24,Germany|France|Luxembourg,ja
2025-06-30,529900XSTAE561178282,Raiffeisenbankengruppe OÖ Verbund eGen,Austria,9695000CG7B84NLR5984,Caisse fédérale de crédit mutuel,France,0.5737,0.0000,0.0000,,25,Germany|Luxembourg|Netherlands,ja
2025-06-30,529900XSTAE561178282,Raiffeisenbankengruppe OÖ Verbund eGen,Austria,969500F7JLTX36OUI695,RCI Banque,France,0.3803,0.0008,0.0078,0.1070,25,Germany|Poland|Netherlands,ja
2025-06-30,529900XSTAE561178282,Raiffeisenbankengruppe OÖ Verbund eGen,Austria,969500TJ5KRTCJQWXH05,CRÉDIT AGRICOLE AUTO BANK S.P.A.,Italy,0.3575,0.0006,0.0078,0.0748,25,Germany|Czechia|France,ja
2025-06-30,529900XSTAE561178282,Raiffeisenbankengruppe OÖ Verbund eGen,Austria,9ZHRYM6F437SQJ6OUG95,Raiffeisen Bank International AG,Austria,0.3663,0.0026,0.0078,0.3299,75,Czechia|Romania|Slovakia,nein
2025-06-30,529900XSTAE561178282,Raiffeisenbankengruppe OÖ Verbund eGen,Austria,J48C8PCSJVUBR8KCW529,BANCA POPOLARE DI SONDRIO SOCIETA' PER AZIONI,Italy,0.3581,0.0000,0.0039,0.0000,25,Germany|France|Luxembourg,ja
2025-06-30,529900XSTAE561178282,Raiffeisenbankengruppe OÖ Verbund eGen,Austria,MLU0ZO3ML4LN2LL2TL39,HSBC Continental Europe,France,0.3849,0.0026,0.0078,0.3345,72,Germany|Luxembourg|Poland,ja
2025-06-30,529900XSTAE561178282,Raiffeisenbankengruppe OÖ Verbund eGen,Austria,NNVPP80YIZGEY2314M97,ICCREA BANCA S.P.A. - ISTITUTO CENTRALE DEL CREDITO COOPERATIVO (IN FORMA ABBREVIATA: ICCREA BANCA S.P.A.),Italy,0.3345,0.0000,0.0000,,21,Germany|France|Luxembourg,ja
2025-06-30,529900XSTAE561178282,Raiffeisenbankengruppe OÖ Verbund eGen,Austria,O2RNE8IBXP4R0TD8PU41,Société générale S.A.,France,0.4005,0.0000,0.0000,,21,Germany|Czechia|Romania,ja
2025-06-30,529900XSTAE561178282,Raiffeisenbankengruppe OÖ Verbund eGen,Austria,P4GTT6GF1W40CVIMFR43,Powszechna Kasa Oszczednosci Bank Polski S.A.,Poland,0.4497,0.0006,0.0078,0.0775,29,Germany|Czechia|France,ja
2025-06-30,5493008QOCP58OLEN998,Argenta Bank- en Verzekeringsgroep NV,Belgium,NNVPP80YIZGEY2314M97,ICCREA BANCA S.P.A. - ISTITUTO CENTRALE DEL CREDITO COOPERATIVO (IN FORMA ABBREVIATA: ICCREA BANCA S.P.A.),Italy,0.3090,0.0000,0.0000,,19,Netherlands|Germany|France,ja
2025-06-30,549300DYPOFMXOR7XM56,Crelan,Belgium,549300EHNXQVOI120S55,Coop Pank AS,Estonia,0.4222,0.0000,0.0008,0.0000,16,France|Switzerland|Spain,ja
2025-06-30,549300DYPOFMXOR7XM56,Crelan,Belgium,549300L7YCATGO57ZE10,FINECOBANK BANCA FINECO S.P.A. (IN BREVE FINECOBANK S.P.A. OVVERO BANCA FINECO S.P.A. OVVERO FINECO BANCA S.P.A.),Italy,0.6407,0.0017,0.0106,0.1590,78,France|Netherlands|Germany,ja
2025-06-30,549300DYPOFMXOR7XM56,Crelan,Belgium,549300NYKK9MWM7GGW15,ING Groep N.V.,Netherlands,0.3113,0.0066,0.0223,0.2951,97,Germany|Luxembourg|France,ja
2025-06-30,549300DYPOFMXOR7XM56,Crelan,Belgium,6SHGI4ZSSLCXXQSBB395,Citibank Europe plc,Ireland,0.4567,0.0081,0.0223,0.3647,91,France|Germany|Netherlands,ja
2025-06-30,549300DYPOFMXOR7XM56,Crelan,Belgium,724500A1FNICHSDF2I11,ASN Bank N.V.,Netherlands,0.5725,0.0000,0.0000,,12,France|Germany|Luxembourg,ja
2025-06-30,549300DYPOFMXOR7XM56,Crelan,Belgium,724500JIWG886A9RRT57,RBS Holdings N.V.,Netherlands,0.5874,0.0000,0.0000,,13,France|Germany|Luxembourg,ja
2025-06-30,549300DYPOFMXOR7XM56,Crelan,Belgium,7437003B5WFBOIEFY714,OP Osuuskunta,Finland,0.3597,0.0000,0.0000,,14,France|Germany|Netherlands,ja
2025-06-30,549300DYPOFMXOR7XM56,Crelan,Belgium,7CUNS533WID6K7DGFI87,"CaixaBank, S.A.",Spain,0.3241,0.0045,0.0223,0.2026,97,Germany|France|Netherlands,ja
2025-06-30,549300DYPOFMXOR7XM56,Crelan,Belgium,815600AD83B2B6317788,CREDITO EMILIANO HOLDING SOCIETA' PER AZIONI,Italy,0.6078,0.0001,0.0045,0.0217,29,France|Netherlands|Luxembourg,ja
2025-06-30,549300DYPOFMXOR7XM56,Crelan,Belgium,815600E4E6DCD2D25E30,BANCO BPM SOCIETA' PER AZIONI,Italy,0.6983,0.0000,0.0000,0.0000,24,France|Netherlands|Luxembourg,ja
2025-06-30,549300DYPOFMXOR7XM56,Crelan,Belgium,95980020140005881190,Banco de Crédito Social Cooperativo,Spain,0.5026,0.0000,0.0000,,22,Germany|Luxembourg|France,ja
2025-06-30,549300DYPOFMXOR7XM56,Crelan,Belgium,9695000CG7B84NLR5984,Caisse fédérale de crédit mutuel,France,0.3803,0.0000,0.0000,,23,Germany|Luxembourg|Netherlands,ja
2025-06-30,549300DYPOFMXOR7XM56,Crelan,Belgium,969500TJ5KRTCJQWXH05,CRÉDIT AGRICOLE AUTO BANK S.P.A.,Italy,0.3952,0.0006,0.0168,0.0373,25,France|Germany|Netherlands,ja
2025-06-30,549300DYPOFMXOR7XM56,Crelan,Belgium,A5GWLFH3KM7YV2SFQL84,Belfius Bank,Belgium,0.5199,0.0000,0.0091,0.0000,34,France|Netherlands|Luxembourg,nein
2025-06-30,549300DYPOFMXOR7XM56,Crelan,Belgium,BFXS5XCH7N0Y05NIXW11,ABN AMRO Bank N.V.,Netherlands,0.4926,0.0000,0.0000,,24,France|Germany|Luxembourg,ja
2025-06-30,549300DYPOFMXOR7XM56,Crelan,Belgium,DIZES5CFO5K3I5R58746,Landesbank Hessen-Thüringen Girozentrale,Germany,0.3634,0.0040,0.0195,0.2061,82,France|Luxembourg|Netherlands,ja
2025-06-30,549300DYPOFMXOR7XM56,Crelan,Belgium,DZZ47B9A52ZJ6LT6VV95,Deutsche Pfandbriefbank AG,Germany,0.3533,0.0004,0.0058,0.0694,19,France|Netherlands|United Kingdom,ja
2025-06-30,549300DYPOFMXOR7XM56,Crelan,Belgium,FR9695005MSX1OYEMGDF,Groupe BPCE,France,0.3111,0.0070,0.0223,0.3160,94,Luxembourg|Germany|Netherlands,ja
2025-06-30,549300DYPOFMXOR7XM56,Crelan,Belgium,J48C8PCSJVUBR8KCW529,BANCA POPOLARE DI SONDRIO SOCIETA' PER AZIONI,Italy,0.5566,0.0000,0.0039,0.0000,23,France|Germany|Luxembourg,ja
2025-06-30,549300DYPOFMXOR7XM56,Crelan,Belgium,J4CP7MHCXR8DAQMKIL78,MEDIOBANCA - BANCA DI CREDITO FINANZIARIO S.P.A.,Italy,0.4401,0.0040,0.0223,0.1815,41,France|Luxembourg|Netherlands,ja
2025-06-30,549300DYPOFMXOR7XM56,Crelan,Belgium,MLU0ZO3ML4LN2LL2TL39,HSBC Continental Europe,France,0.4392,0.0052,0.0223,0.2336,74,Germany|Luxembourg|Netherlands,ja
2025-06-30,549300DYPOFMXOR7XM56,Crelan,Belgium,N747OI7JINV7RUUH6190,BPER Banca S.p.A.,Italy,0.6327,0.0080,0.0223,0.3605,89,France|Netherlands|Germany,ja
2025-06-30,549300DYPOFMXOR7XM56,Crelan,Belgium,NNVPP80YIZGEY2314M97,ICCREA BANCA S.P.A. - ISTITUTO CENTRALE DEL CREDITO COOPERATIVO (IN FORMA ABBREVIATA: ICCREA BANCA S.P.A.),Italy,0.7684,0.0000,0.0000,,19,France|Netherlands|Germany,ja
2025-06-30,549300DYPOFMXOR7XM56,Crelan,Belgium,O2RNE8IBXP4R0TD8PU41,Société générale S.A.,France,0.3561,0.0000,0.0000,,19,Germany|Luxembourg|Netherlands,ja
2025-06-30,549300DYPOFMXOR7XM56,Crelan,Belgium,P4GTT6GF1W40CVIMFR43,Powszechna Kasa Oszczednosci Bank Polski S.A.,Poland,0.4509,0.0001,0.0223,0.0023,30,Germany|Netherlands|Luxembourg,ja
2025-06-30,549300DYPOFMXOR7XM56,Crelan,Belgium,QLPCKOOKVX32FUELX240,Bank Polska Kasa Opieki S.A.,Poland,0.3454,0.0007,0.0223,0.0298,79,Luxembourg|Germany|Netherlands,ja
2025-06-30,549300DYPOFMXOR7XM56,Crelan,Belgium,R7CQUF1DQM73HUTV1078,"Banque et Caisse d´Epargne de l´Etat, Luxembourg",Luxembourg,0.5813,0.0000,0.0051,0.0000,21,France|Netherlands|Germany,ja
2025-06-30,549300DYPOFMXOR7XM56,Crelan,Belgium,TUKDD90GPC79G1KOE162,Hamburg Commercial Bank AG,Germany,0.3394,0.0006,0.0223,0.0252,27,Luxembourg|Netherlands|France,ja
2025-06-30,549300DYPOFMXOR7XM56,Crelan,Belgium,VDYMYTQGZZ6DU0912C88,Bayerische Landesbank,Germany,0.5933,0.0006,0.0019,0.2994,91,France|Netherlands|Luxembourg,ja
2025-06-30,549300EHNXQVOI120S55,Coop Pank AS,Estonia,724500A1FNICHSDF2I11,ASN Bank N.V.,Netherlands,0.3021,0.0000,0.0000,,9,France|Belgium|Denmark,ja
2025-06-30,549300EHNXQVOI120S55,Coop Pank AS,Estonia,724500JIWG886A9RRT57,RBS Holdings N.V.,Netherlands,0.4098,0.0000,0.0000,,11,France|Belgium|Switzerland,ja
2025-06-30,549300EHNXQVOI120S55,Coop Pank AS,Estonia,815600AD83B2B6317788,CREDITO EMILIANO HOLDING SOCIETA' PER AZIONI,Italy,0.3772,0.0000,0.0008,0.0000,12,France|Switzerland|Spain,ja
2025-06-30,549300EHNXQVOI120S55,Coop Pank AS,Estonia,N747OI7JINV7RUUH6190,BPER Banca S.p.A.,Italy,0.3710,0.0002,0.0008,0.2684,19,France|Finland|Switzerland,ja
2025-06-30,549300EHNXQVOI120S55,Coop Pank AS,Estonia,NNVPP80YIZGEY2314M97,ICCREA BANCA S.P.A. - ISTITUTO CENTRALE DEL CREDITO COOPERATIVO (IN FORMA ABBREVIATA: ICCREA BANCA S.P.A.),Italy,0.4279,0.0000,0.0000,,11,France|Belgium|Sweden,ja
2025-06-30,549300GKFG0RYRRQ1414,DNB BANK ASA,Norway,549300IQZVZ949N37S44,Euroclear Holding,Belgium,0.3566,0.0000,0.0000,0.0000,16,Sweden|United States|United Kingdom,ja
2025-06-30,549300GKFG0RYRRQ1414,DNB BANK ASA,Norway,549300L7YCATGO57ZE10,FINECOBANK BANCA FINECO S.P.A. (IN BREVE FINECOBANK S.P.A. OVVERO BANCA FINECO S.P.A. OVVERO FINECO BANCA S.P.A.),Italy,0.4145,0.0000,0.0000,1.0000,26,United States|United Kingdom|Germany,ja
2025-06-30,549300GKFG0RYRRQ1414,DNB BANK ASA,Norway,549300NYKK9MWM7GGW15,ING Groep N.V.,Netherlands,0.3322,0.0000,0.0000,1.0000,26,United States|Germany|Luxembourg,ja
2025-06-30,549300GKFG0RYRRQ1414,DNB BANK ASA,Norway,635400AKJBGNS5WNQL34,AIB Group plc,Ireland,0.4065,0.0000,0.0000,1.0000,25,United States|United Kingdom|Luxembourg,ja
2025-06-30,549300GKFG0RYRRQ1414,DNB BANK ASA,Norway,6SHGI4ZSSLCXXQSBB395,Citibank Europe plc,Ireland,0.3774,0.0000,0.0000,1.0000,26,United Kingdom|Germany|United States,ja
2025-06-30,549300GKFG0RYRRQ1414,DNB BANK ASA,Norway,7437003B5WFBOIEFY714,OP Osuuskunta,Finland,0.3168,0.0000,0.0000,,15,Sweden|Germany|Netherlands,ja
2025-06-30,549300GKFG0RYRRQ1414,DNB BANK ASA,Norway,7CUNS533WID6K7DGFI87,"CaixaBank, S.A.",Spain,0.3145,0.0000,0.0000,1.0000,27,United Kingdom|United States|Germany,ja
2025-06-30,549300GKFG0RYRRQ1414,DNB BANK ASA,Norway,7LTWFZYICNSX8D621K86,DEUTSCHE BANK AKTIENGESELLSCHAFT,Germany,0.4205,0.0000,0.0000,0.0000,24,United States|Luxembourg|United Kingdom,ja
2025-06-30,549300GKFG0RYRRQ1414,DNB BANK ASA,Norway,815600AD83B2B6317788,CREDITO EMILIANO HOLDING SOCIETA' PER AZIONI,Italy,0.4774,0.0000,0.0000,0.0000,18,United States|United Kingdom|Luxembourg,ja
2025-06-30,549300GKFG0RYRRQ1414,DNB BANK ASA,Norway,815600E4E6DCD2D25E30,BANCO BPM SOCIETA' PER AZIONI,Italy,0.3090,0.0000,0.0000,0.0000,23,United Kingdom|Luxembourg|Germany,ja
2025-06-30,549300GKFG0RYRRQ1414,DNB BANK ASA,Norway,95980020140005881190,Banco de Crédito Social Cooperativo,Spain,0.3127,0.0000,0.0000,,22,United Kingdom|Luxembourg|Germany,ja
2025-06-30,549300GKFG0RYRRQ1414,DNB BANK ASA,Norway,9695000CG7B84NLR5984,Caisse fédérale de crédit mutuel,France,0.3106,0.0000,0.0000,,22,United Kingdom|Luxembourg|Germany,ja
2025-06-30,549300GKFG0RYRRQ1414,DNB BANK ASA,Norway,9695005MSX1OYEMGDF46,Natixis,France,0.3604,0.0000,0.0000,1.0000,26,United States|Luxembourg|United Kingdom,ja
2025-06-30,549300GKFG0RYRRQ1414,DNB BANK ASA,Norway,969500Q2PFTTP0Y5QL44,SFIL S.A.,France,0.3068,0.0000,0.0000,0.0000,7,Sweden|Germany|Finland,ja
2025-06-30,549300GKFG0RYRRQ1414,DNB BANK ASA,Norway,A5GWLFH3KM7YV2SFQL84,Belfius Bank,Belgium,0.3568,0.0000,0.0000,0.0000,25,United Kingdom|Luxembourg|United States,ja
2025-06-30,549300GKFG0RYRRQ1414,DNB BANK ASA,Norway,BFXS5XCH7N0Y05NIXW11,ABN AMRO Bank N.V.,Netherlands,0.3164,0.0000,0.0000,,23,United Kingdom|Luxembourg|Germany,ja
2025-06-30,549300GKFG0RYRRQ1414,DNB BANK ASA,Norway,DIZES5CFO5K3I5R58746,Landesbank Hessen-Thüringen Girozentrale,Germany,0.4969,0.0000,0.0000,0.1890,26,United States|United Kingdom|Luxembourg,ja
2025-06-30,549300GKFG0RYRRQ1414,DNB BANK ASA,Norway,DZZ47B9A52ZJ6LT6VV95,Deutsche Pfandbriefbank AG,Germany,0.4685,0.0000,0.0000,0.0000,14,United States|United Kingdom|Sweden,ja
2025-06-30,549300GKFG0RYRRQ1414,DNB BANK ASA,Norway,F3JS33DEI6XQ4ZBPTN86,Skandinaviska Enskilda Banken - gruppen,Sweden,0.3479,0.0000,0.0000,1.0000,26,United Kingdom|Germany|Luxembourg,ja
2025-06-30,549300GKFG0RYRRQ1414,DNB BANK ASA,Norway,FR9695005MSX1OYEMGDF,Groupe BPCE,France,0.3783,0.0000,0.0000,1.0000,26,United States|Luxembourg|Germany,ja
2025-06-30,549300GKFG0RYRRQ1414,DNB BANK ASA,Norway,J48C8PCSJVUBR8KCW529,BANCA POPOLARE DI SONDRIO SOCIETA' PER AZIONI,Italy,0.3228,0.0000,0.0000,0.0000,23,United Kingdom|Luxembourg|Germany,ja
2025-06-30,549300GKFG0RYRRQ1414,DNB BANK ASA,Norway,J4CP7MHCXR8DAQMKIL78,MEDIOBANCA - BANCA DI CREDITO FINANZIARIO S.P.A.,Italy,0.3625,0.0000,0.0000,0.0000,25,United Kingdom|United States|Luxembourg,ja
2025-06-30,549300GKFG0RYRRQ1414,DNB BANK ASA,Norway,MAES062Z21O4RZ2U7M96,Danske Bank A/S,Denmark,0.5605,0.0000,0.0000,,15,Sweden|United Kingdom|Finland,ja
2025-06-30,549300GKFG0RYRRQ1414,DNB BANK ASA,Norway,MLU0ZO3ML4LN2LL2TL39,HSBC Continental Europe,France,0.3270,0.0000,0.0000,1.0000,25,United States|Luxembourg|Germany,ja
2025-06-30,549300GKFG0RYRRQ1414,DNB BANK ASA,Norway,N747OI7JINV7RUUH6190,BPER Banca S.p.A.,Italy,0.3654,0.0000,0.0000,1.0000,27,Luxembourg|United States|Germany,ja
2025-06-30,549300GKFG0RYRRQ1414,DNB BANK ASA,Norway,QLPCKOOKVX32FUELX240,Bank Polska Kasa Opieki S.A.,Poland,0.3140,0.0000,0.0000,0.0715,26,United Kingdom|Luxembourg|Germany,ja
2025-06-30,549300GKFG0RYRRQ1414,DNB BANK ASA,Norway,R0MUWSFPU8MPRO8K5P83,BNP Paribas,France,0.3003,0.0000,0.0000,0.0000,25,United Kingdom|Luxembourg|Germany,ja
2025-06-30,549300GKFG0RYRRQ1414,DNB BANK ASA,Norway,TUKDD90GPC79G1KOE162,Hamburg Commercial Bank AG,Germany,0.4226,0.0000,0.0000,0.0000,16,United States|United Kingdom|Luxembourg,ja
2025-06-30,549300IQZVZ949N37S44,Euroclear Holding,Belgium,549300L7YCATGO57ZE10,FINECOBANK BANCA FINECO S.P.A. (IN BREVE FINECOBANK S.P.A. OVVERO BANCA FINECO S.P.A. OVVERO FINECO BANCA S.P.A.),Italy,0.3755,0.0008,0.0106,0.0732,63,France|United States|United Kingdom,ja
2025-06-30,549300IQZVZ949N37S44,Euroclear Holding,Belgium,635400AKJBGNS5WNQL34,AIB Group plc,Ireland,0.4970,0.0001,0.0276,0.0020,49,United Kingdom|United States|France,ja
2025-06-30,549300IQZVZ949N37S44,Euroclear Holding,Belgium,635400C8EK6DRI12LJ39,Bank of Ireland Group plc,Ireland,0.3983,0.0001,0.0107,0.0064,51,United Kingdom|United States|France,ja
2025-06-30,549300IQZVZ949N37S44,Euroclear Holding,Belgium,6SHGI4ZSSLCXXQSBB395,Citibank Europe plc,Ireland,0.4106,0.0006,0.0621,0.0089,60,France|United Kingdom|Spain,ja
2025-06-30,549300IQZVZ949N37S44,Euroclear Holding,Belgium,724500A1FNICHSDF2I11,ASN Bank N.V.,Netherlands,0.3052,0.0000,0.0000,,11,France|United Kingdom|Spain,ja
2025-06-30,549300IQZVZ949N37S44,Euroclear Holding,Belgium,724500JIWG886A9RRT57,RBS Holdings N.V.,Netherlands,0.4258,0.0000,0.0000,,13,France|Spain|Sweden,ja
2025-06-30,549300IQZVZ949N37S44,Euroclear Holding,Belgium,7LTWFZYICNSX8D621K86,DEUTSCHE BANK AKTIENGESELLSCHAFT,Germany,0.3062,0.0041,0.0681,0.0601,37,United States|United Kingdom|Spain,ja
2025-06-30,549300IQZVZ949N37S44,Euroclear Holding,Belgium,815600AD83B2B6317788,CREDITO EMILIANO HOLDING SOCIETA' PER AZIONI,Italy,0.4846,0.0000,0.0045,0.0000,19,France|United States|United Kingdom,ja
2025-06-30,549300IQZVZ949N37S44,Euroclear Holding,Belgium,815600E4E6DCD2D25E30,BANCO BPM SOCIETA' PER AZIONI,Italy,0.3407,0.0000,0.0000,0.0000,15,United Kingdom|France|Sweden,ja
2025-06-30,549300IQZVZ949N37S44,Euroclear Holding,Belgium,969500F7JLTX36OUI695,RCI Banque,France,0.3142,0.0000,0.0681,0.0000,14,United Kingdom|Spain|Italy,ja
2025-06-30,549300IQZVZ949N37S44,Euroclear Holding,Belgium,969500TJ5KRTCJQWXH05,CRÉDIT AGRICOLE AUTO BANK S.P.A.,Italy,0.5239,0.0000,0.0168,0.0000,17,United Kingdom|France|Spain,ja
2025-06-30,549300IQZVZ949N37S44,Euroclear Holding,Belgium,A5GWLFH3KM7YV2SFQL84,Belfius Bank,Belgium,0.5689,0.0000,0.0091,0.0000,22,United Kingdom|France|United States,nein
2025-06-30,549300IQZVZ949N37S44,Euroclear Holding,Belgium,BFXS5XCH7N0Y05NIXW11,ABN AMRO Bank N.V.,Netherlands,0.5022,0.0000,0.0000,,15,United Kingdom|France|United States,ja
2025-06-30,549300IQZVZ949N37S44,Euroclear Holding,Belgium,DIZES5CFO5K3I5R58746,Landesbank Hessen-Thüringen Girozentrale,Germany,0.4892,0.0000,0.0195,0.0015,60,France|United Kingdom|United States,ja
2025-06-30,549300IQZVZ949N37S44,Euroclear Holding,Belgium,DZZ47B9A52ZJ6LT6VV95,Deutsche Pfandbriefbank AG,Germany,0.5133,0.0000,0.0058,0.0009,16,France|United Kingdom|United States,ja
2025-06-30,549300IQZVZ949N37S44,Euroclear Holding,Belgium,J48C8PCSJVUBR8KCW529,BANCA POPOLARE DI SONDRIO SOCIETA' PER AZIONI,Italy,0.3906,0.0000,0.0039,0.0000,14,United Kingdom|France|Sweden,ja
2025-06-30,549300IQZVZ949N37S44,Euroclear Holding,Belgium,J4CP7MHCXR8DAQMKIL78,MEDIOBANCA - BANCA DI CREDITO FINANZIARIO S.P.A.,Italy,0.5495,0.0000,0.0681,0.0001,26,United Kingdom|France|Spain,ja
2025-06-30,549300IQZVZ949N37S44,Euroclear Holding,Belgium,M6AD1Y1KW32H8THQ6F76,Piraeus Financial Holdings,Greece,0.4174,0.0000,0.0000,,15,United Kingdom|France|Sweden,ja
2025-06-30,549300IQZVZ949N37S44,Euroclear Holding,Belgium,N747OI7JINV7RUUH6190,BPER Banca S.p.A.,Italy,0.3778,0.0010,0.0617,0.0159,62,France|United States|Spain,ja
2025-06-30,549300IQZVZ949N37S44,Euroclear Holding,Belgium,NHBDILHZTYCNBV5UYZ31,Svenska Handelsbanken - gruppen,Sweden,0.3470,0.0002,0.0037,0.0522,57,United Kingdom|Finland|United States,ja
2025-06-30,549300IQZVZ949N37S44,Euroclear Holding,Belgium,SI5RG2M0WQQLZCXKRM20,"Banco de Sabadell, S.A.",Spain,0.3471,0.0000,0.0002,0.0086,15,United Kingdom|France|Netherlands,ja
2025-06-30,549300IQZVZ949N37S44,Euroclear Holding,Belgium,TUKDD90GPC79G1KOE162,Hamburg Commercial Bank AG,Germany,0.3461,0.0000,0.0681,0.0001,25,United Kingdom|United States|France,ja
2025-06-30,549300IQZVZ949N37S44,Euroclear Holding,Belgium,VDYMYTQGZZ6DU0912C88,Bayerische Landesbank,Germany,0.3866,0.0002,0.0019,0.1081,61,United Kingdom|France|Sweden,ja
2025-06-30,549300L7YCATGO57ZE10,FINECOBANK BANCA FINECO S.P.A. (IN BREVE FINECOBANK S.P.A. OVVERO BANCA FINECO S.P.A. OVVERO FINECO BANCA S.P.A.),Italy,549300NYKK9MWM7GGW15,ING Groep N.V.,Netherlands,0.4226,0.0084,0.0106,0.7916,134,United States|Germany|Ireland,ja
2025-06-30,549300L7YCATGO57ZE10,FINECOBANK BANCA FINECO S.P.A. (IN BREVE FINECOBANK S.P.A. OVVERO BANCA FINECO S.P.A. OVVERO FINECO BANCA S.P.A.),Italy,549300TRUWO2CD2G5692,"UNICREDIT, SOCIETA' PER AZIONI",Italy,0.3267,0.0028,0.0106,0.2605,116,Germany|United Kingdom|France,nein
2025-06-30,549300L7YCATGO57ZE10,FINECOBANK BANCA FINECO S.P.A. (IN BREVE FINECOBANK S.P.A. OVVERO BANCA FINECO S.P.A. OVVERO FINECO BANCA S.P.A.),Italy,635400AKJBGNS5WNQL34,AIB Group plc,Ireland,0.4633,0.0034,0.0106,0.3179,85,United States|United Kingdom|France,ja
2025-06-30,549300L7YCATGO57ZE10,FINECOBANK BANCA FINECO S.P.A. (IN BREVE FINECOBANK S.P.A. OVVERO BANCA FINECO S.P.A. OVVERO FINECO BANCA S.P.A.),Italy,6SHGI4ZSSLCXXQSBB395,Citibank Europe plc,Ireland,0.5172,0.0045,0.0106,0.4278,121,France|Germany|Netherlands,ja
2025-06-30,549300L7YCATGO57ZE10,FINECOBANK BANCA FINECO S.P.A. (IN BREVE FINECOBANK S.P.A. OVVERO BANCA FINECO S.P.A. OVVERO FINECO BANCA S.P.A.),Italy,724500A1FNICHSDF2I11,ASN Bank N.V.,Netherlands,0.4865,0.0000,0.0000,,12,France|Germany|United Kingdom,ja
2025-06-30,549300L7YCATGO57ZE10,FINECOBANK BANCA FINECO S.P.A. (IN BREVE FINECOBANK S.P.A. OVVERO BANCA FINECO S.P.A. OVVERO FINECO BANCA S.P.A.),Italy,724500JIWG886A9RRT57,RBS Holdings N.V.,Netherlands,0.5643,0.0000,0.0000,,13,France|Germany|Ireland,ja
2025-06-30,549300L7YCATGO57ZE10,FINECOBANK BANCA FINECO S.P.A. (IN BREVE FINECOBANK S.P.A. OVVERO BANCA FINECO S.P.A. OVVERO FINECO BANCA S.P.A.),Italy,7437003B5WFBOIEFY714,OP Osuuskunta,Finland,0.3392,0.0000,0.0000,,15,France|Germany|Netherlands,ja
2025-06-30,549300L7YCATGO57ZE10,FINECOBANK BANCA FINECO S.P.A. (IN BREVE FINECOBANK S.P.A. OVVERO BANCA FINECO S.P.A. OVVERO FINECO BANCA S.P.A.),Italy,7CUNS533WID6K7DGFI87,"CaixaBank, S.A.",Spain,0.4247,0.0059,0.0106,0.5595,134,Germany|United Kingdom|France,ja
2025-06-30,549300L7YCATGO57ZE10,FINECOBANK BANCA FINECO S.P.A. (IN BREVE FINECOBANK S.P.A. OVVERO BANCA FINECO S.P.A. OVVERO FINECO BANCA S.P.A.),Italy,7LTWFZYICNSX8D621K86,DEUTSCHE BANK AKTIENGESELLSCHAFT,Germany,0.4309,0.0089,0.0106,0.8388,57,United States|United Kingdom|Netherlands,ja
2025-06-30,549300L7YCATGO57ZE10,FINECOBANK BANCA FINECO S.P.A. (IN BREVE FINECOBANK S.P.A. OVVERO BANCA FINECO S.P.A. OVVERO FINECO BANCA S.P.A.),Italy,815600AD83B2B6317788,CREDITO EMILIANO HOLDING SOCIETA' PER AZIONI,Italy,0.7219,0.0006,0.0045,0.1257,30,France|United States|Netherlands,nein
2025-06-30,549300L7YCATGO57ZE10,FINECOBANK BANCA FINECO S.P.A. (IN BREVE FINECOBANK S.P.A. OVVERO BANCA FINECO S.P.A. OVVERO FINECO BANCA S.P.A.),Italy,815600E4E6DCD2D25E30,BANCO BPM SOCIETA' PER AZIONI,Italy,0.6451,0.0000,0.0000,0.0173,26,France|Netherlands|Germany,nein
2025-06-30,549300L7YCATGO57ZE10,FINECOBANK BANCA FINECO S.P.A. (IN BREVE FINECOBANK S.P.A. OVVERO BANCA FINECO S.P.A. OVVERO FINECO BANCA S.P.A.),Italy,95980020140005881190,Banco de Crédito Social Cooperativo,Spain,0.5056,0.0000,0.0000,,23,Germany|France|Netherlands,ja
2025-06-30,549300L7YCATGO57ZE10,FINECOBANK BANCA FINECO S.P.A. (IN BREVE FINECOBANK S.P.A. OVVERO BANCA FINECO S.P.A. OVVERO FINECO BANCA S.P.A.),Italy,9695000CG7B84NLR5984,Caisse fédérale de crédit mutuel,France,0.3377,0.0000,0.0000,,24,Germany|United Kingdom|Netherlands,ja
2025-06-30,549300L7YCATGO57ZE10,FINECOBANK BANCA FINECO S.P.A. (IN BREVE FINECOBANK S.P.A. OVVERO BANCA FINECO S.P.A. OVVERO FINECO BANCA S.P.A.),Italy,9695005MSX1OYEMGDF46,Natixis,France,0.3496,0.0091,0.0106,0.8529,125,United States|United Kingdom|Luxembourg,ja
2025-06-30,549300L7YCATGO57ZE10,FINECOBANK BANCA FINECO S.P.A. (IN BREVE FINECOBANK S.P.A. OVVERO BANCA FINECO S.P.A. OVVERO FINECO BANCA S.P.A.),Italy,969500TJ5KRTCJQWXH05,CRÉDIT AGRICOLE AUTO BANK S.P.A.,Italy,0.4439,0.0001,0.0106,0.0116,27,France|Germany|United Kingdom,nein
2025-06-30,549300L7YCATGO57ZE10,FINECOBANK BANCA FINECO S.P.A. (IN BREVE FINECOBANK S.P.A. OVVERO BANCA FINECO S.P.A. OVVERO FINECO BANCA S.P.A.),Italy,A5GWLFH3KM7YV2SFQL84,Belfius Bank,Belgium,0.5651,0.0001,0.0091,0.0097,34,France|Netherlands|United Kingdom,ja
2025-06-30,549300L7YCATGO57ZE10,FINECOBANK BANCA FINECO S.P.A. (IN BREVE FINECOBANK S.P.A. OVVERO BANCA FINECO S.P.A. OVVERO FINECO BANCA S.P.A.),Italy,BFXS5XCH7N0Y05NIXW11,ABN AMRO Bank N.V.,Netherlands,0.5196,0.0000,0.0000,,25,France|Germany|United Kingdom,ja
2025-06-30,549300L7YCATGO57ZE10,FINECOBANK BANCA FINECO S.P.A. (IN BREVE FINECOBANK S.P.A. OVVERO BANCA FINECO S.P.A. OVVERO FINECO BANCA S.P.A.),Italy,DIZES5CFO5K3I5R58746,Landesbank Hessen-Thüringen Girozentrale,Germany,0.5848,0.0022,0.0106,0.2099,113,United States|France|United Kingdom,ja
2025-06-30,549300L7YCATGO57ZE10,FINECOBANK BANCA FINECO S.P.A. (IN BREVE FINECOBANK S.P.A. OVVERO BANCA FINECO S.P.A. OVVERO FINECO BANCA S.P.A.),Italy,DZZ47B9A52ZJ6LT6VV95,Deutsche Pfandbriefbank AG,Germany,0.6296,0.0025,0.0058,0.4325,25,United States|France|United Kingdom,ja
2025-06-30,549300L7YCATGO57ZE10,FINECOBANK BANCA FINECO S.P.A. (IN BREVE FINECOBANK S.P.A. OVVERO BANCA FINECO S.P.A. OVVERO FINECO BANCA S.P.A.),Italy,FR9695005MSX1OYEMGDF,Groupe BPCE,France,0.3627,0.0094,0.0106,0.8896,134,United States|Germany|United Kingdom,ja
2025-06-30,549300L7YCATGO57ZE10,FINECOBANK BANCA FINECO S.P.A. (IN BREVE FINECOBANK S.P.A. OVVERO BANCA FINECO S.P.A. OVVERO FINECO BANCA S.P.A.),Italy,J48C8PCSJVUBR8KCW529,BANCA POPOLARE DI SONDRIO SOCIETA' PER AZIONI,Italy,0.5155,0.0000,0.0039,0.0000,24,France|Germany|United Kingdom,nein
2025-06-30,549300L7YCATGO57ZE10,FINECOBANK BANCA FINECO S.P.A. (IN BREVE FINECOBANK S.P.A. OVVERO BANCA FINECO S.P.A. OVVERO FINECO BANCA S.P.A.),Italy,J4CP7MHCXR8DAQMKIL78,MEDIOBANCA - BANCA DI CREDITO FINANZIARIO S.P.A.,Italy,0.5642,0.0001,0.0106,0.0138,45,France|United States|United Kingdom,nein
2025-06-30,549300L7YCATGO57ZE10,FINECOBANK BANCA FINECO S.P.A. (IN BREVE FINECOBANK S.P.A. OVVERO BANCA FINECO S.P.A. OVVERO FINECO BANCA S.P.A.),Italy,M6AD1Y1KW32H8THQ6F76,Piraeus Financial Holdings,Greece,0.4268,0.0000,0.0000,,23,France|United Kingdom|Ireland,ja
2025-06-30,549300L7YCATGO57ZE10,FINECOBANK BANCA FINECO S.P.A. (IN BREVE FINECOBANK S.P.A. OVVERO BANCA FINECO S.P.A. OVVERO FINECO BANCA S.P.A.),Italy,MLU0ZO3ML4LN2LL2TL39,HSBC Continental Europe,France,0.4626,0.0045,0.0106,0.4277,102,Germany|Netherlands|United States,ja
2025-06-30,549300L7YCATGO57ZE10,FINECOBANK BANCA FINECO S.P.A. (IN BREVE FINECOBANK S.P.A. OVVERO BANCA FINECO S.P.A. OVVERO FINECO BANCA S.P.A.),Italy,N747OI7JINV7RUUH6190,BPER Banca S.p.A.,Italy,0.5928,0.0048,0.0106,0.4477,128,France|Netherlands|Germany,nein
2025-06-30,549300L7YCATGO57ZE10,FINECOBANK BANCA FINECO S.P.A. (IN BREVE FINECOBANK S.P.A. OVVERO BANCA FINECO S.P.A. OVVERO FINECO BANCA S.P.A.),Italy,NNVPP80YIZGEY2314M97,ICCREA BANCA S.P.A. - ISTITUTO CENTRALE DEL CREDITO COOPERATIVO (IN FORMA ABBREVIATA: ICCREA BANCA S.P.A.),Italy,0.6228,0.0000,0.0000,,20,France|Netherlands|Germany,nein
2025-06-30,549300L7YCATGO57ZE10,FINECOBANK BANCA FINECO S.P.A. (IN BREVE FINECOBANK S.P.A. OVVERO BANCA FINECO S.P.A. OVVERO FINECO BANCA S.P.A.),Italy,O2RNE8IBXP4R0TD8PU41,Société générale S.A.,France,0.3533,0.0000,0.0000,,20,Germany|United Kingdom|Netherlands,ja
2025-06-30,549300L7YCATGO57ZE10,FINECOBANK BANCA FINECO S.P.A. (IN BREVE FINECOBANK S.P.A. OVVERO BANCA FINECO S.P.A. OVVERO FINECO BANCA S.P.A.),Italy,P4GTT6GF1W40CVIMFR43,Powszechna Kasa Oszczednosci Bank Polski S.A.,Poland,0.4193,0.0000,0.0106,0.0015,32,Netherlands|Germany|France,ja
2025-06-30,549300L7YCATGO57ZE10,FINECOBANK BANCA FINECO S.P.A. (IN BREVE FINECOBANK S.P.A. OVVERO BANCA FINECO S.P.A. OVVERO FINECO BANCA S.P.A.),Italy,QLPCKOOKVX32FUELX240,Bank Polska Kasa Opieki S.A.,Poland,0.3509,0.0003,0.0106,0.0259,100,United Kingdom|Germany|Netherlands,ja
2025-06-30,549300L7YCATGO57ZE10,FINECOBANK BANCA FINECO S.P.A. (IN BREVE FINECOBANK S.P.A. OVVERO BANCA FINECO S.P.A. OVVERO FINECO BANCA S.P.A.),Italy,R7CQUF1DQM73HUTV1078,"Banque et Caisse d´Epargne de l´Etat, Luxembourg",Luxembourg,0.5785,0.0000,0.0051,0.0000,22,France|Netherlands|Germany,ja
2025-06-30,549300L7YCATGO57ZE10,FINECOBANK BANCA FINECO S.P.A. (IN BREVE FINECOBANK S.P.A. OVVERO BANCA FINECO S.P.A. OVVERO FINECO BANCA S.P.A.),Italy,TUKDD90GPC79G1KOE162,Hamburg Commercial Bank AG,Germany,0.4951,0.0082,0.0106,0.7700,39,United States|Netherlands|United Kingdom,ja
2025-06-30,549300L7YCATGO57ZE10,FINECOBANK BANCA FINECO S.P.A. (IN BREVE FINECOBANK S.P.A. OVVERO BANCA FINECO S.P.A. OVVERO FINECO BANCA S.P.A.),Italy,VDYMYTQGZZ6DU0912C88,Bayerische Landesbank,Germany,0.5624,0.0006,0.0019,0.3064,128,France|Netherlands|United Kingdom,ja
2025-06-30,549300NYKK9MWM7GGW15,ING Groep N.V.,Netherlands,549300TRUWO2CD2G5692,"UNICREDIT, SOCIETA' PER AZIONI",Italy,0.4776,0.0061,0.0223,0.2725,134,Germany|France|United Kingdom,ja
2025-06-30,549300NYKK9MWM7GGW15,ING Groep N.V.,Netherlands,6SHGI4ZSSLCXXQSBB395,Citibank Europe plc,Ireland,0.4484,0.0204,0.0442,0.4608,153,Germany|United States|Poland,ja
2025-06-30,549300NYKK9MWM7GGW15,ING Groep N.V.,Netherlands,724500A1FNICHSDF2I11,ASN Bank N.V.,Netherlands,0.4660,0.0000,0.0000,,13,Belgium|Germany|Luxembourg,nein
2025-06-30,549300NYKK9MWM7GGW15,ING Groep N.V.,Netherlands,724500JIWG886A9RRT57,RBS Holdings N.V.,Netherlands,0.4458,0.0000,0.0000,,14,Germany|United States|Ireland,nein
2025-06-30,549300NYKK9MWM7GGW15,ING Groep N.V.,Netherlands,7CUNS533WID6K7DGFI87,"CaixaBank, S.A.",Spain,0.3888,0.0139,0.0442,0.3148,185,Germany|United States|Luxembourg,ja
2025-06-30,549300NYKK9MWM7GGW15,ING Groep N.V.,Netherlands,7LTWFZYICNSX8D621K86,DEUTSCHE BANK AKTIENGESELLSCHAFT,Germany,0.4336,0.0241,0.0442,0.5449,60,United States|Luxembourg|Spain,ja
2025-06-30,549300NYKK9MWM7GGW15,ING Groep N.V.,Netherlands,815600AD83B2B6317788,CREDITO EMILIANO HOLDING SOCIETA' PER AZIONI,Italy,0.3477,0.0007,0.0045,0.1599,29,United States|Germany|Luxembourg,ja
2025-06-30,549300NYKK9MWM7GGW15,ING Groep N.V.,Netherlands,815600E4E6DCD2D25E30,BANCO BPM SOCIETA' PER AZIONI,Italy,0.3409,0.0000,0.0000,1.0000,27,Germany|Belgium|Luxembourg,ja
2025-06-30,549300NYKK9MWM7GGW15,ING Groep N.V.,Netherlands,95980020140005881190,Banco de Crédito Social Cooperativo,Spain,0.4449,0.0000,0.0000,,23,Germany|Luxembourg|Ireland,ja
2025-06-30,549300NYKK9MWM7GGW15,ING Groep N.V.,Netherlands,9695000CG7B84NLR5984,Caisse fédérale de crédit mutuel,France,0.4489,0.0000,0.0000,,24,Germany|Australia|Luxembourg,ja
2025-06-30,549300NYKK9MWM7GGW15,ING Groep N.V.,Netherlands,9695005MSX1OYEMGDF46,Natixis,France,0.3975,0.0208,0.0442,0.4713,167,United States|Luxembourg|United Kingdom,ja
2025-06-30,549300NYKK9MWM7GGW15,ING Groep N.V.,Netherlands,969500F7JLTX36OUI695,RCI Banque,France,0.4545,0.0015,0.0442,0.0338,26,Germany|Spain|Poland,ja
2025-06-30,549300NYKK9MWM7GGW15,ING Groep N.V.,Netherlands,969500TJ5KRTCJQWXH05,CRÉDIT AGRICOLE AUTO BANK S.P.A.,Italy,0.3986,0.0004,0.0168,0.0236,26,Germany|Spain|France,ja
2025-06-30,549300NYKK9MWM7GGW15,ING Groep N.V.,Netherlands,A5GWLFH3KM7YV2SFQL84,Belfius Bank,Belgium,0.3312,0.0003,0.0091,0.0322,36,United States|Luxembourg|Germany,ja
2025-06-30,549300NYKK9MWM7GGW15,ING Groep N.V.,Netherlands,BFXS5XCH7N0Y05NIXW11,ABN AMRO Bank N.V.,Netherlands,0.4562,0.0000,0.0000,,26,Germany|Belgium|United States,nein
2025-06-30,549300NYKK9MWM7GGW15,ING Groep N.V.,Netherlands,DIZES5CFO5K3I5R58746,Landesbank Hessen-Thüringen Girozentrale,Germany,0.4328,0.0099,0.0195,0.5051,130,United States|Poland|Luxembourg,ja
2025-06-30,549300NYKK9MWM7GGW15,ING Groep N.V.,Netherlands,DZZ47B9A52ZJ6LT6VV95,Deutsche Pfandbriefbank AG,Germany,0.3240,0.0026,0.0058,0.4437,25,United States|Poland|Spain,ja
2025-06-30,549300NYKK9MWM7GGW15,ING Groep N.V.,Netherlands,F3JS33DEI6XQ4ZBPTN86,Skandinaviska Enskilda Banken - gruppen,Sweden,0.3018,0.0189,0.0442,0.4288,148,Germany|Luxembourg|United Kingdom,ja
2025-06-30,549300NYKK9MWM7GGW15,ING Groep N.V.,Netherlands,FR9695005MSX1OYEMGDF,Groupe BPCE,France,0.4453,0.0192,0.0442,0.4353,191,United States|Germany|Luxembourg,ja
2025-06-30,549300NYKK9MWM7GGW15,ING Groep N.V.,Netherlands,J48C8PCSJVUBR8KCW529,BANCA POPOLARE DI SONDRIO SOCIETA' PER AZIONI,Italy,0.3886,0.0000,0.0039,0.0002,25,Germany|Luxembourg|France,ja
2025-06-30,549300NYKK9MWM7GGW15,ING Groep N.V.,Netherlands,J4CP7MHCXR8DAQMKIL78,MEDIOBANCA - BANCA DI CREDITO FINANZIARIO S.P.A.,Italy,0.3878,0.0020,0.0442,0.0447,46,United States|Germany|Luxembourg,ja
2025-06-30,549300NYKK9MWM7GGW15,ING Groep N.V.,Netherlands,MLU0ZO3ML4LN2LL2TL39,HSBC Continental Europe,France,0.5735,0.0140,0.0357,0.3927,109,Germany|United States|Luxembourg,ja
2025-06-30,549300NYKK9MWM7GGW15,ING Groep N.V.,Netherlands,N747OI7JINV7RUUH6190,BPER Banca S.p.A.,Italy,0.4038,0.0252,0.0442,0.5699,160,Germany|United States|Luxembourg,ja
2025-06-30,549300NYKK9MWM7GGW15,ING Groep N.V.,Netherlands,NNVPP80YIZGEY2314M97,ICCREA BANCA S.P.A. - ISTITUTO CENTRALE DEL CREDITO COOPERATIVO (IN FORMA ABBREVIATA: ICCREA BANCA S.P.A.),Italy,0.3377,0.0000,0.0000,,20,Germany|Ireland|France,ja
2025-06-30,549300NYKK9MWM7GGW15,ING Groep N.V.,Netherlands,O2RNE8IBXP4R0TD8PU41,Société générale S.A.,France,0.3246,0.0000,0.0000,,20,Germany|Belgium|Luxembourg,ja
2025-06-30,549300NYKK9MWM7GGW15,ING Groep N.V.,Netherlands,P4GTT6GF1W40CVIMFR43,Powszechna Kasa Oszczednosci Bank Polski S.A.,Poland,0.3882,0.0002,0.0442,0.0047,32,Germany|Luxembourg|France,ja
2025-06-30,549300NYKK9MWM7GGW15,ING Groep N.V.,Netherlands,QLPCKOOKVX32FUELX240,Bank Polska Kasa Opieki S.A.,Poland,0.3161,0.0007,0.0232,0.0321,118,Germany|Luxembourg|Spain,ja
2025-06-30,549300NYKK9MWM7GGW15,ING Groep N.V.,Netherlands,R0MUWSFPU8MPRO8K5P83,BNP Paribas,France,0.4638,0.0004,0.0011,0.3500,67,Belgium|Germany|Poland,ja
2025-06-30,549300NYKK9MWM7GGW15,ING Groep N.V.,Netherlands,R7CQUF1DQM73HUTV1078,"Banque et Caisse d´Epargne de l´Etat, Luxembourg",Luxembourg,0.3886,0.0000,0.0051,0.0000,22,Germany|Belgium|Australia,ja
2025-06-30,549300NYKK9MWM7GGW15,ING Groep N.V.,Netherlands,TUKDD90GPC79G1KOE162,Hamburg Commercial Bank AG,Germany,0.3831,0.0252,0.0442,0.5713,39,United States|Luxembourg|Ireland,ja
2025-06-30,549300TRUWO2CD2G5692,"UNICREDIT, SOCIETA' PER AZIONI",Italy,6SHGI4ZSSLCXXQSBB395,Citibank Europe plc,Ireland,0.3756,0.0053,0.0223,0.2360,119,Germany|United Kingdom|France,ja
2025-06-30,549300TRUWO2CD2G5692,"UNICREDIT, SOCIETA' PER AZIONI",Italy,724500A1FNICHSDF2I11,ASN Bank N.V.,Netherlands,0.3251,0.0000,0.0000,,12,Germany|Austria|United Kingdom,ja
2025-06-30,549300TRUWO2CD2G5692,"UNICREDIT, SOCIETA' PER AZIONI",Italy,724500JIWG886A9RRT57,RBS Holdings N.V.,Netherlands,0.3537,0.0000,0.0000,,13,Germany|United Kingdom|France,ja
2025-06-30,549300TRUWO2CD2G5692,"UNICREDIT, SOCIETA' PER AZIONI",Italy,7CUNS533WID6K7DGFI87,"CaixaBank, S.A.",Spain,0.3095,0.0074,0.0223,0.3319,134,Germany|United Kingdom|France,ja
2025-06-30,549300TRUWO2CD2G5692,"UNICREDIT, SOCIETA' PER AZIONI",Italy,95980020140005881190,Banco de Crédito Social Cooperativo,Spain,0.4738,0.0000,0.0000,,24,Germany|United Kingdom|France,ja
2025-06-30,549300TRUWO2CD2G5692,"UNICREDIT, SOCIETA' PER AZIONI",Italy,9695000CG7B84NLR5984,Caisse fédérale de crédit mutuel,France,0.5270,0.0000,0.0000,,25,Germany|United Kingdom|Ireland,ja
2025-06-30,549300TRUWO2CD2G5692,"UNICREDIT, SOCIETA' PER AZIONI",Italy,969500F7JLTX36OUI695,RCI Banque,France,0.4145,0.0005,0.0223,0.0215,26,Germany|United Kingdom|Switzerland,ja
2025-06-30,549300TRUWO2CD2G5692,"UNICREDIT, SOCIETA' PER AZIONI",Italy,969500TJ5KRTCJQWXH05,CRÉDIT AGRICOLE AUTO BANK S.P.A.,Italy,0.4059,0.0016,0.0168,0.0926,27,Germany|United Kingdom|Czechia,nein
2025-06-30,549300TRUWO2CD2G5692,"UNICREDIT, SOCIETA' PER AZIONI",Italy,BFXS5XCH7N0Y05NIXW11,ABN AMRO Bank N.V.,Netherlands,0.3162,0.0000,0.0000,,26,Germany|United Kingdom|France,ja
2025-06-30,549300TRUWO2CD2G5692,"UNICREDIT, SOCIETA' PER AZIONI",Italy,J48C8PCSJVUBR8KCW529,BANCA POPOLARE DI SONDRIO SOCIETA' PER AZIONI,Italy,0.4063,0.0000,0.0039,0.0020,26,Germany|United Kingdom|France,nein
2025-06-30,549300TRUWO2CD2G5692,"UNICREDIT, SOCIETA' PER AZIONI",Italy,MLU0ZO3ML4LN2LL2TL39,HSBC Continental Europe,France,0.4616,0.0084,0.0223,0.3742,101,Germany|United Kingdom|Ireland,ja
2025-06-30,549300TRUWO2CD2G5692,"UNICREDIT, SOCIETA' PER AZIONI",Italy,N747OI7JINV7RUUH6190,BPER Banca S.p.A.,Italy,0.3986,0.0079,0.0223,0.3540,128,Germany|Austria|United Kingdom,nein
2025-06-30,549300TRUWO2CD2G5692,"UNICREDIT, SOCIETA' PER AZIONI",Italy,NNVPP80YIZGEY2314M97,ICCREA BANCA S.P.A. - ISTITUTO CENTRALE DEL CREDITO COOPERATIVO (IN FORMA ABBREVIATA: ICCREA BANCA S.P.A.),Italy,0.3507,0.0000,0.0000,,21,Germany|France|Ireland,nein
2025-06-30,549300TRUWO2CD2G5692,"UNICREDIT, SOCIETA' PER AZIONI",Italy,O2RNE8IBXP4R0TD8PU41,Société générale S.A.,France,0.3694,0.0000,0.0000,,21,Germany|Czechia|United Kingdom,ja
2025-06-30,549300TRUWO2CD2G5692,"UNICREDIT, SOCIETA' PER AZIONI",Italy,P4GTT6GF1W40CVIMFR43,Powszechna Kasa Oszczednosci Bank Polski S.A.,Poland,0.5213,0.0001,0.0223,0.0063,32,Germany|Czechia|Austria,ja
2025-06-30,549300TRUWO2CD2G5692,"UNICREDIT, SOCIETA' PER AZIONI",Italy,QLPCKOOKVX32FUELX240,Bank Polska Kasa Opieki S.A.,Poland,0.4038,0.0025,0.0223,0.1133,103,Germany|Austria|United Kingdom,ja
2025-06-30,635400AKJBGNS5WNQL34,AIB Group plc,Ireland,635400C8EK6DRI12LJ39,Bank of Ireland Group plc,Ireland,0.6826,0.0084,0.0107,0.7820,77,United Kingdom|United States|France,nein
2025-06-30,635400AKJBGNS5WNQL34,AIB Group plc,Ireland,6SHGI4ZSSLCXXQSBB395,Citibank Europe plc,Ireland,0.3361,0.0039,0.0276,0.1430,89,United Kingdom|France|United States,nein
2025-06-30,635400AKJBGNS5WNQL34,AIB Group plc,Ireland,7CUNS533WID6K7DGFI87,"CaixaBank, S.A.",Spain,0.3211,0.0011,0.0276,0.0385,92,United Kingdom|United States|France,ja
2025-06-30,635400AKJBGNS5WNQL34,AIB Group plc,Ireland,7LTWFZYICNSX8D621K86,DEUTSCHE BANK AKTIENGESELLSCHAFT,Germany,0.4227,0.0099,0.0276,0.3574,52,United States|United Kingdom|Luxembourg,ja
2025-06-30,635400AKJBGNS5WNQL34,AIB Group plc,Ireland,815600AD83B2B6317788,CREDITO EMILIANO HOLDING SOCIETA' PER AZIONI,Italy,0.4629,0.0000,0.0045,0.0027,27,United States|United Kingdom|France,ja
2025-06-30,635400AKJBGNS5WNQL34,AIB Group plc,Ireland,815600E4E6DCD2D25E30,BANCO BPM SOCIETA' PER AZIONI,Italy,0.3281,0.0000,0.0000,0.0000,24,United Kingdom|France|Luxembourg,ja
2025-06-30,635400AKJBGNS5WNQL34,AIB Group plc,Ireland,9695005MSX1OYEMGDF46,Natixis,France,0.3296,0.0036,0.0276,0.1292,85,United States|United Kingdom|Luxembourg,ja
2025-06-30,635400AKJBGNS5WNQL34,AIB Group plc,Ireland,969500TJ5KRTCJQWXH05,CRÉDIT AGRICOLE AUTO BANK S.P.A.,Italy,0.4012,0.0000,0.0168,0.0011,23,United Kingdom|France|Netherlands,ja
2025-06-30,635400AKJBGNS5WNQL34,AIB Group plc,Ireland,A5GWLFH3KM7YV2SFQL84,Belfius Bank,Belgium,0.5210,0.0000,0.0091,0.0047,34,United Kingdom|France|United States,ja
2025-06-30,635400AKJBGNS5WNQL34,AIB Group plc,Ireland,BFXS5XCH7N0Y05NIXW11,ABN AMRO Bank N.V.,Netherlands,0.4426,0.0000,0.0000,,24,United Kingdom|France|United States,ja
2025-06-30,635400AKJBGNS5WNQL34,AIB Group plc,Ireland,DIZES5CFO5K3I5R58746,Landesbank Hessen-Thüringen Girozentrale,Germany,0.5267,0.0030,0.0195,0.1543,84,United States|United Kingdom|France,ja
2025-06-30,635400AKJBGNS5WNQL34,AIB Group plc,Ireland,DZZ47B9A52ZJ6LT6VV95,Deutsche Pfandbriefbank AG,Germany,0.4609,0.0022,0.0058,0.3808,23,United States|United Kingdom|France,ja
2025-06-30,635400AKJBGNS5WNQL34,AIB Group plc,Ireland,FR9695005MSX1OYEMGDF,Groupe BPCE,France,0.3276,0.0038,0.0276,0.1368,94,United States|United Kingdom|Luxembourg,ja
2025-06-30,635400AKJBGNS5WNQL34,AIB Group plc,Ireland,J48C8PCSJVUBR8KCW529,BANCA POPOLARE DI SONDRIO SOCIETA' PER AZIONI,Italy,0.3706,0.0000,0.0039,0.0000,23,United Kingdom|France|Luxembourg,ja
2025-06-30,635400AKJBGNS5WNQL34,AIB Group plc,Ireland,J4CP7MHCXR8DAQMKIL78,MEDIOBANCA - BANCA DI CREDITO FINANZIARIO S.P.A.,Italy,0.4399,0.0000,0.0276,0.0010,42,United Kingdom|United States|France,ja
2025-06-30,635400AKJBGNS5WNQL34,AIB Group plc,Ireland,M6AD1Y1KW32H8THQ6F76,Piraeus Financial Holdings,Greece,0.3814,0.0000,0.0000,,22,United Kingdom|France|Luxembourg,ja
2025-06-30,635400AKJBGNS5WNQL34,AIB Group plc,Ireland,NHBDILHZTYCNBV5UYZ31,Svenska Handelsbanken - gruppen,Sweden,0.3965,0.0021,0.0037,0.5703,81,United Kingdom|Netherlands|United States,ja
2025-06-30,635400AKJBGNS5WNQL34,AIB Group plc,Ireland,SI5RG2M0WQQLZCXKRM20,"Banco de Sabadell, S.A.",Spain,0.6342,0.0000,0.0002,0.0000,23,United Kingdom|France|Netherlands,ja
2025-06-30,635400AKJBGNS5WNQL34,AIB Group plc,Ireland,TUKDD90GPC79G1KOE162,Hamburg Commercial Bank AG,Germany,0.4195,0.0175,0.0276,0.6350,34,United States|United Kingdom|France,ja
2025-06-30,635400AKJBGNS5WNQL34,AIB Group plc,Ireland,VDYMYTQGZZ6DU0912C88,Bayerische Landesbank,Germany,0.3564,0.0012,0.0019,0.6214,90,United Kingdom|France|Luxembourg,ja
2025-06-30,635400C8EK6DRI12LJ39,Bank of Ireland Group plc,Ireland,969500TJ5KRTCJQWXH05,CRÉDIT AGRICOLE AUTO BANK S.P.A.,Italy,0.3061,0.0000,0.0107,0.0010,23,United Kingdom|France|Germany,ja
2025-06-30,635400C8EK6DRI12LJ39,Bank of Ireland Group plc,Ireland,A5GWLFH3KM7YV2SFQL84,Belfius Bank,Belgium,0.3917,0.0000,0.0091,0.0053,34,United Kingdom|United States|France,ja
2025-06-30,635400C8EK6DRI12LJ39,Bank of Ireland Group plc,Ireland,BFXS5XCH7N0Y05NIXW11,ABN AMRO Bank N.V.,Netherlands,0.3755,0.0000,0.0000,,24,United Kingdom|United States|France,ja
2025-06-30,635400C8EK6DRI12LJ39,Bank of Ireland Group plc,Ireland,J4CP7MHCXR8DAQMKIL78,MEDIOBANCA - BANCA DI CREDITO FINANZIARIO S.P.A.,Italy,0.3057,0.0000,0.0107,0.0018,42,United Kingdom|United States|France,ja
2025-06-30,635400C8EK6DRI12LJ39,Bank of Ireland Group plc,Ireland,NHBDILHZTYCNBV5UYZ31,Svenska Handelsbanken - gruppen,Sweden,0.3609,0.0020,0.0037,0.5331,90,United Kingdom|United States|Netherlands,ja
2025-06-30,635400C8EK6DRI12LJ39,Bank of Ireland Group plc,Ireland,SI5RG2M0WQQLZCXKRM20,"Banco de Sabadell, S.A.",Spain,0.9211,0.0000,0.0002,0.0003,25,United Kingdom|France|Luxembourg,ja
2025-06-30,6SHGI4ZSSLCXXQSBB395,Citibank Europe plc,Ireland,724500A1FNICHSDF2I11,ASN Bank N.V.,Netherlands,0.4557,0.0000,0.0000,,13,France|Germany|United Kingdom,ja
2025-06-30,6SHGI4ZSSLCXXQSBB395,Citibank Europe plc,Ireland,724500JIWG886A9RRT57,RBS Holdings N.V.,Netherlands,0.4780,0.0000,0.0000,,13,France|Germany|Spain,ja
2025-06-30,6SHGI4ZSSLCXXQSBB395,Citibank Europe plc,Ireland,7437003B5WFBOIEFY714,OP Osuuskunta,Finland,0.3505,0.0000,0.0000,,15,France|Germany|Netherlands,ja
2025-06-30,6SHGI4ZSSLCXXQSBB395,Citibank Europe plc,Ireland,7CUNS533WID6K7DGFI87,"CaixaBank, S.A.",Spain,0.4725,0.0066,0.0581,0.1132,149,Germany|United Kingdom|France,ja
2025-06-30,6SHGI4ZSSLCXXQSBB395,Citibank Europe plc,Ireland,7LTWFZYICNSX8D621K86,DEUTSCHE BANK AKTIENGESELLSCHAFT,Germany,0.3514,0.0161,0.0621,0.2600,60,United Kingdom|United States|Spain,ja
2025-06-30,6SHGI4ZSSLCXXQSBB395,Citibank Europe plc,Ireland,815600AD83B2B6317788,CREDITO EMILIANO HOLDING SOCIETA' PER AZIONI,Italy,0.5677,0.0005,0.0045,0.1148,29,France|Netherlands|United Kingdom,ja
2025-06-30,6SHGI4ZSSLCXXQSBB395,Citibank Europe plc,Ireland,815600E4E6DCD2D25E30,BANCO BPM SOCIETA' PER AZIONI,Italy,0.4886,0.0000,0.0000,0.3722,26,France|Germany|Netherlands,ja
2025-06-30,6SHGI4ZSSLCXXQSBB395,Citibank Europe plc,Ireland,851WYGNLUQLFZBSYGB56,COMMERZBANK Aktiengesellschaft,Germany,0.4412,0.0062,0.0504,0.1222,53,Poland|France|Netherlands,ja
2025-06-30,6SHGI4ZSSLCXXQSBB395,Citibank Europe plc,Ireland,95980020140005881190,Banco de Crédito Social Cooperativo,Spain,0.5076,0.0000,0.0000,,23,France|Germany|Netherlands,ja
2025-06-30,6SHGI4ZSSLCXXQSBB395,Citibank Europe plc,Ireland,9695000CG7B84NLR5984,Caisse fédérale de crédit mutuel,France,0.3769,0.0000,0.0000,,24,Germany|United Kingdom|Netherlands,ja
2025-06-30,6SHGI4ZSSLCXXQSBB395,Citibank Europe plc,Ireland,969500F7JLTX36OUI695,RCI Banque,France,0.3849,0.0016,0.0621,0.0264,26,Germany|United Kingdom|Spain,ja
2025-06-30,6SHGI4ZSSLCXXQSBB395,Citibank Europe plc,Ireland,969500TJ5KRTCJQWXH05,CRÉDIT AGRICOLE AUTO BANK S.P.A.,Italy,0.5604,0.0076,0.0168,0.4516,25,France|Germany|United Kingdom,ja
2025-06-30,6SHGI4ZSSLCXXQSBB395,Citibank Europe plc,Ireland,A5GWLFH3KM7YV2SFQL84,Belfius Bank,Belgium,0.5748,0.0001,0.0091,0.0127,36,France|Netherlands|United Kingdom,ja
2025-06-30,6SHGI4ZSSLCXXQSBB395,Citibank Europe plc,Ireland,BFXS5XCH7N0Y05NIXW11,ABN AMRO Bank N.V.,Netherlands,0.4497,0.0000,0.0000,,25,France|Germany|United Kingdom,ja
2025-06-30,6SHGI4ZSSLCXXQSBB395,Citibank Europe plc,Ireland,DIZES5CFO5K3I5R58746,Landesbank Hessen-Thüringen Girozentrale,Germany,0.5827,0.0063,0.0195,0.3211,119,France|United Kingdom|Poland,ja
2025-06-30,6SHGI4ZSSLCXXQSBB395,Citibank Europe plc,Ireland,DZZ47B9A52ZJ6LT6VV95,Deutsche Pfandbriefbank AG,Germany,0.6261,0.0020,0.0058,0.3448,25,Poland|France|United Kingdom,ja
2025-06-30,6SHGI4ZSSLCXXQSBB395,Citibank Europe plc,Ireland,F3JS33DEI6XQ4ZBPTN86,Skandinaviska Enskilda Banken - gruppen,Sweden,0.3746,0.0102,0.0504,0.2023,128,Germany|United Kingdom|Luxembourg,ja
2025-06-30,6SHGI4ZSSLCXXQSBB395,Citibank Europe plc,Ireland,FR9695005MSX1OYEMGDF,Groupe BPCE,France,0.3409,0.0135,0.0520,0.2595,150,United States|Germany|Luxembourg,ja
2025-06-30,6SHGI4ZSSLCXXQSBB395,Citibank Europe plc,Ireland,J48C8PCSJVUBR8KCW529,BANCA POPOLARE DI SONDRIO SOCIETA' PER AZIONI,Italy,0.5039,0.0000,0.0039,0.0001,25,France|Germany|United Kingdom,ja
2025-06-30,6SHGI4ZSSLCXXQSBB395,Citibank Europe plc,Ireland,J4CP7MHCXR8DAQMKIL78,MEDIOBANCA - BANCA DI CREDITO FINANZIARIO S.P.A.,Italy,0.5455,0.0035,0.0621,0.0566,45,France|United Kingdom|Netherlands,ja
2025-06-30,6SHGI4ZSSLCXXQSBB395,Citibank Europe plc,Ireland,M6AD1Y1KW32H8THQ6F76,Piraeus Financial Holdings,Greece,0.3695,0.0000,0.0000,,23,France|United Kingdom|Germany,ja
2025-06-30,6SHGI4ZSSLCXXQSBB395,Citibank Europe plc,Ireland,MLU0ZO3ML4LN2LL2TL39,HSBC Continental Europe,France,0.5449,0.0133,0.0357,0.3731,107,Germany|Netherlands|United Kingdom,ja
2025-06-30,6SHGI4ZSSLCXXQSBB395,Citibank Europe plc,Ireland,N747OI7JINV7RUUH6190,BPER Banca S.p.A.,Italy,0.6478,0.0298,0.0617,0.4826,137,France|Netherlands|Germany,ja
2025-06-30,6SHGI4ZSSLCXXQSBB395,Citibank Europe plc,Ireland,NNVPP80YIZGEY2314M97,ICCREA BANCA S.P.A. - ISTITUTO CENTRALE DEL CREDITO COOPERATIVO (IN FORMA ABBREVIATA: ICCREA BANCA S.P.A.),Italy,0.4065,0.0000,0.0000,,20,France|Germany|Netherlands,ja
2025-06-30,6SHGI4ZSSLCXXQSBB395,Citibank Europe plc,Ireland,O2RNE8IBXP4R0TD8PU41,Société générale S.A.,France,0.4184,0.0000,0.0000,,20,Germany|United Kingdom|Netherlands,ja
2025-06-30,6SHGI4ZSSLCXXQSBB395,Citibank Europe plc,Ireland,P4GTT6GF1W40CVIMFR43,Powszechna Kasa Oszczednosci Bank Polski S.A.,Poland,0.4741,0.0019,0.0621,0.0307,32,Germany|Netherlands|France,ja
2025-06-30,6SHGI4ZSSLCXXQSBB395,Citibank Europe plc,Ireland,QLPCKOOKVX32FUELX240,Bank Polska Kasa Opieki S.A.,Poland,0.4693,0.0028,0.0232,0.1229,107,United Kingdom|Germany|Netherlands,ja
2025-06-30,6SHGI4ZSSLCXXQSBB395,Citibank Europe plc,Ireland,R0MUWSFPU8MPRO8K5P83,BNP Paribas,France,0.4864,0.0011,0.0011,0.9977,65,Poland|United Kingdom|Germany,ja
2025-06-30,6SHGI4ZSSLCXXQSBB395,Citibank Europe plc,Ireland,R7CQUF1DQM73HUTV1078,"Banque et Caisse d´Epargne de l´Etat, Luxembourg",Luxembourg,0.4027,0.0000,0.0051,0.0000,22,France|Germany|Netherlands,ja
2025-06-30,6SHGI4ZSSLCXXQSBB395,Citibank Europe plc,Ireland,TUKDD90GPC79G1KOE162,Hamburg Commercial Bank AG,Germany,0.4877,0.0180,0.0621,0.2902,39,Netherlands|United Kingdom|France,ja
2025-06-30,6SHGI4ZSSLCXXQSBB395,Citibank Europe plc,Ireland,VDYMYTQGZZ6DU0912C88,Bayerische Landesbank,Germany,0.4153,0.0007,0.0019,0.3467,134,France|Netherlands|United Kingdom,ja
2025-06-30,724500A1FNICHSDF2I11,ASN Bank N.V.,Netherlands,724500JIWG886A9RRT57,RBS Holdings N.V.,Netherlands,0.5751,0.0000,0.0000,,11,France|Germany|United Kingdom,nein
2025-06-30,724500A1FNICHSDF2I11,ASN Bank N.V.,Netherlands,7437003B5WFBOIEFY714,OP Osuuskunta,Finland,0.4580,0.0000,0.0000,,7,France|Germany|Norway,ja
2025-06-30,724500A1FNICHSDF2I11,ASN Bank N.V.,Netherlands,7CUNS533WID6K7DGFI87,"CaixaBank, S.A.",Spain,0.3234,0.0000,0.0000,,12,Germany|United Kingdom|France,ja
2025-06-30,724500A1FNICHSDF2I11,ASN Bank N.V.,Netherlands,815600AD83B2B6317788,CREDITO EMILIANO HOLDING SOCIETA' PER AZIONI,Italy,0.5044,0.0000,0.0000,,10,France|United Kingdom|Luxembourg,ja
2025-06-30,724500A1FNICHSDF2I11,ASN Bank N.V.,Netherlands,815600E4E6DCD2D25E30,BANCO BPM SOCIETA' PER AZIONI,Italy,0.6673,0.0000,0.0000,,8,France|Germany|Luxembourg,ja
2025-06-30,724500A1FNICHSDF2I11,ASN Bank N.V.,Netherlands,95980020140005881190,Banco de Crédito Social Cooperativo,Spain,0.5298,0.0000,0.0000,,8,Germany|Luxembourg|France,ja
2025-06-30,724500A1FNICHSDF2I11,ASN Bank N.V.,Netherlands,9695000CG7B84NLR5984,Caisse fédérale de crédit mutuel,France,0.4021,0.0000,0.0000,,7,Germany|Luxembourg|United Kingdom,ja
2025-06-30,724500A1FNICHSDF2I11,ASN Bank N.V.,Netherlands,969500F7JLTX36OUI695,RCI Banque,France,0.3094,0.0000,0.0000,,8,Germany|United Kingdom|Spain,ja
2025-06-30,724500A1FNICHSDF2I11,ASN Bank N.V.,Netherlands,969500TJ5KRTCJQWXH05,CRÉDIT AGRICOLE AUTO BANK S.P.A.,Italy,0.5209,0.0000,0.0000,,11,France|Germany|United Kingdom,ja
2025-06-30,724500A1FNICHSDF2I11,ASN Bank N.V.,Netherlands,A5GWLFH3KM7YV2SFQL84,Belfius Bank,Belgium,0.5180,0.0000,0.0000,,12,France|United Kingdom|Luxembourg,ja
2025-06-30,724500A1FNICHSDF2I11,ASN Bank N.V.,Netherlands,BFXS5XCH7N0Y05NIXW11,ABN AMRO Bank N.V.,Netherlands,0.7068,0.0000,0.0000,,9,France|Germany|Belgium,nein
2025-06-30,724500A1FNICHSDF2I11,ASN Bank N.V.,Netherlands,DIZES5CFO5K3I5R58746,Landesbank Hessen-Thüringen Girozentrale,Germany,0.4289,0.0000,0.0000,,12,France|United Kingdom|Luxembourg,ja
2025-06-30,724500A1FNICHSDF2I11,ASN Bank N.V.,Netherlands,DZZ47B9A52ZJ6LT6VV95,Deutsche Pfandbriefbank AG,Germany,0.4068,0.0000,0.0000,,10,France|United Kingdom|Austria,ja
2025-06-30,724500A1FNICHSDF2I11,ASN Bank N.V.,Netherlands,F3JS33DEI6XQ4ZBPTN86,Skandinaviska Enskilda Banken - gruppen,Sweden,0.3672,0.0000,0.0000,,12,Germany|Norway|United Kingdom,ja
2025-06-30,724500A1FNICHSDF2I11,ASN Bank N.V.,Netherlands,FR9695005MSX1OYEMGDF,Groupe BPCE,France,0.3076,0.0000,0.0000,,12,Luxembourg|Germany|United Kingdom,ja
2025-06-30,724500A1FNICHSDF2I11,ASN Bank N.V.,Netherlands,J48C8PCSJVUBR8KCW529,BANCA POPOLARE DI SONDRIO SOCIETA' PER AZIONI,Italy,0.5872,0.0000,0.0000,,8,France|Germany|Luxembourg,ja
2025-06-30,724500A1FNICHSDF2I11,ASN Bank N.V.,Netherlands,J4CP7MHCXR8DAQMKIL78,MEDIOBANCA - BANCA DI CREDITO FINANZIARIO S.P.A.,Italy,0.4179,0.0000,0.0000,,12,France|United Kingdom|Luxembourg,ja
2025-06-30,724500A1FNICHSDF2I11,ASN Bank N.V.,Netherlands,M6AD1Y1KW32H8THQ6F76,Piraeus Financial Holdings,Greece,0.3285,0.0000,0.0000,,8,France|United Kingdom|Germany,ja
2025-06-30,724500A1FNICHSDF2I11,ASN Bank N.V.,Netherlands,MLU0ZO3ML4LN2LL2TL39,HSBC Continental Europe,France,0.4248,0.0000,0.0000,,12,Germany|Luxembourg|United Kingdom,ja
2025-06-30,724500A1FNICHSDF2I11,ASN Bank N.V.,Netherlands,N747OI7JINV7RUUH6190,BPER Banca S.p.A.,Italy,0.5958,0.0000,0.0000,,12,France|Germany|Luxembourg,ja
2025-06-30,724500A1FNICHSDF2I11,ASN Bank N.V.,Netherlands,NNVPP80YIZGEY2314M97,ICCREA BANCA S.P.A. - ISTITUTO CENTRALE DEL CREDITO COOPERATIVO (IN FORMA ABBREVIATA: ICCREA BANCA S.P.A.),Italy,0.4803,0.0000,0.0000,,7,France|Germany|Luxembourg,ja
2025-06-30,724500A1FNICHSDF2I11,ASN Bank N.V.,Netherlands,O2RNE8IBXP4R0TD8PU41,Société générale S.A.,France,0.4221,0.0000,0.0000,,7,Germany|Luxembourg|United Kingdom,ja
2025-06-30,724500A1FNICHSDF2I11,ASN Bank N.V.,Netherlands,P4GTT6GF1W40CVIMFR43,Powszechna Kasa Oszczednosci Bank Polski S.A.,Poland,0.4035,0.0000,0.0000,,13,Germany|Luxembourg|France,ja
2025-06-30,724500A1FNICHSDF2I11,ASN Bank N.V.,Netherlands,QLPCKOOKVX32FUELX240,Bank Polska Kasa Opieki S.A.,Poland,0.4056,0.0000,0.0000,,13,Luxembourg|United Kingdom|Germany,ja
2025-06-30,724500A1FNICHSDF2I11,ASN Bank N.V.,Netherlands,R0MUWSFPU8MPRO8K5P83,BNP Paribas,France,0.4403,0.0000,0.0000,,12,Belgium|United Kingdom|Germany,ja
2025-06-30,724500A1FNICHSDF2I11,ASN Bank N.V.,Netherlands,R7CQUF1DQM73HUTV1078,"Banque et Caisse d´Epargne de l´Etat, Luxembourg",Luxembourg,0.5452,0.0000,0.0000,,6,France|Germany|Norway,ja
2025-06-30,724500A1FNICHSDF2I11,ASN Bank N.V.,Netherlands,TUKDD90GPC79G1KOE162,Hamburg Commercial Bank AG,Germany,0.3995,0.0000,0.0000,,12,Luxembourg|United Kingdom|France,ja
2025-06-30,724500A1FNICHSDF2I11,ASN Bank N.V.,Netherlands,VDYMYTQGZZ6DU0912C88,Bayerische Landesbank,Germany,0.5318,0.0000,0.0000,,12,France|Luxembourg|United Kingdom,ja
2025-06-30,724500JIWG886A9RRT57,RBS Holdings N.V.,Netherlands,7437003B5WFBOIEFY714,OP Osuuskunta,Finland,0.4098,0.0000,0.0000,,8,France|Germany|Sweden,ja
2025-06-30,724500JIWG886A9RRT57,RBS Holdings N.V.,Netherlands,7CUNS533WID6K7DGFI87,"CaixaBank, S.A.",Spain,0.3532,0.0000,0.0000,,13,Germany|France|United States,ja
2025-06-30,724500JIWG886A9RRT57,RBS Holdings N.V.,Netherlands,7LVZJ6XRIE7VNZ4UBX81,BANCA MEDIOLANUM S.P.A.,Italy,0.3076,0.0000,0.0000,,8,Ireland|Spain|France,ja
2025-06-30,724500JIWG886A9RRT57,RBS Holdings N.V.,Netherlands,815600AD83B2B6317788,CREDITO EMILIANO HOLDING SOCIETA' PER AZIONI,Italy,0.6022,0.0000,0.0000,,12,France|Spain|United States,ja
2025-06-30,724500JIWG886A9RRT57,RBS Holdings N.V.,Netherlands,815600E4E6DCD2D25E30,BANCO BPM SOCIETA' PER AZIONI,Italy,0.5357,0.0000,0.0000,,10,France|Germany|United Kingdom,ja
2025-06-30,724500JIWG886A9RRT57,RBS Holdings N.V.,Netherlands,95980020140005881190,Banco de Crédito Social Cooperativo,Spain,0.4819,0.0000,0.0000,,10,Germany|France|Ireland,ja
2025-06-30,724500JIWG886A9RRT57,RBS Holdings N.V.,Netherlands,9695000CG7B84NLR5984,Caisse fédérale de crédit mutuel,France,0.3110,0.0000,0.0000,,9,Germany|United Kingdom|Luxembourg,ja
2025-06-30,724500JIWG886A9RRT57,RBS Holdings N.V.,Netherlands,969500F7JLTX36OUI695,RCI Banque,France,0.3676,0.0000,0.0000,,9,Germany|Spain|United Kingdom,ja
2025-06-30,724500JIWG886A9RRT57,RBS Holdings N.V.,Netherlands,969500TJ5KRTCJQWXH05,CRÉDIT AGRICOLE AUTO BANK S.P.A.,Italy,0.5199,0.0000,0.0000,,11,Germany|France|Spain,ja
2025-06-30,724500JIWG886A9RRT57,RBS Holdings N.V.,Netherlands,A5GWLFH3KM7YV2SFQL84,Belfius Bank,Belgium,0.4571,0.0000,0.0000,,13,France|United States|United Kingdom,ja
2025-06-30,724500JIWG886A9RRT57,RBS Holdings N.V.,Netherlands,BFXS5XCH7N0Y05NIXW11,ABN AMRO Bank N.V.,Netherlands,0.5740,0.0000,0.0000,,11,France|Germany|United States,nein
2025-06-30,724500JIWG886A9RRT57,RBS Holdings N.V.,Netherlands,DIZES5CFO5K3I5R58746,Landesbank Hessen-Thüringen Girozentrale,Germany,0.4007,0.0000,0.0000,,13,France|United States|United Kingdom,ja
2025-06-30,724500JIWG886A9RRT57,RBS Holdings N.V.,Netherlands,DZZ47B9A52ZJ6LT6VV95,Deutsche Pfandbriefbank AG,Germany,0.4581,0.0000,0.0000,,10,France|Sweden|Spain,ja
2025-06-30,724500JIWG886A9RRT57,RBS Holdings N.V.,Netherlands,J48C8PCSJVUBR8KCW529,BANCA POPOLARE DI SONDRIO SOCIETA' PER AZIONI,Italy,0.5031,0.0000,0.0000,,10,France|Germany|United Kingdom,ja
2025-06-30,724500JIWG886A9RRT57,RBS Holdings N.V.,Netherlands,J4CP7MHCXR8DAQMKIL78,MEDIOBANCA - BANCA DI CREDITO FINANZIARIO S.P.A.,Italy,0.4996,0.0000,0.0000,,13,France|Spain|Germany,ja
2025-06-30,724500JIWG886A9RRT57,RBS Holdings N.V.,Netherlands,M6AD1Y1KW32H8THQ6F76,Piraeus Financial Holdings,Greece,0.4050,0.0000,0.0000,,10,France|Ireland|Germany,ja
2025-06-30,724500JIWG886A9RRT57,RBS Holdings N.V.,Netherlands,MLU0ZO3ML4LN2LL2TL39,HSBC Continental Europe,France,0.4763,0.0000,0.0000,,13,Germany|Ireland|United States,ja
2025-06-30,724500JIWG886A9RRT57,RBS Holdings N.V.,Netherlands,N747OI7JINV7RUUH6190,BPER Banca S.p.A.,Italy,0.6074,0.0000,0.0000,,13,France|Germany|United States,ja
2025-06-30,724500JIWG886A9RRT57,RBS Holdings N.V.,Netherlands,NNVPP80YIZGEY2314M97,ICCREA BANCA S.P.A. - ISTITUTO CENTRALE DEL CREDITO COOPERATIVO (IN FORMA ABBREVIATA: ICCREA BANCA S.P.A.),Italy,0.6419,0.0000,0.0000,,8,France|Germany|Ireland,ja
2025-06-30,724500JIWG886A9RRT57,RBS Holdings N.V.,Netherlands,P4GTT6GF1W40CVIMFR43,Powszechna Kasa Oszczednosci Bank Polski S.A.,Poland,0.3600,0.0000,0.0000,,14,Germany|France|United Kingdom,ja
2025-06-30,724500JIWG886A9RRT57,RBS Holdings N.V.,Netherlands,R7CQUF1DQM73HUTV1078,"Banque et Caisse d´Epargne de l´Etat, Luxembourg",Luxembourg,0.5242,0.0000,0.0000,,8,France|Germany|Sweden,ja
2025-06-30,724500JIWG886A9RRT57,RBS Holdings N.V.,Netherlands,TUKDD90GPC79G1KOE162,Hamburg Commercial Bank AG,Germany,0.3595,0.0000,0.0000,,13,Ireland|United States|France,ja
2025-06-30,724500JIWG886A9RRT57,RBS Holdings N.V.,Netherlands,VDYMYTQGZZ6DU0912C88,Bayerische Landesbank,Germany,0.4281,0.0000,0.0000,,13,France|Ireland|United Kingdom,ja
2025-06-30,7437003B5WFBOIEFY714,OP Osuuskunta,Finland,815600E4E6DCD2D25E30,BANCO BPM SOCIETA' PER AZIONI,Italy,0.4177,0.0000,0.0000,,16,France|Germany|Netherlands,ja
2025-06-30,7437003B5WFBOIEFY714,OP Osuuskunta,Finland,95980020140005881190,Banco de Crédito Social Cooperativo,Spain,0.3985,0.0000,0.0000,,16,Germany|France|Netherlands,ja
2025-06-30,7437003B5WFBOIEFY714,OP Osuuskunta,Finland,969500Q2PFTTP0Y5QL44,SFIL S.A.,France,0.3770,0.0000,0.0000,,7,Sweden|Norway|Germany,ja
2025-06-30,7437003B5WFBOIEFY714,OP Osuuskunta,Finland,969500TJ5KRTCJQWXH05,CRÉDIT AGRICOLE AUTO BANK S.P.A.,Italy,0.4034,0.0000,0.0000,,10,France|Germany|Netherlands,ja
2025-06-30,7437003B5WFBOIEFY714,OP Osuuskunta,Finland,BFXS5XCH7N0Y05NIXW11,ABN AMRO Bank N.V.,Netherlands,0.4186,0.0000,0.0000,,15,France|Germany|Belgium,ja
2025-06-30,7437003B5WFBOIEFY714,OP Osuuskunta,Finland,F3JS33DEI6XQ4ZBPTN86,Skandinaviska Enskilda Banken - gruppen,Sweden,0.5338,0.0000,0.0000,,15,Norway|Germany|Lithuania,ja
2025-06-30,7437003B5WFBOIEFY714,OP Osuuskunta,Finland,J48C8PCSJVUBR8KCW529,BANCA POPOLARE DI SONDRIO SOCIETA' PER AZIONI,Italy,0.4318,0.0000,0.0000,,16,France|Germany|Netherlands,ja
2025-06-30,7437003B5WFBOIEFY714,OP Osuuskunta,Finland,M312WZV08Y7LYUC71685,Swedbank - Grupp,Sweden,0.4745,0.0000,0.0000,,10,Lithuania|Norway|Estonia,ja
2025-06-30,7437003B5WFBOIEFY714,OP Osuuskunta,Finland,MAES062Z21O4RZ2U7M96,Danske Bank A/S,Denmark,0.3354,0.0000,0.0000,,13,Norway|Sweden|France,ja
2025-06-30,7437003B5WFBOIEFY714,OP Osuuskunta,Finland,N747OI7JINV7RUUH6190,BPER Banca S.p.A.,Italy,0.3820,0.0000,0.0000,,16,France|Germany|Netherlands,ja
2025-06-30,7437003B5WFBOIEFY714,OP Osuuskunta,Finland,NNVPP80YIZGEY2314M97,ICCREA BANCA S.P.A. - ISTITUTO CENTRALE DEL CREDITO COOPERATIVO (IN FORMA ABBREVIATA: ICCREA BANCA S.P.A.),Italy,0.4130,0.0000,0.0000,,16,France|Germany|Netherlands,ja
2025-06-30,7437003B5WFBOIEFY714,OP Osuuskunta,Finland,P4GTT6GF1W40CVIMFR43,Powszechna Kasa Oszczednosci Bank Polski S.A.,Poland,0.3011,0.0000,0.0000,,14,Germany|France|Netherlands,ja
2025-06-30,7437003B5WFBOIEFY714,OP Osuuskunta,Finland,R7CQUF1DQM73HUTV1078,"Banque et Caisse d´Epargne de l´Etat, Luxembourg",Luxembourg,0.5598,0.0000,0.0000,,15,France|Germany|Norway,ja
2025-06-30,7CUNS533WID6K7DGFI87,"CaixaBank, S.A.",Spain,7LTWFZYICNSX8D621K86,DEUTSCHE BANK AKTIENGESELLSCHAFT,Germany,0.3637,0.0123,0.0581,0.2109,60,United Kingdom|United States|Italy,ja
2025-06-30,7CUNS533WID6K7DGFI87,"CaixaBank, S.A.",Spain,815600AD83B2B6317788,CREDITO EMILIANO HOLDING SOCIETA' PER AZIONI,Italy,0.3657,0.0014,0.0045,0.3028,29,United Kingdom|France|United States,ja
2025-06-30,7CUNS533WID6K7DGFI87,"CaixaBank, S.A.",Spain,815600E4E6DCD2D25E30,BANCO BPM SOCIETA' PER AZIONI,Italy,0.3748,0.0000,0.0000,0.8692,28,Germany|United Kingdom|France,ja
2025-06-30,7CUNS533WID6K7DGFI87,"CaixaBank, S.A.",Spain,95980020140005881190,Banco de Crédito Social Cooperativo,Spain,0.3655,0.0000,0.0000,,24,Germany|United Kingdom|France,nein
2025-06-30,7CUNS533WID6K7DGFI87,"CaixaBank, S.A.",Spain,9695000CG7B84NLR5984,Caisse fédérale de crédit mutuel,France,0.3089,0.0000,0.0000,,25,Germany|United Kingdom|Netherlands,ja
2025-06-30,7CUNS533WID6K7DGFI87,"CaixaBank, S.A.",Spain,969500F7JLTX36OUI695,RCI Banque,France,0.3366,0.0030,0.0581,0.0517,26,Germany|United Kingdom|Italy,ja
2025-06-30,7CUNS533WID6K7DGFI87,"CaixaBank, S.A.",Spain,969500TJ5KRTCJQWXH05,CRÉDIT AGRICOLE AUTO BANK S.P.A.,Italy,0.3673,0.0020,0.0168,0.1204,26,Germany|United Kingdom|France,ja
2025-06-30,7CUNS533WID6K7DGFI87,"CaixaBank, S.A.",Spain,A5GWLFH3KM7YV2SFQL84,Belfius Bank,Belgium,0.4165,0.0005,0.0091,0.0518,36,United Kingdom|France|United States,ja
2025-06-30,7CUNS533WID6K7DGFI87,"CaixaBank, S.A.",Spain,BFXS5XCH7N0Y05NIXW11,ABN AMRO Bank N.V.,Netherlands,0.3581,0.0000,0.0000,,26,Germany|United Kingdom|France,ja
2025-06-30,7CUNS533WID6K7DGFI87,"CaixaBank, S.A.",Spain,DIZES5CFO5K3I5R58746,Landesbank Hessen-Thüringen Girozentrale,Germany,0.4178,0.0096,0.0195,0.4936,130,United Kingdom|France|United States,ja
2025-06-30,7CUNS533WID6K7DGFI87,"CaixaBank, S.A.",Spain,DZZ47B9A52ZJ6LT6VV95,Deutsche Pfandbriefbank AG,Germany,0.3219,0.0012,0.0058,0.1982,25,United Kingdom|France|United States,ja
2025-06-30,7CUNS533WID6K7DGFI87,"CaixaBank, S.A.",Spain,F3JS33DEI6XQ4ZBPTN86,Skandinaviska Enskilda Banken - gruppen,Sweden,0.3250,0.0188,0.0504,0.3723,144,Germany|United Kingdom|Luxembourg,ja
2025-06-30,7CUNS533WID6K7DGFI87,"CaixaBank, S.A.",Spain,FR9695005MSX1OYEMGDF,Groupe BPCE,France,0.3492,0.0102,0.0520,0.1955,187,United States|Germany|United Kingdom,ja
2025-06-30,7CUNS533WID6K7DGFI87,"CaixaBank, S.A.",Spain,J48C8PCSJVUBR8KCW529,BANCA POPOLARE DI SONDRIO SOCIETA' PER AZIONI,Italy,0.3804,0.0000,0.0039,0.0016,26,Germany|United Kingdom|France,ja
2025-06-30,7CUNS533WID6K7DGFI87,"CaixaBank, S.A.",Spain,J4CP7MHCXR8DAQMKIL78,MEDIOBANCA - BANCA DI CREDITO FINANZIARIO S.P.A.,Italy,0.4363,0.0082,0.0581,0.1404,46,United Kingdom|France|Germany,ja
2025-06-30,7CUNS533WID6K7DGFI87,"CaixaBank, S.A.",Spain,MLU0ZO3ML4LN2LL2TL39,HSBC Continental Europe,France,0.4295,0.0106,0.0357,0.2956,110,Germany|United States|United Kingdom,ja
2025-06-30,7CUNS533WID6K7DGFI87,"CaixaBank, S.A.",Spain,N747OI7JINV7RUUH6190,BPER Banca S.p.A.,Italy,0.4181,0.0134,0.0581,0.2309,160,Germany|France|United States,ja
2025-06-30,7CUNS533WID6K7DGFI87,"CaixaBank, S.A.",Spain,O2RNE8IBXP4R0TD8PU41,Société générale S.A.,France,0.3005,0.0000,0.0000,,21,Germany|United Kingdom|Netherlands,ja
2025-06-30,7CUNS533WID6K7DGFI87,"CaixaBank, S.A.",Spain,P4GTT6GF1W40CVIMFR43,Powszechna Kasa Oszczednosci Bank Polski S.A.,Poland,0.3230,0.0001,0.0581,0.0015,32,Germany|France|Netherlands,ja
2025-06-30,7CUNS533WID6K7DGFI87,"CaixaBank, S.A.",Spain,QLPCKOOKVX32FUELX240,Bank Polska Kasa Opieki S.A.,Poland,0.3538,0.0013,0.0232,0.0555,118,United Kingdom|Germany|Netherlands,ja
2025-06-30,7CUNS533WID6K7DGFI87,"CaixaBank, S.A.",Spain,TUKDD90GPC79G1KOE162,Hamburg Commercial Bank AG,Germany,0.3628,0.0265,0.0581,0.4562,39,United Kingdom|United States|France,ja
2025-06-30,7LTWFZYICNSX8D621K86,DEUTSCHE BANK AKTIENGESELLSCHAFT,Germany,815600AD83B2B6317788,CREDITO EMILIANO HOLDING SOCIETA' PER AZIONI,Italy,0.4655,0.0032,0.0045,0.7128,26,United States|Luxembourg|United Kingdom,ja
2025-06-30,7LTWFZYICNSX8D621K86,DEUTSCHE BANK AKTIENGESELLSCHAFT,Germany,9695005MSX1OYEMGDF46,Natixis,France,0.4867,0.0263,0.0551,0.4779,60,United States|Luxembourg|United Kingdom,ja
2025-06-30,7LTWFZYICNSX8D621K86,DEUTSCHE BANK AKTIENGESELLSCHAFT,Germany,A5GWLFH3KM7YV2SFQL84,Belfius Bank,Belgium,0.3600,0.0008,0.0091,0.0894,34,Luxembourg|United Kingdom|United States,ja
2025-06-30,7LTWFZYICNSX8D621K86,DEUTSCHE BANK AKTIENGESELLSCHAFT,Germany,DIZES5CFO5K3I5R58746,Landesbank Hessen-Thüringen Girozentrale,Germany,0.5956,0.0100,0.0195,0.5097,61,United States|Luxembourg|United Kingdom,nein
2025-06-30,7LTWFZYICNSX8D621K86,DEUTSCHE BANK AKTIENGESELLSCHAFT,Germany,DZZ47B9A52ZJ6LT6VV95,Deutsche Pfandbriefbank AG,Germany,0.4292,0.0032,0.0058,0.5421,22,United States|United Kingdom|Spain,nein
2025-06-30,7LTWFZYICNSX8D621K86,DEUTSCHE BANK AKTIENGESELLSCHAFT,Germany,FR9695005MSX1OYEMGDF,Groupe BPCE,France,0.5062,0.0240,0.0520,0.4617,60,United States|Luxembourg|United Kingdom,ja
2025-06-30,7LTWFZYICNSX8D621K86,DEUTSCHE BANK AKTIENGESELLSCHAFT,Germany,J4CP7MHCXR8DAQMKIL78,MEDIOBANCA - BANCA DI CREDITO FINANZIARIO S.P.A.,Italy,0.4020,0.0028,0.1040,0.0266,40,United States|Luxembourg|United Kingdom,ja
2025-06-30,7LTWFZYICNSX8D621K86,DEUTSCHE BANK AKTIENGESELLSCHAFT,Germany,MLU0ZO3ML4LN2LL2TL39,HSBC Continental Europe,France,0.4070,0.0157,0.0357,0.4406,57,United States|Luxembourg|United Kingdom,ja
2025-06-30,7LTWFZYICNSX8D621K86,DEUTSCHE BANK AKTIENGESELLSCHAFT,Germany,N747OI7JINV7RUUH6190,BPER Banca S.p.A.,Italy,0.3482,0.0245,0.0617,0.3965,60,Luxembourg|United States|Spain,ja
2025-06-30,7LTWFZYICNSX8D621K86,DEUTSCHE BANK AKTIENGESELLSCHAFT,Germany,QLPCKOOKVX32FUELX240,Bank Polska Kasa Opieki S.A.,Poland,0.3200,0.0001,0.0232,0.0059,53,Luxembourg|United Kingdom|Spain,ja
2025-06-30,7LTWFZYICNSX8D621K86,DEUTSCHE BANK AKTIENGESELLSCHAFT,Germany,TUKDD90GPC79G1KOE162,Hamburg Commercial Bank AG,Germany,0.4543,0.0477,0.1230,0.3875,30,United States|Luxembourg|United Kingdom,nein
2025-06-30,815600AD83B2B6317788,CREDITO EMILIANO HOLDING SOCIETA' PER AZIONI,Italy,815600E4E6DCD2D25E30,BANCO BPM SOCIETA' PER AZIONI,Italy,0.5941,0.0000,0.0000,0.0000,17,France|Netherlands|United Kingdom,nein
2025-06-30,815600AD83B2B6317788,CREDITO EMILIANO HOLDING SOCIETA' PER AZIONI,Italy,95980020140005881190,Banco de Crédito Social Cooperativo,Spain,0.4444,0.0000,0.0000,,17,France|United Kingdom|Netherlands,ja
2025-06-30,815600AD83B2B6317788,CREDITO EMILIANO HOLDING SOCIETA' PER AZIONI,Italy,9695000CG7B84NLR5984,Caisse fédérale de crédit mutuel,France,0.3146,0.0000,0.0000,,16,United Kingdom|Netherlands|Luxembourg,ja
2025-06-30,815600AD83B2B6317788,CREDITO EMILIANO HOLDING SOCIETA' PER AZIONI,Italy,9695005MSX1OYEMGDF46,Natixis,France,0.3874,0.0017,0.0045,0.3866,28,United States|Luxembourg|United Kingdom,ja
2025-06-30,815600AD83B2B6317788,CREDITO EMILIANO HOLDING SOCIETA' PER AZIONI,Italy,969500TJ5KRTCJQWXH05,CRÉDIT AGRICOLE AUTO BANK S.P.A.,Italy,0.4612,0.0000,0.0045,0.0000,18,France|United Kingdom|Spain,nein
2025-06-30,815600AD83B2B6317788,CREDITO EMILIANO HOLDING SOCIETA' PER AZIONI,Italy,A5GWLFH3KM7YV2SFQL84,Belfius Bank,Belgium,0.6447,0.0000,0.0045,0.0000,21,France|Netherlands|United Kingdom,ja
2025-06-30,815600AD83B2B6317788,CREDITO EMILIANO HOLDING SOCIETA' PER AZIONI,Italy,BFXS5XCH7N0Y05NIXW11,ABN AMRO Bank N.V.,Netherlands,0.5122,0.0000,0.0000,,17,France|United Kingdom|Luxembourg,ja
2025-06-30,815600AD83B2B6317788,CREDITO EMILIANO HOLDING SOCIETA' PER AZIONI,Italy,DIZES5CFO5K3I5R58746,Landesbank Hessen-Thüringen Girozentrale,Germany,0.6478,0.0000,0.0045,0.0073,28,United States|France|United Kingdom,ja
2025-06-30,815600AD83B2B6317788,CREDITO EMILIANO HOLDING SOCIETA' PER AZIONI,Italy,DZZ47B9A52ZJ6LT6VV95,Deutsche Pfandbriefbank AG,Germany,0.6934,0.0000,0.0045,0.0000,16,France|United States|United Kingdom,ja
2025-06-30,815600AD83B2B6317788,CREDITO EMILIANO HOLDING SOCIETA' PER AZIONI,Italy,FR9695005MSX1OYEMGDF,Groupe BPCE,France,0.4131,0.0020,0.0045,0.4533,28,United States|Luxembourg|United Kingdom,ja
2025-06-30,815600AD83B2B6317788,CREDITO EMILIANO HOLDING SOCIETA' PER AZIONI,Italy,J48C8PCSJVUBR8KCW529,BANCA POPOLARE DI SONDRIO SOCIETA' PER AZIONI,Italy,0.4897,0.0000,0.0039,0.0000,17,France|United Kingdom|Luxembourg,nein
2025-06-30,815600AD83B2B6317788,CREDITO EMILIANO HOLDING SOCIETA' PER AZIONI,Italy,J4CP7MHCXR8DAQMKIL78,MEDIOBANCA - BANCA DI CREDITO FINANZIARIO S.P.A.,Italy,0.6411,0.0000,0.0045,0.0077,24,France|United Kingdom|United States,nein
2025-06-30,815600AD83B2B6317788,CREDITO EMILIANO HOLDING SOCIETA' PER AZIONI,Italy,M6AD1Y1KW32H8THQ6F76,Piraeus Financial Holdings,Greece,0.3978,0.0000,0.0000,,17,France|United Kingdom|Netherlands,ja
2025-06-30,815600AD83B2B6317788,CREDITO EMILIANO HOLDING SOCIETA' PER AZIONI,Italy,MLU0ZO3ML4LN2LL2TL39,HSBC Continental Europe,France,0.4244,0.0008,0.0045,0.1756,29,Netherlands|Luxembourg|United States,ja
2025-06-30,815600AD83B2B6317788,CREDITO EMILIANO HOLDING SOCIETA' PER AZIONI,Italy,N747OI7JINV7RUUH6190,BPER Banca S.p.A.,Italy,0.6978,0.0023,0.0045,0.5177,30,France|Netherlands|Luxembourg,nein
2025-06-30,815600AD83B2B6317788,CREDITO EMILIANO HOLDING SOCIETA' PER AZIONI,Italy,NNVPP80YIZGEY2314M97,ICCREA BANCA S.P.A. - ISTITUTO CENTRALE DEL CREDITO COOPERATIVO (IN FORMA ABBREVIATA: ICCREA BANCA S.P.A.),Italy,0.5148,0.0000,0.0000,,14,France|Netherlands|Germany,nein
2025-06-30,815600AD83B2B6317788,CREDITO EMILIANO HOLDING SOCIETA' PER AZIONI,Italy,O2RNE8IBXP4R0TD8PU41,Société générale S.A.,France,0.3126,0.0000,0.0000,,14,United Kingdom|Netherlands|Luxembourg,ja
2025-06-30,815600AD83B2B6317788,CREDITO EMILIANO HOLDING SOCIETA' PER AZIONI,Italy,P4GTT6GF1W40CVIMFR43,Powszechna Kasa Oszczednosci Bank Polski S.A.,Poland,0.3456,0.0000,0.0045,0.0000,19,Netherlands|Luxembourg|France,ja
2025-06-30,815600AD83B2B6317788,CREDITO EMILIANO HOLDING SOCIETA' PER AZIONI,Italy,QLPCKOOKVX32FUELX240,Bank Polska Kasa Opieki S.A.,Poland,0.3839,0.0013,0.0045,0.2885,27,United Kingdom|Luxembourg|Netherlands,ja
2025-06-30,815600AD83B2B6317788,CREDITO EMILIANO HOLDING SOCIETA' PER AZIONI,Italy,R0MUWSFPU8MPRO8K5P83,BNP Paribas,France,0.3159,0.0000,0.0011,0.0000,25,United Kingdom|Luxembourg|Spain,ja
2025-06-30,815600AD83B2B6317788,CREDITO EMILIANO HOLDING SOCIETA' PER AZIONI,Italy,R7CQUF1DQM73HUTV1078,"Banque et Caisse d´Epargne de l´Etat, Luxembourg",Luxembourg,0.4099,0.0000,0.0045,0.0000,15,France|Netherlands|Germany,ja
2025-06-30,815600AD83B2B6317788,CREDITO EMILIANO HOLDING SOCIETA' PER AZIONI,Italy,TUKDD90GPC79G1KOE162,Hamburg Commercial Bank AG,Germany,0.5171,0.0000,0.0045,0.0001,17,United States|United Kingdom|Netherlands,ja
2025-06-30,815600AD83B2B6317788,CREDITO EMILIANO HOLDING SOCIETA' PER AZIONI,Italy,VDYMYTQGZZ6DU0912C88,Bayerische Landesbank,Germany,0.5628,0.0001,0.0019,0.0307,29,France|Netherlands|United Kingdom,ja
2025-06-30,815600E4E6DCD2D25E30,BANCO BPM SOCIETA' PER AZIONI,Italy,95980020140005881190,Banco de Crédito Social Cooperativo,Spain,0.7173,0.0000,0.0000,,24,Luxembourg|United Kingdom|Germany,ja
2025-06-30,815600E4E6DCD2D25E30,BANCO BPM SOCIETA' PER AZIONI,Italy,9695000CG7B84NLR5984,Caisse fédérale de crédit mutuel,France,0.5433,0.0000,0.0000,,25,Luxembourg|Germany|United Kingdom,ja
2025-06-30,815600E4E6DCD2D25E30,BANCO BPM SOCIETA' PER AZIONI,Italy,969500F7JLTX36OUI695,RCI Banque,France,0.3461,0.0000,0.0000,0.0000,14,United Kingdom|Germany|Netherlands,ja
2025-06-30,815600E4E6DCD2D25E30,BANCO BPM SOCIETA' PER AZIONI,Italy,969500TJ5KRTCJQWXH05,CRÉDIT AGRICOLE AUTO BANK S.P.A.,Italy,0.5573,0.0000,0.0000,0.0000,16,United Kingdom|France|Germany,nein
2025-06-30,815600E4E6DCD2D25E30,BANCO BPM SOCIETA' PER AZIONI,Italy,A5GWLFH3KM7YV2SFQL84,Belfius Bank,Belgium,0.6546,0.0000,0.0000,0.3722,26,France|United Kingdom|Netherlands,ja
2025-06-30,815600E4E6DCD2D25E30,BANCO BPM SOCIETA' PER AZIONI,Italy,BFXS5XCH7N0Y05NIXW11,ABN AMRO Bank N.V.,Netherlands,0.7024,0.0000,0.0000,,25,France|United Kingdom|Germany,ja
2025-06-30,815600E4E6DCD2D25E30,BANCO BPM SOCIETA' PER AZIONI,Italy,DIZES5CFO5K3I5R58746,Landesbank Hessen-Thüringen Girozentrale,Germany,0.4608,0.0000,0.0000,1.0000,27,France|United Kingdom|Luxembourg,ja
2025-06-30,815600E4E6DCD2D25E30,BANCO BPM SOCIETA' PER AZIONI,Italy,DZZ47B9A52ZJ6LT6VV95,Deutsche Pfandbriefbank AG,Germany,0.4167,0.0000,0.0000,0.0000,12,France|United Kingdom|Netherlands,ja
2025-06-30,815600E4E6DCD2D25E30,BANCO BPM SOCIETA' PER AZIONI,Italy,FR9695005MSX1OYEMGDF,Groupe BPCE,France,0.3421,0.0000,0.0000,1.0000,27,Luxembourg|Germany|United Kingdom,ja
2025-06-30,815600E4E6DCD2D25E30,BANCO BPM SOCIETA' PER AZIONI,Italy,J48C8PCSJVUBR8KCW529,BANCA POPOLARE DI SONDRIO SOCIETA' PER AZIONI,Italy,0.7897,0.0000,0.0000,0.3722,26,France|United Kingdom|Luxembourg,nein
2025-06-30,815600E4E6DCD2D25E30,BANCO BPM SOCIETA' PER AZIONI,Italy,J4CP7MHCXR8DAQMKIL78,MEDIOBANCA - BANCA DI CREDITO FINANZIARIO S.P.A.,Italy,0.5749,0.0000,0.0000,1.0000,28,United Kingdom|France|Luxembourg,nein
2025-06-30,815600E4E6DCD2D25E30,BANCO BPM SOCIETA' PER AZIONI,Italy,M6AD1Y1KW32H8THQ6F76,Piraeus Financial Holdings,Greece,0.4949,0.0000,0.0000,,23,United Kingdom|France|Germany,ja
2025-06-30,815600E4E6DCD2D25E30,BANCO BPM SOCIETA' PER AZIONI,Italy,MLU0ZO3ML4LN2LL2TL39,HSBC Continental Europe,France,0.4594,0.0000,0.0000,0.3723,26,Germany|Luxembourg|Netherlands,ja
2025-06-30,815600E4E6DCD2D25E30,BANCO BPM SOCIETA' PER AZIONI,Italy,N747OI7JINV7RUUH6190,BPER Banca S.p.A.,Italy,0.6099,0.0000,0.0000,1.0000,28,France|Netherlands|Germany,nein
2025-06-30,815600E4E6DCD2D25E30,BANCO BPM SOCIETA' PER AZIONI,Italy,NHBDILHZTYCNBV5UYZ31,Svenska Handelsbanken - gruppen,Sweden,0.3279,0.0000,0.0000,0.0000,25,United Kingdom|Netherlands|Norway,ja
2025-06-30,815600E4E6DCD2D25E30,BANCO BPM SOCIETA' PER AZIONI,Italy,NNVPP80YIZGEY2314M97,ICCREA BANCA S.P.A. - ISTITUTO CENTRALE DEL CREDITO COOPERATIVO (IN FORMA ABBREVIATA: ICCREA BANCA S.P.A.),Italy,0.6497,0.0000,0.0000,,21,France|Netherlands|Germany,nein
2025-06-30,815600E4E6DCD2D25E30,BANCO BPM SOCIETA' PER AZIONI,Italy,O2RNE8IBXP4R0TD8PU41,Société générale S.A.,France,0.5789,0.0000,0.0000,,21,United Kingdom|Germany|Luxembourg,ja
2025-06-30,815600E4E6DCD2D25E30,BANCO BPM SOCIETA' PER AZIONI,Italy,P4GTT6GF1W40CVIMFR43,Powszechna Kasa Oszczednosci Bank Polski S.A.,Poland,0.4586,0.0000,0.0000,0.0000,19,Germany|Netherlands|Luxembourg,ja
2025-06-30,815600E4E6DCD2D25E30,BANCO BPM SOCIETA' PER AZIONI,Italy,QLPCKOOKVX32FUELX240,Bank Polska Kasa Opieki S.A.,Poland,0.4569,0.0000,0.0000,1.0000,28,Luxembourg|United Kingdom|Germany,ja
2025-06-30,815600E4E6DCD2D25E30,BANCO BPM SOCIETA' PER AZIONI,Italy,R0MUWSFPU8MPRO8K5P83,BNP Paribas,France,0.4189,0.0000,0.0000,0.3722,26,United Kingdom|Germany|Luxembourg,ja
2025-06-30,815600E4E6DCD2D25E30,BANCO BPM SOCIETA' PER AZIONI,Italy,R7CQUF1DQM73HUTV1078,"Banque et Caisse d´Epargne de l´Etat, Luxembourg",Luxembourg,0.6186,0.0000,0.0000,0.0000,23,France|Netherlands|Germany,ja
2025-06-30,815600E4E6DCD2D25E30,BANCO BPM SOCIETA' PER AZIONI,Italy,TUKDD90GPC79G1KOE162,Hamburg Commercial Bank AG,Germany,0.5006,0.0000,0.0000,0.0000,15,Luxembourg|United Kingdom|Netherlands,ja
2025-06-30,815600E4E6DCD2D25E30,BANCO BPM SOCIETA' PER AZIONI,Italy,VDYMYTQGZZ6DU0912C88,Bayerische Landesbank,Germany,0.8213,0.0000,0.0000,1.0000,27,France|United Kingdom|Luxembourg,ja
2025-06-30,851WYGNLUQLFZBSYGB56,COMMERZBANK Aktiengesellschaft,Germany,DIZES5CFO5K3I5R58746,Landesbank Hessen-Thüringen Girozentrale,Germany,0.3821,0.0044,0.0195,0.2247,54,France|Poland|Netherlands,nein
2025-06-30,851WYGNLUQLFZBSYGB56,COMMERZBANK Aktiengesellschaft,Germany,DZZ47B9A52ZJ6LT6VV95,Deutsche Pfandbriefbank AG,Germany,0.3508,0.0014,0.0058,0.2347,21,Poland|France|Netherlands,nein
2025-06-30,851WYGNLUQLFZBSYGB56,COMMERZBANK Aktiengesellschaft,Germany,JU1U6S0DG9YLT7N8ZV32,"Banco Comercial Português, SA",Portugal,0.6106,0.0016,0.0139,0.1156,52,Poland|Spain|Netherlands,ja
2025-06-30,851WYGNLUQLFZBSYGB56,COMMERZBANK Aktiengesellschaft,Germany,PQOH26KWDF7CG10L6792,"Česká spořitelna, a.s.",Czech,0.4146,0.0001,0.0279,0.0034,52,Poland|Austria|Czechia,ja
2025-06-30,851WYGNLUQLFZBSYGB56,COMMERZBANK Aktiengesellschaft,Germany,R0MUWSFPU8MPRO8K5P83,BNP Paribas,France,0.3119,0.0000,0.0011,0.0084,38,Poland|Netherlands|Luxembourg,ja
2025-06-30,95980020140005881190,Banco de Crédito Social Cooperativo,Spain,9695000CG7B84NLR5984,Caisse fédérale de crédit mutuel,France,0.7334,0.0000,0.0000,,23,Germany|Luxembourg|United Kingdom,ja
2025-06-30,95980020140005881190,Banco de Crédito Social Cooperativo,Spain,9695005MSX1OYEMGDF46,Natixis,France,0.3121,0.0000,0.0000,,23,Luxembourg|United Kingdom|Germany,ja
2025-06-30,95980020140005881190,Banco de Crédito Social Cooperativo,Spain,969500F7JLTX36OUI695,RCI Banque,France,0.4413,0.0000,0.0000,,13,Germany|United Kingdom|Netherlands,ja
2025-06-30,95980020140005881190,Banco de Crédito Social Cooperativo,Spain,969500TJ5KRTCJQWXH05,CRÉDIT AGRICOLE AUTO BANK S.P.A.,Italy,0.5522,0.0000,0.0000,,16,Germany|United Kingdom|France,ja
2025-06-30,95980020140005881190,Banco de Crédito Social Cooperativo,Spain,A5GWLFH3KM7YV2SFQL84,Belfius Bank,Belgium,0.4890,0.0000,0.0000,,23,United Kingdom|France|Netherlands,ja
2025-06-30,95980020140005881190,Banco de Crédito Social Cooperativo,Spain,BFXS5XCH7N0Y05NIXW11,ABN AMRO Bank N.V.,Netherlands,0.5934,0.0000,0.0000,,23,Germany|United Kingdom|France,ja
2025-06-30,95980020140005881190,Banco de Crédito Social Cooperativo,Spain,DIZES5CFO5K3I5R58746,Landesbank Hessen-Thüringen Girozentrale,Germany,0.4394,0.0000,0.0000,,23,United Kingdom|France|Luxembourg,ja
2025-06-30,95980020140005881190,Banco de Crédito Social Cooperativo,Spain,DZZ47B9A52ZJ6LT6VV95,Deutsche Pfandbriefbank AG,Germany,0.3319,0.0000,0.0000,,12,France|United Kingdom|Netherlands,ja
2025-06-30,95980020140005881190,Banco de Crédito Social Cooperativo,Spain,F3JS33DEI6XQ4ZBPTN86,Skandinaviska Enskilda Banken - gruppen,Sweden,0.3004,0.0000,0.0000,,23,Germany|United Kingdom|Luxembourg,ja
2025-06-30,95980020140005881190,Banco de Crédito Social Cooperativo,Spain,FR9695005MSX1OYEMGDF,Groupe BPCE,France,0.3530,0.0000,0.0000,,23,Luxembourg|Germany|United Kingdom,ja
2025-06-30,95980020140005881190,Banco de Crédito Social Cooperativo,Spain,J48C8PCSJVUBR8KCW529,BANCA POPOLARE DI SONDRIO SOCIETA' PER AZIONI,Italy,0.7625,0.0000,0.0000,,24,Germany|Luxembourg|United Kingdom,ja
2025-06-30,95980020140005881190,Banco de Crédito Social Cooperativo,Spain,J4CP7MHCXR8DAQMKIL78,MEDIOBANCA - BANCA DI CREDITO FINANZIARIO S.P.A.,Italy,0.5091,0.0000,0.0000,,24,United Kingdom|France|Luxembourg,ja
2025-06-30,95980020140005881190,Banco de Crédito Social Cooperativo,Spain,M6AD1Y1KW32H8THQ6F76,Piraeus Financial Holdings,Greece,0.4581,0.0000,0.0000,,22,United Kingdom|France|Ireland,ja
2025-06-30,95980020140005881190,Banco de Crédito Social Cooperativo,Spain,MLU0ZO3ML4LN2LL2TL39,HSBC Continental Europe,France,0.5974,0.0000,0.0000,,22,Germany|Luxembourg|Netherlands,ja
2025-06-30,95980020140005881190,Banco de Crédito Social Cooperativo,Spain,N747OI7JINV7RUUH6190,BPER Banca S.p.A.,Italy,0.4719,0.0000,0.0000,,24,France|Germany|Netherlands,ja
2025-06-30,95980020140005881190,Banco de Crédito Social Cooperativo,Spain,NNVPP80YIZGEY2314M97,ICCREA BANCA S.P.A. - ISTITUTO CENTRALE DEL CREDITO COOPERATIVO (IN FORMA ABBREVIATA: ICCREA BANCA S.P.A.),Italy,0.5276,0.0000,0.0000,,21,Germany|France|Netherlands,ja
2025-06-30,95980020140005881190,Banco de Crédito Social Cooperativo,Spain,O2RNE8IBXP4R0TD8PU41,Société générale S.A.,France,0.5776,0.0000,0.0000,,21,Germany|United Kingdom|Luxembourg,ja
2025-06-30,95980020140005881190,Banco de Crédito Social Cooperativo,Spain,P4GTT6GF1W40CVIMFR43,Powszechna Kasa Oszczednosci Bank Polski S.A.,Poland,0.5013,0.0000,0.0000,,18,Germany|Netherlands|Luxembourg,ja
2025-06-30,95980020140005881190,Banco de Crédito Social Cooperativo,Spain,QLPCKOOKVX32FUELX240,Bank Polska Kasa Opieki S.A.,Poland,0.4901,0.0000,0.0000,,24,Luxembourg|United Kingdom|Germany,ja
2025-06-30,95980020140005881190,Banco de Crédito Social Cooperativo,Spain,R0MUWSFPU8MPRO8K5P83,BNP Paribas,France,0.3918,0.0000,0.0000,,23,United Kingdom|Germany|Luxembourg,ja
2025-06-30,95980020140005881190,Banco de Crédito Social Cooperativo,Spain,R7CQUF1DQM73HUTV1078,"Banque et Caisse d´Epargne de l´Etat, Luxembourg",Luxembourg,0.5134,0.0000,0.0000,,22,Germany|France|Netherlands,ja
2025-06-30,95980020140005881190,Banco de Crédito Social Cooperativo,Spain,TUKDD90GPC79G1KOE162,Hamburg Commercial Bank AG,Germany,0.5687,0.0000,0.0000,,15,Luxembourg|United Kingdom|Netherlands,ja
2025-06-30,95980020140005881190,Banco de Crédito Social Cooperativo,Spain,VDYMYTQGZZ6DU0912C88,Bayerische Landesbank,Germany,0.6290,0.0000,0.0000,,23,Luxembourg|United Kingdom|France,ja
2025-06-30,9695000CG7B84NLR5984,Caisse fédérale de crédit mutuel,France,969500F7JLTX36OUI695,RCI Banque,France,0.4369,0.0000,0.0000,,14,Germany|United Kingdom|Netherlands,nein
2025-06-30,9695000CG7B84NLR5984,Caisse fédérale de crédit mutuel,France,969500TJ5KRTCJQWXH05,CRÉDIT AGRICOLE AUTO BANK S.P.A.,Italy,0.4183,0.0000,0.0000,,15,Germany|United Kingdom|Netherlands,ja
2025-06-30,9695000CG7B84NLR5984,Caisse fédérale de crédit mutuel,France,A5GWLFH3KM7YV2SFQL84,Belfius Bank,Belgium,0.3875,0.0000,0.0000,,24,United Kingdom|Luxembourg|Netherlands,ja
2025-06-30,9695000CG7B84NLR5984,Caisse fédérale de crédit mutuel,France,BFXS5XCH7N0Y05NIXW11,ABN AMRO Bank N.V.,Netherlands,0.4651,0.0000,0.0000,,24,Germany|United Kingdom|Luxembourg,ja
2025-06-30,9695000CG7B84NLR5984,Caisse fédérale de crédit mutuel,France,DIZES5CFO5K3I5R58746,Landesbank Hessen-Thüringen Girozentrale,Germany,0.3285,0.0000,0.0000,,24,United Kingdom|Luxembourg|Netherlands,ja
2025-06-30,9695000CG7B84NLR5984,Caisse fédérale de crédit mutuel,France,FR9695005MSX1OYEMGDF,Groupe BPCE,France,0.3133,0.0000,0.0000,,25,Luxembourg|Germany|United Kingdom,nein
2025-06-30,9695000CG7B84NLR5984,Caisse fédérale de crédit mutuel,France,J48C8PCSJVUBR8KCW529,BANCA POPOLARE DI SONDRIO SOCIETA' PER AZIONI,Italy,0.6356,0.0000,0.0000,,24,Germany|Luxembourg|United Kingdom,ja
2025-06-30,9695000CG7B84NLR5984,Caisse fédérale de crédit mutuel,France,J4CP7MHCXR8DAQMKIL78,MEDIOBANCA - BANCA DI CREDITO FINANZIARIO S.P.A.,Italy,0.3719,0.0000,0.0000,,25,United Kingdom|Luxembourg|Netherlands,ja
2025-06-30,9695000CG7B84NLR5984,Caisse fédérale de crédit mutuel,France,MLU0ZO3ML4LN2LL2TL39,HSBC Continental Europe,France,0.5472,0.0000,0.0000,,24,Germany|Luxembourg|Netherlands,nein
2025-06-30,9695000CG7B84NLR5984,Caisse fédérale de crédit mutuel,France,N747OI7JINV7RUUH6190,BPER Banca S.p.A.,Italy,0.3416,0.0000,0.0000,,25,Germany|Netherlands|Luxembourg,ja
2025-06-30,9695000CG7B84NLR5984,Caisse fédérale de crédit mutuel,France,NNVPP80YIZGEY2314M97,ICCREA BANCA S.P.A. - ISTITUTO CENTRALE DEL CREDITO COOPERATIVO (IN FORMA ABBREVIATA: ICCREA BANCA S.P.A.),Italy,0.3827,0.0000,0.0000,,20,Germany|Netherlands|Luxembourg,ja
2025-06-30,9695000CG7B84NLR5984,Caisse fédérale de crédit mutuel,France,O2RNE8IBXP4R0TD8PU41,Société générale S.A.,France,0.5458,0.0000,0.0000,,21,Germany|United Kingdom|Luxembourg,nein
2025-06-30,9695000CG7B84NLR5984,Caisse fédérale de crédit mutuel,France,P4GTT6GF1W40CVIMFR43,Powszechna Kasa Oszczednosci Bank Polski S.A.,Poland,0.4401,0.0000,0.0000,,18,Germany|Netherlands|Luxembourg,ja
2025-06-30,9695000CG7B84NLR5984,Caisse fédérale de crédit mutuel,France,QLPCKOOKVX32FUELX240,Bank Polska Kasa Opieki S.A.,Poland,0.4292,0.0000,0.0000,,25,Luxembourg|United Kingdom|Germany,ja
2025-06-30,9695000CG7B84NLR5984,Caisse fédérale de crédit mutuel,France,R0MUWSFPU8MPRO8K5P83,BNP Paribas,France,0.3939,0.0000,0.0000,,25,United Kingdom|Germany|Luxembourg,nein
2025-06-30,9695000CG7B84NLR5984,Caisse fédérale de crédit mutuel,France,R7CQUF1DQM73HUTV1078,"Banque et Caisse d´Epargne de l´Etat, Luxembourg",Luxembourg,0.4207,0.0000,0.0000,,22,Germany|Netherlands|Australia,ja
2025-06-30,9695000CG7B84NLR5984,Caisse fédérale de crédit mutuel,France,TUKDD90GPC79G1KOE162,Hamburg Commercial Bank AG,Germany,0.3971,0.0000,0.0000,,14,Luxembourg|United Kingdom|Netherlands,ja
2025-06-30,9695000CG7B84NLR5984,Caisse fédérale de crédit mutuel,France,VDYMYTQGZZ6DU0912C88,Bayerische Landesbank,Germany,0.4038,0.0000,0.0000,,24,Luxembourg|United Kingdom|Netherlands,ja
2025-06-30,9695005MSX1OYEMGDF46,Natixis,France,A5GWLFH3KM7YV2SFQL84,Belfius Bank,Belgium,0.3172,0.0002,0.0091,0.0257,36,Luxembourg|United States|United Kingdom,ja
2025-06-30,9695005MSX1OYEMGDF46,Natixis,France,DIZES5CFO5K3I5R58746,Landesbank Hessen-Thüringen Girozentrale,Germany,0.4427,0.0062,0.0195,0.3177,123,United States|Luxembourg|United Kingdom,ja
2025-06-30,9695005MSX1OYEMGDF46,Natixis,France,DZZ47B9A52ZJ6LT6VV95,Deutsche Pfandbriefbank AG,Germany,0.3002,0.0031,0.0058,0.5370,25,United States|United Kingdom|Spain,ja
2025-06-30,9695005MSX1OYEMGDF46,Natixis,France,FR9695005MSX1OYEMGDF,Groupe BPCE,France,0.9071,0.0479,0.0520,0.9213,176,Luxembourg|United States|United Kingdom,nein
2025-06-30,9695005MSX1OYEMGDF46,Natixis,France,J4CP7MHCXR8DAQMKIL78,MEDIOBANCA - BANCA DI CREDITO FINANZIARIO S.P.A.,Italy,0.3413,0.0014,0.0551,0.0247,45,United States|Luxembourg|United Kingdom,ja
2025-06-30,9695005MSX1OYEMGDF46,Natixis,France,MLU0ZO3ML4LN2LL2TL39,HSBC Continental Europe,France,0.4033,0.0131,0.0357,0.3655,105,Luxembourg|United States|United Kingdom,nein
2025-06-30,9695005MSX1OYEMGDF46,Natixis,France,N747OI7JINV7RUUH6190,BPER Banca S.p.A.,Italy,0.3236,0.0213,0.0551,0.3861,148,Luxembourg|United States|United Kingdom,ja
2025-06-30,9695005MSX1OYEMGDF46,Natixis,France,QLPCKOOKVX32FUELX240,Bank Polska Kasa Opieki S.A.,Poland,0.4497,0.0005,0.0232,0.0225,109,Luxembourg|United Kingdom|United States,ja
2025-06-30,9695005MSX1OYEMGDF46,Natixis,France,TUKDD90GPC79G1KOE162,Hamburg Commercial Bank AG,Germany,0.4699,0.0166,0.0551,0.3019,39,Luxembourg|United States|United Kingdom,ja
2025-06-30,9695005MSX1OYEMGDF46,Natixis,France,VDYMYTQGZZ6DU0912C88,Bayerische Landesbank,Germany,0.3432,0.0013,0.0019,0.6860,144,Luxembourg|United Kingdom|Netherlands,ja
2025-06-30,969500F7JLTX36OUI695,RCI Banque,France,969500TJ5KRTCJQWXH05,CRÉDIT AGRICOLE AUTO BANK S.P.A.,Italy,0.5635,0.0019,0.0168,0.1139,18,Germany|United Kingdom|Spain,ja
2025-06-30,969500F7JLTX36OUI695,RCI Banque,France,A5GWLFH3KM7YV2SFQL84,Belfius Bank,Belgium,0.3391,0.0000,0.0091,0.0000,20,United Kingdom|Germany|Spain,ja
2025-06-30,969500F7JLTX36OUI695,RCI Banque,France,BFXS5XCH7N0Y05NIXW11,ABN AMRO Bank N.V.,Netherlands,0.3672,0.0000,0.0000,,13,Germany|United Kingdom|Ireland,ja
2025-06-30,969500F7JLTX36OUI695,RCI Banque,France,J48C8PCSJVUBR8KCW529,BANCA POPOLARE DI SONDRIO SOCIETA' PER AZIONI,Italy,0.4431,0.0000,0.0039,0.0000,14,Germany|United Kingdom|Netherlands,ja
2025-06-30,969500F7JLTX36OUI695,RCI Banque,France,J4CP7MHCXR8DAQMKIL78,MEDIOBANCA - BANCA DI CREDITO FINANZIARIO S.P.A.,Italy,0.4498,0.0000,0.0787,0.0000,19,United Kingdom|Spain|Germany,ja
2025-06-30,969500F7JLTX36OUI695,RCI Banque,France,MLU0ZO3ML4LN2LL2TL39,HSBC Continental Europe,France,0.5023,0.0010,0.0357,0.0283,27,Germany|United Kingdom|Spain,nein
2025-06-30,969500F7JLTX36OUI695,RCI Banque,France,O2RNE8IBXP4R0TD8PU41,Société générale S.A.,France,0.3564,0.0000,0.0000,,13,United Kingdom|Germany|Netherlands,nein
2025-06-30,969500F7JLTX36OUI695,RCI Banque,France,P4GTT6GF1W40CVIMFR43,Powszechna Kasa Oszczednosci Bank Polski S.A.,Poland,0.3426,0.0000,0.0787,0.0005,18,Germany|United Kingdom|Austria,ja
2025-06-30,969500F7JLTX36OUI695,RCI Banque,France,QLPCKOOKVX32FUELX240,Bank Polska Kasa Opieki S.A.,Poland,0.3578,0.0001,0.0232,0.0032,26,United Kingdom|Germany|Spain,ja
2025-06-30,969500F7JLTX36OUI695,RCI Banque,France,R0MUWSFPU8MPRO8K5P83,BNP Paribas,France,0.3475,0.0000,0.0011,0.0000,25,United Kingdom|Germany|Spain,nein
2025-06-30,969500Q2PFTTP0Y5QL44,SFIL S.A.,France,F3JS33DEI6XQ4ZBPTN86,Skandinaviska Enskilda Banken - gruppen,Sweden,0.3698,0.0000,0.0020,0.0000,9,Finland|Norway|Germany,ja
2025-06-30,969500Q2PFTTP0Y5QL44,SFIL S.A.,France,MAES062Z21O4RZ2U7M96,Danske Bank A/S,Denmark,0.4580,0.0000,0.0000,,7,Sweden|Finland|Norway,ja
2025-06-30,969500Q2PFTTP0Y5QL44,SFIL S.A.,France,R7CQUF1DQM73HUTV1078,"Banque et Caisse d´Epargne de l´Etat, Luxembourg",Luxembourg,0.3563,0.0000,0.0020,0.0000,7,Norway|Sweden|Netherlands,ja
2025-06-30,969500TJ5KRTCJQWXH05,CRÉDIT AGRICOLE AUTO BANK S.P.A.,Italy,A5GWLFH3KM7YV2SFQL84,Belfius Bank,Belgium,0.5802,0.0000,0.0091,0.0000,22,United Kingdom|France|Germany,ja
2025-06-30,969500TJ5KRTCJQWXH05,CRÉDIT AGRICOLE AUTO BANK S.P.A.,Italy,BFXS5XCH7N0Y05NIXW11,ABN AMRO Bank N.V.,Netherlands,0.6406,0.0000,0.0000,,15,United Kingdom|Germany|France,ja
2025-06-30,969500TJ5KRTCJQWXH05,CRÉDIT AGRICOLE AUTO BANK S.P.A.,Italy,DIZES5CFO5K3I5R58746,Landesbank Hessen-Thüringen Girozentrale,Germany,0.4986,0.0012,0.0168,0.0719,26,France|United Kingdom|Netherlands,ja
2025-06-30,969500TJ5KRTCJQWXH05,CRÉDIT AGRICOLE AUTO BANK S.P.A.,Italy,DZZ47B9A52ZJ6LT6VV95,Deutsche Pfandbriefbank AG,Germany,0.4673,0.0000,0.0058,0.0000,16,France|United Kingdom|Spain,ja
2025-06-30,969500TJ5KRTCJQWXH05,CRÉDIT AGRICOLE AUTO BANK S.P.A.,Italy,F3JS33DEI6XQ4ZBPTN86,Skandinaviska Enskilda Banken - gruppen,Sweden,0.3333,0.0000,0.0168,0.0019,25,Germany|United Kingdom|Finland,ja
2025-06-30,969500TJ5KRTCJQWXH05,CRÉDIT AGRICOLE AUTO BANK S.P.A.,Italy,J48C8PCSJVUBR8KCW529,BANCA POPOLARE DI SONDRIO SOCIETA' PER AZIONI,Italy,0.6647,0.0000,0.0039,0.0000,16,United Kingdom|Germany|France,nein
2025-06-30,969500TJ5KRTCJQWXH05,CRÉDIT AGRICOLE AUTO BANK S.P.A.,Italy,J4CP7MHCXR8DAQMKIL78,MEDIOBANCA - BANCA DI CREDITO FINANZIARIO S.P.A.,Italy,0.5675,0.0014,0.0168,0.0829,23,United Kingdom|France|Spain,nein
2025-06-30,969500TJ5KRTCJQWXH05,CRÉDIT AGRICOLE AUTO BANK S.P.A.,Italy,M6AD1Y1KW32H8THQ6F76,Piraeus Financial Holdings,Greece,0.4930,0.0000,0.0000,,15,United Kingdom|France|Germany,ja
2025-06-30,969500TJ5KRTCJQWXH05,CRÉDIT AGRICOLE AUTO BANK S.P.A.,Italy,MLU0ZO3ML4LN2LL2TL39,HSBC Continental Europe,France,0.4703,0.0056,0.0168,0.3335,25,Germany|United Kingdom|Spain,ja
2025-06-30,969500TJ5KRTCJQWXH05,CRÉDIT AGRICOLE AUTO BANK S.P.A.,Italy,N747OI7JINV7RUUH6190,BPER Banca S.p.A.,Italy,0.5129,0.0030,0.0168,0.1793,27,France|Germany|Spain,nein
2025-06-30,969500TJ5KRTCJQWXH05,CRÉDIT AGRICOLE AUTO BANK S.P.A.,Italy,NHBDILHZTYCNBV5UYZ31,Svenska Handelsbanken - gruppen,Sweden,0.3370,0.0000,0.0037,0.0102,25,United Kingdom|Finland|Netherlands,ja
2025-06-30,969500TJ5KRTCJQWXH05,CRÉDIT AGRICOLE AUTO BANK S.P.A.,Italy,NNVPP80YIZGEY2314M97,ICCREA BANCA S.P.A. - ISTITUTO CENTRALE DEL CREDITO COOPERATIVO (IN FORMA ABBREVIATA: ICCREA BANCA S.P.A.),Italy,0.4454,0.0000,0.0000,,15,Germany|France|Netherlands,nein
2025-06-30,969500TJ5KRTCJQWXH05,CRÉDIT AGRICOLE AUTO BANK S.P.A.,Italy,O2RNE8IBXP4R0TD8PU41,Société générale S.A.,France,0.4334,0.0000,0.0000,,15,United Kingdom|Germany|Czechia,ja
2025-06-30,969500TJ5KRTCJQWXH05,CRÉDIT AGRICOLE AUTO BANK S.P.A.,Italy,P4GTT6GF1W40CVIMFR43,Powszechna Kasa Oszczednosci Bank Polski S.A.,Poland,0.4331,0.0000,0.0168,0.0000,17,Germany|France|Czechia,ja
2025-06-30,969500TJ5KRTCJQWXH05,CRÉDIT AGRICOLE AUTO BANK S.P.A.,Italy,QLPCKOOKVX32FUELX240,Bank Polska Kasa Opieki S.A.,Poland,0.3827,0.0009,0.0168,0.0507,26,United Kingdom|Germany|Spain,ja
2025-06-30,969500TJ5KRTCJQWXH05,CRÉDIT AGRICOLE AUTO BANK S.P.A.,Italy,R0MUWSFPU8MPRO8K5P83,BNP Paribas,France,0.3810,0.0011,0.0011,0.9824,23,United Kingdom|Germany|Spain,ja
2025-06-30,969500TJ5KRTCJQWXH05,CRÉDIT AGRICOLE AUTO BANK S.P.A.,Italy,R7CQUF1DQM73HUTV1078,"Banque et Caisse d´Epargne de l´Etat, Luxembourg",Luxembourg,0.4765,0.0000,0.0051,0.0000,14,Germany|France|Netherlands,ja
2025-06-30,969500TJ5KRTCJQWXH05,CRÉDIT AGRICOLE AUTO BANK S.P.A.,Italy,SI5RG2M0WQQLZCXKRM20,"Banco de Sabadell, S.A.",Spain,0.3245,0.0000,0.0002,0.0000,16,United Kingdom|France|Netherlands,ja
2025-06-30,969500TJ5KRTCJQWXH05,CRÉDIT AGRICOLE AUTO BANK S.P.A.,Italy,TUKDD90GPC79G1KOE162,Hamburg Commercial Bank AG,Germany,0.3530,0.0147,0.0168,0.8795,17,United Kingdom|France|Netherlands,ja
2025-06-30,969500TJ5KRTCJQWXH05,CRÉDIT AGRICOLE AUTO BANK S.P.A.,Italy,VDYMYTQGZZ6DU0912C88,Bayerische Landesbank,Germany,0.4805,0.0000,0.0019,0.0202,25,United Kingdom|France|Netherlands,ja
2025-06-30,9ZHRYM6F437SQJ6OUG95,Raiffeisen Bank International AG,Austria,KFUXYFTU2LHQFQZDQG45,Kereskedelmi és Hitelbank csoport,Hungary,0.4561,0.0000,0.0958,0.0002,28,Slovakia|Czechia|Luxembourg,ja
2025-06-30,9ZHRYM6F437SQJ6OUG95,Raiffeisen Bank International AG,Austria,O2RNE8IBXP4R0TD8PU41,Société générale S.A.,France,0.4062,0.0000,0.0000,,21,Czechia|Romania|Germany,ja
2025-06-30,9ZHRYM6F437SQJ6OUG95,Raiffeisen Bank International AG,Austria,PQOH26KWDF7CG10L6792,"Česká spořitelna, a.s.",Czech,0.3070,0.0108,0.0279,0.3861,125,Czechia|Croatia|Poland,ja
2025-06-30,A5GWLFH3KM7YV2SFQL84,Belfius Bank,Belgium,BFXS5XCH7N0Y05NIXW11,ABN AMRO Bank N.V.,Netherlands,0.6862,0.0000,0.0000,,25,United Kingdom|France|Luxembourg,ja
2025-06-30,A5GWLFH3KM7YV2SFQL84,Belfius Bank,Belgium,DIZES5CFO5K3I5R58746,Landesbank Hessen-Thüringen Girozentrale,Germany,0.5748,0.0022,0.0091,0.2378,36,France|United Kingdom|Luxembourg,ja
2025-06-30,A5GWLFH3KM7YV2SFQL84,Belfius Bank,Belgium,DZZ47B9A52ZJ6LT6VV95,Deutsche Pfandbriefbank AG,Germany,0.5502,0.0000,0.0058,0.0000,18,France|United Kingdom|Netherlands,ja
2025-06-30,A5GWLFH3KM7YV2SFQL84,Belfius Bank,Belgium,FR9695005MSX1OYEMGDF,Groupe BPCE,France,0.3560,0.0002,0.0091,0.0235,36,Luxembourg|United States|United Kingdom,ja
2025-06-30,A5GWLFH3KM7YV2SFQL84,Belfius Bank,Belgium,J48C8PCSJVUBR8KCW529,BANCA POPOLARE DI SONDRIO SOCIETA' PER AZIONI,Italy,0.6509,0.0004,0.0039,0.1057,25,United Kingdom|France|Luxembourg,ja
2025-06-30,A5GWLFH3KM7YV2SFQL84,Belfius Bank,Belgium,J4CP7MHCXR8DAQMKIL78,MEDIOBANCA - BANCA DI CREDITO FINANZIARIO S.P.A.,Italy,0.6345,0.0003,0.0091,0.0375,34,United Kingdom|France|Luxembourg,ja
2025-06-30,A5GWLFH3KM7YV2SFQL84,Belfius Bank,Belgium,M6AD1Y1KW32H8THQ6F76,Piraeus Financial Holdings,Greece,0.5286,0.0000,0.0000,,22,United Kingdom|France|Netherlands,ja
2025-06-30,A5GWLFH3KM7YV2SFQL84,Belfius Bank,Belgium,MLU0ZO3ML4LN2LL2TL39,HSBC Continental Europe,France,0.4263,0.0001,0.0091,0.0068,35,Netherlands|Luxembourg|United States,ja
2025-06-30,A5GWLFH3KM7YV2SFQL84,Belfius Bank,Belgium,N747OI7JINV7RUUH6190,BPER Banca S.p.A.,Italy,0.6158,0.0003,0.0091,0.0315,36,France|Netherlands|Luxembourg,ja
2025-06-30,A5GWLFH3KM7YV2SFQL84,Belfius Bank,Belgium,NHBDILHZTYCNBV5UYZ31,Svenska Handelsbanken - gruppen,Sweden,0.4336,0.0000,0.0037,0.0064,35,United Kingdom|Netherlands|Norway,ja
2025-06-30,A5GWLFH3KM7YV2SFQL84,Belfius Bank,Belgium,NNVPP80YIZGEY2314M97,ICCREA BANCA S.P.A. - ISTITUTO CENTRALE DEL CREDITO COOPERATIVO (IN FORMA ABBREVIATA: ICCREA BANCA S.P.A.),Italy,0.4397,0.0000,0.0000,,20,France|Netherlands|Germany,ja
2025-06-30,A5GWLFH3KM7YV2SFQL84,Belfius Bank,Belgium,O2RNE8IBXP4R0TD8PU41,Société générale S.A.,France,0.3950,0.0000,0.0000,,20,United Kingdom|Luxembourg|Netherlands,ja
2025-06-30,A5GWLFH3KM7YV2SFQL84,Belfius Bank,Belgium,P4GTT6GF1W40CVIMFR43,Powszechna Kasa Oszczednosci Bank Polski S.A.,Poland,0.3916,0.0000,0.0091,0.0000,24,Netherlands|Luxembourg|France,ja
2025-06-30,A5GWLFH3KM7YV2SFQL84,Belfius Bank,Belgium,QLPCKOOKVX32FUELX240,Bank Polska Kasa Opieki S.A.,Poland,0.4338,0.0000,0.0091,0.0001,36,United Kingdom|Luxembourg|Netherlands,ja
2025-06-30,A5GWLFH3KM7YV2SFQL84,Belfius Bank,Belgium,R0MUWSFPU8MPRO8K5P83,BNP Paribas,France,0.3556,0.0000,0.0011,0.0025,35,United Kingdom|Luxembourg|Netherlands,ja
2025-06-30,A5GWLFH3KM7YV2SFQL84,Belfius Bank,Belgium,R7CQUF1DQM73HUTV1078,"Banque et Caisse d´Epargne de l´Etat, Luxembourg",Luxembourg,0.4219,0.0000,0.0051,0.0000,22,France|Netherlands|Germany,ja
2025-06-30,A5GWLFH3KM7YV2SFQL84,Belfius Bank,Belgium,SI5RG2M0WQQLZCXKRM20,"Banco de Sabadell, S.A.",Spain,0.3548,0.0000,0.0002,0.0000,24,United Kingdom|France|Netherlands,ja
2025-06-30,A5GWLFH3KM7YV2SFQL84,Belfius Bank,Belgium,TUKDD90GPC79G1KOE162,Hamburg Commercial Bank AG,Germany,0.4824,0.0001,0.0091,0.0068,24,United Kingdom|Netherlands|Luxembourg,ja
2025-06-30,A5GWLFH3KM7YV2SFQL84,Belfius Bank,Belgium,VDYMYTQGZZ6DU0912C88,Bayerische Landesbank,Germany,0.6569,0.0000,0.0019,0.0215,36,France|United Kingdom|Netherlands,ja
2025-06-30,BFXS5XCH7N0Y05NIXW11,ABN AMRO Bank N.V.,Netherlands,DIZES5CFO5K3I5R58746,Landesbank Hessen-Thüringen Girozentrale,Germany,0.4594,0.0000,0.0000,,25,France|United Kingdom|Luxembourg,ja
2025-06-30,BFXS5XCH7N0Y05NIXW11,ABN AMRO Bank N.V.,Netherlands,DZZ47B9A52ZJ6LT6VV95,Deutsche Pfandbriefbank AG,Germany,0.4089,0.0000,0.0000,,12,France|United Kingdom|United States,ja
2025-06-30,BFXS5XCH7N0Y05NIXW11,ABN AMRO Bank N.V.,Netherlands,F3JS33DEI6XQ4ZBPTN86,Skandinaviska Enskilda Banken - gruppen,Sweden,0.3059,0.0000,0.0000,,25,Germany|United Kingdom|Luxembourg,ja
2025-06-30,BFXS5XCH7N0Y05NIXW11,ABN AMRO Bank N.V.,Netherlands,J48C8PCSJVUBR8KCW529,BANCA POPOLARE DI SONDRIO SOCIETA' PER AZIONI,Italy,0.7354,0.0000,0.0000,,24,United Kingdom|France|Germany,ja
2025-06-30,BFXS5XCH7N0Y05NIXW11,ABN AMRO Bank N.V.,Netherlands,J4CP7MHCXR8DAQMKIL78,MEDIOBANCA - BANCA DI CREDITO FINANZIARIO S.P.A.,Italy,0.5390,0.0000,0.0000,,26,United Kingdom|France|Luxembourg,ja
2025-06-30,BFXS5XCH7N0Y05NIXW11,ABN AMRO Bank N.V.,Netherlands,M6AD1Y1KW32H8THQ6F76,Piraeus Financial Holdings,Greece,0.5100,0.0000,0.0000,,22,United Kingdom|France|Germany,ja
2025-06-30,BFXS5XCH7N0Y05NIXW11,ABN AMRO Bank N.V.,Netherlands,MLU0ZO3ML4LN2LL2TL39,HSBC Continental Europe,France,0.4129,0.0000,0.0000,,24,Germany|Luxembourg|United Kingdom,ja
2025-06-30,BFXS5XCH7N0Y05NIXW11,ABN AMRO Bank N.V.,Netherlands,N747OI7JINV7RUUH6190,BPER Banca S.p.A.,Italy,0.5290,0.0000,0.0000,,26,France|Germany|Luxembourg,ja
2025-06-30,BFXS5XCH7N0Y05NIXW11,ABN AMRO Bank N.V.,Netherlands,NHBDILHZTYCNBV5UYZ31,Svenska Handelsbanken - gruppen,Sweden,0.3238,0.0000,0.0000,,25,United Kingdom|Norway|United States,ja
2025-06-30,BFXS5XCH7N0Y05NIXW11,ABN AMRO Bank N.V.,Netherlands,NNVPP80YIZGEY2314M97,ICCREA BANCA S.P.A. - ISTITUTO CENTRALE DEL CREDITO COOPERATIVO (IN FORMA ABBREVIATA: ICCREA BANCA S.P.A.),Italy,0.4874,0.0000,0.0000,,20,France|Germany|Luxembourg,ja
2025-06-30,BFXS5XCH7N0Y05NIXW11,ABN AMRO Bank N.V.,Netherlands,O2RNE8IBXP4R0TD8PU41,Société générale S.A.,France,0.4799,0.0000,0.0000,,20,United Kingdom|Germany|Luxembourg,ja
2025-06-30,BFXS5XCH7N0Y05NIXW11,ABN AMRO Bank N.V.,Netherlands,P4GTT6GF1W40CVIMFR43,Powszechna Kasa Oszczednosci Bank Polski S.A.,Poland,0.3760,0.0000,0.0000,,19,Germany|Luxembourg|France,ja
2025-06-30,BFXS5XCH7N0Y05NIXW11,ABN AMRO Bank N.V.,Netherlands,QLPCKOOKVX32FUELX240,Bank Polska Kasa Opieki S.A.,Poland,0.3659,0.0000,0.0000,,26,United Kingdom|Luxembourg|Germany,ja
2025-06-30,BFXS5XCH7N0Y05NIXW11,ABN AMRO Bank N.V.,Netherlands,R0MUWSFPU8MPRO8K5P83,BNP Paribas,France,0.4286,0.0000,0.0000,,25,United Kingdom|Belgium|Germany,ja
2025-06-30,BFXS5XCH7N0Y05NIXW11,ABN AMRO Bank N.V.,Netherlands,R7CQUF1DQM73HUTV1078,"Banque et Caisse d´Epargne de l´Etat, Luxembourg",Luxembourg,0.5348,0.0000,0.0000,,22,France|Germany|Belgium,ja
2025-06-30,BFXS5XCH7N0Y05NIXW11,ABN AMRO Bank N.V.,Netherlands,SI5RG2M0WQQLZCXKRM20,"Banco de Sabadell, S.A.",Spain,0.3464,0.0000,0.0000,,24,United Kingdom|France|Germany,ja
2025-06-30,BFXS5XCH7N0Y05NIXW11,ABN AMRO Bank N.V.,Netherlands,TUKDD90GPC79G1KOE162,Hamburg Commercial Bank AG,Germany,0.4026,0.0000,0.0000,,15,United Kingdom|Luxembourg|France,ja
2025-06-30,BFXS5XCH7N0Y05NIXW11,ABN AMRO Bank N.V.,Netherlands,VDYMYTQGZZ6DU0912C88,Bayerische Landesbank,Germany,0.5951,0.0000,0.0000,,25,France|United Kingdom|Luxembourg,ja
2025-06-30,DIZES5CFO5K3I5R58746,Landesbank Hessen-Thüringen Girozentrale,Germany,DZZ47B9A52ZJ6LT6VV95,Deutsche Pfandbriefbank AG,Germany,0.7319,0.0014,0.0058,0.2360,26,United States|France|United Kingdom,nein
2025-06-30,DIZES5CFO5K3I5R58746,Landesbank Hessen-Thüringen Girozentrale,Germany,FR9695005MSX1OYEMGDF,Groupe BPCE,France,0.4487,0.0061,0.0195,0.3117,132,United States|Luxembourg|United Kingdom,ja
2025-06-30,DIZES5CFO5K3I5R58746,Landesbank Hessen-Thüringen Girozentrale,Germany,J48C8PCSJVUBR8KCW529,BANCA POPOLARE DI SONDRIO SOCIETA' PER AZIONI,Italy,0.4713,0.0000,0.0039,0.0001,25,France|United Kingdom|Luxembourg,ja
2025-06-30,DIZES5CFO5K3I5R58746,Landesbank Hessen-Thüringen Girozentrale,Germany,J4CP7MHCXR8DAQMKIL78,MEDIOBANCA - BANCA DI CREDITO FINANZIARIO S.P.A.,Italy,0.5873,0.0046,0.0195,0.2348,45,France|United Kingdom|United States,ja
2025-06-30,DIZES5CFO5K3I5R58746,Landesbank Hessen-Thüringen Girozentrale,Germany,M6AD1Y1KW32H8THQ6F76,Piraeus Financial Holdings,Greece,0.3852,0.0000,0.0000,,23,France|United Kingdom|Netherlands,ja
2025-06-30,DIZES5CFO5K3I5R58746,Landesbank Hessen-Thüringen Girozentrale,Germany,MLU0ZO3ML4LN2LL2TL39,HSBC Continental Europe,France,0.4264,0.0076,0.0195,0.3902,98,Luxembourg|United States|United Kingdom,ja
2025-06-30,DIZES5CFO5K3I5R58746,Landesbank Hessen-Thüringen Girozentrale,Germany,N747OI7JINV7RUUH6190,BPER Banca S.p.A.,Italy,0.5569,0.0079,0.0195,0.4032,123,France|Luxembourg|United States,ja
2025-06-30,DIZES5CFO5K3I5R58746,Landesbank Hessen-Thüringen Girozentrale,Germany,O2RNE8IBXP4R0TD8PU41,Société générale S.A.,France,0.3332,0.0000,0.0000,,20,United Kingdom|Luxembourg|Netherlands,ja
2025-06-30,DIZES5CFO5K3I5R58746,Landesbank Hessen-Thüringen Girozentrale,Germany,P4GTT6GF1W40CVIMFR43,Powszechna Kasa Oszczednosci Bank Polski S.A.,Poland,0.3268,0.0001,0.0195,0.0041,32,Luxembourg|Netherlands|France,ja
2025-06-30,DIZES5CFO5K3I5R58746,Landesbank Hessen-Thüringen Girozentrale,Germany,QLPCKOOKVX32FUELX240,Bank Polska Kasa Opieki S.A.,Poland,0.4271,0.0010,0.0195,0.0499,101,United Kingdom|Luxembourg|Netherlands,ja
2025-06-30,DIZES5CFO5K3I5R58746,Landesbank Hessen-Thüringen Girozentrale,Germany,R0MUWSFPU8MPRO8K5P83,BNP Paribas,France,0.3813,0.0011,0.0011,0.9979,62,United Kingdom|Luxembourg|Poland,ja
2025-06-30,DIZES5CFO5K3I5R58746,Landesbank Hessen-Thüringen Girozentrale,Germany,TUKDD90GPC79G1KOE162,Hamburg Commercial Bank AG,Germany,0.5821,0.0098,0.0195,0.5017,39,United States|United Kingdom|Luxembourg,nein
2025-06-30,DIZES5CFO5K3I5R58746,Landesbank Hessen-Thüringen Girozentrale,Germany,VDYMYTQGZZ6DU0912C88,Bayerische Landesbank,Germany,0.4836,0.0014,0.0019,0.7388,126,France|United Kingdom|Luxembourg,nein
2025-06-30,DZZ47B9A52ZJ6LT6VV95,Deutsche Pfandbriefbank AG,Germany,FR9695005MSX1OYEMGDF,Groupe BPCE,France,0.3048,0.0031,0.0058,0.5294,25,United States|United Kingdom|Spain,ja
2025-06-30,DZZ47B9A52ZJ6LT6VV95,Deutsche Pfandbriefbank AG,Germany,J48C8PCSJVUBR8KCW529,BANCA POPOLARE DI SONDRIO SOCIETA' PER AZIONI,Italy,0.4151,0.0000,0.0039,0.0000,12,France|United Kingdom|Netherlands,ja
2025-06-30,DZZ47B9A52ZJ6LT6VV95,Deutsche Pfandbriefbank AG,Germany,J4CP7MHCXR8DAQMKIL78,MEDIOBANCA - BANCA DI CREDITO FINANZIARIO S.P.A.,Italy,0.5037,0.0000,0.0058,0.0013,18,France|United Kingdom|United States,ja
2025-06-30,DZZ47B9A52ZJ6LT6VV95,Deutsche Pfandbriefbank AG,Germany,M6AD1Y1KW32H8THQ6F76,Piraeus Financial Holdings,Greece,0.3475,0.0000,0.0000,,11,France|United Kingdom|Netherlands,ja
2025-06-30,DZZ47B9A52ZJ6LT6VV95,Deutsche Pfandbriefbank AG,Germany,MLU0ZO3ML4LN2LL2TL39,HSBC Continental Europe,France,0.3349,0.0027,0.0058,0.4688,25,Netherlands|United States|United Kingdom,ja
2025-06-30,DZZ47B9A52ZJ6LT6VV95,Deutsche Pfandbriefbank AG,Germany,N747OI7JINV7RUUH6190,BPER Banca S.p.A.,Italy,0.5553,0.0016,0.0058,0.2809,25,France|Netherlands|United States,ja
2025-06-30,DZZ47B9A52ZJ6LT6VV95,Deutsche Pfandbriefbank AG,Germany,NNVPP80YIZGEY2314M97,ICCREA BANCA S.P.A. - ISTITUTO CENTRALE DEL CREDITO COOPERATIVO (IN FORMA ABBREVIATA: ICCREA BANCA S.P.A.),Italy,0.3384,0.0000,0.0000,,11,France|Netherlands|Luxembourg,ja
2025-06-30,DZZ47B9A52ZJ6LT6VV95,Deutsche Pfandbriefbank AG,Germany,QLPCKOOKVX32FUELX240,Bank Polska Kasa Opieki S.A.,Poland,0.3657,0.0000,0.0058,0.0000,21,United Kingdom|Netherlands|Spain,ja
2025-06-30,DZZ47B9A52ZJ6LT6VV95,Deutsche Pfandbriefbank AG,Germany,R0MUWSFPU8MPRO8K5P83,BNP Paribas,France,0.3467,0.0000,0.0011,0.0000,19,Poland|United Kingdom|Spain,ja
2025-06-30,DZZ47B9A52ZJ6LT6VV95,Deutsche Pfandbriefbank AG,Germany,R7CQUF1DQM73HUTV1078,"Banque et Caisse d´Epargne de l´Etat, Luxembourg",Luxembourg,0.3643,0.0000,0.0051,0.0000,10,France|Netherlands|Sweden,ja
2025-06-30,DZZ47B9A52ZJ6LT6VV95,Deutsche Pfandbriefbank AG,Germany,TUKDD90GPC79G1KOE162,Hamburg Commercial Bank AG,Germany,0.4860,0.0027,0.0058,0.4694,17,United States|United Kingdom|Netherlands,nein
2025-06-30,DZZ47B9A52ZJ6LT6VV95,Deutsche Pfandbriefbank AG,Germany,VDYMYTQGZZ6DU0912C88,Bayerische Landesbank,Germany,0.4398,0.0002,0.0019,0.1150,26,France|United Kingdom|Netherlands,nein
2025-06-30,F3JS33DEI6XQ4ZBPTN86,Skandinaviska Enskilda Banken - gruppen,Sweden,J48C8PCSJVUBR8KCW529,BANCA POPOLARE DI SONDRIO SOCIETA' PER AZIONI,Italy,0.3041,0.0000,0.0039,0.0002,25,Germany|United Kingdom|Luxembourg,ja
2025-06-30,F3JS33DEI6XQ4ZBPTN86,Skandinaviska Enskilda Banken - gruppen,Sweden,M312WZV08Y7LYUC71685,Swedbank - Grupp,Sweden,0.4965,0.0000,0.0000,,15,Norway|Lithuania|Estonia,nein
2025-06-30,F3JS33DEI6XQ4ZBPTN86,Skandinaviska Enskilda Banken - gruppen,Sweden,MAES062Z21O4RZ2U7M96,Danske Bank A/S,Denmark,0.3798,0.0000,0.0000,,15,Finland|Norway|United Kingdom,ja
2025-06-30,F3JS33DEI6XQ4ZBPTN86,Skandinaviska Enskilda Banken - gruppen,Sweden,MLU0ZO3ML4LN2LL2TL39,HSBC Continental Europe,France,0.3542,0.0109,0.0357,0.3052,104,Germany|United Kingdom|Luxembourg,ja
2025-06-30,F3JS33DEI6XQ4ZBPTN86,Skandinaviska Enskilda Banken - gruppen,Sweden,N747OI7JINV7RUUH6190,BPER Banca S.p.A.,Italy,0.3525,0.0124,0.0504,0.2465,139,Germany|Luxembourg|Finland,ja
2025-06-30,F3JS33DEI6XQ4ZBPTN86,Skandinaviska Enskilda Banken - gruppen,Sweden,P4GTT6GF1W40CVIMFR43,Powszechna Kasa Oszczednosci Bank Polski S.A.,Poland,0.3154,0.0007,0.0504,0.0145,32,Germany|Luxembourg|United Kingdom,ja
2025-06-30,FR9695005MSX1OYEMGDF,Groupe BPCE,France,J48C8PCSJVUBR8KCW529,BANCA POPOLARE DI SONDRIO SOCIETA' PER AZIONI,Italy,0.3178,0.0000,0.0039,0.0011,25,Luxembourg|Germany|United Kingdom,ja
2025-06-30,FR9695005MSX1OYEMGDF,Groupe BPCE,France,J4CP7MHCXR8DAQMKIL78,MEDIOBANCA - BANCA DI CREDITO FINANZIARIO S.P.A.,Italy,0.3873,0.0013,0.0520,0.0250,45,United States|Luxembourg|Germany,ja
2025-06-30,FR9695005MSX1OYEMGDF,Groupe BPCE,France,MLU0ZO3ML4LN2LL2TL39,HSBC Continental Europe,France,0.4653,0.0122,0.0357,0.3429,109,Luxembourg|United States|Germany,nein
2025-06-30,FR9695005MSX1OYEMGDF,Groupe BPCE,France,N747OI7JINV7RUUH6190,BPER Banca S.p.A.,Italy,0.3675,0.0201,0.0520,0.3865,161,Luxembourg|United States|Germany,ja
2025-06-30,FR9695005MSX1OYEMGDF,Groupe BPCE,France,QLPCKOOKVX32FUELX240,Bank Polska Kasa Opieki S.A.,Poland,0.4868,0.0005,0.0232,0.0229,118,Luxembourg|Germany|United Kingdom,ja
2025-06-30,FR9695005MSX1OYEMGDF,Groupe BPCE,France,TUKDD90GPC79G1KOE162,Hamburg Commercial Bank AG,Germany,0.4984,0.0150,0.0520,0.2886,39,Luxembourg|United States|United Kingdom,ja
2025-06-30,FR9695005MSX1OYEMGDF,Groupe BPCE,France,VDYMYTQGZZ6DU0912C88,Bayerische Landesbank,Germany,0.3638,0.0013,0.0019,0.6650,164,Luxembourg|United Kingdom|Belgium,ja
2025-06-30,J48C8PCSJVUBR8KCW529,BANCA POPOLARE DI SONDRIO SOCIETA' PER AZIONI,Italy,J4CP7MHCXR8DAQMKIL78,MEDIOBANCA - BANCA DI CREDITO FINANZIARIO S.P.A.,Italy,0.5872,0.0003,0.0039,0.0868,26,United Kingdom|France|Luxembourg,nein
2025-06-30,J48C8PCSJVUBR8KCW529,BANCA POPOLARE DI SONDRIO SOCIETA' PER AZIONI,Italy,M6AD1Y1KW32H8THQ6F76,Piraeus Financial Holdings,Greece,0.5627,0.0000,0.0000,,23,United Kingdom|France|Germany,ja
2025-06-30,J48C8PCSJVUBR8KCW529,BANCA POPOLARE DI SONDRIO SOCIETA' PER AZIONI,Italy,MLU0ZO3ML4LN2LL2TL39,HSBC Continental Europe,France,0.5133,0.0000,0.0039,0.0115,24,Germany|Luxembourg|Netherlands,ja
2025-06-30,J48C8PCSJVUBR8KCW529,BANCA POPOLARE DI SONDRIO SOCIETA' PER AZIONI,Italy,N747OI7JINV7RUUH6190,BPER Banca S.p.A.,Italy,0.5213,0.0000,0.0039,0.0016,26,France|Germany|Netherlands,nein
2025-06-30,J48C8PCSJVUBR8KCW529,BANCA POPOLARE DI SONDRIO SOCIETA' PER AZIONI,Italy,NHBDILHZTYCNBV5UYZ31,Svenska Handelsbanken - gruppen,Sweden,0.3041,0.0000,0.0037,0.0000,24,United Kingdom|Netherlands|Norway,ja
2025-06-30,J48C8PCSJVUBR8KCW529,BANCA POPOLARE DI SONDRIO SOCIETA' PER AZIONI,Italy,NNVPP80YIZGEY2314M97,ICCREA BANCA S.P.A. - ISTITUTO CENTRALE DEL CREDITO COOPERATIVO (IN FORMA ABBREVIATA: ICCREA BANCA S.P.A.),Italy,0.5864,0.0000,0.0000,,21,Germany|France|Netherlands,nein
2025-06-30,J48C8PCSJVUBR8KCW529,BANCA POPOLARE DI SONDRIO SOCIETA' PER AZIONI,Italy,O2RNE8IBXP4R0TD8PU41,Société générale S.A.,France,0.5999,0.0000,0.0000,,21,United Kingdom|Germany|Luxembourg,ja
2025-06-30,J48C8PCSJVUBR8KCW529,BANCA POPOLARE DI SONDRIO SOCIETA' PER AZIONI,Italy,P4GTT6GF1W40CVIMFR43,Powszechna Kasa Oszczednosci Bank Polski S.A.,Poland,0.5187,0.0000,0.0039,0.0000,19,Germany|Luxembourg|Netherlands,ja
2025-06-30,J48C8PCSJVUBR8KCW529,BANCA POPOLARE DI SONDRIO SOCIETA' PER AZIONI,Italy,QLPCKOOKVX32FUELX240,Bank Polska Kasa Opieki S.A.,Poland,0.4880,0.0000,0.0039,0.0001,26,Luxembourg|United Kingdom|Germany,ja
2025-06-30,J48C8PCSJVUBR8KCW529,BANCA POPOLARE DI SONDRIO SOCIETA' PER AZIONI,Italy,R0MUWSFPU8MPRO8K5P83,BNP Paribas,France,0.3989,0.0000,0.0011,0.0025,25,United Kingdom|Germany|Luxembourg,ja
2025-06-30,J48C8PCSJVUBR8KCW529,BANCA POPOLARE DI SONDRIO SOCIETA' PER AZIONI,Italy,R7CQUF1DQM73HUTV1078,"Banque et Caisse d´Epargne de l´Etat, Luxembourg",Luxembourg,0.5546,0.0000,0.0039,0.0000,22,Germany|France|Netherlands,ja
2025-06-30,J48C8PCSJVUBR8KCW529,BANCA POPOLARE DI SONDRIO SOCIETA' PER AZIONI,Italy,SI5RG2M0WQQLZCXKRM20,"Banco de Sabadell, S.A.",Spain,0.3089,0.0000,0.0002,0.0000,25,United Kingdom|France|Netherlands,ja
2025-06-30,J48C8PCSJVUBR8KCW529,BANCA POPOLARE DI SONDRIO SOCIETA' PER AZIONI,Italy,TUKDD90GPC79G1KOE162,Hamburg Commercial Bank AG,Germany,0.4685,0.0000,0.0039,0.0000,15,Luxembourg|United Kingdom|Netherlands,ja
2025-06-30,J48C8PCSJVUBR8KCW529,BANCA POPOLARE DI SONDRIO SOCIETA' PER AZIONI,Italy,VDYMYTQGZZ6DU0912C88,Bayerische Landesbank,Germany,0.6866,0.0000,0.0019,0.0006,25,United Kingdom|France|Luxembourg,ja
2025-06-30,J4CP7MHCXR8DAQMKIL78,MEDIOBANCA - BANCA DI CREDITO FINANZIARIO S.P.A.,Italy,M6AD1Y1KW32H8THQ6F76,Piraeus Financial Holdings,Greece,0.5034,0.0000,0.0000,,24,United Kingdom|France|Germany,ja
2025-06-30,J4CP7MHCXR8DAQMKIL78,MEDIOBANCA - BANCA DI CREDITO FINANZIARIO S.P.A.,Italy,MLU0ZO3ML4LN2LL2TL39,HSBC Continental Europe,France,0.4783,0.0035,0.0357,0.0973,44,Luxembourg|Netherlands|United States,ja
2025-06-30,J4CP7MHCXR8DAQMKIL78,MEDIOBANCA - BANCA DI CREDITO FINANZIARIO S.P.A.,Italy,N747OI7JINV7RUUH6190,BPER Banca S.p.A.,Italy,0.5603,0.0042,0.0617,0.0688,47,France|Luxembourg|Netherlands,nein
2025-06-30,J4CP7MHCXR8DAQMKIL78,MEDIOBANCA - BANCA DI CREDITO FINANZIARIO S.P.A.,Italy,NNVPP80YIZGEY2314M97,ICCREA BANCA S.P.A. - ISTITUTO CENTRALE DEL CREDITO COOPERATIVO (IN FORMA ABBREVIATA: ICCREA BANCA S.P.A.),Italy,0.3727,0.0000,0.0000,,21,France|Netherlands|Germany,nein
2025-06-30,J4CP7MHCXR8DAQMKIL78,MEDIOBANCA - BANCA DI CREDITO FINANZIARIO S.P.A.,Italy,O2RNE8IBXP4R0TD8PU41,Société générale S.A.,France,0.4131,0.0000,0.0000,,21,United Kingdom|Luxembourg|Netherlands,ja
2025-06-30,J4CP7MHCXR8DAQMKIL78,MEDIOBANCA - BANCA DI CREDITO FINANZIARIO S.P.A.,Italy,P4GTT6GF1W40CVIMFR43,Powszechna Kasa Oszczednosci Bank Polski S.A.,Poland,0.3575,0.0000,0.1040,0.0000,26,Luxembourg|Netherlands|Germany,ja
2025-06-30,J4CP7MHCXR8DAQMKIL78,MEDIOBANCA - BANCA DI CREDITO FINANZIARIO S.P.A.,Italy,QLPCKOOKVX32FUELX240,Bank Polska Kasa Opieki S.A.,Poland,0.4713,0.0009,0.0232,0.0373,44,United Kingdom|Luxembourg|Germany,ja
2025-06-30,J4CP7MHCXR8DAQMKIL78,MEDIOBANCA - BANCA DI CREDITO FINANZIARIO S.P.A.,Italy,R0MUWSFPU8MPRO8K5P83,BNP Paribas,France,0.3895,0.0011,0.0011,0.9933,40,United Kingdom|Luxembourg|Germany,ja
2025-06-30,J4CP7MHCXR8DAQMKIL78,MEDIOBANCA - BANCA DI CREDITO FINANZIARIO S.P.A.,Italy,R7CQUF1DQM73HUTV1078,"Banque et Caisse d´Epargne de l´Etat, Luxembourg",Luxembourg,0.3292,0.0000,0.0051,0.0000,23,France|Netherlands|Germany,ja
2025-06-30,J4CP7MHCXR8DAQMKIL78,MEDIOBANCA - BANCA DI CREDITO FINANZIARIO S.P.A.,Italy,TUKDD90GPC79G1KOE162,Hamburg Commercial Bank AG,Germany,0.4835,0.0014,0.1040,0.0134,28,United Kingdom|United States|Luxembourg,ja
2025-06-30,J4CP7MHCXR8DAQMKIL78,MEDIOBANCA - BANCA DI CREDITO FINANZIARIO S.P.A.,Italy,VDYMYTQGZZ6DU0912C88,Bayerische Landesbank,Germany,0.5459,0.0001,0.0019,0.0394,45,United Kingdom|France|Luxembourg,ja
2025-06-30,JU1U6S0DG9YLT7N8ZV32,"Banco Comercial Português, SA",Portugal,PQOH26KWDF7CG10L6792,"Česká spořitelna, a.s.",Czech,0.3752,0.0001,0.0139,0.0045,150,Poland|Netherlands|France,ja
2025-06-30,M6AD1Y1KW32H8THQ6F76,Piraeus Financial Holdings,Greece,N747OI7JINV7RUUH6190,BPER Banca S.p.A.,Italy,0.3460,0.0000,0.0000,,24,France|Germany|Netherlands,ja
2025-06-30,M6AD1Y1KW32H8THQ6F76,Piraeus Financial Holdings,Greece,NNVPP80YIZGEY2314M97,ICCREA BANCA S.P.A. - ISTITUTO CENTRALE DEL CREDITO COOPERATIVO (IN FORMA ABBREVIATA: ICCREA BANCA S.P.A.),Italy,0.3428,0.0000,0.0000,,19,France|Germany|Netherlands,ja
2025-06-30,M6AD1Y1KW32H8THQ6F76,Piraeus Financial Holdings,Greece,O2RNE8IBXP4R0TD8PU41,Société générale S.A.,France,0.3968,0.0000,0.0000,,19,United Kingdom|Romania|Germany,ja
2025-06-30,M6AD1Y1KW32H8THQ6F76,Piraeus Financial Holdings,Greece,QLPCKOOKVX32FUELX240,Bank Polska Kasa Opieki S.A.,Poland,0.3411,0.0000,0.0000,,24,United Kingdom|Germany|Netherlands,ja
2025-06-30,M6AD1Y1KW32H8THQ6F76,Piraeus Financial Holdings,Greece,R7CQUF1DQM73HUTV1078,"Banque et Caisse d´Epargne de l´Etat, Luxembourg",Luxembourg,0.3035,0.0000,0.0000,,20,France|Germany|Netherlands,ja
2025-06-30,M6AD1Y1KW32H8THQ6F76,Piraeus Financial Holdings,Greece,SI5RG2M0WQQLZCXKRM20,"Banco de Sabadell, S.A.",Spain,0.3230,0.0000,0.0000,,23,United Kingdom|France|Netherlands,ja
2025-06-30,M6AD1Y1KW32H8THQ6F76,Piraeus Financial Holdings,Greece,TUKDD90GPC79G1KOE162,Hamburg Commercial Bank AG,Germany,0.3318,0.0000,0.0000,,15,United Kingdom|Ireland|France,ja
2025-06-30,M6AD1Y1KW32H8THQ6F76,Piraeus Financial Holdings,Greece,VDYMYTQGZZ6DU0912C88,Bayerische Landesbank,Germany,0.5055,0.0000,0.0000,,23,United Kingdom|France|Ireland,ja
2025-06-30,MAES062Z21O4RZ2U7M96,Danske Bank A/S,Denmark,NHBDILHZTYCNBV5UYZ31,Svenska Handelsbanken - gruppen,Sweden,0.3117,0.0000,0.0000,,15,Norway|United Kingdom|Finland,ja
2025-06-30,MLU0ZO3ML4LN2LL2TL39,HSBC Continental Europe,France,N747OI7JINV7RUUH6190,BPER Banca S.p.A.,Italy,0.5200,0.0160,0.0357,0.4489,105,Germany|Netherlands|Luxembourg,ja
2025-06-30,MLU0ZO3ML4LN2LL2TL39,HSBC Continental Europe,France,NNVPP80YIZGEY2314M97,ICCREA BANCA S.P.A. - ISTITUTO CENTRALE DEL CREDITO COOPERATIVO (IN FORMA ABBREVIATA: ICCREA BANCA S.P.A.),Italy,0.3954,0.0000,0.0000,,19,Germany|Netherlands|Ireland,ja
2025-06-30,MLU0ZO3ML4LN2LL2TL39,HSBC Continental Europe,France,O2RNE8IBXP4R0TD8PU41,Société générale S.A.,France,0.4784,0.0000,0.0000,,20,Germany|Luxembourg|Netherlands,nein
2025-06-30,MLU0ZO3ML4LN2LL2TL39,HSBC Continental Europe,France,P4GTT6GF1W40CVIMFR43,Powszechna Kasa Oszczednosci Bank Polski S.A.,Poland,0.5366,0.0002,0.0357,0.0054,30,Germany|Netherlands|Luxembourg,ja
2025-06-30,MLU0ZO3ML4LN2LL2TL39,HSBC Continental Europe,France,QLPCKOOKVX32FUELX240,Bank Polska Kasa Opieki S.A.,Poland,0.5035,0.0011,0.0232,0.0475,84,Luxembourg|Germany|Netherlands,ja
2025-06-30,MLU0ZO3ML4LN2LL2TL39,HSBC Continental Europe,France,R0MUWSFPU8MPRO8K5P83,BNP Paribas,France,0.3724,0.0011,0.0011,0.9996,57,Germany|Luxembourg|United Kingdom,nein
2025-06-30,MLU0ZO3ML4LN2LL2TL39,HSBC Continental Europe,France,R7CQUF1DQM73HUTV1078,"Banque et Caisse d´Epargne de l´Etat, Luxembourg",Luxembourg,0.3817,0.0000,0.0051,0.0000,21,Germany|Netherlands|Denmark,ja
2025-06-30,MLU0ZO3ML4LN2LL2TL39,HSBC Continental Europe,France,TUKDD90GPC79G1KOE162,Hamburg Commercial Bank AG,Germany,0.4933,0.0153,0.0357,0.4282,39,Luxembourg|Netherlands|United States,ja
2025-06-30,MLU0ZO3ML4LN2LL2TL39,HSBC Continental Europe,France,VDYMYTQGZZ6DU0912C88,Bayerische Landesbank,Germany,0.3729,0.0016,0.0019,0.8241,102,Luxembourg|Netherlands|Ireland,ja
2025-06-30,N747OI7JINV7RUUH6190,BPER Banca S.p.A.,Italy,NNVPP80YIZGEY2314M97,ICCREA BANCA S.P.A. - ISTITUTO CENTRALE DEL CREDITO COOPERATIVO (IN FORMA ABBREVIATA: ICCREA BANCA S.P.A.),Italy,0.5420,0.0000,0.0000,,21,France|Netherlands|Germany,nein
2025-06-30,N747OI7JINV7RUUH6190,BPER Banca S.p.A.,Italy,O2RNE8IBXP4R0TD8PU41,Société générale S.A.,France,0.3468,0.0000,0.0000,,21,Germany|Netherlands|Luxembourg,ja
2025-06-30,N747OI7JINV7RUUH6190,BPER Banca S.p.A.,Italy,P4GTT6GF1W40CVIMFR43,Powszechna Kasa Oszczednosci Bank Polski S.A.,Poland,0.4693,0.0003,0.0617,0.0048,32,Netherlands|Germany|Luxembourg,ja
2025-06-30,N747OI7JINV7RUUH6190,BPER Banca S.p.A.,Italy,QLPCKOOKVX32FUELX240,Bank Polska Kasa Opieki S.A.,Poland,0.4257,0.0023,0.0232,0.0979,113,Germany|Luxembourg|Austria,ja
2025-06-30,N747OI7JINV7RUUH6190,BPER Banca S.p.A.,Italy,R0MUWSFPU8MPRO8K5P83,BNP Paribas,France,0.3272,0.0011,0.0011,0.9998,65,Germany|Luxembourg|Netherlands,ja
2025-06-30,N747OI7JINV7RUUH6190,BPER Banca S.p.A.,Italy,R7CQUF1DQM73HUTV1078,"Banque et Caisse d´Epargne de l´Etat, Luxembourg",Luxembourg,0.4951,0.0000,0.0051,0.0000,23,France|Netherlands|Germany,ja
2025-06-30,N747OI7JINV7RUUH6190,BPER Banca S.p.A.,Italy,TUKDD90GPC79G1KOE162,Hamburg Commercial Bank AG,Germany,0.4614,0.0138,0.0617,0.2237,39,Netherlands|Luxembourg|United States,ja
2025-06-30,N747OI7JINV7RUUH6190,BPER Banca S.p.A.,Italy,VDYMYTQGZZ6DU0912C88,Bayerische Landesbank,Germany,0.5321,0.0007,0.0019,0.3742,145,France|Netherlands|Luxembourg,ja
2025-06-30,NHBDILHZTYCNBV5UYZ31,Svenska Handelsbanken - gruppen,Sweden,SI5RG2M0WQQLZCXKRM20,"Banco de Sabadell, S.A.",Spain,0.3507,0.0000,0.0002,0.0433,25,United Kingdom|Netherlands|Luxembourg,ja
2025-06-30,NHBDILHZTYCNBV5UYZ31,Svenska Handelsbanken - gruppen,Sweden,VDYMYTQGZZ6DU0912C88,Bayerische Landesbank,Germany,0.3786,0.0010,0.0019,0.5374,115,United Kingdom|Netherlands|Norway,ja
2025-06-30,NNVPP80YIZGEY2314M97,ICCREA BANCA S.P.A. - ISTITUTO CENTRALE DEL CREDITO COOPERATIVO (IN FORMA ABBREVIATA: ICCREA BANCA S.P.A.),Italy,O2RNE8IBXP4R0TD8PU41,Société générale S.A.,France,0.3670,0.0000,0.0000,,20,Germany|Netherlands|Ireland,ja
2025-06-30,NNVPP80YIZGEY2314M97,ICCREA BANCA S.P.A. - ISTITUTO CENTRALE DEL CREDITO COOPERATIVO (IN FORMA ABBREVIATA: ICCREA BANCA S.P.A.),Italy,P4GTT6GF1W40CVIMFR43,Powszechna Kasa Oszczednosci Bank Polski S.A.,Poland,0.4719,0.0000,0.0000,,16,Germany|Netherlands|France,ja
2025-06-30,NNVPP80YIZGEY2314M97,ICCREA BANCA S.P.A. - ISTITUTO CENTRALE DEL CREDITO COOPERATIVO (IN FORMA ABBREVIATA: ICCREA BANCA S.P.A.),Italy,R7CQUF1DQM73HUTV1078,"Banque et Caisse d´Epargne de l´Etat, Luxembourg",Luxembourg,0.7253,0.0000,0.0000,,20,Netherlands|France|Germany,ja
2025-06-30,NNVPP80YIZGEY2314M97,ICCREA BANCA S.P.A. - ISTITUTO CENTRALE DEL CREDITO COOPERATIVO (IN FORMA ABBREVIATA: ICCREA BANCA S.P.A.),Italy,VDYMYTQGZZ6DU0912C88,Bayerische Landesbank,Germany,0.5337,0.0000,0.0000,,20,France|Netherlands|Ireland,ja
2025-06-30,O2RNE8IBXP4R0TD8PU41,Société générale S.A.,France,P4GTT6GF1W40CVIMFR43,Powszechna Kasa Oszczednosci Bank Polski S.A.,Poland,0.5221,0.0000,0.0000,,16,Germany|Czechia|Netherlands,ja
2025-06-30,O2RNE8IBXP4R0TD8PU41,Société générale S.A.,France,QLPCKOOKVX32FUELX240,Bank Polska Kasa Opieki S.A.,Poland,0.4612,0.0000,0.0000,,21,United Kingdom|Luxembourg|Germany,ja
2025-06-30,O2RNE8IBXP4R0TD8PU41,Société générale S.A.,France,R0MUWSFPU8MPRO8K5P83,BNP Paribas,France,0.4192,0.0000,0.0000,,21,United Kingdom|Germany|Luxembourg,nein
2025-06-30,O2RNE8IBXP4R0TD8PU41,Société générale S.A.,France,R7CQUF1DQM73HUTV1078,"Banque et Caisse d´Epargne de l´Etat, Luxembourg",Luxembourg,0.3457,0.0000,0.0000,,19,Germany|Netherlands|Belgium,ja
2025-06-30,O2RNE8IBXP4R0TD8PU41,Société générale S.A.,France,TUKDD90GPC79G1KOE162,Hamburg Commercial Bank AG,Germany,0.4076,0.0000,0.0000,,12,Luxembourg|United Kingdom|Netherlands,ja
2025-06-30,O2RNE8IBXP4R0TD8PU41,Société générale S.A.,France,VDYMYTQGZZ6DU0912C88,Bayerische Landesbank,Germany,0.4414,0.0000,0.0000,,20,United Kingdom|Luxembourg|Netherlands,ja
2025-06-30,P4GTT6GF1W40CVIMFR43,Powszechna Kasa Oszczednosci Bank Polski S.A.,Poland,QLPCKOOKVX32FUELX240,Bank Polska Kasa Opieki S.A.,Poland,0.4955,0.0139,0.0232,0.5976,33,Germany|Luxembourg|Netherlands,nein
2025-06-30,P4GTT6GF1W40CVIMFR43,Powszechna Kasa Oszczednosci Bank Polski S.A.,Poland,R7CQUF1DQM73HUTV1078,"Banque et Caisse d´Epargne de l´Etat, Luxembourg",Luxembourg,0.4357,0.0000,0.0051,0.0000,16,Germany|Netherlands|France,ja
2025-06-30,P4GTT6GF1W40CVIMFR43,Powszechna Kasa Oszczednosci Bank Polski S.A.,Poland,TUKDD90GPC79G1KOE162,Hamburg Commercial Bank AG,Germany,0.3593,0.0000,0.1297,0.0000,19,Netherlands|Luxembourg|France,ja
2025-06-30,P4GTT6GF1W40CVIMFR43,Powszechna Kasa Oszczednosci Bank Polski S.A.,Poland,VDYMYTQGZZ6DU0912C88,Bayerische Landesbank,Germany,0.3579,0.0000,0.0019,0.0193,32,Netherlands|Luxembourg|France,ja
2025-06-30,QLPCKOOKVX32FUELX240,Bank Polska Kasa Opieki S.A.,Poland,R0MUWSFPU8MPRO8K5P83,BNP Paribas,France,0.3887,0.0008,0.0011,0.7421,66,United Kingdom|Germany|Luxembourg,ja
2025-06-30,QLPCKOOKVX32FUELX240,Bank Polska Kasa Opieki S.A.,Poland,TUKDD90GPC79G1KOE162,Hamburg Commercial Bank AG,Germany,0.4702,0.0008,0.0232,0.0346,28,Luxembourg|United Kingdom|Netherlands,ja
2025-06-30,QLPCKOOKVX32FUELX240,Bank Polska Kasa Opieki S.A.,Poland,VDYMYTQGZZ6DU0912C88,Bayerische Landesbank,Germany,0.4841,0.0001,0.0019,0.0694,111,Luxembourg|United Kingdom|Netherlands,ja
2025-06-30,R0MUWSFPU8MPRO8K5P83,BNP Paribas,France,TUKDD90GPC79G1KOE162,Hamburg Commercial Bank AG,Germany,0.3093,0.0011,0.0011,0.9824,26,United Kingdom|Luxembourg|Netherlands,ja
2025-06-30,R0MUWSFPU8MPRO8K5P83,BNP Paribas,France,VDYMYTQGZZ6DU0912C88,Bayerische Landesbank,Germany,0.3120,0.0000,0.0011,0.0419,67,United Kingdom|Luxembourg|Netherlands,ja
2025-06-30,R7CQUF1DQM73HUTV1078,"Banque et Caisse d´Epargne de l´Etat, Luxembourg",Luxembourg,VDYMYTQGZZ6DU0912C88,Bayerische Landesbank,Germany,0.4647,0.0000,0.0019,0.0000,22,France|Netherlands|Ireland,ja
2025-06-30,TUKDD90GPC79G1KOE162,Hamburg Commercial Bank AG,Germany,VDYMYTQGZZ6DU0912C88,Bayerische Landesbank,Germany,0.5483,0.0011,0.0019,0.6052,37,Luxembourg|United Kingdom|Netherlands,nein
2025-12-31,0W2PZJM8XOY22M4GG883,DekaBank Deutsche Girozentrale,Germany,0W5QHUNYV4W7GJO62R27,HYPO TIROL BANK AG,Austria,0.4351,0.0000,0.0001,0.7367,20,France|Netherlands|Canada,ja
2025-12-31,0W2PZJM8XOY22M4GG883,DekaBank Deutsche Girozentrale,Germany,213800A1O379I6DMCU10,APS BANK P.L.C.,Malta,0.5213,0.0000,0.0001,0.0000,18,France|United Kingdom|Netherlands,ja
2025-12-31,0W2PZJM8XOY22M4GG883,DekaBank Deutsche Girozentrale,Germany,213800DBQIB6VBNU5C64,Alpha Bank S.A.,Greece,0.3014,0.0000,0.0000,,6,United Kingdom|Netherlands|France,ja
2025-12-31,0W2PZJM8XOY22M4GG883,DekaBank Deutsche Girozentrale,Germany,213800LBQA1Y9L22JB70,Barclays Bank Ireland plc,Ireland,0.6286,0.0001,0.0001,1.0000,26,France|United States|Luxembourg,ja
2025-12-31,0W2PZJM8XOY22M4GG883,DekaBank Deutsche Girozentrale,Germany,213800UIKMYZWWQS5E02,Revolut Holdings Europe UAB,Lithuania,0.4133,0.0000,0.0001,0.0284,27,France|United States|Spain,ja
2025-12-31,0W2PZJM8XOY22M4GG883,DekaBank Deutsche Girozentrale,Germany,213800X3Q9LSAKRUWY91,"Československá obchodná banka, a.s.",Slovakia,0.3269,0.0000,0.0001,0.0000,10,United Kingdom|Netherlands|United States,ja
2025-12-31,0W2PZJM8XOY22M4GG883,DekaBank Deutsche Girozentrale,Germany,254900NKYL22Y1SJAI75,FIMBank plc,Malta,0.3108,0.0001,0.0001,1.0000,22,France|United Kingdom|Luxembourg,ja
2025-12-31,0W2PZJM8XOY22M4GG883,DekaBank Deutsche Girozentrale,Germany,2W8N8UU78PMDQKZENC08,Intesa Sanpaolo S.p.A.,Italy,0.3729,0.0000,0.0001,0.8731,32,United States|United Kingdom|France,ja
2025-12-31,0W2PZJM8XOY22M4GG883,DekaBank Deutsche Girozentrale,Germany,391200EEGLNXBBCVKC73,Erwerbsgesellschaft der S-Finanzgruppe mbH & Co. KG,Germany,0.5532,0.0000,0.0001,0.9326,32,France|Netherlands|Luxembourg,nein
2025-12-31,0W2PZJM8XOY22M4GG883,DekaBank Deutsche Girozentrale,Germany,3H0Q3U74FVFED2SHZT16,MBH bankcsoport,Hungary,0.3141,0.0000,0.0001,0.0686,27,United States|France|Netherlands,ja
2025-12-31,0W2PZJM8XOY22M4GG883,DekaBank Deutsche Girozentrale,Germany,5299003H07ZT0Z5ZNN35,Wüstenrot Bausparkasse Aktiengesellschaft,Germany,0.4297,0.0000,0.0001,0.0004,26,France|Netherlands|Luxembourg,nein
2025-12-31,0W2PZJM8XOY22M4GG883,DekaBank Deutsche Girozentrale,Germany,5299003ONUYCE70HZ185,Banque Internationale à Luxembourg,Luxembourg,0.4000,0.0000,0.0001,0.2836,30,France|Netherlands|Spain,ja
2025-12-31,0W2PZJM8XOY22M4GG883,DekaBank Deutsche Girozentrale,Germany,5299005OACOC1C1OFJ11,Raiffeisen-Landesbank Tirol AG,Austria,0.4128,0.0000,0.0001,0.0000,20,France|Netherlands|Norway,ja
2025-12-31,0W2PZJM8XOY22M4GG883,DekaBank Deutsche Girozentrale,Germany,5299007S3UH5RKUYDA52,DEUTSCHE APOTHEKER- UND ÄRZTEBANK EG,Germany,0.5633,0.0000,0.0001,0.2633,29,France|Netherlands|United States,nein
2025-12-31,0W2PZJM8XOY22M4GG883,DekaBank Deutsche Girozentrale,Germany,529900FEID5L4H2T2L70,Raiffeisen Landesbank Vorarlberg mit Revisionsverband eGen,Austria,0.3328,0.0000,0.0001,0.0000,11,France|Netherlands|Norway,ja
2025-12-31,0W2PZJM8XOY22M4GG883,DekaBank Deutsche Girozentrale,Germany,529900GGYMNGRQTDOO93,BNG Bank N.V.,Netherlands,0.4149,0.0000,0.0000,,5,France|United Kingdom|Spain,ja
2025-12-31,0W2PZJM8XOY22M4GG883,DekaBank Deutsche Girozentrale,Germany,529900GM944JT8YIRL63,Münchener Hypothekenbank eG,Germany,0.3032,0.0000,0.0001,0.5902,25,Luxembourg|Netherlands|France,nein
2025-12-31,0W2PZJM8XOY22M4GG883,DekaBank Deutsche Girozentrale,Germany,529900HEKOENJHPNN480,Kuntarahoitus Oyj,Finland,0.5341,0.0000,0.0000,,9,France|United Kingdom|Netherlands,ja
2025-12-31,0W2PZJM8XOY22M4GG883,DekaBank Deutsche Girozentrale,Germany,529900HNOAA1KXQJUQ27,"DZ BANK AG Deutsche Zentral-Genossenschaftsbank, Frankfurt am Main",Germany,0.6433,0.0001,0.0001,1.0000,32,United States|France|Netherlands,nein
2025-12-31,0W2PZJM8XOY22M4GG883,DekaBank Deutsche Girozentrale,Germany,529900IRBZTADXJB6757,flatexDEGIRO AG,Germany,0.3486,0.0000,0.0001,0.7367,29,Netherlands|Luxembourg|France,nein
2025-12-31,0W2PZJM8XOY22M4GG883,DekaBank Deutsche Girozentrale,Germany,529900JZTYE3W7WQH904,HASPA Finanzholding,Germany,0.6856,0.0000,0.0001,0.2523,26,France|United States|Netherlands,nein
2025-12-31,0W2PZJM8XOY22M4GG883,DekaBank Deutsche Girozentrale,Germany,529900NNUPAGGOMPXZ31,Volkswagen Financial Services AG,Germany,0.5219,0.0000,0.0000,,11,United Kingdom|France|Netherlands,nein
2025-12-31,0W2PZJM8XOY22M4GG883,DekaBank Deutsche Girozentrale,Germany,529900QYEJ2GYSWK1F08,RLB-Stmk Verbund eGen,Austria,0.4472,0.0000,0.0001,0.0000,22,France|Luxembourg|Canada,ja
2025-12-31,0W2PZJM8XOY22M4GG883,DekaBank Deutsche Girozentrale,Germany,529900RWC8ZYB066JF16,Bank of Valletta Plc,Malta,0.4795,0.0000,0.0001,0.1269,25,France|United Kingdom|Spain,ja
2025-12-31,0W2PZJM8XOY22M4GG883,DekaBank Deutsche Girozentrale,Germany,529900UIRB65OY6U4B21,Lombard Bank Malta plc,Malta,0.3919,0.0000,0.0001,0.0000,12,United Kingdom|United States|Netherlands,ja
2025-12-31,0W2PZJM8XOY22M4GG883,DekaBank Deutsche Girozentrale,Germany,54930053HGCFWVHYZX42,Bank of China (Europe) S.A,Luxembourg,0.3561,0.0000,0.0001,0.1269,18,Netherlands|Spain|United States,ja
2025-12-31,0W2PZJM8XOY22M4GG883,DekaBank Deutsche Girozentrale,Germany,54930060Q00W1SRIUI57,vdk bank,Belgium,0.4810,0.0000,0.0001,0.0000,13,France|Netherlands|United States,ja
2025-12-31,0W2PZJM8XOY22M4GG883,DekaBank Deutsche Girozentrale,Germany,5493006QMFDDMYWIAM13,"Banco Santander, S.A.",Spain,0.3926,0.0001,0.0001,1.0000,30,United Kingdom|United States|France,ja
2025-12-31,0W2PZJM8XOY22M4GG883,DekaBank Deutsche Girozentrale,Germany,5493007BWYDPQZLZ0Y27,HYPO NOE Landesbank für Niederösterreich und Wien AG,Austria,0.3754,0.0000,0.0001,0.0000,21,France|Netherlands|Norway,ja
2025-12-31,0W2PZJM8XOY22M4GG883,DekaBank Deutsche Girozentrale,Germany,549300DYPOFMXOR7XM56,Crelan,Belgium,0.4344,0.0001,0.0001,1.0000,29,France|Netherlands|Luxembourg,ja
2025-12-31,0W2PZJM8XOY22M4GG883,DekaBank Deutsche Girozentrale,Germany,549300GDPG70E3MBBU98,KfW Beteiligungsholding GmbH,Germany,0.5621,0.0001,0.0001,1.0000,26,United Kingdom|United States|Netherlands,nein
2025-12-31,0W2PZJM8XOY22M4GG883,DekaBank Deutsche Girozentrale,Germany,549300GKFG0RYRRQ1414,DNB BANK ASA,Norway,0.4941,0.0000,0.0001,0.2633,26,United States|United Kingdom|Luxembourg,ja
2025-12-31,0W2PZJM8XOY22M4GG883,DekaBank Deutsche Girozentrale,Germany,549300IQZVZ949N37S44,Euroclear Holding,Belgium,0.4611,0.0000,0.0001,0.7374,20,France|United Kingdom|Spain,ja
2025-12-31,0W2PZJM8XOY22M4GG883,DekaBank Deutsche Girozentrale,Germany,549300L7YCATGO57ZE10,FINECOBANK BANCA FINECO S.P.A. (IN BREVE FINECOBANK S.P.A. OVVERO BANCA FINECO S.P.A. OVVERO FINECO BANCA S.P.A.),Italy,0.7160,0.0000,0.0001,0.1682,31,France|United States|United Kingdom,ja
2025-12-31,0W2PZJM8XOY22M4GG883,DekaBank Deutsche Girozentrale,Germany,549300LYFYVPUCG6SY25,"Banco Cooperativo Español, S.A.",Spain,0.4850,0.0000,0.0000,,12,France|Netherlands|Luxembourg,ja
2025-12-31,0W2PZJM8XOY22M4GG883,DekaBank Deutsche Girozentrale,Germany,549300NYKK9MWM7GGW15,ING Groep N.V.,Netherlands,0.3574,0.0001,0.0001,1.0000,31,United States|Spain|Luxembourg,ja
2025-12-31,0W2PZJM8XOY22M4GG883,DekaBank Deutsche Girozentrale,Germany,549300O3WME82RDPEN66,Swissquote Bank Europe S.A,Luxembourg,0.3973,0.0000,0.0000,,7,France|United Kingdom|Belgium,ja
2025-12-31,0W2PZJM8XOY22M4GG883,DekaBank Deutsche Girozentrale,Germany,549300Q3OIWRHQUQM052,SpareBank 1 Sør-Norge,Norway,0.3554,0.0000,0.0001,0.0002,16,France|Netherlands|Sweden,ja
2025-12-31,0W2PZJM8XOY22M4GG883,DekaBank Deutsche Girozentrale,Germany,549300RG3H390KEL8896,Banca Transilvania,Romania,0.3496,0.0000,0.0001,0.0000,25,France|Luxembourg|United States,ja
2025-12-31,0W2PZJM8XOY22M4GG883,DekaBank Deutsche Girozentrale,Germany,549300TEJKOLFN65KR76,BNF Bank plc,Malta,0.5942,0.0000,0.0001,0.1269,12,France|United States|Netherlands,ja
2025-12-31,0W2PZJM8XOY22M4GG883,DekaBank Deutsche Girozentrale,Germany,549300TK038P6EV4YU51,AB Artea bankas,Lithuania,0.4293,0.0000,0.0000,,7,France|United States|United Kingdom,ja
2025-12-31,0W2PZJM8XOY22M4GG883,DekaBank Deutsche Girozentrale,Germany,549300TL5406IC1XKD09,Saxo Bank A/S,Denmark,0.3789,0.0000,0.0001,0.1269,27,Netherlands|Luxembourg|Canada,ja
2025-12-31,0W2PZJM8XOY22M4GG883,DekaBank Deutsche Girozentrale,Germany,549300TTZTKBUFKWH890,The Cyprus Development Bank Public Company Ltd,Cyprus,0.3933,0.0000,0.0000,,4,France|United Kingdom|Netherlands,ja
2025-12-31,0W2PZJM8XOY22M4GG883,DekaBank Deutsche Girozentrale,Germany,635400AKJBGNS5WNQL34,AIB Group plc,Ireland,0.5291,0.0000,0.0001,0.8550,29,United States|United Kingdom|France,ja
2025-12-31,0W2PZJM8XOY22M4GG883,DekaBank Deutsche Girozentrale,Germany,636700HER4JIK7GZUN17,Klarna - Grupp,Sweden,0.4009,0.0000,0.0000,,5,United States|United Kingdom|Netherlands,ja
2025-12-31,0W2PZJM8XOY22M4GG883,DekaBank Deutsche Girozentrale,Germany,6SHGI4ZSSLCXXQSBB395,Citigroup Global Markets Europe AG,Germany,0.4190,0.0000,0.0001,0.0000,29,United Kingdom|France|Netherlands,nein
2025-12-31,0W2PZJM8XOY22M4GG883,DekaBank Deutsche Girozentrale,Germany,724500973ODKK3IFQ447,Adyen N.V.,Netherlands,0.4937,0.0000,0.0001,0.2633,29,United States|United Kingdom|Canada,ja
2025-12-31,0W2PZJM8XOY22M4GG883,DekaBank Deutsche Girozentrale,Germany,724500A1FNICHSDF2I11,ASN Bank N.V.,Netherlands,0.5397,0.0000,0.0000,,10,France|United Kingdom|Luxembourg,ja
2025-12-31,0W2PZJM8XOY22M4GG883,DekaBank Deutsche Girozentrale,Germany,7437005892K69S3MW344,Säästöpankkiliitto osk,Finland,0.3824,0.0000,0.0001,0.1269,16,France|Luxembourg|Spain,ja
2025-12-31,0W2PZJM8XOY22M4GG883,DekaBank Deutsche Girozentrale,Germany,743700GC62JLHFBUND16,Aktia Bank Abp,Finland,0.3975,0.0000,0.0001,0.2633,26,France|Netherlands|Spain,ja
2025-12-31,0W2PZJM8XOY22M4GG883,DekaBank Deutsche Girozentrale,Germany,743700PW2HDTPU3YRJ31,POP Pankkikeskus osk,Finland,0.3072,0.0000,0.0001,0.1269,17,France|Norway|Ireland,ja
2025-12-31,0W2PZJM8XOY22M4GG883,DekaBank Deutsche Girozentrale,Germany,784F5XWPLTWKTBV3E584,Goldman Sachs Bank Europe SE,Germany,0.4109,0.0000,0.0001,0.8699,23,United Kingdom|France|Netherlands,nein
2025-12-31,0W2PZJM8XOY22M4GG883,DekaBank Deutsche Girozentrale,Germany,7LTWFZYICNSX8D621K86,DEUTSCHE BANK AKTIENGESELLSCHAFT,Germany,0.4582,0.0001,0.0001,1.0000,32,United States|Luxembourg|United Kingdom,nein
2025-12-31,0W2PZJM8XOY22M4GG883,DekaBank Deutsche Girozentrale,Germany,8156003D79D064FB5360,CASSA LOMBARDA - S.P.A.,Italy,0.3655,0.0000,0.0001,0.1269,15,France|United Kingdom|Spain,ja
2025-12-31,0W2PZJM8XOY22M4GG883,DekaBank Deutsche Girozentrale,Germany,8156005420362AE59184,BANCA IFIS S.P.A. (OVVERO IFIS BANCA S.P.A. O IN FORMA ABBREVIATA IFIS S.P.A.),Italy,0.4256,0.0000,0.0001,0.8731,30,France|Luxembourg|United States,ja
2025-12-31,0W2PZJM8XOY22M4GG883,DekaBank Deutsche Girozentrale,Germany,81560062CEAE87A85C80,AREPO BP S.P.A.,Italy,0.3833,0.0000,0.0001,0.0000,13,Netherlands|Luxembourg|United Kingdom,ja
2025-12-31,0W2PZJM8XOY22M4GG883,DekaBank Deutsche Girozentrale,Germany,81560087340FCB8D6D66,MEDIOCREDITO CENTRALE - BANCA DEL MEZZOGIORNO SPA,Italy,0.4094,0.0000,0.0001,0.0000,17,United Kingdom|United States|Luxembourg,ja
2025-12-31,0W2PZJM8XOY22M4GG883,DekaBank Deutsche Girozentrale,Germany,815600AD83B2B6317788,CREDITO EMILIANO HOLDING SOCIETA' PER AZIONI,Italy,0.6905,0.0000,0.0001,0.1364,25,France|United States|United Kingdom,ja
2025-12-31,0W2PZJM8XOY22M4GG883,DekaBank Deutsche Girozentrale,Germany,815600E4E6DCD2D25E30,BANCO BPM SOCIETA' PER AZIONI,Italy,0.6147,0.0000,0.0001,0.8976,29,France|United Kingdom|Netherlands,ja
2025-12-31,0W2PZJM8XOY22M4GG883,DekaBank Deutsche Girozentrale,Germany,8I5DZWZKVSZI1NUHU748,J.P. Morgan SE,Germany,0.7382,0.0000,0.0001,0.8731,31,France|United Kingdom|United States,nein
2025-12-31,0W2PZJM8XOY22M4GG883,DekaBank Deutsche Girozentrale,Germany,95980020140005220135,"Caja Rural de Granada, Sociedad Cooperativa de Crédito",Spain,0.5887,0.0000,0.0001,0.0442,15,France|United Kingdom|Netherlands,ja
2025-12-31,0W2PZJM8XOY22M4GG883,DekaBank Deutsche Girozentrale,Germany,95980020140005439549,"Caja Rural de Navarra, S. Coop. de Crédito",Spain,0.4714,0.0000,0.0001,0.2633,19,France|Netherlands|Luxembourg,ja
2025-12-31,0W2PZJM8XOY22M4GG883,DekaBank Deutsche Girozentrale,Germany,95980020140005484654,"Caja Rural de Albacete, Ciudad Real y Cuenca, Sociedad Cooperativa de Crédito",Spain,0.4726,0.0000,0.0000,,10,France|Netherlands|Luxembourg,ja
2025-12-31,0W2PZJM8XOY22M4GG883,DekaBank Deutsche Girozentrale,Germany,95980020140005552166,"Eurocaja Rural, Sociedad Cooperativa de Crédito",Spain,0.5409,0.0000,0.0001,0.7367,16,France|Netherlands|Luxembourg,ja
2025-12-31,0W2PZJM8XOY22M4GG883,DekaBank Deutsche Girozentrale,Germany,95980020140005881190,Banco de Crédito Social Cooperativo,Spain,0.5024,0.0000,0.0001,0.2633,26,France|United Kingdom|Netherlands,ja
2025-12-31,0W2PZJM8XOY22M4GG883,DekaBank Deutsche Girozentrale,Germany,9598005U8TZQ8Q64SC71,LIBERTY PARTNERS S.L.U.,Spain,0.4049,0.0000,0.0001,0.0000,13,France|United Kingdom|Luxembourg,ja
2025-12-31,0W2PZJM8XOY22M4GG883,DekaBank Deutsche Girozentrale,Germany,9695000CG7B84NLR5984,Confédération Nationale du Crédit Mutuel,France,0.3477,0.0001,0.0001,1.0000,30,United Kingdom|Luxembourg|Netherlands,ja
2025-12-31,0W2PZJM8XOY22M4GG883,DekaBank Deutsche Girozentrale,Germany,9695005MSX1OYEMGDF46,Natixis,France,0.3804,0.0000,0.0001,0.9460,31,United States|Luxembourg|United Kingdom,ja
2025-12-31,0W2PZJM8XOY22M4GG883,DekaBank Deutsche Girozentrale,Germany,969500TJ5KRTCJQWXH05,CRÉDIT AGRICOLE AUTO BANK S.P.A.,Italy,0.5006,0.0000,0.0001,0.0000,19,France|United Kingdom|Spain,ja
2025-12-31,0W2PZJM8XOY22M4GG883,DekaBank Deutsche Girozentrale,Germany,9DJT3UXIJIZJI4WXO774,Bank of America Europe Designated Activity Company,Ireland,0.5949,0.0000,0.0001,0.1388,24,United Kingdom|France|Netherlands,ja
2025-12-31,0W2PZJM8XOY22M4GG883,DekaBank Deutsche Girozentrale,Germany,A5GWLFH3KM7YV2SFQL84,Belfius Bank,Belgium,0.7308,0.0001,0.0001,1.0000,31,France|United Kingdom|Netherlands,ja
2025-12-31,0W2PZJM8XOY22M4GG883,DekaBank Deutsche Girozentrale,Germany,AT0000000000043000VB,VOLKSBANK WIEN AG VB,Austria,0.4744,0.0000,0.0001,0.1232,28,France|Netherlands|Canada,ja
2025-12-31,0W2PZJM8XOY22M4GG883,DekaBank Deutsche Girozentrale,Germany,B64D6Y3LBJS4ANNPCU93,NIBC Bank N.V.,Netherlands,0.4753,0.0000,0.0001,0.1269,11,United Kingdom|France|Luxembourg,ja
2025-12-31,0W2PZJM8XOY22M4GG883,DekaBank Deutsche Girozentrale,Germany,BFXS5XCH7N0Y05NIXW11,ABN AMRO Bank N.V.,Netherlands,0.5956,0.0000,0.0001,0.9471,29,France|United Kingdom|Luxembourg,ja
2025-12-31,0W2PZJM8XOY22M4GG883,DekaBank Deutsche Girozentrale,Germany,DG3RU1DBUFHT4ZF9WN62,Coöperatieve Rabobank U.A.,Netherlands,0.4712,0.0001,0.0001,1.0000,31,United States|United Kingdom|France,ja
2025-12-31,0W2PZJM8XOY22M4GG883,DekaBank Deutsche Girozentrale,Germany,DIZES5CFO5K3I5R58746,Landesbank Hessen-Thüringen Girozentrale,Germany,0.7325,0.0001,0.0001,1.0000,32,United States|France|United Kingdom,nein
2025-12-31,0W2PZJM8XOY22M4GG883,DekaBank Deutsche Girozentrale,Germany,DSNHHQ2B9X5N6OUJ1236,Norddeutsche Landesbank - Girozentrale -,Germany,0.7632,0.0000,0.0001,0.1364,27,United Kingdom|United States|France,nein
2025-12-31,0W2PZJM8XOY22M4GG883,DekaBank Deutsche Girozentrale,Germany,DZZ47B9A52ZJ6LT6VV95,Deutsche Pfandbriefbank AG,Germany,0.6253,0.0000,0.0001,0.0000,16,France|United Kingdom|United States,nein
2025-12-31,0W2PZJM8XOY22M4GG883,DekaBank Deutsche Girozentrale,Germany,I7ETN0QQO2AHZZGHJ389,KOMMUNALBANKEN AS,Norway,0.3133,0.0000,0.0000,,5,France|Netherlands|Sweden,ja
2025-12-31,0W2PZJM8XOY22M4GG883,DekaBank Deutsche Girozentrale,Germany,J4CP7MHCXR8DAQMKIL78,MEDIOBANCA - BANCA DI CREDITO FINANZIARIO S.P.A.,Italy,0.6306,0.0001,0.0001,1.0000,32,United Kingdom|France|Luxembourg,ja
2025-12-31,0W2PZJM8XOY22M4GG883,DekaBank Deutsche Girozentrale,Germany,MLU0ZO3ML4LN2LL2TL39,HSBC Continental Europe,France,0.4555,0.0000,0.0001,0.8734,31,Netherlands|United Kingdom|Luxembourg,ja
2025-12-31,0W2PZJM8XOY22M4GG883,DekaBank Deutsche Girozentrale,Germany,N747OI7JINV7RUUH6190,BPER Banca S.p.A.,Italy,0.5923,0.0001,0.0001,1.0000,29,France|Netherlands|United Kingdom,ja
2025-12-31,0W2PZJM8XOY22M4GG883,DekaBank Deutsche Girozentrale,Germany,NHBDILHZTYCNBV5UYZ31,Svenska Handelsbanken - gruppen,Sweden,0.3388,0.0000,0.0001,0.2289,30,United Kingdom|Netherlands|Norway,ja
2025-12-31,0W2PZJM8XOY22M4GG883,DekaBank Deutsche Girozentrale,Germany,NNVPP80YIZGEY2314M97,ICCREA BANCA S.P.A. - ISTITUTO CENTRALE DEL CREDITO COOPERATIVO (IN FORMA ABBREVIATA: ICCREA BANCA S.P.A.),Italy,0.4410,0.0000,0.0001,0.1269,23,France|Netherlands|Spain,ja
2025-12-31,0W2PZJM8XOY22M4GG883,DekaBank Deutsche Girozentrale,Germany,O2RNE8IBXP4R0TD8PU41,Société générale S.A.,France,0.3919,0.0000,0.0001,0.8739,31,United Kingdom|Luxembourg|Netherlands,ja
2025-12-31,0W2PZJM8XOY22M4GG883,DekaBank Deutsche Girozentrale,Germany,P4GTT6GF1W40CVIMFR43,Powszechna Kasa Oszczednosci Bank Polski S.A.,Poland,0.3228,0.0000,0.0001,0.2094,31,Netherlands|France|Luxembourg,ja
2025-12-31,0W2PZJM8XOY22M4GG883,DekaBank Deutsche Girozentrale,Germany,QLPCKOOKVX32FUELX240,Bank Polska Kasa Opieki S.A.,Poland,0.4200,0.0000,0.0001,0.8641,31,United Kingdom|Luxembourg|Netherlands,ja
2025-12-31,0W2PZJM8XOY22M4GG883,DekaBank Deutsche Girozentrale,Germany,R0MUWSFPU8MPRO8K5P83,BNP Paribas,France,0.3547,0.0001,0.0001,1.0000,31,United Kingdom|Luxembourg|Netherlands,ja
2025-12-31,0W2PZJM8XOY22M4GG883,DekaBank Deutsche Girozentrale,Germany,R7CQUF1DQM73HUTV1078,"Banque et Caisse d´Epargne de l´Etat, Luxembourg",Luxembourg,0.4963,0.0000,0.0001,0.1326,26,France|Netherlands|United Kingdom,ja
2025-12-31,0W2PZJM8XOY22M4GG883,DekaBank Deutsche Girozentrale,Germany,TUKDD90GPC79G1KOE162,Hamburg Commercial Bank AG,Germany,0.6253,0.0000,0.0001,0.0000,20,United Kingdom|United States|Netherlands,nein
2025-12-31,0W2PZJM8XOY22M4GG883,DekaBank Deutsche Girozentrale,Germany,VDYMYTQGZZ6DU0912C88,Bayerische Landesbank,Germany,0.6658,0.0000,0.0001,0.6400,32,France|United Kingdom|Netherlands,nein
2025-12-31,0W2PZJM8XOY22M4GG883,DekaBank Deutsche Girozentrale,Germany,WFLLPEPC7FZXENRZV188,THE BANK OF NEW YORK MELLON,Belgium,0.4058,0.0000,0.0001,0.8731,19,Netherlands|United Kingdom|Luxembourg,ja
2025-12-31,0W5QHUNYV4W7GJO62R27,HYPO TIROL BANK AG,Austria,213800A1O379I6DMCU10,APS BANK P.L.C.,Malta,0.5651,0.0000,0.0006,0.0000,19,France|Germany|Finland,ja
2025-12-31,0W5QHUNYV4W7GJO62R27,HYPO TIROL BANK AG,Austria,213800LBQA1Y9L22JB70,Barclays Bank Ireland plc,Ireland,0.5672,0.0002,0.0011,0.1376,27,France|Germany|Italy,ja
2025-12-31,0W5QHUNYV4W7GJO62R27,HYPO TIROL BANK AG,Austria,213800UIKMYZWWQS5E02,Revolut Holdings Europe UAB,Lithuania,0.3209,0.0000,0.0001,0.0016,24,France|Germany|Canada,ja
2025-12-31,0W5QHUNYV4W7GJO62R27,HYPO TIROL BANK AG,Austria,254900NKYL22Y1SJAI75,FIMBank plc,Malta,0.4211,0.0001,0.0011,0.0887,18,Germany|France|Sweden,ja
2025-12-31,0W5QHUNYV4W7GJO62R27,HYPO TIROL BANK AG,Austria,391200EEGLNXBBCVKC73,Erwerbsgesellschaft der S-Finanzgruppe mbH & Co. KG,Germany,0.4458,0.0001,0.0011,0.1055,32,France|Netherlands|Finland,ja
2025-12-31,0W5QHUNYV4W7GJO62R27,HYPO TIROL BANK AG,Austria,5299003H07ZT0Z5ZNN35,Wüstenrot Bausparkasse Aktiengesellschaft,Germany,0.3768,0.0001,0.0011,0.0958,25,France|Norway|Netherlands,ja
2025-12-31,0W5QHUNYV4W7GJO62R27,HYPO TIROL BANK AG,Austria,5299003ONUYCE70HZ185,Banque Internationale à Luxembourg,Luxembourg,0.4625,0.0005,0.0011,0.4505,31,France|Germany|Belgium,ja
2025-12-31,0W5QHUNYV4W7GJO62R27,HYPO TIROL BANK AG,Austria,5299005OACOC1C1OFJ11,Raiffeisen-Landesbank Tirol AG,Austria,0.7850,0.0000,0.0007,0.0187,25,Germany|France|Norway,nein
2025-12-31,0W5QHUNYV4W7GJO62R27,HYPO TIROL BANK AG,Austria,5299007S3UH5RKUYDA52,DEUTSCHE APOTHEKER- UND ÄRZTEBANK EG,Germany,0.5146,0.0003,0.0011,0.2596,27,France|Norway|Netherlands,ja
2025-12-31,0W5QHUNYV4W7GJO62R27,HYPO TIROL BANK AG,Austria,5299009EHB4RBGMI5828,Raiffeisen Landesbank Kärnten und Revisionsverband eGen,Austria,0.3300,0.0000,0.0011,0.0000,22,Germany|France|Netherlands,nein
2025-12-31,0W5QHUNYV4W7GJO62R27,HYPO TIROL BANK AG,Austria,529900FEID5L4H2T2L70,Raiffeisen Landesbank Vorarlberg mit Revisionsverband eGen,Austria,0.6291,0.0001,0.0011,0.1065,17,Germany|France|Norway,nein
2025-12-31,0W5QHUNYV4W7GJO62R27,HYPO TIROL BANK AG,Austria,529900G3SW56SHYNPR95,Clearstream Banking S.A.,Luxembourg,0.3032,0.0001,0.0011,0.0887,14,Germany|Belgium|United Kingdom,ja
2025-12-31,0W5QHUNYV4W7GJO62R27,HYPO TIROL BANK AG,Austria,529900HEKOENJHPNN480,Kuntarahoitus Oyj,Finland,0.4610,0.0000,0.0000,,10,France|Norway|Netherlands,ja
2025-12-31,0W5QHUNYV4W7GJO62R27,HYPO TIROL BANK AG,Austria,529900HNOAA1KXQJUQ27,"DZ BANK AG Deutsche Zentral-Genossenschaftsbank, Frankfurt am Main",Germany,0.3445,0.0011,0.0011,0.9931,32,France|Netherlands|Canada,ja
2025-12-31,0W5QHUNYV4W7GJO62R27,HYPO TIROL BANK AG,Austria,529900JZTYE3W7WQH904,HASPA Finanzholding,Germany,0.3496,0.0000,0.0001,0.0511,16,France|Netherlands|Norway,ja
2025-12-31,0W5QHUNYV4W7GJO62R27,HYPO TIROL BANK AG,Austria,529900NNUPAGGOMPXZ31,Volkswagen Financial Services AG,Germany,0.4698,0.0000,0.0000,,12,France|Italy|Netherlands,ja
2025-12-31,0W5QHUNYV4W7GJO62R27,HYPO TIROL BANK AG,Austria,529900QYEJ2GYSWK1F08,RLB-Stmk Verbund eGen,Austria,0.6176,0.0000,0.0011,0.0207,25,Germany|France|Sweden,nein
2025-12-31,0W5QHUNYV4W7GJO62R27,HYPO TIROL BANK AG,Austria,529900RWC8ZYB066JF16,Bank of Valletta Plc,Malta,0.4363,0.0000,0.0011,0.0000,17,Germany|France|Sweden,ja
2025-12-31,0W5QHUNYV4W7GJO62R27,HYPO TIROL BANK AG,Austria,529900SXEWPJ1MRRX537,Raiffeisen-Holding Niederösterreich-Wien registrierte Genossenschaft mit beschränkter Haftung,Austria,0.4547,0.0002,0.0011,0.1669,26,Germany|France|Netherlands,nein
2025-12-31,0W5QHUNYV4W7GJO62R27,HYPO TIROL BANK AG,Austria,529900UKZBMDBDZIXD62,Addiko Bank d.d.,Croatia,0.4179,0.0000,0.0011,0.0372,26,Germany|Italy|Belgium,ja
2025-12-31,0W5QHUNYV4W7GJO62R27,HYPO TIROL BANK AG,Austria,529900XSTAE561178282,Raiffeisenbankengruppe OÖ Verbund eGen,Austria,0.3931,0.0008,0.0011,0.7229,33,Germany|France|Slovakia,nein
2025-12-31,0W5QHUNYV4W7GJO62R27,HYPO TIROL BANK AG,Austria,54930053HGCFWVHYZX42,Bank of China (Europe) S.A,Luxembourg,0.3065,0.0004,0.0011,0.3748,21,Netherlands|Sweden|Belgium,ja
2025-12-31,0W5QHUNYV4W7GJO62R27,HYPO TIROL BANK AG,Austria,54930060Q00W1SRIUI57,vdk bank,Belgium,0.3079,0.0000,0.0011,0.0000,17,France|Netherlands|Germany,ja
2025-12-31,0W5QHUNYV4W7GJO62R27,HYPO TIROL BANK AG,Austria,5493007BWYDPQZLZ0Y27,HYPO NOE Landesbank für Niederösterreich und Wien AG,Austria,0.5989,0.0000,0.0003,0.0001,23,Germany|France|Norway,nein
2025-12-31,0W5QHUNYV4W7GJO62R27,HYPO TIROL BANK AG,Austria,549300DYPOFMXOR7XM56,Crelan,Belgium,0.4538,0.0006,0.0011,0.5455,30,Germany|France|Netherlands,ja
2025-12-31,0W5QHUNYV4W7GJO62R27,HYPO TIROL BANK AG,Austria,549300GDPG70E3MBBU98,KfW Beteiligungsholding GmbH,Germany,0.3160,0.0005,0.0011,0.4752,26,Netherlands|France|Canada,ja
2025-12-31,0W5QHUNYV4W7GJO62R27,HYPO TIROL BANK AG,Austria,549300L7YCATGO57ZE10,FINECOBANK BANCA FINECO S.P.A. (IN BREVE FINECOBANK S.P.A. OVVERO BANCA FINECO S.P.A. OVVERO FINECO BANCA S.P.A.),Italy,0.3429,0.0003,0.0011,0.2416,32,France|Germany|Netherlands,ja
2025-12-31,0W5QHUNYV4W7GJO62R27,HYPO TIROL BANK AG,Austria,549300LYFYVPUCG6SY25,"Banco Cooperativo Español, S.A.",Spain,0.5274,0.0000,0.0000,,11,Germany|France|Netherlands,ja
2025-12-31,0W5QHUNYV4W7GJO62R27,HYPO TIROL BANK AG,Austria,549300NYKK9MWM7GGW15,ING Groep N.V.,Netherlands,0.3825,0.0011,0.0011,0.9900,32,Germany|Belgium|France,ja
2025-12-31,0W5QHUNYV4W7GJO62R27,HYPO TIROL BANK AG,Austria,549300Q3OIWRHQUQM052,SpareBank 1 Sør-Norge,Norway,0.6491,0.0004,0.0011,0.3272,17,Germany|France|Netherlands,ja
2025-12-31,0W5QHUNYV4W7GJO62R27,HYPO TIROL BANK AG,Austria,549300TEJKOLFN65KR76,BNF Bank plc,Malta,0.3614,0.0000,0.0011,0.0000,12,France|Netherlands|Canada,ja
2025-12-31,0W5QHUNYV4W7GJO62R27,HYPO TIROL BANK AG,Austria,549300TL5406IC1XKD09,Saxo Bank A/S,Denmark,0.4650,0.0009,0.0011,0.8048,28,Norway|Netherlands|Germany,ja
2025-12-31,0W5QHUNYV4W7GJO62R27,HYPO TIROL BANK AG,Austria,549300TRUWO2CD2G5692,"UNICREDIT, SOCIETA' PER AZIONI",Italy,0.3803,0.0003,0.0011,0.2889,32,Germany|France|Netherlands,ja
2025-12-31,0W5QHUNYV4W7GJO62R27,HYPO TIROL BANK AG,Austria,549300X5UKJVE386ZB61,BANCA GENERALI - SOCIETA' PER AZIONI (IN FORMA ABBREVIATA GENERBANCA),Italy,0.3661,0.0000,0.0011,0.0118,26,Germany|France|Netherlands,ja
2025-12-31,0W5QHUNYV4W7GJO62R27,HYPO TIROL BANK AG,Austria,635400F6HLXKXNJJX605,EXIM BANCA ROMANEASCA S.A.,Romania,0.4994,0.0000,0.0000,0.0870,19,Germany|France|Italy,ja
2025-12-31,0W5QHUNYV4W7GJO62R27,HYPO TIROL BANK AG,Austria,636700HER4JIK7GZUN17,Klarna - Grupp,Sweden,0.3890,0.0000,0.0000,,6,Germany|Norway|Netherlands,ja
2025-12-31,0W5QHUNYV4W7GJO62R27,HYPO TIROL BANK AG,Austria,724500A1FNICHSDF2I11,ASN Bank N.V.,Netherlands,0.5098,0.0000,0.0000,,12,Germany|France|Norway,ja
2025-12-31,0W5QHUNYV4W7GJO62R27,HYPO TIROL BANK AG,Austria,724500SF1CI8OD5AHI07,HCBG Holding B.V.,Netherlands,0.3619,0.0000,0.0011,0.0000,18,Germany|France|Belgium,ja
2025-12-31,0W5QHUNYV4W7GJO62R27,HYPO TIROL BANK AG,Austria,7437003B5WFBOIEFY714,OP Osuuskunta,Finland,0.5140,0.0001,0.0002,0.3333,17,Germany|France|Norway,ja
2025-12-31,0W5QHUNYV4W7GJO62R27,HYPO TIROL BANK AG,Austria,7437005892K69S3MW344,Säästöpankkiliitto osk,Finland,0.4061,0.0000,0.0011,0.0000,12,France|Norway|Germany,ja
2025-12-31,0W5QHUNYV4W7GJO62R27,HYPO TIROL BANK AG,Austria,743700FTBNXAUN57RH30,S-Pankki Oyj,Finland,0.3656,0.0000,0.0011,0.0000,15,Canada|Norway|Netherlands,ja
2025-12-31,0W5QHUNYV4W7GJO62R27,HYPO TIROL BANK AG,Austria,743700GC62JLHFBUND16,Aktia Bank Abp,Finland,0.5752,0.0000,0.0011,0.0000,16,France|Germany|Norway,ja
2025-12-31,0W5QHUNYV4W7GJO62R27,HYPO TIROL BANK AG,Austria,743700PW2HDTPU3YRJ31,POP Pankkikeskus osk,Finland,0.4168,0.0000,0.0006,0.0000,12,France|Germany|Norway,ja
2025-12-31,0W5QHUNYV4W7GJO62R27,HYPO TIROL BANK AG,Austria,8156003D79D064FB5360,CASSA LOMBARDA - S.P.A.,Italy,0.4016,0.0000,0.0011,0.0000,14,France|Germany|Finland,ja
2025-12-31,0W5QHUNYV4W7GJO62R27,HYPO TIROL BANK AG,Austria,8156005420362AE59184,BANCA IFIS S.P.A. (OVVERO IFIS BANCA S.P.A. O IN FORMA ABBREVIATA IFIS S.P.A.),Italy,0.3156,0.0010,0.0011,0.9044,31,France|Germany|Denmark,ja
2025-12-31,0W5QHUNYV4W7GJO62R27,HYPO TIROL BANK AG,Austria,815600AD83B2B6317788,CREDITO EMILIANO HOLDING SOCIETA' PER AZIONI,Italy,0.3491,0.0000,0.0007,0.0000,18,France|Netherlands|Germany,ja
2025-12-31,0W5QHUNYV4W7GJO62R27,HYPO TIROL BANK AG,Austria,815600E4E6DCD2D25E30,BANCO BPM SOCIETA' PER AZIONI,Italy,0.4535,0.0001,0.0011,0.0887,18,France|Germany|Netherlands,ja
2025-12-31,0W5QHUNYV4W7GJO62R27,HYPO TIROL BANK AG,Austria,8I5DZWZKVSZI1NUHU748,J.P. Morgan SE,Germany,0.4230,0.0007,0.0011,0.5821,30,France|Netherlands|Italy,ja
2025-12-31,0W5QHUNYV4W7GJO62R27,HYPO TIROL BANK AG,Austria,95980020140005220135,"Caja Rural de Granada, Sociedad Cooperativa de Crédito",Spain,0.4409,0.0000,0.0008,0.0000,14,France|Germany|Netherlands,ja
2025-12-31,0W5QHUNYV4W7GJO62R27,HYPO TIROL BANK AG,Austria,95980020140005439549,"Caja Rural de Navarra, S. Coop. de Crédito",Spain,0.4871,0.0000,0.0011,0.0000,14,France|Germany|Netherlands,ja
2025-12-31,0W5QHUNYV4W7GJO62R27,HYPO TIROL BANK AG,Austria,95980020140005484654,"Caja Rural de Albacete, Ciudad Real y Cuenca, Sociedad Cooperativa de Crédito",Spain,0.3955,0.0000,0.0000,,10,France|Germany|Netherlands,ja
2025-12-31,0W5QHUNYV4W7GJO62R27,HYPO TIROL BANK AG,Austria,95980020140005552166,"Eurocaja Rural, Sociedad Cooperativa de Crédito",Spain,0.4558,0.0001,0.0011,0.0997,22,France|Germany|Netherlands,ja
2025-12-31,0W5QHUNYV4W7GJO62R27,HYPO TIROL BANK AG,Austria,95980020140005881190,Banco de Crédito Social Cooperativo,Spain,0.5424,0.0000,0.0011,0.0000,16,Germany|France|Netherlands,ja
2025-12-31,0W5QHUNYV4W7GJO62R27,HYPO TIROL BANK AG,Austria,9598005U8TZQ8Q64SC71,LIBERTY PARTNERS S.L.U.,Spain,0.3513,0.0000,0.0011,0.0000,14,France|Italy|Sweden,ja
2025-12-31,0W5QHUNYV4W7GJO62R27,HYPO TIROL BANK AG,Austria,9695000CG7B84NLR5984,Confédération Nationale du Crédit Mutuel,France,0.4215,0.0004,0.0011,0.3928,25,Germany|Netherlands|Belgium,ja
2025-12-31,0W5QHUNYV4W7GJO62R27,HYPO TIROL BANK AG,Austria,969500F7JLTX36OUI695,RCI Banque,France,0.4255,0.0000,0.0011,0.0109,16,Germany|Italy|Netherlands,ja
2025-12-31,0W5QHUNYV4W7GJO62R27,HYPO TIROL BANK AG,Austria,969500Q2PFTTP0Y5QL44,SFIL S.A.,France,0.4044,0.0000,0.0000,,10,Canada|Norway|Finland,ja
2025-12-31,0W5QHUNYV4W7GJO62R27,HYPO TIROL BANK AG,Austria,969500TJ5KRTCJQWXH05,CRÉDIT AGRICOLE AUTO BANK S.P.A.,Italy,0.5133,0.0000,0.0011,0.0000,18,Germany|France|Finland,ja
2025-12-31,0W5QHUNYV4W7GJO62R27,HYPO TIROL BANK AG,Austria,9DJT3UXIJIZJI4WXO774,Bank of America Europe Designated Activity Company,Ireland,0.4741,0.0004,0.0011,0.3866,28,France|Germany|Netherlands,ja
2025-12-31,0W5QHUNYV4W7GJO62R27,HYPO TIROL BANK AG,Austria,A5GWLFH3KM7YV2SFQL84,Belfius Bank,Belgium,0.4198,0.0001,0.0011,0.0887,23,France|Netherlands|Germany,ja
2025-12-31,0W5QHUNYV4W7GJO62R27,HYPO TIROL BANK AG,Austria,AT0000000000043000VB,VOLKSBANK WIEN AG VB,Austria,0.6991,0.0002,0.0011,0.1744,31,Germany|France|Netherlands,nein
2025-12-31,0W5QHUNYV4W7GJO62R27,HYPO TIROL BANK AG,Austria,B64D6Y3LBJS4ANNPCU93,NIBC Bank N.V.,Netherlands,0.5281,0.0000,0.0011,0.0000,13,Germany|France|Sweden,ja
2025-12-31,0W5QHUNYV4W7GJO62R27,HYPO TIROL BANK AG,Austria,BFXS5XCH7N0Y05NIXW11,ABN AMRO Bank N.V.,Netherlands,0.4656,0.0001,0.0011,0.1004,24,Germany|France|Belgium,ja
2025-12-31,0W5QHUNYV4W7GJO62R27,HYPO TIROL BANK AG,Austria,DIZES5CFO5K3I5R58746,Landesbank Hessen-Thüringen Girozentrale,Germany,0.3433,0.0007,0.0011,0.5755,32,France|Netherlands|Sweden,ja
2025-12-31,0W5QHUNYV4W7GJO62R27,HYPO TIROL BANK AG,Austria,DSNHHQ2B9X5N6OUJ1236,Norddeutsche Landesbank - Girozentrale -,Germany,0.3279,0.0000,0.0011,0.0254,29,France|Netherlands|Italy,ja
2025-12-31,0W5QHUNYV4W7GJO62R27,HYPO TIROL BANK AG,Austria,DZZ47B9A52ZJ6LT6VV95,Deutsche Pfandbriefbank AG,Germany,0.3876,0.0001,0.0011,0.0956,18,France|Netherlands|Sweden,ja
2025-12-31,0W5QHUNYV4W7GJO62R27,HYPO TIROL BANK AG,Austria,F3JS33DEI6XQ4ZBPTN86,Skandinaviska Enskilda Banken - gruppen,Sweden,0.3052,0.0004,0.0011,0.3350,32,Germany|Norway|Finland,ja
2025-12-31,0W5QHUNYV4W7GJO62R27,HYPO TIROL BANK AG,Austria,I7ETN0QQO2AHZZGHJ389,KOMMUNALBANKEN AS,Norway,0.5714,0.0000,0.0000,,6,Germany|France|Finland,ja
2025-12-31,0W5QHUNYV4W7GJO62R27,HYPO TIROL BANK AG,Austria,J4CP7MHCXR8DAQMKIL78,MEDIOBANCA - BANCA DI CREDITO FINANZIARIO S.P.A.,Italy,0.3782,0.0001,0.0011,0.0888,24,France|Netherlands|Germany,ja
2025-12-31,0W5QHUNYV4W7GJO62R27,HYPO TIROL BANK AG,Austria,MLU0ZO3ML4LN2LL2TL39,HSBC Continental Europe,France,0.4283,0.0004,0.0011,0.3206,31,Germany|Netherlands|Italy,ja
2025-12-31,0W5QHUNYV4W7GJO62R27,HYPO TIROL BANK AG,Austria,N747OI7JINV7RUUH6190,BPER Banca S.p.A.,Italy,0.5170,0.0005,0.0011,0.4635,19,Germany|France|Netherlands,ja
2025-12-31,0W5QHUNYV4W7GJO62R27,HYPO TIROL BANK AG,Austria,NNVPP80YIZGEY2314M97,ICCREA BANCA S.P.A. - ISTITUTO CENTRALE DEL CREDITO COOPERATIVO (IN FORMA ABBREVIATA: ICCREA BANCA S.P.A.),Italy,0.5263,0.0000,0.0011,0.0000,14,Germany|France|Netherlands,ja
2025-12-31,0W5QHUNYV4W7GJO62R27,HYPO TIROL BANK AG,Austria,O2RNE8IBXP4R0TD8PU41,Société générale S.A.,France,0.3099,0.0001,0.0011,0.0901,31,Germany|Netherlands|Belgium,ja
2025-12-31,0W5QHUNYV4W7GJO62R27,HYPO TIROL BANK AG,Austria,P4GTT6GF1W40CVIMFR43,Powszechna Kasa Oszczednosci Bank Polski S.A.,Poland,0.3826,0.0000,0.0011,0.0068,32,Germany|Netherlands|France,ja
2025-12-31,0W5QHUNYV4W7GJO62R27,HYPO TIROL BANK AG,Austria,R7CQUF1DQM73HUTV1078,"Banque et Caisse d´Epargne de l´Etat, Luxembourg",Luxembourg,0.6139,0.0000,0.0011,0.0003,17,Germany|France|Norway,ja
2025-12-31,0W5QHUNYV4W7GJO62R27,HYPO TIROL BANK AG,Austria,RRUN0TCQ1K2JDV7MXO75,Oberbank AG,Austria,0.3384,0.0001,0.0011,0.0721,30,Germany|Slovakia|Netherlands,nein
2025-12-31,0W5QHUNYV4W7GJO62R27,HYPO TIROL BANK AG,Austria,TUKDD90GPC79G1KOE162,Hamburg Commercial Bank AG,Germany,0.3080,0.0001,0.0011,0.0983,22,Netherlands|France|Sweden,ja
2025-12-31,0W5QHUNYV4W7GJO62R27,HYPO TIROL BANK AG,Austria,VDYMYTQGZZ6DU0912C88,Bayerische Landesbank,Germany,0.3118,0.0001,0.0011,0.1108,32,France|Netherlands|Belgium,ja
2025-12-31,0W5QHUNYV4W7GJO62R27,HYPO TIROL BANK AG,Austria,WFLLPEPC7FZXENRZV188,THE BANK OF NEW YORK MELLON,Belgium,0.4032,0.0001,0.0011,0.1004,23,Germany|Netherlands|Norway,ja
2025-12-31,21380057HUGFEAF25W84,NOBA Group,Sweden,529900HEKOENJHPNN480,Kuntarahoitus Oyj,Finland,0.3393,0.0000,0.0000,,4,Norway|Denmark|Germany,ja
2025-12-31,21380057HUGFEAF25W84,NOBA Group,Sweden,529900ODI3047E2LIV03,Nordea Bank Abp,Finland,0.3953,0.0000,0.0000,,6,Norway|Denmark|Ireland,ja
2025-12-31,21380057HUGFEAF25W84,NOBA Group,Sweden,549300TLZPT6JELDWM92,Landsbankinn hf.,Iceland,0.3980,0.0000,0.0000,,5,Norway|Denmark|Germany,ja
2025-12-31,21380057HUGFEAF25W84,NOBA Group,Sweden,7437005892K69S3MW344,Säästöpankkiliitto osk,Finland,0.3098,0.0000,0.0000,,6,Norway|Denmark|Germany,ja
2025-12-31,21380057HUGFEAF25W84,NOBA Group,Sweden,743700FTBNXAUN57RH30,S-Pankki Oyj,Finland,0.3771,0.0000,0.0000,,4,Norway|Denmark|Germany,ja
2025-12-31,21380057HUGFEAF25W84,NOBA Group,Sweden,743700GC62JLHFBUND16,Aktia Bank Abp,Finland,0.3451,0.0000,0.0000,,6,Norway|Denmark|Germany,ja
2025-12-31,21380057HUGFEAF25W84,NOBA Group,Sweden,743700PW2HDTPU3YRJ31,POP Pankkikeskus osk,Finland,0.4060,0.0000,0.0000,,6,Norway|Denmark|Germany,ja
2025-12-31,21380057HUGFEAF25W84,NOBA Group,Sweden,7V6Z97IO7R1SEAO84Q32,SpareBank 1 SMN,Norway,0.4415,0.0000,0.0000,,5,Finland|Denmark|Germany,ja
2025-12-31,21380057HUGFEAF25W84,NOBA Group,Sweden,969500Q2PFTTP0Y5QL44,SFIL S.A.,France,0.3411,0.0000,0.0000,,6,Finland|Norway|Germany,ja
2025-12-31,21380057HUGFEAF25W84,NOBA Group,Sweden,F3JS33DEI6XQ4ZBPTN86,Skandinaviska Enskilda Banken - gruppen,Sweden,0.3310,0.0000,0.0000,,7,Finland|Norway|Denmark,nein
2025-12-31,21380057HUGFEAF25W84,NOBA Group,Sweden,MAES062Z21O4RZ2U7M96,Danske Bank A/S,Denmark,0.4085,0.0000,0.0000,,5,Finland|Norway|Germany,ja
2025-12-31,21380057HUGFEAF25W84,NOBA Group,Sweden,NHBDILHZTYCNBV5UYZ31,Svenska Handelsbanken - gruppen,Sweden,0.4214,0.0000,0.0000,,7,Norway|Finland|Luxembourg,nein
2025-12-31,2138009Y59EAR7H1UO97,"Akciju sabiedrība ""Citadele banka""",Latvia,M312WZV08Y7LYUC71685,Swedbank - Grupp,Sweden,0.3040,0.0000,0.0001,0.3343,12,Estonia|United States|Finland,ja
2025-12-31,213800A1O379I6DMCU10,APS BANK P.L.C.,Malta,213800LBQA1Y9L22JB70,Barclays Bank Ireland plc,Ireland,0.6618,0.0000,0.0006,0.0000,20,France|Germany|Netherlands,ja
2025-12-31,213800A1O379I6DMCU10,APS BANK P.L.C.,Malta,213800UIKMYZWWQS5E02,Revolut Holdings Europe UAB,Lithuania,0.3937,0.0000,0.0001,0.0000,23,France|Germany|Spain,ja
2025-12-31,213800A1O379I6DMCU10,APS BANK P.L.C.,Malta,213800X3Q9LSAKRUWY91,"Československá obchodná banka, a.s.",Slovakia,0.3308,0.0000,0.0006,0.0000,12,United Kingdom|Germany|Netherlands,ja
2025-12-31,213800A1O379I6DMCU10,APS BANK P.L.C.,Malta,254900NKYL22Y1SJAI75,FIMBank plc,Malta,0.4235,0.0000,0.0006,0.0000,15,Germany|France|United Kingdom,nein
2025-12-31,213800A1O379I6DMCU10,APS BANK P.L.C.,Malta,2W8N8UU78PMDQKZENC08,Intesa Sanpaolo S.p.A.,Italy,0.3501,0.0001,0.0006,0.1763,23,United Kingdom|France|Luxembourg,ja
2025-12-31,213800A1O379I6DMCU10,APS BANK P.L.C.,Malta,315700LT2QPI1YMTC764,MDB Group Limited,Malta,0.3138,0.0000,0.0000,,17,Belgium|France|Netherlands,nein
2025-12-31,213800A1O379I6DMCU10,APS BANK P.L.C.,Malta,391200EEGLNXBBCVKC73,Erwerbsgesellschaft der S-Finanzgruppe mbH & Co. KG,Germany,0.4511,0.0000,0.0006,0.0014,23,France|Finland|Netherlands,ja
2025-12-31,213800A1O379I6DMCU10,APS BANK P.L.C.,Malta,5299003H07ZT0Z5ZNN35,Wüstenrot Bausparkasse Aktiengesellschaft,Germany,0.3562,0.0000,0.0006,0.0000,20,France|Netherlands|Finland,ja
2025-12-31,213800A1O379I6DMCU10,APS BANK P.L.C.,Malta,5299003ONUYCE70HZ185,Banque Internationale à Luxembourg,Luxembourg,0.5872,0.0000,0.0006,0.0000,22,France|Germany|Belgium,ja
2025-12-31,213800A1O379I6DMCU10,APS BANK P.L.C.,Malta,5299005OACOC1C1OFJ11,Raiffeisen-Landesbank Tirol AG,Austria,0.5255,0.0000,0.0006,0.0000,20,France|Germany|Netherlands,ja
2025-12-31,213800A1O379I6DMCU10,APS BANK P.L.C.,Malta,5299007S3UH5RKUYDA52,DEUTSCHE APOTHEKER- UND ÄRZTEBANK EG,Germany,0.4675,0.0000,0.0006,0.0000,22,France|Finland|Belgium,ja
2025-12-31,213800A1O379I6DMCU10,APS BANK P.L.C.,Malta,5299009EHB4RBGMI5828,Raiffeisen Landesbank Kärnten und Revisionsverband eGen,Austria,0.3761,0.0000,0.0006,0.0000,21,Germany|France|Netherlands,ja
2025-12-31,213800A1O379I6DMCU10,APS BANK P.L.C.,Malta,529900FEID5L4H2T2L70,Raiffeisen Landesbank Vorarlberg mit Revisionsverband eGen,Austria,0.5491,0.0000,0.0006,0.0000,12,France|Germany|Netherlands,ja
2025-12-31,213800A1O379I6DMCU10,APS BANK P.L.C.,Malta,529900G3SW56SHYNPR95,Clearstream Banking S.A.,Luxembourg,0.3439,0.0000,0.0006,0.0000,13,Germany|United Kingdom|Belgium,ja
2025-12-31,213800A1O379I6DMCU10,APS BANK P.L.C.,Malta,529900GGYMNGRQTDOO93,BNG Bank N.V.,Netherlands,0.5475,0.0000,0.0000,,9,France|United Kingdom|Belgium,ja
2025-12-31,213800A1O379I6DMCU10,APS BANK P.L.C.,Malta,529900HEKOENJHPNN480,Kuntarahoitus Oyj,Finland,0.4779,0.0000,0.0000,,8,France|United Kingdom|Belgium,ja
2025-12-31,213800A1O379I6DMCU10,APS BANK P.L.C.,Malta,529900HNOAA1KXQJUQ27,"DZ BANK AG Deutsche Zentral-Genossenschaftsbank, Frankfurt am Main",Germany,0.4395,0.0000,0.0006,0.0367,23,France|United Kingdom|Netherlands,ja
2025-12-31,213800A1O379I6DMCU10,APS BANK P.L.C.,Malta,529900IRBZTADXJB6757,flatexDEGIRO AG,Germany,0.3330,0.0000,0.0006,0.0000,22,France|Netherlands|Luxembourg,ja
2025-12-31,213800A1O379I6DMCU10,APS BANK P.L.C.,Malta,529900JZTYE3W7WQH904,HASPA Finanzholding,Germany,0.3714,0.0000,0.0001,0.0000,15,France|Netherlands|Luxembourg,ja
2025-12-31,213800A1O379I6DMCU10,APS BANK P.L.C.,Malta,529900NNUPAGGOMPXZ31,Volkswagen Financial Services AG,Germany,0.4578,0.0000,0.0000,,12,France|United Kingdom|Netherlands,ja
2025-12-31,213800A1O379I6DMCU10,APS BANK P.L.C.,Malta,529900QYEJ2GYSWK1F08,RLB-Stmk Verbund eGen,Austria,0.4711,0.0000,0.0006,0.0000,20,France|Germany|Luxembourg,ja
2025-12-31,213800A1O379I6DMCU10,APS BANK P.L.C.,Malta,529900RWC8ZYB066JF16,Bank of Valletta Plc,Malta,0.5763,0.0000,0.0006,0.0000,16,France|Germany|United Kingdom,nein
2025-12-31,213800A1O379I6DMCU10,APS BANK P.L.C.,Malta,529900SXEWPJ1MRRX537,Raiffeisen-Holding Niederösterreich-Wien registrierte Genossenschaft mit beschränkter Haftung,Austria,0.4129,0.0000,0.0006,0.0000,20,Germany|France|Netherlands,ja
2025-12-31,213800A1O379I6DMCU10,APS BANK P.L.C.,Malta,529900UIRB65OY6U4B21,Lombard Bank Malta plc,Malta,0.3401,0.0000,0.0006,0.0000,12,United Kingdom|Germany|Netherlands,nein
2025-12-31,213800A1O379I6DMCU10,APS BANK P.L.C.,Malta,529900VVDOKMRRAHZ894,Bank GPB International S.A.,Luxembourg,0.3103,0.0000,0.0006,0.0000,6,United Kingdom|France|Italy,ja
2025-12-31,213800A1O379I6DMCU10,APS BANK P.L.C.,Malta,529900XSTAE561178282,Raiffeisenbankengruppe OÖ Verbund eGen,Austria,0.3134,0.0002,0.0006,0.3868,23,Germany|Slovakia|Luxembourg,ja
2025-12-31,213800A1O379I6DMCU10,APS BANK P.L.C.,Malta,54930053HGCFWVHYZX42,Bank of China (Europe) S.A,Luxembourg,0.3217,0.0000,0.0006,0.0000,18,Belgium|Netherlands|Italy,ja
2025-12-31,213800A1O379I6DMCU10,APS BANK P.L.C.,Malta,54930060Q00W1SRIUI57,vdk bank,Belgium,0.3636,0.0000,0.0006,0.0000,16,France|Netherlands|Germany,ja
2025-12-31,213800A1O379I6DMCU10,APS BANK P.L.C.,Malta,5493006QMFDDMYWIAM13,"Banco Santander, S.A.",Spain,0.3885,0.0000,0.0006,0.0001,23,United Kingdom|Germany|France,ja
2025-12-31,213800A1O379I6DMCU10,APS BANK P.L.C.,Malta,5493007BWYDPQZLZ0Y27,HYPO NOE Landesbank für Niederösterreich und Wien AG,Austria,0.4460,0.0000,0.0003,0.0000,20,Germany|France|Netherlands,ja
2025-12-31,213800A1O379I6DMCU10,APS BANK P.L.C.,Malta,549300DYPOFMXOR7XM56,Crelan,Belgium,0.5503,0.0000,0.0006,0.0000,21,France|Germany|Netherlands,ja
2025-12-31,213800A1O379I6DMCU10,APS BANK P.L.C.,Malta,549300EHNXQVOI120S55,Coop Pank AS,Estonia,0.3482,0.0000,0.0006,0.0000,15,France|Finland|Switzerland,ja
2025-12-31,213800A1O379I6DMCU10,APS BANK P.L.C.,Malta,549300GDPG70E3MBBU98,KfW Beteiligungsholding GmbH,Germany,0.3818,0.0000,0.0006,0.0000,18,United Kingdom|Netherlands|France,ja
2025-12-31,213800A1O379I6DMCU10,APS BANK P.L.C.,Malta,549300IQZVZ949N37S44,Euroclear Holding,Belgium,0.3944,0.0000,0.0006,0.0000,17,France|United Kingdom|Spain,ja
2025-12-31,213800A1O379I6DMCU10,APS BANK P.L.C.,Malta,549300L7YCATGO57ZE10,FINECOBANK BANCA FINECO S.P.A. (IN BREVE FINECOBANK S.P.A. OVVERO BANCA FINECO S.P.A. OVVERO FINECO BANCA S.P.A.),Italy,0.5965,0.0000,0.0006,0.0000,23,France|United Kingdom|Germany,ja
2025-12-31,213800A1O379I6DMCU10,APS BANK P.L.C.,Malta,549300LYFYVPUCG6SY25,"Banco Cooperativo Español, S.A.",Spain,0.5547,0.0000,0.0000,,11,France|Germany|Netherlands,ja
2025-12-31,213800A1O379I6DMCU10,APS BANK P.L.C.,Malta,549300NYKK9MWM7GGW15,ING Groep N.V.,Netherlands,0.3967,0.0000,0.0006,0.0004,23,Germany|Belgium|Luxembourg,ja
2025-12-31,213800A1O379I6DMCU10,APS BANK P.L.C.,Malta,549300O3WME82RDPEN66,Swissquote Bank Europe S.A,Luxembourg,0.4427,0.0000,0.0000,,6,France|United Kingdom|Germany,ja
2025-12-31,213800A1O379I6DMCU10,APS BANK P.L.C.,Malta,549300Q3OIWRHQUQM052,SpareBank 1 Sør-Norge,Norway,0.5471,0.0000,0.0006,0.0000,14,France|Germany|Finland,ja
2025-12-31,213800A1O379I6DMCU10,APS BANK P.L.C.,Malta,549300RG3H390KEL8896,Banca Transilvania,Romania,0.3545,0.0000,0.0006,0.0003,22,France|Italy|Luxembourg,ja
2025-12-31,213800A1O379I6DMCU10,APS BANK P.L.C.,Malta,549300TEJKOLFN65KR76,BNF Bank plc,Malta,0.3198,0.0000,0.0006,0.0000,13,France|Netherlands|Luxembourg,nein
2025-12-31,213800A1O379I6DMCU10,APS BANK P.L.C.,Malta,549300TK038P6EV4YU51,AB Artea bankas,Lithuania,0.3274,0.0000,0.0000,,5,France|United Kingdom|Netherlands,ja
2025-12-31,213800A1O379I6DMCU10,APS BANK P.L.C.,Malta,549300TL5406IC1XKD09,Saxo Bank A/S,Denmark,0.3669,0.0000,0.0006,0.0000,23,Germany|Finland|Belgium,ja
2025-12-31,213800A1O379I6DMCU10,APS BANK P.L.C.,Malta,549300TRUWO2CD2G5692,"UNICREDIT, SOCIETA' PER AZIONI",Italy,0.3668,0.0000,0.0006,0.0043,23,Germany|France|Austria,ja
2025-12-31,213800A1O379I6DMCU10,APS BANK P.L.C.,Malta,549300TTZTKBUFKWH890,The Cyprus Development Bank Public Company Ltd,Cyprus,0.3603,0.0000,0.0000,,5,France|United Kingdom|Netherlands,ja
2025-12-31,213800A1O379I6DMCU10,APS BANK P.L.C.,Malta,5967007LIEEXZX5PU005,Sparebanken Møre SPA,Norway,0.3282,0.0000,0.0006,0.0000,9,Germany|United Kingdom|Italy,ja
2025-12-31,213800A1O379I6DMCU10,APS BANK P.L.C.,Malta,635400F6HLXKXNJJX605,EXIM BANCA ROMANEASCA S.A.,Romania,0.3733,0.0000,0.0000,0.0000,16,France|Germany|Italy,ja
2025-12-31,213800A1O379I6DMCU10,APS BANK P.L.C.,Malta,636700HER4JIK7GZUN17,Klarna - Grupp,Sweden,0.3266,0.0000,0.0000,,5,Germany|United Kingdom|Netherlands,ja
2025-12-31,213800A1O379I6DMCU10,APS BANK P.L.C.,Malta,6SHGI4ZSSLCXXQSBB395,Citigroup Global Markets Europe AG,Germany,0.3480,0.0000,0.0006,0.0000,22,United Kingdom|France|Netherlands,ja
2025-12-31,213800A1O379I6DMCU10,APS BANK P.L.C.,Malta,724500A1FNICHSDF2I11,ASN Bank N.V.,Netherlands,0.6854,0.0000,0.0000,,11,France|Germany|United Kingdom,ja
2025-12-31,213800A1O379I6DMCU10,APS BANK P.L.C.,Malta,724500PMK2A2M1SQQ228,Triodos Bank N.V.,Netherlands,0.3733,0.0000,0.0001,0.0000,13,United Kingdom|Germany|France,ja
2025-12-31,213800A1O379I6DMCU10,APS BANK P.L.C.,Malta,724500SF1CI8OD5AHI07,HCBG Holding B.V.,Netherlands,0.4114,0.0006,0.0006,1.0000,19,Germany|United Kingdom|Belgium,ja
2025-12-31,213800A1O379I6DMCU10,APS BANK P.L.C.,Malta,7437003B5WFBOIEFY714,OP Osuuskunta,Finland,0.4017,0.0000,0.0002,0.0000,16,Germany|France|Netherlands,ja
2025-12-31,213800A1O379I6DMCU10,APS BANK P.L.C.,Malta,7437005892K69S3MW344,Säästöpankkiliitto osk,Finland,0.3457,0.0000,0.0006,0.0000,12,France|Germany|Luxembourg,ja
2025-12-31,213800A1O379I6DMCU10,APS BANK P.L.C.,Malta,743700GC62JLHFBUND16,Aktia Bank Abp,Finland,0.4511,0.0000,0.0006,0.0000,16,France|Germany|Netherlands,ja
2025-12-31,213800A1O379I6DMCU10,APS BANK P.L.C.,Malta,743700PW2HDTPU3YRJ31,POP Pankkikeskus osk,Finland,0.3161,0.0000,0.0006,0.0000,13,France|Germany|Luxembourg,ja
2025-12-31,213800A1O379I6DMCU10,APS BANK P.L.C.,Malta,784F5XWPLTWKTBV3E584,Goldman Sachs Bank Europe SE,Germany,0.3441,0.0000,0.0002,0.0000,13,United Kingdom|France|Netherlands,ja
2025-12-31,213800A1O379I6DMCU10,APS BANK P.L.C.,Malta,7CUNS533WID6K7DGFI87,"CaixaBank, S.A.",Spain,0.3281,0.0000,0.0006,0.0021,23,United Kingdom|Germany|France,ja
2025-12-31,213800A1O379I6DMCU10,APS BANK P.L.C.,Malta,8156003D79D064FB5360,CASSA LOMBARDA - S.P.A.,Italy,0.4441,0.0000,0.0006,0.0000,13,France|Germany|United Kingdom,ja
2025-12-31,213800A1O379I6DMCU10,APS BANK P.L.C.,Malta,8156005420362AE59184,BANCA IFIS S.P.A. (OVVERO IFIS BANCA S.P.A. O IN FORMA ABBREVIATA IFIS S.P.A.),Italy,0.4050,0.0002,0.0006,0.3903,23,France|Germany|Luxembourg,ja
2025-12-31,213800A1O379I6DMCU10,APS BANK P.L.C.,Malta,81560087340FCB8D6D66,MEDIOCREDITO CENTRALE - BANCA DEL MEZZOGIORNO SPA,Italy,0.3397,0.0000,0.0006,0.0000,15,United Kingdom|Germany|France,ja
2025-12-31,213800A1O379I6DMCU10,APS BANK P.L.C.,Malta,815600AD83B2B6317788,CREDITO EMILIANO HOLDING SOCIETA' PER AZIONI,Italy,0.5457,0.0000,0.0006,0.0000,17,France|United Kingdom|Netherlands,ja
2025-12-31,213800A1O379I6DMCU10,APS BANK P.L.C.,Malta,815600E4E6DCD2D25E30,BANCO BPM SOCIETA' PER AZIONI,Italy,0.6120,0.0000,0.0006,0.0001,19,France|Germany|United Kingdom,ja
2025-12-31,213800A1O379I6DMCU10,APS BANK P.L.C.,Malta,8I5DZWZKVSZI1NUHU748,J.P. Morgan SE,Germany,0.5223,0.0002,0.0006,0.3662,23,France|United Kingdom|Netherlands,ja
2025-12-31,213800A1O379I6DMCU10,APS BANK P.L.C.,Malta,95980020140005220135,"Caja Rural de Granada, Sociedad Cooperativa de Crédito",Spain,0.6665,0.0000,0.0006,0.0000,13,France|Germany|United Kingdom,ja
2025-12-31,213800A1O379I6DMCU10,APS BANK P.L.C.,Malta,95980020140005439549,"Caja Rural de Navarra, S. Coop. de Crédito",Spain,0.5987,0.0000,0.0006,0.0000,15,France|Germany|Netherlands,ja
2025-12-31,213800A1O379I6DMCU10,APS BANK P.L.C.,Malta,95980020140005484654,"Caja Rural de Albacete, Ciudad Real y Cuenca, Sociedad Cooperativa de Crédito",Spain,0.5347,0.0000,0.0000,,10,France|Germany|Netherlands,ja
2025-12-31,213800A1O379I6DMCU10,APS BANK P.L.C.,Malta,95980020140005552166,"Eurocaja Rural, Sociedad Cooperativa de Crédito",Spain,0.5113,0.0000,0.0006,0.0000,15,France|Germany|Netherlands,ja
2025-12-31,213800A1O379I6DMCU10,APS BANK P.L.C.,Malta,95980020140005881190,Banco de Crédito Social Cooperativo,Spain,0.5120,0.0000,0.0006,0.0000,17,Germany|France|United Kingdom,ja
2025-12-31,213800A1O379I6DMCU10,APS BANK P.L.C.,Malta,9598005U8TZQ8Q64SC71,LIBERTY PARTNERS S.L.U.,Spain,0.3880,0.0000,0.0006,0.0000,13,France|United Kingdom|Italy,ja
2025-12-31,213800A1O379I6DMCU10,APS BANK P.L.C.,Malta,9695000CG7B84NLR5984,Confédération Nationale du Crédit Mutuel,France,0.4473,0.0000,0.0006,0.0000,22,Germany|United Kingdom|Belgium,ja
2025-12-31,213800A1O379I6DMCU10,APS BANK P.L.C.,Malta,969500F7JLTX36OUI695,RCI Banque,France,0.4283,0.0000,0.0006,0.0000,17,Germany|United Kingdom|Italy,ja
2025-12-31,213800A1O379I6DMCU10,APS BANK P.L.C.,Malta,969500TJ5KRTCJQWXH05,CRÉDIT AGRICOLE AUTO BANK S.P.A.,Italy,0.6183,0.0000,0.0006,0.0000,19,France|Germany|United Kingdom,ja
2025-12-31,213800A1O379I6DMCU10,APS BANK P.L.C.,Malta,9DJT3UXIJIZJI4WXO774,Bank of America Europe Designated Activity Company,Ireland,0.5950,0.0000,0.0006,0.0000,20,France|United Kingdom|Germany,ja
2025-12-31,213800A1O379I6DMCU10,APS BANK P.L.C.,Malta,A5GWLFH3KM7YV2SFQL84,Belfius Bank,Belgium,0.5739,0.0000,0.0006,0.0000,22,France|United Kingdom|Netherlands,ja
2025-12-31,213800A1O379I6DMCU10,APS BANK P.L.C.,Malta,AT0000000000043000VB,VOLKSBANK WIEN AG VB,Austria,0.5831,0.0000,0.0006,0.0000,22,France|Germany|Netherlands,ja
2025-12-31,213800A1O379I6DMCU10,APS BANK P.L.C.,Malta,B64D6Y3LBJS4ANNPCU93,NIBC Bank N.V.,Netherlands,0.5468,0.0000,0.0006,0.0000,13,Germany|United Kingdom|France,ja
2025-12-31,213800A1O379I6DMCU10,APS BANK P.L.C.,Malta,BFXS5XCH7N0Y05NIXW11,ABN AMRO Bank N.V.,Netherlands,0.5945,0.0000,0.0006,0.0000,20,France|Germany|United Kingdom,ja
2025-12-31,213800A1O379I6DMCU10,APS BANK P.L.C.,Malta,DIZES5CFO5K3I5R58746,Landesbank Hessen-Thüringen Girozentrale,Germany,0.5085,0.0000,0.0006,0.0024,23,France|United Kingdom|Netherlands,ja
2025-12-31,213800A1O379I6DMCU10,APS BANK P.L.C.,Malta,DSNHHQ2B9X5N6OUJ1236,Norddeutsche Landesbank - Girozentrale -,Germany,0.4974,0.0000,0.0006,0.0000,21,France|United Kingdom|Netherlands,ja
2025-12-31,213800A1O379I6DMCU10,APS BANK P.L.C.,Malta,DZZ47B9A52ZJ6LT6VV95,Deutsche Pfandbriefbank AG,Germany,0.5610,0.0000,0.0006,0.0000,17,France|United Kingdom|Netherlands,ja
2025-12-31,213800A1O379I6DMCU10,APS BANK P.L.C.,Malta,F3JS33DEI6XQ4ZBPTN86,Skandinaviska Enskilda Banken - gruppen,Sweden,0.3141,0.0000,0.0006,0.0000,23,Germany|Finland|United Kingdom,ja
2025-12-31,213800A1O379I6DMCU10,APS BANK P.L.C.,Malta,FR9695005MSX1OYEMGDF,Groupe BPCE,France,0.3023,0.0000,0.0006,0.0000,17,United Kingdom|Germany|Belgium,ja
2025-12-31,213800A1O379I6DMCU10,APS BANK P.L.C.,Malta,I7ETN0QQO2AHZZGHJ389,KOMMUNALBANKEN AS,Norway,0.4714,0.0000,0.0000,,5,France|Germany|Finland,ja
2025-12-31,213800A1O379I6DMCU10,APS BANK P.L.C.,Malta,J4CP7MHCXR8DAQMKIL78,MEDIOBANCA - BANCA DI CREDITO FINANZIARIO S.P.A.,Italy,0.5417,0.0000,0.0006,0.0065,23,France|United Kingdom|Germany,ja
2025-12-31,213800A1O379I6DMCU10,APS BANK P.L.C.,Malta,MLU0ZO3ML4LN2LL2TL39,HSBC Continental Europe,France,0.4816,0.0000,0.0006,0.0000,22,Germany|United Kingdom|Netherlands,ja
2025-12-31,213800A1O379I6DMCU10,APS BANK P.L.C.,Malta,N747OI7JINV7RUUH6190,BPER Banca S.p.A.,Italy,0.6506,0.0002,0.0006,0.2466,19,France|Germany|United Kingdom,ja
2025-12-31,213800A1O379I6DMCU10,APS BANK P.L.C.,Malta,NNVPP80YIZGEY2314M97,ICCREA BANCA S.P.A. - ISTITUTO CENTRALE DEL CREDITO COOPERATIVO (IN FORMA ABBREVIATA: ICCREA BANCA S.P.A.),Italy,0.5546,0.0000,0.0006,0.0029,17,France|Germany|Netherlands,ja
2025-12-31,213800A1O379I6DMCU10,APS BANK P.L.C.,Malta,O2RNE8IBXP4R0TD8PU41,Société générale S.A.,France,0.4489,0.0000,0.0006,0.0008,23,Germany|United Kingdom|Netherlands,ja
2025-12-31,213800A1O379I6DMCU10,APS BANK P.L.C.,Malta,P4GTT6GF1W40CVIMFR43,Powszechna Kasa Oszczednosci Bank Polski S.A.,Poland,0.4289,0.0000,0.0006,0.0001,23,Germany|Netherlands|France,ja
2025-12-31,213800A1O379I6DMCU10,APS BANK P.L.C.,Malta,QLPCKOOKVX32FUELX240,Bank Polska Kasa Opieki S.A.,Poland,0.4205,0.0000,0.0006,0.0176,23,United Kingdom|Germany|Netherlands,ja
2025-12-31,213800A1O379I6DMCU10,APS BANK P.L.C.,Malta,R0MUWSFPU8MPRO8K5P83,BNP Paribas,France,0.4490,0.0000,0.0006,0.0000,22,United Kingdom|Germany|Belgium,ja
2025-12-31,213800A1O379I6DMCU10,APS BANK P.L.C.,Malta,R7CQUF1DQM73HUTV1078,"Banque et Caisse d´Epargne de l´Etat, Luxembourg",Luxembourg,0.5637,0.0000,0.0006,0.0000,17,France|Germany|Belgium,ja
2025-12-31,213800A1O379I6DMCU10,APS BANK P.L.C.,Malta,TUKDD90GPC79G1KOE162,Hamburg Commercial Bank AG,Germany,0.3954,0.0000,0.0006,0.0000,16,United Kingdom|France|Netherlands,ja
2025-12-31,213800A1O379I6DMCU10,APS BANK P.L.C.,Malta,VDYMYTQGZZ6DU0912C88,Bayerische Landesbank,Germany,0.5318,0.0000,0.0006,0.0015,23,France|United Kingdom|Netherlands,ja
2025-12-31,213800A1O379I6DMCU10,APS BANK P.L.C.,Malta,WFLLPEPC7FZXENRZV188,THE BANK OF NEW YORK MELLON,Belgium,0.4934,0.0000,0.0006,0.0000,17,Germany|United Kingdom|Netherlands,ja
2025-12-31,213800DBQIB6VBNU5C64,Alpha Bank S.A.,Greece,213800X3Q9LSAKRUWY91,"Československá obchodná banka, a.s.",Slovakia,0.3321,0.0000,0.0000,,4,United Kingdom|Cyprus|Netherlands,ja
2025-12-31,213800DBQIB6VBNU5C64,Alpha Bank S.A.,Greece,529900GGYMNGRQTDOO93,BNG Bank N.V.,Netherlands,0.3402,0.0000,0.0000,,3,United Kingdom|France|Ireland,ja
2025-12-31,213800DBQIB6VBNU5C64,Alpha Bank S.A.,Greece,529900NNUPAGGOMPXZ31,Volkswagen Financial Services AG,Germany,0.4112,0.0000,0.0000,,4,United Kingdom|Netherlands|France,ja
2025-12-31,213800DBQIB6VBNU5C64,Alpha Bank S.A.,Greece,529900UIRB65OY6U4B21,Lombard Bank Malta plc,Malta,0.3767,0.0000,0.0000,,5,United Kingdom|Netherlands|France,ja
2025-12-31,213800DBQIB6VBNU5C64,Alpha Bank S.A.,Greece,529900VVDOKMRRAHZ894,Bank GPB International S.A.,Luxembourg,0.4156,0.0000,0.0000,,4,United Kingdom|Cyprus|France,ja
2025-12-31,213800DBQIB6VBNU5C64,Alpha Bank S.A.,Greece,5493006QMFDDMYWIAM13,"Banco Santander, S.A.",Spain,0.3250,0.0000,0.0000,,6,United Kingdom|France|Netherlands,ja
2025-12-31,213800DBQIB6VBNU5C64,Alpha Bank S.A.,Greece,549300IQZVZ949N37S44,Euroclear Holding,Belgium,0.3432,0.0000,0.0000,,5,United Kingdom|France|Netherlands,ja
2025-12-31,213800DBQIB6VBNU5C64,Alpha Bank S.A.,Greece,635400AKJBGNS5WNQL34,AIB Group plc,Ireland,0.3694,0.0000,0.0000,,5,United Kingdom|France|Netherlands,ja
2025-12-31,213800DBQIB6VBNU5C64,Alpha Bank S.A.,Greece,635400C8EK6DRI12LJ39,Bank of Ireland Group plc,Ireland,0.3361,0.0000,0.0000,,5,United Kingdom|France|Netherlands,ja
2025-12-31,213800DBQIB6VBNU5C64,Alpha Bank S.A.,Greece,635400L14KNHZXPUZM19,Bank of Cyprus Holdings Public Limited Company,Ireland,0.4484,0.0000,0.0000,,5,Cyprus|France|United Kingdom,ja
2025-12-31,213800DBQIB6VBNU5C64,Alpha Bank S.A.,Greece,724500973ODKK3IFQ447,Adyen N.V.,Netherlands,0.3421,0.0000,0.0000,,5,United Kingdom|Ireland|France,ja
2025-12-31,213800DBQIB6VBNU5C64,Alpha Bank S.A.,Greece,724500PMK2A2M1SQQ228,Triodos Bank N.V.,Netherlands,0.3047,0.0000,0.0000,,3,United Kingdom|France|Ireland,ja
2025-12-31,213800DBQIB6VBNU5C64,Alpha Bank S.A.,Greece,784F5XWPLTWKTBV3E584,Goldman Sachs Bank Europe SE,Germany,0.4043,0.0000,0.0000,,5,United Kingdom|Netherlands|France,ja
2025-12-31,213800DBQIB6VBNU5C64,Alpha Bank S.A.,Greece,81560087340FCB8D6D66,MEDIOCREDITO CENTRALE - BANCA DEL MEZZOGIORNO SPA,Italy,0.3293,0.0000,0.0000,,5,United Kingdom|France|Netherlands,ja
2025-12-31,213800DBQIB6VBNU5C64,Alpha Bank S.A.,Greece,815600E4E6DCD2D25E30,BANCO BPM SOCIETA' PER AZIONI,Italy,0.3165,0.0000,0.0000,,6,United Kingdom|Netherlands|France,ja
2025-12-31,213800DBQIB6VBNU5C64,Alpha Bank S.A.,Greece,8I5DZWZKVSZI1NUHU748,J.P. Morgan SE,Germany,0.3020,0.0000,0.0000,,6,United Kingdom|Netherlands|France,ja
2025-12-31,213800DBQIB6VBNU5C64,Alpha Bank S.A.,Greece,969500TJ5KRTCJQWXH05,CRÉDIT AGRICOLE AUTO BANK S.P.A.,Italy,0.3087,0.0000,0.0000,,5,United Kingdom|France|Netherlands,ja
2025-12-31,213800DBQIB6VBNU5C64,Alpha Bank S.A.,Greece,9DJT3UXIJIZJI4WXO774,Bank of America Europe Designated Activity Company,Ireland,0.3095,0.0000,0.0000,,4,United Kingdom|Netherlands|France,ja
2025-12-31,213800DBQIB6VBNU5C64,Alpha Bank S.A.,Greece,A5GWLFH3KM7YV2SFQL84,Belfius Bank,Belgium,0.3550,0.0000,0.0000,,6,United Kingdom|Netherlands|France,ja
2025-12-31,213800DBQIB6VBNU5C64,Alpha Bank S.A.,Greece,B64D6Y3LBJS4ANNPCU93,NIBC Bank N.V.,Netherlands,0.3730,0.0000,0.0000,,3,United Kingdom|France|Ireland,ja
2025-12-31,213800DBQIB6VBNU5C64,Alpha Bank S.A.,Greece,DSNHHQ2B9X5N6OUJ1236,Norddeutsche Landesbank - Girozentrale -,Germany,0.3156,0.0000,0.0000,,6,United Kingdom|Netherlands|France,ja
2025-12-31,213800DBQIB6VBNU5C64,Alpha Bank S.A.,Greece,J4CP7MHCXR8DAQMKIL78,MEDIOBANCA - BANCA DI CREDITO FINANZIARIO S.P.A.,Italy,0.3370,0.0000,0.0000,,6,United Kingdom|Netherlands|France,ja
2025-12-31,213800DBQIB6VBNU5C64,Alpha Bank S.A.,Greece,NHBDILHZTYCNBV5UYZ31,Svenska Handelsbanken - gruppen,Sweden,0.3382,0.0000,0.0000,,6,United Kingdom|Netherlands|France,ja
2025-12-31,213800DBQIB6VBNU5C64,Alpha Bank S.A.,Greece,O2RNE8IBXP4R0TD8PU41,Société générale S.A.,France,0.3262,0.0000,0.0000,,5,Romania|United Kingdom|Netherlands,ja
2025-12-31,213800DBQIB6VBNU5C64,Alpha Bank S.A.,Greece,QLPCKOOKVX32FUELX240,Bank Polska Kasa Opieki S.A.,Poland,0.3480,0.0000,0.0000,,6,United Kingdom|Cyprus|Ireland,ja
2025-12-31,213800DBQIB6VBNU5C64,Alpha Bank S.A.,Greece,SI5RG2M0WQQLZCXKRM20,"Banco de Sabadell, S.A.",Spain,0.3430,0.0000,0.0000,,6,United Kingdom|France|Netherlands,ja
2025-12-31,213800DBQIB6VBNU5C64,Alpha Bank S.A.,Greece,VDYMYTQGZZ6DU0912C88,Bayerische Landesbank,Germany,0.3391,0.0000,0.0000,,6,United Kingdom|Netherlands|France,ja
2025-12-31,213800KGF4EFNUQKAT69,Eurobank Limited,Cyprus,984500E4D07499C10435,TBI FINANCIAL SERVICES B.V.,Netherlands,0.4347,0.0000,0.0000,,3,Bulgaria|Greece|Romania,ja
2025-12-31,213800LBQA1Y9L22JB70,Barclays Bank Ireland plc,Ireland,213800UIKMYZWWQS5E02,Revolut Holdings Europe UAB,Lithuania,0.5066,0.0001,0.0001,0.7543,30,France|Germany|United States,ja
2025-12-31,213800LBQA1Y9L22JB70,Barclays Bank Ireland plc,Ireland,254900NKYL22Y1SJAI75,FIMBank plc,Malta,0.4939,0.0006,0.0084,0.0696,22,Germany|France|Spain,ja
2025-12-31,213800LBQA1Y9L22JB70,Barclays Bank Ireland plc,Ireland,2W8N8UU78PMDQKZENC08,Intesa Sanpaolo S.p.A.,Italy,0.4120,0.0074,0.0084,0.8794,56,United States|France|Luxembourg,ja
2025-12-31,213800LBQA1Y9L22JB70,Barclays Bank Ireland plc,Ireland,391200EEGLNXBBCVKC73,Erwerbsgesellschaft der S-Finanzgruppe mbH & Co. KG,Germany,0.5245,0.0027,0.0084,0.3241,53,France|Luxembourg|Netherlands,ja
2025-12-31,213800LBQA1Y9L22JB70,Barclays Bank Ireland plc,Ireland,3H0Q3U74FVFED2SHZT16,MBH bankcsoport,Hungary,0.3240,0.0026,0.0084,0.3046,42,France|United States|Germany,ja
2025-12-31,213800LBQA1Y9L22JB70,Barclays Bank Ireland plc,Ireland,5299003H07ZT0Z5ZNN35,Wüstenrot Bausparkasse Aktiengesellschaft,Germany,0.4213,0.0006,0.0015,0.4123,33,France|Luxembourg|Netherlands,ja
2025-12-31,213800LBQA1Y9L22JB70,Barclays Bank Ireland plc,Ireland,5299003ONUYCE70HZ185,Banque Internationale à Luxembourg,Luxembourg,0.5824,0.0033,0.0084,0.3970,53,France|Germany|Spain,ja
2025-12-31,213800LBQA1Y9L22JB70,Barclays Bank Ireland plc,Ireland,5299005OACOC1C1OFJ11,Raiffeisen-Landesbank Tirol AG,Austria,0.5672,0.0006,0.0007,0.8318,29,France|Germany|Italy,ja
2025-12-31,213800LBQA1Y9L22JB70,Barclays Bank Ireland plc,Ireland,5299007S3UH5RKUYDA52,DEUTSCHE APOTHEKER- UND ÄRZTEBANK EG,Germany,0.5631,0.0002,0.0016,0.1342,41,France|Luxembourg|United States,ja
2025-12-31,213800LBQA1Y9L22JB70,Barclays Bank Ireland plc,Ireland,5299009EHB4RBGMI5828,Raiffeisen Landesbank Kärnten und Revisionsverband eGen,Austria,0.3406,0.0021,0.0084,0.2506,29,Germany|France|Netherlands,ja
2025-12-31,213800LBQA1Y9L22JB70,Barclays Bank Ireland plc,Ireland,529900FEID5L4H2T2L70,Raiffeisen Landesbank Vorarlberg mit Revisionsverband eGen,Austria,0.5306,0.0003,0.0067,0.0385,17,France|Germany|Netherlands,ja
2025-12-31,213800LBQA1Y9L22JB70,Barclays Bank Ireland plc,Ireland,529900GGYMNGRQTDOO93,BNG Bank N.V.,Netherlands,0.4086,0.0000,0.0000,,8,France|United Kingdom|Germany,ja
2025-12-31,213800LBQA1Y9L22JB70,Barclays Bank Ireland plc,Ireland,529900GM944JT8YIRL63,Münchener Hypothekenbank eG,Germany,0.3697,0.0019,0.0084,0.2299,45,Luxembourg|Netherlands|France,ja
2025-12-31,213800LBQA1Y9L22JB70,Barclays Bank Ireland plc,Ireland,529900HEKOENJHPNN480,Kuntarahoitus Oyj,Finland,0.4191,0.0000,0.0000,,10,France|Netherlands|United Kingdom,ja
2025-12-31,213800LBQA1Y9L22JB70,Barclays Bank Ireland plc,Ireland,529900HNOAA1KXQJUQ27,"DZ BANK AG Deutsche Zentral-Genossenschaftsbank, Frankfurt am Main",Germany,0.5290,0.0064,0.0084,0.7692,56,France|United States|Netherlands,ja
2025-12-31,213800LBQA1Y9L22JB70,Barclays Bank Ireland plc,Ireland,529900IRBZTADXJB6757,flatexDEGIRO AG,Germany,0.4249,0.0015,0.0058,0.2644,43,Luxembourg|Spain|Netherlands,ja
2025-12-31,213800LBQA1Y9L22JB70,Barclays Bank Ireland plc,Ireland,529900JZTYE3W7WQH904,HASPA Finanzholding,Germany,0.5840,0.0000,0.0001,0.4685,24,France|Luxembourg|United States,ja
2025-12-31,213800LBQA1Y9L22JB70,Barclays Bank Ireland plc,Ireland,529900NNUPAGGOMPXZ31,Volkswagen Financial Services AG,Germany,0.4823,0.0000,0.0000,,12,France|Italy|Spain,ja
2025-12-31,213800LBQA1Y9L22JB70,Barclays Bank Ireland plc,Ireland,529900QYEJ2GYSWK1F08,RLB-Stmk Verbund eGen,Austria,0.5509,0.0000,0.0069,0.0034,30,France|Germany|Luxembourg,ja
2025-12-31,213800LBQA1Y9L22JB70,Barclays Bank Ireland plc,Ireland,529900RWC8ZYB066JF16,Bank of Valletta Plc,Malta,0.5732,0.0002,0.0058,0.0299,23,France|Germany|Spain,ja
2025-12-31,213800LBQA1Y9L22JB70,Barclays Bank Ireland plc,Ireland,529900SXEWPJ1MRRX537,Raiffeisen-Holding Niederösterreich-Wien registrierte Genossenschaft mit beschränkter Haftung,Austria,0.4359,0.0004,0.0044,0.0920,37,Germany|Luxembourg|France,ja
2025-12-31,213800LBQA1Y9L22JB70,Barclays Bank Ireland plc,Ireland,529900UIRB65OY6U4B21,Lombard Bank Malta plc,Malta,0.3538,0.0005,0.0084,0.0654,17,United States|Germany|Netherlands,ja
2025-12-31,213800LBQA1Y9L22JB70,Barclays Bank Ireland plc,Ireland,529900UKZBMDBDZIXD62,Addiko Bank d.d.,Croatia,0.3890,0.0001,0.0066,0.0182,33,Germany|United States|Italy,ja
2025-12-31,213800LBQA1Y9L22JB70,Barclays Bank Ireland plc,Ireland,529900XSTAE561178282,Raiffeisenbankengruppe OÖ Verbund eGen,Austria,0.3054,0.0037,0.0084,0.4358,48,Germany|Luxembourg|France,ja
2025-12-31,213800LBQA1Y9L22JB70,Barclays Bank Ireland plc,Ireland,5493002DPKDEC2JN1Y86,Sparekassen Sjælland-Fyn A/S,Denmark,0.3199,0.0000,0.0084,0.0010,12,Luxembourg|Italy|Germany,ja
2025-12-31,213800LBQA1Y9L22JB70,Barclays Bank Ireland plc,Ireland,54930053HGCFWVHYZX42,Bank of China (Europe) S.A,Luxembourg,0.3770,0.0035,0.0084,0.4222,25,Netherlands|Spain|United States,ja
2025-12-31,213800LBQA1Y9L22JB70,Barclays Bank Ireland plc,Ireland,54930060Q00W1SRIUI57,vdk bank,Belgium,0.4881,0.0032,0.0084,0.3826,21,France|United States|Netherlands,ja
2025-12-31,213800LBQA1Y9L22JB70,Barclays Bank Ireland plc,Ireland,5493006QMFDDMYWIAM13,"Banco Santander, S.A.",Spain,0.4522,0.0060,0.0084,0.7185,57,Germany|United States|France,ja
2025-12-31,213800LBQA1Y9L22JB70,Barclays Bank Ireland plc,Ireland,5493007BWYDPQZLZ0Y27,HYPO NOE Landesbank für Niederösterreich und Wien AG,Austria,0.4577,0.0002,0.0003,0.5427,23,Germany|France|Netherlands,ja
2025-12-31,213800LBQA1Y9L22JB70,Barclays Bank Ireland plc,Ireland,549300DYPOFMXOR7XM56,Crelan,Belgium,0.6145,0.0037,0.0084,0.4366,47,France|Germany|Luxembourg,ja
2025-12-31,213800LBQA1Y9L22JB70,Barclays Bank Ireland plc,Ireland,549300GDPG70E3MBBU98,KfW Beteiligungsholding GmbH,Germany,0.4723,0.0054,0.0084,0.6414,46,United States|Netherlands|France,ja
2025-12-31,213800LBQA1Y9L22JB70,Barclays Bank Ireland plc,Ireland,549300GKFG0RYRRQ1414,DNB BANK ASA,Norway,0.3329,0.0001,0.0060,0.0146,23,United States|Luxembourg|United Kingdom,ja
2025-12-31,213800LBQA1Y9L22JB70,Barclays Bank Ireland plc,Ireland,549300IQZVZ949N37S44,Euroclear Holding,Belgium,0.3965,0.0024,0.0084,0.2919,42,France|Spain|United Kingdom,ja
2025-12-31,213800LBQA1Y9L22JB70,Barclays Bank Ireland plc,Ireland,549300L7YCATGO57ZE10,FINECOBANK BANCA FINECO S.P.A. (IN BREVE FINECOBANK S.P.A. OVVERO BANCA FINECO S.P.A. OVVERO FINECO BANCA S.P.A.),Italy,0.6000,0.0030,0.0084,0.3572,55,France|United States|Germany,ja
2025-12-31,213800LBQA1Y9L22JB70,Barclays Bank Ireland plc,Ireland,549300LYFYVPUCG6SY25,"Banco Cooperativo Español, S.A.",Spain,0.5841,0.0000,0.0000,,12,France|Germany|Luxembourg,ja
2025-12-31,213800LBQA1Y9L22JB70,Barclays Bank Ireland plc,Ireland,549300NYKK9MWM7GGW15,ING Groep N.V.,Netherlands,0.4809,0.0072,0.0084,0.8604,57,Germany|United States|Spain,ja
2025-12-31,213800LBQA1Y9L22JB70,Barclays Bank Ireland plc,Ireland,549300O3WME82RDPEN66,Swissquote Bank Europe S.A,Luxembourg,0.3411,0.0000,0.0000,,8,France|United Kingdom|Germany,ja
2025-12-31,213800LBQA1Y9L22JB70,Barclays Bank Ireland plc,Ireland,549300Q3OIWRHQUQM052,SpareBank 1 Sør-Norge,Norway,0.4675,0.0005,0.0014,0.3235,21,France|Germany|Netherlands,ja
2025-12-31,213800LBQA1Y9L22JB70,Barclays Bank Ireland plc,Ireland,549300RG3H390KEL8896,Banca Transilvania,Romania,0.4886,0.0014,0.0084,0.1670,39,France|Luxembourg|United States,ja
2025-12-31,213800LBQA1Y9L22JB70,Barclays Bank Ireland plc,Ireland,549300TEJKOLFN65KR76,BNF Bank plc,Malta,0.4804,0.0000,0.0084,0.0015,15,France|Luxembourg|United States,ja
2025-12-31,213800LBQA1Y9L22JB70,Barclays Bank Ireland plc,Ireland,549300TK038P6EV4YU51,AB Artea bankas,Lithuania,0.3545,0.0000,0.0000,,6,France|United States|Netherlands,ja
2025-12-31,213800LBQA1Y9L22JB70,Barclays Bank Ireland plc,Ireland,549300TL5406IC1XKD09,Saxo Bank A/S,Denmark,0.3690,0.0027,0.0084,0.3206,44,Luxembourg|Germany|Netherlands,ja
2025-12-31,213800LBQA1Y9L22JB70,Barclays Bank Ireland plc,Ireland,549300TRUWO2CD2G5692,"UNICREDIT, SOCIETA' PER AZIONI",Italy,0.3594,0.0019,0.0084,0.2253,55,Germany|France|United Kingdom,ja
2025-12-31,213800LBQA1Y9L22JB70,Barclays Bank Ireland plc,Ireland,635400AKJBGNS5WNQL34,AIB Group plc,Ireland,0.3484,0.0018,0.0084,0.2184,53,United States|France|United Kingdom,nein
2025-12-31,213800LBQA1Y9L22JB70,Barclays Bank Ireland plc,Ireland,635400F6HLXKXNJJX605,EXIM BANCA ROMANEASCA S.A.,Romania,0.4059,0.0000,0.0000,0.1843,25,Germany|France|Italy,ja
2025-12-31,213800LBQA1Y9L22JB70,Barclays Bank Ireland plc,Ireland,636700HER4JIK7GZUN17,Klarna - Grupp,Sweden,0.3677,0.0000,0.0000,,6,Germany|United States|Netherlands,ja
2025-12-31,213800LBQA1Y9L22JB70,Barclays Bank Ireland plc,Ireland,6SHGI4ZSSLCXXQSBB395,Citigroup Global Markets Europe AG,Germany,0.3237,0.0007,0.0052,0.1283,42,France|Netherlands|United Kingdom,ja
2025-12-31,213800LBQA1Y9L22JB70,Barclays Bank Ireland plc,Ireland,724500A1FNICHSDF2I11,ASN Bank N.V.,Netherlands,0.6433,0.0000,0.0000,,13,France|Germany|Luxembourg,ja
2025-12-31,213800LBQA1Y9L22JB70,Barclays Bank Ireland plc,Ireland,724500SF1CI8OD5AHI07,HCBG Holding B.V.,Netherlands,0.4212,0.0005,0.0084,0.0646,21,Germany|Spain|France,ja
2025-12-31,213800LBQA1Y9L22JB70,Barclays Bank Ireland plc,Ireland,7437003B5WFBOIEFY714,OP Osuuskunta,Finland,0.4149,0.0001,0.0002,0.5953,23,Germany|France|Netherlands,ja
2025-12-31,213800LBQA1Y9L22JB70,Barclays Bank Ireland plc,Ireland,7437005892K69S3MW344,Säästöpankkiliitto osk,Finland,0.4566,0.0000,0.0023,0.0036,15,France|Luxembourg|Germany,ja
2025-12-31,213800LBQA1Y9L22JB70,Barclays Bank Ireland plc,Ireland,743700GC62JLHFBUND16,Aktia Bank Abp,Finland,0.4963,0.0001,0.0084,0.0073,21,France|Germany|Netherlands,ja
2025-12-31,213800LBQA1Y9L22JB70,Barclays Bank Ireland plc,Ireland,743700PW2HDTPU3YRJ31,POP Pankkikeskus osk,Finland,0.3527,0.0000,0.0006,0.0147,15,France|Germany|Sweden,ja
2025-12-31,213800LBQA1Y9L22JB70,Barclays Bank Ireland plc,Ireland,7CUNS533WID6K7DGFI87,"CaixaBank, S.A.",Spain,0.3722,0.0066,0.0084,0.7934,57,Germany|France|United States,ja
2025-12-31,213800LBQA1Y9L22JB70,Barclays Bank Ireland plc,Ireland,7LTWFZYICNSX8D621K86,DEUTSCHE BANK AKTIENGESELLSCHAFT,Germany,0.4323,0.0074,0.0084,0.8870,52,United States|Italy|Luxembourg,ja
2025-12-31,213800LBQA1Y9L22JB70,Barclays Bank Ireland plc,Ireland,8156003D79D064FB5360,CASSA LOMBARDA - S.P.A.,Italy,0.4885,0.0000,0.0084,0.0016,19,France|Germany|Spain,ja
2025-12-31,213800LBQA1Y9L22JB70,Barclays Bank Ireland plc,Ireland,8156005420362AE59184,BANCA IFIS S.P.A. (OVVERO IFIS BANCA S.P.A. O IN FORMA ABBREVIATA IFIS S.P.A.),Italy,0.5214,0.0042,0.0084,0.5015,43,France|Luxembourg|Germany,ja
2025-12-31,213800LBQA1Y9L22JB70,Barclays Bank Ireland plc,Ireland,81560062CEAE87A85C80,AREPO BP S.P.A.,Italy,0.3802,0.0011,0.0084,0.1309,18,Luxembourg|Netherlands|Spain,ja
2025-12-31,213800LBQA1Y9L22JB70,Barclays Bank Ireland plc,Ireland,81560087340FCB8D6D66,MEDIOCREDITO CENTRALE - BANCA DEL MEZZOGIORNO SPA,Italy,0.4300,0.0009,0.0084,0.1129,26,Luxembourg|Germany|United States,ja
2025-12-31,213800LBQA1Y9L22JB70,Barclays Bank Ireland plc,Ireland,815600AD83B2B6317788,CREDITO EMILIANO HOLDING SOCIETA' PER AZIONI,Italy,0.6482,0.0001,0.0007,0.0722,22,France|United States|Spain,ja
2025-12-31,213800LBQA1Y9L22JB70,Barclays Bank Ireland plc,Ireland,815600E4E6DCD2D25E30,BANCO BPM SOCIETA' PER AZIONI,Italy,0.6195,0.0003,0.0023,0.1349,25,France|Germany|Luxembourg,ja
2025-12-31,213800LBQA1Y9L22JB70,Barclays Bank Ireland plc,Ireland,8I5DZWZKVSZI1NUHU748,J.P. Morgan SE,Germany,0.6664,0.0060,0.0084,0.7203,56,France|United States|Luxembourg,ja
2025-12-31,213800LBQA1Y9L22JB70,Barclays Bank Ireland plc,Ireland,95980020140005220135,"Caja Rural de Granada, Sociedad Cooperativa de Crédito",Spain,0.5722,0.0000,0.0008,0.0030,16,France|Germany|Luxembourg,ja
2025-12-31,213800LBQA1Y9L22JB70,Barclays Bank Ireland plc,Ireland,95980020140005439549,"Caja Rural de Navarra, S. Coop. de Crédito",Spain,0.5493,0.0001,0.0063,0.0098,17,France|Germany|Netherlands,ja
2025-12-31,213800LBQA1Y9L22JB70,Barclays Bank Ireland plc,Ireland,95980020140005484654,"Caja Rural de Albacete, Ciudad Real y Cuenca, Sociedad Cooperativa de Crédito",Spain,0.5550,0.0000,0.0000,,10,France|Germany|Luxembourg,ja
2025-12-31,213800LBQA1Y9L22JB70,Barclays Bank Ireland plc,Ireland,95980020140005552166,"Eurocaja Rural, Sociedad Cooperativa de Crédito",Spain,0.5777,0.0017,0.0084,0.2029,26,France|Germany|Luxembourg,ja
2025-12-31,213800LBQA1Y9L22JB70,Barclays Bank Ireland plc,Ireland,95980020140005881190,Banco de Crédito Social Cooperativo,Spain,0.5431,0.0001,0.0045,0.0136,22,Germany|France|Luxembourg,ja
2025-12-31,213800LBQA1Y9L22JB70,Barclays Bank Ireland plc,Ireland,9598005U8TZQ8Q64SC71,LIBERTY PARTNERS S.L.U.,Spain,0.4529,0.0001,0.0084,0.0118,16,France|Luxembourg|Italy,ja
2025-12-31,213800LBQA1Y9L22JB70,Barclays Bank Ireland plc,Ireland,9695000CG7B84NLR5984,Confédération Nationale du Crédit Mutuel,France,0.4448,0.0014,0.0084,0.1724,35,Germany|Luxembourg|Netherlands,ja
2025-12-31,213800LBQA1Y9L22JB70,Barclays Bank Ireland plc,Ireland,9695005MSX1OYEMGDF46,Natixis,France,0.3991,0.0064,0.0084,0.7625,53,Luxembourg|United States|United Kingdom,ja
2025-12-31,213800LBQA1Y9L22JB70,Barclays Bank Ireland plc,Ireland,969500F7JLTX36OUI695,RCI Banque,France,0.4207,0.0005,0.0084,0.0561,18,Germany|Italy|Spain,ja
2025-12-31,213800LBQA1Y9L22JB70,Barclays Bank Ireland plc,Ireland,969500TJ5KRTCJQWXH05,CRÉDIT AGRICOLE AUTO BANK S.P.A.,Italy,0.5832,0.0000,0.0020,0.0000,21,France|Germany|Spain,ja
2025-12-31,213800LBQA1Y9L22JB70,Barclays Bank Ireland plc,Ireland,9DJT3UXIJIZJI4WXO774,Bank of America Europe Designated Activity Company,Ireland,0.6625,0.0064,0.0084,0.7680,48,France|Luxembourg|Germany,nein
2025-12-31,213800LBQA1Y9L22JB70,Barclays Bank Ireland plc,Ireland,A5GWLFH3KM7YV2SFQL84,Belfius Bank,Belgium,0.6575,0.0002,0.0084,0.0207,30,France|Luxembourg|Netherlands,ja
2025-12-31,213800LBQA1Y9L22JB70,Barclays Bank Ireland plc,Ireland,AT0000000000043000VB,VOLKSBANK WIEN AG VB,Austria,0.5611,0.0006,0.0047,0.1358,47,France|Germany|Netherlands,ja
2025-12-31,213800LBQA1Y9L22JB70,Barclays Bank Ireland plc,Ireland,B64D6Y3LBJS4ANNPCU93,NIBC Bank N.V.,Netherlands,0.4921,0.0000,0.0084,0.0010,14,Germany|France|Luxembourg,ja
2025-12-31,213800LBQA1Y9L22JB70,Barclays Bank Ireland plc,Ireland,BFXS5XCH7N0Y05NIXW11,ABN AMRO Bank N.V.,Netherlands,0.6179,0.0023,0.0084,0.2772,36,France|Germany|Luxembourg,ja
2025-12-31,213800LBQA1Y9L22JB70,Barclays Bank Ireland plc,Ireland,DG3RU1DBUFHT4ZF9WN62,Coöperatieve Rabobank U.A.,Netherlands,0.4050,0.0071,0.0084,0.8472,56,United States|Germany|France,ja
2025-12-31,213800LBQA1Y9L22JB70,Barclays Bank Ireland plc,Ireland,DIZES5CFO5K3I5R58746,Landesbank Hessen-Thüringen Girozentrale,Germany,0.5776,0.0059,0.0084,0.7018,53,France|United States|Luxembourg,ja
2025-12-31,213800LBQA1Y9L22JB70,Barclays Bank Ireland plc,Ireland,DSNHHQ2B9X5N6OUJ1236,Norddeutsche Landesbank - Girozentrale -,Germany,0.6128,0.0060,0.0084,0.7124,45,France|United States|Luxembourg,ja
2025-12-31,213800LBQA1Y9L22JB70,Barclays Bank Ireland plc,Ireland,DZZ47B9A52ZJ6LT6VV95,Deutsche Pfandbriefbank AG,Germany,0.6251,0.0019,0.0064,0.2999,22,France|United States|Spain,ja
2025-12-31,213800LBQA1Y9L22JB70,Barclays Bank Ireland plc,Ireland,FR9695005MSX1OYEMGDF,Groupe BPCE,France,0.3289,0.0004,0.0084,0.0497,23,Luxembourg|Germany|United Kingdom,ja
2025-12-31,213800LBQA1Y9L22JB70,Barclays Bank Ireland plc,Ireland,I7ETN0QQO2AHZZGHJ389,KOMMUNALBANKEN AS,Norway,0.4480,0.0000,0.0000,,6,France|Germany|Netherlands,ja
2025-12-31,213800LBQA1Y9L22JB70,Barclays Bank Ireland plc,Ireland,J4CP7MHCXR8DAQMKIL78,MEDIOBANCA - BANCA DI CREDITO FINANZIARIO S.P.A.,Italy,0.6220,0.0026,0.0084,0.3075,36,France|Luxembourg|Germany,ja
2025-12-31,213800LBQA1Y9L22JB70,Barclays Bank Ireland plc,Ireland,MLU0ZO3ML4LN2LL2TL39,HSBC Continental Europe,France,0.6157,0.0052,0.0084,0.6223,56,Germany|Luxembourg|Netherlands,ja
2025-12-31,213800LBQA1Y9L22JB70,Barclays Bank Ireland plc,Ireland,N747OI7JINV7RUUH6190,BPER Banca S.p.A.,Italy,0.7156,0.0006,0.0084,0.0696,26,France|Germany|Luxembourg,ja
2025-12-31,213800LBQA1Y9L22JB70,Barclays Bank Ireland plc,Ireland,NNVPP80YIZGEY2314M97,ICCREA BANCA S.P.A. - ISTITUTO CENTRALE DEL CREDITO COOPERATIVO (IN FORMA ABBREVIATA: ICCREA BANCA S.P.A.),Italy,0.5982,0.0000,0.0074,0.0011,19,France|Germany|Spain,ja
2025-12-31,213800LBQA1Y9L22JB70,Barclays Bank Ireland plc,Ireland,O2RNE8IBXP4R0TD8PU41,Société générale S.A.,France,0.4613,0.0004,0.0084,0.0498,48,Germany|Luxembourg|Netherlands,ja
2025-12-31,213800LBQA1Y9L22JB70,Barclays Bank Ireland plc,Ireland,P4GTT6GF1W40CVIMFR43,Powszechna Kasa Oszczednosci Bank Polski S.A.,Poland,0.4383,0.0017,0.0084,0.1989,54,Germany|Netherlands|France,ja
2025-12-31,213800LBQA1Y9L22JB70,Barclays Bank Ireland plc,Ireland,QLPCKOOKVX32FUELX240,Bank Polska Kasa Opieki S.A.,Poland,0.4515,0.0018,0.0084,0.2181,48,Luxembourg|Germany|Netherlands,ja
2025-12-31,213800LBQA1Y9L22JB70,Barclays Bank Ireland plc,Ireland,R0MUWSFPU8MPRO8K5P83,BNP Paribas,France,0.4252,0.0010,0.0084,0.1186,53,Germany|Luxembourg|Spain,ja
2025-12-31,213800LBQA1Y9L22JB70,Barclays Bank Ireland plc,Ireland,R7CQUF1DQM73HUTV1078,"Banque et Caisse d´Epargne de l´Etat, Luxembourg",Luxembourg,0.5570,0.0000,0.0047,0.0019,22,France|Germany|Netherlands,ja
2025-12-31,213800LBQA1Y9L22JB70,Barclays Bank Ireland plc,Ireland,TUKDD90GPC79G1KOE162,Hamburg Commercial Bank AG,Germany,0.5205,0.0024,0.0084,0.2830,32,Luxembourg|United States|France,ja
2025-12-31,213800LBQA1Y9L22JB70,Barclays Bank Ireland plc,Ireland,VDYMYTQGZZ6DU0912C88,Bayerische Landesbank,Germany,0.5306,0.0006,0.0041,0.1436,56,France|Luxembourg|Netherlands,ja
2025-12-31,213800LBQA1Y9L22JB70,Barclays Bank Ireland plc,Ireland,WFLLPEPC7FZXENRZV188,THE BANK OF NEW YORK MELLON,Belgium,0.4864,0.0014,0.0084,0.1725,35,Germany|Netherlands|Spain,ja
2025-12-31,213800RZWHE5EUX9R444,Luminor Holding AS,Estonia,5493007SWCCN9S3J2748,Bigbank AS,Estonia,0.8865,0.0000,0.0000,0.5345,22,Lithuania|Latvia|Finland,nein
2025-12-31,213800RZWHE5EUX9R444,Luminor Holding AS,Estonia,549300TK038P6EV4YU51,AB Artea bankas,Lithuania,0.3051,0.0000,0.0000,,7,Latvia|France|Netherlands,ja
2025-12-31,213800RZWHE5EUX9R444,Luminor Holding AS,Estonia,M312WZV08Y7LYUC71685,Swedbank - Grupp,Sweden,0.4701,0.0000,0.0001,0.0960,15,Lithuania|Latvia|Luxembourg,ja
2025-12-31,213800UIKMYZWWQS5E02,Revolut Holdings Europe UAB,Lithuania,254900NKYL22Y1SJAI75,FIMBank plc,Malta,0.3581,0.0000,0.0001,0.0119,20,France|Germany|Spain,ja
2025-12-31,213800UIKMYZWWQS5E02,Revolut Holdings Europe UAB,Lithuania,3H0Q3U74FVFED2SHZT16,MBH bankcsoport,Hungary,0.3773,0.0000,0.0001,0.0721,32,Romania|France|Germany,ja
2025-12-31,213800UIKMYZWWQS5E02,Revolut Holdings Europe UAB,Lithuania,5299003ONUYCE70HZ185,Banque Internationale à Luxembourg,Luxembourg,0.4455,0.0001,0.0001,0.9143,38,France|Germany|Spain,ja
2025-12-31,213800UIKMYZWWQS5E02,Revolut Holdings Europe UAB,Lithuania,5299005OACOC1C1OFJ11,Raiffeisen-Landesbank Tirol AG,Austria,0.3013,0.0000,0.0001,0.0012,25,France|Germany|United States,ja
2025-12-31,213800UIKMYZWWQS5E02,Revolut Holdings Europe UAB,Lithuania,529900BHRYZ464GFD289,GRENKE AG,Germany,0.3164,0.0000,0.0001,0.1933,27,Ireland|Italy|United Kingdom,ja
2025-12-31,213800UIKMYZWWQS5E02,Revolut Holdings Europe UAB,Lithuania,529900FEID5L4H2T2L70,Raiffeisen Landesbank Vorarlberg mit Revisionsverband eGen,Austria,0.3321,0.0000,0.0001,0.0012,15,France|Germany|Italy,ja
2025-12-31,213800UIKMYZWWQS5E02,Revolut Holdings Europe UAB,Lithuania,529900GGYMNGRQTDOO93,BNG Bank N.V.,Netherlands,0.3395,0.0000,0.0000,,9,France|Germany|Spain,ja
2025-12-31,213800UIKMYZWWQS5E02,Revolut Holdings Europe UAB,Lithuania,529900HNOAA1KXQJUQ27,"DZ BANK AG Deutsche Zentral-Genossenschaftsbank, Frankfurt am Main",Germany,0.3013,0.0001,0.0001,0.8227,35,France|United States|Canada,ja
2025-12-31,213800UIKMYZWWQS5E02,Revolut Holdings Europe UAB,Lithuania,529900JZTYE3W7WQH904,HASPA Finanzholding,Germany,0.3540,0.0000,0.0001,0.0206,23,France|United States|Poland,ja
2025-12-31,213800UIKMYZWWQS5E02,Revolut Holdings Europe UAB,Lithuania,529900NNUPAGGOMPXZ31,Volkswagen Financial Services AG,Germany,0.3650,0.0000,0.0000,,13,France|Poland|Spain,ja
2025-12-31,213800UIKMYZWWQS5E02,Revolut Holdings Europe UAB,Lithuania,529900QYEJ2GYSWK1F08,RLB-Stmk Verbund eGen,Austria,0.3375,0.0000,0.0001,0.0012,26,France|Germany|Canada,ja
2025-12-31,213800UIKMYZWWQS5E02,Revolut Holdings Europe UAB,Lithuania,529900RWC8ZYB066JF16,Bank of Valletta Plc,Malta,0.3965,0.0000,0.0001,0.0119,23,France|Germany|Spain,ja
2025-12-31,213800UIKMYZWWQS5E02,Revolut Holdings Europe UAB,Lithuania,529900SXEWPJ1MRRX537,Raiffeisen-Holding Niederösterreich-Wien registrierte Genossenschaft mit beschränkter Haftung,Austria,0.3285,0.0000,0.0001,0.1238,29,Poland|Germany|France,ja
2025-12-31,213800UIKMYZWWQS5E02,Revolut Holdings Europe UAB,Lithuania,54930053HGCFWVHYZX42,Bank of China (Europe) S.A,Luxembourg,0.3588,0.0000,0.0001,0.0119,22,Poland|Spain|Ireland,ja
2025-12-31,213800UIKMYZWWQS5E02,Revolut Holdings Europe UAB,Lithuania,5493006QMFDDMYWIAM13,"Banco Santander, S.A.",Spain,0.3081,0.0001,0.0001,0.8432,37,Germany|United States|France,ja
2025-12-31,213800UIKMYZWWQS5E02,Revolut Holdings Europe UAB,Lithuania,5493007BWYDPQZLZ0Y27,HYPO NOE Landesbank für Niederösterreich und Wien AG,Austria,0.3728,0.0001,0.0001,0.7412,25,France|Poland|Germany,ja
2025-12-31,213800UIKMYZWWQS5E02,Revolut Holdings Europe UAB,Lithuania,549300DYPOFMXOR7XM56,Crelan,Belgium,0.3392,0.0001,0.0001,0.9609,37,France|Germany|United Kingdom,ja
2025-12-31,213800UIKMYZWWQS5E02,Revolut Holdings Europe UAB,Lithuania,549300L7YCATGO57ZE10,FINECOBANK BANCA FINECO S.P.A. (IN BREVE FINECOBANK S.P.A. OVVERO BANCA FINECO S.P.A. OVVERO FINECO BANCA S.P.A.),Italy,0.5131,0.0001,0.0001,0.7475,33,France|Ireland|Germany,ja
2025-12-31,213800UIKMYZWWQS5E02,Revolut Holdings Europe UAB,Lithuania,549300LYFYVPUCG6SY25,"Banco Cooperativo Español, S.A.",Spain,0.4045,0.0000,0.0000,,13,France|Ireland|Germany,ja
2025-12-31,213800UIKMYZWWQS5E02,Revolut Holdings Europe UAB,Lithuania,549300NYKK9MWM7GGW15,ING Groep N.V.,Netherlands,0.3999,0.0001,0.0001,0.8104,41,Poland|Germany|United States,ja
2025-12-31,213800UIKMYZWWQS5E02,Revolut Holdings Europe UAB,Lithuania,549300RG3H390KEL8896,Banca Transilvania,Romania,0.3044,0.0000,0.0001,0.0487,31,France|United States|Spain,ja
2025-12-31,213800UIKMYZWWQS5E02,Revolut Holdings Europe UAB,Lithuania,549300TEJKOLFN65KR76,BNF Bank plc,Malta,0.3382,0.0000,0.0001,0.0119,16,France|United States|Ireland,ja
2025-12-31,213800UIKMYZWWQS5E02,Revolut Holdings Europe UAB,Lithuania,549300TTZTKBUFKWH890,The Cyprus Development Bank Public Company Ltd,Cyprus,0.3244,0.0000,0.0000,,5,Ireland|France|United Kingdom,ja
2025-12-31,213800UIKMYZWWQS5E02,Revolut Holdings Europe UAB,Lithuania,635400F6HLXKXNJJX605,EXIM BANCA ROMANEASCA S.A.,Romania,0.3784,0.0000,0.0000,0.0824,22,France|Poland|Germany,ja
2025-12-31,213800UIKMYZWWQS5E02,Revolut Holdings Europe UAB,Lithuania,724500A1FNICHSDF2I11,ASN Bank N.V.,Netherlands,0.3644,0.0000,0.0000,,13,France|Germany|Spain,ja
2025-12-31,213800UIKMYZWWQS5E02,Revolut Holdings Europe UAB,Lithuania,724500SF1CI8OD5AHI07,HCBG Holding B.V.,Netherlands,0.4125,0.0001,0.0001,0.7412,23,Romania|Germany|Spain,ja
2025-12-31,213800UIKMYZWWQS5E02,Revolut Holdings Europe UAB,Lithuania,7437005892K69S3MW344,Säästöpankkiliitto osk,Finland,0.3292,0.0000,0.0001,0.0119,16,France|Germany|Spain,ja
2025-12-31,213800UIKMYZWWQS5E02,Revolut Holdings Europe UAB,Lithuania,743700GC62JLHFBUND16,Aktia Bank Abp,Finland,0.3013,0.0000,0.0001,0.0119,23,France|Germany|Spain,ja
2025-12-31,213800UIKMYZWWQS5E02,Revolut Holdings Europe UAB,Lithuania,8156003D79D064FB5360,CASSA LOMBARDA - S.P.A.,Italy,0.3635,0.0000,0.0001,0.0119,18,France|Germany|Spain,ja
2025-12-31,213800UIKMYZWWQS5E02,Revolut Holdings Europe UAB,Lithuania,8156005420362AE59184,BANCA IFIS S.P.A. (OVVERO IFIS BANCA S.P.A. O IN FORMA ABBREVIATA IFIS S.P.A.),Italy,0.6055,0.0001,0.0001,0.7417,32,Ireland|France|Germany,ja
2025-12-31,213800UIKMYZWWQS5E02,Revolut Holdings Europe UAB,Lithuania,815600AD83B2B6317788,CREDITO EMILIANO HOLDING SOCIETA' PER AZIONI,Italy,0.4304,0.0000,0.0001,0.0000,24,France|United States|Spain,ja
2025-12-31,213800UIKMYZWWQS5E02,Revolut Holdings Europe UAB,Lithuania,815600E4E6DCD2D25E30,BANCO BPM SOCIETA' PER AZIONI,Italy,0.3624,0.0000,0.0001,0.0102,25,France|Germany|Spain,ja
2025-12-31,213800UIKMYZWWQS5E02,Revolut Holdings Europe UAB,Lithuania,8I5DZWZKVSZI1NUHU748,J.P. Morgan SE,Germany,0.3711,0.0001,0.0001,0.8841,35,France|United States|Spain,ja
2025-12-31,213800UIKMYZWWQS5E02,Revolut Holdings Europe UAB,Lithuania,95980020140005220135,"Caja Rural de Granada, Sociedad Cooperativa de Crédito",Spain,0.3499,0.0000,0.0001,0.0119,16,France|Germany|Ireland,ja
2025-12-31,213800UIKMYZWWQS5E02,Revolut Holdings Europe UAB,Lithuania,95980020140005439549,"Caja Rural de Navarra, S. Coop. de Crédito",Spain,0.3412,0.0000,0.0001,0.0119,19,France|Germany|Ireland,ja
2025-12-31,213800UIKMYZWWQS5E02,Revolut Holdings Europe UAB,Lithuania,95980020140005484654,"Caja Rural de Albacete, Ciudad Real y Cuenca, Sociedad Cooperativa de Crédito",Spain,0.3426,0.0000,0.0000,,11,France|Germany|United Kingdom,ja
2025-12-31,213800UIKMYZWWQS5E02,Revolut Holdings Europe UAB,Lithuania,95980020140005552166,"Eurocaja Rural, Sociedad Cooperativa de Crédito",Spain,0.3925,0.0000,0.0001,0.0000,19,France|Germany|United States,ja
2025-12-31,213800UIKMYZWWQS5E02,Revolut Holdings Europe UAB,Lithuania,969500TJ5KRTCJQWXH05,CRÉDIT AGRICOLE AUTO BANK S.P.A.,Italy,0.3961,0.0000,0.0001,0.0000,23,France|Germany|Spain,ja
2025-12-31,213800UIKMYZWWQS5E02,Revolut Holdings Europe UAB,Lithuania,9DJT3UXIJIZJI4WXO774,Bank of America Europe Designated Activity Company,Ireland,0.3390,0.0001,0.0001,0.7412,26,France|Germany|Spain,ja
2025-12-31,213800UIKMYZWWQS5E02,Revolut Holdings Europe UAB,Lithuania,A5GWLFH3KM7YV2SFQL84,Belfius Bank,Belgium,0.4570,0.0000,0.0001,0.0119,31,France|United States|Germany,ja
2025-12-31,213800UIKMYZWWQS5E02,Revolut Holdings Europe UAB,Lithuania,AT0000000000043000VB,VOLKSBANK WIEN AG VB,Austria,0.3756,0.0000,0.0001,0.1069,32,France|Germany|Canada,ja
2025-12-31,213800UIKMYZWWQS5E02,Revolut Holdings Europe UAB,Lithuania,B64D6Y3LBJS4ANNPCU93,NIBC Bank N.V.,Netherlands,0.3022,0.0000,0.0001,0.0119,15,France|Germany|Spain,ja
2025-12-31,213800UIKMYZWWQS5E02,Revolut Holdings Europe UAB,Lithuania,BFXS5XCH7N0Y05NIXW11,ABN AMRO Bank N.V.,Netherlands,0.3752,0.0000,0.0001,0.0119,29,France|Germany|United States,ja
2025-12-31,213800UIKMYZWWQS5E02,Revolut Holdings Europe UAB,Lithuania,DG3RU1DBUFHT4ZF9WN62,Coöperatieve Rabobank U.A.,Netherlands,0.3060,0.0001,0.0001,0.7595,36,United States|Germany|France,ja
2025-12-31,213800UIKMYZWWQS5E02,Revolut Holdings Europe UAB,Lithuania,DIZES5CFO5K3I5R58746,Landesbank Hessen-Thüringen Girozentrale,Germany,0.3736,0.0001,0.0001,0.6402,34,France|United States|Poland,ja
2025-12-31,213800UIKMYZWWQS5E02,Revolut Holdings Europe UAB,Lithuania,DSNHHQ2B9X5N6OUJ1236,Norddeutsche Landesbank - Girozentrale -,Germany,0.3786,0.0001,0.0001,0.7116,30,France|United States|Poland,ja
2025-12-31,213800UIKMYZWWQS5E02,Revolut Holdings Europe UAB,Lithuania,DZZ47B9A52ZJ6LT6VV95,Deutsche Pfandbriefbank AG,Germany,0.5174,0.0000,0.0001,0.0012,20,France|Poland|United States,ja
2025-12-31,213800UIKMYZWWQS5E02,Revolut Holdings Europe UAB,Lithuania,J4CP7MHCXR8DAQMKIL78,MEDIOBANCA - BANCA DI CREDITO FINANZIARIO S.P.A.,Italy,0.4310,0.0000,0.0001,0.0119,31,France|Germany|Spain,ja
2025-12-31,213800UIKMYZWWQS5E02,Revolut Holdings Europe UAB,Lithuania,MLU0ZO3ML4LN2LL2TL39,HSBC Continental Europe,France,0.3029,0.0001,0.0001,0.7428,34,Germany|United States|Spain,ja
2025-12-31,213800UIKMYZWWQS5E02,Revolut Holdings Europe UAB,Lithuania,N747OI7JINV7RUUH6190,BPER Banca S.p.A.,Italy,0.4032,0.0000,0.0001,0.0119,25,France|Germany|Spain,ja
2025-12-31,213800UIKMYZWWQS5E02,Revolut Holdings Europe UAB,Lithuania,NNVPP80YIZGEY2314M97,ICCREA BANCA S.P.A. - ISTITUTO CENTRALE DEL CREDITO COOPERATIVO (IN FORMA ABBREVIATA: ICCREA BANCA S.P.A.),Italy,0.4183,0.0000,0.0001,0.0119,23,France|Germany|Spain,ja
2025-12-31,213800UIKMYZWWQS5E02,Revolut Holdings Europe UAB,Lithuania,O2RNE8IBXP4R0TD8PU41,Société générale S.A.,France,0.3271,0.0000,0.0001,0.0055,34,Romania|Germany|Spain,ja
2025-12-31,213800UIKMYZWWQS5E02,Revolut Holdings Europe UAB,Lithuania,R7CQUF1DQM73HUTV1078,"Banque et Caisse d´Epargne de l´Etat, Luxembourg",Luxembourg,0.3618,0.0000,0.0001,0.0119,24,France|Germany|Ireland,ja
2025-12-31,213800UIKMYZWWQS5E02,Revolut Holdings Europe UAB,Lithuania,VDYMYTQGZZ6DU0912C88,Bayerische Landesbank,Germany,0.3835,0.0000,0.0001,0.3230,35,France|Poland|Ireland,ja
2025-12-31,213800UIKMYZWWQS5E02,Revolut Holdings Europe UAB,Lithuania,WFLLPEPC7FZXENRZV188,THE BANK OF NEW YORK MELLON,Belgium,0.3050,0.0000,0.0001,0.0030,23,Germany|Ireland|Spain,ja
2025-12-31,213800X3Q9LSAKRUWY91,"Československá obchodná banka, a.s.",Slovakia,315700E9POA724IWFP59,J&amp;T FINANCE GROUP SE,Czech,0.3822,0.0000,0.0019,0.0000,14,Czechia|Cyprus|Germany,ja
2025-12-31,213800X3Q9LSAKRUWY91,"Československá obchodná banka, a.s.",Slovakia,529900G3SW56SHYNPR95,Clearstream Banking S.A.,Luxembourg,0.3147,0.0000,0.0012,0.0000,8,United Kingdom|Germany|Belgium,ja
2025-12-31,213800X3Q9LSAKRUWY91,"Československá obchodná banka, a.s.",Slovakia,529900GGYMNGRQTDOO93,BNG Bank N.V.,Netherlands,0.3268,0.0000,0.0000,,6,United Kingdom|Germany|Austria,ja
2025-12-31,213800X3Q9LSAKRUWY91,"Československá obchodná banka, a.s.",Slovakia,529900NNUPAGGOMPXZ31,Volkswagen Financial Services AG,Germany,0.3647,0.0000,0.0000,,7,United Kingdom|Netherlands|Czechia,ja
2025-12-31,213800X3Q9LSAKRUWY91,"Československá obchodná banka, a.s.",Slovakia,529900RWC8ZYB066JF16,Bank of Valletta Plc,Malta,0.3152,0.0000,0.0019,0.0000,10,United Kingdom|Germany|Hungary,ja
2025-12-31,213800X3Q9LSAKRUWY91,"Československá obchodná banka, a.s.",Slovakia,529900UIRB65OY6U4B21,Lombard Bank Malta plc,Malta,0.3988,0.0000,0.0019,0.0000,9,United Kingdom|Germany|Netherlands,ja
2025-12-31,213800X3Q9LSAKRUWY91,"Československá obchodná banka, a.s.",Slovakia,5493006QMFDDMYWIAM13,"Banco Santander, S.A.",Spain,0.3546,0.0019,0.0019,1.0000,15,United Kingdom|Germany|United States,ja
2025-12-31,213800X3Q9LSAKRUWY91,"Československá obchodná banka, a.s.",Slovakia,549300L7YCATGO57ZE10,FINECOBANK BANCA FINECO S.P.A. (IN BREVE FINECOBANK S.P.A. OVVERO BANCA FINECO S.P.A. OVVERO FINECO BANCA S.P.A.),Italy,0.3337,0.0000,0.0019,0.0119,14,United Kingdom|Netherlands|Germany,ja
2025-12-31,213800X3Q9LSAKRUWY91,"Československá obchodná banka, a.s.",Slovakia,549300TRUWO2CD2G5692,"UNICREDIT, SOCIETA' PER AZIONI",Italy,0.3191,0.0005,0.0019,0.2798,14,Germany|Czechia|Austria,ja
2025-12-31,213800X3Q9LSAKRUWY91,"Československá obchodná banka, a.s.",Slovakia,549300TTZTKBUFKWH890,The Cyprus Development Bank Public Company Ltd,Cyprus,0.3054,0.0000,0.0000,,4,United Kingdom|Netherlands|Austria,ja
2025-12-31,213800X3Q9LSAKRUWY91,"Československá obchodná banka, a.s.",Slovakia,5967007LIEEXZX5PU005,Sparebanken Møre SPA,Norway,0.3169,0.0000,0.0019,0.0000,7,United Kingdom|Germany|United States,ja
2025-12-31,213800X3Q9LSAKRUWY91,"Československá obchodná banka, a.s.",Slovakia,635400AKJBGNS5WNQL34,AIB Group plc,Ireland,0.3061,0.0000,0.0019,0.0000,15,United Kingdom|Netherlands|United States,ja
2025-12-31,213800X3Q9LSAKRUWY91,"Československá obchodná banka, a.s.",Slovakia,724500973ODKK3IFQ447,Adyen N.V.,Netherlands,0.3036,0.0019,0.0019,1.0000,14,United Kingdom|United States|Belgium,ja
2025-12-31,213800X3Q9LSAKRUWY91,"Československá obchodná banka, a.s.",Slovakia,724500A1FNICHSDF2I11,ASN Bank N.V.,Netherlands,0.3206,0.0000,0.0000,,8,United Kingdom|Germany|Austria,ja
2025-12-31,213800X3Q9LSAKRUWY91,"Československá obchodná banka, a.s.",Slovakia,724500PMK2A2M1SQQ228,Triodos Bank N.V.,Netherlands,0.3230,0.0000,0.0001,0.0000,9,United Kingdom|Germany|Belgium,ja
2025-12-31,213800X3Q9LSAKRUWY91,"Československá obchodná banka, a.s.",Slovakia,784F5XWPLTWKTBV3E584,Goldman Sachs Bank Europe SE,Germany,0.3028,0.0000,0.0002,0.0000,9,United Kingdom|Netherlands|France,ja
2025-12-31,213800X3Q9LSAKRUWY91,"Československá obchodná banka, a.s.",Slovakia,81560087340FCB8D6D66,MEDIOCREDITO CENTRALE - BANCA DEL MEZZOGIORNO SPA,Italy,0.3416,0.0000,0.0019,0.0000,10,United Kingdom|Germany|United States,ja
2025-12-31,213800X3Q9LSAKRUWY91,"Československá obchodná banka, a.s.",Slovakia,815600E4E6DCD2D25E30,BANCO BPM SOCIETA' PER AZIONI,Italy,0.4091,0.0000,0.0019,0.0000,10,United Kingdom|Netherlands|Germany,ja
2025-12-31,213800X3Q9LSAKRUWY91,"Československá obchodná banka, a.s.",Slovakia,8I5DZWZKVSZI1NUHU748,J.P. Morgan SE,Germany,0.3362,0.0006,0.0019,0.2896,14,United Kingdom|Netherlands|United States,ja
2025-12-31,213800X3Q9LSAKRUWY91,"Československá obchodná banka, a.s.",Slovakia,95980020140005220135,"Caja Rural de Granada, Sociedad Cooperativa de Crédito",Spain,0.3944,0.0000,0.0008,0.0000,7,United Kingdom|Netherlands|Germany,ja
2025-12-31,213800X3Q9LSAKRUWY91,"Československá obchodná banka, a.s.",Slovakia,95980020140005881190,Banco de Crédito Social Cooperativo,Spain,0.3225,0.0000,0.0019,0.0000,10,United Kingdom|Netherlands|Germany,ja
2025-12-31,213800X3Q9LSAKRUWY91,"Československá obchodná banka, a.s.",Slovakia,969500TJ5KRTCJQWXH05,CRÉDIT AGRICOLE AUTO BANK S.P.A.,Italy,0.4151,0.0000,0.0019,0.0000,11,United Kingdom|Germany|Czechia,ja
2025-12-31,213800X3Q9LSAKRUWY91,"Československá obchodná banka, a.s.",Slovakia,9DJT3UXIJIZJI4WXO774,Bank of America Europe Designated Activity Company,Ireland,0.4255,0.0012,0.0019,0.6321,14,United Kingdom|Netherlands|Germany,ja
2025-12-31,213800X3Q9LSAKRUWY91,"Československá obchodná banka, a.s.",Slovakia,9ZHRYM6F437SQJ6OUG95,Raiffeisen Bank International AG,Austria,0.3440,0.0001,0.0019,0.0287,14,Czechia|Hungary|Germany,ja
2025-12-31,213800X3Q9LSAKRUWY91,"Československá obchodná banka, a.s.",Slovakia,A5GWLFH3KM7YV2SFQL84,Belfius Bank,Belgium,0.4219,0.0000,0.0019,0.0000,13,United Kingdom|Netherlands|Germany,ja
2025-12-31,213800X3Q9LSAKRUWY91,"Československá obchodná banka, a.s.",Slovakia,B64D6Y3LBJS4ANNPCU93,NIBC Bank N.V.,Netherlands,0.3273,0.0000,0.0019,0.0000,9,United Kingdom|Germany|Belgium,ja
2025-12-31,213800X3Q9LSAKRUWY91,"Československá obchodná banka, a.s.",Slovakia,BFXS5XCH7N0Y05NIXW11,ABN AMRO Bank N.V.,Netherlands,0.3560,0.0000,0.0019,0.0000,13,United Kingdom|Germany|United States,ja
2025-12-31,213800X3Q9LSAKRUWY91,"Československá obchodná banka, a.s.",Slovakia,DSNHHQ2B9X5N6OUJ1236,Norddeutsche Landesbank - Girozentrale -,Germany,0.3664,0.0019,0.0019,1.0000,14,United Kingdom|Netherlands|Austria,ja
2025-12-31,213800X3Q9LSAKRUWY91,"Československá obchodná banka, a.s.",Slovakia,DZZ47B9A52ZJ6LT6VV95,Deutsche Pfandbriefbank AG,Germany,0.3152,0.0000,0.0019,0.0000,12,United Kingdom|Netherlands|Austria,ja
2025-12-31,213800X3Q9LSAKRUWY91,"Československá obchodná banka, a.s.",Slovakia,J4CP7MHCXR8DAQMKIL78,MEDIOBANCA - BANCA DI CREDITO FINANZIARIO S.P.A.,Italy,0.4030,0.0019,0.0019,1.0000,14,United Kingdom|Netherlands|Germany,ja
2025-12-31,213800X3Q9LSAKRUWY91,"Československá obchodná banka, a.s.",Slovakia,MLU0ZO3ML4LN2LL2TL39,HSBC Continental Europe,France,0.3411,0.0013,0.0019,0.6556,14,Netherlands|United Kingdom|Germany,ja
2025-12-31,213800X3Q9LSAKRUWY91,"Československá obchodná banka, a.s.",Slovakia,N747OI7JINV7RUUH6190,BPER Banca S.p.A.,Italy,0.3077,0.0000,0.0019,0.0000,10,Netherlands|United Kingdom|Germany,ja
2025-12-31,213800X3Q9LSAKRUWY91,"Československá obchodná banka, a.s.",Slovakia,NHBDILHZTYCNBV5UYZ31,Svenska Handelsbanken - gruppen,Sweden,0.3495,0.0016,0.0019,0.8379,15,United Kingdom|Netherlands|United States,ja
2025-12-31,213800X3Q9LSAKRUWY91,"Československá obchodná banka, a.s.",Slovakia,O2RNE8IBXP4R0TD8PU41,Société générale S.A.,France,0.4870,0.0000,0.0019,0.0001,14,Czechia|United Kingdom|Germany,ja
2025-12-31,213800X3Q9LSAKRUWY91,"Československá obchodná banka, a.s.",Slovakia,P4GTT6GF1W40CVIMFR43,Powszechna Kasa Oszczednosci Bank Polski S.A.,Poland,0.4444,0.0000,0.0019,0.0001,14,Czechia|Netherlands|Germany,ja
2025-12-31,213800X3Q9LSAKRUWY91,"Československá obchodná banka, a.s.",Slovakia,PQOH26KWDF7CG10L6792,"Česká spořitelna, a.s.",Czech,0.3758,0.0000,0.0019,0.0238,15,Czechia|Austria|Hungary,ja
2025-12-31,213800X3Q9LSAKRUWY91,"Československá obchodná banka, a.s.",Slovakia,QLPCKOOKVX32FUELX240,Bank Polska Kasa Opieki S.A.,Poland,0.5156,0.0000,0.0019,0.0000,14,United Kingdom|Germany|Netherlands,ja
2025-12-31,213800X3Q9LSAKRUWY91,"Československá obchodná banka, a.s.",Slovakia,RRUN0TCQ1K2JDV7MXO75,Oberbank AG,Austria,0.4392,0.0005,0.0018,0.2617,14,Czechia|Hungary|Germany,ja
2025-12-31,213800X3Q9LSAKRUWY91,"Československá obchodná banka, a.s.",Slovakia,VDYMYTQGZZ6DU0912C88,Bayerische Landesbank,Germany,0.3641,0.0000,0.0019,0.0167,14,United Kingdom|Netherlands|Belgium,ja
2025-12-31,213800X3Q9LSAKRUWY91,"Československá obchodná banka, a.s.",Slovakia,WFLLPEPC7FZXENRZV188,THE BANK OF NEW YORK MELLON,Belgium,0.3811,0.0000,0.0019,0.0000,11,Netherlands|United Kingdom|Germany,ja
2025-12-31,254900NKYL22Y1SJAI75,FIMBank plc,Malta,5299003ONUYCE70HZ185,Banque Internationale à Luxembourg,Luxembourg,0.3828,0.0007,0.0622,0.0113,24,France|Germany|Spain,ja
2025-12-31,254900NKYL22Y1SJAI75,FIMBank plc,Malta,5299005OACOC1C1OFJ11,Raiffeisen-Landesbank Tirol AG,Austria,0.4216,0.0000,0.0007,0.0000,18,Germany|France|Sweden,ja
2025-12-31,254900NKYL22Y1SJAI75,FIMBank plc,Malta,5299007S3UH5RKUYDA52,DEUTSCHE APOTHEKER- UND ÄRZTEBANK EG,Germany,0.3013,0.0002,0.0016,0.1025,22,France|Luxembourg|Sweden,ja
2025-12-31,254900NKYL22Y1SJAI75,FIMBank plc,Malta,529900FEID5L4H2T2L70,Raiffeisen Landesbank Vorarlberg mit Revisionsverband eGen,Austria,0.3524,0.0000,0.0067,0.0000,10,Germany|France|Sweden,ja
2025-12-31,254900NKYL22Y1SJAI75,FIMBank plc,Malta,529900NNUPAGGOMPXZ31,Volkswagen Financial Services AG,Germany,0.4001,0.0000,0.0000,,10,France|Spain|Poland,ja
2025-12-31,254900NKYL22Y1SJAI75,FIMBank plc,Malta,529900QYEJ2GYSWK1F08,RLB-Stmk Verbund eGen,Austria,0.4329,0.0000,0.0069,0.0000,18,Germany|France|Luxembourg,ja
2025-12-31,254900NKYL22Y1SJAI75,FIMBank plc,Malta,529900RWC8ZYB066JF16,Bank of Valletta Plc,Malta,0.5502,0.0033,0.0058,0.5647,22,Germany|France|Spain,nein
2025-12-31,254900NKYL22Y1SJAI75,FIMBank plc,Malta,529900SXEWPJ1MRRX537,Raiffeisen-Holding Niederösterreich-Wien registrierte Genossenschaft mit beschränkter Haftung,Austria,0.3920,0.0000,0.0044,0.0007,22,Germany|Poland|France,ja
2025-12-31,254900NKYL22Y1SJAI75,FIMBank plc,Malta,529900XSTAE561178282,Raiffeisenbankengruppe OÖ Verbund eGen,Austria,0.3476,0.0008,0.0133,0.0635,25,Germany|Poland|Luxembourg,ja
2025-12-31,254900NKYL22Y1SJAI75,FIMBank plc,Malta,5493006QMFDDMYWIAM13,"Banco Santander, S.A.",Spain,0.3049,0.0041,0.0622,0.0667,24,Germany|France|Poland,ja
2025-12-31,254900NKYL22Y1SJAI75,FIMBank plc,Malta,5493007BWYDPQZLZ0Y27,HYPO NOE Landesbank für Niederösterreich und Wien AG,Austria,0.4843,0.0000,0.0003,0.0000,18,Germany|France|Poland,ja
2025-12-31,254900NKYL22Y1SJAI75,FIMBank plc,Malta,549300DYPOFMXOR7XM56,Crelan,Belgium,0.3862,0.0016,0.0244,0.0640,24,Germany|France|Luxembourg,ja
2025-12-31,254900NKYL22Y1SJAI75,FIMBank plc,Malta,549300IQZVZ949N37S44,Euroclear Holding,Belgium,0.3270,0.0039,0.0622,0.0619,17,France|Spain|United Kingdom,ja
2025-12-31,254900NKYL22Y1SJAI75,FIMBank plc,Malta,549300L7YCATGO57ZE10,FINECOBANK BANCA FINECO S.P.A. (IN BREVE FINECOBANK S.P.A. OVVERO BANCA FINECO S.P.A. OVVERO FINECO BANCA S.P.A.),Italy,0.3132,0.0003,0.0160,0.0180,24,France|Germany|United Kingdom,ja
2025-12-31,254900NKYL22Y1SJAI75,FIMBank plc,Malta,549300LYFYVPUCG6SY25,"Banco Cooperativo Español, S.A.",Spain,0.4152,0.0000,0.0000,,12,Germany|France|Luxembourg,ja
2025-12-31,254900NKYL22Y1SJAI75,FIMBank plc,Malta,549300NYKK9MWM7GGW15,ING Groep N.V.,Netherlands,0.4360,0.0020,0.0622,0.0314,25,Germany|Poland|Spain,ja
2025-12-31,254900NKYL22Y1SJAI75,FIMBank plc,Malta,549300Q3OIWRHQUQM052,SpareBank 1 Sør-Norge,Norway,0.3867,0.0000,0.0014,0.0000,13,Germany|France|Sweden,ja
2025-12-31,254900NKYL22Y1SJAI75,FIMBank plc,Malta,549300TRUWO2CD2G5692,"UNICREDIT, SOCIETA' PER AZIONI",Italy,0.3464,0.0000,0.0278,0.0014,25,Germany|France|United Kingdom,ja
2025-12-31,254900NKYL22Y1SJAI75,FIMBank plc,Malta,635400F6HLXKXNJJX605,EXIM BANCA ROMANEASCA S.A.,Romania,0.3952,0.0000,0.0000,0.0000,14,Germany|France|Poland,ja
2025-12-31,254900NKYL22Y1SJAI75,FIMBank plc,Malta,724500A1FNICHSDF2I11,ASN Bank N.V.,Netherlands,0.4489,0.0000,0.0000,,9,Germany|France|United Kingdom,ja
2025-12-31,254900NKYL22Y1SJAI75,FIMBank plc,Malta,724500PMK2A2M1SQQ228,Triodos Bank N.V.,Netherlands,0.3607,0.0000,0.0001,0.4279,12,Spain|Germany|France,ja
2025-12-31,254900NKYL22Y1SJAI75,FIMBank plc,Malta,724500SF1CI8OD5AHI07,HCBG Holding B.V.,Netherlands,0.4436,0.0000,0.0622,0.0000,16,Germany|Spain|France,ja
2025-12-31,254900NKYL22Y1SJAI75,FIMBank plc,Malta,7437003B5WFBOIEFY714,OP Osuuskunta,Finland,0.3747,0.0002,0.0002,1.0000,21,Germany|France|Sweden,ja
2025-12-31,254900NKYL22Y1SJAI75,FIMBank plc,Malta,7437005892K69S3MW344,Säästöpankkiliitto osk,Finland,0.3669,0.0023,0.0023,1.0000,15,France|Germany|Spain,ja
2025-12-31,254900NKYL22Y1SJAI75,FIMBank plc,Malta,743700GC62JLHFBUND16,Aktia Bank Abp,Finland,0.3931,0.0043,0.0415,0.1048,21,Germany|France|Spain,ja
2025-12-31,254900NKYL22Y1SJAI75,FIMBank plc,Malta,743700PW2HDTPU3YRJ31,POP Pankkikeskus osk,Finland,0.3127,0.0006,0.0006,1.0000,15,France|Germany|Sweden,ja
2025-12-31,254900NKYL22Y1SJAI75,FIMBank plc,Malta,8156003D79D064FB5360,CASSA LOMBARDA - S.P.A.,Italy,0.4537,0.0041,0.0137,0.2997,12,France|Spain|Germany,ja
2025-12-31,254900NKYL22Y1SJAI75,FIMBank plc,Malta,8156005420362AE59184,BANCA IFIS S.P.A. (OVVERO IFIS BANCA S.P.A. O IN FORMA ABBREVIATA IFIS S.P.A.),Italy,0.3813,0.0014,0.0622,0.0224,24,France|Germany|Poland,ja
2025-12-31,254900NKYL22Y1SJAI75,FIMBank plc,Malta,815600AD83B2B6317788,CREDITO EMILIANO HOLDING SOCIETA' PER AZIONI,Italy,0.4143,0.0007,0.0007,1.0000,21,France|Spain|United Kingdom,ja
2025-12-31,254900NKYL22Y1SJAI75,FIMBank plc,Malta,815600E4E6DCD2D25E30,BANCO BPM SOCIETA' PER AZIONI,Italy,0.4718,0.0014,0.0023,0.5820,23,Germany|France|Spain,ja
2025-12-31,254900NKYL22Y1SJAI75,FIMBank plc,Malta,8I5DZWZKVSZI1NUHU748,J.P. Morgan SE,Germany,0.3426,0.0025,0.0622,0.0401,23,France|Spain|United Kingdom,ja
2025-12-31,254900NKYL22Y1SJAI75,FIMBank plc,Malta,95980020140005220135,"Caja Rural de Granada, Sociedad Cooperativa de Crédito",Spain,0.3937,0.0000,0.0008,0.0030,16,Germany|France|United Kingdom,ja
2025-12-31,254900NKYL22Y1SJAI75,FIMBank plc,Malta,95980020140005439549,"Caja Rural de Navarra, S. Coop. de Crédito",Spain,0.3919,0.0012,0.0063,0.1877,18,France|Germany|Luxembourg,ja
2025-12-31,254900NKYL22Y1SJAI75,FIMBank plc,Malta,95980020140005484654,"Caja Rural de Albacete, Ciudad Real y Cuenca, Sociedad Cooperativa de Crédito",Spain,0.3604,0.0000,0.0000,,10,France|Germany|United Kingdom,ja
2025-12-31,254900NKYL22Y1SJAI75,FIMBank plc,Malta,95980020140005552166,"Eurocaja Rural, Sociedad Cooperativa de Crédito",Spain,0.3223,0.0005,0.0577,0.0083,13,France|Germany|Luxembourg,ja
2025-12-31,254900NKYL22Y1SJAI75,FIMBank plc,Malta,95980020140005881190,Banco de Crédito Social Cooperativo,Spain,0.4538,0.0045,0.0045,0.9997,21,Germany|France|United Kingdom,ja
2025-12-31,254900NKYL22Y1SJAI75,FIMBank plc,Malta,9695000CG7B84NLR5984,Confédération Nationale du Crédit Mutuel,France,0.3844,0.0015,0.0130,0.1170,23,Germany|Spain|United Kingdom,ja
2025-12-31,254900NKYL22Y1SJAI75,FIMBank plc,Malta,969500F7JLTX36OUI695,RCI Banque,France,0.3939,0.0011,0.0622,0.0175,12,Germany|Spain|United Kingdom,ja
2025-12-31,254900NKYL22Y1SJAI75,FIMBank plc,Malta,969500TJ5KRTCJQWXH05,CRÉDIT AGRICOLE AUTO BANK S.P.A.,Italy,0.5071,0.0000,0.0020,0.0000,15,Germany|France|Spain,ja
2025-12-31,254900NKYL22Y1SJAI75,FIMBank plc,Malta,9DJT3UXIJIZJI4WXO774,Bank of America Europe Designated Activity Company,Ireland,0.4133,0.0015,0.0622,0.0245,22,France|Germany|United Kingdom,ja
2025-12-31,254900NKYL22Y1SJAI75,FIMBank plc,Malta,A5GWLFH3KM7YV2SFQL84,Belfius Bank,Belgium,0.3311,0.0012,0.0128,0.0970,22,France|United Kingdom|Germany,ja
2025-12-31,254900NKYL22Y1SJAI75,FIMBank plc,Malta,AT0000000000043000VB,VOLKSBANK WIEN AG VB,Austria,0.4110,0.0002,0.0047,0.0347,23,Germany|France|Belgium,ja
2025-12-31,254900NKYL22Y1SJAI75,FIMBank plc,Malta,B64D6Y3LBJS4ANNPCU93,NIBC Bank N.V.,Netherlands,0.4834,0.0041,0.0170,0.2413,10,Germany|France|Spain,ja
2025-12-31,254900NKYL22Y1SJAI75,FIMBank plc,Malta,BFXS5XCH7N0Y05NIXW11,ABN AMRO Bank N.V.,Netherlands,0.4856,0.0015,0.0622,0.0238,24,Germany|France|United Kingdom,ja
2025-12-31,254900NKYL22Y1SJAI75,FIMBank plc,Malta,DIZES5CFO5K3I5R58746,Landesbank Hessen-Thüringen Girozentrale,Germany,0.3617,0.0020,0.0460,0.0436,24,France|Poland|United Kingdom,ja
2025-12-31,254900NKYL22Y1SJAI75,FIMBank plc,Malta,DSNHHQ2B9X5N6OUJ1236,Norddeutsche Landesbank - Girozentrale -,Germany,0.3287,0.0002,0.0596,0.0035,20,France|United Kingdom|Poland,ja
2025-12-31,254900NKYL22Y1SJAI75,FIMBank plc,Malta,DZZ47B9A52ZJ6LT6VV95,Deutsche Pfandbriefbank AG,Germany,0.3994,0.0000,0.0064,0.0000,13,France|Spain|Poland,ja
2025-12-31,254900NKYL22Y1SJAI75,FIMBank plc,Malta,I7ETN0QQO2AHZZGHJ389,KOMMUNALBANKEN AS,Norway,0.3463,0.0000,0.0000,,4,Germany|France|Sweden,ja
2025-12-31,254900NKYL22Y1SJAI75,FIMBank plc,Malta,J4CP7MHCXR8DAQMKIL78,MEDIOBANCA - BANCA DI CREDITO FINANZIARIO S.P.A.,Italy,0.4578,0.0014,0.0569,0.0254,23,France|Spain|Germany,ja
2025-12-31,254900NKYL22Y1SJAI75,FIMBank plc,Malta,MLU0ZO3ML4LN2LL2TL39,HSBC Continental Europe,France,0.3914,0.0023,0.0622,0.0363,24,Germany|Spain|United Kingdom,ja
2025-12-31,254900NKYL22Y1SJAI75,FIMBank plc,Malta,N747OI7JINV7RUUH6190,BPER Banca S.p.A.,Italy,0.5299,0.0037,0.0209,0.1766,24,Germany|France|Spain,ja
2025-12-31,254900NKYL22Y1SJAI75,FIMBank plc,Malta,NNVPP80YIZGEY2314M97,ICCREA BANCA S.P.A. - ISTITUTO CENTRALE DEL CREDITO COOPERATIVO (IN FORMA ABBREVIATA: ICCREA BANCA S.P.A.),Italy,0.5210,0.0041,0.0074,0.5516,18,Germany|France|Spain,ja
2025-12-31,254900NKYL22Y1SJAI75,FIMBank plc,Malta,O2RNE8IBXP4R0TD8PU41,Société générale S.A.,France,0.3662,0.0049,0.0264,0.1871,24,Germany|Spain|United Kingdom,ja
2025-12-31,254900NKYL22Y1SJAI75,FIMBank plc,Malta,P4GTT6GF1W40CVIMFR43,Powszechna Kasa Oszczednosci Bank Polski S.A.,Poland,0.3443,0.0011,0.0622,0.0176,24,Germany|France|Luxembourg,ja
2025-12-31,254900NKYL22Y1SJAI75,FIMBank plc,Malta,R0MUWSFPU8MPRO8K5P83,BNP Paribas,France,0.3724,0.0050,0.0108,0.4627,24,Germany|Poland|Spain,ja
2025-12-31,254900NKYL22Y1SJAI75,FIMBank plc,Malta,R7CQUF1DQM73HUTV1078,"Banque et Caisse d´Epargne de l´Etat, Luxembourg",Luxembourg,0.4628,0.0000,0.0047,0.0055,21,Germany|France|United Kingdom,ja
2025-12-31,254900NKYL22Y1SJAI75,FIMBank plc,Malta,VDYMYTQGZZ6DU0912C88,Bayerische Landesbank,Germany,0.3477,0.0001,0.0041,0.0179,24,France|Poland|United Kingdom,ja
2025-12-31,254900NKYL22Y1SJAI75,FIMBank plc,Malta,WFLLPEPC7FZXENRZV188,THE BANK OF NEW YORK MELLON,Belgium,0.3619,0.0042,0.0622,0.0681,16,Germany|Spain|United Kingdom,ja
2025-12-31,2W8N8UU78PMDQKZENC08,Intesa Sanpaolo S.p.A.,Italy,315700E9POA724IWFP59,J&amp;T FINANCE GROUP SE,Czech,0.3723,0.0003,0.0079,0.0342,36,Slovakia|Luxembourg|Germany,ja
2025-12-31,2W8N8UU78PMDQKZENC08,Intesa Sanpaolo S.p.A.,Italy,3H0Q3U74FVFED2SHZT16,MBH bankcsoport,Hungary,0.4203,0.0439,0.0714,0.6149,92,Croatia|United States|France,ja
2025-12-31,2W8N8UU78PMDQKZENC08,Intesa Sanpaolo S.p.A.,Italy,52990045V2BWJN669Q34,Wüstenrot Wohnungswirtschaft registrierte Genossenschaft mit beschränkter Haftung,Austria,0.3528,0.0001,0.0011,0.1257,25,Slovakia|France|Germany,ja
2025-12-31,2W8N8UU78PMDQKZENC08,Intesa Sanpaolo S.p.A.,Italy,5299007S3UH5RKUYDA52,DEUTSCHE APOTHEKER- UND ÄRZTEBANK EG,Germany,0.3299,0.0012,0.0016,0.7274,55,United States|France|Luxembourg,ja
2025-12-31,2W8N8UU78PMDQKZENC08,Intesa Sanpaolo S.p.A.,Italy,529900HNOAA1KXQJUQ27,"DZ BANK AG Deutsche Zentral-Genossenschaftsbank, Frankfurt am Main",Germany,0.4732,0.0526,0.1331,0.3955,120,United States|United Kingdom|France,ja
2025-12-31,2W8N8UU78PMDQKZENC08,Intesa Sanpaolo S.p.A.,Italy,529900JZTYE3W7WQH904,HASPA Finanzholding,Germany,0.3011,0.0001,0.0001,0.9671,28,United States|France|Luxembourg,ja
2025-12-31,2W8N8UU78PMDQKZENC08,Intesa Sanpaolo S.p.A.,Italy,529900SXEWPJ1MRRX537,Raiffeisen-Holding Niederösterreich-Wien registrierte Genossenschaft mit beschränkter Haftung,Austria,0.4049,0.0034,0.0044,0.7675,58,Slovakia|Luxembourg|France,ja
2025-12-31,2W8N8UU78PMDQKZENC08,Intesa Sanpaolo S.p.A.,Italy,54930060Q00W1SRIUI57,vdk bank,Belgium,0.3740,0.0109,0.0291,0.3759,28,United States|France|United Kingdom,ja
2025-12-31,2W8N8UU78PMDQKZENC08,Intesa Sanpaolo S.p.A.,Italy,5493006QMFDDMYWIAM13,"Banco Santander, S.A.",Spain,0.3297,0.0246,0.1331,0.1847,131,United States|United Kingdom|France,ja
2025-12-31,2W8N8UU78PMDQKZENC08,Intesa Sanpaolo S.p.A.,Italy,5493007BWYDPQZLZ0Y27,HYPO NOE Landesbank für Niederösterreich und Wien AG,Austria,0.3029,0.0002,0.0003,0.6491,28,France|Netherlands|Slovakia,ja
2025-12-31,2W8N8UU78PMDQKZENC08,Intesa Sanpaolo S.p.A.,Italy,549300GDPG70E3MBBU98,KfW Beteiligungsholding GmbH,Germany,0.4437,0.0439,0.1331,0.3294,71,United States|United Kingdom|France,ja
2025-12-31,2W8N8UU78PMDQKZENC08,Intesa Sanpaolo S.p.A.,Italy,549300GKFG0RYRRQ1414,DNB BANK ASA,Norway,0.3169,0.0003,0.0060,0.0542,28,United States|United Kingdom|Luxembourg,ja
2025-12-31,2W8N8UU78PMDQKZENC08,Intesa Sanpaolo S.p.A.,Italy,549300L7YCATGO57ZE10,FINECOBANK BANCA FINECO S.P.A. (IN BREVE FINECOBANK S.P.A. OVVERO BANCA FINECO S.P.A. OVVERO FINECO BANCA S.P.A.),Italy,0.3791,0.0088,0.0160,0.5529,128,United States|United Kingdom|France,nein
2025-12-31,2W8N8UU78PMDQKZENC08,Intesa Sanpaolo S.p.A.,Italy,549300NYKK9MWM7GGW15,ING Groep N.V.,Netherlands,0.4047,0.0420,0.0902,0.4659,147,United States|Luxembourg|Spain,ja
2025-12-31,2W8N8UU78PMDQKZENC08,Intesa Sanpaolo S.p.A.,Italy,549300RG3H390KEL8896,Banca Transilvania,Romania,0.3333,0.0108,0.1331,0.0811,81,United States|France|Luxembourg,ja
2025-12-31,2W8N8UU78PMDQKZENC08,Intesa Sanpaolo S.p.A.,Italy,549300TEJKOLFN65KR76,BNF Bank plc,Malta,0.3156,0.0001,0.0404,0.0031,17,United States|France|Luxembourg,ja
2025-12-31,2W8N8UU78PMDQKZENC08,Intesa Sanpaolo S.p.A.,Italy,549300TRUWO2CD2G5692,"UNICREDIT, SOCIETA' PER AZIONI",Italy,0.3638,0.0269,0.0278,0.9672,136,France|Germany|United Kingdom,nein
2025-12-31,2W8N8UU78PMDQKZENC08,Intesa Sanpaolo S.p.A.,Italy,635400AKJBGNS5WNQL34,AIB Group plc,Ireland,0.3316,0.0058,0.0353,0.1640,85,United States|United Kingdom|France,ja
2025-12-31,2W8N8UU78PMDQKZENC08,Intesa Sanpaolo S.p.A.,Italy,724500SF1CI8OD5AHI07,HCBG Holding B.V.,Netherlands,0.3457,0.0101,0.1331,0.0762,32,United Kingdom|France|United States,ja
2025-12-31,2W8N8UU78PMDQKZENC08,Intesa Sanpaolo S.p.A.,Italy,7CUNS533WID6K7DGFI87,"CaixaBank, S.A.",Spain,0.3367,0.0250,0.0555,0.4499,148,United Kingdom|France|United States,ja
2025-12-31,2W8N8UU78PMDQKZENC08,Intesa Sanpaolo S.p.A.,Italy,7LTWFZYICNSX8D621K86,DEUTSCHE BANK AKTIENGESELLSCHAFT,Germany,0.4182,0.0527,0.1331,0.3960,88,United States|United Kingdom|Luxembourg,ja
2025-12-31,2W8N8UU78PMDQKZENC08,Intesa Sanpaolo S.p.A.,Italy,8156005420362AE59184,BANCA IFIS S.P.A. (OVVERO IFIS BANCA S.P.A. O IN FORMA ABBREVIATA IFIS S.P.A.),Italy,0.3714,0.0233,0.0896,0.2600,90,France|Luxembourg|United States,nein
2025-12-31,2W8N8UU78PMDQKZENC08,Intesa Sanpaolo S.p.A.,Italy,81560087340FCB8D6D66,MEDIOCREDITO CENTRALE - BANCA DEL MEZZOGIORNO SPA,Italy,0.3114,0.0054,0.0261,0.2076,34,United States|United Kingdom|Luxembourg,nein
2025-12-31,2W8N8UU78PMDQKZENC08,Intesa Sanpaolo S.p.A.,Italy,815600AD83B2B6317788,CREDITO EMILIANO HOLDING SOCIETA' PER AZIONI,Italy,0.3804,0.0007,0.0007,1.0000,26,United States|United Kingdom|France,nein
2025-12-31,2W8N8UU78PMDQKZENC08,Intesa Sanpaolo S.p.A.,Italy,815600E4E6DCD2D25E30,BANCO BPM SOCIETA' PER AZIONI,Italy,0.3009,0.0021,0.0023,0.8935,35,United Kingdom|France|Luxembourg,nein
2025-12-31,2W8N8UU78PMDQKZENC08,Intesa Sanpaolo S.p.A.,Italy,8I5DZWZKVSZI1NUHU748,J.P. Morgan SE,Germany,0.4303,0.0295,0.1131,0.2609,97,United States|United Kingdom|France,ja
2025-12-31,2W8N8UU78PMDQKZENC08,Intesa Sanpaolo S.p.A.,Italy,9695005MSX1OYEMGDF46,Natixis,France,0.3712,0.0396,0.0781,0.5071,101,United States|Luxembourg|United Kingdom,ja
2025-12-31,2W8N8UU78PMDQKZENC08,Intesa Sanpaolo S.p.A.,Italy,9DJT3UXIJIZJI4WXO774,Bank of America Europe Designated Activity Company,Ireland,0.3626,0.0279,0.0753,0.3703,62,United Kingdom|France|Luxembourg,ja
2025-12-31,2W8N8UU78PMDQKZENC08,Intesa Sanpaolo S.p.A.,Italy,9ZHRYM6F437SQJ6OUG95,Raiffeisen Bank International AG,Austria,0.5319,0.0637,0.1331,0.4785,146,Slovakia|Croatia|Hungary,ja
2025-12-31,2W8N8UU78PMDQKZENC08,Intesa Sanpaolo S.p.A.,Italy,A5GWLFH3KM7YV2SFQL84,Belfius Bank,Belgium,0.3919,0.0043,0.0128,0.3320,37,United States|United Kingdom|France,ja
2025-12-31,2W8N8UU78PMDQKZENC08,Intesa Sanpaolo S.p.A.,Italy,BFXS5XCH7N0Y05NIXW11,ABN AMRO Bank N.V.,Netherlands,0.3254,0.0172,0.0868,0.1982,44,United States|United Kingdom|France,ja
2025-12-31,2W8N8UU78PMDQKZENC08,Intesa Sanpaolo S.p.A.,Italy,DG3RU1DBUFHT4ZF9WN62,Coöperatieve Rabobank U.A.,Netherlands,0.3935,0.0355,0.1331,0.2666,121,United States|United Kingdom|France,ja
2025-12-31,2W8N8UU78PMDQKZENC08,Intesa Sanpaolo S.p.A.,Italy,DIZES5CFO5K3I5R58746,Landesbank Hessen-Thüringen Girozentrale,Germany,0.4363,0.0315,0.0460,0.6845,119,United States|United Kingdom|France,ja
2025-12-31,2W8N8UU78PMDQKZENC08,Intesa Sanpaolo S.p.A.,Italy,DSNHHQ2B9X5N6OUJ1236,Norddeutsche Landesbank - Girozentrale -,Germany,0.4152,0.0140,0.0596,0.2344,65,United States|United Kingdom|France,ja
2025-12-31,2W8N8UU78PMDQKZENC08,Intesa Sanpaolo S.p.A.,Italy,DZZ47B9A52ZJ6LT6VV95,Deutsche Pfandbriefbank AG,Germany,0.3595,0.0019,0.0064,0.3005,26,United States|United Kingdom|France,ja
2025-12-31,2W8N8UU78PMDQKZENC08,Intesa Sanpaolo S.p.A.,Italy,J4CP7MHCXR8DAQMKIL78,MEDIOBANCA - BANCA DI CREDITO FINANZIARIO S.P.A.,Italy,0.3664,0.0051,0.0569,0.0900,48,United States|United Kingdom|France,nein
2025-12-31,2W8N8UU78PMDQKZENC08,Intesa Sanpaolo S.p.A.,Italy,KFUXYFTU2LHQFQZDQG45,Kereskedelmi és Hitelbank csoport,Hungary,0.3229,0.0004,0.0730,0.0055,29,Slovakia|Luxembourg|United Kingdom,ja
2025-12-31,2W8N8UU78PMDQKZENC08,Intesa Sanpaolo S.p.A.,Italy,MLU0ZO3ML4LN2LL2TL39,HSBC Continental Europe,France,0.3597,0.0142,0.1276,0.1115,90,United States|United Kingdom|Luxembourg,ja
2025-12-31,2W8N8UU78PMDQKZENC08,Intesa Sanpaolo S.p.A.,Italy,N747OI7JINV7RUUH6190,BPER Banca S.p.A.,Italy,0.3261,0.0081,0.0209,0.3896,37,United Kingdom|France|Luxembourg,nein
2025-12-31,2W8N8UU78PMDQKZENC08,Intesa Sanpaolo S.p.A.,Italy,O2RNE8IBXP4R0TD8PU41,Société générale S.A.,France,0.3101,0.0030,0.0264,0.1134,120,United Kingdom|Luxembourg|Netherlands,ja
2025-12-31,2W8N8UU78PMDQKZENC08,Intesa Sanpaolo S.p.A.,Italy,P4GTT6GF1W40CVIMFR43,Powszechna Kasa Oszczednosci Bank Polski S.A.,Poland,0.3252,0.0056,0.1331,0.0417,130,France|Luxembourg|Netherlands,ja
2025-12-31,2W8N8UU78PMDQKZENC08,Intesa Sanpaolo S.p.A.,Italy,QLPCKOOKVX32FUELX240,Bank Polska Kasa Opieki S.A.,Poland,0.4207,0.0083,0.0714,0.1160,109,Croatia|United Kingdom|Luxembourg,ja
2025-12-31,2W8N8UU78PMDQKZENC08,Intesa Sanpaolo S.p.A.,Italy,TUKDD90GPC79G1KOE162,Hamburg Commercial Bank AG,Germany,0.3779,0.0136,0.1331,0.1020,40,United States|United Kingdom|France,ja
2025-12-31,2W8N8UU78PMDQKZENC08,Intesa Sanpaolo S.p.A.,Italy,WFLLPEPC7FZXENRZV188,THE BANK OF NEW YORK MELLON,Belgium,0.3697,0.0181,0.0805,0.2252,56,Slovakia|United Kingdom|Netherlands,ja
2025-12-31,315700E9POA724IWFP59,J&amp;T FINANCE GROUP SE,Czech,52990045V2BWJN669Q34,Wüstenrot Wohnungswirtschaft registrierte Genossenschaft mit beschränkter Haftung,Austria,0.4550,0.0000,0.0011,0.0010,20,Slovakia|Germany|Netherlands,ja
2025-12-31,315700E9POA724IWFP59,J&amp;T FINANCE GROUP SE,Czech,9ZHRYM6F437SQJ6OUG95,Raiffeisen Bank International AG,Austria,0.6041,0.0012,0.0079,0.1548,36,Slovakia|Czechia|Germany,ja
2025-12-31,315700E9POA724IWFP59,J&amp;T FINANCE GROUP SE,Czech,I6USJ58BDV2BO5KP3C31,"MONETA Money Bank, a.s.",Czech,0.3295,0.0000,0.0079,0.0002,13,Czechia|Switzerland|Germany,nein
2025-12-31,315700E9POA724IWFP59,J&amp;T FINANCE GROUP SE,Czech,KFUXYFTU2LHQFQZDQG45,Kereskedelmi és Hitelbank csoport,Hungary,0.6128,0.0000,0.0079,0.0001,25,Slovakia|Czechia|Luxembourg,ja
2025-12-31,315700E9POA724IWFP59,J&amp;T FINANCE GROUP SE,Czech,O2RNE8IBXP4R0TD8PU41,Société générale S.A.,France,0.3253,0.0000,0.0079,0.0004,35,Czechia|Luxembourg|Germany,ja
2025-12-31,315700E9POA724IWFP59,J&amp;T FINANCE GROUP SE,Czech,P4GTT6GF1W40CVIMFR43,Powszechna Kasa Oszczednosci Bank Polski S.A.,Poland,0.3060,0.0079,0.0079,0.9996,35,Czechia|Luxembourg|Germany,ja
2025-12-31,315700E9POA724IWFP59,J&amp;T FINANCE GROUP SE,Czech,PQOH26KWDF7CG10L6792,"Česká spořitelna, a.s.",Czech,0.3954,0.0007,0.0079,0.0899,37,Czechia|Poland|Croatia,nein
2025-12-31,315700E9POA724IWFP59,J&amp;T FINANCE GROUP SE,Czech,RRUN0TCQ1K2JDV7MXO75,Oberbank AG,Austria,0.3432,0.0000,0.0018,0.0124,32,Czechia|Slovakia|Germany,ja
2025-12-31,315700LT2QPI1YMTC764,MDB Group Limited,Malta,391200EEGLNXBBCVKC73,Erwerbsgesellschaft der S-Finanzgruppe mbH & Co. KG,Germany,0.3659,0.0000,0.0000,,20,Netherlands|France|Belgium,ja
2025-12-31,315700LT2QPI1YMTC764,MDB Group Limited,Malta,5299003ONUYCE70HZ185,Banque Internationale à Luxembourg,Luxembourg,0.3229,0.0000,0.0000,,20,Belgium|France|Germany,ja
2025-12-31,315700LT2QPI1YMTC764,MDB Group Limited,Malta,5299005OACOC1C1OFJ11,Raiffeisen-Landesbank Tirol AG,Austria,0.3662,0.0000,0.0000,,19,Netherlands|France|Belgium,ja
2025-12-31,315700LT2QPI1YMTC764,MDB Group Limited,Malta,5299007S3UH5RKUYDA52,DEUTSCHE APOTHEKER- UND ÄRZTEBANK EG,Germany,0.3359,0.0000,0.0000,,19,Netherlands|Belgium|France,ja
2025-12-31,315700LT2QPI1YMTC764,MDB Group Limited,Malta,529900HEKOENJHPNN480,Kuntarahoitus Oyj,Finland,0.3020,0.0000,0.0000,,10,Belgium|Netherlands|France,ja
2025-12-31,315700LT2QPI1YMTC764,MDB Group Limited,Malta,529900HNOAA1KXQJUQ27,"DZ BANK AG Deutsche Zentral-Genossenschaftsbank, Frankfurt am Main",Germany,0.3032,0.0000,0.0000,,20,Netherlands|France|Austria,ja
2025-12-31,315700LT2QPI1YMTC764,MDB Group Limited,Malta,529900IRBZTADXJB6757,flatexDEGIRO AG,Germany,0.5605,0.0000,0.0000,,20,Netherlands|France|Belgium,ja
2025-12-31,315700LT2QPI1YMTC764,MDB Group Limited,Malta,54930053HGCFWVHYZX42,Bank of China (Europe) S.A,Luxembourg,0.3631,0.0000,0.0000,,19,Netherlands|Belgium|France,ja
2025-12-31,315700LT2QPI1YMTC764,MDB Group Limited,Malta,54930060Q00W1SRIUI57,vdk bank,Belgium,0.6973,0.0000,0.0000,,16,Netherlands|France|Germany,ja
2025-12-31,315700LT2QPI1YMTC764,MDB Group Limited,Malta,5493007BWYDPQZLZ0Y27,HYPO NOE Landesbank für Niederösterreich und Wien AG,Austria,0.4046,0.0000,0.0000,,19,Netherlands|France|Germany,ja
2025-12-31,315700LT2QPI1YMTC764,MDB Group Limited,Malta,5493008QOCP58OLEN998,Argenta Bank- en Verzekeringsgroep NV,Belgium,0.7150,0.0000,0.0000,,20,Netherlands|Germany|France,ja
2025-12-31,315700LT2QPI1YMTC764,MDB Group Limited,Malta,549300DYPOFMXOR7XM56,Crelan,Belgium,0.3283,0.0000,0.0000,,20,Netherlands|France|Germany,ja
2025-12-31,315700LT2QPI1YMTC764,MDB Group Limited,Malta,549300TEJKOLFN65KR76,BNF Bank plc,Malta,0.3132,0.0000,0.0000,,13,Netherlands|France|Germany,nein
2025-12-31,315700LT2QPI1YMTC764,MDB Group Limited,Malta,549300TL5406IC1XKD09,Saxo Bank A/S,Denmark,0.3829,0.0000,0.0000,,20,Belgium|Netherlands|Germany,ja
2025-12-31,315700LT2QPI1YMTC764,MDB Group Limited,Malta,549300TTZTKBUFKWH890,The Cyprus Development Bank Public Company Ltd,Cyprus,0.5190,0.0000,0.0000,,5,Netherlands|France|Austria,ja
2025-12-31,315700LT2QPI1YMTC764,MDB Group Limited,Malta,724500A1FNICHSDF2I11,ASN Bank N.V.,Netherlands,0.3280,0.0000,0.0000,,13,Belgium|France|Germany,ja
2025-12-31,315700LT2QPI1YMTC764,MDB Group Limited,Malta,815600E4E6DCD2D25E30,BANCO BPM SOCIETA' PER AZIONI,Italy,0.3351,0.0000,0.0000,,14,Netherlands|France|Belgium,ja
2025-12-31,315700LT2QPI1YMTC764,MDB Group Limited,Malta,95980020140005220135,"Caja Rural de Granada, Sociedad Cooperativa de Crédito",Spain,0.3893,0.0000,0.0000,,12,Netherlands|France|Germany,ja
2025-12-31,315700LT2QPI1YMTC764,MDB Group Limited,Malta,95980020140005439549,"Caja Rural de Navarra, S. Coop. de Crédito",Spain,0.4133,0.0000,0.0000,,12,Netherlands|France|Belgium,ja
2025-12-31,315700LT2QPI1YMTC764,MDB Group Limited,Malta,95980020140005484654,"Caja Rural de Albacete, Ciudad Real y Cuenca, Sociedad Cooperativa de Crédito",Spain,0.4923,0.0000,0.0000,,8,Netherlands|France|Germany,ja
2025-12-31,315700LT2QPI1YMTC764,MDB Group Limited,Malta,95980020140005552166,"Eurocaja Rural, Sociedad Cooperativa de Crédito",Spain,0.3342,0.0000,0.0000,,16,Netherlands|France|Belgium,ja
2025-12-31,315700LT2QPI1YMTC764,MDB Group Limited,Malta,9695000CG7B84NLR5984,Confédération Nationale du Crédit Mutuel,France,0.3061,0.0000,0.0000,,19,Belgium|Netherlands|Germany,ja
2025-12-31,315700LT2QPI1YMTC764,MDB Group Limited,Malta,969500STN7T9MRUMJ267,Bpifrance,France,0.7114,0.0000,0.0000,,17,Netherlands|United Kingdom|United States,ja
2025-12-31,315700LT2QPI1YMTC764,MDB Group Limited,Malta,A5GWLFH3KM7YV2SFQL84,Belfius Bank,Belgium,0.3249,0.0000,0.0000,,20,Netherlands|France|Germany,ja
2025-12-31,315700LT2QPI1YMTC764,MDB Group Limited,Malta,DSNHHQ2B9X5N6OUJ1236,Norddeutsche Landesbank - Girozentrale -,Germany,0.3105,0.0000,0.0000,,20,Netherlands|France|Austria,ja
2025-12-31,315700LT2QPI1YMTC764,MDB Group Limited,Malta,NNVPP80YIZGEY2314M97,ICCREA BANCA S.P.A. - ISTITUTO CENTRALE DEL CREDITO COOPERATIVO (IN FORMA ABBREVIATA: ICCREA BANCA S.P.A.),Italy,0.3951,0.0000,0.0000,,12,Netherlands|France|Germany,ja
2025-12-31,315700LT2QPI1YMTC764,MDB Group Limited,Malta,P4GTT6GF1W40CVIMFR43,Powszechna Kasa Oszczednosci Bank Polski S.A.,Poland,0.3019,0.0000,0.0000,,21,Netherlands|France|Germany,ja
2025-12-31,315700LT2QPI1YMTC764,MDB Group Limited,Malta,R7CQUF1DQM73HUTV1078,"Banque et Caisse d´Epargne de l´Etat, Luxembourg",Luxembourg,0.4341,0.0000,0.0000,,13,Netherlands|Belgium|France,ja
2025-12-31,315700LT2QPI1YMTC764,MDB Group Limited,Malta,VDYMYTQGZZ6DU0912C88,Bayerische Landesbank,Germany,0.3126,0.0000,0.0000,,20,Netherlands|France|Belgium,ja
2025-12-31,315700LT2QPI1YMTC764,MDB Group Limited,Malta,WFLLPEPC7FZXENRZV188,THE BANK OF NEW YORK MELLON,Belgium,0.3665,0.0000,0.0000,,19,Netherlands|Germany|France,ja
2025-12-31,391200EEGLNXBBCVKC73,Erwerbsgesellschaft der S-Finanzgruppe mbH & Co. KG,Germany,5299003H07ZT0Z5ZNN35,Wüstenrot Bausparkasse Aktiengesellschaft,Germany,0.6886,0.0006,0.0015,0.4249,47,Luxembourg|France|Netherlands,nein
2025-12-31,391200EEGLNXBBCVKC73,Erwerbsgesellschaft der S-Finanzgruppe mbH & Co. KG,Germany,5299003ONUYCE70HZ185,Banque Internationale à Luxembourg,Luxembourg,0.3559,0.0044,0.0095,0.4637,85,France|Netherlands|Belgium,ja
2025-12-31,391200EEGLNXBBCVKC73,Erwerbsgesellschaft der S-Finanzgruppe mbH & Co. KG,Germany,5299005OACOC1C1OFJ11,Raiffeisen-Landesbank Tirol AG,Austria,0.5166,0.0006,0.0007,0.8325,32,France|Netherlands|Sweden,ja
2025-12-31,391200EEGLNXBBCVKC73,Erwerbsgesellschaft der S-Finanzgruppe mbH & Co. KG,Germany,5299007S3UH5RKUYDA52,DEUTSCHE APOTHEKER- UND ÄRZTEBANK EG,Germany,0.6484,0.0004,0.0016,0.2393,56,France|Luxembourg|Sweden,nein
2025-12-31,391200EEGLNXBBCVKC73,Erwerbsgesellschaft der S-Finanzgruppe mbH & Co. KG,Germany,529900EKPN8EYA3AX590,Texim Bank AD,Bulgaria,0.3244,0.0006,0.0006,1.0000,11,Luxembourg|United States|Belgium,ja
2025-12-31,391200EEGLNXBBCVKC73,Erwerbsgesellschaft der S-Finanzgruppe mbH & Co. KG,Germany,529900FEID5L4H2T2L70,Raiffeisen Landesbank Vorarlberg mit Revisionsverband eGen,Austria,0.3182,0.0005,0.0067,0.0699,19,France|Netherlands|Norway,ja
2025-12-31,391200EEGLNXBBCVKC73,Erwerbsgesellschaft der S-Finanzgruppe mbH & Co. KG,Germany,529900GM944JT8YIRL63,Münchener Hypothekenbank eG,Germany,0.4358,0.0007,0.0095,0.0730,62,Luxembourg|Netherlands|France,nein
2025-12-31,391200EEGLNXBBCVKC73,Erwerbsgesellschaft der S-Finanzgruppe mbH & Co. KG,Germany,529900HEKOENJHPNN480,Kuntarahoitus Oyj,Finland,0.4531,0.0000,0.0000,,9,France|Sweden|Netherlands,ja
2025-12-31,391200EEGLNXBBCVKC73,Erwerbsgesellschaft der S-Finanzgruppe mbH & Co. KG,Germany,529900HNOAA1KXQJUQ27,"DZ BANK AG Deutsche Zentral-Genossenschaftsbank, Frankfurt am Main",Germany,0.4330,0.0076,0.0095,0.8023,117,France|Netherlands|Luxembourg,nein
2025-12-31,391200EEGLNXBBCVKC73,Erwerbsgesellschaft der S-Finanzgruppe mbH & Co. KG,Germany,529900IRBZTADXJB6757,flatexDEGIRO AG,Germany,0.4772,0.0017,0.0058,0.2879,71,Netherlands|Luxembourg|France,nein
2025-12-31,391200EEGLNXBBCVKC73,Erwerbsgesellschaft der S-Finanzgruppe mbH & Co. KG,Germany,529900JZTYE3W7WQH904,HASPA Finanzholding,Germany,0.6981,0.0001,0.0001,1.0000,28,Luxembourg|France|Netherlands,nein
2025-12-31,391200EEGLNXBBCVKC73,Erwerbsgesellschaft der S-Finanzgruppe mbH & Co. KG,Germany,529900NNUPAGGOMPXZ31,Volkswagen Financial Services AG,Germany,0.3732,0.0000,0.0000,,13,France|Netherlands|Sweden,nein
2025-12-31,391200EEGLNXBBCVKC73,Erwerbsgesellschaft der S-Finanzgruppe mbH & Co. KG,Germany,529900QYEJ2GYSWK1F08,RLB-Stmk Verbund eGen,Austria,0.4174,0.0000,0.0069,0.0005,35,France|Luxembourg|Sweden,ja
2025-12-31,391200EEGLNXBBCVKC73,Erwerbsgesellschaft der S-Finanzgruppe mbH & Co. KG,Germany,529900RWC8ZYB066JF16,Bank of Valletta Plc,Malta,0.3510,0.0017,0.0058,0.2888,27,France|Sweden|Netherlands,ja
2025-12-31,391200EEGLNXBBCVKC73,Erwerbsgesellschaft der S-Finanzgruppe mbH & Co. KG,Germany,5493002DPKDEC2JN1Y86,Sparekassen Sjælland-Fyn A/S,Denmark,0.3151,0.0000,0.0095,0.0004,12,Luxembourg|Sweden|Norway,ja
2025-12-31,391200EEGLNXBBCVKC73,Erwerbsgesellschaft der S-Finanzgruppe mbH & Co. KG,Germany,54930053HGCFWVHYZX42,Bank of China (Europe) S.A,Luxembourg,0.3664,0.0011,0.0095,0.1181,31,Netherlands|Sweden|Belgium,ja
2025-12-31,391200EEGLNXBBCVKC73,Erwerbsgesellschaft der S-Finanzgruppe mbH & Co. KG,Germany,54930060Q00W1SRIUI57,vdk bank,Belgium,0.4742,0.0012,0.0095,0.1232,27,Netherlands|France|Luxembourg,ja
2025-12-31,391200EEGLNXBBCVKC73,Erwerbsgesellschaft der S-Finanzgruppe mbH & Co. KG,Germany,5493007BWYDPQZLZ0Y27,HYPO NOE Landesbank für Niederösterreich und Wien AG,Austria,0.4454,0.0001,0.0003,0.2002,28,Netherlands|France|Norway,ja
2025-12-31,391200EEGLNXBBCVKC73,Erwerbsgesellschaft der S-Finanzgruppe mbH & Co. KG,Germany,549300DYPOFMXOR7XM56,Crelan,Belgium,0.5311,0.0037,0.0095,0.3878,91,France|Netherlands|Luxembourg,ja
2025-12-31,391200EEGLNXBBCVKC73,Erwerbsgesellschaft der S-Finanzgruppe mbH & Co. KG,Germany,549300GDPG70E3MBBU98,KfW Beteiligungsholding GmbH,Germany,0.3739,0.0051,0.0095,0.5391,72,Netherlands|France|Luxembourg,nein
2025-12-31,391200EEGLNXBBCVKC73,Erwerbsgesellschaft der S-Finanzgruppe mbH & Co. KG,Germany,549300GKFG0RYRRQ1414,DNB BANK ASA,Norway,0.3188,0.0001,0.0060,0.0129,27,Sweden|Luxembourg|Finland,ja
2025-12-31,391200EEGLNXBBCVKC73,Erwerbsgesellschaft der S-Finanzgruppe mbH & Co. KG,Germany,549300IQZVZ949N37S44,Euroclear Holding,Belgium,0.3679,0.0059,0.0095,0.6190,62,France|Sweden|United Kingdom,ja
2025-12-31,391200EEGLNXBBCVKC73,Erwerbsgesellschaft der S-Finanzgruppe mbH & Co. KG,Germany,549300L7YCATGO57ZE10,FINECOBANK BANCA FINECO S.P.A. (IN BREVE FINECOBANK S.P.A. OVVERO BANCA FINECO S.P.A. OVVERO FINECO BANCA S.P.A.),Italy,0.4052,0.0013,0.0095,0.1334,125,France|Netherlands|Luxembourg,ja
2025-12-31,391200EEGLNXBBCVKC73,Erwerbsgesellschaft der S-Finanzgruppe mbH & Co. KG,Germany,549300LYFYVPUCG6SY25,"Banco Cooperativo Español, S.A.",Spain,0.4397,0.0000,0.0000,,12,France|Netherlands|Luxembourg,ja
2025-12-31,391200EEGLNXBBCVKC73,Erwerbsgesellschaft der S-Finanzgruppe mbH & Co. KG,Germany,549300Q3OIWRHQUQM052,SpareBank 1 Sør-Norge,Norway,0.4902,0.0004,0.0014,0.2549,24,France|Netherlands|Sweden,ja
2025-12-31,391200EEGLNXBBCVKC73,Erwerbsgesellschaft der S-Finanzgruppe mbH & Co. KG,Germany,549300TEJKOLFN65KR76,BNF Bank plc,Malta,0.6928,0.0001,0.0095,0.0082,17,Luxembourg|Netherlands|France,ja
2025-12-31,391200EEGLNXBBCVKC73,Erwerbsgesellschaft der S-Finanzgruppe mbH & Co. KG,Germany,549300TL5406IC1XKD09,Saxo Bank A/S,Denmark,0.4488,0.0045,0.0095,0.4752,59,Netherlands|Luxembourg|Finland,ja
2025-12-31,391200EEGLNXBBCVKC73,Erwerbsgesellschaft der S-Finanzgruppe mbH & Co. KG,Germany,549300TTZTKBUFKWH890,The Cyprus Development Bank Public Company Ltd,Cyprus,0.3630,0.0000,0.0000,,5,Netherlands|France|United Kingdom,ja
2025-12-31,391200EEGLNXBBCVKC73,Erwerbsgesellschaft der S-Finanzgruppe mbH & Co. KG,Germany,724500A1FNICHSDF2I11,ASN Bank N.V.,Netherlands,0.4272,0.0000,0.0000,,12,France|Luxembourg|Norway,ja
2025-12-31,391200EEGLNXBBCVKC73,Erwerbsgesellschaft der S-Finanzgruppe mbH & Co. KG,Germany,7437003B5WFBOIEFY714,OP Osuuskunta,Finland,0.3815,0.0001,0.0002,0.4333,24,France|Sweden|Netherlands,ja
2025-12-31,391200EEGLNXBBCVKC73,Erwerbsgesellschaft der S-Finanzgruppe mbH & Co. KG,Germany,7437005892K69S3MW344,Säästöpankkiliitto osk,Finland,0.4117,0.0000,0.0023,0.0013,16,France|Sweden|Luxembourg,ja
2025-12-31,391200EEGLNXBBCVKC73,Erwerbsgesellschaft der S-Finanzgruppe mbH & Co. KG,Germany,743700FTBNXAUN57RH30,S-Pankki Oyj,Finland,0.3116,0.0010,0.0036,0.2692,16,Netherlands|Sweden|Norway,ja
2025-12-31,391200EEGLNXBBCVKC73,Erwerbsgesellschaft der S-Finanzgruppe mbH & Co. KG,Germany,743700GC62JLHFBUND16,Aktia Bank Abp,Finland,0.4190,0.0001,0.0095,0.0096,26,France|Netherlands|Sweden,ja
2025-12-31,391200EEGLNXBBCVKC73,Erwerbsgesellschaft der S-Finanzgruppe mbH & Co. KG,Germany,743700PW2HDTPU3YRJ31,POP Pankkikeskus osk,Finland,0.3441,0.0000,0.0006,0.0054,17,France|Sweden|Norway,ja
2025-12-31,391200EEGLNXBBCVKC73,Erwerbsgesellschaft der S-Finanzgruppe mbH & Co. KG,Germany,8156003D79D064FB5360,CASSA LOMBARDA - S.P.A.,Italy,0.3548,0.0000,0.0095,0.0008,18,France|Finland|Norway,ja
2025-12-31,391200EEGLNXBBCVKC73,Erwerbsgesellschaft der S-Finanzgruppe mbH & Co. KG,Germany,8156005420362AE59184,BANCA IFIS S.P.A. (OVVERO IFIS BANCA S.P.A. O IN FORMA ABBREVIATA IFIS S.P.A.),Italy,0.3974,0.0026,0.0095,0.2712,88,France|Luxembourg|United States,ja
2025-12-31,391200EEGLNXBBCVKC73,Erwerbsgesellschaft der S-Finanzgruppe mbH & Co. KG,Germany,81560062CEAE87A85C80,AREPO BP S.P.A.,Italy,0.5245,0.0012,0.0095,0.1250,18,Luxembourg|Netherlands|France,ja
2025-12-31,391200EEGLNXBBCVKC73,Erwerbsgesellschaft der S-Finanzgruppe mbH & Co. KG,Germany,81560087340FCB8D6D66,MEDIOCREDITO CENTRALE - BANCA DEL MEZZOGIORNO SPA,Italy,0.4277,0.0033,0.0095,0.3453,32,Luxembourg|France|United States,ja
2025-12-31,391200EEGLNXBBCVKC73,Erwerbsgesellschaft der S-Finanzgruppe mbH & Co. KG,Germany,815600AD83B2B6317788,CREDITO EMILIANO HOLDING SOCIETA' PER AZIONI,Italy,0.4375,0.0000,0.0007,0.0657,25,France|Netherlands|Luxembourg,ja
2025-12-31,391200EEGLNXBBCVKC73,Erwerbsgesellschaft der S-Finanzgruppe mbH & Co. KG,Germany,815600E4E6DCD2D25E30,BANCO BPM SOCIETA' PER AZIONI,Italy,0.6083,0.0004,0.0023,0.1826,34,Luxembourg|France|Netherlands,ja
2025-12-31,391200EEGLNXBBCVKC73,Erwerbsgesellschaft der S-Finanzgruppe mbH & Co. KG,Germany,8I5DZWZKVSZI1NUHU748,J.P. Morgan SE,Germany,0.5106,0.0079,0.0095,0.8299,89,France|Netherlands|Luxembourg,nein
2025-12-31,391200EEGLNXBBCVKC73,Erwerbsgesellschaft der S-Finanzgruppe mbH & Co. KG,Germany,95980020140005220135,"Caja Rural de Granada, Sociedad Cooperativa de Crédito",Spain,0.5132,0.0008,0.0008,1.0000,17,France|Netherlands|Luxembourg,ja
2025-12-31,391200EEGLNXBBCVKC73,Erwerbsgesellschaft der S-Finanzgruppe mbH & Co. KG,Germany,95980020140005439549,"Caja Rural de Navarra, S. Coop. de Crédito",Spain,0.5221,0.0001,0.0063,0.0081,19,France|Netherlands|Luxembourg,ja
2025-12-31,391200EEGLNXBBCVKC73,Erwerbsgesellschaft der S-Finanzgruppe mbH & Co. KG,Germany,95980020140005484654,"Caja Rural de Albacete, Ciudad Real y Cuenca, Sociedad Cooperativa de Crédito",Spain,0.5051,0.0000,0.0000,,10,France|Netherlands|Luxembourg,ja
2025-12-31,391200EEGLNXBBCVKC73,Erwerbsgesellschaft der S-Finanzgruppe mbH & Co. KG,Germany,95980020140005552166,"Eurocaja Rural, Sociedad Cooperativa de Crédito",Spain,0.5309,0.0014,0.0095,0.1462,37,France|Netherlands|Luxembourg,ja
2025-12-31,391200EEGLNXBBCVKC73,Erwerbsgesellschaft der S-Finanzgruppe mbH & Co. KG,Germany,95980020140005881190,Banco de Crédito Social Cooperativo,Spain,0.4932,0.0001,0.0045,0.0114,26,Luxembourg|France|Netherlands,ja
2025-12-31,391200EEGLNXBBCVKC73,Erwerbsgesellschaft der S-Finanzgruppe mbH & Co. KG,Germany,9598005U8TZQ8Q64SC71,LIBERTY PARTNERS S.L.U.,Spain,0.5497,0.0010,0.0095,0.1007,16,Luxembourg|France|Sweden,ja
2025-12-31,391200EEGLNXBBCVKC73,Erwerbsgesellschaft der S-Finanzgruppe mbH & Co. KG,Germany,9695005MSX1OYEMGDF46,Natixis,France,0.4244,0.0041,0.0095,0.4341,100,Luxembourg|United States|United Kingdom,ja
2025-12-31,391200EEGLNXBBCVKC73,Erwerbsgesellschaft der S-Finanzgruppe mbH & Co. KG,Germany,969500STN7T9MRUMJ267,Bpifrance,France,0.3240,0.0008,0.0095,0.0807,41,Netherlands|Luxembourg|United States,ja
2025-12-31,391200EEGLNXBBCVKC73,Erwerbsgesellschaft der S-Finanzgruppe mbH & Co. KG,Germany,969500TJ5KRTCJQWXH05,CRÉDIT AGRICOLE AUTO BANK S.P.A.,Italy,0.3703,0.0000,0.0020,0.0005,23,France|Finland|Netherlands,ja
2025-12-31,391200EEGLNXBBCVKC73,Erwerbsgesellschaft der S-Finanzgruppe mbH & Co. KG,Germany,9DJT3UXIJIZJI4WXO774,Bank of America Europe Designated Activity Company,Ireland,0.5223,0.0037,0.0095,0.3853,59,France|Luxembourg|Netherlands,ja
2025-12-31,391200EEGLNXBBCVKC73,Erwerbsgesellschaft der S-Finanzgruppe mbH & Co. KG,Germany,A5GWLFH3KM7YV2SFQL84,Belfius Bank,Belgium,0.5340,0.0003,0.0095,0.0288,37,France|Netherlands|Luxembourg,ja
2025-12-31,391200EEGLNXBBCVKC73,Erwerbsgesellschaft der S-Finanzgruppe mbH & Co. KG,Germany,AT0000000000043000VB,VOLKSBANK WIEN AG VB,Austria,0.4410,0.0007,0.0047,0.1577,77,France|Netherlands|Finland,ja
2025-12-31,391200EEGLNXBBCVKC73,Erwerbsgesellschaft der S-Finanzgruppe mbH & Co. KG,Germany,B64D6Y3LBJS4ANNPCU93,NIBC Bank N.V.,Netherlands,0.3383,0.0000,0.0095,0.0003,14,France|Luxembourg|Sweden,ja
2025-12-31,391200EEGLNXBBCVKC73,Erwerbsgesellschaft der S-Finanzgruppe mbH & Co. KG,Germany,BFXS5XCH7N0Y05NIXW11,ABN AMRO Bank N.V.,Netherlands,0.4326,0.0022,0.0095,0.2261,42,France|Luxembourg|Belgium,ja
2025-12-31,391200EEGLNXBBCVKC73,Erwerbsgesellschaft der S-Finanzgruppe mbH & Co. KG,Germany,DIZES5CFO5K3I5R58746,Landesbank Hessen-Thüringen Girozentrale,Germany,0.4619,0.0053,0.0095,0.5520,118,France|Luxembourg|Netherlands,nein
2025-12-31,391200EEGLNXBBCVKC73,Erwerbsgesellschaft der S-Finanzgruppe mbH & Co. KG,Germany,DSNHHQ2B9X5N6OUJ1236,Norddeutsche Landesbank - Girozentrale -,Germany,0.5102,0.0029,0.0095,0.3073,66,France|Netherlands|Luxembourg,nein
2025-12-31,391200EEGLNXBBCVKC73,Erwerbsgesellschaft der S-Finanzgruppe mbH & Co. KG,Germany,DZZ47B9A52ZJ6LT6VV95,Deutsche Pfandbriefbank AG,Germany,0.5100,0.0002,0.0064,0.0369,26,France|Netherlands|Sweden,nein
2025-12-31,391200EEGLNXBBCVKC73,Erwerbsgesellschaft der S-Finanzgruppe mbH & Co. KG,Germany,FR9695005MSX1OYEMGDF,Groupe BPCE,France,0.4099,0.0001,0.0095,0.0113,28,Luxembourg|Netherlands|Belgium,ja
2025-12-31,391200EEGLNXBBCVKC73,Erwerbsgesellschaft der S-Finanzgruppe mbH & Co. KG,Germany,I7ETN0QQO2AHZZGHJ389,KOMMUNALBANKEN AS,Norway,0.3372,0.0000,0.0000,,5,France|Finland|Netherlands,ja
2025-12-31,391200EEGLNXBBCVKC73,Erwerbsgesellschaft der S-Finanzgruppe mbH & Co. KG,Germany,J4CP7MHCXR8DAQMKIL78,MEDIOBANCA - BANCA DI CREDITO FINANZIARIO S.P.A.,Italy,0.4695,0.0004,0.0095,0.0435,46,France|Luxembourg|Netherlands,ja
2025-12-31,391200EEGLNXBBCVKC73,Erwerbsgesellschaft der S-Finanzgruppe mbH & Co. KG,Germany,MLU0ZO3ML4LN2LL2TL39,HSBC Continental Europe,France,0.3438,0.0020,0.0095,0.2151,86,Luxembourg|Netherlands|United States,ja
2025-12-31,391200EEGLNXBBCVKC73,Erwerbsgesellschaft der S-Finanzgruppe mbH & Co. KG,Germany,N747OI7JINV7RUUH6190,BPER Banca S.p.A.,Italy,0.5198,0.0010,0.0095,0.1101,36,France|Luxembourg|Netherlands,ja
2025-12-31,391200EEGLNXBBCVKC73,Erwerbsgesellschaft der S-Finanzgruppe mbH & Co. KG,Germany,NNVPP80YIZGEY2314M97,ICCREA BANCA S.P.A. - ISTITUTO CENTRALE DEL CREDITO COOPERATIVO (IN FORMA ABBREVIATA: ICCREA BANCA S.P.A.),Italy,0.4555,0.0000,0.0074,0.0007,26,France|Netherlands|Luxembourg,ja
2025-12-31,391200EEGLNXBBCVKC73,Erwerbsgesellschaft der S-Finanzgruppe mbH & Co. KG,Germany,P4GTT6GF1W40CVIMFR43,Powszechna Kasa Oszczednosci Bank Polski S.A.,Poland,0.3092,0.0011,0.0095,0.1138,134,Netherlands|France|Luxembourg,ja
2025-12-31,391200EEGLNXBBCVKC73,Erwerbsgesellschaft der S-Finanzgruppe mbH & Co. KG,Germany,QLPCKOOKVX32FUELX240,Bank Polska Kasa Opieki S.A.,Poland,0.3202,0.0016,0.0095,0.1701,113,Luxembourg|Netherlands|United States,ja
2025-12-31,391200EEGLNXBBCVKC73,Erwerbsgesellschaft der S-Finanzgruppe mbH & Co. KG,Germany,R7CQUF1DQM73HUTV1078,"Banque et Caisse d´Epargne de l´Etat, Luxembourg",Luxembourg,0.5476,0.0000,0.0047,0.0007,26,France|Netherlands|Sweden,ja
2025-12-31,391200EEGLNXBBCVKC73,Erwerbsgesellschaft der S-Finanzgruppe mbH & Co. KG,Germany,TUKDD90GPC79G1KOE162,Hamburg Commercial Bank AG,Germany,0.5516,0.0011,0.0095,0.1104,38,Luxembourg|Netherlands|France,nein
2025-12-31,391200EEGLNXBBCVKC73,Erwerbsgesellschaft der S-Finanzgruppe mbH & Co. KG,Germany,VDYMYTQGZZ6DU0912C88,Bayerische Landesbank,Germany,0.6638,0.0008,0.0041,0.1915,139,Luxembourg|France|Netherlands,nein
2025-12-31,391200EEGLNXBBCVKC73,Erwerbsgesellschaft der S-Finanzgruppe mbH & Co. KG,Germany,WFLLPEPC7FZXENRZV188,THE BANK OF NEW YORK MELLON,Belgium,0.3784,0.0054,0.0095,0.5711,57,Netherlands|Luxembourg|Norway,ja
2025-12-31,3H0Q3U74FVFED2SHZT16,MBH bankcsoport,Hungary,529900HNOAA1KXQJUQ27,"DZ BANK AG Deutsche Zentral-Genossenschaftsbank, Frankfurt am Main",Germany,0.3987,0.0118,0.0714,0.1651,82,United States|France|Austria,ja
2025-12-31,3H0Q3U74FVFED2SHZT16,MBH bankcsoport,Hungary,529900JZTYE3W7WQH904,HASPA Finanzholding,Germany,0.3499,0.0000,0.0001,0.5812,24,United States|France|Poland,ja
2025-12-31,3H0Q3U74FVFED2SHZT16,MBH bankcsoport,Hungary,529900UKZBMDBDZIXD62,Addiko Bank d.d.,Croatia,0.3626,0.0019,0.0066,0.2966,56,United States|Germany|Austria,ja
2025-12-31,3H0Q3U74FVFED2SHZT16,MBH bankcsoport,Hungary,549300L7YCATGO57ZE10,FINECOBANK BANCA FINECO S.P.A. (IN BREVE FINECOBANK S.P.A. OVVERO BANCA FINECO S.P.A. OVVERO FINECO BANCA S.P.A.),Italy,0.4180,0.0008,0.0160,0.0501,90,United States|France|Germany,ja
2025-12-31,3H0Q3U74FVFED2SHZT16,MBH bankcsoport,Hungary,549300TRUWO2CD2G5692,"UNICREDIT, SOCIETA' PER AZIONI",Italy,0.3001,0.0103,0.0278,0.3701,97,Germany|Austria|Romania,ja
2025-12-31,3H0Q3U74FVFED2SHZT16,MBH bankcsoport,Hungary,635400AKJBGNS5WNQL34,AIB Group plc,Ireland,0.3326,0.0001,0.0353,0.0040,63,United States|France|Germany,ja
2025-12-31,3H0Q3U74FVFED2SHZT16,MBH bankcsoport,Hungary,636700HER4JIK7GZUN17,Klarna - Grupp,Sweden,0.3455,0.0000,0.0000,,6,United States|Germany|Netherlands,ja
2025-12-31,3H0Q3U74FVFED2SHZT16,MBH bankcsoport,Hungary,724500973ODKK3IFQ447,Adyen N.V.,Netherlands,0.3185,0.0048,0.0428,0.1124,52,United States|Germany|France,ja
2025-12-31,3H0Q3U74FVFED2SHZT16,MBH bankcsoport,Hungary,724500SF1CI8OD5AHI07,HCBG Holding B.V.,Netherlands,0.3147,0.0043,0.0714,0.0603,30,Romania|Germany|France,ja
2025-12-31,3H0Q3U74FVFED2SHZT16,MBH bankcsoport,Hungary,7LTWFZYICNSX8D621K86,DEUTSCHE BANK AKTIENGESELLSCHAFT,Germany,0.3222,0.0111,0.0714,0.1552,68,United States|France|Netherlands,ja
2025-12-31,3H0Q3U74FVFED2SHZT16,MBH bankcsoport,Hungary,815600AD83B2B6317788,CREDITO EMILIANO HOLDING SOCIETA' PER AZIONI,Italy,0.3098,0.0000,0.0007,0.0048,24,United States|France|Germany,ja
2025-12-31,3H0Q3U74FVFED2SHZT16,MBH bankcsoport,Hungary,9ZHRYM6F437SQJ6OUG95,Raiffeisen Bank International AG,Austria,0.3275,0.0383,0.0714,0.5366,102,Romania|Croatia|Germany,ja
2025-12-31,3H0Q3U74FVFED2SHZT16,MBH bankcsoport,Hungary,DG3RU1DBUFHT4ZF9WN62,Coöperatieve Rabobank U.A.,Netherlands,0.3889,0.0030,0.0714,0.0416,81,United States|Germany|France,ja
2025-12-31,3H0Q3U74FVFED2SHZT16,MBH bankcsoport,Hungary,DIZES5CFO5K3I5R58746,Landesbank Hessen-Thüringen Girozentrale,Germany,0.4315,0.0094,0.0460,0.2036,86,United States|France|Austria,ja
2025-12-31,3H0Q3U74FVFED2SHZT16,MBH bankcsoport,Hungary,DSNHHQ2B9X5N6OUJ1236,Norddeutsche Landesbank - Girozentrale -,Germany,0.3186,0.0048,0.0596,0.0813,53,United States|France|Austria,ja
2025-12-31,3H0Q3U74FVFED2SHZT16,MBH bankcsoport,Hungary,QLPCKOOKVX32FUELX240,Bank Polska Kasa Opieki S.A.,Poland,0.3141,0.0040,0.0714,0.0566,84,Germany|Cyprus|Austria,ja
2025-12-31,5299003H07ZT0Z5ZNN35,Wüstenrot Bausparkasse Aktiengesellschaft,Germany,5299005OACOC1C1OFJ11,Raiffeisen-Landesbank Tirol AG,Austria,0.3980,0.0000,0.0007,0.0543,27,France|Netherlands|Norway,ja
2025-12-31,5299003H07ZT0Z5ZNN35,Wüstenrot Bausparkasse Aktiengesellschaft,Germany,5299007S3UH5RKUYDA52,DEUTSCHE APOTHEKER- UND ÄRZTEBANK EG,Germany,0.5665,0.0003,0.0015,0.1745,39,France|Luxembourg|Netherlands,nein
2025-12-31,5299003H07ZT0Z5ZNN35,Wüstenrot Bausparkasse Aktiengesellschaft,Germany,529900EKPN8EYA3AX590,Texim Bank AD,Bulgaria,0.4293,0.0000,0.0006,0.0001,10,Luxembourg|United States|Belgium,ja
2025-12-31,5299003H07ZT0Z5ZNN35,Wüstenrot Bausparkasse Aktiengesellschaft,Germany,529900FEID5L4H2T2L70,Raiffeisen Landesbank Vorarlberg mit Revisionsverband eGen,Austria,0.3066,0.0003,0.0015,0.1818,16,France|Norway|Netherlands,ja
2025-12-31,5299003H07ZT0Z5ZNN35,Wüstenrot Bausparkasse Aktiengesellschaft,Germany,529900GM944JT8YIRL63,Münchener Hypothekenbank eG,Germany,0.4121,0.0001,0.0015,0.0587,37,Luxembourg|Netherlands|France,nein
2025-12-31,5299003H07ZT0Z5ZNN35,Wüstenrot Bausparkasse Aktiengesellschaft,Germany,529900HEKOENJHPNN480,Kuntarahoitus Oyj,Finland,0.3254,0.0000,0.0000,,9,France|Norway|Netherlands,ja
2025-12-31,5299003H07ZT0Z5ZNN35,Wüstenrot Bausparkasse Aktiengesellschaft,Germany,529900HNOAA1KXQJUQ27,"DZ BANK AG Deutsche Zentral-Genossenschaftsbank, Frankfurt am Main",Germany,0.3903,0.0013,0.0015,0.8403,48,France|Netherlands|Austria,nein
2025-12-31,5299003H07ZT0Z5ZNN35,Wüstenrot Bausparkasse Aktiengesellschaft,Germany,529900IRBZTADXJB6757,flatexDEGIRO AG,Germany,0.4350,0.0011,0.0015,0.7091,42,Luxembourg|Netherlands|Austria,nein
2025-12-31,5299003H07ZT0Z5ZNN35,Wüstenrot Bausparkasse Aktiengesellschaft,Germany,529900JZTYE3W7WQH904,HASPA Finanzholding,Germany,0.6143,0.0000,0.0001,0.0015,25,Luxembourg|France|Netherlands,nein
2025-12-31,5299003H07ZT0Z5ZNN35,Wüstenrot Bausparkasse Aktiengesellschaft,Germany,529900QYEJ2GYSWK1F08,RLB-Stmk Verbund eGen,Austria,0.3362,0.0000,0.0015,0.0159,27,France|Luxembourg|Netherlands,ja
2025-12-31,5299003H07ZT0Z5ZNN35,Wüstenrot Bausparkasse Aktiengesellschaft,Germany,54930060Q00W1SRIUI57,vdk bank,Belgium,0.3405,0.0001,0.0015,0.0462,20,Netherlands|France|Luxembourg,ja
2025-12-31,5299003H07ZT0Z5ZNN35,Wüstenrot Bausparkasse Aktiengesellschaft,Germany,5493007BWYDPQZLZ0Y27,HYPO NOE Landesbank für Niederösterreich und Wien AG,Austria,0.3811,0.0000,0.0003,0.0907,24,France|Netherlands|Norway,ja
2025-12-31,5299003H07ZT0Z5ZNN35,Wüstenrot Bausparkasse Aktiengesellschaft,Germany,549300DYPOFMXOR7XM56,Crelan,Belgium,0.4122,0.0009,0.0015,0.6129,39,France|Luxembourg|Netherlands,ja
2025-12-31,5299003H07ZT0Z5ZNN35,Wüstenrot Bausparkasse Aktiengesellschaft,Germany,549300L7YCATGO57ZE10,FINECOBANK BANCA FINECO S.P.A. (IN BREVE FINECOBANK S.P.A. OVVERO BANCA FINECO S.P.A. OVVERO FINECO BANCA S.P.A.),Italy,0.3229,0.0003,0.0015,0.2154,47,France|Netherlands|Luxembourg,ja
2025-12-31,5299003H07ZT0Z5ZNN35,Wüstenrot Bausparkasse Aktiengesellschaft,Germany,549300LYFYVPUCG6SY25,"Banco Cooperativo Español, S.A.",Spain,0.3676,0.0000,0.0000,,12,France|Netherlands|Luxembourg,ja
2025-12-31,5299003H07ZT0Z5ZNN35,Wüstenrot Bausparkasse Aktiengesellschaft,Germany,549300Q3OIWRHQUQM052,SpareBank 1 Sør-Norge,Norway,0.3917,0.0000,0.0014,0.0000,18,France|Netherlands|Austria,ja
2025-12-31,5299003H07ZT0Z5ZNN35,Wüstenrot Bausparkasse Aktiengesellschaft,Germany,549300TEJKOLFN65KR76,BNF Bank plc,Malta,0.5862,0.0000,0.0015,0.0000,13,Luxembourg|France|Netherlands,ja
2025-12-31,5299003H07ZT0Z5ZNN35,Wüstenrot Bausparkasse Aktiengesellschaft,Germany,549300TL5406IC1XKD09,Saxo Bank A/S,Denmark,0.3632,0.0003,0.0015,0.2067,39,Netherlands|Luxembourg|Norway,ja
2025-12-31,5299003H07ZT0Z5ZNN35,Wüstenrot Bausparkasse Aktiengesellschaft,Germany,549300TTZTKBUFKWH890,The Cyprus Development Bank Public Company Ltd,Cyprus,0.4142,0.0000,0.0000,,5,Austria|France|Netherlands,ja
2025-12-31,5299003H07ZT0Z5ZNN35,Wüstenrot Bausparkasse Aktiengesellschaft,Germany,724500A1FNICHSDF2I11,ASN Bank N.V.,Netherlands,0.4203,0.0000,0.0000,,12,France|Luxembourg|Norway,ja
2025-12-31,5299003H07ZT0Z5ZNN35,Wüstenrot Bausparkasse Aktiengesellschaft,Germany,7437005892K69S3MW344,Säästöpankkiliitto osk,Finland,0.3133,0.0000,0.0015,0.0000,14,France|Norway|Luxembourg,ja
2025-12-31,5299003H07ZT0Z5ZNN35,Wüstenrot Bausparkasse Aktiengesellschaft,Germany,743700GC62JLHFBUND16,Aktia Bank Abp,Finland,0.3571,0.0000,0.0015,0.0000,22,France|Netherlands|Norway,ja
2025-12-31,5299003H07ZT0Z5ZNN35,Wüstenrot Bausparkasse Aktiengesellschaft,Germany,8156005420362AE59184,BANCA IFIS S.P.A. (OVVERO IFIS BANCA S.P.A. O IN FORMA ABBREVIATA IFIS S.P.A.),Italy,0.3310,0.0002,0.0015,0.1353,42,France|Luxembourg|United Kingdom,ja
2025-12-31,5299003H07ZT0Z5ZNN35,Wüstenrot Bausparkasse Aktiengesellschaft,Germany,81560062CEAE87A85C80,AREPO BP S.P.A.,Italy,0.6037,0.0000,0.0015,0.0000,14,Luxembourg|Netherlands|France,ja
2025-12-31,5299003H07ZT0Z5ZNN35,Wüstenrot Bausparkasse Aktiengesellschaft,Germany,81560087340FCB8D6D66,MEDIOCREDITO CENTRALE - BANCA DEL MEZZOGIORNO SPA,Italy,0.4427,0.0001,0.0015,0.0756,24,Luxembourg|France|United Kingdom,ja
2025-12-31,5299003H07ZT0Z5ZNN35,Wüstenrot Bausparkasse Aktiengesellschaft,Germany,815600AD83B2B6317788,CREDITO EMILIANO HOLDING SOCIETA' PER AZIONI,Italy,0.3379,0.0000,0.0007,0.0000,23,France|Netherlands|Luxembourg,ja
2025-12-31,5299003H07ZT0Z5ZNN35,Wüstenrot Bausparkasse Aktiengesellschaft,Germany,815600E4E6DCD2D25E30,BANCO BPM SOCIETA' PER AZIONI,Italy,0.5024,0.0000,0.0015,0.0001,25,Luxembourg|France|Netherlands,ja
2025-12-31,5299003H07ZT0Z5ZNN35,Wüstenrot Bausparkasse Aktiengesellschaft,Germany,8I5DZWZKVSZI1NUHU748,J.P. Morgan SE,Germany,0.3989,0.0008,0.0015,0.5604,45,France|Netherlands|Luxembourg,nein
2025-12-31,5299003H07ZT0Z5ZNN35,Wüstenrot Bausparkasse Aktiengesellschaft,Germany,95980020140005220135,"Caja Rural de Granada, Sociedad Cooperativa de Crédito",Spain,0.3520,0.0000,0.0008,0.0001,14,France|Netherlands|Luxembourg,ja
2025-12-31,5299003H07ZT0Z5ZNN35,Wüstenrot Bausparkasse Aktiengesellschaft,Germany,95980020140005439549,"Caja Rural de Navarra, S. Coop. de Crédito",Spain,0.3551,0.0000,0.0015,0.0000,16,France|Netherlands|Luxembourg,ja
2025-12-31,5299003H07ZT0Z5ZNN35,Wüstenrot Bausparkasse Aktiengesellschaft,Germany,95980020140005484654,"Caja Rural de Albacete, Ciudad Real y Cuenca, Sociedad Cooperativa de Crédito",Spain,0.3602,0.0000,0.0000,,10,France|Netherlands|Luxembourg,ja
2025-12-31,5299003H07ZT0Z5ZNN35,Wüstenrot Bausparkasse Aktiengesellschaft,Germany,95980020140005552166,"Eurocaja Rural, Sociedad Cooperativa de Crédito",Spain,0.3935,0.0000,0.0015,0.0204,24,France|Netherlands|Luxembourg,ja
2025-12-31,5299003H07ZT0Z5ZNN35,Wüstenrot Bausparkasse Aktiengesellschaft,Germany,95980020140005881190,Banco de Crédito Social Cooperativo,Spain,0.4242,0.0000,0.0015,0.0000,22,Luxembourg|France|Netherlands,ja
2025-12-31,5299003H07ZT0Z5ZNN35,Wüstenrot Bausparkasse Aktiengesellschaft,Germany,9598005U8TZQ8Q64SC71,LIBERTY PARTNERS S.L.U.,Spain,0.5353,0.0000,0.0015,0.0000,15,Luxembourg|France|United Kingdom,ja
2025-12-31,5299003H07ZT0Z5ZNN35,Wüstenrot Bausparkasse Aktiengesellschaft,Germany,9695005MSX1OYEMGDF46,Natixis,France,0.4843,0.0013,0.0015,0.8458,43,Luxembourg|Netherlands|United Kingdom,ja
2025-12-31,5299003H07ZT0Z5ZNN35,Wüstenrot Bausparkasse Aktiengesellschaft,Germany,969500TJ5KRTCJQWXH05,CRÉDIT AGRICOLE AUTO BANK S.P.A.,Italy,0.3011,0.0000,0.0015,0.0000,21,France|Finland|Netherlands,ja
2025-12-31,5299003H07ZT0Z5ZNN35,Wüstenrot Bausparkasse Aktiengesellschaft,Germany,9DJT3UXIJIZJI4WXO774,Bank of America Europe Designated Activity Company,Ireland,0.4476,0.0008,0.0015,0.5588,35,France|Luxembourg|Netherlands,ja
2025-12-31,5299003H07ZT0Z5ZNN35,Wüstenrot Bausparkasse Aktiengesellschaft,Germany,A5GWLFH3KM7YV2SFQL84,Belfius Bank,Belgium,0.4384,0.0001,0.0015,0.0586,30,France|Netherlands|Luxembourg,ja
2025-12-31,5299003H07ZT0Z5ZNN35,Wüstenrot Bausparkasse Aktiengesellschaft,Germany,AT0000000000043000VB,VOLKSBANK WIEN AG VB,Austria,0.3576,0.0004,0.0015,0.2472,39,France|Netherlands|Finland,ja
2025-12-31,5299003H07ZT0Z5ZNN35,Wüstenrot Bausparkasse Aktiengesellschaft,Germany,BFXS5XCH7N0Y05NIXW11,ABN AMRO Bank N.V.,Netherlands,0.3069,0.0001,0.0015,0.0344,31,France|Luxembourg|Norway,ja
2025-12-31,5299003H07ZT0Z5ZNN35,Wüstenrot Bausparkasse Aktiengesellschaft,Germany,DIZES5CFO5K3I5R58746,Landesbank Hessen-Thüringen Girozentrale,Germany,0.3755,0.0011,0.0015,0.7483,46,France|Luxembourg|Netherlands,nein
2025-12-31,5299003H07ZT0Z5ZNN35,Wüstenrot Bausparkasse Aktiengesellschaft,Germany,DSNHHQ2B9X5N6OUJ1236,Norddeutsche Landesbank - Girozentrale -,Germany,0.4205,0.0009,0.0015,0.5923,40,France|Netherlands|Luxembourg,nein
2025-12-31,5299003H07ZT0Z5ZNN35,Wüstenrot Bausparkasse Aktiengesellschaft,Germany,DZZ47B9A52ZJ6LT6VV95,Deutsche Pfandbriefbank AG,Germany,0.3774,0.0002,0.0015,0.1198,20,France|Netherlands|Finland,nein
2025-12-31,5299003H07ZT0Z5ZNN35,Wüstenrot Bausparkasse Aktiengesellschaft,Germany,FR9695005MSX1OYEMGDF,Groupe BPCE,France,0.4851,0.0000,0.0015,0.0000,22,Luxembourg|Netherlands|United Kingdom,ja
2025-12-31,5299003H07ZT0Z5ZNN35,Wüstenrot Bausparkasse Aktiengesellschaft,Germany,J4CP7MHCXR8DAQMKIL78,MEDIOBANCA - BANCA DI CREDITO FINANZIARIO S.P.A.,Italy,0.3913,0.0001,0.0015,0.0587,34,France|Luxembourg|Netherlands,ja
2025-12-31,5299003H07ZT0Z5ZNN35,Wüstenrot Bausparkasse Aktiengesellschaft,Germany,N747OI7JINV7RUUH6190,BPER Banca S.p.A.,Italy,0.4187,0.0000,0.0015,0.0001,25,France|Luxembourg|Netherlands,ja
2025-12-31,5299003H07ZT0Z5ZNN35,Wüstenrot Bausparkasse Aktiengesellschaft,Germany,NNVPP80YIZGEY2314M97,ICCREA BANCA S.P.A. - ISTITUTO CENTRALE DEL CREDITO COOPERATIVO (IN FORMA ABBREVIATA: ICCREA BANCA S.P.A.),Italy,0.3176,0.0000,0.0015,0.0000,20,France|Netherlands|Luxembourg,ja
2025-12-31,5299003H07ZT0Z5ZNN35,Wüstenrot Bausparkasse Aktiengesellschaft,Germany,P4GTT6GF1W40CVIMFR43,Powszechna Kasa Oszczednosci Bank Polski S.A.,Poland,0.3009,0.0000,0.0015,0.0313,44,Netherlands|France|Luxembourg,ja
2025-12-31,5299003H07ZT0Z5ZNN35,Wüstenrot Bausparkasse Aktiengesellschaft,Germany,QLPCKOOKVX32FUELX240,Bank Polska Kasa Opieki S.A.,Poland,0.3191,0.0002,0.0015,0.1258,43,Luxembourg|Austria|Netherlands,ja
2025-12-31,5299003H07ZT0Z5ZNN35,Wüstenrot Bausparkasse Aktiengesellschaft,Germany,R7CQUF1DQM73HUTV1078,"Banque et Caisse d´Epargne de l´Etat, Luxembourg",Luxembourg,0.3696,0.0000,0.0015,0.0000,21,France|Netherlands|Norway,ja
2025-12-31,5299003H07ZT0Z5ZNN35,Wüstenrot Bausparkasse Aktiengesellschaft,Germany,TUKDD90GPC79G1KOE162,Hamburg Commercial Bank AG,Germany,0.4465,0.0002,0.0015,0.1604,29,Luxembourg|Netherlands|France,nein
2025-12-31,5299003H07ZT0Z5ZNN35,Wüstenrot Bausparkasse Aktiengesellschaft,Germany,VDYMYTQGZZ6DU0912C88,Bayerische Landesbank,Germany,0.5266,0.0003,0.0015,0.1864,48,Luxembourg|France|Netherlands,nein
2025-12-31,5299003H07ZT0Z5ZNN35,Wüstenrot Bausparkasse Aktiengesellschaft,Germany,WFLLPEPC7FZXENRZV188,THE BANK OF NEW YORK MELLON,Belgium,0.3304,0.0000,0.0015,0.0166,27,Netherlands|Austria|Norway,ja
2025-12-31,5299003ONUYCE70HZ185,Banque Internationale à Luxembourg,Luxembourg,5299005OACOC1C1OFJ11,Raiffeisen-Landesbank Tirol AG,Austria,0.5071,0.0006,0.0007,0.8313,32,France|Germany|Switzerland,ja
2025-12-31,5299003ONUYCE70HZ185,Banque Internationale à Luxembourg,Luxembourg,5299007S3UH5RKUYDA52,DEUTSCHE APOTHEKER- UND ÄRZTEBANK EG,Germany,0.4369,0.0011,0.0016,0.6806,52,France|Switzerland|Belgium,ja
2025-12-31,5299003ONUYCE70HZ185,Banque Internationale à Luxembourg,Luxembourg,529900FEID5L4H2T2L70,Raiffeisen Landesbank Vorarlberg mit Revisionsverband eGen,Austria,0.6250,0.0016,0.0067,0.2463,20,France|Germany|Switzerland,ja
2025-12-31,5299003ONUYCE70HZ185,Banque Internationale à Luxembourg,Luxembourg,529900GGYMNGRQTDOO93,BNG Bank N.V.,Netherlands,0.5033,0.0000,0.0000,,9,France|Belgium|Germany,ja
2025-12-31,5299003ONUYCE70HZ185,Banque Internationale à Luxembourg,Luxembourg,529900HEKOENJHPNN480,Kuntarahoitus Oyj,Finland,0.4391,0.0000,0.0000,,10,France|Belgium|Netherlands,ja
2025-12-31,5299003ONUYCE70HZ185,Banque Internationale à Luxembourg,Luxembourg,529900HNOAA1KXQJUQ27,"DZ BANK AG Deutsche Zentral-Genossenschaftsbank, Frankfurt am Main",Germany,0.3958,0.0169,0.0656,0.2580,86,France|Switzerland|Netherlands,ja
2025-12-31,5299003ONUYCE70HZ185,Banque Internationale à Luxembourg,Luxembourg,529900JZTYE3W7WQH904,HASPA Finanzholding,Germany,0.3558,0.0001,0.0001,1.0000,27,France|Netherlands|Spain,ja
2025-12-31,5299003ONUYCE70HZ185,Banque Internationale à Luxembourg,Luxembourg,529900NNUPAGGOMPXZ31,Volkswagen Financial Services AG,Germany,0.3480,0.0000,0.0000,,13,France|Belgium|Spain,ja
2025-12-31,5299003ONUYCE70HZ185,Banque Internationale à Luxembourg,Luxembourg,529900QYEJ2GYSWK1F08,RLB-Stmk Verbund eGen,Austria,0.4349,0.0069,0.0069,0.9942,34,France|Germany|Netherlands,ja
2025-12-31,5299003ONUYCE70HZ185,Banque Internationale à Luxembourg,Luxembourg,529900RWC8ZYB066JF16,Bank of Valletta Plc,Malta,0.4834,0.0005,0.0058,0.0875,26,France|Germany|Spain,ja
2025-12-31,5299003ONUYCE70HZ185,Banque Internationale à Luxembourg,Luxembourg,529900SXEWPJ1MRRX537,Raiffeisen-Holding Niederösterreich-Wien registrierte Genossenschaft mit beschränkter Haftung,Austria,0.3332,0.0017,0.0044,0.3756,48,Germany|France|Netherlands,ja
2025-12-31,5299003ONUYCE70HZ185,Banque Internationale à Luxembourg,Luxembourg,54930053HGCFWVHYZX42,Bank of China (Europe) S.A,Luxembourg,0.3808,0.0047,0.0363,0.1295,30,Belgium|Hong Kong|Spain,nein
2025-12-31,5299003ONUYCE70HZ185,Banque Internationale à Luxembourg,Luxembourg,5493006QMFDDMYWIAM13,"Banco Santander, S.A.",Spain,0.3241,0.0082,0.0656,0.1244,93,Germany|France|Italy,ja
2025-12-31,5299003ONUYCE70HZ185,Banque Internationale à Luxembourg,Luxembourg,5493007BWYDPQZLZ0Y27,HYPO NOE Landesbank für Niederösterreich und Wien AG,Austria,0.3542,0.0002,0.0003,0.6335,28,Germany|France|Netherlands,ja
2025-12-31,5299003ONUYCE70HZ185,Banque Internationale à Luxembourg,Luxembourg,549300DYPOFMXOR7XM56,Crelan,Belgium,0.5835,0.0093,0.0244,0.3807,73,France|Germany|Netherlands,ja
2025-12-31,5299003ONUYCE70HZ185,Banque Internationale à Luxembourg,Luxembourg,549300EHNXQVOI120S55,Coop Pank AS,Estonia,0.4536,0.0001,0.0040,0.0161,19,France|Switzerland|Belgium,ja
2025-12-31,5299003ONUYCE70HZ185,Banque Internationale à Luxembourg,Luxembourg,549300GDPG70E3MBBU98,KfW Beteiligungsholding GmbH,Germany,0.3129,0.0277,0.0656,0.4224,57,France|Netherlands|Switzerland,ja
2025-12-31,5299003ONUYCE70HZ185,Banque Internationale à Luxembourg,Luxembourg,549300IQZVZ949N37S44,Euroclear Holding,Belgium,0.3050,0.0044,0.0656,0.0675,55,France|Spain|United Kingdom,ja
2025-12-31,5299003ONUYCE70HZ185,Banque Internationale à Luxembourg,Luxembourg,549300L7YCATGO57ZE10,FINECOBANK BANCA FINECO S.P.A. (IN BREVE FINECOBANK S.P.A. OVVERO BANCA FINECO S.P.A. OVVERO FINECO BANCA S.P.A.),Italy,0.4889,0.0025,0.0160,0.1534,86,France|Germany|Netherlands,ja
2025-12-31,5299003ONUYCE70HZ185,Banque Internationale à Luxembourg,Luxembourg,549300LYFYVPUCG6SY25,"Banco Cooperativo Español, S.A.",Spain,0.4691,0.0000,0.0000,,12,France|Germany|Netherlands,ja
2025-12-31,5299003ONUYCE70HZ185,Banque Internationale à Luxembourg,Luxembourg,549300NYKK9MWM7GGW15,ING Groep N.V.,Netherlands,0.4576,0.0198,0.0656,0.3024,100,Germany|Belgium|Spain,ja
2025-12-31,5299003ONUYCE70HZ185,Banque Internationale à Luxembourg,Luxembourg,549300O3WME82RDPEN66,Swissquote Bank Europe S.A,Luxembourg,0.4514,0.0000,0.0000,,8,France|Germany|United Kingdom,nein
2025-12-31,5299003ONUYCE70HZ185,Banque Internationale à Luxembourg,Luxembourg,549300Q3OIWRHQUQM052,SpareBank 1 Sør-Norge,Norway,0.3968,0.0008,0.0014,0.5424,24,France|Germany|Netherlands,ja
2025-12-31,5299003ONUYCE70HZ185,Banque Internationale à Luxembourg,Luxembourg,549300TL5406IC1XKD09,Saxo Bank A/S,Denmark,0.3442,0.0177,0.0656,0.2703,65,Belgium|Germany|Netherlands,ja
2025-12-31,5299003ONUYCE70HZ185,Banque Internationale à Luxembourg,Luxembourg,549300TRUWO2CD2G5692,"UNICREDIT, SOCIETA' PER AZIONI",Italy,0.3041,0.0072,0.0278,0.2582,87,Germany|France|Netherlands,ja
2025-12-31,5299003ONUYCE70HZ185,Banque Internationale à Luxembourg,Luxembourg,549300UARE5MHTBUPJ19,Promontoria 19 Coöperatie U.A.,Netherlands,0.3895,0.0029,0.0656,0.0436,98,France|Italy|United Kingdom,ja
2025-12-31,5299003ONUYCE70HZ185,Banque Internationale à Luxembourg,Luxembourg,635400F6HLXKXNJJX605,EXIM BANCA ROMANEASCA S.A.,Romania,0.3552,0.0000,0.0000,0.9804,28,France|Germany|Italy,ja
2025-12-31,5299003ONUYCE70HZ185,Banque Internationale à Luxembourg,Luxembourg,724500A1FNICHSDF2I11,ASN Bank N.V.,Netherlands,0.5604,0.0000,0.0000,,12,France|Germany|Belgium,ja
2025-12-31,5299003ONUYCE70HZ185,Banque Internationale à Luxembourg,Luxembourg,724500PMK2A2M1SQQ228,Triodos Bank N.V.,Netherlands,0.3263,0.0000,0.0001,0.6322,18,Belgium|Germany|France,ja
2025-12-31,5299003ONUYCE70HZ185,Banque Internationale à Luxembourg,Luxembourg,724500SF1CI8OD5AHI07,HCBG Holding B.V.,Netherlands,0.4248,0.0062,0.0656,0.0947,31,Germany|Belgium|France,ja
2025-12-31,5299003ONUYCE70HZ185,Banque Internationale à Luxembourg,Luxembourg,724500ZNT2I60RYZQI38,Anadolubank Nederland N.V.,Netherlands,0.3130,0.0112,0.0656,0.1710,21,Germany|Switzerland|Italy,ja
2025-12-31,5299003ONUYCE70HZ185,Banque Internationale à Luxembourg,Luxembourg,7437003B5WFBOIEFY714,OP Osuuskunta,Finland,0.3661,0.0001,0.0002,0.3659,24,France|Germany|Belgium,ja
2025-12-31,5299003ONUYCE70HZ185,Banque Internationale à Luxembourg,Luxembourg,7437005892K69S3MW344,Säästöpankkiliitto osk,Finland,0.3345,0.0000,0.0023,0.0015,16,France|Germany|Spain,ja
2025-12-31,5299003ONUYCE70HZ185,Banque Internationale à Luxembourg,Luxembourg,743700GC62JLHFBUND16,Aktia Bank Abp,Finland,0.4141,0.0002,0.0415,0.0059,25,France|Germany|Netherlands,ja
2025-12-31,5299003ONUYCE70HZ185,Banque Internationale à Luxembourg,Luxembourg,743700PW2HDTPU3YRJ31,POP Pankkikeskus osk,Finland,0.3066,0.0000,0.0006,0.0059,17,France|Germany|Spain,ja
2025-12-31,5299003ONUYCE70HZ185,Banque Internationale à Luxembourg,Luxembourg,8156003D79D064FB5360,CASSA LOMBARDA - S.P.A.,Italy,0.4735,0.0000,0.0137,0.0006,18,France|Germany|Switzerland,ja
2025-12-31,5299003ONUYCE70HZ185,Banque Internationale à Luxembourg,Luxembourg,8156005420362AE59184,BANCA IFIS S.P.A. (OVVERO IFIS BANCA S.P.A. O IN FORMA ABBREVIATA IFIS S.P.A.),Italy,0.4586,0.0099,0.0656,0.1511,65,France|Switzerland|Germany,ja
2025-12-31,5299003ONUYCE70HZ185,Banque Internationale à Luxembourg,Luxembourg,815600AD83B2B6317788,CREDITO EMILIANO HOLDING SOCIETA' PER AZIONI,Italy,0.5045,0.0002,0.0007,0.3305,25,France|Germany|Spain,ja
2025-12-31,5299003ONUYCE70HZ185,Banque Internationale à Luxembourg,Luxembourg,815600E4E6DCD2D25E30,BANCO BPM SOCIETA' PER AZIONI,Italy,0.4567,0.0003,0.0023,0.1312,30,France|Germany|Belgium,ja
2025-12-31,5299003ONUYCE70HZ185,Banque Internationale à Luxembourg,Luxembourg,8I5DZWZKVSZI1NUHU748,J.P. Morgan SE,Germany,0.4176,0.0221,0.0656,0.3375,80,France|Spain|Netherlands,ja
2025-12-31,5299003ONUYCE70HZ185,Banque Internationale à Luxembourg,Luxembourg,95980020140005220135,"Caja Rural de Granada, Sociedad Cooperativa de Crédito",Spain,0.5539,0.0001,0.0008,0.0732,17,France|Germany|Netherlands,ja
2025-12-31,5299003ONUYCE70HZ185,Banque Internationale à Luxembourg,Luxembourg,95980020140005439549,"Caja Rural de Navarra, S. Coop. de Crédito",Spain,0.5913,0.0002,0.0063,0.0391,19,France|Germany|Belgium,ja
2025-12-31,5299003ONUYCE70HZ185,Banque Internationale à Luxembourg,Luxembourg,95980020140005484654,"Caja Rural de Albacete, Ciudad Real y Cuenca, Sociedad Cooperativa de Crédito",Spain,0.5271,0.0000,0.0000,,10,France|Germany|Netherlands,ja
2025-12-31,5299003ONUYCE70HZ185,Banque Internationale à Luxembourg,Luxembourg,95980020140005552166,"Eurocaja Rural, Sociedad Cooperativa de Crédito",Spain,0.5630,0.0028,0.0577,0.0494,34,France|Germany|Belgium,ja
2025-12-31,5299003ONUYCE70HZ185,Banque Internationale à Luxembourg,Luxembourg,95980020140005881190,Banco de Crédito Social Cooperativo,Spain,0.3569,0.0002,0.0045,0.0546,26,Germany|France|Netherlands,ja
2025-12-31,5299003ONUYCE70HZ185,Banque Internationale à Luxembourg,Luxembourg,9598005U8TZQ8Q64SC71,LIBERTY PARTNERS S.L.U.,Spain,0.3023,0.0040,0.0241,0.1660,16,France|Switzerland|Italy,ja
2025-12-31,5299003ONUYCE70HZ185,Banque Internationale à Luxembourg,Luxembourg,9695000CG7B84NLR5984,Confédération Nationale du Crédit Mutuel,France,0.3957,0.0009,0.0130,0.0676,42,Germany|Belgium|Spain,ja
2025-12-31,5299003ONUYCE70HZ185,Banque Internationale à Luxembourg,Luxembourg,969500F7JLTX36OUI695,RCI Banque,France,0.3027,0.0057,0.0656,0.0864,26,Germany|Spain|Italy,ja
2025-12-31,5299003ONUYCE70HZ185,Banque Internationale à Luxembourg,Luxembourg,969500TJ5KRTCJQWXH05,CRÉDIT AGRICOLE AUTO BANK S.P.A.,Italy,0.5375,0.0003,0.0020,0.1562,23,France|Germany|Switzerland,ja
2025-12-31,5299003ONUYCE70HZ185,Banque Internationale à Luxembourg,Luxembourg,9DJT3UXIJIZJI4WXO774,Bank of America Europe Designated Activity Company,Ireland,0.5007,0.0217,0.0656,0.3308,56,France|Germany|Switzerland,ja
2025-12-31,5299003ONUYCE70HZ185,Banque Internationale à Luxembourg,Luxembourg,A5GWLFH3KM7YV2SFQL84,Belfius Bank,Belgium,0.4657,0.0036,0.0128,0.2795,36,France|Germany|Netherlands,ja
2025-12-31,5299003ONUYCE70HZ185,Banque Internationale à Luxembourg,Luxembourg,AT0000000000043000VB,VOLKSBANK WIEN AG VB,Austria,0.5102,0.0020,0.0047,0.4291,65,France|Germany|Netherlands,ja
2025-12-31,5299003ONUYCE70HZ185,Banque Internationale à Luxembourg,Luxembourg,B64D6Y3LBJS4ANNPCU93,NIBC Bank N.V.,Netherlands,0.3744,0.0000,0.0170,0.0002,14,Germany|France|Belgium,ja
2025-12-31,5299003ONUYCE70HZ185,Banque Internationale à Luxembourg,Luxembourg,BFXS5XCH7N0Y05NIXW11,ABN AMRO Bank N.V.,Netherlands,0.4946,0.0072,0.0656,0.1090,43,France|Germany|Belgium,ja
2025-12-31,5299003ONUYCE70HZ185,Banque Internationale à Luxembourg,Luxembourg,DIZES5CFO5K3I5R58746,Landesbank Hessen-Thüringen Girozentrale,Germany,0.3621,0.0116,0.0460,0.2519,81,France|Netherlands|Switzerland,ja
2025-12-31,5299003ONUYCE70HZ185,Banque Internationale à Luxembourg,Luxembourg,DSNHHQ2B9X5N6OUJ1236,Norddeutsche Landesbank - Girozentrale -,Germany,0.3425,0.0060,0.0596,0.1007,56,France|Netherlands|Spain,ja
2025-12-31,5299003ONUYCE70HZ185,Banque Internationale à Luxembourg,Luxembourg,DZZ47B9A52ZJ6LT6VV95,Deutsche Pfandbriefbank AG,Germany,0.4030,0.0004,0.0064,0.0687,21,France|Spain|Netherlands,ja
2025-12-31,5299003ONUYCE70HZ185,Banque Internationale à Luxembourg,Luxembourg,I7ETN0QQO2AHZZGHJ389,KOMMUNALBANKEN AS,Norway,0.3912,0.0000,0.0000,,6,France|Germany|Netherlands,ja
2025-12-31,5299003ONUYCE70HZ185,Banque Internationale à Luxembourg,Luxembourg,J4CP7MHCXR8DAQMKIL78,MEDIOBANCA - BANCA DI CREDITO FINANZIARIO S.P.A.,Italy,0.4254,0.0132,0.0569,0.2312,42,France|Germany|Spain,ja
2025-12-31,5299003ONUYCE70HZ185,Banque Internationale à Luxembourg,Luxembourg,MLU0ZO3ML4LN2LL2TL39,HSBC Continental Europe,France,0.3607,0.0076,0.0656,0.1162,76,Germany|Spain|Netherlands,ja
2025-12-31,5299003ONUYCE70HZ185,Banque Internationale à Luxembourg,Luxembourg,N747OI7JINV7RUUH6190,BPER Banca S.p.A.,Italy,0.5704,0.0011,0.0209,0.0542,32,France|Germany|Spain,ja
2025-12-31,5299003ONUYCE70HZ185,Banque Internationale à Luxembourg,Luxembourg,NNVPP80YIZGEY2314M97,ICCREA BANCA S.P.A. - ISTITUTO CENTRALE DEL CREDITO COOPERATIVO (IN FORMA ABBREVIATA: ICCREA BANCA S.P.A.),Italy,0.5259,0.0000,0.0074,0.0005,24,France|Germany|Spain,ja
2025-12-31,5299003ONUYCE70HZ185,Banque Internationale à Luxembourg,Luxembourg,O2RNE8IBXP4R0TD8PU41,Société générale S.A.,France,0.3089,0.0003,0.0264,0.0106,76,Germany|Belgium|Spain,ja
2025-12-31,5299003ONUYCE70HZ185,Banque Internationale à Luxembourg,Luxembourg,P4GTT6GF1W40CVIMFR43,Powszechna Kasa Oszczednosci Bank Polski S.A.,Poland,0.3371,0.0047,0.0656,0.0722,82,Germany|France|Netherlands,ja
2025-12-31,5299003ONUYCE70HZ185,Banque Internationale à Luxembourg,Luxembourg,R0MUWSFPU8MPRO8K5P83,BNP Paribas,France,0.3723,0.0012,0.0108,0.1076,84,Belgium|Germany|Spain,ja
2025-12-31,5299003ONUYCE70HZ185,Banque Internationale à Luxembourg,Luxembourg,R7CQUF1DQM73HUTV1078,"Banque et Caisse d´Epargne de l´Etat, Luxembourg",Luxembourg,0.5134,0.0000,0.0047,0.0008,27,France|Germany|Belgium,nein
2025-12-31,5299003ONUYCE70HZ185,Banque Internationale à Luxembourg,Luxembourg,VDYMYTQGZZ6DU0912C88,Bayerische Landesbank,Germany,0.3900,0.0010,0.0041,0.2426,94,France|Netherlands|Spain,ja
2025-12-31,5299003ONUYCE70HZ185,Banque Internationale à Luxembourg,Luxembourg,WFLLPEPC7FZXENRZV188,THE BANK OF NEW YORK MELLON,Belgium,0.3422,0.0026,0.0656,0.0402,44,Germany|Spain|Netherlands,ja
2025-12-31,52990045V2BWJN669Q34,Wüstenrot Wohnungswirtschaft registrierte Genossenschaft mit beschränkter Haftung,Austria,9ZHRYM6F437SQJ6OUG95,Raiffeisen Bank International AG,Austria,0.3733,0.0001,0.0011,0.1138,25,Slovakia|Germany|Netherlands,nein
2025-12-31,52990045V2BWJN669Q34,Wüstenrot Wohnungswirtschaft registrierte Genossenschaft mit beschränkter Haftung,Austria,KFUXYFTU2LHQFQZDQG45,Kereskedelmi és Hitelbank csoport,Hungary,0.6651,0.0000,0.0011,0.0000,13,Slovakia|United States|Switzerland,ja
2025-12-31,5299005OACOC1C1OFJ11,Raiffeisen-Landesbank Tirol AG,Austria,5299007S3UH5RKUYDA52,DEUTSCHE APOTHEKER- UND ÄRZTEBANK EG,Germany,0.5723,0.0000,0.0007,0.0559,31,France|Netherlands|Norway,ja
2025-12-31,5299005OACOC1C1OFJ11,Raiffeisen-Landesbank Tirol AG,Austria,5299009EHB4RBGMI5828,Raiffeisen Landesbank Kärnten und Revisionsverband eGen,Austria,0.3432,0.0006,0.0007,0.8114,26,Germany|France|Netherlands,nein
2025-12-31,5299005OACOC1C1OFJ11,Raiffeisen-Landesbank Tirol AG,Austria,529900FEID5L4H2T2L70,Raiffeisen Landesbank Vorarlberg mit Revisionsverband eGen,Austria,0.6855,0.0000,0.0007,0.0164,15,Germany|France|Norway,nein
2025-12-31,5299005OACOC1C1OFJ11,Raiffeisen-Landesbank Tirol AG,Austria,529900G3SW56SHYNPR95,Clearstream Banking S.A.,Luxembourg,0.3353,0.0000,0.0007,0.0000,14,Germany|Belgium|United Kingdom,ja
2025-12-31,5299005OACOC1C1OFJ11,Raiffeisen-Landesbank Tirol AG,Austria,529900HEKOENJHPNN480,Kuntarahoitus Oyj,Finland,0.4534,0.0000,0.0000,,10,France|Norway|Sweden,ja
2025-12-31,5299005OACOC1C1OFJ11,Raiffeisen-Landesbank Tirol AG,Austria,529900HNOAA1KXQJUQ27,"DZ BANK AG Deutsche Zentral-Genossenschaftsbank, Frankfurt am Main",Germany,0.4097,0.0007,0.0007,1.0000,34,France|Netherlands|Switzerland,ja
2025-12-31,5299005OACOC1C1OFJ11,Raiffeisen-Landesbank Tirol AG,Austria,529900IRBZTADXJB6757,flatexDEGIRO AG,Germany,0.3295,0.0001,0.0007,0.2124,30,Netherlands|France|Belgium,ja
2025-12-31,5299005OACOC1C1OFJ11,Raiffeisen-Landesbank Tirol AG,Austria,529900JZTYE3W7WQH904,HASPA Finanzholding,Germany,0.4063,0.0000,0.0001,0.0000,16,France|Netherlands|Norway,ja
2025-12-31,5299005OACOC1C1OFJ11,Raiffeisen-Landesbank Tirol AG,Austria,529900NNUPAGGOMPXZ31,Volkswagen Financial Services AG,Germany,0.4380,0.0000,0.0000,,13,France|Netherlands|Italy,ja
2025-12-31,5299005OACOC1C1OFJ11,Raiffeisen-Landesbank Tirol AG,Austria,529900QYEJ2GYSWK1F08,RLB-Stmk Verbund eGen,Austria,0.5933,0.0000,0.0007,0.0428,28,Germany|France|Sweden,nein
2025-12-31,5299005OACOC1C1OFJ11,Raiffeisen-Landesbank Tirol AG,Austria,529900RWC8ZYB066JF16,Bank of Valletta Plc,Malta,0.4558,0.0000,0.0007,0.0000,18,Germany|France|Sweden,ja
2025-12-31,5299005OACOC1C1OFJ11,Raiffeisen-Landesbank Tirol AG,Austria,529900SXEWPJ1MRRX537,Raiffeisen-Holding Niederösterreich-Wien registrierte Genossenschaft mit beschränkter Haftung,Austria,0.5133,0.0000,0.0007,0.0369,26,Germany|France|Netherlands,nein
2025-12-31,5299005OACOC1C1OFJ11,Raiffeisen-Landesbank Tirol AG,Austria,529900UKZBMDBDZIXD62,Addiko Bank d.d.,Croatia,0.4264,0.0000,0.0007,0.0358,28,Germany|Italy|United States,ja
2025-12-31,5299005OACOC1C1OFJ11,Raiffeisen-Landesbank Tirol AG,Austria,529900XSTAE561178282,Raiffeisenbankengruppe OÖ Verbund eGen,Austria,0.4072,0.0003,0.0007,0.4989,33,Germany|France|Netherlands,nein
2025-12-31,5299005OACOC1C1OFJ11,Raiffeisen-Landesbank Tirol AG,Austria,5493002DPKDEC2JN1Y86,Sparekassen Sjælland-Fyn A/S,Denmark,0.3465,0.0000,0.0007,0.0000,11,Sweden|Italy|Norway,ja
2025-12-31,5299005OACOC1C1OFJ11,Raiffeisen-Landesbank Tirol AG,Austria,54930053HGCFWVHYZX42,Bank of China (Europe) S.A,Luxembourg,0.4018,0.0005,0.0007,0.6692,21,Netherlands|Sweden|Belgium,ja
2025-12-31,5299005OACOC1C1OFJ11,Raiffeisen-Landesbank Tirol AG,Austria,54930060Q00W1SRIUI57,vdk bank,Belgium,0.4139,0.0006,0.0007,0.8186,20,Netherlands|France|Germany,ja
2025-12-31,5299005OACOC1C1OFJ11,Raiffeisen-Landesbank Tirol AG,Austria,5493006QMFDDMYWIAM13,"Banco Santander, S.A.",Spain,0.3103,0.0006,0.0007,0.9018,34,Germany|France|Italy,ja
2025-12-31,5299005OACOC1C1OFJ11,Raiffeisen-Landesbank Tirol AG,Austria,5493007BWYDPQZLZ0Y27,HYPO NOE Landesbank für Niederösterreich und Wien AG,Austria,0.6617,0.0000,0.0003,0.0000,22,Germany|Netherlands|France,nein
2025-12-31,5299005OACOC1C1OFJ11,Raiffeisen-Landesbank Tirol AG,Austria,549300DYPOFMXOR7XM56,Crelan,Belgium,0.5320,0.0005,0.0007,0.7072,32,Germany|France|Netherlands,ja
2025-12-31,5299005OACOC1C1OFJ11,Raiffeisen-Landesbank Tirol AG,Austria,549300GDPG70E3MBBU98,KfW Beteiligungsholding GmbH,Germany,0.3320,0.0004,0.0007,0.5371,28,Netherlands|France|Switzerland,ja
2025-12-31,5299005OACOC1C1OFJ11,Raiffeisen-Landesbank Tirol AG,Austria,549300L7YCATGO57ZE10,FINECOBANK BANCA FINECO S.P.A. (IN BREVE FINECOBANK S.P.A. OVVERO BANCA FINECO S.P.A. OVVERO FINECO BANCA S.P.A.),Italy,0.3935,0.0001,0.0007,0.2044,33,France|Netherlands|Germany,ja
2025-12-31,5299005OACOC1C1OFJ11,Raiffeisen-Landesbank Tirol AG,Austria,549300LYFYVPUCG6SY25,"Banco Cooperativo Español, S.A.",Spain,0.5894,0.0000,0.0000,,13,Germany|France|Netherlands,ja
2025-12-31,5299005OACOC1C1OFJ11,Raiffeisen-Landesbank Tirol AG,Austria,549300NYKK9MWM7GGW15,ING Groep N.V.,Netherlands,0.4195,0.0007,0.0007,1.0000,34,Germany|Belgium|France,ja
2025-12-31,5299005OACOC1C1OFJ11,Raiffeisen-Landesbank Tirol AG,Austria,549300Q3OIWRHQUQM052,SpareBank 1 Sør-Norge,Norway,0.6357,0.0000,0.0007,0.0000,17,Germany|France|Netherlands,ja
2025-12-31,5299005OACOC1C1OFJ11,Raiffeisen-Landesbank Tirol AG,Austria,549300TEJKOLFN65KR76,BNF Bank plc,Malta,0.3732,0.0000,0.0007,0.0000,13,Netherlands|France|Finland,ja
2025-12-31,5299005OACOC1C1OFJ11,Raiffeisen-Landesbank Tirol AG,Austria,549300TL5406IC1XKD09,Saxo Bank A/S,Denmark,0.4432,0.0005,0.0007,0.6939,29,Netherlands|Norway|Germany,ja
2025-12-31,5299005OACOC1C1OFJ11,Raiffeisen-Landesbank Tirol AG,Austria,549300TRUWO2CD2G5692,"UNICREDIT, SOCIETA' PER AZIONI",Italy,0.4333,0.0003,0.0007,0.4075,33,Germany|France|Netherlands,ja
2025-12-31,5299005OACOC1C1OFJ11,Raiffeisen-Landesbank Tirol AG,Austria,549300X5UKJVE386ZB61,BANCA GENERALI - SOCIETA' PER AZIONI (IN FORMA ABBREVIATA GENERBANCA),Italy,0.3883,0.0000,0.0007,0.0037,24,Germany|France|Netherlands,ja
2025-12-31,5299005OACOC1C1OFJ11,Raiffeisen-Landesbank Tirol AG,Austria,5967007LIEEXZX5PU005,Sparebanken Møre SPA,Norway,0.3219,0.0000,0.0007,0.0022,13,Germany|Sweden|Switzerland,ja
2025-12-31,5299005OACOC1C1OFJ11,Raiffeisen-Landesbank Tirol AG,Austria,635400F6HLXKXNJJX605,EXIM BANCA ROMANEASCA S.A.,Romania,0.5258,0.0000,0.0000,0.0941,21,Germany|France|Italy,ja
2025-12-31,5299005OACOC1C1OFJ11,Raiffeisen-Landesbank Tirol AG,Austria,636700HER4JIK7GZUN17,Klarna - Grupp,Sweden,0.4306,0.0000,0.0000,,6,Germany|Norway|Netherlands,ja
2025-12-31,5299005OACOC1C1OFJ11,Raiffeisen-Landesbank Tirol AG,Austria,724500A1FNICHSDF2I11,ASN Bank N.V.,Netherlands,0.4995,0.0000,0.0000,,12,Germany|France|Norway,ja
2025-12-31,5299005OACOC1C1OFJ11,Raiffeisen-Landesbank Tirol AG,Austria,724500SF1CI8OD5AHI07,HCBG Holding B.V.,Netherlands,0.3937,0.0001,0.0007,0.1320,21,Germany|France|Belgium,ja
2025-12-31,5299005OACOC1C1OFJ11,Raiffeisen-Landesbank Tirol AG,Austria,7437003B5WFBOIEFY714,OP Osuuskunta,Finland,0.5378,0.0000,0.0002,0.0000,17,Germany|France|Norway,ja
2025-12-31,5299005OACOC1C1OFJ11,Raiffeisen-Landesbank Tirol AG,Austria,7437005892K69S3MW344,Säästöpankkiliitto osk,Finland,0.4165,0.0000,0.0007,0.0000,13,France|Norway|Sweden,ja
2025-12-31,5299005OACOC1C1OFJ11,Raiffeisen-Landesbank Tirol AG,Austria,743700FTBNXAUN57RH30,S-Pankki Oyj,Finland,0.3554,0.0000,0.0007,0.0000,15,Netherlands|Norway|Sweden,ja
2025-12-31,5299005OACOC1C1OFJ11,Raiffeisen-Landesbank Tirol AG,Austria,743700GC62JLHFBUND16,Aktia Bank Abp,Finland,0.6165,0.0000,0.0007,0.0000,17,Germany|France|Netherlands,ja
2025-12-31,5299005OACOC1C1OFJ11,Raiffeisen-Landesbank Tirol AG,Austria,743700PW2HDTPU3YRJ31,POP Pankkikeskus osk,Finland,0.4250,0.0000,0.0006,0.0000,13,France|Germany|Norway,ja
2025-12-31,5299005OACOC1C1OFJ11,Raiffeisen-Landesbank Tirol AG,Austria,8156003D79D064FB5360,CASSA LOMBARDA - S.P.A.,Italy,0.4482,0.0000,0.0007,0.0070,17,France|Germany|Switzerland,ja
2025-12-31,5299005OACOC1C1OFJ11,Raiffeisen-Landesbank Tirol AG,Austria,8156005420362AE59184,BANCA IFIS S.P.A. (OVVERO IFIS BANCA S.P.A. O IN FORMA ABBREVIATA IFIS S.P.A.),Italy,0.3728,0.0003,0.0007,0.4264,31,France|Germany|Switzerland,ja
2025-12-31,5299005OACOC1C1OFJ11,Raiffeisen-Landesbank Tirol AG,Austria,815600AD83B2B6317788,CREDITO EMILIANO HOLDING SOCIETA' PER AZIONI,Italy,0.3785,0.0000,0.0007,0.0000,19,France|Netherlands|Germany,ja
2025-12-31,5299005OACOC1C1OFJ11,Raiffeisen-Landesbank Tirol AG,Austria,815600E4E6DCD2D25E30,BANCO BPM SOCIETA' PER AZIONI,Italy,0.5156,0.0000,0.0007,0.0000,18,France|Netherlands|Germany,ja
2025-12-31,5299005OACOC1C1OFJ11,Raiffeisen-Landesbank Tirol AG,Austria,8I5DZWZKVSZI1NUHU748,J.P. Morgan SE,Germany,0.4670,0.0007,0.0007,0.9928,34,France|Netherlands|Italy,ja
2025-12-31,5299005OACOC1C1OFJ11,Raiffeisen-Landesbank Tirol AG,Austria,95980020140005220135,"Caja Rural de Granada, Sociedad Cooperativa de Crédito",Spain,0.5051,0.0000,0.0007,0.0000,15,France|Netherlands|Germany,ja
2025-12-31,5299005OACOC1C1OFJ11,Raiffeisen-Landesbank Tirol AG,Austria,95980020140005439549,"Caja Rural de Navarra, S. Coop. de Crédito",Spain,0.5449,0.0000,0.0007,0.0000,16,France|Netherlands|Germany,ja
2025-12-31,5299005OACOC1C1OFJ11,Raiffeisen-Landesbank Tirol AG,Austria,95980020140005484654,"Caja Rural de Albacete, Ciudad Real y Cuenca, Sociedad Cooperativa de Crédito",Spain,0.4595,0.0000,0.0000,,11,France|Netherlands|Germany,ja
2025-12-31,5299005OACOC1C1OFJ11,Raiffeisen-Landesbank Tirol AG,Austria,95980020140005552166,"Eurocaja Rural, Sociedad Cooperativa de Crédito",Spain,0.5068,0.0005,0.0007,0.6620,21,France|Netherlands|Germany,ja
2025-12-31,5299005OACOC1C1OFJ11,Raiffeisen-Landesbank Tirol AG,Austria,95980020140005881190,Banco de Crédito Social Cooperativo,Spain,0.5898,0.0000,0.0007,0.0000,17,Germany|France|Netherlands,ja
2025-12-31,5299005OACOC1C1OFJ11,Raiffeisen-Landesbank Tirol AG,Austria,9598005U8TZQ8Q64SC71,LIBERTY PARTNERS S.L.U.,Spain,0.3669,0.0000,0.0007,0.0000,14,France|Italy|Switzerland,ja
2025-12-31,5299005OACOC1C1OFJ11,Raiffeisen-Landesbank Tirol AG,Austria,9695000CG7B84NLR5984,Confédération Nationale du Crédit Mutuel,France,0.4548,0.0002,0.0007,0.2808,25,Germany|Netherlands|Belgium,ja
2025-12-31,5299005OACOC1C1OFJ11,Raiffeisen-Landesbank Tirol AG,Austria,969500F7JLTX36OUI695,RCI Banque,France,0.4067,0.0000,0.0007,0.0000,15,Germany|Italy|Switzerland,ja
2025-12-31,5299005OACOC1C1OFJ11,Raiffeisen-Landesbank Tirol AG,Austria,969500TJ5KRTCJQWXH05,CRÉDIT AGRICOLE AUTO BANK S.P.A.,Italy,0.5511,0.0000,0.0007,0.0000,20,Germany|France|Switzerland,ja
2025-12-31,5299005OACOC1C1OFJ11,Raiffeisen-Landesbank Tirol AG,Austria,9DJT3UXIJIZJI4WXO774,Bank of America Europe Designated Activity Company,Ireland,0.5314,0.0006,0.0007,0.8210,30,France|Germany|Netherlands,ja
2025-12-31,5299005OACOC1C1OFJ11,Raiffeisen-Landesbank Tirol AG,Austria,A5GWLFH3KM7YV2SFQL84,Belfius Bank,Belgium,0.4551,0.0000,0.0007,0.0000,23,France|Netherlands|Germany,ja
2025-12-31,5299005OACOC1C1OFJ11,Raiffeisen-Landesbank Tirol AG,Austria,AT0000000000043000VB,VOLKSBANK WIEN AG VB,Austria,0.6652,0.0001,0.0007,0.1391,32,Germany|France|Netherlands,nein
2025-12-31,5299005OACOC1C1OFJ11,Raiffeisen-Landesbank Tirol AG,Austria,B64D6Y3LBJS4ANNPCU93,NIBC Bank N.V.,Netherlands,0.5282,0.0000,0.0007,0.0000,13,Germany|France|Sweden,ja
2025-12-31,5299005OACOC1C1OFJ11,Raiffeisen-Landesbank Tirol AG,Austria,BFXS5XCH7N0Y05NIXW11,ABN AMRO Bank N.V.,Netherlands,0.4838,0.0005,0.0007,0.6642,24,Germany|France|Belgium,ja
2025-12-31,5299005OACOC1C1OFJ11,Raiffeisen-Landesbank Tirol AG,Austria,DIZES5CFO5K3I5R58746,Landesbank Hessen-Thüringen Girozentrale,Germany,0.3732,0.0006,0.0007,0.8442,33,France|Netherlands|Sweden,ja
2025-12-31,5299005OACOC1C1OFJ11,Raiffeisen-Landesbank Tirol AG,Austria,DSNHHQ2B9X5N6OUJ1236,Norddeutsche Landesbank - Girozentrale -,Germany,0.4055,0.0006,0.0007,0.8318,31,France|Netherlands|Italy,ja
2025-12-31,5299005OACOC1C1OFJ11,Raiffeisen-Landesbank Tirol AG,Austria,DZZ47B9A52ZJ6LT6VV95,Deutsche Pfandbriefbank AG,Germany,0.4177,0.0001,0.0007,0.1658,20,France|Netherlands|Sweden,ja
2025-12-31,5299005OACOC1C1OFJ11,Raiffeisen-Landesbank Tirol AG,Austria,I7ETN0QQO2AHZZGHJ389,KOMMUNALBANKEN AS,Norway,0.5443,0.0000,0.0000,,6,Germany|France|Netherlands,ja
2025-12-31,5299005OACOC1C1OFJ11,Raiffeisen-Landesbank Tirol AG,Austria,J4CP7MHCXR8DAQMKIL78,MEDIOBANCA - BANCA DI CREDITO FINANZIARIO S.P.A.,Italy,0.4023,0.0000,0.0007,0.0262,24,France|Netherlands|Germany,ja
2025-12-31,5299005OACOC1C1OFJ11,Raiffeisen-Landesbank Tirol AG,Austria,MLU0ZO3ML4LN2LL2TL39,HSBC Continental Europe,France,0.4875,0.0002,0.0007,0.3327,32,Germany|Netherlands|Italy,ja
2025-12-31,5299005OACOC1C1OFJ11,Raiffeisen-Landesbank Tirol AG,Austria,N747OI7JINV7RUUH6190,BPER Banca S.p.A.,Italy,0.5395,0.0000,0.0007,0.0000,18,Germany|France|Netherlands,ja
2025-12-31,5299005OACOC1C1OFJ11,Raiffeisen-Landesbank Tirol AG,Austria,NNVPP80YIZGEY2314M97,ICCREA BANCA S.P.A. - ISTITUTO CENTRALE DEL CREDITO COOPERATIVO (IN FORMA ABBREVIATA: ICCREA BANCA S.P.A.),Italy,0.5848,0.0000,0.0007,0.0000,16,Germany|France|Netherlands,ja
2025-12-31,5299005OACOC1C1OFJ11,Raiffeisen-Landesbank Tirol AG,Austria,O2RNE8IBXP4R0TD8PU41,Société générale S.A.,France,0.3166,0.0000,0.0007,0.0178,31,Germany|Netherlands|Belgium,ja
2025-12-31,5299005OACOC1C1OFJ11,Raiffeisen-Landesbank Tirol AG,Austria,P4GTT6GF1W40CVIMFR43,Powszechna Kasa Oszczednosci Bank Polski S.A.,Poland,0.4472,0.0005,0.0007,0.6653,33,Germany|Netherlands|France,ja
2025-12-31,5299005OACOC1C1OFJ11,Raiffeisen-Landesbank Tirol AG,Austria,R7CQUF1DQM73HUTV1078,"Banque et Caisse d´Epargne de l´Etat, Luxembourg",Luxembourg,0.6944,0.0000,0.0007,0.0000,17,Germany|France|Netherlands,ja
2025-12-31,5299005OACOC1C1OFJ11,Raiffeisen-Landesbank Tirol AG,Austria,RRUN0TCQ1K2JDV7MXO75,Oberbank AG,Austria,0.3643,0.0001,0.0007,0.0911,30,Germany|Netherlands|France,nein
2025-12-31,5299005OACOC1C1OFJ11,Raiffeisen-Landesbank Tirol AG,Austria,TUKDD90GPC79G1KOE162,Hamburg Commercial Bank AG,Germany,0.3519,0.0001,0.0007,0.1681,23,Netherlands|France|Sweden,ja
2025-12-31,5299005OACOC1C1OFJ11,Raiffeisen-Landesbank Tirol AG,Austria,VDYMYTQGZZ6DU0912C88,Bayerische Landesbank,Germany,0.3825,0.0001,0.0007,0.1606,34,France|Netherlands|Belgium,ja
2025-12-31,5299005OACOC1C1OFJ11,Raiffeisen-Landesbank Tirol AG,Austria,WFLLPEPC7FZXENRZV188,THE BANK OF NEW YORK MELLON,Belgium,0.4765,0.0001,0.0007,0.1353,25,Germany|Netherlands|Norway,ja
2025-12-31,5299007S3UH5RKUYDA52,DEUTSCHE APOTHEKER- UND ÄRZTEBANK EG,Germany,529900FEID5L4H2T2L70,Raiffeisen Landesbank Vorarlberg mit Revisionsverband eGen,Austria,0.3783,0.0004,0.0016,0.2685,18,France|Norway|Switzerland,ja
2025-12-31,5299007S3UH5RKUYDA52,DEUTSCHE APOTHEKER- UND ÄRZTEBANK EG,Germany,529900GM944JT8YIRL63,Münchener Hypothekenbank eG,Germany,0.4418,0.0001,0.0016,0.0846,43,Luxembourg|Switzerland|Netherlands,nein
2025-12-31,5299007S3UH5RKUYDA52,DEUTSCHE APOTHEKER- UND ÄRZTEBANK EG,Germany,529900HEKOENJHPNN480,Kuntarahoitus Oyj,Finland,0.4945,0.0000,0.0000,,9,France|Sweden|Norway,ja
2025-12-31,5299007S3UH5RKUYDA52,DEUTSCHE APOTHEKER- UND ÄRZTEBANK EG,Germany,529900HNOAA1KXQJUQ27,"DZ BANK AG Deutsche Zentral-Genossenschaftsbank, Frankfurt am Main",Germany,0.6258,0.0014,0.0016,0.8866,58,France|Netherlands|United States,nein
2025-12-31,5299007S3UH5RKUYDA52,DEUTSCHE APOTHEKER- UND ÄRZTEBANK EG,Germany,529900IRBZTADXJB6757,flatexDEGIRO AG,Germany,0.4628,0.0004,0.0016,0.2476,51,Luxembourg|Netherlands|Austria,nein
2025-12-31,5299007S3UH5RKUYDA52,DEUTSCHE APOTHEKER- UND ÄRZTEBANK EG,Germany,529900JZTYE3W7WQH904,HASPA Finanzholding,Germany,0.5311,0.0000,0.0001,0.5157,26,France|Luxembourg|Netherlands,nein
2025-12-31,5299007S3UH5RKUYDA52,DEUTSCHE APOTHEKER- UND ÄRZTEBANK EG,Germany,529900NNUPAGGOMPXZ31,Volkswagen Financial Services AG,Germany,0.3899,0.0000,0.0000,,13,France|Netherlands|Sweden,nein
2025-12-31,5299007S3UH5RKUYDA52,DEUTSCHE APOTHEKER- UND ÄRZTEBANK EG,Germany,529900QYEJ2GYSWK1F08,RLB-Stmk Verbund eGen,Austria,0.3972,0.0001,0.0016,0.0669,33,France|Luxembourg|Sweden,ja
2025-12-31,5299007S3UH5RKUYDA52,DEUTSCHE APOTHEKER- UND ÄRZTEBANK EG,Germany,529900RWC8ZYB066JF16,Bank of Valletta Plc,Malta,0.3076,0.0001,0.0016,0.0356,25,France|Sweden|Netherlands,ja
2025-12-31,5299007S3UH5RKUYDA52,DEUTSCHE APOTHEKER- UND ÄRZTEBANK EG,Germany,5493002DPKDEC2JN1Y86,Sparekassen Sjælland-Fyn A/S,Denmark,0.4021,0.0000,0.0016,0.0051,11,Luxembourg|Switzerland|Sweden,ja
2025-12-31,5299007S3UH5RKUYDA52,DEUTSCHE APOTHEKER- UND ÄRZTEBANK EG,Germany,54930053HGCFWVHYZX42,Bank of China (Europe) S.A,Luxembourg,0.4154,0.0004,0.0016,0.2384,29,Netherlands|Sweden|Belgium,ja
2025-12-31,5299007S3UH5RKUYDA52,DEUTSCHE APOTHEKER- UND ÄRZTEBANK EG,Germany,54930060Q00W1SRIUI57,vdk bank,Belgium,0.4406,0.0001,0.0016,0.0397,24,France|Netherlands|United States,ja
2025-12-31,5299007S3UH5RKUYDA52,DEUTSCHE APOTHEKER- UND ÄRZTEBANK EG,Germany,5493007BWYDPQZLZ0Y27,HYPO NOE Landesbank für Niederösterreich und Wien AG,Austria,0.4255,0.0001,0.0003,0.1690,26,France|Netherlands|Norway,ja
2025-12-31,5299007S3UH5RKUYDA52,DEUTSCHE APOTHEKER- UND ÄRZTEBANK EG,Germany,549300DYPOFMXOR7XM56,Crelan,Belgium,0.3938,0.0011,0.0016,0.6572,52,France|Luxembourg|Netherlands,ja
2025-12-31,5299007S3UH5RKUYDA52,DEUTSCHE APOTHEKER- UND ÄRZTEBANK EG,Germany,549300GDPG70E3MBBU98,KfW Beteiligungsholding GmbH,Germany,0.4891,0.0010,0.0016,0.6244,47,United States|Netherlands|France,nein
2025-12-31,5299007S3UH5RKUYDA52,DEUTSCHE APOTHEKER- UND ÄRZTEBANK EG,Germany,549300GKFG0RYRRQ1414,DNB BANK ASA,Norway,0.3722,0.0001,0.0016,0.0929,26,Sweden|United States|Luxembourg,ja
2025-12-31,5299007S3UH5RKUYDA52,DEUTSCHE APOTHEKER- UND ÄRZTEBANK EG,Germany,549300IQZVZ949N37S44,Euroclear Holding,Belgium,0.3339,0.0000,0.0016,0.0219,36,France|Sweden|Spain,ja
2025-12-31,5299007S3UH5RKUYDA52,DEUTSCHE APOTHEKER- UND ÄRZTEBANK EG,Germany,549300L7YCATGO57ZE10,FINECOBANK BANCA FINECO S.P.A. (IN BREVE FINECOBANK S.P.A. OVVERO BANCA FINECO S.P.A. OVVERO FINECO BANCA S.P.A.),Italy,0.4027,0.0005,0.0016,0.3147,53,France|Netherlands|United States,ja
2025-12-31,5299007S3UH5RKUYDA52,DEUTSCHE APOTHEKER- UND ÄRZTEBANK EG,Germany,549300LYFYVPUCG6SY25,"Banco Cooperativo Español, S.A.",Spain,0.3395,0.0000,0.0000,,12,France|Netherlands|Luxembourg,ja
2025-12-31,5299007S3UH5RKUYDA52,DEUTSCHE APOTHEKER- UND ÄRZTEBANK EG,Germany,549300NYKK9MWM7GGW15,ING Groep N.V.,Netherlands,0.3178,0.0012,0.0016,0.7716,59,United States|Belgium|Luxembourg,ja
2025-12-31,5299007S3UH5RKUYDA52,DEUTSCHE APOTHEKER- UND ÄRZTEBANK EG,Germany,549300Q3OIWRHQUQM052,SpareBank 1 Sør-Norge,Norway,0.5213,0.0002,0.0014,0.1571,22,France|Sweden|Netherlands,ja
2025-12-31,5299007S3UH5RKUYDA52,DEUTSCHE APOTHEKER- UND ÄRZTEBANK EG,Germany,549300RG3H390KEL8896,Banca Transilvania,Romania,0.3941,0.0002,0.0016,0.1352,43,France|Luxembourg|United States,ja
2025-12-31,5299007S3UH5RKUYDA52,DEUTSCHE APOTHEKER- UND ÄRZTEBANK EG,Germany,549300TEJKOLFN65KR76,BNF Bank plc,Malta,0.5081,0.0000,0.0016,0.0051,15,France|Luxembourg|Netherlands,ja
2025-12-31,5299007S3UH5RKUYDA52,DEUTSCHE APOTHEKER- UND ÄRZTEBANK EG,Germany,549300TK038P6EV4YU51,AB Artea bankas,Lithuania,0.3793,0.0000,0.0000,,8,France|Switzerland|United States,ja
2025-12-31,5299007S3UH5RKUYDA52,DEUTSCHE APOTHEKER- UND ÄRZTEBANK EG,Germany,549300TL5406IC1XKD09,Saxo Bank A/S,Denmark,0.5242,0.0009,0.0016,0.5423,46,Netherlands|Luxembourg|Norway,ja
2025-12-31,5299007S3UH5RKUYDA52,DEUTSCHE APOTHEKER- UND ÄRZTEBANK EG,Germany,549300TTZTKBUFKWH890,The Cyprus Development Bank Public Company Ltd,Cyprus,0.3130,0.0000,0.0000,,5,France|Netherlands|Austria,ja
2025-12-31,5299007S3UH5RKUYDA52,DEUTSCHE APOTHEKER- UND ÄRZTEBANK EG,Germany,724500A1FNICHSDF2I11,ASN Bank N.V.,Netherlands,0.4957,0.0000,0.0000,,12,France|Luxembourg|Norway,ja
2025-12-31,5299007S3UH5RKUYDA52,DEUTSCHE APOTHEKER- UND ÄRZTEBANK EG,Germany,7437003B5WFBOIEFY714,OP Osuuskunta,Finland,0.4367,0.0001,0.0002,0.3687,22,France|Sweden|Norway,ja
2025-12-31,5299007S3UH5RKUYDA52,DEUTSCHE APOTHEKER- UND ÄRZTEBANK EG,Germany,7437005892K69S3MW344,Säästöpankkiliitto osk,Finland,0.4334,0.0000,0.0016,0.0051,16,France|Sweden|Norway,ja
2025-12-31,5299007S3UH5RKUYDA52,DEUTSCHE APOTHEKER- UND ÄRZTEBANK EG,Germany,7437006WYM821IJ3MN73,Ålandsbanken Abp,Finland,0.3117,0.0000,0.0000,0.0000,15,Sweden|Norway|France,ja
2025-12-31,5299007S3UH5RKUYDA52,DEUTSCHE APOTHEKER- UND ÄRZTEBANK EG,Germany,743700FTBNXAUN57RH30,S-Pankki Oyj,Finland,0.4032,0.0000,0.0016,0.0000,16,Sweden|Netherlands|Norway,ja
2025-12-31,5299007S3UH5RKUYDA52,DEUTSCHE APOTHEKER- UND ÄRZTEBANK EG,Germany,743700GC62JLHFBUND16,Aktia Bank Abp,Finland,0.4281,0.0001,0.0016,0.0761,24,France|Netherlands|Norway,ja
2025-12-31,5299007S3UH5RKUYDA52,DEUTSCHE APOTHEKER- UND ÄRZTEBANK EG,Germany,743700PW2HDTPU3YRJ31,POP Pankkikeskus osk,Finland,0.3663,0.0000,0.0006,0.0146,17,France|Sweden|Norway,ja
2025-12-31,5299007S3UH5RKUYDA52,DEUTSCHE APOTHEKER- UND ÄRZTEBANK EG,Germany,7LTWFZYICNSX8D621K86,DEUTSCHE BANK AKTIENGESELLSCHAFT,Germany,0.3059,0.0009,0.0016,0.5742,53,United States|Luxembourg|Spain,nein
2025-12-31,5299007S3UH5RKUYDA52,DEUTSCHE APOTHEKER- UND ÄRZTEBANK EG,Germany,8156003D79D064FB5360,CASSA LOMBARDA - S.P.A.,Italy,0.4282,0.0000,0.0016,0.0054,18,France|Switzerland|Finland,ja
2025-12-31,5299007S3UH5RKUYDA52,DEUTSCHE APOTHEKER- UND ÄRZTEBANK EG,Germany,8156005420362AE59184,BANCA IFIS S.P.A. (OVVERO IFIS BANCA S.P.A. O IN FORMA ABBREVIATA IFIS S.P.A.),Italy,0.4782,0.0010,0.0016,0.6244,49,France|Luxembourg|Switzerland,ja
2025-12-31,5299007S3UH5RKUYDA52,DEUTSCHE APOTHEKER- UND ÄRZTEBANK EG,Germany,81560062CEAE87A85C80,AREPO BP S.P.A.,Italy,0.3642,0.0000,0.0016,0.0264,17,Luxembourg|Netherlands|United States,ja
2025-12-31,5299007S3UH5RKUYDA52,DEUTSCHE APOTHEKER- UND ÄRZTEBANK EG,Germany,81560087340FCB8D6D66,MEDIOCREDITO CENTRALE - BANCA DEL MEZZOGIORNO SPA,Italy,0.3383,0.0002,0.0016,0.1551,27,Luxembourg|United States|France,ja
2025-12-31,5299007S3UH5RKUYDA52,DEUTSCHE APOTHEKER- UND ÄRZTEBANK EG,Germany,815600AD83B2B6317788,CREDITO EMILIANO HOLDING SOCIETA' PER AZIONI,Italy,0.4497,0.0001,0.0007,0.1556,24,France|Netherlands|United States,ja
2025-12-31,5299007S3UH5RKUYDA52,DEUTSCHE APOTHEKER- UND ÄRZTEBANK EG,Germany,815600E4E6DCD2D25E30,BANCO BPM SOCIETA' PER AZIONI,Italy,0.4448,0.0001,0.0016,0.0761,27,France|Luxembourg|Netherlands,ja
2025-12-31,5299007S3UH5RKUYDA52,DEUTSCHE APOTHEKER- UND ÄRZTEBANK EG,Germany,8I5DZWZKVSZI1NUHU748,J.P. Morgan SE,Germany,0.5700,0.0015,0.0016,0.9365,56,France|Netherlands|United States,nein
2025-12-31,5299007S3UH5RKUYDA52,DEUTSCHE APOTHEKER- UND ÄRZTEBANK EG,Germany,95980020140005220135,"Caja Rural de Granada, Sociedad Cooperativa de Crédito",Spain,0.3576,0.0000,0.0008,0.0118,17,France|Netherlands|Luxembourg,ja
2025-12-31,5299007S3UH5RKUYDA52,DEUTSCHE APOTHEKER- UND ÄRZTEBANK EG,Germany,95980020140005439549,"Caja Rural de Navarra, S. Coop. de Crédito",Spain,0.3930,0.0001,0.0016,0.0761,19,France|Netherlands|Luxembourg,ja
2025-12-31,5299007S3UH5RKUYDA52,DEUTSCHE APOTHEKER- UND ÄRZTEBANK EG,Germany,95980020140005484654,"Caja Rural de Albacete, Ciudad Real y Cuenca, Sociedad Cooperativa de Crédito",Spain,0.3413,0.0000,0.0000,,10,France|Netherlands|Luxembourg,ja
2025-12-31,5299007S3UH5RKUYDA52,DEUTSCHE APOTHEKER- UND ÄRZTEBANK EG,Germany,95980020140005552166,"Eurocaja Rural, Sociedad Cooperativa de Crédito",Spain,0.4814,0.0001,0.0016,0.0392,27,France|Netherlands|Luxembourg,ja
2025-12-31,5299007S3UH5RKUYDA52,DEUTSCHE APOTHEKER- UND ÄRZTEBANK EG,Germany,95980020140005881190,Banco de Crédito Social Cooperativo,Spain,0.4254,0.0001,0.0016,0.0761,25,Luxembourg|France|Netherlands,ja
2025-12-31,5299007S3UH5RKUYDA52,DEUTSCHE APOTHEKER- UND ÄRZTEBANK EG,Germany,9598005U8TZQ8Q64SC71,LIBERTY PARTNERS S.L.U.,Spain,0.4053,0.0000,0.0016,0.0000,15,France|Luxembourg|Switzerland,ja
2025-12-31,5299007S3UH5RKUYDA52,DEUTSCHE APOTHEKER- UND ÄRZTEBANK EG,Germany,9695005MSX1OYEMGDF46,Natixis,France,0.3253,0.0013,0.0016,0.7984,52,Luxembourg|United States|Netherlands,ja
2025-12-31,5299007S3UH5RKUYDA52,DEUTSCHE APOTHEKER- UND ÄRZTEBANK EG,Germany,969500Q2PFTTP0Y5QL44,SFIL S.A.,France,0.3323,0.0000,0.0000,,9,Sweden|Norway|Finland,ja
2025-12-31,5299007S3UH5RKUYDA52,DEUTSCHE APOTHEKER- UND ÄRZTEBANK EG,Germany,969500TJ5KRTCJQWXH05,CRÉDIT AGRICOLE AUTO BANK S.P.A.,Italy,0.4091,0.0000,0.0016,0.0000,22,France|Switzerland|Finland,ja
2025-12-31,5299007S3UH5RKUYDA52,DEUTSCHE APOTHEKER- UND ÄRZTEBANK EG,Germany,9DJT3UXIJIZJI4WXO774,Bank of America Europe Designated Activity Company,Ireland,0.5249,0.0007,0.0016,0.4301,44,France|Luxembourg|Netherlands,ja
2025-12-31,5299007S3UH5RKUYDA52,DEUTSCHE APOTHEKER- UND ÄRZTEBANK EG,Germany,A5GWLFH3KM7YV2SFQL84,Belfius Bank,Belgium,0.5279,0.0003,0.0016,0.1877,34,France|Luxembourg|Netherlands,ja
2025-12-31,5299007S3UH5RKUYDA52,DEUTSCHE APOTHEKER- UND ÄRZTEBANK EG,Germany,AT0000000000043000VB,VOLKSBANK WIEN AG VB,Austria,0.4123,0.0006,0.0016,0.4044,49,France|Netherlands|Finland,ja
2025-12-31,5299007S3UH5RKUYDA52,DEUTSCHE APOTHEKER- UND ÄRZTEBANK EG,Germany,B64D6Y3LBJS4ANNPCU93,NIBC Bank N.V.,Netherlands,0.3743,0.0000,0.0016,0.0051,14,France|Luxembourg|Belgium,ja
2025-12-31,5299007S3UH5RKUYDA52,DEUTSCHE APOTHEKER- UND ÄRZTEBANK EG,Germany,BFXS5XCH7N0Y05NIXW11,ABN AMRO Bank N.V.,Netherlands,0.4432,0.0004,0.0016,0.2268,38,France|Luxembourg|United States,ja
2025-12-31,5299007S3UH5RKUYDA52,DEUTSCHE APOTHEKER- UND ÄRZTEBANK EG,Germany,DIZES5CFO5K3I5R58746,Landesbank Hessen-Thüringen Girozentrale,Germany,0.5617,0.0007,0.0016,0.4559,58,France|United States|Luxembourg,nein
2025-12-31,5299007S3UH5RKUYDA52,DEUTSCHE APOTHEKER- UND ÄRZTEBANK EG,Germany,DSNHHQ2B9X5N6OUJ1236,Norddeutsche Landesbank - Girozentrale -,Germany,0.5563,0.0003,0.0016,0.2109,45,France|Luxembourg|Netherlands,nein
2025-12-31,5299007S3UH5RKUYDA52,DEUTSCHE APOTHEKER- UND ÄRZTEBANK EG,Germany,DZZ47B9A52ZJ6LT6VV95,Deutsche Pfandbriefbank AG,Germany,0.5620,0.0003,0.0016,0.1889,22,France|Netherlands|United States,nein
2025-12-31,5299007S3UH5RKUYDA52,DEUTSCHE APOTHEKER- UND ÄRZTEBANK EG,Germany,F3JS33DEI6XQ4ZBPTN86,Skandinaviska Enskilda Banken - gruppen,Sweden,0.3046,0.0014,0.0016,0.8500,56,Norway|Finland|Luxembourg,ja
2025-12-31,5299007S3UH5RKUYDA52,DEUTSCHE APOTHEKER- UND ÄRZTEBANK EG,Germany,J4CP7MHCXR8DAQMKIL78,MEDIOBANCA - BANCA DI CREDITO FINANZIARIO S.P.A.,Italy,0.4742,0.0004,0.0016,0.2262,39,France|Luxembourg|Netherlands,ja
2025-12-31,5299007S3UH5RKUYDA52,DEUTSCHE APOTHEKER- UND ÄRZTEBANK EG,Germany,MAES062Z21O4RZ2U7M96,Danske Bank A/S,Denmark,0.3178,0.0000,0.0016,0.0051,14,Sweden|Norway|Finland,ja
2025-12-31,5299007S3UH5RKUYDA52,DEUTSCHE APOTHEKER- UND ÄRZTEBANK EG,Germany,MLU0ZO3ML4LN2LL2TL39,HSBC Continental Europe,France,0.4038,0.0011,0.0016,0.7130,54,Luxembourg|Netherlands|United States,ja
2025-12-31,5299007S3UH5RKUYDA52,DEUTSCHE APOTHEKER- UND ÄRZTEBANK EG,Germany,N747OI7JINV7RUUH6190,BPER Banca S.p.A.,Italy,0.4583,0.0004,0.0016,0.2181,29,France|Luxembourg|Netherlands,ja
2025-12-31,5299007S3UH5RKUYDA52,DEUTSCHE APOTHEKER- UND ÄRZTEBANK EG,Germany,NNVPP80YIZGEY2314M97,ICCREA BANCA S.P.A. - ISTITUTO CENTRALE DEL CREDITO COOPERATIVO (IN FORMA ABBREVIATA: ICCREA BANCA S.P.A.),Italy,0.3286,0.0000,0.0016,0.0051,23,France|Netherlands|Luxembourg,ja
2025-12-31,5299007S3UH5RKUYDA52,DEUTSCHE APOTHEKER- UND ÄRZTEBANK EG,Germany,O2RNE8IBXP4R0TD8PU41,Société générale S.A.,France,0.3051,0.0001,0.0016,0.0866,52,Luxembourg|Netherlands|Belgium,ja
2025-12-31,5299007S3UH5RKUYDA52,DEUTSCHE APOTHEKER- UND ÄRZTEBANK EG,Germany,P4GTT6GF1W40CVIMFR43,Powszechna Kasa Oszczednosci Bank Polski S.A.,Poland,0.3499,0.0002,0.0016,0.1084,55,Netherlands|France|Luxembourg,ja
2025-12-31,5299007S3UH5RKUYDA52,DEUTSCHE APOTHEKER- UND ÄRZTEBANK EG,Germany,QLPCKOOKVX32FUELX240,Bank Polska Kasa Opieki S.A.,Poland,0.3909,0.0001,0.0016,0.0589,51,Luxembourg|Austria|Netherlands,ja
2025-12-31,5299007S3UH5RKUYDA52,DEUTSCHE APOTHEKER- UND ÄRZTEBANK EG,Germany,R7CQUF1DQM73HUTV1078,"Banque et Caisse d´Epargne de l´Etat, Luxembourg",Luxembourg,0.4893,0.0000,0.0016,0.0051,24,France|Netherlands|Norway,ja
2025-12-31,5299007S3UH5RKUYDA52,DEUTSCHE APOTHEKER- UND ÄRZTEBANK EG,Germany,TUKDD90GPC79G1KOE162,Hamburg Commercial Bank AG,Germany,0.5543,0.0005,0.0016,0.3404,33,Luxembourg|Netherlands|United States,nein
2025-12-31,5299007S3UH5RKUYDA52,DEUTSCHE APOTHEKER- UND ÄRZTEBANK EG,Germany,VDYMYTQGZZ6DU0912C88,Bayerische Landesbank,Germany,0.4407,0.0003,0.0016,0.1839,58,France|Luxembourg|Netherlands,nein
2025-12-31,5299007S3UH5RKUYDA52,DEUTSCHE APOTHEKER- UND ÄRZTEBANK EG,Germany,WFLLPEPC7FZXENRZV188,THE BANK OF NEW YORK MELLON,Belgium,0.3932,0.0005,0.0016,0.3122,36,Netherlands|Austria|Norway,ja
2025-12-31,5299009EHB4RBGMI5828,Raiffeisen Landesbank Kärnten und Revisionsverband eGen,Austria,529900FEID5L4H2T2L70,Raiffeisen Landesbank Vorarlberg mit Revisionsverband eGen,Austria,0.3129,0.0000,0.0067,0.0000,13,Germany|France|Netherlands,nein
2025-12-31,5299009EHB4RBGMI5828,Raiffeisen Landesbank Kärnten und Revisionsverband eGen,Austria,529900SXEWPJ1MRRX537,Raiffeisen-Holding Niederösterreich-Wien registrierte Genossenschaft mit beschränkter Haftung,Austria,0.3486,0.0003,0.0044,0.0668,28,Germany|France|Netherlands,nein
2025-12-31,5299009EHB4RBGMI5828,Raiffeisen Landesbank Kärnten und Revisionsverband eGen,Austria,529900W3MOO00A18X956,OTP-csoport,Hungary,0.4100,0.0001,0.0155,0.0063,29,Slovenia|Netherlands|Germany,ja
2025-12-31,5299009EHB4RBGMI5828,Raiffeisen Landesbank Kärnten und Revisionsverband eGen,Austria,5493007BWYDPQZLZ0Y27,HYPO NOE Landesbank für Niederösterreich und Wien AG,Austria,0.3312,0.0000,0.0003,0.0907,24,Germany|France|Netherlands,nein
2025-12-31,5299009EHB4RBGMI5828,Raiffeisen Landesbank Kärnten und Revisionsverband eGen,Austria,549300DYPOFMXOR7XM56,Crelan,Belgium,0.3052,0.0014,0.0155,0.0903,31,Germany|France|Netherlands,ja
2025-12-31,5299009EHB4RBGMI5828,Raiffeisen Landesbank Kärnten und Revisionsverband eGen,Austria,743700GC62JLHFBUND16,Aktia Bank Abp,Finland,0.3161,0.0005,0.0155,0.0303,19,Germany|France|Netherlands,ja
2025-12-31,5299009EHB4RBGMI5828,Raiffeisen Landesbank Kärnten und Revisionsverband eGen,Austria,815600E4E6DCD2D25E30,BANCO BPM SOCIETA' PER AZIONI,Italy,0.3022,0.0000,0.0023,0.0005,21,Germany|France|Netherlands,ja
2025-12-31,5299009EHB4RBGMI5828,Raiffeisen Landesbank Kärnten und Revisionsverband eGen,Austria,95980020140005439549,"Caja Rural de Navarra, S. Coop. de Crédito",Spain,0.3187,0.0001,0.0063,0.0139,18,Germany|France|Netherlands,ja
2025-12-31,5299009EHB4RBGMI5828,Raiffeisen Landesbank Kärnten und Revisionsverband eGen,Austria,95980020140005881190,Banco de Crédito Social Cooperativo,Spain,0.3014,0.0005,0.0045,0.1044,20,Germany|France|Netherlands,ja
2025-12-31,5299009EHB4RBGMI5828,Raiffeisen Landesbank Kärnten und Revisionsverband eGen,Austria,9DJT3UXIJIZJI4WXO774,Bank of America Europe Designated Activity Company,Ireland,0.3088,0.0026,0.0155,0.1699,30,Germany|France|Netherlands,ja
2025-12-31,5299009EHB4RBGMI5828,Raiffeisen Landesbank Kärnten und Revisionsverband eGen,Austria,AT0000000000043000VB,VOLKSBANK WIEN AG VB,Austria,0.3354,0.0003,0.0047,0.0534,34,Germany|France|Netherlands,nein
2025-12-31,5299009EHB4RBGMI5828,Raiffeisen Landesbank Kärnten und Revisionsverband eGen,Austria,N747OI7JINV7RUUH6190,BPER Banca S.p.A.,Italy,0.3128,0.0002,0.0155,0.0132,21,Germany|France|Netherlands,ja
2025-12-31,5299009EHB4RBGMI5828,Raiffeisen Landesbank Kärnten und Revisionsverband eGen,Austria,NNVPP80YIZGEY2314M97,ICCREA BANCA S.P.A. - ISTITUTO CENTRALE DEL CREDITO COOPERATIVO (IN FORMA ABBREVIATA: ICCREA BANCA S.P.A.),Italy,0.3068,0.0005,0.0074,0.0631,19,Germany|France|Netherlands,ja
2025-12-31,5299009EHB4RBGMI5828,Raiffeisen Landesbank Kärnten und Revisionsverband eGen,Austria,P4GTT6GF1W40CVIMFR43,Powszechna Kasa Oszczednosci Bank Polski S.A.,Poland,0.3115,0.0024,0.0155,0.1551,34,Germany|Netherlands|France,ja
2025-12-31,5299009EHB4RBGMI5828,Raiffeisen Landesbank Kärnten und Revisionsverband eGen,Austria,R7CQUF1DQM73HUTV1078,"Banque et Caisse d´Epargne de l´Etat, Luxembourg",Luxembourg,0.3003,0.0000,0.0047,0.0055,20,Germany|France|Netherlands,ja
2025-12-31,5299009EHB4RBGMI5828,Raiffeisen Landesbank Kärnten und Revisionsverband eGen,Austria,WFLLPEPC7FZXENRZV188,THE BANK OF NEW YORK MELLON,Belgium,0.3176,0.0001,0.0155,0.0038,22,Germany|Netherlands|France,ja
2025-12-31,529900BHRYZ464GFD289,GRENKE AG,Germany,529900NNUPAGGOMPXZ31,Volkswagen Financial Services AG,Germany,0.3415,0.0000,0.0000,,13,Italy|United Kingdom|Sweden,nein
2025-12-31,529900BHRYZ464GFD289,GRENKE AG,Germany,7LTWFZYICNSX8D621K86,DEUTSCHE BANK AKTIENGESELLSCHAFT,Germany,0.3037,0.0053,0.0253,0.2096,32,Italy|United Kingdom|Ireland,nein
2025-12-31,529900BHRYZ464GFD289,GRENKE AG,Germany,8156005420362AE59184,BANCA IFIS S.P.A. (OVVERO IFIS BANCA S.P.A. O IN FORMA ABBREVIATA IFIS S.P.A.),Italy,0.3422,0.0008,0.0253,0.0324,31,Ireland|United Kingdom|Switzerland,ja
2025-12-31,529900BHRYZ464GFD289,GRENKE AG,Germany,8I5DZWZKVSZI1NUHU748,J.P. Morgan SE,Germany,0.3005,0.0032,0.0253,0.1252,32,United Kingdom|Italy|Ireland,nein
2025-12-31,529900BHRYZ464GFD289,GRENKE AG,Germany,9598005U8TZQ8Q64SC71,LIBERTY PARTNERS S.L.U.,Spain,0.3803,0.0002,0.0241,0.0078,14,Italy|Ireland|United Kingdom,ja
2025-12-31,529900BHRYZ464GFD289,GRENKE AG,Germany,969500F7JLTX36OUI695,RCI Banque,France,0.3534,0.0172,0.0253,0.6797,20,Italy|United Kingdom|Switzerland,ja
2025-12-31,529900EKPN8EYA3AX590,Texim Bank AD,Bulgaria,529900JZTYE3W7WQH904,HASPA Finanzholding,Germany,0.3338,0.0000,0.0001,0.5315,9,Luxembourg|United States|Belgium,ja
2025-12-31,529900EKPN8EYA3AX590,Texim Bank AD,Bulgaria,549300TEJKOLFN65KR76,BNF Bank plc,Malta,0.3214,0.0000,0.0006,0.0000,5,Luxembourg|United States|Austria,ja
2025-12-31,529900EKPN8EYA3AX590,Texim Bank AD,Bulgaria,81560062CEAE87A85C80,AREPO BP S.P.A.,Italy,0.6585,0.0000,0.0006,0.0000,6,Luxembourg|United States|France,ja
2025-12-31,529900EKPN8EYA3AX590,Texim Bank AD,Bulgaria,81560087340FCB8D6D66,MEDIOCREDITO CENTRALE - BANCA DEL MEZZOGIORNO SPA,Italy,0.4177,0.0005,0.0006,0.8585,9,Luxembourg|United States|Belgium,ja
2025-12-31,529900EKPN8EYA3AX590,Texim Bank AD,Bulgaria,9598005U8TZQ8Q64SC71,LIBERTY PARTNERS S.L.U.,Spain,0.4100,0.0000,0.0006,0.0000,5,Luxembourg|Italy|Belgium,ja
2025-12-31,529900EKPN8EYA3AX590,Texim Bank AD,Bulgaria,9695005MSX1OYEMGDF46,Natixis,France,0.6051,0.0002,0.0006,0.3290,10,Luxembourg|United States|Italy,ja
2025-12-31,529900EKPN8EYA3AX590,Texim Bank AD,Bulgaria,FR9695005MSX1OYEMGDF,Groupe BPCE,France,0.6697,0.0000,0.0006,0.0000,5,Luxembourg|Belgium|Greece,ja
2025-12-31,529900FEID5L4H2T2L70,Raiffeisen Landesbank Vorarlberg mit Revisionsverband eGen,Austria,529900G3SW56SHYNPR95,Clearstream Banking S.A.,Luxembourg,0.3471,0.0000,0.0012,0.0000,9,Germany|Belgium|France,ja
2025-12-31,529900FEID5L4H2T2L70,Raiffeisen Landesbank Vorarlberg mit Revisionsverband eGen,Austria,529900GGYMNGRQTDOO93,BNG Bank N.V.,Netherlands,0.4385,0.0000,0.0000,,6,France|Germany|Italy,ja
2025-12-31,529900FEID5L4H2T2L70,Raiffeisen Landesbank Vorarlberg mit Revisionsverband eGen,Austria,529900HEKOENJHPNN480,Kuntarahoitus Oyj,Finland,0.3830,0.0000,0.0000,,8,France|Norway|Netherlands,ja
2025-12-31,529900FEID5L4H2T2L70,Raiffeisen Landesbank Vorarlberg mit Revisionsverband eGen,Austria,529900HNOAA1KXQJUQ27,"DZ BANK AG Deutsche Zentral-Genossenschaftsbank, Frankfurt am Main",Germany,0.3230,0.0010,0.0067,0.1441,19,France|Switzerland|Netherlands,ja
2025-12-31,529900FEID5L4H2T2L70,Raiffeisen Landesbank Vorarlberg mit Revisionsverband eGen,Austria,529900JZTYE3W7WQH904,HASPA Finanzholding,Germany,0.3674,0.0000,0.0001,0.0000,10,France|Netherlands|Norway,ja
2025-12-31,529900FEID5L4H2T2L70,Raiffeisen Landesbank Vorarlberg mit Revisionsverband eGen,Austria,529900QYEJ2GYSWK1F08,RLB-Stmk Verbund eGen,Austria,0.6109,0.0000,0.0067,0.0036,18,Germany|France|Netherlands,nein
2025-12-31,529900FEID5L4H2T2L70,Raiffeisen Landesbank Vorarlberg mit Revisionsverband eGen,Austria,529900RWC8ZYB066JF16,Bank of Valletta Plc,Malta,0.4795,0.0000,0.0058,0.0000,11,France|Germany|Netherlands,ja
2025-12-31,529900FEID5L4H2T2L70,Raiffeisen Landesbank Vorarlberg mit Revisionsverband eGen,Austria,529900SXEWPJ1MRRX537,Raiffeisen-Holding Niederösterreich-Wien registrierte Genossenschaft mit beschränkter Haftung,Austria,0.5533,0.0003,0.0044,0.0666,18,Germany|France|Netherlands,nein
2025-12-31,529900FEID5L4H2T2L70,Raiffeisen Landesbank Vorarlberg mit Revisionsverband eGen,Austria,529900UKZBMDBDZIXD62,Addiko Bank d.d.,Croatia,0.3953,0.0000,0.0066,0.0015,16,Germany|Italy|Sweden,ja
2025-12-31,529900FEID5L4H2T2L70,Raiffeisen Landesbank Vorarlberg mit Revisionsverband eGen,Austria,529900XSTAE561178282,Raiffeisenbankengruppe OÖ Verbund eGen,Austria,0.4670,0.0013,0.0067,0.1987,20,Germany|Slovakia|France,nein
2025-12-31,529900FEID5L4H2T2L70,Raiffeisen Landesbank Vorarlberg mit Revisionsverband eGen,Austria,5493007BWYDPQZLZ0Y27,HYPO NOE Landesbank für Niederösterreich und Wien AG,Austria,0.5209,0.0000,0.0003,0.0000,14,Germany|France|Norway,nein
2025-12-31,529900FEID5L4H2T2L70,Raiffeisen Landesbank Vorarlberg mit Revisionsverband eGen,Austria,549300DYPOFMXOR7XM56,Crelan,Belgium,0.6349,0.0005,0.0067,0.0679,18,France|Germany|Netherlands,ja
2025-12-31,529900FEID5L4H2T2L70,Raiffeisen Landesbank Vorarlberg mit Revisionsverband eGen,Austria,549300EHNXQVOI120S55,Coop Pank AS,Estonia,0.4450,0.0000,0.0040,0.0000,11,France|Switzerland|Spain,ja
2025-12-31,529900FEID5L4H2T2L70,Raiffeisen Landesbank Vorarlberg mit Revisionsverband eGen,Austria,549300L7YCATGO57ZE10,FINECOBANK BANCA FINECO S.P.A. (IN BREVE FINECOBANK S.P.A. OVVERO BANCA FINECO S.P.A. OVVERO FINECO BANCA S.P.A.),Italy,0.4408,0.0004,0.0067,0.0538,19,France|Germany|Netherlands,ja
2025-12-31,529900FEID5L4H2T2L70,Raiffeisen Landesbank Vorarlberg mit Revisionsverband eGen,Austria,549300LYFYVPUCG6SY25,"Banco Cooperativo Español, S.A.",Spain,0.6608,0.0000,0.0000,,7,Germany|France|Netherlands,ja
2025-12-31,529900FEID5L4H2T2L70,Raiffeisen Landesbank Vorarlberg mit Revisionsverband eGen,Austria,549300NYKK9MWM7GGW15,ING Groep N.V.,Netherlands,0.3391,0.0006,0.0067,0.0953,19,Germany|France|Italy,ja
2025-12-31,529900FEID5L4H2T2L70,Raiffeisen Landesbank Vorarlberg mit Revisionsverband eGen,Austria,549300O3WME82RDPEN66,Swissquote Bank Europe S.A,Luxembourg,0.4103,0.0000,0.0000,,6,France|Germany|Netherlands,ja
2025-12-31,529900FEID5L4H2T2L70,Raiffeisen Landesbank Vorarlberg mit Revisionsverband eGen,Austria,549300Q3OIWRHQUQM052,SpareBank 1 Sør-Norge,Norway,0.5262,0.0000,0.0014,0.0000,12,Germany|France|Netherlands,ja
2025-12-31,529900FEID5L4H2T2L70,Raiffeisen Landesbank Vorarlberg mit Revisionsverband eGen,Austria,549300TRUWO2CD2G5692,"UNICREDIT, SOCIETA' PER AZIONI",Italy,0.4605,0.0008,0.0067,0.1192,19,Germany|France|Slovakia,ja
2025-12-31,529900FEID5L4H2T2L70,Raiffeisen Landesbank Vorarlberg mit Revisionsverband eGen,Austria,549300UARE5MHTBUPJ19,Promontoria 19 Coöperatie U.A.,Netherlands,0.3819,0.0005,0.0067,0.0698,19,France|Italy|Spain,ja
2025-12-31,529900FEID5L4H2T2L70,Raiffeisen Landesbank Vorarlberg mit Revisionsverband eGen,Austria,549300X5UKJVE386ZB61,BANCA GENERALI - SOCIETA' PER AZIONI (IN FORMA ABBREVIATA GENERBANCA),Italy,0.4368,0.0000,0.0029,0.0116,16,Germany|France|Netherlands,ja
2025-12-31,529900FEID5L4H2T2L70,Raiffeisen Landesbank Vorarlberg mit Revisionsverband eGen,Austria,635400F6HLXKXNJJX605,EXIM BANCA ROMANEASCA S.A.,Romania,0.5229,0.0000,0.0000,0.0000,13,Germany|France|Italy,ja
2025-12-31,529900FEID5L4H2T2L70,Raiffeisen Landesbank Vorarlberg mit Revisionsverband eGen,Austria,636700HER4JIK7GZUN17,Klarna - Grupp,Sweden,0.4397,0.0000,0.0000,,5,Germany|Norway|Netherlands,ja
2025-12-31,529900FEID5L4H2T2L70,Raiffeisen Landesbank Vorarlberg mit Revisionsverband eGen,Austria,724500A1FNICHSDF2I11,ASN Bank N.V.,Netherlands,0.5188,0.0000,0.0000,,9,France|Germany|Norway,ja
2025-12-31,529900FEID5L4H2T2L70,Raiffeisen Landesbank Vorarlberg mit Revisionsverband eGen,Austria,724500SF1CI8OD5AHI07,HCBG Holding B.V.,Netherlands,0.3129,0.0000,0.0067,0.0000,12,Germany|France|Italy,ja
2025-12-31,529900FEID5L4H2T2L70,Raiffeisen Landesbank Vorarlberg mit Revisionsverband eGen,Austria,7437003B5WFBOIEFY714,OP Osuuskunta,Finland,0.4169,0.0000,0.0002,0.0000,10,Germany|France|Norway,ja
2025-12-31,529900FEID5L4H2T2L70,Raiffeisen Landesbank Vorarlberg mit Revisionsverband eGen,Austria,7437005892K69S3MW344,Säästöpankkiliitto osk,Finland,0.3641,0.0000,0.0023,0.0000,9,France|Norway|Germany,ja
2025-12-31,529900FEID5L4H2T2L70,Raiffeisen Landesbank Vorarlberg mit Revisionsverband eGen,Austria,743700GC62JLHFBUND16,Aktia Bank Abp,Finland,0.5293,0.0000,0.0067,0.0000,11,France|Germany|Norway,ja
2025-12-31,529900FEID5L4H2T2L70,Raiffeisen Landesbank Vorarlberg mit Revisionsverband eGen,Austria,743700PW2HDTPU3YRJ31,POP Pankkikeskus osk,Finland,0.3539,0.0000,0.0006,0.0000,9,France|Germany|Norway,ja
2025-12-31,529900FEID5L4H2T2L70,Raiffeisen Landesbank Vorarlberg mit Revisionsverband eGen,Austria,8156003D79D064FB5360,CASSA LOMBARDA - S.P.A.,Italy,0.3751,0.0000,0.0067,0.0000,10,France|Germany|Switzerland,ja
2025-12-31,529900FEID5L4H2T2L70,Raiffeisen Landesbank Vorarlberg mit Revisionsverband eGen,Austria,8156005420362AE59184,BANCA IFIS S.P.A. (OVVERO IFIS BANCA S.P.A. O IN FORMA ABBREVIATA IFIS S.P.A.),Italy,0.3256,0.0001,0.0067,0.0201,18,France|Switzerland|Germany,ja
2025-12-31,529900FEID5L4H2T2L70,Raiffeisen Landesbank Vorarlberg mit Revisionsverband eGen,Austria,815600AD83B2B6317788,CREDITO EMILIANO HOLDING SOCIETA' PER AZIONI,Italy,0.4916,0.0000,0.0007,0.0000,12,France|Netherlands|Germany,ja
2025-12-31,529900FEID5L4H2T2L70,Raiffeisen Landesbank Vorarlberg mit Revisionsverband eGen,Austria,815600E4E6DCD2D25E30,BANCO BPM SOCIETA' PER AZIONI,Italy,0.3862,0.0000,0.0023,0.0000,11,France|Germany|Netherlands,ja
2025-12-31,529900FEID5L4H2T2L70,Raiffeisen Landesbank Vorarlberg mit Revisionsverband eGen,Austria,95980020140005220135,"Caja Rural de Granada, Sociedad Cooperativa de Crédito",Spain,0.5216,0.0000,0.0008,0.0000,8,France|Germany|Netherlands,ja
2025-12-31,529900FEID5L4H2T2L70,Raiffeisen Landesbank Vorarlberg mit Revisionsverband eGen,Austria,95980020140005439549,"Caja Rural de Navarra, S. Coop. de Crédito",Spain,0.6197,0.0000,0.0063,0.0000,9,France|Germany|Netherlands,ja
2025-12-31,529900FEID5L4H2T2L70,Raiffeisen Landesbank Vorarlberg mit Revisionsverband eGen,Austria,95980020140005484654,"Caja Rural de Albacete, Ciudad Real y Cuenca, Sociedad Cooperativa de Crédito",Spain,0.5534,0.0000,0.0000,,6,France|Germany|Netherlands,ja
2025-12-31,529900FEID5L4H2T2L70,Raiffeisen Landesbank Vorarlberg mit Revisionsverband eGen,Austria,95980020140005552166,"Eurocaja Rural, Sociedad Cooperativa de Crédito",Spain,0.5304,0.0003,0.0067,0.0498,16,France|Germany|Netherlands,ja
2025-12-31,529900FEID5L4H2T2L70,Raiffeisen Landesbank Vorarlberg mit Revisionsverband eGen,Austria,95980020140005881190,Banco de Crédito Social Cooperativo,Spain,0.5209,0.0000,0.0045,0.0000,10,Germany|France|Netherlands,ja
2025-12-31,529900FEID5L4H2T2L70,Raiffeisen Landesbank Vorarlberg mit Revisionsverband eGen,Austria,9695000CG7B84NLR5984,Confédération Nationale du Crédit Mutuel,France,0.4440,0.0000,0.0067,0.0013,16,Germany|Netherlands|Sweden,ja
2025-12-31,529900FEID5L4H2T2L70,Raiffeisen Landesbank Vorarlberg mit Revisionsverband eGen,Austria,969500F7JLTX36OUI695,RCI Banque,France,0.3417,0.0000,0.0067,0.0058,12,Germany|Italy|Switzerland,ja
2025-12-31,529900FEID5L4H2T2L70,Raiffeisen Landesbank Vorarlberg mit Revisionsverband eGen,Austria,969500TJ5KRTCJQWXH05,CRÉDIT AGRICOLE AUTO BANK S.P.A.,Italy,0.5071,0.0000,0.0020,0.0000,10,Germany|France|Switzerland,ja
2025-12-31,529900FEID5L4H2T2L70,Raiffeisen Landesbank Vorarlberg mit Revisionsverband eGen,Austria,9DJT3UXIJIZJI4WXO774,Bank of America Europe Designated Activity Company,Ireland,0.4180,0.0003,0.0067,0.0468,17,France|Germany|Netherlands,ja
2025-12-31,529900FEID5L4H2T2L70,Raiffeisen Landesbank Vorarlberg mit Revisionsverband eGen,Austria,A5GWLFH3KM7YV2SFQL84,Belfius Bank,Belgium,0.3880,0.0000,0.0067,0.0000,13,France|Netherlands|Germany,ja
2025-12-31,529900FEID5L4H2T2L70,Raiffeisen Landesbank Vorarlberg mit Revisionsverband eGen,Austria,AT0000000000043000VB,VOLKSBANK WIEN AG VB,Austria,0.7241,0.0038,0.0047,0.8029,20,Germany|France|Netherlands,nein
2025-12-31,529900FEID5L4H2T2L70,Raiffeisen Landesbank Vorarlberg mit Revisionsverband eGen,Austria,B64D6Y3LBJS4ANNPCU93,NIBC Bank N.V.,Netherlands,0.4303,0.0000,0.0067,0.0000,10,Germany|France|Norway,ja
2025-12-31,529900FEID5L4H2T2L70,Raiffeisen Landesbank Vorarlberg mit Revisionsverband eGen,Austria,BFXS5XCH7N0Y05NIXW11,ABN AMRO Bank N.V.,Netherlands,0.4316,0.0003,0.0067,0.0497,17,France|Germany|Norway,ja
2025-12-31,529900FEID5L4H2T2L70,Raiffeisen Landesbank Vorarlberg mit Revisionsverband eGen,Austria,DZZ47B9A52ZJ6LT6VV95,Deutsche Pfandbriefbank AG,Germany,0.3518,0.0003,0.0064,0.0440,12,France|Netherlands|Sweden,ja
2025-12-31,529900FEID5L4H2T2L70,Raiffeisen Landesbank Vorarlberg mit Revisionsverband eGen,Austria,I7ETN0QQO2AHZZGHJ389,KOMMUNALBANKEN AS,Norway,0.6196,0.0000,0.0000,,4,Germany|France|Netherlands,ja
2025-12-31,529900FEID5L4H2T2L70,Raiffeisen Landesbank Vorarlberg mit Revisionsverband eGen,Austria,J4CP7MHCXR8DAQMKIL78,MEDIOBANCA - BANCA DI CREDITO FINANZIARIO S.P.A.,Italy,0.3232,0.0000,0.0067,0.0000,15,France|Germany|Netherlands,ja
2025-12-31,529900FEID5L4H2T2L70,Raiffeisen Landesbank Vorarlberg mit Revisionsverband eGen,Austria,MLU0ZO3ML4LN2LL2TL39,HSBC Continental Europe,France,0.3504,0.0036,0.0067,0.5373,19,Germany|Netherlands|Italy,ja
2025-12-31,529900FEID5L4H2T2L70,Raiffeisen Landesbank Vorarlberg mit Revisionsverband eGen,Austria,N747OI7JINV7RUUH6190,BPER Banca S.p.A.,Italy,0.5753,0.0000,0.0067,0.0000,11,France|Germany|Netherlands,ja
2025-12-31,529900FEID5L4H2T2L70,Raiffeisen Landesbank Vorarlberg mit Revisionsverband eGen,Austria,NNVPP80YIZGEY2314M97,ICCREA BANCA S.P.A. - ISTITUTO CENTRALE DEL CREDITO COOPERATIVO (IN FORMA ABBREVIATA: ICCREA BANCA S.P.A.),Italy,0.5899,0.0000,0.0067,0.0000,10,France|Germany|Netherlands,ja
2025-12-31,529900FEID5L4H2T2L70,Raiffeisen Landesbank Vorarlberg mit Revisionsverband eGen,Austria,P4GTT6GF1W40CVIMFR43,Powszechna Kasa Oszczednosci Bank Polski S.A.,Poland,0.3567,0.0000,0.0067,0.0045,19,Germany|Netherlands|France,ja
2025-12-31,529900FEID5L4H2T2L70,Raiffeisen Landesbank Vorarlberg mit Revisionsverband eGen,Austria,R7CQUF1DQM73HUTV1078,"Banque et Caisse d´Epargne de l´Etat, Luxembourg",Luxembourg,0.5459,0.0000,0.0047,0.0000,11,France|Germany|Norway,ja
2025-12-31,529900FEID5L4H2T2L70,Raiffeisen Landesbank Vorarlberg mit Revisionsverband eGen,Austria,RRUN0TCQ1K2JDV7MXO75,Oberbank AG,Austria,0.4315,0.0004,0.0018,0.2253,19,Germany|Slovakia|Netherlands,nein
2025-12-31,529900FEID5L4H2T2L70,Raiffeisen Landesbank Vorarlberg mit Revisionsverband eGen,Austria,VDYMYTQGZZ6DU0912C88,Bayerische Landesbank,Germany,0.3159,0.0002,0.0041,0.0605,19,France|Netherlands|Spain,ja
2025-12-31,529900FEID5L4H2T2L70,Raiffeisen Landesbank Vorarlberg mit Revisionsverband eGen,Austria,WFLLPEPC7FZXENRZV188,THE BANK OF NEW YORK MELLON,Belgium,0.3708,0.0000,0.0067,0.0029,15,Germany|Netherlands|Slovakia,ja
2025-12-31,529900G3SW56SHYNPR95,Clearstream Banking S.A.,Luxembourg,529900GGYMNGRQTDOO93,BNG Bank N.V.,Netherlands,0.4666,0.0000,0.0000,,6,United Kingdom|Belgium|Germany,ja
2025-12-31,529900G3SW56SHYNPR95,Clearstream Banking S.A.,Luxembourg,529900JG015JC10LED24,AS LHV Group,Estonia,0.3840,0.0000,0.0000,,3,United Kingdom|Latvia|United Arab Emirates,ja
2025-12-31,529900G3SW56SHYNPR95,Clearstream Banking S.A.,Luxembourg,529900NNUPAGGOMPXZ31,Volkswagen Financial Services AG,Germany,0.3307,0.0000,0.0000,,8,United Kingdom|Belgium|Ireland,ja
2025-12-31,529900G3SW56SHYNPR95,Clearstream Banking S.A.,Luxembourg,529900QYEJ2GYSWK1F08,RLB-Stmk Verbund eGen,Austria,0.4111,0.0000,0.0012,0.0000,15,Germany|Australia|United Kingdom,ja
2025-12-31,529900G3SW56SHYNPR95,Clearstream Banking S.A.,Luxembourg,529900RWC8ZYB066JF16,Bank of Valletta Plc,Malta,0.3444,0.0003,0.0012,0.2230,17,Germany|United Kingdom|France,ja
2025-12-31,529900G3SW56SHYNPR95,Clearstream Banking S.A.,Luxembourg,529900SXEWPJ1MRRX537,Raiffeisen-Holding Niederösterreich-Wien registrierte Genossenschaft mit beschränkter Haftung,Austria,0.4004,0.0000,0.0012,0.0000,17,Germany|United Kingdom|Belgium,ja
2025-12-31,529900G3SW56SHYNPR95,Clearstream Banking S.A.,Luxembourg,529900UIRB65OY6U4B21,Lombard Bank Malta plc,Malta,0.5860,0.0000,0.0012,0.0000,10,United Kingdom|Australia|Germany,ja
2025-12-31,529900G3SW56SHYNPR95,Clearstream Banking S.A.,Luxembourg,529900UKZBMDBDZIXD62,Addiko Bank d.d.,Croatia,0.3934,0.0000,0.0012,0.0003,15,Germany|Belgium|United Kingdom,ja
2025-12-31,529900G3SW56SHYNPR95,Clearstream Banking S.A.,Luxembourg,529900XSTAE561178282,Raiffeisenbankengruppe OÖ Verbund eGen,Austria,0.4008,0.0006,0.0012,0.4561,20,Germany|Belgium|France,ja
2025-12-31,529900G3SW56SHYNPR95,Clearstream Banking S.A.,Luxembourg,5493006QMFDDMYWIAM13,"Banco Santander, S.A.",Spain,0.3988,0.0009,0.0012,0.7335,19,United Kingdom|Germany|Belgium,ja
2025-12-31,529900G3SW56SHYNPR95,Clearstream Banking S.A.,Luxembourg,549300IQZVZ949N37S44,Euroclear Holding,Belgium,0.3189,0.0007,0.0012,0.5264,15,United Kingdom|France|Hong Kong,ja
2025-12-31,529900G3SW56SHYNPR95,Clearstream Banking S.A.,Luxembourg,549300LYFYVPUCG6SY25,"Banco Cooperativo Español, S.A.",Spain,0.4358,0.0000,0.0000,,9,Germany|United Kingdom|Belgium,ja
2025-12-31,529900G3SW56SHYNPR95,Clearstream Banking S.A.,Luxembourg,549300NYKK9MWM7GGW15,ING Groep N.V.,Netherlands,0.4481,0.0010,0.0012,0.7772,21,Germany|Belgium|Australia,ja
2025-12-31,529900G3SW56SHYNPR95,Clearstream Banking S.A.,Luxembourg,549300TRUWO2CD2G5692,"UNICREDIT, SOCIETA' PER AZIONI",Italy,0.4087,0.0000,0.0012,0.0150,21,Germany|United Kingdom|Ireland,ja
2025-12-31,529900G3SW56SHYNPR95,Clearstream Banking S.A.,Luxembourg,549300X5UKJVE386ZB61,BANCA GENERALI - SOCIETA' PER AZIONI (IN FORMA ABBREVIATA GENERBANCA),Italy,0.3946,0.0003,0.0012,0.2594,19,Germany|United Kingdom|France,ja
2025-12-31,529900G3SW56SHYNPR95,Clearstream Banking S.A.,Luxembourg,5967007LIEEXZX5PU005,Sparebanken Møre SPA,Norway,0.4338,0.0000,0.0012,0.0000,6,United Kingdom|Germany|Australia,ja
2025-12-31,529900G3SW56SHYNPR95,Clearstream Banking S.A.,Luxembourg,635400AKJBGNS5WNQL34,AIB Group plc,Ireland,0.4092,0.0001,0.0012,0.0887,19,United Kingdom|Germany|Belgium,ja
2025-12-31,529900G3SW56SHYNPR95,Clearstream Banking S.A.,Luxembourg,635400C8EK6DRI12LJ39,Bank of Ireland Group plc,Ireland,0.4003,0.0000,0.0012,0.0023,18,United Kingdom|Germany|France,ja
2025-12-31,529900G3SW56SHYNPR95,Clearstream Banking S.A.,Luxembourg,635400F6HLXKXNJJX605,EXIM BANCA ROMANEASCA S.A.,Romania,0.4014,0.0000,0.0000,0.0000,12,Germany|Belgium|France,ja
2025-12-31,529900G3SW56SHYNPR95,Clearstream Banking S.A.,Luxembourg,636700HER4JIK7GZUN17,Klarna - Grupp,Sweden,0.4841,0.0000,0.0000,,3,Germany|United Kingdom|Norway,ja
2025-12-31,529900G3SW56SHYNPR95,Clearstream Banking S.A.,Luxembourg,724500973ODKK3IFQ447,Adyen N.V.,Netherlands,0.4740,0.0000,0.0012,0.0150,19,United Kingdom|Belgium|Australia,ja
2025-12-31,529900G3SW56SHYNPR95,Clearstream Banking S.A.,Luxembourg,724500A1FNICHSDF2I11,ASN Bank N.V.,Netherlands,0.4299,0.0000,0.0000,,6,Germany|United Kingdom|Belgium,ja
2025-12-31,529900G3SW56SHYNPR95,Clearstream Banking S.A.,Luxembourg,724500PMK2A2M1SQQ228,Triodos Bank N.V.,Netherlands,0.4459,0.0000,0.0001,0.4279,9,United Kingdom|Belgium|Germany,ja
2025-12-31,529900G3SW56SHYNPR95,Clearstream Banking S.A.,Luxembourg,724500SF1CI8OD5AHI07,HCBG Holding B.V.,Netherlands,0.3872,0.0000,0.0012,0.0000,14,Germany|Belgium|United Kingdom,ja
2025-12-31,529900G3SW56SHYNPR95,Clearstream Banking S.A.,Luxembourg,784F5XWPLTWKTBV3E584,Goldman Sachs Bank Europe SE,Germany,0.3961,0.0001,0.0002,0.3152,15,United Kingdom|Ireland|France,ja
2025-12-31,529900G3SW56SHYNPR95,Clearstream Banking S.A.,Luxembourg,81560087340FCB8D6D66,MEDIOCREDITO CENTRALE - BANCA DEL MEZZOGIORNO SPA,Italy,0.4091,0.0000,0.0012,0.0000,12,United Kingdom|Germany|Belgium,ja
2025-12-31,529900G3SW56SHYNPR95,Clearstream Banking S.A.,Luxembourg,815600E4E6DCD2D25E30,BANCO BPM SOCIETA' PER AZIONI,Italy,0.3728,0.0006,0.0012,0.4597,20,United Kingdom|Germany|Belgium,ja
2025-12-31,529900G3SW56SHYNPR95,Clearstream Banking S.A.,Luxembourg,95980020140005220135,"Caja Rural de Granada, Sociedad Cooperativa de Crédito",Spain,0.3278,0.0000,0.0008,0.0000,10,United Kingdom|Germany|Belgium,ja
2025-12-31,529900G3SW56SHYNPR95,Clearstream Banking S.A.,Luxembourg,95980020140005881190,Banco de Crédito Social Cooperativo,Spain,0.4651,0.0003,0.0012,0.2507,17,Germany|United Kingdom|Belgium,ja
2025-12-31,529900G3SW56SHYNPR95,Clearstream Banking S.A.,Luxembourg,9695000CG7B84NLR5984,Confédération Nationale du Crédit Mutuel,France,0.6128,0.0006,0.0012,0.5225,20,Germany|Belgium|United Kingdom,ja
2025-12-31,529900G3SW56SHYNPR95,Clearstream Banking S.A.,Luxembourg,969500F7JLTX36OUI695,RCI Banque,France,0.4411,0.0003,0.0012,0.2507,11,Germany|United Kingdom|Belgium,ja
2025-12-31,529900G3SW56SHYNPR95,Clearstream Banking S.A.,Luxembourg,969500TJ5KRTCJQWXH05,CRÉDIT AGRICOLE AUTO BANK S.P.A.,Italy,0.4419,0.0000,0.0012,0.0000,13,United Kingdom|Germany|Belgium,ja
2025-12-31,529900G3SW56SHYNPR95,Clearstream Banking S.A.,Luxembourg,9DJT3UXIJIZJI4WXO774,Bank of America Europe Designated Activity Company,Ireland,0.3222,0.0001,0.0012,0.0819,16,United Kingdom|Germany|Belgium,ja
2025-12-31,529900G3SW56SHYNPR95,Clearstream Banking S.A.,Luxembourg,A5GWLFH3KM7YV2SFQL84,Belfius Bank,Belgium,0.3066,0.0007,0.0012,0.5641,19,United Kingdom|Germany|Australia,ja
2025-12-31,529900G3SW56SHYNPR95,Clearstream Banking S.A.,Luxembourg,AT0000000000043000VB,VOLKSBANK WIEN AG VB,Austria,0.4578,0.0000,0.0012,0.0051,20,Germany|Belgium|United Kingdom,ja
2025-12-31,529900G3SW56SHYNPR95,Clearstream Banking S.A.,Luxembourg,B64D6Y3LBJS4ANNPCU93,NIBC Bank N.V.,Netherlands,0.6234,0.0000,0.0012,0.0000,7,United Kingdom|Germany|Belgium,ja
2025-12-31,529900G3SW56SHYNPR95,Clearstream Banking S.A.,Luxembourg,BFXS5XCH7N0Y05NIXW11,ABN AMRO Bank N.V.,Netherlands,0.4933,0.0009,0.0012,0.7132,20,United Kingdom|Germany|Belgium,ja
2025-12-31,529900G3SW56SHYNPR95,Clearstream Banking S.A.,Luxembourg,I7ETN0QQO2AHZZGHJ389,KOMMUNALBANKEN AS,Norway,0.3809,0.0000,0.0000,,2,Germany|France,ja
2025-12-31,529900G3SW56SHYNPR95,Clearstream Banking S.A.,Luxembourg,MLU0ZO3ML4LN2LL2TL39,HSBC Continental Europe,France,0.3305,0.0010,0.0012,0.7796,20,Germany|United Kingdom|Belgium,ja
2025-12-31,529900G3SW56SHYNPR95,Clearstream Banking S.A.,Luxembourg,O2RNE8IBXP4R0TD8PU41,Société générale S.A.,France,0.3322,0.0010,0.0012,0.7774,20,Germany|United Kingdom|Belgium,ja
2025-12-31,529900G3SW56SHYNPR95,Clearstream Banking S.A.,Luxembourg,R0MUWSFPU8MPRO8K5P83,BNP Paribas,France,0.3479,0.0010,0.0012,0.7789,20,United Kingdom|Germany|Belgium,ja
2025-12-31,529900G3SW56SHYNPR95,Clearstream Banking S.A.,Luxembourg,R7CQUF1DQM73HUTV1078,"Banque et Caisse d´Epargne de l´Etat, Luxembourg",Luxembourg,0.3523,0.0000,0.0012,0.0002,18,Germany|Belgium|Australia,nein
2025-12-31,529900G3SW56SHYNPR95,Clearstream Banking S.A.,Luxembourg,RRUN0TCQ1K2JDV7MXO75,Oberbank AG,Austria,0.3842,0.0000,0.0012,0.0088,19,Germany|France|Ireland,ja
2025-12-31,529900G3SW56SHYNPR95,Clearstream Banking S.A.,Luxembourg,SI5RG2M0WQQLZCXKRM20,"Banco de Sabadell, S.A.",Spain,0.4132,0.0000,0.0005,0.0426,17,United Kingdom|Germany|Belgium,ja
2025-12-31,529900GGYMNGRQTDOO93,BNG Bank N.V.,Netherlands,529900HEKOENJHPNN480,Kuntarahoitus Oyj,Finland,0.4256,0.0000,0.0000,,5,France|United Kingdom|Belgium,ja
2025-12-31,529900GGYMNGRQTDOO93,BNG Bank N.V.,Netherlands,529900JG015JC10LED24,AS LHV Group,Estonia,0.3701,0.0000,0.0000,,1,United Kingdom,ja
2025-12-31,529900GGYMNGRQTDOO93,BNG Bank N.V.,Netherlands,529900NNUPAGGOMPXZ31,Volkswagen Financial Services AG,Germany,0.5174,0.0000,0.0000,,7,United Kingdom|France|Belgium,ja
2025-12-31,529900GGYMNGRQTDOO93,BNG Bank N.V.,Netherlands,529900RWC8ZYB066JF16,Bank of Valletta Plc,Malta,0.4775,0.0000,0.0000,,6,France|United Kingdom|Germany,ja
2025-12-31,529900GGYMNGRQTDOO93,BNG Bank N.V.,Netherlands,529900UIRB65OY6U4B21,Lombard Bank Malta plc,Malta,0.4578,0.0000,0.0000,,5,United Kingdom|Germany|France,ja
2025-12-31,529900GGYMNGRQTDOO93,BNG Bank N.V.,Netherlands,529900VVDOKMRRAHZ894,Bank GPB International S.A.,Luxembourg,0.3354,0.0000,0.0000,,4,United Kingdom|France|Italy,ja
2025-12-31,529900GGYMNGRQTDOO93,BNG Bank N.V.,Netherlands,5493006QMFDDMYWIAM13,"Banco Santander, S.A.",Spain,0.3946,0.0000,0.0000,,8,United Kingdom|France|Germany,ja
2025-12-31,529900GGYMNGRQTDOO93,BNG Bank N.V.,Netherlands,549300DYPOFMXOR7XM56,Crelan,Belgium,0.4895,0.0000,0.0000,,8,France|Germany|United Kingdom,ja
2025-12-31,529900GGYMNGRQTDOO93,BNG Bank N.V.,Netherlands,549300EHNXQVOI120S55,Coop Pank AS,Estonia,0.4746,0.0000,0.0000,,7,France|Belgium|Spain,ja
2025-12-31,529900GGYMNGRQTDOO93,BNG Bank N.V.,Netherlands,549300IQZVZ949N37S44,Euroclear Holding,Belgium,0.5356,0.0000,0.0000,,7,United Kingdom|France|Spain,ja
2025-12-31,529900GGYMNGRQTDOO93,BNG Bank N.V.,Netherlands,549300L7YCATGO57ZE10,FINECOBANK BANCA FINECO S.P.A. (IN BREVE FINECOBANK S.P.A. OVVERO BANCA FINECO S.P.A. OVVERO FINECO BANCA S.P.A.),Italy,0.4624,0.0000,0.0000,,8,France|United Kingdom|Germany,ja
2025-12-31,529900GGYMNGRQTDOO93,BNG Bank N.V.,Netherlands,549300LYFYVPUCG6SY25,"Banco Cooperativo Español, S.A.",Spain,0.3379,0.0000,0.0000,,5,France|Germany|United Kingdom,ja
2025-12-31,529900GGYMNGRQTDOO93,BNG Bank N.V.,Netherlands,549300O3WME82RDPEN66,Swissquote Bank Europe S.A,Luxembourg,0.6576,0.0000,0.0000,,4,France|United Kingdom|Germany,ja
2025-12-31,529900GGYMNGRQTDOO93,BNG Bank N.V.,Netherlands,549300UARE5MHTBUPJ19,Promontoria 19 Coöperatie U.A.,Netherlands,0.4822,0.0000,0.0000,,9,France|Italy|United Kingdom,nein
2025-12-31,529900GGYMNGRQTDOO93,BNG Bank N.V.,Netherlands,5967007LIEEXZX5PU005,Sparebanken Møre SPA,Norway,0.3599,0.0000,0.0000,,4,United Kingdom|Germany|Italy,ja
2025-12-31,529900GGYMNGRQTDOO93,BNG Bank N.V.,Netherlands,635400AKJBGNS5WNQL34,AIB Group plc,Ireland,0.4712,0.0000,0.0000,,8,United Kingdom|France|Germany,ja
2025-12-31,529900GGYMNGRQTDOO93,BNG Bank N.V.,Netherlands,635400C8EK6DRI12LJ39,Bank of Ireland Group plc,Ireland,0.4354,0.0000,0.0000,,8,United Kingdom|France|Germany,ja
2025-12-31,529900GGYMNGRQTDOO93,BNG Bank N.V.,Netherlands,724500973ODKK3IFQ447,Adyen N.V.,Netherlands,0.4599,0.0000,0.0000,,9,United Kingdom|Belgium|Germany,nein
2025-12-31,529900GGYMNGRQTDOO93,BNG Bank N.V.,Netherlands,724500A1FNICHSDF2I11,ASN Bank N.V.,Netherlands,0.5647,0.0000,0.0000,,7,France|United Kingdom|Belgium,nein
2025-12-31,529900GGYMNGRQTDOO93,BNG Bank N.V.,Netherlands,724500PMK2A2M1SQQ228,Triodos Bank N.V.,Netherlands,0.4302,0.0000,0.0000,,8,United Kingdom|France|Belgium,nein
2025-12-31,529900GGYMNGRQTDOO93,BNG Bank N.V.,Netherlands,784F5XWPLTWKTBV3E584,Goldman Sachs Bank Europe SE,Germany,0.5012,0.0000,0.0000,,5,United Kingdom|France|Spain,ja
2025-12-31,529900GGYMNGRQTDOO93,BNG Bank N.V.,Netherlands,8156003D79D064FB5360,CASSA LOMBARDA - S.P.A.,Italy,0.3215,0.0000,0.0000,,6,France|United Kingdom|Germany,ja
2025-12-31,529900GGYMNGRQTDOO93,BNG Bank N.V.,Netherlands,81560087340FCB8D6D66,MEDIOCREDITO CENTRALE - BANCA DEL MEZZOGIORNO SPA,Italy,0.4038,0.0000,0.0000,,7,United Kingdom|France|Germany,ja
2025-12-31,529900GGYMNGRQTDOO93,BNG Bank N.V.,Netherlands,815600AD83B2B6317788,CREDITO EMILIANO HOLDING SOCIETA' PER AZIONI,Italy,0.5678,0.0000,0.0000,,6,France|United Kingdom|Germany,ja
2025-12-31,529900GGYMNGRQTDOO93,BNG Bank N.V.,Netherlands,815600E4E6DCD2D25E30,BANCO BPM SOCIETA' PER AZIONI,Italy,0.4574,0.0000,0.0000,,6,United Kingdom|France|Germany,ja
2025-12-31,529900GGYMNGRQTDOO93,BNG Bank N.V.,Netherlands,8I5DZWZKVSZI1NUHU748,J.P. Morgan SE,Germany,0.3699,0.0000,0.0000,,8,France|United Kingdom|Spain,ja
2025-12-31,529900GGYMNGRQTDOO93,BNG Bank N.V.,Netherlands,95980020140005220135,"Caja Rural de Granada, Sociedad Cooperativa de Crédito",Spain,0.5387,0.0000,0.0000,,5,France|United Kingdom|Germany,ja
2025-12-31,529900GGYMNGRQTDOO93,BNG Bank N.V.,Netherlands,95980020140005439549,"Caja Rural de Navarra, S. Coop. de Crédito",Spain,0.5064,0.0000,0.0000,,5,France|Belgium|Germany,ja
2025-12-31,529900GGYMNGRQTDOO93,BNG Bank N.V.,Netherlands,95980020140005484654,"Caja Rural de Albacete, Ciudad Real y Cuenca, Sociedad Cooperativa de Crédito",Spain,0.4616,0.0000,0.0000,,5,France|Germany|United Kingdom,ja
2025-12-31,529900GGYMNGRQTDOO93,BNG Bank N.V.,Netherlands,95980020140005552166,"Eurocaja Rural, Sociedad Cooperativa de Crédito",Spain,0.5355,0.0000,0.0000,,7,France|Belgium|Germany,ja
2025-12-31,529900GGYMNGRQTDOO93,BNG Bank N.V.,Netherlands,969500TJ5KRTCJQWXH05,CRÉDIT AGRICOLE AUTO BANK S.P.A.,Italy,0.5156,0.0000,0.0000,,8,United Kingdom|France|Germany,ja
2025-12-31,529900GGYMNGRQTDOO93,BNG Bank N.V.,Netherlands,9DJT3UXIJIZJI4WXO774,Bank of America Europe Designated Activity Company,Ireland,0.4647,0.0000,0.0000,,8,United Kingdom|France|Germany,ja
2025-12-31,529900GGYMNGRQTDOO93,BNG Bank N.V.,Netherlands,A5GWLFH3KM7YV2SFQL84,Belfius Bank,Belgium,0.5346,0.0000,0.0000,,8,United Kingdom|France|Germany,ja
2025-12-31,529900GGYMNGRQTDOO93,BNG Bank N.V.,Netherlands,AT0000000000043000VB,VOLKSBANK WIEN AG VB,Austria,0.3294,0.0000,0.0000,,8,France|Germany|Belgium,ja
2025-12-31,529900GGYMNGRQTDOO93,BNG Bank N.V.,Netherlands,B64D6Y3LBJS4ANNPCU93,NIBC Bank N.V.,Netherlands,0.5402,0.0000,0.0000,,8,United Kingdom|France|Belgium,nein
2025-12-31,529900GGYMNGRQTDOO93,BNG Bank N.V.,Netherlands,BFXS5XCH7N0Y05NIXW11,ABN AMRO Bank N.V.,Netherlands,0.5263,0.0000,0.0000,,8,United Kingdom|France|Belgium,nein
2025-12-31,529900GGYMNGRQTDOO93,BNG Bank N.V.,Netherlands,DIZES5CFO5K3I5R58746,Landesbank Hessen-Thüringen Girozentrale,Germany,0.3507,0.0000,0.0000,,8,France|United Kingdom|Austria,ja
2025-12-31,529900GGYMNGRQTDOO93,BNG Bank N.V.,Netherlands,DSNHHQ2B9X5N6OUJ1236,Norddeutsche Landesbank - Girozentrale -,Germany,0.3829,0.0000,0.0000,,8,United Kingdom|France|Austria,ja
2025-12-31,529900GGYMNGRQTDOO93,BNG Bank N.V.,Netherlands,DZZ47B9A52ZJ6LT6VV95,Deutsche Pfandbriefbank AG,Germany,0.4288,0.0000,0.0000,,7,France|United Kingdom|Austria,ja
2025-12-31,529900GGYMNGRQTDOO93,BNG Bank N.V.,Netherlands,J4CP7MHCXR8DAQMKIL78,MEDIOBANCA - BANCA DI CREDITO FINANZIARIO S.P.A.,Italy,0.4389,0.0000,0.0000,,8,United Kingdom|France|Germany,ja
2025-12-31,529900GGYMNGRQTDOO93,BNG Bank N.V.,Netherlands,N747OI7JINV7RUUH6190,BPER Banca S.p.A.,Italy,0.4693,0.0000,0.0000,,6,France|United Kingdom|Germany,ja
2025-12-31,529900GGYMNGRQTDOO93,BNG Bank N.V.,Netherlands,NNVPP80YIZGEY2314M97,ICCREA BANCA S.P.A. - ISTITUTO CENTRALE DEL CREDITO COOPERATIVO (IN FORMA ABBREVIATA: ICCREA BANCA S.P.A.),Italy,0.3580,0.0000,0.0000,,5,France|Germany|Spain,ja
2025-12-31,529900GGYMNGRQTDOO93,BNG Bank N.V.,Netherlands,R7CQUF1DQM73HUTV1078,"Banque et Caisse d´Epargne de l´Etat, Luxembourg",Luxembourg,0.3672,0.0000,0.0000,,6,France|Belgium|United Kingdom,ja
2025-12-31,529900GGYMNGRQTDOO93,BNG Bank N.V.,Netherlands,SI5RG2M0WQQLZCXKRM20,"Banco de Sabadell, S.A.",Spain,0.4297,0.0000,0.0000,,5,United Kingdom|France|Germany,ja
2025-12-31,529900GGYMNGRQTDOO93,BNG Bank N.V.,Netherlands,VDYMYTQGZZ6DU0912C88,Bayerische Landesbank,Germany,0.4603,0.0000,0.0000,,8,France|United Kingdom|Belgium,ja
2025-12-31,529900GM944JT8YIRL63,Münchener Hypothekenbank eG,Germany,529900HNOAA1KXQJUQ27,"DZ BANK AG Deutsche Zentral-Genossenschaftsbank, Frankfurt am Main",Germany,0.3610,0.0031,0.0171,0.1782,65,Switzerland|Netherlands|Luxembourg,nein
2025-12-31,529900GM944JT8YIRL63,Münchener Hypothekenbank eG,Germany,529900IRBZTADXJB6757,flatexDEGIRO AG,Germany,0.3772,0.0002,0.0058,0.0398,51,Luxembourg|Netherlands|France,nein
2025-12-31,529900GM944JT8YIRL63,Münchener Hypothekenbank eG,Germany,529900JZTYE3W7WQH904,HASPA Finanzholding,Germany,0.4400,0.0000,0.0001,0.4356,22,Luxembourg|Netherlands|France,nein
2025-12-31,529900GM944JT8YIRL63,Münchener Hypothekenbank eG,Germany,5493002DPKDEC2JN1Y86,Sparekassen Sjælland-Fyn A/S,Denmark,0.3431,0.0000,0.0171,0.0000,10,Switzerland|Luxembourg|United States,ja
2025-12-31,529900GM944JT8YIRL63,Münchener Hypothekenbank eG,Germany,5493009EIBTCB1X12G89,LGT Group Foundation,Liechtenstein,0.3320,0.0058,0.0171,0.3368,64,Switzerland|Luxembourg|Austria,ja
2025-12-31,529900GM944JT8YIRL63,Münchener Hypothekenbank eG,Germany,549300EHNXQVOI120S55,Coop Pank AS,Estonia,0.3870,0.0000,0.0040,0.0000,15,Switzerland|France|Spain,ja
2025-12-31,529900GM944JT8YIRL63,Münchener Hypothekenbank eG,Germany,549300RG3H390KEL8896,Banca Transilvania,Romania,0.3018,0.0018,0.0171,0.1075,43,Luxembourg|France|Spain,ja
2025-12-31,529900GM944JT8YIRL63,Münchener Hypothekenbank eG,Germany,549300TEJKOLFN65KR76,BNF Bank plc,Malta,0.4161,0.0000,0.0171,0.0001,14,Luxembourg|Netherlands|France,ja
2025-12-31,529900GM944JT8YIRL63,Münchener Hypothekenbank eG,Germany,549300TK038P6EV4YU51,AB Artea bankas,Lithuania,0.3215,0.0000,0.0000,,6,Switzerland|Netherlands|France,ja
2025-12-31,529900GM944JT8YIRL63,Münchener Hypothekenbank eG,Germany,549300UY81ESCZJ0GR95,First Investment Bank,Bulgaria,0.4855,0.0000,0.0171,0.0025,8,Switzerland|Ireland|United States,ja
2025-12-31,529900GM944JT8YIRL63,Münchener Hypothekenbank eG,Germany,8156003D79D064FB5360,CASSA LOMBARDA - S.P.A.,Italy,0.4453,0.0000,0.0137,0.0003,17,Switzerland|France|Spain,ja
2025-12-31,529900GM944JT8YIRL63,Münchener Hypothekenbank eG,Germany,8156005420362AE59184,BANCA IFIS S.P.A. (OVVERO IFIS BANCA S.P.A. O IN FORMA ABBREVIATA IFIS S.P.A.),Italy,0.3729,0.0004,0.0171,0.0258,52,Luxembourg|Switzerland|France,ja
2025-12-31,529900GM944JT8YIRL63,Münchener Hypothekenbank eG,Germany,81560062CEAE87A85C80,AREPO BP S.P.A.,Italy,0.4340,0.0009,0.0171,0.0501,18,Luxembourg|Netherlands|Spain,ja
2025-12-31,529900GM944JT8YIRL63,Münchener Hypothekenbank eG,Germany,81560087340FCB8D6D66,MEDIOCREDITO CENTRALE - BANCA DEL MEZZOGIORNO SPA,Italy,0.3928,0.0003,0.0171,0.0156,27,Luxembourg|France|United States,ja
2025-12-31,529900GM944JT8YIRL63,Münchener Hypothekenbank eG,Germany,815600E4E6DCD2D25E30,BANCO BPM SOCIETA' PER AZIONI,Italy,0.3911,0.0001,0.0023,0.0294,22,Luxembourg|Netherlands|France,ja
2025-12-31,529900GM944JT8YIRL63,Münchener Hypothekenbank eG,Germany,8I5DZWZKVSZI1NUHU748,J.P. Morgan SE,Germany,0.3496,0.0165,0.0171,0.9605,63,Luxembourg|Netherlands|France,nein
2025-12-31,529900GM944JT8YIRL63,Münchener Hypothekenbank eG,Germany,95980020140005881190,Banco de Crédito Social Cooperativo,Spain,0.3100,0.0000,0.0045,0.0100,20,Luxembourg|Netherlands|France,ja
2025-12-31,529900GM944JT8YIRL63,Münchener Hypothekenbank eG,Germany,9598005U8TZQ8Q64SC71,LIBERTY PARTNERS S.L.U.,Spain,0.3631,0.0000,0.0171,0.0015,15,Luxembourg|Switzerland|France,ja
2025-12-31,529900GM944JT8YIRL63,Münchener Hypothekenbank eG,Germany,9695005MSX1OYEMGDF46,Natixis,France,0.3649,0.0043,0.0171,0.2523,61,Luxembourg|United States|Netherlands,ja
2025-12-31,529900GM944JT8YIRL63,Münchener Hypothekenbank eG,Germany,9DJT3UXIJIZJI4WXO774,Bank of America Europe Designated Activity Company,Ireland,0.3978,0.0097,0.0171,0.5684,54,Luxembourg|Netherlands|France,ja
2025-12-31,529900GM944JT8YIRL63,Münchener Hypothekenbank eG,Germany,A5GWLFH3KM7YV2SFQL84,Belfius Bank,Belgium,0.3228,0.0002,0.0128,0.0121,30,Luxembourg|Netherlands|France,ja
2025-12-31,529900GM944JT8YIRL63,Münchener Hypothekenbank eG,Germany,DIZES5CFO5K3I5R58746,Landesbank Hessen-Thüringen Girozentrale,Germany,0.3276,0.0017,0.0171,0.1005,64,Luxembourg|Netherlands|France,nein
2025-12-31,529900GM944JT8YIRL63,Münchener Hypothekenbank eG,Germany,DSNHHQ2B9X5N6OUJ1236,Norddeutsche Landesbank - Girozentrale -,Germany,0.3687,0.0169,0.0171,0.9849,50,Luxembourg|Netherlands|France,nein
2025-12-31,529900GM944JT8YIRL63,Münchener Hypothekenbank eG,Germany,FR9695005MSX1OYEMGDF,Groupe BPCE,France,0.3304,0.0001,0.0129,0.0053,21,Luxembourg|Spain|Netherlands,ja
2025-12-31,529900GM944JT8YIRL63,Münchener Hypothekenbank eG,Germany,J4CP7MHCXR8DAQMKIL78,MEDIOBANCA - BANCA DI CREDITO FINANZIARIO S.P.A.,Italy,0.3480,0.0002,0.0171,0.0139,33,Luxembourg|Netherlands|France,ja
2025-12-31,529900GM944JT8YIRL63,Münchener Hypothekenbank eG,Germany,MLU0ZO3ML4LN2LL2TL39,HSBC Continental Europe,France,0.3234,0.0087,0.0171,0.5057,59,Luxembourg|Netherlands|Spain,ja
2025-12-31,529900GM944JT8YIRL63,Münchener Hypothekenbank eG,Germany,N747OI7JINV7RUUH6190,BPER Banca S.p.A.,Italy,0.3060,0.0001,0.0171,0.0045,24,Luxembourg|Netherlands|France,ja
2025-12-31,529900GM944JT8YIRL63,Münchener Hypothekenbank eG,Germany,QLPCKOOKVX32FUELX240,Bank Polska Kasa Opieki S.A.,Poland,0.3622,0.0003,0.0171,0.0183,53,Luxembourg|Netherlands|Spain,ja
2025-12-31,529900GM944JT8YIRL63,Münchener Hypothekenbank eG,Germany,TUKDD90GPC79G1KOE162,Hamburg Commercial Bank AG,Germany,0.4260,0.0166,0.0171,0.9705,33,Luxembourg|Netherlands|France,nein
2025-12-31,529900GM944JT8YIRL63,Münchener Hypothekenbank eG,Germany,VDYMYTQGZZ6DU0912C88,Bayerische Landesbank,Germany,0.3993,0.0019,0.0041,0.4559,64,Luxembourg|Netherlands|France,nein
2025-12-31,529900HEKOENJHPNN480,Kuntarahoitus Oyj,Finland,529900HNOAA1KXQJUQ27,"DZ BANK AG Deutsche Zentral-Genossenschaftsbank, Frankfurt am Main",Germany,0.3346,0.0000,0.0000,,9,France|United Kingdom|Netherlands,ja
2025-12-31,529900HEKOENJHPNN480,Kuntarahoitus Oyj,Finland,529900JZTYE3W7WQH904,HASPA Finanzholding,Germany,0.3865,0.0000,0.0000,,8,France|Netherlands|Norway,ja
2025-12-31,529900HEKOENJHPNN480,Kuntarahoitus Oyj,Finland,529900NNUPAGGOMPXZ31,Volkswagen Financial Services AG,Germany,0.4877,0.0000,0.0000,,8,France|United Kingdom|Netherlands,ja
2025-12-31,529900HEKOENJHPNN480,Kuntarahoitus Oyj,Finland,529900ODI3047E2LIV03,Nordea Bank Abp,Finland,0.4341,0.0000,0.0000,,10,Norway|Sweden|Denmark,nein
2025-12-31,529900HEKOENJHPNN480,Kuntarahoitus Oyj,Finland,529900QYEJ2GYSWK1F08,RLB-Stmk Verbund eGen,Austria,0.3547,0.0000,0.0000,,10,France|Sweden|Netherlands,ja
2025-12-31,529900HEKOENJHPNN480,Kuntarahoitus Oyj,Finland,529900RWC8ZYB066JF16,Bank of Valletta Plc,Malta,0.5102,0.0000,0.0000,,9,France|United Kingdom|Sweden,ja
2025-12-31,529900HEKOENJHPNN480,Kuntarahoitus Oyj,Finland,54930053HGCFWVHYZX42,Bank of China (Europe) S.A,Luxembourg,0.3370,0.0000,0.0000,,9,Belgium|Sweden|Netherlands,ja
2025-12-31,529900HEKOENJHPNN480,Kuntarahoitus Oyj,Finland,5493007BWYDPQZLZ0Y27,HYPO NOE Landesbank für Niederösterreich und Wien AG,Austria,0.3441,0.0000,0.0000,,9,France|Norway|Netherlands,ja
2025-12-31,529900HEKOENJHPNN480,Kuntarahoitus Oyj,Finland,549300DYPOFMXOR7XM56,Crelan,Belgium,0.3111,0.0000,0.0000,,9,France|Netherlands|Germany,ja
2025-12-31,529900HEKOENJHPNN480,Kuntarahoitus Oyj,Finland,549300GDPG70E3MBBU98,KfW Beteiligungsholding GmbH,Germany,0.3583,0.0000,0.0000,,9,United Kingdom|Netherlands|France,ja
2025-12-31,529900HEKOENJHPNN480,Kuntarahoitus Oyj,Finland,549300GKFG0RYRRQ1414,DNB BANK ASA,Norway,0.3154,0.0000,0.0000,,7,United Kingdom|Sweden|Denmark,ja
2025-12-31,529900HEKOENJHPNN480,Kuntarahoitus Oyj,Finland,549300IQZVZ949N37S44,Euroclear Holding,Belgium,0.4537,0.0000,0.0000,,9,France|United Kingdom|Sweden,ja
2025-12-31,529900HEKOENJHPNN480,Kuntarahoitus Oyj,Finland,549300L7YCATGO57ZE10,FINECOBANK BANCA FINECO S.P.A. (IN BREVE FINECOBANK S.P.A. OVVERO BANCA FINECO S.P.A. OVVERO FINECO BANCA S.P.A.),Italy,0.4158,0.0000,0.0000,,10,France|United Kingdom|Netherlands,ja
2025-12-31,529900HEKOENJHPNN480,Kuntarahoitus Oyj,Finland,549300LYFYVPUCG6SY25,"Banco Cooperativo Español, S.A.",Spain,0.3501,0.0000,0.0000,,8,France|Netherlands|United Kingdom,ja
2025-12-31,529900HEKOENJHPNN480,Kuntarahoitus Oyj,Finland,549300O3WME82RDPEN66,Swissquote Bank Europe S.A,Luxembourg,0.3932,0.0000,0.0000,,5,France|United Kingdom|Belgium,ja
2025-12-31,529900HEKOENJHPNN480,Kuntarahoitus Oyj,Finland,549300PZMFIQR79Q0T97,Íslandsbanki hf.,Iceland,0.4435,0.0000,0.0000,,4,Norway|Belgium|Sweden,ja
2025-12-31,529900HEKOENJHPNN480,Kuntarahoitus Oyj,Finland,549300Q3OIWRHQUQM052,SpareBank 1 Sør-Norge,Norway,0.4264,0.0000,0.0000,,8,France|Sweden|Netherlands,ja
2025-12-31,529900HEKOENJHPNN480,Kuntarahoitus Oyj,Finland,549300TL5406IC1XKD09,Saxo Bank A/S,Denmark,0.3788,0.0000,0.0000,,9,Belgium|Norway|Netherlands,ja
2025-12-31,529900HEKOENJHPNN480,Kuntarahoitus Oyj,Finland,549300TLZPT6JELDWM92,Landsbankinn hf.,Iceland,0.4512,0.0000,0.0000,,6,Norway|Sweden|Denmark,ja
2025-12-31,529900HEKOENJHPNN480,Kuntarahoitus Oyj,Finland,549300TTZTKBUFKWH890,The Cyprus Development Bank Public Company Ltd,Cyprus,0.3225,0.0000,0.0000,,3,France|United Kingdom|Netherlands,ja
2025-12-31,529900HEKOENJHPNN480,Kuntarahoitus Oyj,Finland,5967007LIEEXZX5PU005,Sparebanken Møre SPA,Norway,0.3007,0.0000,0.0000,,6,United Kingdom|Sweden|Denmark,ja
2025-12-31,529900HEKOENJHPNN480,Kuntarahoitus Oyj,Finland,6SHGI4ZSSLCXXQSBB395,Citigroup Global Markets Europe AG,Germany,0.3384,0.0000,0.0000,,9,United Kingdom|France|Netherlands,ja
2025-12-31,529900HEKOENJHPNN480,Kuntarahoitus Oyj,Finland,724500A1FNICHSDF2I11,ASN Bank N.V.,Netherlands,0.5963,0.0000,0.0000,,8,France|United Kingdom|Belgium,ja
2025-12-31,529900HEKOENJHPNN480,Kuntarahoitus Oyj,Finland,724500PMK2A2M1SQQ228,Triodos Bank N.V.,Netherlands,0.3577,0.0000,0.0000,,9,United Kingdom|Belgium|France,ja
2025-12-31,529900HEKOENJHPNN480,Kuntarahoitus Oyj,Finland,7437003B5WFBOIEFY714,OP Osuuskunta,Finland,0.5035,0.0000,0.0000,,9,Norway|France|Sweden,nein
2025-12-31,529900HEKOENJHPNN480,Kuntarahoitus Oyj,Finland,7437005892K69S3MW344,Säästöpankkiliitto osk,Finland,0.5921,0.0000,0.0000,,7,Norway|France|Sweden,nein
2025-12-31,529900HEKOENJHPNN480,Kuntarahoitus Oyj,Finland,7437006WYM821IJ3MN73,Ålandsbanken Abp,Finland,0.3291,0.0000,0.0000,,10,Norway|Sweden|Denmark,nein
2025-12-31,529900HEKOENJHPNN480,Kuntarahoitus Oyj,Finland,743700FTBNXAUN57RH30,S-Pankki Oyj,Finland,0.5183,0.0000,0.0000,,10,Norway|Sweden|Netherlands,nein
2025-12-31,529900HEKOENJHPNN480,Kuntarahoitus Oyj,Finland,743700GC62JLHFBUND16,Aktia Bank Abp,Finland,0.6422,0.0000,0.0000,,9,Norway|France|Sweden,nein
2025-12-31,529900HEKOENJHPNN480,Kuntarahoitus Oyj,Finland,743700PW2HDTPU3YRJ31,POP Pankkikeskus osk,Finland,0.6228,0.0000,0.0000,,7,Norway|France|Sweden,nein
2025-12-31,529900HEKOENJHPNN480,Kuntarahoitus Oyj,Finland,784F5XWPLTWKTBV3E584,Goldman Sachs Bank Europe SE,Germany,0.3552,0.0000,0.0000,,8,United Kingdom|France|Netherlands,ja
2025-12-31,529900HEKOENJHPNN480,Kuntarahoitus Oyj,Finland,8156003D79D064FB5360,CASSA LOMBARDA - S.P.A.,Italy,0.3445,0.0000,0.0000,,10,France|United Kingdom|Denmark,ja
2025-12-31,529900HEKOENJHPNN480,Kuntarahoitus Oyj,Finland,815600AD83B2B6317788,CREDITO EMILIANO HOLDING SOCIETA' PER AZIONI,Italy,0.4590,0.0000,0.0000,,9,France|United Kingdom|Netherlands,ja
2025-12-31,529900HEKOENJHPNN480,Kuntarahoitus Oyj,Finland,815600E4E6DCD2D25E30,BANCO BPM SOCIETA' PER AZIONI,Italy,0.4656,0.0000,0.0000,,9,France|United Kingdom|Netherlands,ja
2025-12-31,529900HEKOENJHPNN480,Kuntarahoitus Oyj,Finland,8I5DZWZKVSZI1NUHU748,J.P. Morgan SE,Germany,0.4614,0.0000,0.0000,,9,France|United Kingdom|Netherlands,ja
2025-12-31,529900HEKOENJHPNN480,Kuntarahoitus Oyj,Finland,95980020140005220135,"Caja Rural de Granada, Sociedad Cooperativa de Crédito",Spain,0.4855,0.0000,0.0000,,8,France|United Kingdom|Netherlands,ja
2025-12-31,529900HEKOENJHPNN480,Kuntarahoitus Oyj,Finland,95980020140005439549,"Caja Rural de Navarra, S. Coop. de Crédito",Spain,0.4295,0.0000,0.0000,,8,France|Netherlands|Belgium,ja
2025-12-31,529900HEKOENJHPNN480,Kuntarahoitus Oyj,Finland,95980020140005484654,"Caja Rural de Albacete, Ciudad Real y Cuenca, Sociedad Cooperativa de Crédito",Spain,0.3587,0.0000,0.0000,,6,France|Netherlands|United Kingdom,ja
2025-12-31,529900HEKOENJHPNN480,Kuntarahoitus Oyj,Finland,95980020140005552166,"Eurocaja Rural, Sociedad Cooperativa de Crédito",Spain,0.4208,0.0000,0.0000,,9,France|Netherlands|Belgium,ja
2025-12-31,529900HEKOENJHPNN480,Kuntarahoitus Oyj,Finland,95980020140005881190,Banco de Crédito Social Cooperativo,Spain,0.3893,0.0000,0.0000,,8,France|United Kingdom|Netherlands,ja
2025-12-31,529900HEKOENJHPNN480,Kuntarahoitus Oyj,Finland,9598005U8TZQ8Q64SC71,LIBERTY PARTNERS S.L.U.,Spain,0.3271,0.0000,0.0000,,8,France|United Kingdom|Sweden,ja
2025-12-31,529900HEKOENJHPNN480,Kuntarahoitus Oyj,Finland,9695000CG7B84NLR5984,Confédération Nationale du Crédit Mutuel,France,0.3245,0.0000,0.0000,,8,Belgium|United Kingdom|Netherlands,ja
2025-12-31,529900HEKOENJHPNN480,Kuntarahoitus Oyj,Finland,969500Q2PFTTP0Y5QL44,SFIL S.A.,France,0.3379,0.0000,0.0000,,8,Norway|Sweden|Denmark,ja
2025-12-31,529900HEKOENJHPNN480,Kuntarahoitus Oyj,Finland,969500TJ5KRTCJQWXH05,CRÉDIT AGRICOLE AUTO BANK S.P.A.,Italy,0.4571,0.0000,0.0000,,10,France|United Kingdom|Netherlands,ja
2025-12-31,529900HEKOENJHPNN480,Kuntarahoitus Oyj,Finland,9DJT3UXIJIZJI4WXO774,Bank of America Europe Designated Activity Company,Ireland,0.4558,0.0000,0.0000,,10,France|United Kingdom|Netherlands,ja
2025-12-31,529900HEKOENJHPNN480,Kuntarahoitus Oyj,Finland,A5GWLFH3KM7YV2SFQL84,Belfius Bank,Belgium,0.4973,0.0000,0.0000,,9,France|United Kingdom|Netherlands,ja
2025-12-31,529900HEKOENJHPNN480,Kuntarahoitus Oyj,Finland,AT0000000000043000VB,VOLKSBANK WIEN AG VB,Austria,0.4253,0.0000,0.0000,,10,France|Netherlands|Norway,ja
2025-12-31,529900HEKOENJHPNN480,Kuntarahoitus Oyj,Finland,B64D6Y3LBJS4ANNPCU93,NIBC Bank N.V.,Netherlands,0.3843,0.0000,0.0000,,7,United Kingdom|France|Belgium,ja
2025-12-31,529900HEKOENJHPNN480,Kuntarahoitus Oyj,Finland,BFXS5XCH7N0Y05NIXW11,ABN AMRO Bank N.V.,Netherlands,0.4878,0.0000,0.0000,,9,France|United Kingdom|Belgium,ja
2025-12-31,529900HEKOENJHPNN480,Kuntarahoitus Oyj,Finland,DIZES5CFO5K3I5R58746,Landesbank Hessen-Thüringen Girozentrale,Germany,0.4051,0.0000,0.0000,,9,France|United Kingdom|Netherlands,ja
2025-12-31,529900HEKOENJHPNN480,Kuntarahoitus Oyj,Finland,DSNHHQ2B9X5N6OUJ1236,Norddeutsche Landesbank - Girozentrale -,Germany,0.3995,0.0000,0.0000,,9,United Kingdom|France|Netherlands,ja
2025-12-31,529900HEKOENJHPNN480,Kuntarahoitus Oyj,Finland,DZZ47B9A52ZJ6LT6VV95,Deutsche Pfandbriefbank AG,Germany,0.4809,0.0000,0.0000,,7,France|United Kingdom|Sweden,ja
2025-12-31,529900HEKOENJHPNN480,Kuntarahoitus Oyj,Finland,I7ETN0QQO2AHZZGHJ389,KOMMUNALBANKEN AS,Norway,0.3677,0.0000,0.0000,,5,France|Denmark|Netherlands,ja
2025-12-31,529900HEKOENJHPNN480,Kuntarahoitus Oyj,Finland,J4CP7MHCXR8DAQMKIL78,MEDIOBANCA - BANCA DI CREDITO FINANZIARIO S.P.A.,Italy,0.4331,0.0000,0.0000,,10,France|United Kingdom|Netherlands,ja
2025-12-31,529900HEKOENJHPNN480,Kuntarahoitus Oyj,Finland,MAES062Z21O4RZ2U7M96,Danske Bank A/S,Denmark,0.4110,0.0000,0.0000,,7,Norway|United Kingdom|Sweden,ja
2025-12-31,529900HEKOENJHPNN480,Kuntarahoitus Oyj,Finland,N747OI7JINV7RUUH6190,BPER Banca S.p.A.,Italy,0.4548,0.0000,0.0000,,9,France|United Kingdom|Netherlands,ja
2025-12-31,529900HEKOENJHPNN480,Kuntarahoitus Oyj,Finland,NHBDILHZTYCNBV5UYZ31,Svenska Handelsbanken - gruppen,Sweden,0.4672,0.0000,0.0000,,9,Norway|United Kingdom|Netherlands,ja
2025-12-31,529900HEKOENJHPNN480,Kuntarahoitus Oyj,Finland,NNVPP80YIZGEY2314M97,ICCREA BANCA S.P.A. - ISTITUTO CENTRALE DEL CREDITO COOPERATIVO (IN FORMA ABBREVIATA: ICCREA BANCA S.P.A.),Italy,0.3444,0.0000,0.0000,,8,France|Netherlands|Belgium,ja
2025-12-31,529900HEKOENJHPNN480,Kuntarahoitus Oyj,Finland,R0MUWSFPU8MPRO8K5P83,BNP Paribas,France,0.3362,0.0000,0.0000,,9,United Kingdom|Belgium|Netherlands,ja
2025-12-31,529900HEKOENJHPNN480,Kuntarahoitus Oyj,Finland,R7CQUF1DQM73HUTV1078,"Banque et Caisse d´Epargne de l´Etat, Luxembourg",Luxembourg,0.5855,0.0000,0.0000,,9,France|Norway|Belgium,ja
2025-12-31,529900HEKOENJHPNN480,Kuntarahoitus Oyj,Finland,TUKDD90GPC79G1KOE162,Hamburg Commercial Bank AG,Germany,0.3661,0.0000,0.0000,,9,United Kingdom|France|Netherlands,ja
2025-12-31,529900HEKOENJHPNN480,Kuntarahoitus Oyj,Finland,VDYMYTQGZZ6DU0912C88,Bayerische Landesbank,Germany,0.4726,0.0000,0.0000,,9,France|United Kingdom|Netherlands,ja
2025-12-31,529900HNOAA1KXQJUQ27,"DZ BANK AG Deutsche Zentral-Genossenschaftsbank, Frankfurt am Main",Germany,529900IRBZTADXJB6757,flatexDEGIRO AG,Germany,0.4114,0.0045,0.0058,0.7798,70,Netherlands|Austria|France,nein
2025-12-31,529900HNOAA1KXQJUQ27,"DZ BANK AG Deutsche Zentral-Genossenschaftsbank, Frankfurt am Main",Germany,529900JZTYE3W7WQH904,HASPA Finanzholding,Germany,0.5229,0.0001,0.0001,1.0000,28,United States|France|Netherlands,nein
2025-12-31,529900HNOAA1KXQJUQ27,"DZ BANK AG Deutsche Zentral-Genossenschaftsbank, Frankfurt am Main",Germany,529900NNUPAGGOMPXZ31,Volkswagen Financial Services AG,Germany,0.3826,0.0000,0.0000,,13,France|Netherlands|United Kingdom,nein
2025-12-31,529900HNOAA1KXQJUQ27,"DZ BANK AG Deutsche Zentral-Genossenschaftsbank, Frankfurt am Main",Germany,529900QYEJ2GYSWK1F08,RLB-Stmk Verbund eGen,Austria,0.3181,0.0001,0.0069,0.0080,36,France|Luxembourg|Netherlands,ja
2025-12-31,529900HNOAA1KXQJUQ27,"DZ BANK AG Deutsche Zentral-Genossenschaftsbank, Frankfurt am Main",Germany,529900SXEWPJ1MRRX537,Raiffeisen-Holding Niederösterreich-Wien registrierte Genossenschaft mit beschränkter Haftung,Austria,0.3067,0.0034,0.0044,0.7791,55,Luxembourg|France|Netherlands,ja
2025-12-31,529900HNOAA1KXQJUQ27,"DZ BANK AG Deutsche Zentral-Genossenschaftsbank, Frankfurt am Main",Germany,529900UIRB65OY6U4B21,Lombard Bank Malta plc,Malta,0.3391,0.0030,0.0394,0.0772,19,United States|Netherlands|United Kingdom,ja
2025-12-31,529900HNOAA1KXQJUQ27,"DZ BANK AG Deutsche Zentral-Genossenschaftsbank, Frankfurt am Main",Germany,54930053HGCFWVHYZX42,Bank of China (Europe) S.A,Luxembourg,0.3660,0.0157,0.0363,0.4322,31,Netherlands|United States|United Kingdom,ja
2025-12-31,529900HNOAA1KXQJUQ27,"DZ BANK AG Deutsche Zentral-Genossenschaftsbank, Frankfurt am Main",Germany,54930060Q00W1SRIUI57,vdk bank,Belgium,0.4983,0.0124,0.0291,0.4282,28,France|Netherlands|United States,ja
2025-12-31,529900HNOAA1KXQJUQ27,"DZ BANK AG Deutsche Zentral-Genossenschaftsbank, Frankfurt am Main",Germany,5493006QMFDDMYWIAM13,"Banco Santander, S.A.",Spain,0.3562,0.0162,0.1406,0.1150,118,United States|United Kingdom|France,ja
2025-12-31,529900HNOAA1KXQJUQ27,"DZ BANK AG Deutsche Zentral-Genossenschaftsbank, Frankfurt am Main",Germany,5493007BWYDPQZLZ0Y27,HYPO NOE Landesbank für Niederösterreich und Wien AG,Austria,0.3521,0.0002,0.0003,0.6657,28,France|Netherlands|Slovakia,ja
2025-12-31,529900HNOAA1KXQJUQ27,"DZ BANK AG Deutsche Zentral-Genossenschaftsbank, Frankfurt am Main",Germany,5493009EIBTCB1X12G89,LGT Group Foundation,Liechtenstein,0.3821,0.0454,0.1406,0.3227,104,Switzerland|United Kingdom|Austria,ja
2025-12-31,529900HNOAA1KXQJUQ27,"DZ BANK AG Deutsche Zentral-Genossenschaftsbank, Frankfurt am Main",Germany,549300DYPOFMXOR7XM56,Crelan,Belgium,0.3494,0.0130,0.0244,0.5318,82,France|Netherlands|Luxembourg,ja
2025-12-31,529900HNOAA1KXQJUQ27,"DZ BANK AG Deutsche Zentral-Genossenschaftsbank, Frankfurt am Main",Germany,549300GDPG70E3MBBU98,KfW Beteiligungsholding GmbH,Germany,0.6129,0.0605,0.1406,0.4303,73,United States|United Kingdom|Netherlands,nein
2025-12-31,529900HNOAA1KXQJUQ27,"DZ BANK AG Deutsche Zentral-Genossenschaftsbank, Frankfurt am Main",Germany,549300GKFG0RYRRQ1414,DNB BANK ASA,Norway,0.4458,0.0003,0.0060,0.0572,27,United States|United Kingdom|Luxembourg,ja
2025-12-31,529900HNOAA1KXQJUQ27,"DZ BANK AG Deutsche Zentral-Genossenschaftsbank, Frankfurt am Main",Germany,549300L7YCATGO57ZE10,FINECOBANK BANCA FINECO S.P.A. (IN BREVE FINECOBANK S.P.A. OVVERO BANCA FINECO S.P.A. OVVERO FINECO BANCA S.P.A.),Italy,0.5589,0.0083,0.0160,0.5180,113,United States|France|Netherlands,ja
2025-12-31,529900HNOAA1KXQJUQ27,"DZ BANK AG Deutsche Zentral-Genossenschaftsbank, Frankfurt am Main",Germany,549300LYFYVPUCG6SY25,"Banco Cooperativo Español, S.A.",Spain,0.3500,0.0000,0.0000,,12,France|Netherlands|Luxembourg,ja
2025-12-31,529900HNOAA1KXQJUQ27,"DZ BANK AG Deutsche Zentral-Genossenschaftsbank, Frankfurt am Main",Germany,549300NYKK9MWM7GGW15,ING Groep N.V.,Netherlands,0.4402,0.0453,0.0902,0.5022,125,United States|Luxembourg|United Kingdom,ja
2025-12-31,529900HNOAA1KXQJUQ27,"DZ BANK AG Deutsche Zentral-Genossenschaftsbank, Frankfurt am Main",Germany,549300Q3OIWRHQUQM052,SpareBank 1 Sør-Norge,Norway,0.3604,0.0014,0.0014,0.9898,24,France|Netherlands|Austria,ja
2025-12-31,529900HNOAA1KXQJUQ27,"DZ BANK AG Deutsche Zentral-Genossenschaftsbank, Frankfurt am Main",Germany,549300RG3H390KEL8896,Banca Transilvania,Romania,0.3885,0.0124,0.1406,0.0882,73,France|United States|Luxembourg,ja
2025-12-31,529900HNOAA1KXQJUQ27,"DZ BANK AG Deutsche Zentral-Genossenschaftsbank, Frankfurt am Main",Germany,549300TEJKOLFN65KR76,BNF Bank plc,Malta,0.4703,0.0001,0.0404,0.0035,16,United States|France|Netherlands,ja
2025-12-31,529900HNOAA1KXQJUQ27,"DZ BANK AG Deutsche Zentral-Genossenschaftsbank, Frankfurt am Main",Germany,549300TK038P6EV4YU51,AB Artea bankas,Lithuania,0.4476,0.0000,0.0000,,8,United States|France|Switzerland,ja
2025-12-31,529900HNOAA1KXQJUQ27,"DZ BANK AG Deutsche Zentral-Genossenschaftsbank, Frankfurt am Main",Germany,549300TL5406IC1XKD09,Saxo Bank A/S,Denmark,0.3594,0.0262,0.0967,0.2713,62,Netherlands|Luxembourg|Canada,ja
2025-12-31,529900HNOAA1KXQJUQ27,"DZ BANK AG Deutsche Zentral-Genossenschaftsbank, Frankfurt am Main",Germany,549300TRUWO2CD2G5692,"UNICREDIT, SOCIETA' PER AZIONI",Italy,0.3097,0.0137,0.0278,0.4941,120,Austria|France|United Kingdom,ja
2025-12-31,529900HNOAA1KXQJUQ27,"DZ BANK AG Deutsche Zentral-Genossenschaftsbank, Frankfurt am Main",Germany,549300TTZTKBUFKWH890,The Cyprus Development Bank Public Company Ltd,Cyprus,0.3626,0.0000,0.0000,,5,France|Netherlands|United Kingdom,ja
2025-12-31,529900HNOAA1KXQJUQ27,"DZ BANK AG Deutsche Zentral-Genossenschaftsbank, Frankfurt am Main",Germany,635400AKJBGNS5WNQL34,AIB Group plc,Ireland,0.4442,0.0055,0.0353,0.1554,81,United States|United Kingdom|France,ja
2025-12-31,529900HNOAA1KXQJUQ27,"DZ BANK AG Deutsche Zentral-Genossenschaftsbank, Frankfurt am Main",Germany,636700HER4JIK7GZUN17,Klarna - Grupp,Sweden,0.3141,0.0000,0.0000,,5,United States|United Kingdom|Netherlands,ja
2025-12-31,529900HNOAA1KXQJUQ27,"DZ BANK AG Deutsche Zentral-Genossenschaftsbank, Frankfurt am Main",Germany,6SHGI4ZSSLCXXQSBB395,Citigroup Global Markets Europe AG,Germany,0.3526,0.0051,0.0052,0.9964,56,United Kingdom|France|Netherlands,nein
2025-12-31,529900HNOAA1KXQJUQ27,"DZ BANK AG Deutsche Zentral-Genossenschaftsbank, Frankfurt am Main",Germany,724500973ODKK3IFQ447,Adyen N.V.,Netherlands,0.4167,0.0221,0.0428,0.5170,61,United States|United Kingdom|Canada,ja
2025-12-31,529900HNOAA1KXQJUQ27,"DZ BANK AG Deutsche Zentral-Genossenschaftsbank, Frankfurt am Main",Germany,724500A1FNICHSDF2I11,ASN Bank N.V.,Netherlands,0.3648,0.0000,0.0000,,12,France|United Kingdom|Luxembourg,ja
2025-12-31,529900HNOAA1KXQJUQ27,"DZ BANK AG Deutsche Zentral-Genossenschaftsbank, Frankfurt am Main",Germany,743700GC62JLHFBUND16,Aktia Bank Abp,Finland,0.3077,0.0003,0.0415,0.0067,26,France|Netherlands|Slovakia,ja
2025-12-31,529900HNOAA1KXQJUQ27,"DZ BANK AG Deutsche Zentral-Genossenschaftsbank, Frankfurt am Main",Germany,784F5XWPLTWKTBV3E584,Goldman Sachs Bank Europe SE,Germany,0.3138,0.0001,0.0002,0.4128,23,France|United Kingdom|Netherlands,nein
2025-12-31,529900HNOAA1KXQJUQ27,"DZ BANK AG Deutsche Zentral-Genossenschaftsbank, Frankfurt am Main",Germany,7CUNS533WID6K7DGFI87,"CaixaBank, S.A.",Spain,0.3398,0.0180,0.0555,0.3250,124,United Kingdom|France|United States,ja
2025-12-31,529900HNOAA1KXQJUQ27,"DZ BANK AG Deutsche Zentral-Genossenschaftsbank, Frankfurt am Main",Germany,7LTWFZYICNSX8D621K86,DEUTSCHE BANK AKTIENGESELLSCHAFT,Germany,0.5296,0.0554,0.1406,0.3937,87,United States|United Kingdom|Luxembourg,nein
2025-12-31,529900HNOAA1KXQJUQ27,"DZ BANK AG Deutsche Zentral-Genossenschaftsbank, Frankfurt am Main",Germany,8156003D79D064FB5360,CASSA LOMBARDA - S.P.A.,Italy,0.3467,0.0000,0.0137,0.0017,18,France|Switzerland|United Kingdom,ja
2025-12-31,529900HNOAA1KXQJUQ27,"DZ BANK AG Deutsche Zentral-Genossenschaftsbank, Frankfurt am Main",Germany,8156005420362AE59184,BANCA IFIS S.P.A. (OVVERO IFIS BANCA S.P.A. O IN FORMA ABBREVIATA IFIS S.P.A.),Italy,0.4544,0.0373,0.0896,0.4167,83,France|Switzerland|Luxembourg,ja
2025-12-31,529900HNOAA1KXQJUQ27,"DZ BANK AG Deutsche Zentral-Genossenschaftsbank, Frankfurt am Main",Germany,81560062CEAE87A85C80,AREPO BP S.P.A.,Italy,0.3497,0.0092,0.0417,0.2210,19,Netherlands|Luxembourg|United Kingdom,ja
2025-12-31,529900HNOAA1KXQJUQ27,"DZ BANK AG Deutsche Zentral-Genossenschaftsbank, Frankfurt am Main",Germany,81560087340FCB8D6D66,MEDIOCREDITO CENTRALE - BANCA DEL MEZZOGIORNO SPA,Italy,0.3471,0.0047,0.0261,0.1784,33,United States|United Kingdom|Luxembourg,ja
2025-12-31,529900HNOAA1KXQJUQ27,"DZ BANK AG Deutsche Zentral-Genossenschaftsbank, Frankfurt am Main",Germany,815600AD83B2B6317788,CREDITO EMILIANO HOLDING SOCIETA' PER AZIONI,Italy,0.5258,0.0004,0.0007,0.5854,25,United States|France|Netherlands,ja
2025-12-31,529900HNOAA1KXQJUQ27,"DZ BANK AG Deutsche Zentral-Genossenschaftsbank, Frankfurt am Main",Germany,815600E4E6DCD2D25E30,BANCO BPM SOCIETA' PER AZIONI,Italy,0.4227,0.0008,0.0023,0.3608,34,France|Netherlands|United Kingdom,ja
2025-12-31,529900HNOAA1KXQJUQ27,"DZ BANK AG Deutsche Zentral-Genossenschaftsbank, Frankfurt am Main",Germany,851WYGNLUQLFZBSYGB56,COMMERZBANK Aktiengesellschaft,Germany,0.3729,0.0476,0.0916,0.5199,64,France|Netherlands|Switzerland,nein
2025-12-31,529900HNOAA1KXQJUQ27,"DZ BANK AG Deutsche Zentral-Genossenschaftsbank, Frankfurt am Main",Germany,8I5DZWZKVSZI1NUHU748,J.P. Morgan SE,Germany,0.6333,0.0227,0.1131,0.2006,93,United States|France|Netherlands,nein
2025-12-31,529900HNOAA1KXQJUQ27,"DZ BANK AG Deutsche Zentral-Genossenschaftsbank, Frankfurt am Main",Germany,95980020140005220135,"Caja Rural de Granada, Sociedad Cooperativa de Crédito",Spain,0.3854,0.0008,0.0008,1.0000,17,France|Netherlands|United Kingdom,ja
2025-12-31,529900HNOAA1KXQJUQ27,"DZ BANK AG Deutsche Zentral-Genossenschaftsbank, Frankfurt am Main",Germany,95980020140005439549,"Caja Rural de Navarra, S. Coop. de Crédito",Spain,0.3782,0.0004,0.0063,0.0712,19,France|Netherlands|Luxembourg,ja
2025-12-31,529900HNOAA1KXQJUQ27,"DZ BANK AG Deutsche Zentral-Genossenschaftsbank, Frankfurt am Main",Germany,95980020140005484654,"Caja Rural de Albacete, Ciudad Real y Cuenca, Sociedad Cooperativa de Crédito",Spain,0.3562,0.0000,0.0000,,10,France|Netherlands|Luxembourg,ja
2025-12-31,529900HNOAA1KXQJUQ27,"DZ BANK AG Deutsche Zentral-Genossenschaftsbank, Frankfurt am Main",Germany,95980020140005552166,"Eurocaja Rural, Sociedad Cooperativa de Crédito",Spain,0.4045,0.0088,0.0577,0.1522,38,France|Netherlands|Luxembourg,ja
2025-12-31,529900HNOAA1KXQJUQ27,"DZ BANK AG Deutsche Zentral-Genossenschaftsbank, Frankfurt am Main",Germany,95980020140005881190,Banco de Crédito Social Cooperativo,Spain,0.4099,0.0004,0.0045,0.0907,26,France|Netherlands|United Kingdom,ja
2025-12-31,529900HNOAA1KXQJUQ27,"DZ BANK AG Deutsche Zentral-Genossenschaftsbank, Frankfurt am Main",Germany,9598005U8TZQ8Q64SC71,LIBERTY PARTNERS S.L.U.,Spain,0.3768,0.0077,0.0241,0.3215,16,France|United Kingdom|Switzerland,ja
2025-12-31,529900HNOAA1KXQJUQ27,"DZ BANK AG Deutsche Zentral-Genossenschaftsbank, Frankfurt am Main",Germany,9695000CG7B84NLR5984,Confédération Nationale du Crédit Mutuel,France,0.3133,0.0031,0.0130,0.2416,47,United Kingdom|Netherlands|Luxembourg,ja
2025-12-31,529900HNOAA1KXQJUQ27,"DZ BANK AG Deutsche Zentral-Genossenschaftsbank, Frankfurt am Main",Germany,9695005MSX1OYEMGDF46,Natixis,France,0.4426,0.0366,0.0781,0.4687,95,United States|Luxembourg|United Kingdom,ja
2025-12-31,529900HNOAA1KXQJUQ27,"DZ BANK AG Deutsche Zentral-Genossenschaftsbank, Frankfurt am Main",Germany,969500TJ5KRTCJQWXH05,CRÉDIT AGRICOLE AUTO BANK S.P.A.,Italy,0.3967,0.0001,0.0020,0.0572,23,France|United Kingdom|Switzerland,ja
2025-12-31,529900HNOAA1KXQJUQ27,"DZ BANK AG Deutsche Zentral-Genossenschaftsbank, Frankfurt am Main",Germany,9DJT3UXIJIZJI4WXO774,Bank of America Europe Designated Activity Company,Ireland,0.5196,0.0217,0.0753,0.2885,63,France|Netherlands|United Kingdom,ja
2025-12-31,529900HNOAA1KXQJUQ27,"DZ BANK AG Deutsche Zentral-Genossenschaftsbank, Frankfurt am Main",Germany,A5GWLFH3KM7YV2SFQL84,Belfius Bank,Belgium,0.5504,0.0053,0.0128,0.4128,37,France|Netherlands|United Kingdom,ja
2025-12-31,529900HNOAA1KXQJUQ27,"DZ BANK AG Deutsche Zentral-Genossenschaftsbank, Frankfurt am Main",Germany,AT0000000000043000VB,VOLKSBANK WIEN AG VB,Austria,0.3745,0.0014,0.0047,0.3033,77,France|Netherlands|United Kingdom,ja
2025-12-31,529900HNOAA1KXQJUQ27,"DZ BANK AG Deutsche Zentral-Genossenschaftsbank, Frankfurt am Main",Germany,B64D6Y3LBJS4ANNPCU93,NIBC Bank N.V.,Netherlands,0.3325,0.0000,0.0170,0.0011,14,France|United Kingdom|Luxembourg,ja
2025-12-31,529900HNOAA1KXQJUQ27,"DZ BANK AG Deutsche Zentral-Genossenschaftsbank, Frankfurt am Main",Germany,BFXS5XCH7N0Y05NIXW11,ABN AMRO Bank N.V.,Netherlands,0.4077,0.0155,0.0868,0.1790,44,France|United Kingdom|United States,ja
2025-12-31,529900HNOAA1KXQJUQ27,"DZ BANK AG Deutsche Zentral-Genossenschaftsbank, Frankfurt am Main",Germany,DG3RU1DBUFHT4ZF9WN62,Coöperatieve Rabobank U.A.,Netherlands,0.5170,0.0300,0.1406,0.2132,111,United States|United Kingdom|France,ja
2025-12-31,529900HNOAA1KXQJUQ27,"DZ BANK AG Deutsche Zentral-Genossenschaftsbank, Frankfurt am Main",Germany,DIZES5CFO5K3I5R58746,Landesbank Hessen-Thüringen Girozentrale,Germany,0.6890,0.0323,0.0460,0.7016,114,United States|France|United Kingdom,nein
2025-12-31,529900HNOAA1KXQJUQ27,"DZ BANK AG Deutsche Zentral-Genossenschaftsbank, Frankfurt am Main",Germany,DSNHHQ2B9X5N6OUJ1236,Norddeutsche Landesbank - Girozentrale -,Germany,0.6705,0.0142,0.0596,0.2380,66,United States|France|Netherlands,nein
2025-12-31,529900HNOAA1KXQJUQ27,"DZ BANK AG Deutsche Zentral-Genossenschaftsbank, Frankfurt am Main",Germany,DZZ47B9A52ZJ6LT6VV95,Deutsche Pfandbriefbank AG,Germany,0.5162,0.0044,0.0064,0.6984,27,France|United States|Netherlands,nein
2025-12-31,529900HNOAA1KXQJUQ27,"DZ BANK AG Deutsche Zentral-Genossenschaftsbank, Frankfurt am Main",Germany,J4CP7MHCXR8DAQMKIL78,MEDIOBANCA - BANCA DI CREDITO FINANZIARIO S.P.A.,Italy,0.4495,0.0030,0.0569,0.0531,46,France|Netherlands|United Kingdom,ja
2025-12-31,529900HNOAA1KXQJUQ27,"DZ BANK AG Deutsche Zentral-Genossenschaftsbank, Frankfurt am Main",Germany,MLU0ZO3ML4LN2LL2TL39,HSBC Continental Europe,France,0.4402,0.0149,0.1276,0.1166,89,Netherlands|United Kingdom|United States,ja
2025-12-31,529900HNOAA1KXQJUQ27,"DZ BANK AG Deutsche Zentral-Genossenschaftsbank, Frankfurt am Main",Germany,N747OI7JINV7RUUH6190,BPER Banca S.p.A.,Italy,0.4380,0.0038,0.0209,0.1826,36,France|Netherlands|United Kingdom,ja
2025-12-31,529900HNOAA1KXQJUQ27,"DZ BANK AG Deutsche Zentral-Genossenschaftsbank, Frankfurt am Main",Germany,NNVPP80YIZGEY2314M97,ICCREA BANCA S.P.A. - ISTITUTO CENTRALE DEL CREDITO COOPERATIVO (IN FORMA ABBREVIATA: ICCREA BANCA S.P.A.),Italy,0.3227,0.0000,0.0074,0.0028,26,France|Netherlands|Luxembourg,ja
2025-12-31,529900HNOAA1KXQJUQ27,"DZ BANK AG Deutsche Zentral-Genossenschaftsbank, Frankfurt am Main",Germany,O2RNE8IBXP4R0TD8PU41,Société générale S.A.,France,0.3181,0.0006,0.0264,0.0212,100,United Kingdom|Netherlands|Luxembourg,ja
2025-12-31,529900HNOAA1KXQJUQ27,"DZ BANK AG Deutsche Zentral-Genossenschaftsbank, Frankfurt am Main",Germany,P4GTT6GF1W40CVIMFR43,Powszechna Kasa Oszczednosci Bank Polski S.A.,Poland,0.3794,0.0034,0.1406,0.0243,114,Netherlands|France|Luxembourg,ja
2025-12-31,529900HNOAA1KXQJUQ27,"DZ BANK AG Deutsche Zentral-Genossenschaftsbank, Frankfurt am Main",Germany,QLPCKOOKVX32FUELX240,Bank Polska Kasa Opieki S.A.,Poland,0.3925,0.0015,0.0714,0.0207,98,United Kingdom|Austria|Netherlands,ja
2025-12-31,529900HNOAA1KXQJUQ27,"DZ BANK AG Deutsche Zentral-Genossenschaftsbank, Frankfurt am Main",Germany,R7CQUF1DQM73HUTV1078,"Banque et Caisse d´Epargne de l´Etat, Luxembourg",Luxembourg,0.3724,0.0000,0.0047,0.0040,26,France|Netherlands|United Kingdom,ja
2025-12-31,529900HNOAA1KXQJUQ27,"DZ BANK AG Deutsche Zentral-Genossenschaftsbank, Frankfurt am Main",Germany,TUKDD90GPC79G1KOE162,Hamburg Commercial Bank AG,Germany,0.5390,0.0105,0.1406,0.0750,41,United States|Netherlands|United Kingdom,nein
2025-12-31,529900HNOAA1KXQJUQ27,"DZ BANK AG Deutsche Zentral-Genossenschaftsbank, Frankfurt am Main",Germany,VDYMYTQGZZ6DU0912C88,Bayerische Landesbank,Germany,0.4336,0.0022,0.0041,0.5359,122,France|Netherlands|United Kingdom,nein
2025-12-31,529900HNOAA1KXQJUQ27,"DZ BANK AG Deutsche Zentral-Genossenschaftsbank, Frankfurt am Main",Germany,WFLLPEPC7FZXENRZV188,THE BANK OF NEW YORK MELLON,Belgium,0.4535,0.0152,0.0805,0.1885,55,Netherlands|United Kingdom|Austria,ja
2025-12-31,529900IRBZTADXJB6757,flatexDEGIRO AG,Germany,529900JZTYE3W7WQH904,HASPA Finanzholding,Germany,0.3867,0.0000,0.0001,0.0669,26,Luxembourg|Netherlands|France,nein
2025-12-31,529900IRBZTADXJB6757,flatexDEGIRO AG,Germany,529900NNUPAGGOMPXZ31,Volkswagen Financial Services AG,Germany,0.3695,0.0000,0.0000,,13,Netherlands|Spain|France,nein
2025-12-31,529900IRBZTADXJB6757,flatexDEGIRO AG,Germany,54930053HGCFWVHYZX42,Bank of China (Europe) S.A,Luxembourg,0.3743,0.0005,0.0058,0.0805,27,Netherlands|Spain|Belgium,ja
2025-12-31,529900IRBZTADXJB6757,flatexDEGIRO AG,Germany,54930060Q00W1SRIUI57,vdk bank,Belgium,0.5742,0.0002,0.0058,0.0275,25,Netherlands|France|Luxembourg,ja
2025-12-31,529900IRBZTADXJB6757,flatexDEGIRO AG,Germany,5493007BWYDPQZLZ0Y27,HYPO NOE Landesbank für Niederösterreich und Wien AG,Austria,0.3778,0.0003,0.0003,1.0000,28,Netherlands|France|Luxembourg,ja
2025-12-31,529900IRBZTADXJB6757,flatexDEGIRO AG,Germany,5493008QOCP58OLEN998,Argenta Bank- en Verzekeringsgroep NV,Belgium,0.4421,0.0001,0.0002,0.4852,59,Netherlands|France|Luxembourg,ja
2025-12-31,529900IRBZTADXJB6757,flatexDEGIRO AG,Germany,549300DYPOFMXOR7XM56,Crelan,Belgium,0.4180,0.0032,0.0058,0.5563,63,Netherlands|Luxembourg|France,ja
2025-12-31,529900IRBZTADXJB6757,flatexDEGIRO AG,Germany,549300GDPG70E3MBBU98,KfW Beteiligungsholding GmbH,Germany,0.3156,0.0032,0.0058,0.5455,52,Netherlands|France|Luxembourg,nein
2025-12-31,529900IRBZTADXJB6757,flatexDEGIRO AG,Germany,549300LYFYVPUCG6SY25,"Banco Cooperativo Español, S.A.",Spain,0.3021,0.0000,0.0000,,12,Netherlands|Luxembourg|France,ja
2025-12-31,529900IRBZTADXJB6757,flatexDEGIRO AG,Germany,549300RG3H390KEL8896,Banca Transilvania,Romania,0.3335,0.0012,0.0058,0.2069,48,Luxembourg|Spain|France,ja
2025-12-31,529900IRBZTADXJB6757,flatexDEGIRO AG,Germany,549300TEJKOLFN65KR76,BNF Bank plc,Malta,0.4388,0.0000,0.0058,0.0043,15,Netherlands|Luxembourg|France,ja
2025-12-31,529900IRBZTADXJB6757,flatexDEGIRO AG,Germany,549300TL5406IC1XKD09,Saxo Bank A/S,Denmark,0.3152,0.0025,0.0058,0.4249,49,Netherlands|Luxembourg|Belgium,ja
2025-12-31,529900IRBZTADXJB6757,flatexDEGIRO AG,Germany,549300TTZTKBUFKWH890,The Cyprus Development Bank Public Company Ltd,Cyprus,0.5706,0.0000,0.0000,,5,Netherlands|Austria|France,ja
2025-12-31,529900IRBZTADXJB6757,flatexDEGIRO AG,Germany,724500A1FNICHSDF2I11,ASN Bank N.V.,Netherlands,0.3109,0.0000,0.0000,,12,Luxembourg|France|Austria,ja
2025-12-31,529900IRBZTADXJB6757,flatexDEGIRO AG,Germany,8156005420362AE59184,BANCA IFIS S.P.A. (OVVERO IFIS BANCA S.P.A. O IN FORMA ABBREVIATA IFIS S.P.A.),Italy,0.3183,0.0019,0.0058,0.3310,60,Luxembourg|France|Spain,ja
2025-12-31,529900IRBZTADXJB6757,flatexDEGIRO AG,Germany,81560062CEAE87A85C80,AREPO BP S.P.A.,Italy,0.3664,0.0008,0.0058,0.1377,19,Luxembourg|Netherlands|Spain,ja
2025-12-31,529900IRBZTADXJB6757,flatexDEGIRO AG,Germany,815600AD83B2B6317788,CREDITO EMILIANO HOLDING SOCIETA' PER AZIONI,Italy,0.3504,0.0000,0.0007,0.0000,24,Spain|Netherlands|France,ja
2025-12-31,529900IRBZTADXJB6757,flatexDEGIRO AG,Germany,815600E4E6DCD2D25E30,BANCO BPM SOCIETA' PER AZIONI,Italy,0.4910,0.0003,0.0023,0.1170,28,Netherlands|Luxembourg|Spain,ja
2025-12-31,529900IRBZTADXJB6757,flatexDEGIRO AG,Germany,8I5DZWZKVSZI1NUHU748,J.P. Morgan SE,Germany,0.4224,0.0026,0.0058,0.4469,63,Netherlands|Luxembourg|France,nein
2025-12-31,529900IRBZTADXJB6757,flatexDEGIRO AG,Germany,95980020140005220135,"Caja Rural de Granada, Sociedad Cooperativa de Crédito",Spain,0.4319,0.0000,0.0008,0.0015,16,Netherlands|Luxembourg|France,ja
2025-12-31,529900IRBZTADXJB6757,flatexDEGIRO AG,Germany,95980020140005439549,"Caja Rural de Navarra, S. Coop. de Crédito",Spain,0.3994,0.0000,0.0058,0.0000,17,Netherlands|France|Luxembourg,ja
2025-12-31,529900IRBZTADXJB6757,flatexDEGIRO AG,Germany,95980020140005484654,"Caja Rural de Albacete, Ciudad Real y Cuenca, Sociedad Cooperativa de Crédito",Spain,0.5173,0.0000,0.0000,,10,Netherlands|Luxembourg|France,ja
2025-12-31,529900IRBZTADXJB6757,flatexDEGIRO AG,Germany,95980020140005552166,"Eurocaja Rural, Sociedad Cooperativa de Crédito",Spain,0.3249,0.0014,0.0058,0.2441,32,Netherlands|Luxembourg|France,ja
2025-12-31,529900IRBZTADXJB6757,flatexDEGIRO AG,Germany,95980020140005881190,Banco de Crédito Social Cooperativo,Spain,0.3761,0.0000,0.0045,0.0000,24,Luxembourg|Netherlands|France,ja
2025-12-31,529900IRBZTADXJB6757,flatexDEGIRO AG,Germany,9598005U8TZQ8Q64SC71,LIBERTY PARTNERS S.L.U.,Spain,0.3108,0.0008,0.0058,0.1329,16,Luxembourg|France|Italy,ja
2025-12-31,529900IRBZTADXJB6757,flatexDEGIRO AG,Germany,969500STN7T9MRUMJ267,Bpifrance,France,0.5309,0.0001,0.0058,0.0241,28,Netherlands|Luxembourg|Switzerland,ja
2025-12-31,529900IRBZTADXJB6757,flatexDEGIRO AG,Germany,969500TJ5KRTCJQWXH05,CRÉDIT AGRICOLE AUTO BANK S.P.A.,Italy,0.3227,0.0000,0.0020,0.0000,22,Spain|France|Netherlands,ja
2025-12-31,529900IRBZTADXJB6757,flatexDEGIRO AG,Germany,9DJT3UXIJIZJI4WXO774,Bank of America Europe Designated Activity Company,Ireland,0.4260,0.0018,0.0058,0.3069,46,Luxembourg|Netherlands|France,ja
2025-12-31,529900IRBZTADXJB6757,flatexDEGIRO AG,Germany,A5GWLFH3KM7YV2SFQL84,Belfius Bank,Belgium,0.3992,0.0004,0.0058,0.0760,34,Netherlands|Luxembourg|France,ja
2025-12-31,529900IRBZTADXJB6757,flatexDEGIRO AG,Germany,DIZES5CFO5K3I5R58746,Landesbank Hessen-Thüringen Girozentrale,Germany,0.3740,0.0039,0.0058,0.6721,74,Luxembourg|France|Netherlands,nein
2025-12-31,529900IRBZTADXJB6757,flatexDEGIRO AG,Germany,DSNHHQ2B9X5N6OUJ1236,Norddeutsche Landesbank - Girozentrale -,Germany,0.4583,0.0018,0.0058,0.3078,53,Netherlands|Luxembourg|France,nein
2025-12-31,529900IRBZTADXJB6757,flatexDEGIRO AG,Germany,DZZ47B9A52ZJ6LT6VV95,Deutsche Pfandbriefbank AG,Germany,0.3513,0.0001,0.0058,0.0149,23,Netherlands|Spain|France,nein
2025-12-31,529900IRBZTADXJB6757,flatexDEGIRO AG,Germany,J4CP7MHCXR8DAQMKIL78,MEDIOBANCA - BANCA DI CREDITO FINANZIARIO S.P.A.,Italy,0.4758,0.0008,0.0058,0.1408,39,Spain|Luxembourg|Netherlands,ja
2025-12-31,529900IRBZTADXJB6757,flatexDEGIRO AG,Germany,MLU0ZO3ML4LN2LL2TL39,HSBC Continental Europe,France,0.4079,0.0042,0.0058,0.7236,63,Luxembourg|Netherlands|Spain,ja
2025-12-31,529900IRBZTADXJB6757,flatexDEGIRO AG,Germany,N747OI7JINV7RUUH6190,BPER Banca S.p.A.,Italy,0.4126,0.0007,0.0058,0.1167,29,Luxembourg|Netherlands|France,ja
2025-12-31,529900IRBZTADXJB6757,flatexDEGIRO AG,Germany,NNVPP80YIZGEY2314M97,ICCREA BANCA S.P.A. - ISTITUTO CENTRALE DEL CREDITO COOPERATIVO (IN FORMA ABBREVIATA: ICCREA BANCA S.P.A.),Italy,0.4728,0.0000,0.0058,0.0000,22,Netherlands|Spain|France,ja
2025-12-31,529900IRBZTADXJB6757,flatexDEGIRO AG,Germany,O2RNE8IBXP4R0TD8PU41,Société générale S.A.,France,0.3278,0.0006,0.0058,0.0980,64,Luxembourg|Netherlands|Spain,ja
2025-12-31,529900IRBZTADXJB6757,flatexDEGIRO AG,Germany,P4GTT6GF1W40CVIMFR43,Powszechna Kasa Oszczednosci Bank Polski S.A.,Poland,0.3490,0.0006,0.0058,0.0993,66,Netherlands|France|Luxembourg,ja
2025-12-31,529900IRBZTADXJB6757,flatexDEGIRO AG,Germany,QLPCKOOKVX32FUELX240,Bank Polska Kasa Opieki S.A.,Poland,0.4316,0.0010,0.0058,0.1725,59,Luxembourg|Austria|Netherlands,ja
2025-12-31,529900IRBZTADXJB6757,flatexDEGIRO AG,Germany,R0MUWSFPU8MPRO8K5P83,BNP Paribas,France,0.3151,0.0010,0.0058,0.1721,68,Luxembourg|Spain|Netherlands,ja
2025-12-31,529900IRBZTADXJB6757,flatexDEGIRO AG,Germany,R7CQUF1DQM73HUTV1078,"Banque et Caisse d´Epargne de l´Etat, Luxembourg",Luxembourg,0.3777,0.0000,0.0047,0.0001,25,Netherlands|France|Belgium,ja
2025-12-31,529900IRBZTADXJB6757,flatexDEGIRO AG,Germany,TUKDD90GPC79G1KOE162,Hamburg Commercial Bank AG,Germany,0.4424,0.0013,0.0058,0.2158,33,Luxembourg|Netherlands|France,nein
2025-12-31,529900IRBZTADXJB6757,flatexDEGIRO AG,Germany,VDYMYTQGZZ6DU0912C88,Bayerische Landesbank,Germany,0.4930,0.0007,0.0041,0.1653,74,Netherlands|Luxembourg|France,nein
2025-12-31,529900IRBZTADXJB6757,flatexDEGIRO AG,Germany,WFLLPEPC7FZXENRZV188,THE BANK OF NEW YORK MELLON,Belgium,0.4618,0.0007,0.0058,0.1234,38,Netherlands|Austria|Spain,ja
2025-12-31,529900JG015JC10LED24,AS LHV Group,Estonia,529900UIRB65OY6U4B21,Lombard Bank Malta plc,Malta,0.4181,0.0000,0.0000,,3,United Kingdom|Luxembourg|United Arab Emirates,ja
2025-12-31,529900JG015JC10LED24,AS LHV Group,Estonia,549300IQZVZ949N37S44,Euroclear Holding,Belgium,0.3194,0.0000,0.0000,,4,United Kingdom|Finland|Luxembourg,ja
2025-12-31,529900JG015JC10LED24,AS LHV Group,Estonia,635400AKJBGNS5WNQL34,AIB Group plc,Ireland,0.5191,0.0000,0.0000,,6,United Kingdom|Finland|Luxembourg,ja
2025-12-31,529900JG015JC10LED24,AS LHV Group,Estonia,635400C8EK6DRI12LJ39,Bank of Ireland Group plc,Ireland,0.8450,0.0000,0.0000,,6,United Kingdom|Luxembourg|Finland,ja
2025-12-31,529900JG015JC10LED24,AS LHV Group,Estonia,724500973ODKK3IFQ447,Adyen N.V.,Netherlands,0.4584,0.0000,0.0000,,6,United Kingdom|Luxembourg|Finland,ja
2025-12-31,529900JG015JC10LED24,AS LHV Group,Estonia,784F5XWPLTWKTBV3E584,Goldman Sachs Bank Europe SE,Germany,0.7178,0.0000,0.0000,,3,United Kingdom|Luxembourg|Lithuania,ja
2025-12-31,529900JG015JC10LED24,AS LHV Group,Estonia,81560087340FCB8D6D66,MEDIOCREDITO CENTRALE - BANCA DEL MEZZOGIORNO SPA,Italy,0.3012,0.0000,0.0000,,3,United Kingdom|Luxembourg|United Arab Emirates,ja
2025-12-31,529900JG015JC10LED24,AS LHV Group,Estonia,B64D6Y3LBJS4ANNPCU93,NIBC Bank N.V.,Netherlands,0.3217,0.0000,0.0000,,3,United Kingdom|Finland|Luxembourg,ja
2025-12-31,529900JG015JC10LED24,AS LHV Group,Estonia,SI5RG2M0WQQLZCXKRM20,"Banco de Sabadell, S.A.",Spain,0.8952,0.0000,0.0000,,4,United Kingdom|Luxembourg|Lithuania,ja
2025-12-31,529900JZTYE3W7WQH904,HASPA Finanzholding,Germany,529900NNUPAGGOMPXZ31,Volkswagen Financial Services AG,Germany,0.3488,0.0000,0.0000,,11,France|Netherlands|Denmark,nein
2025-12-31,529900JZTYE3W7WQH904,HASPA Finanzholding,Germany,529900QYEJ2GYSWK1F08,RLB-Stmk Verbund eGen,Austria,0.3662,0.0000,0.0001,0.0000,17,France|Luxembourg|Netherlands,ja
2025-12-31,529900JZTYE3W7WQH904,HASPA Finanzholding,Germany,529900RWC8ZYB066JF16,Bank of Valletta Plc,Malta,0.3221,0.0000,0.0001,0.5644,23,France|Netherlands|Spain,ja
2025-12-31,529900JZTYE3W7WQH904,HASPA Finanzholding,Germany,54930060Q00W1SRIUI57,vdk bank,Belgium,0.4263,0.0000,0.0001,0.0000,12,Netherlands|France|United States,ja
2025-12-31,529900JZTYE3W7WQH904,HASPA Finanzholding,Germany,5493007BWYDPQZLZ0Y27,HYPO NOE Landesbank für Niederösterreich und Wien AG,Austria,0.4004,0.0000,0.0001,0.0000,18,Netherlands|France|Norway,ja
2025-12-31,529900JZTYE3W7WQH904,HASPA Finanzholding,Germany,549300DYPOFMXOR7XM56,Crelan,Belgium,0.5030,0.0001,0.0001,1.0000,26,France|Netherlands|Luxembourg,ja
2025-12-31,529900JZTYE3W7WQH904,HASPA Finanzholding,Germany,549300GDPG70E3MBBU98,KfW Beteiligungsholding GmbH,Germany,0.3836,0.0001,0.0001,1.0000,25,United States|Netherlands|France,nein
2025-12-31,529900JZTYE3W7WQH904,HASPA Finanzholding,Germany,549300GKFG0RYRRQ1414,DNB BANK ASA,Norway,0.3804,0.0000,0.0001,0.4174,22,United States|Luxembourg|Netherlands,ja
2025-12-31,529900JZTYE3W7WQH904,HASPA Finanzholding,Germany,549300L7YCATGO57ZE10,FINECOBANK BANCA FINECO S.P.A. (IN BREVE FINECOBANK S.P.A. OVVERO BANCA FINECO S.P.A. OVVERO FINECO BANCA S.P.A.),Italy,0.6197,0.0000,0.0001,0.6483,27,France|United States|Netherlands,ja
2025-12-31,529900JZTYE3W7WQH904,HASPA Finanzholding,Germany,549300LYFYVPUCG6SY25,"Banco Cooperativo Español, S.A.",Spain,0.4631,0.0000,0.0000,,11,France|Netherlands|Luxembourg,ja
2025-12-31,529900JZTYE3W7WQH904,HASPA Finanzholding,Germany,549300Q3OIWRHQUQM052,SpareBank 1 Sør-Norge,Norway,0.3250,0.0000,0.0001,0.0002,14,France|Netherlands|Denmark,ja
2025-12-31,529900JZTYE3W7WQH904,HASPA Finanzholding,Germany,549300TEJKOLFN65KR76,BNF Bank plc,Malta,0.7054,0.0000,0.0001,0.0329,11,Luxembourg|France|United States,ja
2025-12-31,529900JZTYE3W7WQH904,HASPA Finanzholding,Germany,549300TK038P6EV4YU51,AB Artea bankas,Lithuania,0.3366,0.0000,0.0000,,7,France|United States|Netherlands,ja
2025-12-31,529900JZTYE3W7WQH904,HASPA Finanzholding,Germany,549300TL5406IC1XKD09,Saxo Bank A/S,Denmark,0.3011,0.0000,0.0001,0.5644,24,Netherlands|Luxembourg|Norway,ja
2025-12-31,529900JZTYE3W7WQH904,HASPA Finanzholding,Germany,635400AKJBGNS5WNQL34,AIB Group plc,Ireland,0.3790,0.0000,0.0001,0.1435,26,United States|France|Netherlands,ja
2025-12-31,529900JZTYE3W7WQH904,HASPA Finanzholding,Germany,636700HER4JIK7GZUN17,Klarna - Grupp,Sweden,0.3226,0.0000,0.0000,,4,United States|Norway|Netherlands,ja
2025-12-31,529900JZTYE3W7WQH904,HASPA Finanzholding,Germany,724500A1FNICHSDF2I11,ASN Bank N.V.,Netherlands,0.4483,0.0000,0.0000,,10,France|Luxembourg|Norway,ja
2025-12-31,529900JZTYE3W7WQH904,HASPA Finanzholding,Germany,7437003B5WFBOIEFY714,OP Osuuskunta,Finland,0.3062,0.0000,0.0001,0.4685,23,France|Netherlands|Norway,ja
2025-12-31,529900JZTYE3W7WQH904,HASPA Finanzholding,Germany,7437005892K69S3MW344,Säästöpankkiliitto osk,Finland,0.3791,0.0000,0.0001,0.0329,15,France|Luxembourg|Norway,ja
2025-12-31,529900JZTYE3W7WQH904,HASPA Finanzholding,Germany,743700GC62JLHFBUND16,Aktia Bank Abp,Finland,0.4194,0.0000,0.0001,0.4174,23,France|Netherlands|Norway,ja
2025-12-31,529900JZTYE3W7WQH904,HASPA Finanzholding,Germany,743700PW2HDTPU3YRJ31,POP Pankkikeskus osk,Finland,0.3043,0.0000,0.0001,0.0329,16,France|Norway|Denmark,ja
2025-12-31,529900JZTYE3W7WQH904,HASPA Finanzholding,Germany,7LTWFZYICNSX8D621K86,DEUTSCHE BANK AKTIENGESELLSCHAFT,Germany,0.3799,0.0001,0.0001,1.0000,28,United States|Luxembourg|Netherlands,nein
2025-12-31,529900JZTYE3W7WQH904,HASPA Finanzholding,Germany,8156003D79D064FB5360,CASSA LOMBARDA - S.P.A.,Italy,0.3014,0.0000,0.0001,0.0329,14,France|Norway|Denmark,ja
2025-12-31,529900JZTYE3W7WQH904,HASPA Finanzholding,Germany,8156005420362AE59184,BANCA IFIS S.P.A. (OVVERO IFIS BANCA S.P.A. O IN FORMA ABBREVIATA IFIS S.P.A.),Italy,0.3986,0.0000,0.0001,0.4487,27,France|Luxembourg|United States,ja
2025-12-31,529900JZTYE3W7WQH904,HASPA Finanzholding,Germany,81560062CEAE87A85C80,AREPO BP S.P.A.,Italy,0.4924,0.0000,0.0001,0.0000,11,Luxembourg|Netherlands|United States,ja
2025-12-31,529900JZTYE3W7WQH904,HASPA Finanzholding,Germany,81560087340FCB8D6D66,MEDIOCREDITO CENTRALE - BANCA DEL MEZZOGIORNO SPA,Italy,0.4524,0.0000,0.0001,0.5315,17,Luxembourg|United States|France,ja
2025-12-31,529900JZTYE3W7WQH904,HASPA Finanzholding,Germany,815600AD83B2B6317788,CREDITO EMILIANO HOLDING SOCIETA' PER AZIONI,Italy,0.5729,0.0000,0.0001,0.3845,22,France|United States|Netherlands,ja
2025-12-31,529900JZTYE3W7WQH904,HASPA Finanzholding,Germany,815600E4E6DCD2D25E30,BANCO BPM SOCIETA' PER AZIONI,Italy,0.5671,0.0001,0.0001,0.9848,26,Luxembourg|France|Netherlands,ja
2025-12-31,529900JZTYE3W7WQH904,HASPA Finanzholding,Germany,8I5DZWZKVSZI1NUHU748,J.P. Morgan SE,Germany,0.5331,0.0001,0.0001,0.9671,27,France|United States|Netherlands,nein
2025-12-31,529900JZTYE3W7WQH904,HASPA Finanzholding,Germany,95980020140005220135,"Caja Rural de Granada, Sociedad Cooperativa de Crédito",Spain,0.4654,0.0000,0.0001,0.5635,14,France|Netherlands|Luxembourg,ja
2025-12-31,529900JZTYE3W7WQH904,HASPA Finanzholding,Germany,95980020140005439549,"Caja Rural de Navarra, S. Coop. de Crédito",Spain,0.4768,0.0000,0.0001,0.4174,17,France|Netherlands|Luxembourg,ja
2025-12-31,529900JZTYE3W7WQH904,HASPA Finanzholding,Germany,95980020140005484654,"Caja Rural de Albacete, Ciudad Real y Cuenca, Sociedad Cooperativa de Crédito",Spain,0.4595,0.0000,0.0000,,9,France|Netherlands|Luxembourg,ja
2025-12-31,529900JZTYE3W7WQH904,HASPA Finanzholding,Germany,95980020140005552166,"Eurocaja Rural, Sociedad Cooperativa de Crédito",Spain,0.5331,0.0000,0.0001,0.0511,13,France|Netherlands|Luxembourg,ja
2025-12-31,529900JZTYE3W7WQH904,HASPA Finanzholding,Germany,95980020140005881190,Banco de Crédito Social Cooperativo,Spain,0.4547,0.0000,0.0001,0.4174,23,Luxembourg|France|Netherlands,ja
2025-12-31,529900JZTYE3W7WQH904,HASPA Finanzholding,Germany,9598005U8TZQ8Q64SC71,LIBERTY PARTNERS S.L.U.,Spain,0.4695,0.0000,0.0001,0.0000,12,Luxembourg|France|Norway,ja
2025-12-31,529900JZTYE3W7WQH904,HASPA Finanzholding,Germany,9695005MSX1OYEMGDF46,Natixis,France,0.5144,0.0001,0.0001,1.0000,27,Luxembourg|United States|Netherlands,ja
2025-12-31,529900JZTYE3W7WQH904,HASPA Finanzholding,Germany,969500TJ5KRTCJQWXH05,CRÉDIT AGRICOLE AUTO BANK S.P.A.,Italy,0.3230,0.0000,0.0001,0.0000,17,France|Netherlands|Denmark,ja
2025-12-31,529900JZTYE3W7WQH904,HASPA Finanzholding,Germany,9DJT3UXIJIZJI4WXO774,Bank of America Europe Designated Activity Company,Ireland,0.4948,0.0000,0.0001,0.6380,22,France|Luxembourg|Netherlands,ja
2025-12-31,529900JZTYE3W7WQH904,HASPA Finanzholding,Germany,A5GWLFH3KM7YV2SFQL84,Belfius Bank,Belgium,0.5467,0.0000,0.0001,0.4685,26,France|Netherlands|Luxembourg,ja
2025-12-31,529900JZTYE3W7WQH904,HASPA Finanzholding,Germany,AT0000000000043000VB,VOLKSBANK WIEN AG VB,Austria,0.3842,0.0000,0.0001,0.0894,23,France|Netherlands|Norway,ja
2025-12-31,529900JZTYE3W7WQH904,HASPA Finanzholding,Germany,BFXS5XCH7N0Y05NIXW11,ABN AMRO Bank N.V.,Netherlands,0.4178,0.0000,0.0001,0.4685,26,France|Luxembourg|United States,ja
2025-12-31,529900JZTYE3W7WQH904,HASPA Finanzholding,Germany,DG3RU1DBUFHT4ZF9WN62,Coöperatieve Rabobank U.A.,Netherlands,0.3658,0.0000,0.0001,0.5428,27,United States|France|Luxembourg,ja
2025-12-31,529900JZTYE3W7WQH904,HASPA Finanzholding,Germany,DIZES5CFO5K3I5R58746,Landesbank Hessen-Thüringen Girozentrale,Germany,0.5793,0.0001,0.0001,1.0000,28,United States|France|Luxembourg,nein
2025-12-31,529900JZTYE3W7WQH904,HASPA Finanzholding,Germany,DSNHHQ2B9X5N6OUJ1236,Norddeutsche Landesbank - Girozentrale -,Germany,0.5957,0.0000,0.0001,0.3845,24,United States|France|Netherlands,nein
2025-12-31,529900JZTYE3W7WQH904,HASPA Finanzholding,Germany,DZZ47B9A52ZJ6LT6VV95,Deutsche Pfandbriefbank AG,Germany,0.5078,0.0000,0.0001,0.0000,15,France|United States|Netherlands,nein
2025-12-31,529900JZTYE3W7WQH904,HASPA Finanzholding,Germany,FR9695005MSX1OYEMGDF,Groupe BPCE,France,0.3705,0.0000,0.0001,0.4685,24,Luxembourg|Netherlands|Spain,ja
2025-12-31,529900JZTYE3W7WQH904,HASPA Finanzholding,Germany,J4CP7MHCXR8DAQMKIL78,MEDIOBANCA - BANCA DI CREDITO FINANZIARIO S.P.A.,Italy,0.4613,0.0001,0.0001,0.8993,28,France|Luxembourg|Netherlands,ja
2025-12-31,529900JZTYE3W7WQH904,HASPA Finanzholding,Germany,MLU0ZO3ML4LN2LL2TL39,HSBC Continental Europe,France,0.3642,0.0000,0.0001,0.6453,27,Luxembourg|Netherlands|United States,ja
2025-12-31,529900JZTYE3W7WQH904,HASPA Finanzholding,Germany,N747OI7JINV7RUUH6190,BPER Banca S.p.A.,Italy,0.5423,0.0001,0.0001,1.0000,26,France|Luxembourg|Netherlands,ja
2025-12-31,529900JZTYE3W7WQH904,HASPA Finanzholding,Germany,NNVPP80YIZGEY2314M97,ICCREA BANCA S.P.A. - ISTITUTO CENTRALE DEL CREDITO COOPERATIVO (IN FORMA ABBREVIATA: ICCREA BANCA S.P.A.),Italy,0.4672,0.0000,0.0001,0.0329,21,France|Netherlands|Luxembourg,ja
2025-12-31,529900JZTYE3W7WQH904,HASPA Finanzholding,Germany,R7CQUF1DQM73HUTV1078,"Banque et Caisse d´Epargne de l´Etat, Luxembourg",Luxembourg,0.4577,0.0000,0.0001,0.0370,23,France|Netherlands|Norway,ja
2025-12-31,529900JZTYE3W7WQH904,HASPA Finanzholding,Germany,TUKDD90GPC79G1KOE162,Hamburg Commercial Bank AG,Germany,0.5616,0.0000,0.0001,0.1907,19,Luxembourg|United States|Netherlands,nein
2025-12-31,529900JZTYE3W7WQH904,HASPA Finanzholding,Germany,VDYMYTQGZZ6DU0912C88,Bayerische Landesbank,Germany,0.6590,0.0000,0.0001,0.3948,28,France|Luxembourg|Netherlands,nein
2025-12-31,529900JZTYE3W7WQH904,HASPA Finanzholding,Germany,WFLLPEPC7FZXENRZV188,THE BANK OF NEW YORK MELLON,Belgium,0.3134,0.0001,0.0001,0.9671,17,Netherlands|Norway|Luxembourg,ja
2025-12-31,529900NNUPAGGOMPXZ31,Volkswagen Financial Services AG,Germany,529900RWC8ZYB066JF16,Bank of Valletta Plc,Malta,0.4883,0.0000,0.0000,,11,United Kingdom|France|Spain,ja
2025-12-31,529900NNUPAGGOMPXZ31,Volkswagen Financial Services AG,Germany,529900UIRB65OY6U4B21,Lombard Bank Malta plc,Malta,0.4057,0.0000,0.0000,,7,United Kingdom|Netherlands|France,ja
2025-12-31,529900NNUPAGGOMPXZ31,Volkswagen Financial Services AG,Germany,529900VVDOKMRRAHZ894,Bank GPB International S.A.,Luxembourg,0.4509,0.0000,0.0000,,5,United Kingdom|Italy|France,ja
2025-12-31,529900NNUPAGGOMPXZ31,Volkswagen Financial Services AG,Germany,54930053HGCFWVHYZX42,Bank of China (Europe) S.A,Luxembourg,0.4576,0.0000,0.0000,,13,Netherlands|Poland|Spain,ja
2025-12-31,529900NNUPAGGOMPXZ31,Volkswagen Financial Services AG,Germany,54930060Q00W1SRIUI57,vdk bank,Belgium,0.3133,0.0000,0.0000,,10,France|Netherlands|United Kingdom,ja
2025-12-31,529900NNUPAGGOMPXZ31,Volkswagen Financial Services AG,Germany,5493006QMFDDMYWIAM13,"Banco Santander, S.A.",Spain,0.4518,0.0000,0.0000,,12,United Kingdom|France|Poland,ja
2025-12-31,529900NNUPAGGOMPXZ31,Volkswagen Financial Services AG,Germany,5493007BWYDPQZLZ0Y27,HYPO NOE Landesbank für Niederösterreich und Wien AG,Austria,0.3942,0.0000,0.0000,,13,France|Netherlands|Poland,ja
2025-12-31,529900NNUPAGGOMPXZ31,Volkswagen Financial Services AG,Germany,549300GDPG70E3MBBU98,KfW Beteiligungsholding GmbH,Germany,0.3705,0.0000,0.0000,,13,United Kingdom|Netherlands|France,nein
2025-12-31,529900NNUPAGGOMPXZ31,Volkswagen Financial Services AG,Germany,549300IQZVZ949N37S44,Euroclear Holding,Belgium,0.5740,0.0000,0.0000,,11,United Kingdom|France|Spain,ja
2025-12-31,529900NNUPAGGOMPXZ31,Volkswagen Financial Services AG,Germany,549300L7YCATGO57ZE10,FINECOBANK BANCA FINECO S.P.A. (IN BREVE FINECOBANK S.P.A. OVVERO BANCA FINECO S.P.A. OVVERO FINECO BANCA S.P.A.),Italy,0.3938,0.0000,0.0000,,12,France|United Kingdom|Netherlands,ja
2025-12-31,529900NNUPAGGOMPXZ31,Volkswagen Financial Services AG,Germany,549300LYFYVPUCG6SY25,"Banco Cooperativo Español, S.A.",Spain,0.3193,0.0000,0.0000,,9,France|Netherlands|United Kingdom,ja
2025-12-31,529900NNUPAGGOMPXZ31,Volkswagen Financial Services AG,Germany,549300O3WME82RDPEN66,Swissquote Bank Europe S.A,Luxembourg,0.3281,0.0000,0.0000,,4,United Kingdom|France|Belgium,ja
2025-12-31,529900NNUPAGGOMPXZ31,Volkswagen Financial Services AG,Germany,549300Q3OIWRHQUQM052,SpareBank 1 Sør-Norge,Norway,0.3364,0.0000,0.0000,,8,France|Netherlands|Sweden,ja
2025-12-31,529900NNUPAGGOMPXZ31,Volkswagen Financial Services AG,Germany,549300TTZTKBUFKWH890,The Cyprus Development Bank Public Company Ltd,Cyprus,0.3644,0.0000,0.0000,,4,France|United Kingdom|Netherlands,ja
2025-12-31,529900NNUPAGGOMPXZ31,Volkswagen Financial Services AG,Germany,5967007LIEEXZX5PU005,Sparebanken Møre SPA,Norway,0.4019,0.0000,0.0000,,7,United Kingdom|Sweden|Italy,ja
2025-12-31,529900NNUPAGGOMPXZ31,Volkswagen Financial Services AG,Germany,635400AKJBGNS5WNQL34,AIB Group plc,Ireland,0.4133,0.0000,0.0000,,12,United Kingdom|France|Netherlands,ja
2025-12-31,529900NNUPAGGOMPXZ31,Volkswagen Financial Services AG,Germany,635400C8EK6DRI12LJ39,Bank of Ireland Group plc,Ireland,0.3484,0.0000,0.0000,,12,United Kingdom|France|Netherlands,ja
2025-12-31,529900NNUPAGGOMPXZ31,Volkswagen Financial Services AG,Germany,635400F6HLXKXNJJX605,EXIM BANCA ROMANEASCA S.A.,Romania,0.3425,0.0000,0.0000,,11,France|Poland|Italy,ja
2025-12-31,529900NNUPAGGOMPXZ31,Volkswagen Financial Services AG,Germany,6SHGI4ZSSLCXXQSBB395,Citigroup Global Markets Europe AG,Germany,0.4799,0.0000,0.0000,,13,United Kingdom|Poland|France,nein
2025-12-31,529900NNUPAGGOMPXZ31,Volkswagen Financial Services AG,Germany,724500973ODKK3IFQ447,Adyen N.V.,Netherlands,0.3842,0.0000,0.0000,,12,United Kingdom|Belgium|Ireland,ja
2025-12-31,529900NNUPAGGOMPXZ31,Volkswagen Financial Services AG,Germany,724500A1FNICHSDF2I11,ASN Bank N.V.,Netherlands,0.4196,0.0000,0.0000,,8,United Kingdom|France|Belgium,ja
2025-12-31,529900NNUPAGGOMPXZ31,Volkswagen Financial Services AG,Germany,724500PMK2A2M1SQQ228,Triodos Bank N.V.,Netherlands,0.4397,0.0000,0.0000,,9,United Kingdom|Spain|France,ja
2025-12-31,529900NNUPAGGOMPXZ31,Volkswagen Financial Services AG,Germany,724500SF1CI8OD5AHI07,HCBG Holding B.V.,Netherlands,0.3034,0.0000,0.0000,,11,Spain|United Kingdom|France,ja
2025-12-31,529900NNUPAGGOMPXZ31,Volkswagen Financial Services AG,Germany,7437003B5WFBOIEFY714,OP Osuuskunta,Finland,0.3158,0.0000,0.0000,,11,France|Netherlands|Sweden,ja
2025-12-31,529900NNUPAGGOMPXZ31,Volkswagen Financial Services AG,Germany,7437005892K69S3MW344,Säästöpankkiliitto osk,Finland,0.3142,0.0000,0.0000,,9,France|Spain|Sweden,ja
2025-12-31,529900NNUPAGGOMPXZ31,Volkswagen Financial Services AG,Germany,743700GC62JLHFBUND16,Aktia Bank Abp,Finland,0.3775,0.0000,0.0000,,11,France|Netherlands|Sweden,ja
2025-12-31,529900NNUPAGGOMPXZ31,Volkswagen Financial Services AG,Germany,784F5XWPLTWKTBV3E584,Goldman Sachs Bank Europe SE,Germany,0.5088,0.0000,0.0000,,11,United Kingdom|France|Netherlands,nein
2025-12-31,529900NNUPAGGOMPXZ31,Volkswagen Financial Services AG,Germany,8156003D79D064FB5360,CASSA LOMBARDA - S.P.A.,Italy,0.3631,0.0000,0.0000,,9,France|Spain|United Kingdom,ja
2025-12-31,529900NNUPAGGOMPXZ31,Volkswagen Financial Services AG,Germany,8156005420362AE59184,BANCA IFIS S.P.A. (OVVERO IFIS BANCA S.P.A. O IN FORMA ABBREVIATA IFIS S.P.A.),Italy,0.3225,0.0000,0.0000,,12,France|Poland|United Kingdom,ja
2025-12-31,529900NNUPAGGOMPXZ31,Volkswagen Financial Services AG,Germany,81560087340FCB8D6D66,MEDIOCREDITO CENTRALE - BANCA DEL MEZZOGIORNO SPA,Italy,0.3627,0.0000,0.0000,,10,United Kingdom|France|Belgium,ja
2025-12-31,529900NNUPAGGOMPXZ31,Volkswagen Financial Services AG,Germany,815600AD83B2B6317788,CREDITO EMILIANO HOLDING SOCIETA' PER AZIONI,Italy,0.4853,0.0000,0.0000,,11,France|United Kingdom|Netherlands,ja
2025-12-31,529900NNUPAGGOMPXZ31,Volkswagen Financial Services AG,Germany,815600E4E6DCD2D25E30,BANCO BPM SOCIETA' PER AZIONI,Italy,0.5620,0.0000,0.0000,,11,United Kingdom|France|Netherlands,ja
2025-12-31,529900NNUPAGGOMPXZ31,Volkswagen Financial Services AG,Germany,8I5DZWZKVSZI1NUHU748,J.P. Morgan SE,Germany,0.5964,0.0000,0.0000,,13,France|United Kingdom|Netherlands,nein
2025-12-31,529900NNUPAGGOMPXZ31,Volkswagen Financial Services AG,Germany,95980020140005220135,"Caja Rural de Granada, Sociedad Cooperativa de Crédito",Spain,0.4771,0.0000,0.0000,,9,France|United Kingdom|Netherlands,ja
2025-12-31,529900NNUPAGGOMPXZ31,Volkswagen Financial Services AG,Germany,95980020140005439549,"Caja Rural de Navarra, S. Coop. de Crédito",Spain,0.3799,0.0000,0.0000,,10,France|Netherlands|Belgium,ja
2025-12-31,529900NNUPAGGOMPXZ31,Volkswagen Financial Services AG,Germany,95980020140005484654,"Caja Rural de Albacete, Ciudad Real y Cuenca, Sociedad Cooperativa de Crédito",Spain,0.3209,0.0000,0.0000,,6,France|Netherlands|United Kingdom,ja
2025-12-31,529900NNUPAGGOMPXZ31,Volkswagen Financial Services AG,Germany,95980020140005552166,"Eurocaja Rural, Sociedad Cooperativa de Crédito",Spain,0.3498,0.0000,0.0000,,10,France|Netherlands|Belgium,ja
2025-12-31,529900NNUPAGGOMPXZ31,Volkswagen Financial Services AG,Germany,95980020140005881190,Banco de Crédito Social Cooperativo,Spain,0.4204,0.0000,0.0000,,10,France|United Kingdom|Netherlands,ja
2025-12-31,529900NNUPAGGOMPXZ31,Volkswagen Financial Services AG,Germany,9598005U8TZQ8Q64SC71,LIBERTY PARTNERS S.L.U.,Spain,0.4660,0.0000,0.0000,,10,Italy|France|United Kingdom,ja
2025-12-31,529900NNUPAGGOMPXZ31,Volkswagen Financial Services AG,Germany,969500F7JLTX36OUI695,RCI Banque,France,0.4742,0.0000,0.0000,,10,United Kingdom|Italy|Spain,ja
2025-12-31,529900NNUPAGGOMPXZ31,Volkswagen Financial Services AG,Germany,969500TJ5KRTCJQWXH05,CRÉDIT AGRICOLE AUTO BANK S.P.A.,Italy,0.6153,0.0000,0.0000,,12,United Kingdom|France|Spain,ja
2025-12-31,529900NNUPAGGOMPXZ31,Volkswagen Financial Services AG,Germany,9DJT3UXIJIZJI4WXO774,Bank of America Europe Designated Activity Company,Ireland,0.5727,0.0000,0.0000,,12,United Kingdom|France|Netherlands,ja
2025-12-31,529900NNUPAGGOMPXZ31,Volkswagen Financial Services AG,Germany,A5GWLFH3KM7YV2SFQL84,Belfius Bank,Belgium,0.5718,0.0000,0.0000,,12,United Kingdom|France|Netherlands,ja
2025-12-31,529900NNUPAGGOMPXZ31,Volkswagen Financial Services AG,Germany,AT0000000000043000VB,VOLKSBANK WIEN AG VB,Austria,0.3280,0.0000,0.0000,,13,France|Netherlands|Belgium,ja
2025-12-31,529900NNUPAGGOMPXZ31,Volkswagen Financial Services AG,Germany,B64D6Y3LBJS4ANNPCU93,NIBC Bank N.V.,Netherlands,0.5620,0.0000,0.0000,,8,United Kingdom|France|Spain,ja
2025-12-31,529900NNUPAGGOMPXZ31,Volkswagen Financial Services AG,Germany,BFXS5XCH7N0Y05NIXW11,ABN AMRO Bank N.V.,Netherlands,0.4919,0.0000,0.0000,,11,United Kingdom|France|Belgium,ja
2025-12-31,529900NNUPAGGOMPXZ31,Volkswagen Financial Services AG,Germany,DIZES5CFO5K3I5R58746,Landesbank Hessen-Thüringen Girozentrale,Germany,0.5117,0.0000,0.0000,,13,France|United Kingdom|Poland,nein
2025-12-31,529900NNUPAGGOMPXZ31,Volkswagen Financial Services AG,Germany,DSNHHQ2B9X5N6OUJ1236,Norddeutsche Landesbank - Girozentrale -,Germany,0.5479,0.0000,0.0000,,13,United Kingdom|France|Netherlands,nein
2025-12-31,529900NNUPAGGOMPXZ31,Volkswagen Financial Services AG,Germany,DZZ47B9A52ZJ6LT6VV95,Deutsche Pfandbriefbank AG,Germany,0.5835,0.0000,0.0000,,11,France|United Kingdom|Netherlands,nein
2025-12-31,529900NNUPAGGOMPXZ31,Volkswagen Financial Services AG,Germany,J4CP7MHCXR8DAQMKIL78,MEDIOBANCA - BANCA DI CREDITO FINANZIARIO S.P.A.,Italy,0.5565,0.0000,0.0000,,12,United Kingdom|France|Spain,ja
2025-12-31,529900NNUPAGGOMPXZ31,Volkswagen Financial Services AG,Germany,MLU0ZO3ML4LN2LL2TL39,HSBC Continental Europe,France,0.3956,0.0000,0.0000,,12,United Kingdom|Netherlands|Spain,ja
2025-12-31,529900NNUPAGGOMPXZ31,Volkswagen Financial Services AG,Germany,N747OI7JINV7RUUH6190,BPER Banca S.p.A.,Italy,0.4695,0.0000,0.0000,,11,France|Netherlands|United Kingdom,ja
2025-12-31,529900NNUPAGGOMPXZ31,Volkswagen Financial Services AG,Germany,NHBDILHZTYCNBV5UYZ31,Svenska Handelsbanken - gruppen,Sweden,0.3912,0.0000,0.0000,,12,United Kingdom|Netherlands|Norway,ja
2025-12-31,529900NNUPAGGOMPXZ31,Volkswagen Financial Services AG,Germany,NNVPP80YIZGEY2314M97,ICCREA BANCA S.P.A. - ISTITUTO CENTRALE DEL CREDITO COOPERATIVO (IN FORMA ABBREVIATA: ICCREA BANCA S.P.A.),Italy,0.3997,0.0000,0.0000,,10,France|Netherlands|Spain,ja
2025-12-31,529900NNUPAGGOMPXZ31,Volkswagen Financial Services AG,Germany,O2RNE8IBXP4R0TD8PU41,Société générale S.A.,France,0.3657,0.0000,0.0000,,12,United Kingdom|Netherlands|Spain,ja
2025-12-31,529900NNUPAGGOMPXZ31,Volkswagen Financial Services AG,Germany,QLPCKOOKVX32FUELX240,Bank Polska Kasa Opieki S.A.,Poland,0.3353,0.0000,0.0000,,12,United Kingdom|Netherlands|Spain,ja
2025-12-31,529900NNUPAGGOMPXZ31,Volkswagen Financial Services AG,Germany,R0MUWSFPU8MPRO8K5P83,BNP Paribas,France,0.4175,0.0000,0.0000,,12,United Kingdom|Poland|Spain,ja
2025-12-31,529900NNUPAGGOMPXZ31,Volkswagen Financial Services AG,Germany,R7CQUF1DQM73HUTV1078,"Banque et Caisse d´Epargne de l´Etat, Luxembourg",Luxembourg,0.4467,0.0000,0.0000,,11,France|Netherlands|United Kingdom,ja
2025-12-31,529900NNUPAGGOMPXZ31,Volkswagen Financial Services AG,Germany,SI5RG2M0WQQLZCXKRM20,"Banco de Sabadell, S.A.",Spain,0.3562,0.0000,0.0000,,10,United Kingdom|France|Netherlands,ja
2025-12-31,529900NNUPAGGOMPXZ31,Volkswagen Financial Services AG,Germany,TUKDD90GPC79G1KOE162,Hamburg Commercial Bank AG,Germany,0.4235,0.0000,0.0000,,12,United Kingdom|Netherlands|France,nein
2025-12-31,529900NNUPAGGOMPXZ31,Volkswagen Financial Services AG,Germany,VDYMYTQGZZ6DU0912C88,Bayerische Landesbank,Germany,0.5618,0.0000,0.0000,,13,United Kingdom|France|Netherlands,nein
2025-12-31,529900NNUPAGGOMPXZ31,Volkswagen Financial Services AG,Germany,WFLLPEPC7FZXENRZV188,THE BANK OF NEW YORK MELLON,Belgium,0.3512,0.0000,0.0000,,11,United Kingdom|Netherlands|Spain,ja
2025-12-31,529900ODI3047E2LIV03,Nordea Bank Abp,Finland,549300GKFG0RYRRQ1414,DNB BANK ASA,Norway,0.4766,0.0018,0.0060,0.3000,27,Sweden|Denmark|Luxembourg,ja
2025-12-31,529900ODI3047E2LIV03,Nordea Bank Abp,Finland,549300PZMFIQR79Q0T97,Íslandsbanki hf.,Iceland,0.6183,0.0000,0.0000,,5,Denmark|Sweden|Norway,ja
2025-12-31,529900ODI3047E2LIV03,Nordea Bank Abp,Finland,549300SXM92LQ05OJQ76,Sparebank 1 Nord-Norge SPA,Norway,0.6580,0.0010,0.0021,0.4760,16,Sweden|Denmark|Cayman Islands,ja
2025-12-31,529900ODI3047E2LIV03,Nordea Bank Abp,Finland,549300TLZPT6JELDWM92,Landsbankinn hf.,Iceland,0.7699,0.0000,0.0000,,16,Sweden|Norway|Denmark,ja
2025-12-31,529900ODI3047E2LIV03,Nordea Bank Abp,Finland,5967007LIEEXZX5PU005,Sparebanken Møre SPA,Norway,0.4284,0.0018,0.0235,0.0748,16,Sweden|Denmark|United States,ja
2025-12-31,529900ODI3047E2LIV03,Nordea Bank Abp,Finland,5967007LIEEXZX8UHK11,SPAREBANK 1 SOGN OG FJORDANE,Norway,0.5065,0.0001,0.0011,0.0733,27,Denmark|Sweden|United States,ja
2025-12-31,529900ODI3047E2LIV03,Nordea Bank Abp,Finland,7437003B5WFBOIEFY714,OP Osuuskunta,Finland,0.3420,0.0002,0.0002,0.6796,25,Sweden|Norway|Denmark,nein
2025-12-31,529900ODI3047E2LIV03,Nordea Bank Abp,Finland,7437005892K69S3MW344,Säästöpankkiliitto osk,Finland,0.5411,0.0017,0.0023,0.7484,17,Sweden|Norway|Denmark,nein
2025-12-31,529900ODI3047E2LIV03,Nordea Bank Abp,Finland,7437006WYM821IJ3MN73,Ålandsbanken Abp,Finland,0.5461,0.0000,0.0000,1.0000,17,Sweden|Norway|Denmark,nein
2025-12-31,529900ODI3047E2LIV03,Nordea Bank Abp,Finland,743700FTBNXAUN57RH30,S-Pankki Oyj,Finland,0.4572,0.0005,0.0036,0.1518,17,Norway|Sweden|Denmark,nein
2025-12-31,529900ODI3047E2LIV03,Nordea Bank Abp,Finland,743700GC62JLHFBUND16,Aktia Bank Abp,Finland,0.3825,0.0018,0.0235,0.0760,27,Norway|Sweden|Denmark,nein
2025-12-31,529900ODI3047E2LIV03,Nordea Bank Abp,Finland,743700PW2HDTPU3YRJ31,POP Pankkikeskus osk,Finland,0.6911,0.0006,0.0006,1.0000,18,Sweden|Norway|Denmark,nein
2025-12-31,529900ODI3047E2LIV03,Nordea Bank Abp,Finland,7V6Z97IO7R1SEAO84Q32,SpareBank 1 SMN,Norway,0.5954,0.0010,0.0046,0.2276,22,Sweden|Denmark|Luxembourg,ja
2025-12-31,529900ODI3047E2LIV03,Nordea Bank Abp,Finland,K8MS7FD7N5Z2WQ51AZ71,"Banco Bilbao Vizcaya Argentaria, S.A.",Spain,0.3492,0.0049,0.0235,0.2088,57,Denmark|United States|Norway,ja
2025-12-31,529900ODI3047E2LIV03,Nordea Bank Abp,Finland,MAES062Z21O4RZ2U7M96,Danske Bank A/S,Denmark,0.5649,0.0017,0.0017,0.9905,15,Sweden|Norway|Luxembourg,ja
2025-12-31,529900QYEJ2GYSWK1F08,RLB-Stmk Verbund eGen,Austria,529900RWC8ZYB066JF16,Bank of Valletta Plc,Malta,0.4680,0.0000,0.0058,0.0000,20,France|Germany|Sweden,ja
2025-12-31,529900QYEJ2GYSWK1F08,RLB-Stmk Verbund eGen,Austria,529900SXEWPJ1MRRX537,Raiffeisen-Holding Niederösterreich-Wien registrierte Genossenschaft mit beschränkter Haftung,Austria,0.6192,0.0002,0.0044,0.0415,33,Germany|Luxembourg|France,nein
2025-12-31,529900QYEJ2GYSWK1F08,RLB-Stmk Verbund eGen,Austria,529900UKZBMDBDZIXD62,Addiko Bank d.d.,Croatia,0.3993,0.0000,0.0066,0.0062,30,Germany|Sweden|United Kingdom,ja
2025-12-31,529900QYEJ2GYSWK1F08,RLB-Stmk Verbund eGen,Austria,529900XSTAE561178282,Raiffeisenbankengruppe OÖ Verbund eGen,Austria,0.6248,0.0003,0.0069,0.0370,37,Germany|Luxembourg|France,nein
2025-12-31,529900QYEJ2GYSWK1F08,RLB-Stmk Verbund eGen,Austria,54930060Q00W1SRIUI57,vdk bank,Belgium,0.3075,0.0000,0.0069,0.0000,19,France|Germany|Luxembourg,ja
2025-12-31,529900QYEJ2GYSWK1F08,RLB-Stmk Verbund eGen,Austria,5493007BWYDPQZLZ0Y27,HYPO NOE Landesbank für Niederösterreich und Wien AG,Austria,0.4771,0.0000,0.0003,0.0000,22,Germany|France|Netherlands,nein
2025-12-31,529900QYEJ2GYSWK1F08,RLB-Stmk Verbund eGen,Austria,549300DYPOFMXOR7XM56,Crelan,Belgium,0.5059,0.0014,0.0069,0.2061,33,Germany|France|Luxembourg,ja
2025-12-31,529900QYEJ2GYSWK1F08,RLB-Stmk Verbund eGen,Austria,549300GDPG70E3MBBU98,KfW Beteiligungsholding GmbH,Germany,0.3166,0.0069,0.0069,0.9907,28,France|Luxembourg|Canada,ja
2025-12-31,529900QYEJ2GYSWK1F08,RLB-Stmk Verbund eGen,Austria,549300L7YCATGO57ZE10,FINECOBANK BANCA FINECO S.P.A. (IN BREVE FINECOBANK S.P.A. OVVERO BANCA FINECO S.P.A. OVVERO FINECO BANCA S.P.A.),Italy,0.3621,0.0000,0.0069,0.0042,36,France|Germany|Luxembourg,ja
2025-12-31,529900QYEJ2GYSWK1F08,RLB-Stmk Verbund eGen,Austria,549300LYFYVPUCG6SY25,"Banco Cooperativo Español, S.A.",Spain,0.7339,0.0000,0.0000,,12,Germany|France|Luxembourg,ja
2025-12-31,529900QYEJ2GYSWK1F08,RLB-Stmk Verbund eGen,Austria,549300NYKK9MWM7GGW15,ING Groep N.V.,Netherlands,0.3748,0.0001,0.0069,0.0167,37,Germany|Luxembourg|France,ja
2025-12-31,529900QYEJ2GYSWK1F08,RLB-Stmk Verbund eGen,Austria,549300Q3OIWRHQUQM052,SpareBank 1 Sør-Norge,Norway,0.5250,0.0000,0.0014,0.0000,17,Germany|France|Sweden,ja
2025-12-31,529900QYEJ2GYSWK1F08,RLB-Stmk Verbund eGen,Austria,549300TEJKOLFN65KR76,BNF Bank plc,Malta,0.3476,0.0000,0.0069,0.0000,11,France|Luxembourg|Canada,ja
2025-12-31,529900QYEJ2GYSWK1F08,RLB-Stmk Verbund eGen,Austria,549300TL5406IC1XKD09,Saxo Bank A/S,Denmark,0.3599,0.0037,0.0069,0.5297,30,Luxembourg|Germany|Sweden,ja
2025-12-31,529900QYEJ2GYSWK1F08,RLB-Stmk Verbund eGen,Austria,549300TRUWO2CD2G5692,"UNICREDIT, SOCIETA' PER AZIONI",Italy,0.5015,0.0001,0.0069,0.0093,36,Germany|France|Netherlands,ja
2025-12-31,529900QYEJ2GYSWK1F08,RLB-Stmk Verbund eGen,Austria,549300X5UKJVE386ZB61,BANCA GENERALI - SOCIETA' PER AZIONI (IN FORMA ABBREVIATA GENERBANCA),Italy,0.6327,0.0000,0.0029,0.0013,27,Germany|France|Netherlands,ja
2025-12-31,529900QYEJ2GYSWK1F08,RLB-Stmk Verbund eGen,Austria,635400F6HLXKXNJJX605,EXIM BANCA ROMANEASCA S.A.,Romania,0.6724,0.0000,0.0000,0.0073,20,Germany|France|Belgium,ja
2025-12-31,529900QYEJ2GYSWK1F08,RLB-Stmk Verbund eGen,Austria,636700HER4JIK7GZUN17,Klarna - Grupp,Sweden,0.5883,0.0000,0.0000,,6,Germany|Netherlands|Finland,ja
2025-12-31,529900QYEJ2GYSWK1F08,RLB-Stmk Verbund eGen,Austria,724500A1FNICHSDF2I11,ASN Bank N.V.,Netherlands,0.5021,0.0000,0.0000,,12,France|Germany|Luxembourg,ja
2025-12-31,529900QYEJ2GYSWK1F08,RLB-Stmk Verbund eGen,Austria,724500SF1CI8OD5AHI07,HCBG Holding B.V.,Netherlands,0.3104,0.0000,0.0069,0.0000,20,Germany|France|Spain,ja
2025-12-31,529900QYEJ2GYSWK1F08,RLB-Stmk Verbund eGen,Austria,7437003B5WFBOIEFY714,OP Osuuskunta,Finland,0.4053,0.0000,0.0002,0.0000,17,Germany|France|Sweden,ja
2025-12-31,529900QYEJ2GYSWK1F08,RLB-Stmk Verbund eGen,Austria,7437005892K69S3MW344,Säästöpankkiliitto osk,Finland,0.4225,0.0000,0.0023,0.0000,13,France|Luxembourg|Germany,ja
2025-12-31,529900QYEJ2GYSWK1F08,RLB-Stmk Verbund eGen,Austria,743700GC62JLHFBUND16,Aktia Bank Abp,Finland,0.4689,0.0000,0.0069,0.0000,18,France|Germany|Sweden,ja
2025-12-31,529900QYEJ2GYSWK1F08,RLB-Stmk Verbund eGen,Austria,743700PW2HDTPU3YRJ31,POP Pankkikeskus osk,Finland,0.3674,0.0000,0.0006,0.0000,13,France|Germany|Sweden,ja
2025-12-31,529900QYEJ2GYSWK1F08,RLB-Stmk Verbund eGen,Austria,8156003D79D064FB5360,CASSA LOMBARDA - S.P.A.,Italy,0.3634,0.0000,0.0069,0.0000,16,France|Germany|Finland,ja
2025-12-31,529900QYEJ2GYSWK1F08,RLB-Stmk Verbund eGen,Austria,8156005420362AE59184,BANCA IFIS S.P.A. (OVVERO IFIS BANCA S.P.A. O IN FORMA ABBREVIATA IFIS S.P.A.),Italy,0.4005,0.0017,0.0069,0.2440,35,France|Luxembourg|Germany,ja
2025-12-31,529900QYEJ2GYSWK1F08,RLB-Stmk Verbund eGen,Austria,815600AD83B2B6317788,CREDITO EMILIANO HOLDING SOCIETA' PER AZIONI,Italy,0.3840,0.0000,0.0007,0.0000,21,France|Luxembourg|Germany,ja
2025-12-31,529900QYEJ2GYSWK1F08,RLB-Stmk Verbund eGen,Austria,815600E4E6DCD2D25E30,BANCO BPM SOCIETA' PER AZIONI,Italy,0.4695,0.0000,0.0023,0.0000,21,France|Germany|Luxembourg,ja
2025-12-31,529900QYEJ2GYSWK1F08,RLB-Stmk Verbund eGen,Austria,8I5DZWZKVSZI1NUHU748,J.P. Morgan SE,Germany,0.3785,0.0003,0.0069,0.0365,34,France|Luxembourg|Sweden,ja
2025-12-31,529900QYEJ2GYSWK1F08,RLB-Stmk Verbund eGen,Austria,95980020140005220135,"Caja Rural de Granada, Sociedad Cooperativa de Crédito",Spain,0.4508,0.0000,0.0008,0.0000,16,France|Germany|Luxembourg,ja
2025-12-31,529900QYEJ2GYSWK1F08,RLB-Stmk Verbund eGen,Austria,95980020140005439549,"Caja Rural de Navarra, S. Coop. de Crédito",Spain,0.4500,0.0000,0.0063,0.0000,16,France|Germany|Luxembourg,ja
2025-12-31,529900QYEJ2GYSWK1F08,RLB-Stmk Verbund eGen,Austria,95980020140005484654,"Caja Rural de Albacete, Ciudad Real y Cuenca, Sociedad Cooperativa de Crédito",Spain,0.4459,0.0000,0.0000,,11,France|Germany|Luxembourg,ja
2025-12-31,529900QYEJ2GYSWK1F08,RLB-Stmk Verbund eGen,Austria,95980020140005552166,"Eurocaja Rural, Sociedad Cooperativa de Crédito",Spain,0.4543,0.0000,0.0069,0.0000,23,France|Germany|Luxembourg,ja
2025-12-31,529900QYEJ2GYSWK1F08,RLB-Stmk Verbund eGen,Austria,95980020140005881190,Banco de Crédito Social Cooperativo,Spain,0.6021,0.0000,0.0045,0.0000,19,Germany|France|Luxembourg,ja
2025-12-31,529900QYEJ2GYSWK1F08,RLB-Stmk Verbund eGen,Austria,9598005U8TZQ8Q64SC71,LIBERTY PARTNERS S.L.U.,Spain,0.3144,0.0000,0.0069,0.0000,14,France|Luxembourg|Sweden,ja
2025-12-31,529900QYEJ2GYSWK1F08,RLB-Stmk Verbund eGen,Austria,9695000CG7B84NLR5984,Confédération Nationale du Crédit Mutuel,France,0.6080,0.0000,0.0069,0.0000,24,Germany|Luxembourg|Netherlands,ja
2025-12-31,529900QYEJ2GYSWK1F08,RLB-Stmk Verbund eGen,Austria,969500F7JLTX36OUI695,RCI Banque,France,0.3240,0.0000,0.0069,0.0000,16,Germany|Spain|Netherlands,ja
2025-12-31,529900QYEJ2GYSWK1F08,RLB-Stmk Verbund eGen,Austria,969500TJ5KRTCJQWXH05,CRÉDIT AGRICOLE AUTO BANK S.P.A.,Italy,0.5059,0.0000,0.0020,0.0000,20,Germany|France|Netherlands,ja
2025-12-31,529900QYEJ2GYSWK1F08,RLB-Stmk Verbund eGen,Austria,9DJT3UXIJIZJI4WXO774,Bank of America Europe Designated Activity Company,Ireland,0.4530,0.0000,0.0069,0.0000,28,France|Germany|Luxembourg,ja
2025-12-31,529900QYEJ2GYSWK1F08,RLB-Stmk Verbund eGen,Austria,A5GWLFH3KM7YV2SFQL84,Belfius Bank,Belgium,0.4603,0.0000,0.0069,0.0000,24,France|Luxembourg|Germany,ja
2025-12-31,529900QYEJ2GYSWK1F08,RLB-Stmk Verbund eGen,Austria,AT0000000000043000VB,VOLKSBANK WIEN AG VB,Austria,0.7789,0.0001,0.0047,0.0138,33,Germany|France|Canada,nein
2025-12-31,529900QYEJ2GYSWK1F08,RLB-Stmk Verbund eGen,Austria,B64D6Y3LBJS4ANNPCU93,NIBC Bank N.V.,Netherlands,0.5339,0.0000,0.0069,0.0000,13,Germany|France|Luxembourg,ja
2025-12-31,529900QYEJ2GYSWK1F08,RLB-Stmk Verbund eGen,Austria,BFXS5XCH7N0Y05NIXW11,ABN AMRO Bank N.V.,Netherlands,0.5262,0.0000,0.0069,0.0000,27,France|Germany|Luxembourg,ja
2025-12-31,529900QYEJ2GYSWK1F08,RLB-Stmk Verbund eGen,Austria,DIZES5CFO5K3I5R58746,Landesbank Hessen-Thüringen Girozentrale,Germany,0.3740,0.0000,0.0069,0.0035,35,France|Luxembourg|Netherlands,ja
2025-12-31,529900QYEJ2GYSWK1F08,RLB-Stmk Verbund eGen,Austria,DSNHHQ2B9X5N6OUJ1236,Norddeutsche Landesbank - Girozentrale -,Germany,0.3342,0.0000,0.0069,0.0028,30,France|Luxembourg|Netherlands,ja
2025-12-31,529900QYEJ2GYSWK1F08,RLB-Stmk Verbund eGen,Austria,DZZ47B9A52ZJ6LT6VV95,Deutsche Pfandbriefbank AG,Germany,0.3470,0.0000,0.0064,0.0037,18,France|Sweden|Netherlands,ja
2025-12-31,529900QYEJ2GYSWK1F08,RLB-Stmk Verbund eGen,Austria,I7ETN0QQO2AHZZGHJ389,KOMMUNALBANKEN AS,Norway,0.7349,0.0000,0.0000,,6,Germany|France|Sweden,ja
2025-12-31,529900QYEJ2GYSWK1F08,RLB-Stmk Verbund eGen,Austria,J4CP7MHCXR8DAQMKIL78,MEDIOBANCA - BANCA DI CREDITO FINANZIARIO S.P.A.,Italy,0.3983,0.0069,0.0069,0.9907,27,France|Luxembourg|Germany,ja
2025-12-31,529900QYEJ2GYSWK1F08,RLB-Stmk Verbund eGen,Austria,MLU0ZO3ML4LN2LL2TL39,HSBC Continental Europe,France,0.3952,0.0002,0.0069,0.0284,34,Germany|Luxembourg|Netherlands,ja
2025-12-31,529900QYEJ2GYSWK1F08,RLB-Stmk Verbund eGen,Austria,N747OI7JINV7RUUH6190,BPER Banca S.p.A.,Italy,0.5601,0.0000,0.0069,0.0000,22,France|Germany|Luxembourg,ja
2025-12-31,529900QYEJ2GYSWK1F08,RLB-Stmk Verbund eGen,Austria,NNVPP80YIZGEY2314M97,ICCREA BANCA S.P.A. - ISTITUTO CENTRALE DEL CREDITO COOPERATIVO (IN FORMA ABBREVIATA: ICCREA BANCA S.P.A.),Italy,0.5219,0.0000,0.0069,0.0000,19,Germany|France|Luxembourg,ja
2025-12-31,529900QYEJ2GYSWK1F08,RLB-Stmk Verbund eGen,Austria,O2RNE8IBXP4R0TD8PU41,Société générale S.A.,France,0.3276,0.0000,0.0069,0.0011,35,Germany|Luxembourg|Netherlands,ja
2025-12-31,529900QYEJ2GYSWK1F08,RLB-Stmk Verbund eGen,Austria,P4GTT6GF1W40CVIMFR43,Powszechna Kasa Oszczednosci Bank Polski S.A.,Poland,0.3647,0.0000,0.0069,0.0000,37,Germany|France|Luxembourg,ja
2025-12-31,529900QYEJ2GYSWK1F08,RLB-Stmk Verbund eGen,Austria,R7CQUF1DQM73HUTV1078,"Banque et Caisse d´Epargne de l´Etat, Luxembourg",Luxembourg,0.5126,0.0000,0.0047,0.0000,19,France|Germany|Sweden,ja
2025-12-31,529900QYEJ2GYSWK1F08,RLB-Stmk Verbund eGen,Austria,RRUN0TCQ1K2JDV7MXO75,Oberbank AG,Austria,0.5660,0.0000,0.0018,0.0222,33,Germany|Netherlands|France,nein
2025-12-31,529900QYEJ2GYSWK1F08,RLB-Stmk Verbund eGen,Austria,VDYMYTQGZZ6DU0912C88,Bayerische Landesbank,Germany,0.3510,0.0000,0.0041,0.0076,37,France|Luxembourg|Netherlands,ja
2025-12-31,529900QYEJ2GYSWK1F08,RLB-Stmk Verbund eGen,Austria,WFLLPEPC7FZXENRZV188,THE BANK OF NEW YORK MELLON,Belgium,0.3357,0.0000,0.0069,0.0000,22,Germany|Luxembourg|Netherlands,ja
2025-12-31,529900RWC8ZYB066JF16,Bank of Valletta Plc,Malta,529900SXEWPJ1MRRX537,Raiffeisen-Holding Niederösterreich-Wien registrierte Genossenschaft mit beschränkter Haftung,Austria,0.3119,0.0005,0.0044,0.1190,26,Germany|France|Netherlands,ja
2025-12-31,529900RWC8ZYB066JF16,Bank of Valletta Plc,Malta,529900UIRB65OY6U4B21,Lombard Bank Malta plc,Malta,0.3157,0.0000,0.0058,0.0000,12,United Kingdom|Germany|France,nein
2025-12-31,529900RWC8ZYB066JF16,Bank of Valletta Plc,Malta,5493006QMFDDMYWIAM13,"Banco Santander, S.A.",Spain,0.3824,0.0001,0.0058,0.0091,26,United Kingdom|Germany|France,ja
2025-12-31,529900RWC8ZYB066JF16,Bank of Valletta Plc,Malta,5493007BWYDPQZLZ0Y27,HYPO NOE Landesbank für Niederösterreich und Wien AG,Austria,0.4043,0.0000,0.0003,0.0000,19,Germany|France|Netherlands,ja
2025-12-31,529900RWC8ZYB066JF16,Bank of Valletta Plc,Malta,549300DYPOFMXOR7XM56,Crelan,Belgium,0.4758,0.0014,0.0058,0.2380,26,France|Germany|Netherlands,ja
2025-12-31,529900RWC8ZYB066JF16,Bank of Valletta Plc,Malta,549300GKFG0RYRRQ1414,DNB BANK ASA,Norway,0.3519,0.0000,0.0058,0.0060,23,Sweden|United Kingdom|Netherlands,ja
2025-12-31,529900RWC8ZYB066JF16,Bank of Valletta Plc,Malta,549300IQZVZ949N37S44,Euroclear Holding,Belgium,0.6490,0.0015,0.0058,0.2616,17,France|Sweden|United Kingdom,ja
2025-12-31,529900RWC8ZYB066JF16,Bank of Valletta Plc,Malta,549300L7YCATGO57ZE10,FINECOBANK BANCA FINECO S.P.A. (IN BREVE FINECOBANK S.P.A. OVVERO BANCA FINECO S.P.A. OVVERO FINECO BANCA S.P.A.),Italy,0.4979,0.0003,0.0058,0.0558,27,France|United Kingdom|Germany,ja
2025-12-31,529900RWC8ZYB066JF16,Bank of Valletta Plc,Malta,549300LYFYVPUCG6SY25,"Banco Cooperativo Español, S.A.",Spain,0.5020,0.0000,0.0000,,13,France|Germany|United Kingdom,ja
2025-12-31,529900RWC8ZYB066JF16,Bank of Valletta Plc,Malta,549300NYKK9MWM7GGW15,ING Groep N.V.,Netherlands,0.3058,0.0008,0.0058,0.1395,27,Germany|Spain|United Kingdom,ja
2025-12-31,529900RWC8ZYB066JF16,Bank of Valletta Plc,Malta,549300O3WME82RDPEN66,Swissquote Bank Europe S.A,Luxembourg,0.4530,0.0000,0.0000,,8,France|United Kingdom|Germany,ja
2025-12-31,529900RWC8ZYB066JF16,Bank of Valletta Plc,Malta,549300Q3OIWRHQUQM052,SpareBank 1 Sør-Norge,Norway,0.4939,0.0000,0.0014,0.0000,15,France|Germany|Sweden,ja
2025-12-31,529900RWC8ZYB066JF16,Bank of Valletta Plc,Malta,549300TRUWO2CD2G5692,"UNICREDIT, SOCIETA' PER AZIONI",Italy,0.3163,0.0016,0.0058,0.2679,28,Germany|France|United Kingdom,ja
2025-12-31,529900RWC8ZYB066JF16,Bank of Valletta Plc,Malta,5967007LIEEXZX5PU005,Sparebanken Møre SPA,Norway,0.5068,0.0000,0.0058,0.0013,10,Sweden|United Kingdom|Germany,ja
2025-12-31,529900RWC8ZYB066JF16,Bank of Valletta Plc,Malta,635400AKJBGNS5WNQL34,AIB Group plc,Ireland,0.3029,0.0000,0.0058,0.0030,25,United Kingdom|France|Netherlands,ja
2025-12-31,529900RWC8ZYB066JF16,Bank of Valletta Plc,Malta,635400F6HLXKXNJJX605,EXIM BANCA ROMANEASCA S.A.,Romania,0.3312,0.0000,0.0000,0.0196,16,Germany|France|Poland,ja
2025-12-31,529900RWC8ZYB066JF16,Bank of Valletta Plc,Malta,636700HER4JIK7GZUN17,Klarna - Grupp,Sweden,0.3106,0.0000,0.0000,,4,Germany|United Kingdom|Netherlands,ja
2025-12-31,529900RWC8ZYB066JF16,Bank of Valletta Plc,Malta,6SHGI4ZSSLCXXQSBB395,Citigroup Global Markets Europe AG,Germany,0.3267,0.0015,0.0052,0.2995,26,United Kingdom|France|Netherlands,ja
2025-12-31,529900RWC8ZYB066JF16,Bank of Valletta Plc,Malta,724500A1FNICHSDF2I11,ASN Bank N.V.,Netherlands,0.6011,0.0000,0.0000,,9,France|Germany|United Kingdom,ja
2025-12-31,529900RWC8ZYB066JF16,Bank of Valletta Plc,Malta,724500PMK2A2M1SQQ228,Triodos Bank N.V.,Netherlands,0.4742,0.0000,0.0001,0.0000,11,United Kingdom|Spain|Germany,ja
2025-12-31,529900RWC8ZYB066JF16,Bank of Valletta Plc,Malta,724500SF1CI8OD5AHI07,HCBG Holding B.V.,Netherlands,0.4038,0.0000,0.0058,0.0000,16,Germany|Spain|United Kingdom,ja
2025-12-31,529900RWC8ZYB066JF16,Bank of Valletta Plc,Malta,7437003B5WFBOIEFY714,OP Osuuskunta,Finland,0.4631,0.0000,0.0002,0.0331,22,Sweden|Germany|France,ja
2025-12-31,529900RWC8ZYB066JF16,Bank of Valletta Plc,Malta,7437005892K69S3MW344,Säästöpankkiliitto osk,Finland,0.5066,0.0000,0.0023,0.0034,17,France|Sweden|Germany,ja
2025-12-31,529900RWC8ZYB066JF16,Bank of Valletta Plc,Malta,743700GC62JLHFBUND16,Aktia Bank Abp,Finland,0.4836,0.0003,0.0058,0.0439,25,France|Germany|Sweden,ja
2025-12-31,529900RWC8ZYB066JF16,Bank of Valletta Plc,Malta,743700PW2HDTPU3YRJ31,POP Pankkikeskus osk,Finland,0.4551,0.0000,0.0006,0.0137,17,Sweden|France|Germany,ja
2025-12-31,529900RWC8ZYB066JF16,Bank of Valletta Plc,Malta,784F5XWPLTWKTBV3E584,Goldman Sachs Bank Europe SE,Germany,0.3401,0.0000,0.0002,0.0413,21,United Kingdom|France|Netherlands,ja
2025-12-31,529900RWC8ZYB066JF16,Bank of Valletta Plc,Malta,8156003D79D064FB5360,CASSA LOMBARDA - S.P.A.,Italy,0.4425,0.0000,0.0058,0.0013,13,France|Spain|Germany,ja
2025-12-31,529900RWC8ZYB066JF16,Bank of Valletta Plc,Malta,8156005420362AE59184,BANCA IFIS S.P.A. (OVVERO IFIS BANCA S.P.A. O IN FORMA ABBREVIATA IFIS S.P.A.),Italy,0.3296,0.0008,0.0058,0.1302,26,France|Germany|United Kingdom,ja
2025-12-31,529900RWC8ZYB066JF16,Bank of Valletta Plc,Malta,81560087340FCB8D6D66,MEDIOCREDITO CENTRALE - BANCA DEL MEZZOGIORNO SPA,Italy,0.3203,0.0015,0.0058,0.2624,18,United Kingdom|Germany|France,ja
2025-12-31,529900RWC8ZYB066JF16,Bank of Valletta Plc,Malta,815600AD83B2B6317788,CREDITO EMILIANO HOLDING SOCIETA' PER AZIONI,Italy,0.5931,0.0000,0.0007,0.0000,23,France|United Kingdom|Spain,ja
2025-12-31,529900RWC8ZYB066JF16,Bank of Valletta Plc,Malta,815600E4E6DCD2D25E30,BANCO BPM SOCIETA' PER AZIONI,Italy,0.5859,0.0003,0.0023,0.1357,27,France|United Kingdom|Germany,ja
2025-12-31,529900RWC8ZYB066JF16,Bank of Valletta Plc,Malta,8I5DZWZKVSZI1NUHU748,J.P. Morgan SE,Germany,0.4266,0.0016,0.0058,0.2803,26,France|United Kingdom|Spain,ja
2025-12-31,529900RWC8ZYB066JF16,Bank of Valletta Plc,Malta,95980020140005220135,"Caja Rural de Granada, Sociedad Cooperativa de Crédito",Spain,0.5677,0.0008,0.0008,1.0000,18,France|United Kingdom|Germany,ja
2025-12-31,529900RWC8ZYB066JF16,Bank of Valletta Plc,Malta,95980020140005439549,"Caja Rural de Navarra, S. Coop. de Crédito",Spain,0.4554,0.0000,0.0058,0.0013,18,France|Germany|Netherlands,ja
2025-12-31,529900RWC8ZYB066JF16,Bank of Valletta Plc,Malta,95980020140005484654,"Caja Rural de Albacete, Ciudad Real y Cuenca, Sociedad Cooperativa de Crédito",Spain,0.4611,0.0000,0.0000,,11,France|Germany|United Kingdom,ja
2025-12-31,529900RWC8ZYB066JF16,Bank of Valletta Plc,Malta,95980020140005552166,"Eurocaja Rural, Sociedad Cooperativa de Crédito",Spain,0.3910,0.0000,0.0058,0.0000,13,France|Germany|Netherlands,ja
2025-12-31,529900RWC8ZYB066JF16,Bank of Valletta Plc,Malta,95980020140005881190,Banco de Crédito Social Cooperativo,Spain,0.4676,0.0000,0.0045,0.0017,24,Germany|France|United Kingdom,ja
2025-12-31,529900RWC8ZYB066JF16,Bank of Valletta Plc,Malta,9598005U8TZQ8Q64SC71,LIBERTY PARTNERS S.L.U.,Spain,0.3207,0.0000,0.0058,0.0000,14,France|United Kingdom|Sweden,ja
2025-12-31,529900RWC8ZYB066JF16,Bank of Valletta Plc,Malta,9695000CG7B84NLR5984,Confédération Nationale du Crédit Mutuel,France,0.3691,0.0000,0.0058,0.0050,25,Germany|United Kingdom|Spain,ja
2025-12-31,529900RWC8ZYB066JF16,Bank of Valletta Plc,Malta,969500F7JLTX36OUI695,RCI Banque,France,0.5029,0.0000,0.0058,0.0000,13,Germany|United Kingdom|Spain,ja
2025-12-31,529900RWC8ZYB066JF16,Bank of Valletta Plc,Malta,969500TJ5KRTCJQWXH05,CRÉDIT AGRICOLE AUTO BANK S.P.A.,Italy,0.6491,0.0000,0.0020,0.0000,17,France|Germany|United Kingdom,ja
2025-12-31,529900RWC8ZYB066JF16,Bank of Valletta Plc,Malta,9DJT3UXIJIZJI4WXO774,Bank of America Europe Designated Activity Company,Ireland,0.5175,0.0014,0.0058,0.2465,22,United Kingdom|France|Germany,ja
2025-12-31,529900RWC8ZYB066JF16,Bank of Valletta Plc,Malta,A5GWLFH3KM7YV2SFQL84,Belfius Bank,Belgium,0.5103,0.0005,0.0058,0.0834,25,France|United Kingdom|Germany,ja
2025-12-31,529900RWC8ZYB066JF16,Bank of Valletta Plc,Malta,AT0000000000043000VB,VOLKSBANK WIEN AG VB,Austria,0.4767,0.0002,0.0047,0.0333,23,France|Germany|Netherlands,ja
2025-12-31,529900RWC8ZYB066JF16,Bank of Valletta Plc,Malta,B64D6Y3LBJS4ANNPCU93,NIBC Bank N.V.,Netherlands,0.5357,0.0000,0.0058,0.0013,10,Germany|United Kingdom|France,ja
2025-12-31,529900RWC8ZYB066JF16,Bank of Valletta Plc,Malta,BFXS5XCH7N0Y05NIXW11,ABN AMRO Bank N.V.,Netherlands,0.5788,0.0000,0.0058,0.0007,24,France|Germany|United Kingdom,ja
2025-12-31,529900RWC8ZYB066JF16,Bank of Valletta Plc,Malta,DIZES5CFO5K3I5R58746,Landesbank Hessen-Thüringen Girozentrale,Germany,0.3705,0.0015,0.0058,0.2631,27,France|United Kingdom|Sweden,ja
2025-12-31,529900RWC8ZYB066JF16,Bank of Valletta Plc,Malta,DSNHHQ2B9X5N6OUJ1236,Norddeutsche Landesbank - Girozentrale -,Germany,0.4015,0.0000,0.0058,0.0000,22,United Kingdom|France|Spain,ja
2025-12-31,529900RWC8ZYB066JF16,Bank of Valletta Plc,Malta,DZZ47B9A52ZJ6LT6VV95,Deutsche Pfandbriefbank AG,Germany,0.5558,0.0000,0.0058,0.0000,14,France|United Kingdom|Sweden,ja
2025-12-31,529900RWC8ZYB066JF16,Bank of Valletta Plc,Malta,I7ETN0QQO2AHZZGHJ389,KOMMUNALBANKEN AS,Norway,0.4514,0.0000,0.0000,,5,France|Germany|Sweden,ja
2025-12-31,529900RWC8ZYB066JF16,Bank of Valletta Plc,Malta,J4CP7MHCXR8DAQMKIL78,MEDIOBANCA - BANCA DI CREDITO FINANZIARIO S.P.A.,Italy,0.5968,0.0000,0.0058,0.0076,27,United Kingdom|France|Spain,ja
2025-12-31,529900RWC8ZYB066JF16,Bank of Valletta Plc,Malta,MAES062Z21O4RZ2U7M96,Danske Bank A/S,Denmark,0.3466,0.0000,0.0017,0.0045,15,Sweden|United Kingdom|France,ja
2025-12-31,529900RWC8ZYB066JF16,Bank of Valletta Plc,Malta,MLU0ZO3ML4LN2LL2TL39,HSBC Continental Europe,France,0.3900,0.0003,0.0058,0.0477,27,Germany|United Kingdom|Spain,ja
2025-12-31,529900RWC8ZYB066JF16,Bank of Valletta Plc,Malta,N747OI7JINV7RUUH6190,BPER Banca S.p.A.,Italy,0.6456,0.0032,0.0058,0.5552,28,France|Germany|United Kingdom,ja
2025-12-31,529900RWC8ZYB066JF16,Bank of Valletta Plc,Malta,NNVPP80YIZGEY2314M97,ICCREA BANCA S.P.A. - ISTITUTO CENTRALE DEL CREDITO COOPERATIVO (IN FORMA ABBREVIATA: ICCREA BANCA S.P.A.),Italy,0.5820,0.0000,0.0058,0.0013,22,France|Germany|Spain,ja
2025-12-31,529900RWC8ZYB066JF16,Bank of Valletta Plc,Malta,O2RNE8IBXP4R0TD8PU41,Société générale S.A.,France,0.3813,0.0000,0.0058,0.0004,27,Germany|United Kingdom|Spain,ja
2025-12-31,529900RWC8ZYB066JF16,Bank of Valletta Plc,Malta,P4GTT6GF1W40CVIMFR43,Powszechna Kasa Oszczednosci Bank Polski S.A.,Poland,0.3246,0.0000,0.0058,0.0016,27,Germany|France|United Kingdom,ja
2025-12-31,529900RWC8ZYB066JF16,Bank of Valletta Plc,Malta,QLPCKOOKVX32FUELX240,Bank Polska Kasa Opieki S.A.,Poland,0.3501,0.0000,0.0058,0.0014,26,United Kingdom|Germany|Spain,ja
2025-12-31,529900RWC8ZYB066JF16,Bank of Valletta Plc,Malta,R0MUWSFPU8MPRO8K5P83,BNP Paribas,France,0.3540,0.0007,0.0058,0.1277,27,United Kingdom|Germany|Spain,ja
2025-12-31,529900RWC8ZYB066JF16,Bank of Valletta Plc,Malta,R7CQUF1DQM73HUTV1078,"Banque et Caisse d´Epargne de l´Etat, Luxembourg",Luxembourg,0.5552,0.0000,0.0047,0.0017,24,France|Germany|Sweden,ja
2025-12-31,529900RWC8ZYB066JF16,Bank of Valletta Plc,Malta,VDYMYTQGZZ6DU0912C88,Bayerische Landesbank,Germany,0.4877,0.0000,0.0041,0.0081,27,France|United Kingdom|Netherlands,ja
2025-12-31,529900RWC8ZYB066JF16,Bank of Valletta Plc,Malta,WFLLPEPC7FZXENRZV188,THE BANK OF NEW YORK MELLON,Belgium,0.3868,0.0015,0.0058,0.2616,16,Germany|United Kingdom|Spain,ja
2025-12-31,529900SXEWPJ1MRRX537,Raiffeisen-Holding Niederösterreich-Wien registrierte Genossenschaft mit beschränkter Haftung,Austria,529900UKZBMDBDZIXD62,Addiko Bank d.d.,Croatia,0.4480,0.0005,0.0044,0.1119,39,Germany|United States|Italy,ja
2025-12-31,529900SXEWPJ1MRRX537,Raiffeisen-Holding Niederösterreich-Wien registrierte Genossenschaft mit beschränkter Haftung,Austria,529900XSTAE561178282,Raiffeisenbankengruppe OÖ Verbund eGen,Austria,0.7196,0.0008,0.0044,0.1901,50,Germany|Poland|Czechia,nein
2025-12-31,529900SXEWPJ1MRRX537,Raiffeisen-Holding Niederösterreich-Wien registrierte Genossenschaft mit beschränkter Haftung,Austria,54930053HGCFWVHYZX42,Bank of China (Europe) S.A,Luxembourg,0.3104,0.0014,0.0044,0.3152,26,Poland|Netherlands|France,ja
2025-12-31,529900SXEWPJ1MRRX537,Raiffeisen-Holding Niederösterreich-Wien registrierte Genossenschaft mit beschränkter Haftung,Austria,5493006QMFDDMYWIAM13,"Banco Santander, S.A.",Spain,0.3232,0.0021,0.0044,0.4697,57,Germany|France|Poland,ja
2025-12-31,529900SXEWPJ1MRRX537,Raiffeisen-Holding Niederösterreich-Wien registrierte Genossenschaft mit beschränkter Haftung,Austria,5493007BWYDPQZLZ0Y27,HYPO NOE Landesbank für Niederösterreich und Wien AG,Austria,0.5708,0.0000,0.0003,0.1332,27,Germany|Poland|France,nein
2025-12-31,529900SXEWPJ1MRRX537,Raiffeisen-Holding Niederösterreich-Wien registrierte Genossenschaft mit beschränkter Haftung,Austria,549300DYPOFMXOR7XM56,Crelan,Belgium,0.4017,0.0020,0.0044,0.4440,49,Germany|Luxembourg|France,ja
2025-12-31,529900SXEWPJ1MRRX537,Raiffeisen-Holding Niederösterreich-Wien registrierte Genossenschaft mit beschränkter Haftung,Austria,549300LYFYVPUCG6SY25,"Banco Cooperativo Español, S.A.",Spain,0.5927,0.0000,0.0000,,13,Germany|Luxembourg|France,ja
2025-12-31,529900SXEWPJ1MRRX537,Raiffeisen-Holding Niederösterreich-Wien registrierte Genossenschaft mit beschränkter Haftung,Austria,549300NYKK9MWM7GGW15,ING Groep N.V.,Netherlands,0.5028,0.0029,0.0044,0.6571,58,Germany|Poland|Luxembourg,ja
2025-12-31,529900SXEWPJ1MRRX537,Raiffeisen-Holding Niederösterreich-Wien registrierte Genossenschaft mit beschränkter Haftung,Austria,549300Q3OIWRHQUQM052,SpareBank 1 Sør-Norge,Norway,0.4101,0.0007,0.0014,0.4671,21,Germany|Slovakia|France,ja
2025-12-31,529900SXEWPJ1MRRX537,Raiffeisen-Holding Niederösterreich-Wien registrierte Genossenschaft mit beschränkter Haftung,Austria,549300TRUWO2CD2G5692,"UNICREDIT, SOCIETA' PER AZIONI",Italy,0.6662,0.0021,0.0044,0.4778,57,Germany|Czechia|Romania,ja
2025-12-31,529900SXEWPJ1MRRX537,Raiffeisen-Holding Niederösterreich-Wien registrierte Genossenschaft mit beschränkter Haftung,Austria,549300X5UKJVE386ZB61,BANCA GENERALI - SOCIETA' PER AZIONI (IN FORMA ABBREVIATA GENERBANCA),Italy,0.5058,0.0001,0.0029,0.0254,34,Germany|France|Netherlands,ja
2025-12-31,529900SXEWPJ1MRRX537,Raiffeisen-Holding Niederösterreich-Wien registrierte Genossenschaft mit beschränkter Haftung,Austria,635400F6HLXKXNJJX605,EXIM BANCA ROMANEASCA S.A.,Romania,0.6277,0.0000,0.0000,0.3333,24,Germany|Poland|Czechia,ja
2025-12-31,529900SXEWPJ1MRRX537,Raiffeisen-Holding Niederösterreich-Wien registrierte Genossenschaft mit beschränkter Haftung,Austria,636700HER4JIK7GZUN17,Klarna - Grupp,Sweden,0.4846,0.0000,0.0000,,6,Germany|Netherlands|United States,ja
2025-12-31,529900SXEWPJ1MRRX537,Raiffeisen-Holding Niederösterreich-Wien registrierte Genossenschaft mit beschränkter Haftung,Austria,6SHGI4ZSSLCXXQSBB395,Citigroup Global Markets Europe AG,Germany,0.3258,0.0015,0.0044,0.3411,40,Poland|France|Netherlands,ja
2025-12-31,529900SXEWPJ1MRRX537,Raiffeisen-Holding Niederösterreich-Wien registrierte Genossenschaft mit beschränkter Haftung,Austria,724500A1FNICHSDF2I11,ASN Bank N.V.,Netherlands,0.3605,0.0000,0.0000,,12,Germany|Luxembourg|France,ja
2025-12-31,529900SXEWPJ1MRRX537,Raiffeisen-Holding Niederösterreich-Wien registrierte Genossenschaft mit beschränkter Haftung,Austria,724500SF1CI8OD5AHI07,HCBG Holding B.V.,Netherlands,0.4235,0.0002,0.0044,0.0536,24,Germany|France|Romania,ja
2025-12-31,529900SXEWPJ1MRRX537,Raiffeisen-Holding Niederösterreich-Wien registrierte Genossenschaft mit beschränkter Haftung,Austria,743700GC62JLHFBUND16,Aktia Bank Abp,Finland,0.3656,0.0000,0.0044,0.0000,23,Germany|Slovakia|France,ja
2025-12-31,529900SXEWPJ1MRRX537,Raiffeisen-Holding Niederösterreich-Wien registrierte Genossenschaft mit beschränkter Haftung,Austria,8156005420362AE59184,BANCA IFIS S.P.A. (OVVERO IFIS BANCA S.P.A. O IN FORMA ABBREVIATA IFIS S.P.A.),Italy,0.3804,0.0009,0.0044,0.1984,54,Luxembourg|Germany|Poland,ja
2025-12-31,529900SXEWPJ1MRRX537,Raiffeisen-Holding Niederösterreich-Wien registrierte Genossenschaft mit beschränkter Haftung,Austria,815600E4E6DCD2D25E30,BANCO BPM SOCIETA' PER AZIONI,Italy,0.3541,0.0003,0.0023,0.1351,26,Germany|Luxembourg|France,ja
2025-12-31,529900SXEWPJ1MRRX537,Raiffeisen-Holding Niederösterreich-Wien registrierte Genossenschaft mit beschränkter Haftung,Austria,851WYGNLUQLFZBSYGB56,COMMERZBANK Aktiengesellschaft,Germany,0.3323,0.0019,0.0044,0.4436,40,Poland|France|Netherlands,ja
2025-12-31,529900SXEWPJ1MRRX537,Raiffeisen-Holding Niederösterreich-Wien registrierte Genossenschaft mit beschränkter Haftung,Austria,95980020140005220135,"Caja Rural de Granada, Sociedad Cooperativa de Crédito",Spain,0.3459,0.0005,0.0008,0.6590,17,Germany|Luxembourg|France,ja
2025-12-31,529900SXEWPJ1MRRX537,Raiffeisen-Holding Niederösterreich-Wien registrierte Genossenschaft mit beschränkter Haftung,Austria,95980020140005439549,"Caja Rural de Navarra, S. Coop. de Crédito",Spain,0.3591,0.0000,0.0044,0.0000,18,Germany|Luxembourg|France,ja
2025-12-31,529900SXEWPJ1MRRX537,Raiffeisen-Holding Niederösterreich-Wien registrierte Genossenschaft mit beschränkter Haftung,Austria,95980020140005484654,"Caja Rural de Albacete, Ciudad Real y Cuenca, Sociedad Cooperativa de Crédito",Spain,0.3023,0.0000,0.0000,,11,Germany|Luxembourg|France,ja
2025-12-31,529900SXEWPJ1MRRX537,Raiffeisen-Holding Niederösterreich-Wien registrierte Genossenschaft mit beschränkter Haftung,Austria,95980020140005552166,"Eurocaja Rural, Sociedad Cooperativa de Crédito",Spain,0.3011,0.0007,0.0044,0.1642,26,Germany|Luxembourg|France,ja
2025-12-31,529900SXEWPJ1MRRX537,Raiffeisen-Holding Niederösterreich-Wien registrierte Genossenschaft mit beschränkter Haftung,Austria,95980020140005881190,Banco de Crédito Social Cooperativo,Spain,0.5359,0.0000,0.0044,0.0000,24,Germany|Luxembourg|France,ja
2025-12-31,529900SXEWPJ1MRRX537,Raiffeisen-Holding Niederösterreich-Wien registrierte Genossenschaft mit beschränkter Haftung,Austria,9695000CG7B84NLR5984,Confédération Nationale du Crédit Mutuel,France,0.6008,0.0004,0.0044,0.0905,35,Germany|Luxembourg|Netherlands,ja
2025-12-31,529900SXEWPJ1MRRX537,Raiffeisen-Holding Niederösterreich-Wien registrierte Genossenschaft mit beschränkter Haftung,Austria,969500F7JLTX36OUI695,RCI Banque,France,0.4027,0.0003,0.0044,0.0709,20,Germany|Poland|Switzerland,ja
2025-12-31,529900SXEWPJ1MRRX537,Raiffeisen-Holding Niederösterreich-Wien registrierte Genossenschaft mit beschränkter Haftung,Austria,969500TJ5KRTCJQWXH05,CRÉDIT AGRICOLE AUTO BANK S.P.A.,Italy,0.4187,0.0001,0.0020,0.0360,21,Germany|France|Czechia,ja
2025-12-31,529900SXEWPJ1MRRX537,Raiffeisen-Holding Niederösterreich-Wien registrierte Genossenschaft mit beschränkter Haftung,Austria,9DJT3UXIJIZJI4WXO774,Bank of America Europe Designated Activity Company,Ireland,0.3958,0.0022,0.0044,0.5028,39,Germany|Luxembourg|France,ja
2025-12-31,529900SXEWPJ1MRRX537,Raiffeisen-Holding Niederösterreich-Wien registrierte Genossenschaft mit beschränkter Haftung,Austria,9ZHRYM6F437SQJ6OUG95,Raiffeisen Bank International AG,Austria,0.3255,0.0022,0.0044,0.5069,59,Slovakia|Czechia|Germany,nein
2025-12-31,529900SXEWPJ1MRRX537,Raiffeisen-Holding Niederösterreich-Wien registrierte Genossenschaft mit beschränkter Haftung,Austria,A5GWLFH3KM7YV2SFQL84,Belfius Bank,Belgium,0.3412,0.0002,0.0044,0.0501,29,Luxembourg|France|Netherlands,ja
2025-12-31,529900SXEWPJ1MRRX537,Raiffeisen-Holding Niederösterreich-Wien registrierte Genossenschaft mit beschränkter Haftung,Austria,AT0000000000043000VB,VOLKSBANK WIEN AG VB,Austria,0.5949,0.0006,0.0044,0.1372,45,Germany|France|Netherlands,nein
2025-12-31,529900SXEWPJ1MRRX537,Raiffeisen-Holding Niederösterreich-Wien registrierte Genossenschaft mit beschränkter Haftung,Austria,B64D6Y3LBJS4ANNPCU93,NIBC Bank N.V.,Netherlands,0.4409,0.0000,0.0044,0.0000,13,Germany|Luxembourg|France,ja
2025-12-31,529900SXEWPJ1MRRX537,Raiffeisen-Holding Niederösterreich-Wien registrierte Genossenschaft mit beschränkter Haftung,Austria,BFXS5XCH7N0Y05NIXW11,ABN AMRO Bank N.V.,Netherlands,0.3947,0.0011,0.0044,0.2545,31,Germany|Luxembourg|France,ja
2025-12-31,529900SXEWPJ1MRRX537,Raiffeisen-Holding Niederösterreich-Wien registrierte Genossenschaft mit beschränkter Haftung,Austria,DIZES5CFO5K3I5R58746,Landesbank Hessen-Thüringen Girozentrale,Germany,0.3602,0.0014,0.0044,0.3245,54,Luxembourg|Poland|France,ja
2025-12-31,529900SXEWPJ1MRRX537,Raiffeisen-Holding Niederösterreich-Wien registrierte Genossenschaft mit beschränkter Haftung,Austria,DSNHHQ2B9X5N6OUJ1236,Norddeutsche Landesbank - Girozentrale -,Germany,0.3160,0.0018,0.0044,0.4028,39,Luxembourg|France|Netherlands,ja
2025-12-31,529900SXEWPJ1MRRX537,Raiffeisen-Holding Niederösterreich-Wien registrierte Genossenschaft mit beschränkter Haftung,Austria,DZZ47B9A52ZJ6LT6VV95,Deutsche Pfandbriefbank AG,Germany,0.3265,0.0001,0.0044,0.0318,19,Poland|France|Netherlands,ja
2025-12-31,529900SXEWPJ1MRRX537,Raiffeisen-Holding Niederösterreich-Wien registrierte Genossenschaft mit beschränkter Haftung,Austria,I7ETN0QQO2AHZZGHJ389,KOMMUNALBANKEN AS,Norway,0.5005,0.0000,0.0000,,6,Germany|France|Netherlands,ja
2025-12-31,529900SXEWPJ1MRRX537,Raiffeisen-Holding Niederösterreich-Wien registrierte Genossenschaft mit beschränkter Haftung,Austria,J4CP7MHCXR8DAQMKIL78,MEDIOBANCA - BANCA DI CREDITO FINANZIARIO S.P.A.,Italy,0.3238,0.0012,0.0044,0.2689,35,Luxembourg|Germany|France,ja
2025-12-31,529900SXEWPJ1MRRX537,Raiffeisen-Holding Niederösterreich-Wien registrierte Genossenschaft mit beschränkter Haftung,Austria,MLU0ZO3ML4LN2LL2TL39,HSBC Continental Europe,France,0.4742,0.0025,0.0044,0.5597,50,Germany|Luxembourg|Netherlands,ja
2025-12-31,529900SXEWPJ1MRRX537,Raiffeisen-Holding Niederösterreich-Wien registrierte Genossenschaft mit beschränkter Haftung,Austria,N747OI7JINV7RUUH6190,BPER Banca S.p.A.,Italy,0.4245,0.0007,0.0044,0.1618,28,Germany|Luxembourg|France,ja
2025-12-31,529900SXEWPJ1MRRX537,Raiffeisen-Holding Niederösterreich-Wien registrierte Genossenschaft mit beschränkter Haftung,Austria,NNVPP80YIZGEY2314M97,ICCREA BANCA S.P.A. - ISTITUTO CENTRALE DEL CREDITO COOPERATIVO (IN FORMA ABBREVIATA: ICCREA BANCA S.P.A.),Italy,0.4536,0.0000,0.0044,0.0000,22,Germany|France|Netherlands,ja
2025-12-31,529900SXEWPJ1MRRX537,Raiffeisen-Holding Niederösterreich-Wien registrierte Genossenschaft mit beschränkter Haftung,Austria,O2RNE8IBXP4R0TD8PU41,Société générale S.A.,France,0.4283,0.0000,0.0044,0.0066,55,Germany|Luxembourg|Czechia,ja
2025-12-31,529900SXEWPJ1MRRX537,Raiffeisen-Holding Niederösterreich-Wien registrierte Genossenschaft mit beschränkter Haftung,Austria,P4GTT6GF1W40CVIMFR43,Powszechna Kasa Oszczednosci Bank Polski S.A.,Poland,0.4993,0.0002,0.0044,0.0370,58,Germany|Czechia|Luxembourg,ja
2025-12-31,529900SXEWPJ1MRRX537,Raiffeisen-Holding Niederösterreich-Wien registrierte Genossenschaft mit beschränkter Haftung,Austria,QLPCKOOKVX32FUELX240,Bank Polska Kasa Opieki S.A.,Poland,0.3537,0.0004,0.0044,0.0911,53,Luxembourg|Germany|Netherlands,ja
2025-12-31,529900SXEWPJ1MRRX537,Raiffeisen-Holding Niederösterreich-Wien registrierte Genossenschaft mit beschränkter Haftung,Austria,R0MUWSFPU8MPRO8K5P83,BNP Paribas,France,0.3868,0.0002,0.0044,0.0564,55,Germany|Poland|Luxembourg,ja
2025-12-31,529900SXEWPJ1MRRX537,Raiffeisen-Holding Niederösterreich-Wien registrierte Genossenschaft mit beschränkter Haftung,Austria,R7CQUF1DQM73HUTV1078,"Banque et Caisse d´Epargne de l´Etat, Luxembourg",Luxembourg,0.3321,0.0000,0.0044,0.0000,24,Germany|France|Netherlands,ja
2025-12-31,529900SXEWPJ1MRRX537,Raiffeisen-Holding Niederösterreich-Wien registrierte Genossenschaft mit beschränkter Haftung,Austria,RRUN0TCQ1K2JDV7MXO75,Oberbank AG,Austria,0.5986,0.0006,0.0018,0.3595,44,Germany|Slovakia|Czechia,nein
2025-12-31,529900SXEWPJ1MRRX537,Raiffeisen-Holding Niederösterreich-Wien registrierte Genossenschaft mit beschränkter Haftung,Austria,WFLLPEPC7FZXENRZV188,THE BANK OF NEW YORK MELLON,Belgium,0.4360,0.0014,0.0044,0.3245,32,Germany|Slovakia|Netherlands,ja
2025-12-31,529900UIRB65OY6U4B21,Lombard Bank Malta plc,Malta,54930060Q00W1SRIUI57,vdk bank,Belgium,0.3422,0.0000,0.0291,0.0000,13,United States|Netherlands|Germany,ja
2025-12-31,529900UIRB65OY6U4B21,Lombard Bank Malta plc,Malta,5493006QMFDDMYWIAM13,"Banco Santander, S.A.",Spain,0.4863,0.0027,0.0394,0.0692,21,United Kingdom|United States|Germany,ja
2025-12-31,529900UIRB65OY6U4B21,Lombard Bank Malta plc,Malta,5493009EIBTCB1X12G89,LGT Group Foundation,Liechtenstein,0.3184,0.0035,0.0394,0.0895,21,United Kingdom|Australia|Luxembourg,ja
2025-12-31,529900UIRB65OY6U4B21,Lombard Bank Malta plc,Malta,549300GDPG70E3MBBU98,KfW Beteiligungsholding GmbH,Germany,0.4028,0.0003,0.0394,0.0065,15,United Kingdom|United States|Netherlands,ja
2025-12-31,529900UIRB65OY6U4B21,Lombard Bank Malta plc,Malta,549300GKFG0RYRRQ1414,DNB BANK ASA,Norway,0.3105,0.0000,0.0060,0.0000,10,United Kingdom|United States|Luxembourg,ja
2025-12-31,529900UIRB65OY6U4B21,Lombard Bank Malta plc,Malta,549300IQZVZ949N37S44,Euroclear Holding,Belgium,0.3842,0.0000,0.0394,0.0000,16,United Kingdom|France|Luxembourg,ja
2025-12-31,529900UIRB65OY6U4B21,Lombard Bank Malta plc,Malta,549300L7YCATGO57ZE10,FINECOBANK BANCA FINECO S.P.A. (IN BREVE FINECOBANK S.P.A. OVVERO BANCA FINECO S.P.A. OVVERO FINECO BANCA S.P.A.),Italy,0.4174,0.0003,0.0160,0.0208,20,United Kingdom|United States|Germany,ja
2025-12-31,529900UIRB65OY6U4B21,Lombard Bank Malta plc,Malta,549300NYKK9MWM7GGW15,ING Groep N.V.,Netherlands,0.3341,0.0031,0.0394,0.0775,22,United States|Germany|Australia,ja
2025-12-31,529900UIRB65OY6U4B21,Lombard Bank Malta plc,Malta,5967007LIEEXZX5PU005,Sparebanken Møre SPA,Norway,0.4137,0.0000,0.0394,0.0000,10,United Kingdom|Germany|United States,ja
2025-12-31,529900UIRB65OY6U4B21,Lombard Bank Malta plc,Malta,635400AKJBGNS5WNQL34,AIB Group plc,Ireland,0.6229,0.0000,0.0353,0.0001,19,United Kingdom|United States|France,ja
2025-12-31,529900UIRB65OY6U4B21,Lombard Bank Malta plc,Malta,635400C8EK6DRI12LJ39,Bank of Ireland Group plc,Ireland,0.5365,0.0002,0.0138,0.0149,19,United Kingdom|United States|France,ja
2025-12-31,529900UIRB65OY6U4B21,Lombard Bank Malta plc,Malta,636700HER4JIK7GZUN17,Klarna - Grupp,Sweden,0.3098,0.0000,0.0000,,5,United Kingdom|United States|Germany,ja
2025-12-31,529900UIRB65OY6U4B21,Lombard Bank Malta plc,Malta,6SHGI4ZSSLCXXQSBB395,Citigroup Global Markets Europe AG,Germany,0.3219,0.0000,0.0052,0.0000,16,United Kingdom|Netherlands|France,ja
2025-12-31,529900UIRB65OY6U4B21,Lombard Bank Malta plc,Malta,724500973ODKK3IFQ447,Adyen N.V.,Netherlands,0.5685,0.0009,0.0394,0.0234,18,United Kingdom|United States|Australia,ja
2025-12-31,529900UIRB65OY6U4B21,Lombard Bank Malta plc,Malta,724500A1FNICHSDF2I11,ASN Bank N.V.,Netherlands,0.3178,0.0000,0.0000,,9,United Kingdom|Germany|France,ja
2025-12-31,529900UIRB65OY6U4B21,Lombard Bank Malta plc,Malta,724500PMK2A2M1SQQ228,Triodos Bank N.V.,Netherlands,0.3621,0.0000,0.0001,0.0000,11,United Kingdom|Germany|France,ja
2025-12-31,529900UIRB65OY6U4B21,Lombard Bank Malta plc,Malta,784F5XWPLTWKTBV3E584,Goldman Sachs Bank Europe SE,Germany,0.5534,0.0000,0.0002,0.0000,10,United Kingdom|Netherlands|France,ja
2025-12-31,529900UIRB65OY6U4B21,Lombard Bank Malta plc,Malta,81560087340FCB8D6D66,MEDIOCREDITO CENTRALE - BANCA DEL MEZZOGIORNO SPA,Italy,0.5291,0.0003,0.0261,0.0099,15,United Kingdom|United States|Germany,ja
2025-12-31,529900UIRB65OY6U4B21,Lombard Bank Malta plc,Malta,815600AD83B2B6317788,CREDITO EMILIANO HOLDING SOCIETA' PER AZIONI,Italy,0.3897,0.0000,0.0007,0.0000,13,United Kingdom|United States|Netherlands,ja
2025-12-31,529900UIRB65OY6U4B21,Lombard Bank Malta plc,Malta,815600E4E6DCD2D25E30,BANCO BPM SOCIETA' PER AZIONI,Italy,0.4111,0.0000,0.0023,0.0000,12,United Kingdom|Germany|Netherlands,ja
2025-12-31,529900UIRB65OY6U4B21,Lombard Bank Malta plc,Malta,8I5DZWZKVSZI1NUHU748,J.P. Morgan SE,Germany,0.3845,0.0008,0.0394,0.0198,20,United Kingdom|United States|Netherlands,ja
2025-12-31,529900UIRB65OY6U4B21,Lombard Bank Malta plc,Malta,95980020140005220135,"Caja Rural de Granada, Sociedad Cooperativa de Crédito",Spain,0.3641,0.0000,0.0008,0.0000,10,United Kingdom|Germany|Netherlands,ja
2025-12-31,529900UIRB65OY6U4B21,Lombard Bank Malta plc,Malta,95980020140005881190,Banco de Crédito Social Cooperativo,Spain,0.3351,0.0000,0.0045,0.0000,11,United Kingdom|Germany|Netherlands,ja
2025-12-31,529900UIRB65OY6U4B21,Lombard Bank Malta plc,Malta,9695000CG7B84NLR5984,Confédération Nationale du Crédit Mutuel,France,0.3053,0.0002,0.0130,0.0142,18,United Kingdom|Germany|Netherlands,ja
2025-12-31,529900UIRB65OY6U4B21,Lombard Bank Malta plc,Malta,969500TJ5KRTCJQWXH05,CRÉDIT AGRICOLE AUTO BANK S.P.A.,Italy,0.3627,0.0000,0.0020,0.0000,11,United Kingdom|Germany|France,ja
2025-12-31,529900UIRB65OY6U4B21,Lombard Bank Malta plc,Malta,9DJT3UXIJIZJI4WXO774,Bank of America Europe Designated Activity Company,Ireland,0.4607,0.0009,0.0394,0.0231,17,United Kingdom|Germany|Netherlands,ja
2025-12-31,529900UIRB65OY6U4B21,Lombard Bank Malta plc,Malta,A5GWLFH3KM7YV2SFQL84,Belfius Bank,Belgium,0.5184,0.0003,0.0128,0.0200,16,United Kingdom|Netherlands|United States,ja
2025-12-31,529900UIRB65OY6U4B21,Lombard Bank Malta plc,Malta,B64D6Y3LBJS4ANNPCU93,NIBC Bank N.V.,Netherlands,0.4759,0.0000,0.0170,0.0000,10,United Kingdom|Germany|France,ja
2025-12-31,529900UIRB65OY6U4B21,Lombard Bank Malta plc,Malta,BFXS5XCH7N0Y05NIXW11,ABN AMRO Bank N.V.,Netherlands,0.4465,0.0000,0.0394,0.0001,16,United Kingdom|Germany|United States,ja
2025-12-31,529900UIRB65OY6U4B21,Lombard Bank Malta plc,Malta,DG3RU1DBUFHT4ZF9WN62,Coöperatieve Rabobank U.A.,Netherlands,0.4128,0.0030,0.0394,0.0756,19,Australia|United States|United Kingdom,ja
2025-12-31,529900UIRB65OY6U4B21,Lombard Bank Malta plc,Malta,DIZES5CFO5K3I5R58746,Landesbank Hessen-Thüringen Girozentrale,Germany,0.3486,0.0030,0.0394,0.0766,19,United Kingdom|United States|Netherlands,ja
2025-12-31,529900UIRB65OY6U4B21,Lombard Bank Malta plc,Malta,DSNHHQ2B9X5N6OUJ1236,Norddeutsche Landesbank - Girozentrale -,Germany,0.4132,0.0008,0.0394,0.0193,20,United Kingdom|United States|Netherlands,ja
2025-12-31,529900UIRB65OY6U4B21,Lombard Bank Malta plc,Malta,DZZ47B9A52ZJ6LT6VV95,Deutsche Pfandbriefbank AG,Germany,0.3267,0.0000,0.0064,0.0000,10,United Kingdom|United States|Netherlands,ja
2025-12-31,529900UIRB65OY6U4B21,Lombard Bank Malta plc,Malta,J4CP7MHCXR8DAQMKIL78,MEDIOBANCA - BANCA DI CREDITO FINANZIARIO S.P.A.,Italy,0.4576,0.0002,0.0394,0.0051,16,United Kingdom|Germany|Netherlands,ja
2025-12-31,529900UIRB65OY6U4B21,Lombard Bank Malta plc,Malta,MLU0ZO3ML4LN2LL2TL39,HSBC Continental Europe,France,0.3500,0.0020,0.0394,0.0498,19,United Kingdom|Germany|Netherlands,ja
2025-12-31,529900UIRB65OY6U4B21,Lombard Bank Malta plc,Malta,N747OI7JINV7RUUH6190,BPER Banca S.p.A.,Italy,0.3131,0.0000,0.0209,0.0000,12,United Kingdom|Germany|Netherlands,ja
2025-12-31,529900UIRB65OY6U4B21,Lombard Bank Malta plc,Malta,NHBDILHZTYCNBV5UYZ31,Svenska Handelsbanken - gruppen,Sweden,0.3737,0.0003,0.0054,0.0490,20,United Kingdom|Netherlands|United States,ja
2025-12-31,529900UIRB65OY6U4B21,Lombard Bank Malta plc,Malta,O2RNE8IBXP4R0TD8PU41,Société générale S.A.,France,0.3297,0.0000,0.0264,0.0005,22,United Kingdom|Germany|Netherlands,ja
2025-12-31,529900UIRB65OY6U4B21,Lombard Bank Malta plc,Malta,QLPCKOOKVX32FUELX240,Bank Polska Kasa Opieki S.A.,Poland,0.3679,0.0002,0.0394,0.0053,21,United Kingdom|Germany|Netherlands,ja
2025-12-31,529900UIRB65OY6U4B21,Lombard Bank Malta plc,Malta,R0MUWSFPU8MPRO8K5P83,BNP Paribas,France,0.3076,0.0004,0.0108,0.0365,20,United Kingdom|Germany|Netherlands,ja
2025-12-31,529900UIRB65OY6U4B21,Lombard Bank Malta plc,Malta,SI5RG2M0WQQLZCXKRM20,"Banco de Sabadell, S.A.",Spain,0.5009,0.0000,0.0005,0.0000,11,United Kingdom|France|Netherlands,ja
2025-12-31,529900UIRB65OY6U4B21,Lombard Bank Malta plc,Malta,TUKDD90GPC79G1KOE162,Hamburg Commercial Bank AG,Germany,0.3535,0.0001,0.0394,0.0015,15,United Kingdom|United States|Netherlands,ja
2025-12-31,529900UIRB65OY6U4B21,Lombard Bank Malta plc,Malta,VDYMYTQGZZ6DU0912C88,Bayerische Landesbank,Germany,0.3302,0.0001,0.0041,0.0309,21,United Kingdom|Netherlands|France,ja
2025-12-31,529900UIRB65OY6U4B21,Lombard Bank Malta plc,Malta,WFLLPEPC7FZXENRZV188,THE BANK OF NEW YORK MELLON,Belgium,0.3494,0.0000,0.0394,0.0012,17,United Kingdom|Germany|Netherlands,ja
2025-12-31,529900UKZBMDBDZIXD62,Addiko Bank d.d.,Croatia,529900XSTAE561178282,Raiffeisenbankengruppe OÖ Verbund eGen,Austria,0.4139,0.0008,0.0066,0.1215,51,Germany|Belgium|Italy,ja
2025-12-31,529900UKZBMDBDZIXD62,Addiko Bank d.d.,Croatia,5493006QMFDDMYWIAM13,"Banco Santander, S.A.",Spain,0.3182,0.0011,0.0066,0.1711,63,Germany|United States|Italy,ja
2025-12-31,529900UKZBMDBDZIXD62,Addiko Bank d.d.,Croatia,549300L7YCATGO57ZE10,FINECOBANK BANCA FINECO S.P.A. (IN BREVE FINECOBANK S.P.A. OVVERO BANCA FINECO S.P.A. OVVERO FINECO BANCA S.P.A.),Italy,0.3251,0.0002,0.0066,0.0236,62,United States|Germany|Switzerland,ja
2025-12-31,529900UKZBMDBDZIXD62,Addiko Bank d.d.,Croatia,549300LYFYVPUCG6SY25,"Banco Cooperativo Español, S.A.",Spain,0.3883,0.0000,0.0000,,13,Germany|Belgium|United Kingdom,ja
2025-12-31,529900UKZBMDBDZIXD62,Addiko Bank d.d.,Croatia,549300NYKK9MWM7GGW15,ING Groep N.V.,Netherlands,0.4607,0.0007,0.0066,0.1023,66,Germany|United States|Italy,ja
2025-12-31,529900UKZBMDBDZIXD62,Addiko Bank d.d.,Croatia,549300TRUWO2CD2G5692,"UNICREDIT, SOCIETA' PER AZIONI",Italy,0.4367,0.0038,0.0066,0.5755,66,Germany|United States|Austria,ja
2025-12-31,529900UKZBMDBDZIXD62,Addiko Bank d.d.,Croatia,549300X5UKJVE386ZB61,BANCA GENERALI - SOCIETA' PER AZIONI (IN FORMA ABBREVIATA GENERBANCA),Italy,0.3775,0.0000,0.0029,0.0024,31,Germany|United Kingdom|Austria,ja
2025-12-31,529900UKZBMDBDZIXD62,Addiko Bank d.d.,Croatia,635400F6HLXKXNJJX605,EXIM BANCA ROMANEASCA S.A.,Romania,0.4627,0.0000,0.0000,0.3159,24,Germany|Italy|Belgium,ja
2025-12-31,529900UKZBMDBDZIXD62,Addiko Bank d.d.,Croatia,636700HER4JIK7GZUN17,Klarna - Grupp,Sweden,0.6351,0.0000,0.0000,,6,Germany|United States|United Kingdom,ja
2025-12-31,529900UKZBMDBDZIXD62,Addiko Bank d.d.,Croatia,724500973ODKK3IFQ447,Adyen N.V.,Netherlands,0.3476,0.0002,0.0066,0.0353,40,United States|Belgium|Germany,ja
2025-12-31,529900UKZBMDBDZIXD62,Addiko Bank d.d.,Croatia,724500SF1CI8OD5AHI07,HCBG Holding B.V.,Netherlands,0.3174,0.0003,0.0066,0.0515,29,Germany|United States|Italy,ja
2025-12-31,529900UKZBMDBDZIXD62,Addiko Bank d.d.,Croatia,7LTWFZYICNSX8D621K86,DEUTSCHE BANK AKTIENGESELLSCHAFT,Germany,0.5462,0.0017,0.0066,0.2601,52,United States|Italy|Switzerland,ja
2025-12-31,529900UKZBMDBDZIXD62,Addiko Bank d.d.,Croatia,95980020140005881190,Banco de Crédito Social Cooperativo,Spain,0.3624,0.0000,0.0045,0.0000,21,Germany|Belgium|Sweden,ja
2025-12-31,529900UKZBMDBDZIXD62,Addiko Bank d.d.,Croatia,9695000CG7B84NLR5984,Confédération Nationale du Crédit Mutuel,France,0.4171,0.0002,0.0066,0.0290,34,Germany|Belgium|Sweden,ja
2025-12-31,529900UKZBMDBDZIXD62,Addiko Bank d.d.,Croatia,969500F7JLTX36OUI695,RCI Banque,France,0.4605,0.0002,0.0066,0.0252,21,Germany|Italy|Austria,ja
2025-12-31,529900UKZBMDBDZIXD62,Addiko Bank d.d.,Croatia,AT0000000000043000VB,VOLKSBANK WIEN AG VB,Austria,0.4174,0.0003,0.0047,0.0735,48,Germany|Belgium|Switzerland,ja
2025-12-31,529900UKZBMDBDZIXD62,Addiko Bank d.d.,Croatia,B64D6Y3LBJS4ANNPCU93,NIBC Bank N.V.,Netherlands,0.3209,0.0000,0.0066,0.0000,15,Germany|Belgium|Italy,ja
2025-12-31,529900UKZBMDBDZIXD62,Addiko Bank d.d.,Croatia,DG3RU1DBUFHT4ZF9WN62,Coöperatieve Rabobank U.A.,Netherlands,0.4347,0.0003,0.0066,0.0476,62,United States|Germany|Italy,ja
2025-12-31,529900UKZBMDBDZIXD62,Addiko Bank d.d.,Croatia,DIZES5CFO5K3I5R58746,Landesbank Hessen-Thüringen Girozentrale,Germany,0.3466,0.0019,0.0066,0.2846,62,United States|Belgium|Italy,ja
2025-12-31,529900UKZBMDBDZIXD62,Addiko Bank d.d.,Croatia,I7ETN0QQO2AHZZGHJ389,KOMMUNALBANKEN AS,Norway,0.3762,0.0000,0.0000,,6,Germany|Sweden|France,ja
2025-12-31,529900UKZBMDBDZIXD62,Addiko Bank d.d.,Croatia,MLU0ZO3ML4LN2LL2TL39,HSBC Continental Europe,France,0.3814,0.0008,0.0066,0.1195,50,Germany|United States|Italy,ja
2025-12-31,529900UKZBMDBDZIXD62,Addiko Bank d.d.,Croatia,RRUN0TCQ1K2JDV7MXO75,Oberbank AG,Austria,0.3892,0.0002,0.0018,0.0957,39,Germany|Switzerland|Italy,ja
2025-12-31,529900VVDOKMRRAHZ894,Bank GPB International S.A.,Luxembourg,5493002DPKDEC2JN1Y86,Sparekassen Sjælland-Fyn A/S,Denmark,0.3309,0.0000,0.1610,0.0000,4,Switzerland|Italy|Spain,ja
2025-12-31,529900VVDOKMRRAHZ894,Bank GPB International S.A.,Luxembourg,5493009EIBTCB1X12G89,LGT Group Foundation,Liechtenstein,0.3583,0.0000,0.1793,0.0000,9,Switzerland|United Kingdom|France,ja
2025-12-31,529900VVDOKMRRAHZ894,Bank GPB International S.A.,Luxembourg,549300IQZVZ949N37S44,Euroclear Holding,Belgium,0.3413,0.0026,0.1349,0.0192,9,United Kingdom|France|Switzerland,ja
2025-12-31,529900VVDOKMRRAHZ894,Bank GPB International S.A.,Luxembourg,549300O3WME82RDPEN66,Swissquote Bank Europe S.A,Luxembourg,0.3201,0.0000,0.0000,,5,United Kingdom|France|Cyprus,nein
2025-12-31,529900VVDOKMRRAHZ894,Bank GPB International S.A.,Luxembourg,549300TK038P6EV4YU51,AB Artea bankas,Lithuania,0.3620,0.0000,0.0000,,4,Switzerland|France|United Kingdom,ja
2025-12-31,529900VVDOKMRRAHZ894,Bank GPB International S.A.,Luxembourg,784F5XWPLTWKTBV3E584,Goldman Sachs Bank Europe SE,Germany,0.3118,0.0000,0.0002,0.0000,6,United Kingdom|France|Spain,ja
2025-12-31,529900VVDOKMRRAHZ894,Bank GPB International S.A.,Luxembourg,8156003D79D064FB5360,CASSA LOMBARDA - S.P.A.,Italy,0.3338,0.0000,0.0137,0.0000,5,Switzerland|France|United Kingdom,ja
2025-12-31,529900VVDOKMRRAHZ894,Bank GPB International S.A.,Luxembourg,8I5DZWZKVSZI1NUHU748,J.P. Morgan SE,Germany,0.3645,0.0121,0.1131,0.1067,9,United Kingdom|France|Italy,ja
2025-12-31,529900VVDOKMRRAHZ894,Bank GPB International S.A.,Luxembourg,9598005U8TZQ8Q64SC71,LIBERTY PARTNERS S.L.U.,Spain,0.4278,0.0000,0.0241,0.0000,6,Italy|United Kingdom|France,ja
2025-12-31,529900VVDOKMRRAHZ894,Bank GPB International S.A.,Luxembourg,969500F7JLTX36OUI695,RCI Banque,France,0.3709,0.0000,0.1146,0.0000,5,Italy|United Kingdom|Switzerland,ja
2025-12-31,529900VVDOKMRRAHZ894,Bank GPB International S.A.,Luxembourg,969500TJ5KRTCJQWXH05,CRÉDIT AGRICOLE AUTO BANK S.P.A.,Italy,0.3816,0.0000,0.0020,0.0000,5,United Kingdom|France|Switzerland,ja
2025-12-31,529900VVDOKMRRAHZ894,Bank GPB International S.A.,Luxembourg,9DJT3UXIJIZJI4WXO774,Bank of America Europe Designated Activity Company,Ireland,0.3932,0.0000,0.0753,0.0002,8,United Kingdom|France|Italy,ja
2025-12-31,529900VVDOKMRRAHZ894,Bank GPB International S.A.,Luxembourg,A5GWLFH3KM7YV2SFQL84,Belfius Bank,Belgium,0.3509,0.0000,0.0128,0.0000,8,United Kingdom|France|Italy,ja
2025-12-31,529900VVDOKMRRAHZ894,Bank GPB International S.A.,Luxembourg,B64D6Y3LBJS4ANNPCU93,NIBC Bank N.V.,Netherlands,0.3301,0.0000,0.0170,0.0000,5,United Kingdom|France|Spain,ja
2025-12-31,529900VVDOKMRRAHZ894,Bank GPB International S.A.,Luxembourg,BFXS5XCH7N0Y05NIXW11,ABN AMRO Bank N.V.,Netherlands,0.3242,0.0000,0.0868,0.0000,7,United Kingdom|France|Spain,ja
2025-12-31,529900VVDOKMRRAHZ894,Bank GPB International S.A.,Luxembourg,DSNHHQ2B9X5N6OUJ1236,Norddeutsche Landesbank - Girozentrale -,Germany,0.3306,0.0000,0.0596,0.0000,8,United Kingdom|France|Italy,ja
2025-12-31,529900VVDOKMRRAHZ894,Bank GPB International S.A.,Luxembourg,J4CP7MHCXR8DAQMKIL78,MEDIOBANCA - BANCA DI CREDITO FINANZIARIO S.P.A.,Italy,0.3052,0.0000,0.0569,0.0005,8,United Kingdom|France|Spain,ja
2025-12-31,529900XSTAE561178282,Raiffeisenbankengruppe OÖ Verbund eGen,Austria,5493007BWYDPQZLZ0Y27,HYPO NOE Landesbank für Niederösterreich und Wien AG,Austria,0.4736,0.0000,0.0003,0.1157,28,Germany|Poland|Slovakia,nein
2025-12-31,529900XSTAE561178282,Raiffeisenbankengruppe OÖ Verbund eGen,Austria,549300LYFYVPUCG6SY25,"Banco Cooperativo Español, S.A.",Spain,0.5153,0.0000,0.0000,,13,Germany|Luxembourg|France,ja
2025-12-31,529900XSTAE561178282,Raiffeisenbankengruppe OÖ Verbund eGen,Austria,549300NYKK9MWM7GGW15,ING Groep N.V.,Netherlands,0.4349,0.0061,0.0133,0.4582,76,Germany|Poland|Luxembourg,ja
2025-12-31,529900XSTAE561178282,Raiffeisenbankengruppe OÖ Verbund eGen,Austria,549300Q3OIWRHQUQM052,SpareBank 1 Sør-Norge,Norway,0.3449,0.0002,0.0014,0.1307,23,Germany|Slovakia|France,ja
2025-12-31,529900XSTAE561178282,Raiffeisenbankengruppe OÖ Verbund eGen,Austria,549300TRUWO2CD2G5692,"UNICREDIT, SOCIETA' PER AZIONI",Italy,0.6279,0.0027,0.0133,0.2047,75,Germany|Czechia|Romania,ja
2025-12-31,529900XSTAE561178282,Raiffeisenbankengruppe OÖ Verbund eGen,Austria,549300X5UKJVE386ZB61,BANCA GENERALI - SOCIETA' PER AZIONI (IN FORMA ABBREVIATA GENERBANCA),Italy,0.6191,0.0001,0.0029,0.0357,41,Germany|France|Netherlands,ja
2025-12-31,529900XSTAE561178282,Raiffeisenbankengruppe OÖ Verbund eGen,Austria,635400F6HLXKXNJJX605,EXIM BANCA ROMANEASCA S.A.,Romania,0.7156,0.0000,0.0000,0.4353,28,Germany|Czechia|Poland,ja
2025-12-31,529900XSTAE561178282,Raiffeisenbankengruppe OÖ Verbund eGen,Austria,636700HER4JIK7GZUN17,Klarna - Grupp,Sweden,0.5340,0.0000,0.0000,,6,Germany|Netherlands|Norway,ja
2025-12-31,529900XSTAE561178282,Raiffeisenbankengruppe OÖ Verbund eGen,Austria,724500SF1CI8OD5AHI07,HCBG Holding B.V.,Netherlands,0.4104,0.0011,0.0133,0.0835,28,Germany|Romania|France,ja
2025-12-31,529900XSTAE561178282,Raiffeisenbankengruppe OÖ Verbund eGen,Austria,95980020140005881190,Banco de Crédito Social Cooperativo,Spain,0.4317,0.0001,0.0045,0.0117,27,Germany|Luxembourg|France,ja
2025-12-31,529900XSTAE561178282,Raiffeisenbankengruppe OÖ Verbund eGen,Austria,9695000CG7B84NLR5984,Confédération Nationale du Crédit Mutuel,France,0.5306,0.0009,0.0130,0.0713,41,Germany|Luxembourg|Netherlands,ja
2025-12-31,529900XSTAE561178282,Raiffeisenbankengruppe OÖ Verbund eGen,Austria,969500F7JLTX36OUI695,RCI Banque,France,0.3691,0.0012,0.0133,0.0917,25,Germany|Poland|Netherlands,ja
2025-12-31,529900XSTAE561178282,Raiffeisenbankengruppe OÖ Verbund eGen,Austria,969500TJ5KRTCJQWXH05,CRÉDIT AGRICOLE AUTO BANK S.P.A.,Italy,0.3477,0.0006,0.0020,0.2816,23,Germany|Czechia|France,ja
2025-12-31,529900XSTAE561178282,Raiffeisenbankengruppe OÖ Verbund eGen,Austria,9ZHRYM6F437SQJ6OUG95,Raiffeisen Bank International AG,Austria,0.3674,0.0027,0.0133,0.2004,77,Czechia|Romania|Slovakia,nein
2025-12-31,529900XSTAE561178282,Raiffeisenbankengruppe OÖ Verbund eGen,Austria,AT0000000000043000VB,VOLKSBANK WIEN AG VB,Austria,0.5587,0.0018,0.0047,0.3797,62,Germany|Slovakia|France,nein
2025-12-31,529900XSTAE561178282,Raiffeisenbankengruppe OÖ Verbund eGen,Austria,B64D6Y3LBJS4ANNPCU93,NIBC Bank N.V.,Netherlands,0.3703,0.0000,0.0133,0.0004,14,Germany|Luxembourg|France,ja
2025-12-31,529900XSTAE561178282,Raiffeisenbankengruppe OÖ Verbund eGen,Austria,I7ETN0QQO2AHZZGHJ389,KOMMUNALBANKEN AS,Norway,0.5083,0.0000,0.0000,,6,Germany|France|Netherlands,ja
2025-12-31,529900XSTAE561178282,Raiffeisenbankengruppe OÖ Verbund eGen,Austria,MLU0ZO3ML4LN2LL2TL39,HSBC Continental Europe,France,0.3587,0.0052,0.0133,0.3899,67,Germany|Luxembourg|Poland,ja
2025-12-31,529900XSTAE561178282,Raiffeisenbankengruppe OÖ Verbund eGen,Austria,N747OI7JINV7RUUH6190,BPER Banca S.p.A.,Italy,0.3206,0.0012,0.0133,0.0897,34,Germany|Luxembourg|France,ja
2025-12-31,529900XSTAE561178282,Raiffeisenbankengruppe OÖ Verbund eGen,Austria,NNVPP80YIZGEY2314M97,ICCREA BANCA S.P.A. - ISTITUTO CENTRALE DEL CREDITO COOPERATIVO (IN FORMA ABBREVIATA: ICCREA BANCA S.P.A.),Italy,0.3965,0.0003,0.0074,0.0368,26,Germany|Luxembourg|France,ja
2025-12-31,529900XSTAE561178282,Raiffeisenbankengruppe OÖ Verbund eGen,Austria,O2RNE8IBXP4R0TD8PU41,Société générale S.A.,France,0.4155,0.0006,0.0133,0.0452,70,Germany|Czechia|Romania,ja
2025-12-31,529900XSTAE561178282,Raiffeisenbankengruppe OÖ Verbund eGen,Austria,P4GTT6GF1W40CVIMFR43,Powszechna Kasa Oszczednosci Bank Polski S.A.,Poland,0.4395,0.0008,0.0133,0.0584,74,Germany|Czechia|Romania,ja
2025-12-31,529900XSTAE561178282,Raiffeisenbankengruppe OÖ Verbund eGen,Austria,RRUN0TCQ1K2JDV7MXO75,Oberbank AG,Austria,0.7495,0.0013,0.0018,0.7052,54,Germany|Czechia|Slovakia,nein
2025-12-31,529900XSTAE561178282,Raiffeisenbankengruppe OÖ Verbund eGen,Austria,WFLLPEPC7FZXENRZV188,THE BANK OF NEW YORK MELLON,Belgium,0.3369,0.0038,0.0133,0.2891,44,Germany|Slovakia|Luxembourg,ja
2025-12-31,5493002DPKDEC2JN1Y86,Sparekassen Sjælland-Fyn A/S,Denmark,8156003D79D064FB5360,CASSA LOMBARDA - S.P.A.,Italy,0.3183,0.0114,0.0137,0.8368,10,Switzerland|Norway|Germany,ja
2025-12-31,5493002DPKDEC2JN1Y86,Sparekassen Sjælland-Fyn A/S,Denmark,9598005U8TZQ8Q64SC71,LIBERTY PARTNERS S.L.U.,Spain,0.4427,0.0000,0.0241,0.0000,8,Italy|Luxembourg|Switzerland,ja
2025-12-31,5493002DPKDEC2JN1Y86,Sparekassen Sjælland-Fyn A/S,Denmark,9DJT3UXIJIZJI4WXO774,Bank of America Europe Designated Activity Company,Ireland,0.3187,0.0000,0.0753,0.0000,11,Luxembourg|Italy|Switzerland,ja
2025-12-31,54930053HGCFWVHYZX42,Bank of China (Europe) S.A,Luxembourg,54930060Q00W1SRIUI57,vdk bank,Belgium,0.3248,0.0017,0.0291,0.0568,18,Netherlands|United States|Ireland,ja
2025-12-31,54930053HGCFWVHYZX42,Bank of China (Europe) S.A,Luxembourg,5493006QMFDDMYWIAM13,"Banco Santander, S.A.",Spain,0.3318,0.0131,0.0363,0.3607,31,Portugal|Poland|United States,ja
2025-12-31,54930053HGCFWVHYZX42,Bank of China (Europe) S.A,Luxembourg,5493007BWYDPQZLZ0Y27,HYPO NOE Landesbank für Niederösterreich und Wien AG,Austria,0.3953,0.0000,0.0003,0.0907,21,Poland|Netherlands|France,ja
2025-12-31,54930053HGCFWVHYZX42,Bank of China (Europe) S.A,Luxembourg,549300GDPG70E3MBBU98,KfW Beteiligungsholding GmbH,Germany,0.3575,0.0277,0.0363,0.7625,28,Netherlands|United States|United Kingdom,ja
2025-12-31,54930053HGCFWVHYZX42,Bank of China (Europe) S.A,Luxembourg,549300NYKK9MWM7GGW15,ING Groep N.V.,Netherlands,0.4324,0.0125,0.0363,0.3435,31,Belgium|Poland|Spain,ja
2025-12-31,54930053HGCFWVHYZX42,Bank of China (Europe) S.A,Luxembourg,549300Q3OIWRHQUQM052,SpareBank 1 Sør-Norge,Norway,0.3158,0.0008,0.0014,0.5862,20,Netherlands|Sweden|Belgium,ja
2025-12-31,54930053HGCFWVHYZX42,Bank of China (Europe) S.A,Luxembourg,549300TEJKOLFN65KR76,BNF Bank plc,Malta,0.3098,0.0024,0.0363,0.0668,13,Netherlands|Ireland|United States,ja
2025-12-31,54930053HGCFWVHYZX42,Bank of China (Europe) S.A,Luxembourg,549300TL5406IC1XKD09,Saxo Bank A/S,Denmark,0.3927,0.0042,0.0363,0.1157,27,Netherlands|Belgium|Sweden,ja
2025-12-31,54930053HGCFWVHYZX42,Bank of China (Europe) S.A,Luxembourg,6SHGI4ZSSLCXXQSBB395,Citigroup Global Markets Europe AG,Germany,0.4012,0.0010,0.0052,0.1874,27,Poland|Netherlands|United Kingdom,ja
2025-12-31,54930053HGCFWVHYZX42,Bank of China (Europe) S.A,Luxembourg,724500SF1CI8OD5AHI07,HCBG Holding B.V.,Netherlands,0.3631,0.0083,0.0363,0.2298,18,Belgium|Spain|United States,ja
2025-12-31,54930053HGCFWVHYZX42,Bank of China (Europe) S.A,Luxembourg,743700GC62JLHFBUND16,Aktia Bank Abp,Finland,0.3120,0.0024,0.0363,0.0668,17,Netherlands|Sweden|Spain,ja
2025-12-31,54930053HGCFWVHYZX42,Bank of China (Europe) S.A,Luxembourg,7CUNS533WID6K7DGFI87,"CaixaBank, S.A.",Spain,0.4016,0.0114,0.0363,0.3144,31,Portugal|Netherlands|United States,ja
2025-12-31,54930053HGCFWVHYZX42,Bank of China (Europe) S.A,Luxembourg,8156005420362AE59184,BANCA IFIS S.P.A. (OVVERO IFIS BANCA S.P.A. O IN FORMA ABBREVIATA IFIS S.P.A.),Italy,0.3156,0.0212,0.0363,0.5842,29,Poland|Ireland|United States,ja
2025-12-31,54930053HGCFWVHYZX42,Bank of China (Europe) S.A,Luxembourg,815600AD83B2B6317788,CREDITO EMILIANO HOLDING SOCIETA' PER AZIONI,Italy,0.3167,0.0000,0.0007,0.0000,17,Netherlands|Spain|Sweden,ja
2025-12-31,54930053HGCFWVHYZX42,Bank of China (Europe) S.A,Luxembourg,815600E4E6DCD2D25E30,BANCO BPM SOCIETA' PER AZIONI,Italy,0.3402,0.0000,0.0023,0.0005,17,Netherlands|Spain|Belgium,ja
2025-12-31,54930053HGCFWVHYZX42,Bank of China (Europe) S.A,Luxembourg,851WYGNLUQLFZBSYGB56,COMMERZBANK Aktiengesellschaft,Germany,0.3417,0.0072,0.0363,0.1972,28,Poland|Netherlands|France,ja
2025-12-31,54930053HGCFWVHYZX42,Bank of China (Europe) S.A,Luxembourg,8I5DZWZKVSZI1NUHU748,J.P. Morgan SE,Germany,0.4272,0.0055,0.0363,0.1506,30,Netherlands|Spain|Sweden,ja
2025-12-31,54930053HGCFWVHYZX42,Bank of China (Europe) S.A,Luxembourg,95980020140005439549,"Caja Rural de Navarra, S. Coop. de Crédito",Spain,0.3018,0.0001,0.0063,0.0139,14,Netherlands|Belgium|France,ja
2025-12-31,54930053HGCFWVHYZX42,Bank of China (Europe) S.A,Luxembourg,95980020140005552166,"Eurocaja Rural, Sociedad Cooperativa de Crédito",Spain,0.3473,0.0017,0.0363,0.0472,19,Netherlands|Belgium|United States,ja
2025-12-31,54930053HGCFWVHYZX42,Bank of China (Europe) S.A,Luxembourg,95980020140005881190,Banco de Crédito Social Cooperativo,Spain,0.3034,0.0024,0.0045,0.5403,16,Netherlands|Ireland|United Kingdom,ja
2025-12-31,54930053HGCFWVHYZX42,Bank of China (Europe) S.A,Luxembourg,9695000CG7B84NLR5984,Confédération Nationale du Crédit Mutuel,France,0.3454,0.0006,0.0130,0.0495,26,Belgium|Netherlands|Spain,ja
2025-12-31,54930053HGCFWVHYZX42,Bank of China (Europe) S.A,Luxembourg,969500TJ5KRTCJQWXH05,CRÉDIT AGRICOLE AUTO BANK S.P.A.,Italy,0.3287,0.0000,0.0020,0.0000,17,Spain|United Kingdom|Netherlands,ja
2025-12-31,54930053HGCFWVHYZX42,Bank of China (Europe) S.A,Luxembourg,9DJT3UXIJIZJI4WXO774,Bank of America Europe Designated Activity Company,Ireland,0.3458,0.0143,0.0363,0.3934,27,Netherlands|Italy|United Kingdom,ja
2025-12-31,54930053HGCFWVHYZX42,Bank of China (Europe) S.A,Luxembourg,A5GWLFH3KM7YV2SFQL84,Belfius Bank,Belgium,0.3689,0.0034,0.0128,0.2655,23,Netherlands|United States|Spain,ja
2025-12-31,54930053HGCFWVHYZX42,Bank of China (Europe) S.A,Luxembourg,B64D6Y3LBJS4ANNPCU93,NIBC Bank N.V.,Netherlands,0.3058,0.0024,0.0170,0.1428,14,Spain|Belgium|Sweden,ja
2025-12-31,54930053HGCFWVHYZX42,Bank of China (Europe) S.A,Luxembourg,DIZES5CFO5K3I5R58746,Landesbank Hessen-Thüringen Girozentrale,Germany,0.4020,0.0154,0.0363,0.4255,31,Poland|Netherlands|United States,ja
2025-12-31,54930053HGCFWVHYZX42,Bank of China (Europe) S.A,Luxembourg,DSNHHQ2B9X5N6OUJ1236,Norddeutsche Landesbank - Girozentrale -,Germany,0.4429,0.0089,0.0363,0.2445,26,Netherlands|Poland|Ireland,ja
2025-12-31,54930053HGCFWVHYZX42,Bank of China (Europe) S.A,Luxembourg,DZZ47B9A52ZJ6LT6VV95,Deutsche Pfandbriefbank AG,Germany,0.5303,0.0013,0.0064,0.1978,19,Poland|Netherlands|Sweden,ja
2025-12-31,54930053HGCFWVHYZX42,Bank of China (Europe) S.A,Luxembourg,J4CP7MHCXR8DAQMKIL78,MEDIOBANCA - BANCA DI CREDITO FINANZIARIO S.P.A.,Italy,0.3479,0.0031,0.0363,0.0852,26,Netherlands|Spain|Ireland,ja
2025-12-31,54930053HGCFWVHYZX42,Bank of China (Europe) S.A,Luxembourg,MLU0ZO3ML4LN2LL2TL39,HSBC Continental Europe,France,0.4149,0.0033,0.0363,0.0912,30,Netherlands|Spain|Ireland,ja
2025-12-31,54930053HGCFWVHYZX42,Bank of China (Europe) S.A,Luxembourg,N747OI7JINV7RUUH6190,BPER Banca S.p.A.,Italy,0.3441,0.0047,0.0209,0.2263,18,Netherlands|Spain|Sweden,ja
2025-12-31,54930053HGCFWVHYZX42,Bank of China (Europe) S.A,Luxembourg,NNVPP80YIZGEY2314M97,ICCREA BANCA S.P.A. - ISTITUTO CENTRALE DEL CREDITO COOPERATIVO (IN FORMA ABBREVIATA: ICCREA BANCA S.P.A.),Italy,0.3057,0.0024,0.0074,0.3264,15,Netherlands|Spain|France,ja
2025-12-31,54930053HGCFWVHYZX42,Bank of China (Europe) S.A,Luxembourg,O2RNE8IBXP4R0TD8PU41,Société générale S.A.,France,0.3195,0.0000,0.0264,0.0005,30,Netherlands|Spain|Belgium,ja
2025-12-31,54930053HGCFWVHYZX42,Bank of China (Europe) S.A,Luxembourg,P4GTT6GF1W40CVIMFR43,Powszechna Kasa Oszczednosci Bank Polski S.A.,Poland,0.3199,0.0012,0.0363,0.0331,31,Netherlands|Ireland|United Kingdom,ja
2025-12-31,54930053HGCFWVHYZX42,Bank of China (Europe) S.A,Luxembourg,QLPCKOOKVX32FUELX240,Bank Polska Kasa Opieki S.A.,Poland,0.3251,0.0019,0.0363,0.0530,30,Netherlands|Spain|Ireland,ja
2025-12-31,54930053HGCFWVHYZX42,Bank of China (Europe) S.A,Luxembourg,R0MUWSFPU8MPRO8K5P83,BNP Paribas,France,0.4157,0.0001,0.0108,0.0063,30,Belgium|Poland|Spain,ja
2025-12-31,54930053HGCFWVHYZX42,Bank of China (Europe) S.A,Luxembourg,R7CQUF1DQM73HUTV1078,"Banque et Caisse d´Epargne de l´Etat, Luxembourg",Luxembourg,0.4037,0.0000,0.0047,0.0055,17,Netherlands|Belgium|Sweden,nein
2025-12-31,54930053HGCFWVHYZX42,Bank of China (Europe) S.A,Luxembourg,TUKDD90GPC79G1KOE162,Hamburg Commercial Bank AG,Germany,0.4026,0.0018,0.0363,0.0492,20,Netherlands|Ireland|United States,ja
2025-12-31,54930053HGCFWVHYZX42,Bank of China (Europe) S.A,Luxembourg,VDYMYTQGZZ6DU0912C88,Bayerische Landesbank,Germany,0.3713,0.0002,0.0041,0.0529,31,Netherlands|Poland|Ireland,ja
2025-12-31,54930053HGCFWVHYZX42,Bank of China (Europe) S.A,Luxembourg,WFLLPEPC7FZXENRZV188,THE BANK OF NEW YORK MELLON,Belgium,0.4014,0.0012,0.0363,0.0334,24,Netherlands|Spain|Ireland,ja
2025-12-31,54930060Q00W1SRIUI57,vdk bank,Belgium,5493006QMFDDMYWIAM13,"Banco Santander, S.A.",Spain,0.3069,0.0036,0.0291,0.1242,27,United States|France|Germany,ja
2025-12-31,54930060Q00W1SRIUI57,vdk bank,Belgium,5493007BWYDPQZLZ0Y27,HYPO NOE Landesbank für Niederösterreich und Wien AG,Austria,0.4718,0.0000,0.0003,0.0000,16,Netherlands|France|Germany,ja
2025-12-31,54930060Q00W1SRIUI57,vdk bank,Belgium,5493008QOCP58OLEN998,Argenta Bank- en Verzekeringsgroep NV,Belgium,0.5909,0.0000,0.0002,0.1415,27,Netherlands|Germany|France,nein
2025-12-31,54930060Q00W1SRIUI57,vdk bank,Belgium,549300DYPOFMXOR7XM56,Crelan,Belgium,0.4324,0.0022,0.0244,0.0899,24,Netherlands|France|Germany,nein
2025-12-31,54930060Q00W1SRIUI57,vdk bank,Belgium,549300GDPG70E3MBBU98,KfW Beteiligungsholding GmbH,Germany,0.4314,0.0049,0.0291,0.1691,25,United States|Netherlands|France,ja
2025-12-31,54930060Q00W1SRIUI57,vdk bank,Belgium,549300L7YCATGO57ZE10,FINECOBANK BANCA FINECO S.P.A. (IN BREVE FINECOBANK S.P.A. OVVERO BANCA FINECO S.P.A. OVVERO FINECO BANCA S.P.A.),Italy,0.4867,0.0057,0.0160,0.3561,27,France|Netherlands|United States,ja
2025-12-31,54930060Q00W1SRIUI57,vdk bank,Belgium,549300LYFYVPUCG6SY25,"Banco Cooperativo Español, S.A.",Spain,0.3997,0.0000,0.0000,,10,Netherlands|France|Germany,ja
2025-12-31,54930060Q00W1SRIUI57,vdk bank,Belgium,549300NYKK9MWM7GGW15,ING Groep N.V.,Netherlands,0.3288,0.0181,0.0291,0.6223,30,United States|Germany|Luxembourg,ja
2025-12-31,54930060Q00W1SRIUI57,vdk bank,Belgium,549300RG3H390KEL8896,Banca Transilvania,Romania,0.3542,0.0143,0.0291,0.4933,24,France|United States|Luxembourg,ja
2025-12-31,54930060Q00W1SRIUI57,vdk bank,Belgium,549300TEJKOLFN65KR76,BNF Bank plc,Malta,0.5003,0.0000,0.0291,0.0000,12,Netherlands|France|United States,ja
2025-12-31,54930060Q00W1SRIUI57,vdk bank,Belgium,549300TK038P6EV4YU51,AB Artea bankas,Lithuania,0.3188,0.0000,0.0000,,6,France|United States|Netherlands,ja
2025-12-31,54930060Q00W1SRIUI57,vdk bank,Belgium,549300TL5406IC1XKD09,Saxo Bank A/S,Denmark,0.3244,0.0037,0.0291,0.1264,22,Netherlands|Germany|Luxembourg,ja
2025-12-31,54930060Q00W1SRIUI57,vdk bank,Belgium,549300TTZTKBUFKWH890,The Cyprus Development Bank Public Company Ltd,Cyprus,0.6116,0.0000,0.0000,,5,Netherlands|France|United Kingdom,ja
2025-12-31,54930060Q00W1SRIUI57,vdk bank,Belgium,635400AKJBGNS5WNQL34,AIB Group plc,Ireland,0.3097,0.0072,0.0291,0.2464,24,United States|France|United Kingdom,ja
2025-12-31,54930060Q00W1SRIUI57,vdk bank,Belgium,724500A1FNICHSDF2I11,ASN Bank N.V.,Netherlands,0.3081,0.0000,0.0000,,12,France|Germany|United Kingdom,ja
2025-12-31,54930060Q00W1SRIUI57,vdk bank,Belgium,743700GC62JLHFBUND16,Aktia Bank Abp,Finland,0.3380,0.0000,0.0291,0.0000,12,Netherlands|France|Germany,ja
2025-12-31,54930060Q00W1SRIUI57,vdk bank,Belgium,7CUNS533WID6K7DGFI87,"CaixaBank, S.A.",Spain,0.3142,0.0059,0.0291,0.2028,30,France|United States|Germany,ja
2025-12-31,54930060Q00W1SRIUI57,vdk bank,Belgium,7LTWFZYICNSX8D621K86,DEUTSCHE BANK AKTIENGESELLSCHAFT,Germany,0.3199,0.0176,0.0291,0.6065,25,United States|United Kingdom|Luxembourg,ja
2025-12-31,54930060Q00W1SRIUI57,vdk bank,Belgium,8156005420362AE59184,BANCA IFIS S.P.A. (OVVERO IFIS BANCA S.P.A. O IN FORMA ABBREVIATA IFIS S.P.A.),Italy,0.3600,0.0007,0.0291,0.0236,24,France|Germany|Luxembourg,ja
2025-12-31,54930060Q00W1SRIUI57,vdk bank,Belgium,81560062CEAE87A85C80,AREPO BP S.P.A.,Italy,0.3243,0.0013,0.0291,0.0454,15,Netherlands|Luxembourg|United Kingdom,ja
2025-12-31,54930060Q00W1SRIUI57,vdk bank,Belgium,815600AD83B2B6317788,CREDITO EMILIANO HOLDING SOCIETA' PER AZIONI,Italy,0.4535,0.0000,0.0007,0.0000,12,France|Netherlands|United States,ja
2025-12-31,54930060Q00W1SRIUI57,vdk bank,Belgium,815600E4E6DCD2D25E30,BANCO BPM SOCIETA' PER AZIONI,Italy,0.4383,0.0000,0.0023,0.0000,12,Netherlands|France|Germany,ja
2025-12-31,54930060Q00W1SRIUI57,vdk bank,Belgium,8I5DZWZKVSZI1NUHU748,J.P. Morgan SE,Germany,0.5069,0.0137,0.0291,0.4698,27,France|Netherlands|United States,ja
2025-12-31,54930060Q00W1SRIUI57,vdk bank,Belgium,95980020140005220135,"Caja Rural de Granada, Sociedad Cooperativa de Crédito",Spain,0.5009,0.0000,0.0008,0.0001,11,Netherlands|France|Germany,ja
2025-12-31,54930060Q00W1SRIUI57,vdk bank,Belgium,95980020140005439549,"Caja Rural de Navarra, S. Coop. de Crédito",Spain,0.4920,0.0000,0.0063,0.0000,9,Netherlands|France|Germany,ja
2025-12-31,54930060Q00W1SRIUI57,vdk bank,Belgium,95980020140005484654,"Caja Rural de Albacete, Ciudad Real y Cuenca, Sociedad Cooperativa de Crédito",Spain,0.6302,0.0000,0.0000,,8,Netherlands|France|Germany,ja
2025-12-31,54930060Q00W1SRIUI57,vdk bank,Belgium,95980020140005552166,"Eurocaja Rural, Sociedad Cooperativa de Crédito",Spain,0.4342,0.0131,0.0291,0.4526,18,Netherlands|France|United States,ja
2025-12-31,54930060Q00W1SRIUI57,vdk bank,Belgium,95980020140005881190,Banco de Crédito Social Cooperativo,Spain,0.4143,0.0000,0.0045,0.0000,11,France|Netherlands|Germany,ja
2025-12-31,54930060Q00W1SRIUI57,vdk bank,Belgium,9598005U8TZQ8Q64SC71,LIBERTY PARTNERS S.L.U.,Spain,0.3101,0.0000,0.0241,0.0000,12,France|United Kingdom|Luxembourg,ja
2025-12-31,54930060Q00W1SRIUI57,vdk bank,Belgium,969500STN7T9MRUMJ267,Bpifrance,France,0.6676,0.0030,0.0291,0.1029,20,Netherlands|Luxembourg|Ireland,ja
2025-12-31,54930060Q00W1SRIUI57,vdk bank,Belgium,969500TJ5KRTCJQWXH05,CRÉDIT AGRICOLE AUTO BANK S.P.A.,Italy,0.3122,0.0000,0.0020,0.0000,14,France|Germany|United Kingdom,ja
2025-12-31,54930060Q00W1SRIUI57,vdk bank,Belgium,9DJT3UXIJIZJI4WXO774,Bank of America Europe Designated Activity Company,Ireland,0.4380,0.0132,0.0291,0.4558,24,France|Netherlands|Germany,ja
2025-12-31,54930060Q00W1SRIUI57,vdk bank,Belgium,A5GWLFH3KM7YV2SFQL84,Belfius Bank,Belgium,0.4962,0.0014,0.0128,0.1089,19,Netherlands|France|United States,nein
2025-12-31,54930060Q00W1SRIUI57,vdk bank,Belgium,AT0000000000043000VB,VOLKSBANK WIEN AG VB,Austria,0.3403,0.0002,0.0047,0.0507,24,France|Netherlands|Germany,ja
2025-12-31,54930060Q00W1SRIUI57,vdk bank,Belgium,B64D6Y3LBJS4ANNPCU93,NIBC Bank N.V.,Netherlands,0.3357,0.0000,0.0170,0.0000,13,France|Germany|United Kingdom,ja
2025-12-31,54930060Q00W1SRIUI57,vdk bank,Belgium,BFXS5XCH7N0Y05NIXW11,ABN AMRO Bank N.V.,Netherlands,0.3910,0.0086,0.0291,0.2950,18,France|United States|Germany,ja
2025-12-31,54930060Q00W1SRIUI57,vdk bank,Belgium,DG3RU1DBUFHT4ZF9WN62,Coöperatieve Rabobank U.A.,Netherlands,0.3462,0.0068,0.0291,0.2357,29,United States|France|Germany,ja
2025-12-31,54930060Q00W1SRIUI57,vdk bank,Belgium,DIZES5CFO5K3I5R58746,Landesbank Hessen-Thüringen Girozentrale,Germany,0.4422,0.0058,0.0291,0.1995,27,France|United States|Netherlands,ja
2025-12-31,54930060Q00W1SRIUI57,vdk bank,Belgium,DSNHHQ2B9X5N6OUJ1236,Norddeutsche Landesbank - Girozentrale -,Germany,0.5311,0.0105,0.0291,0.3616,23,Netherlands|France|United States,ja
2025-12-31,54930060Q00W1SRIUI57,vdk bank,Belgium,DZZ47B9A52ZJ6LT6VV95,Deutsche Pfandbriefbank AG,Germany,0.4046,0.0027,0.0064,0.4176,16,France|United States|Netherlands,ja
2025-12-31,54930060Q00W1SRIUI57,vdk bank,Belgium,J4CP7MHCXR8DAQMKIL78,MEDIOBANCA - BANCA DI CREDITO FINANZIARIO S.P.A.,Italy,0.4357,0.0000,0.0291,0.0000,17,France|Netherlands|United States,ja
2025-12-31,54930060Q00W1SRIUI57,vdk bank,Belgium,MLU0ZO3ML4LN2LL2TL39,HSBC Continental Europe,France,0.3945,0.0090,0.0291,0.3088,25,Netherlands|United States|Germany,ja
2025-12-31,54930060Q00W1SRIUI57,vdk bank,Belgium,N747OI7JINV7RUUH6190,BPER Banca S.p.A.,Italy,0.4038,0.0005,0.0209,0.0233,13,Netherlands|France|Germany,ja
2025-12-31,54930060Q00W1SRIUI57,vdk bank,Belgium,NNVPP80YIZGEY2314M97,ICCREA BANCA S.P.A. - ISTITUTO CENTRALE DEL CREDITO COOPERATIVO (IN FORMA ABBREVIATA: ICCREA BANCA S.P.A.),Italy,0.4606,0.0000,0.0074,0.0000,10,Netherlands|France|Germany,ja
2025-12-31,54930060Q00W1SRIUI57,vdk bank,Belgium,P4GTT6GF1W40CVIMFR43,Powszechna Kasa Oszczednosci Bank Polski S.A.,Poland,0.3898,0.0024,0.0291,0.0836,28,Netherlands|France|Germany,ja
2025-12-31,54930060Q00W1SRIUI57,vdk bank,Belgium,QLPCKOOKVX32FUELX240,Bank Polska Kasa Opieki S.A.,Poland,0.3309,0.0005,0.0291,0.0178,25,Netherlands|Germany|United Kingdom,ja
2025-12-31,54930060Q00W1SRIUI57,vdk bank,Belgium,R7CQUF1DQM73HUTV1078,"Banque et Caisse d´Epargne de l´Etat, Luxembourg",Luxembourg,0.5077,0.0000,0.0047,0.0000,11,Netherlands|France|Germany,ja
2025-12-31,54930060Q00W1SRIUI57,vdk bank,Belgium,TUKDD90GPC79G1KOE162,Hamburg Commercial Bank AG,Germany,0.4699,0.0128,0.0291,0.4390,21,Netherlands|United States|France,ja
2025-12-31,54930060Q00W1SRIUI57,vdk bank,Belgium,VDYMYTQGZZ6DU0912C88,Bayerische Landesbank,Germany,0.4271,0.0016,0.0041,0.3892,29,Netherlands|France|United Kingdom,ja
2025-12-31,54930060Q00W1SRIUI57,vdk bank,Belgium,WFLLPEPC7FZXENRZV188,THE BANK OF NEW YORK MELLON,Belgium,0.4587,0.0004,0.0291,0.0150,22,Netherlands|Germany|United Kingdom,nein
2025-12-31,5493006QMFDDMYWIAM13,"Banco Santander, S.A.",Spain,549300GDPG70E3MBBU98,KfW Beteiligungsholding GmbH,Germany,0.4088,0.0508,0.2197,0.2313,72,United Kingdom|United States|France,ja
2025-12-31,5493006QMFDDMYWIAM13,"Banco Santander, S.A.",Spain,549300GKFG0RYRRQ1414,DNB BANK ASA,Norway,0.3020,0.0003,0.0060,0.0480,28,United States|United Kingdom|Germany,ja
2025-12-31,5493006QMFDDMYWIAM13,"Banco Santander, S.A.",Spain,549300IQZVZ949N37S44,Euroclear Holding,Belgium,0.3969,0.0313,0.1349,0.2316,66,United Kingdom|France|Chile,ja
2025-12-31,5493006QMFDDMYWIAM13,"Banco Santander, S.A.",Spain,549300L7YCATGO57ZE10,FINECOBANK BANCA FINECO S.P.A. (IN BREVE FINECOBANK S.P.A. OVVERO BANCA FINECO S.P.A. OVVERO FINECO BANCA S.P.A.),Italy,0.4043,0.0074,0.0160,0.4609,124,United Kingdom|United States|Germany,ja
2025-12-31,5493006QMFDDMYWIAM13,"Banco Santander, S.A.",Spain,549300NYKK9MWM7GGW15,ING Groep N.V.,Netherlands,0.4324,0.0184,0.0902,0.2044,147,Germany|United States|Poland,ja
2025-12-31,5493006QMFDDMYWIAM13,"Banco Santander, S.A.",Spain,5967007LIEEXZX5PU005,Sparebanken Møre SPA,Norway,0.4620,0.0001,0.0702,0.0015,15,United Kingdom|Germany|Italy,ja
2025-12-31,5493006QMFDDMYWIAM13,"Banco Santander, S.A.",Spain,635400AKJBGNS5WNQL34,AIB Group plc,Ireland,0.5069,0.0064,0.0353,0.1826,87,United Kingdom|United States|France,ja
2025-12-31,5493006QMFDDMYWIAM13,"Banco Santander, S.A.",Spain,635400C8EK6DRI12LJ39,Bank of Ireland Group plc,Ireland,0.3808,0.0037,0.0138,0.2719,94,United Kingdom|France|United States,ja
2025-12-31,5493006QMFDDMYWIAM13,"Banco Santander, S.A.",Spain,636700HER4JIK7GZUN17,Klarna - Grupp,Sweden,0.3665,0.0000,0.0000,,6,Germany|United States|United Kingdom,ja
2025-12-31,5493006QMFDDMYWIAM13,"Banco Santander, S.A.",Spain,6SHGI4ZSSLCXXQSBB395,Citigroup Global Markets Europe AG,Germany,0.3512,0.0016,0.0052,0.3135,56,United Kingdom|France|Poland,ja
2025-12-31,5493006QMFDDMYWIAM13,"Banco Santander, S.A.",Spain,724500973ODKK3IFQ447,Adyen N.V.,Netherlands,0.4751,0.0178,0.0428,0.4149,62,United Kingdom|United States|Germany,ja
2025-12-31,5493006QMFDDMYWIAM13,"Banco Santander, S.A.",Spain,724500A1FNICHSDF2I11,ASN Bank N.V.,Netherlands,0.3981,0.0000,0.0000,,12,United Kingdom|Germany|France,ja
2025-12-31,5493006QMFDDMYWIAM13,"Banco Santander, S.A.",Spain,724500PMK2A2M1SQQ228,Triodos Bank N.V.,Netherlands,0.4073,0.0001,0.0001,1.0000,18,United Kingdom|Germany|France,ja
2025-12-31,5493006QMFDDMYWIAM13,"Banco Santander, S.A.",Spain,724500SF1CI8OD5AHI07,HCBG Holding B.V.,Netherlands,0.3537,0.0004,0.1821,0.0023,30,Germany|United Kingdom|France,ja
2025-12-31,5493006QMFDDMYWIAM13,"Banco Santander, S.A.",Spain,784F5XWPLTWKTBV3E584,Goldman Sachs Bank Europe SE,Germany,0.3520,0.0001,0.0002,0.3509,22,United Kingdom|France|Netherlands,ja
2025-12-31,5493006QMFDDMYWIAM13,"Banco Santander, S.A.",Spain,7CUNS533WID6K7DGFI87,"CaixaBank, S.A.",Spain,0.4268,0.0234,0.0555,0.4225,150,Portugal|United Kingdom|Germany,nein
2025-12-31,5493006QMFDDMYWIAM13,"Banco Santander, S.A.",Spain,7LTWFZYICNSX8D621K86,DEUTSCHE BANK AKTIENGESELLSCHAFT,Germany,0.3169,0.0248,0.1605,0.1547,88,United States|United Kingdom|Italy,ja
2025-12-31,5493006QMFDDMYWIAM13,"Banco Santander, S.A.",Spain,8156005420362AE59184,BANCA IFIS S.P.A. (OVVERO IFIS BANCA S.P.A. O IN FORMA ABBREVIATA IFIS S.P.A.),Italy,0.3082,0.0110,0.0896,0.1223,87,Germany|France|Poland,ja
2025-12-31,5493006QMFDDMYWIAM13,"Banco Santander, S.A.",Spain,81560087340FCB8D6D66,MEDIOCREDITO CENTRALE - BANCA DEL MEZZOGIORNO SPA,Italy,0.5276,0.0011,0.0261,0.0434,33,United Kingdom|Germany|United States,ja
2025-12-31,5493006QMFDDMYWIAM13,"Banco Santander, S.A.",Spain,815600AD83B2B6317788,CREDITO EMILIANO HOLDING SOCIETA' PER AZIONI,Italy,0.3662,0.0003,0.0007,0.3510,25,United Kingdom|United States|France,ja
2025-12-31,5493006QMFDDMYWIAM13,"Banco Santander, S.A.",Spain,815600E4E6DCD2D25E30,BANCO BPM SOCIETA' PER AZIONI,Italy,0.4130,0.0005,0.0023,0.2306,33,United Kingdom|Germany|France,ja
2025-12-31,5493006QMFDDMYWIAM13,"Banco Santander, S.A.",Spain,8I5DZWZKVSZI1NUHU748,J.P. Morgan SE,Germany,0.4481,0.0148,0.1131,0.1307,101,United Kingdom|United States|France,ja
2025-12-31,5493006QMFDDMYWIAM13,"Banco Santander, S.A.",Spain,95980020140005220135,"Caja Rural de Granada, Sociedad Cooperativa de Crédito",Spain,0.3600,0.0000,0.0008,0.0210,18,United Kingdom|Germany|France,nein
2025-12-31,5493006QMFDDMYWIAM13,"Banco Santander, S.A.",Spain,95980020140005881190,Banco de Crédito Social Cooperativo,Spain,0.3466,0.0003,0.0045,0.0587,27,Germany|United Kingdom|France,nein
2025-12-31,5493006QMFDDMYWIAM13,"Banco Santander, S.A.",Spain,969500F7JLTX36OUI695,RCI Banque,France,0.4692,0.0576,0.1146,0.5025,25,United Kingdom|Germany|Brazil,ja
2025-12-31,5493006QMFDDMYWIAM13,"Banco Santander, S.A.",Spain,969500TJ5KRTCJQWXH05,CRÉDIT AGRICOLE AUTO BANK S.P.A.,Italy,0.4991,0.0000,0.0020,0.0130,24,United Kingdom|Germany|France,ja
2025-12-31,5493006QMFDDMYWIAM13,"Banco Santander, S.A.",Spain,9DJT3UXIJIZJI4WXO774,Bank of America Europe Designated Activity Company,Ireland,0.5085,0.0103,0.0753,0.1363,63,United Kingdom|Germany|France,ja
2025-12-31,5493006QMFDDMYWIAM13,"Banco Santander, S.A.",Spain,A5GWLFH3KM7YV2SFQL84,Belfius Bank,Belgium,0.4927,0.0005,0.0128,0.0356,36,United Kingdom|United States|France,ja
2025-12-31,5493006QMFDDMYWIAM13,"Banco Santander, S.A.",Spain,B64D6Y3LBJS4ANNPCU93,NIBC Bank N.V.,Netherlands,0.4993,0.0000,0.0170,0.0004,14,United Kingdom|Germany|France,ja
2025-12-31,5493006QMFDDMYWIAM13,"Banco Santander, S.A.",Spain,BFXS5XCH7N0Y05NIXW11,ABN AMRO Bank N.V.,Netherlands,0.5340,0.0079,0.0868,0.0914,43,United Kingdom|Germany|United States,ja
2025-12-31,5493006QMFDDMYWIAM13,"Banco Santander, S.A.",Spain,DG3RU1DBUFHT4ZF9WN62,Coöperatieve Rabobank U.A.,Netherlands,0.4893,0.1080,0.1851,0.5837,121,United States|United Kingdom|Brazil,ja
2025-12-31,5493006QMFDDMYWIAM13,"Banco Santander, S.A.",Spain,DIZES5CFO5K3I5R58746,Landesbank Hessen-Thüringen Girozentrale,Germany,0.4379,0.0134,0.0460,0.2905,117,United Kingdom|United States|France,ja
2025-12-31,5493006QMFDDMYWIAM13,"Banco Santander, S.A.",Spain,DSNHHQ2B9X5N6OUJ1236,Norddeutsche Landesbank - Girozentrale -,Germany,0.4871,0.0146,0.0596,0.2443,67,United Kingdom|United States|France,ja
2025-12-31,5493006QMFDDMYWIAM13,"Banco Santander, S.A.",Spain,DZZ47B9A52ZJ6LT6VV95,Deutsche Pfandbriefbank AG,Germany,0.3528,0.0019,0.0064,0.2999,26,United Kingdom|United States|France,ja
2025-12-31,5493006QMFDDMYWIAM13,"Banco Santander, S.A.",Spain,J4CP7MHCXR8DAQMKIL78,MEDIOBANCA - BANCA DI CREDITO FINANZIARIO S.P.A.,Italy,0.4225,0.0038,0.0569,0.0664,45,United Kingdom|Germany|United States,ja
2025-12-31,5493006QMFDDMYWIAM13,"Banco Santander, S.A.",Spain,MLU0ZO3ML4LN2LL2TL39,HSBC Continental Europe,France,0.4122,0.0101,0.1276,0.0793,94,Germany|United Kingdom|United States,ja
2025-12-31,5493006QMFDDMYWIAM13,"Banco Santander, S.A.",Spain,N747OI7JINV7RUUH6190,BPER Banca S.p.A.,Italy,0.3193,0.0013,0.0209,0.0612,35,Germany|United Kingdom|France,ja
2025-12-31,5493006QMFDDMYWIAM13,"Banco Santander, S.A.",Spain,NHBDILHZTYCNBV5UYZ31,Svenska Handelsbanken - gruppen,Sweden,0.3128,0.0040,0.0054,0.7420,111,United Kingdom|United States|Netherlands,ja
2025-12-31,5493006QMFDDMYWIAM13,"Banco Santander, S.A.",Spain,O2RNE8IBXP4R0TD8PU41,Société générale S.A.,France,0.3196,0.0094,0.0264,0.3551,110,Germany|United Kingdom|Poland,ja
2025-12-31,5493006QMFDDMYWIAM13,"Banco Santander, S.A.",Spain,QLPCKOOKVX32FUELX240,Bank Polska Kasa Opieki S.A.,Poland,0.3228,0.0018,0.0714,0.0258,105,United Kingdom|Germany|United States,ja
2025-12-31,5493006QMFDDMYWIAM13,"Banco Santander, S.A.",Spain,R0MUWSFPU8MPRO8K5P83,BNP Paribas,France,0.3538,0.0039,0.0108,0.3603,115,United Kingdom|Germany|Poland,ja
2025-12-31,5493006QMFDDMYWIAM13,"Banco Santander, S.A.",Spain,SI5RG2M0WQQLZCXKRM20,"Banco de Sabadell, S.A.",Spain,0.3515,0.0003,0.0005,0.5266,28,United Kingdom|France|Germany,nein
2025-12-31,5493006QMFDDMYWIAM13,"Banco Santander, S.A.",Spain,TUKDD90GPC79G1KOE162,Hamburg Commercial Bank AG,Germany,0.3703,0.0088,0.1541,0.0569,40,United Kingdom|United States|France,ja
2025-12-31,5493006QMFDDMYWIAM13,"Banco Santander, S.A.",Spain,VDYMYTQGZZ6DU0912C88,Bayerische Landesbank,Germany,0.3353,0.0011,0.0041,0.2686,134,United Kingdom|France|Poland,ja
2025-12-31,5493006QMFDDMYWIAM13,"Banco Santander, S.A.",Spain,WFLLPEPC7FZXENRZV188,THE BANK OF NEW YORK MELLON,Belgium,0.3707,0.0073,0.0805,0.0906,58,Germany|United Kingdom|France,ja
2025-12-31,5493007BWYDPQZLZ0Y27,HYPO NOE Landesbank für Niederösterreich und Wien AG,Austria,5493008QOCP58OLEN998,Argenta Bank- en Verzekeringsgroep NV,Belgium,0.3144,0.0000,0.0002,0.1363,28,Netherlands|Germany|France,ja
2025-12-31,5493007BWYDPQZLZ0Y27,HYPO NOE Landesbank für Niederösterreich und Wien AG,Austria,549300DYPOFMXOR7XM56,Crelan,Belgium,0.5375,0.0002,0.0003,0.6335,28,Germany|Netherlands|France,ja
2025-12-31,5493007BWYDPQZLZ0Y27,HYPO NOE Landesbank für Niederösterreich und Wien AG,Austria,549300L7YCATGO57ZE10,FINECOBANK BANCA FINECO S.P.A. (IN BREVE FINECOBANK S.P.A. OVVERO BANCA FINECO S.P.A. OVVERO FINECO BANCA S.P.A.),Italy,0.3515,0.0002,0.0003,0.6059,28,France|Netherlands|Germany,ja
2025-12-31,5493007BWYDPQZLZ0Y27,HYPO NOE Landesbank für Niederösterreich und Wien AG,Austria,549300LYFYVPUCG6SY25,"Banco Cooperativo Español, S.A.",Spain,0.5007,0.0000,0.0000,,11,Germany|France|Netherlands,ja
2025-12-31,5493007BWYDPQZLZ0Y27,HYPO NOE Landesbank für Niederösterreich und Wien AG,Austria,549300NYKK9MWM7GGW15,ING Groep N.V.,Netherlands,0.3962,0.0002,0.0003,0.6342,28,Germany|Poland|France,ja
2025-12-31,5493007BWYDPQZLZ0Y27,HYPO NOE Landesbank für Niederösterreich und Wien AG,Austria,549300Q3OIWRHQUQM052,SpareBank 1 Sør-Norge,Norway,0.5314,0.0002,0.0003,0.5427,15,Germany|France|Netherlands,ja
2025-12-31,5493007BWYDPQZLZ0Y27,HYPO NOE Landesbank für Niederösterreich und Wien AG,Austria,549300TEJKOLFN65KR76,BNF Bank plc,Malta,0.4384,0.0000,0.0003,0.0000,12,Netherlands|France|Luxembourg,ja
2025-12-31,5493007BWYDPQZLZ0Y27,HYPO NOE Landesbank für Niederösterreich und Wien AG,Austria,549300TL5406IC1XKD09,Saxo Bank A/S,Denmark,0.4001,0.0002,0.0003,0.6335,26,Netherlands|Norway|Germany,ja
2025-12-31,5493007BWYDPQZLZ0Y27,HYPO NOE Landesbank für Niederösterreich und Wien AG,Austria,549300TRUWO2CD2G5692,"UNICREDIT, SOCIETA' PER AZIONI",Italy,0.4311,0.0001,0.0003,0.4158,28,Germany|France|Romania,ja
2025-12-31,5493007BWYDPQZLZ0Y27,HYPO NOE Landesbank für Niederösterreich und Wien AG,Austria,549300TTZTKBUFKWH890,The Cyprus Development Bank Public Company Ltd,Cyprus,0.3528,0.0000,0.0000,,4,Netherlands|France|United Kingdom,ja
2025-12-31,5493007BWYDPQZLZ0Y27,HYPO NOE Landesbank für Niederösterreich und Wien AG,Austria,549300X5UKJVE386ZB61,BANCA GENERALI - SOCIETA' PER AZIONI (IN FORMA ABBREVIATA GENERBANCA),Italy,0.3198,0.0000,0.0003,0.0268,26,Germany|France|Netherlands,ja
2025-12-31,5493007BWYDPQZLZ0Y27,HYPO NOE Landesbank für Niederösterreich und Wien AG,Austria,635400F6HLXKXNJJX605,EXIM BANCA ROMANEASCA S.A.,Romania,0.4916,0.0000,0.0000,0.2157,19,Germany|France|Poland,ja
2025-12-31,5493007BWYDPQZLZ0Y27,HYPO NOE Landesbank für Niederösterreich und Wien AG,Austria,636700HER4JIK7GZUN17,Klarna - Grupp,Sweden,0.3316,0.0000,0.0000,,6,Germany|Norway|Netherlands,ja
2025-12-31,5493007BWYDPQZLZ0Y27,HYPO NOE Landesbank für Niederösterreich und Wien AG,Austria,6SHGI4ZSSLCXXQSBB395,Citigroup Global Markets Europe AG,Germany,0.3693,0.0000,0.0003,0.0000,25,Poland|France|Netherlands,ja
2025-12-31,5493007BWYDPQZLZ0Y27,HYPO NOE Landesbank für Niederösterreich und Wien AG,Austria,724500A1FNICHSDF2I11,ASN Bank N.V.,Netherlands,0.4471,0.0000,0.0000,,12,Germany|France|Norway,ja
2025-12-31,5493007BWYDPQZLZ0Y27,HYPO NOE Landesbank für Niederösterreich und Wien AG,Austria,724500SF1CI8OD5AHI07,HCBG Holding B.V.,Netherlands,0.3904,0.0002,0.0003,0.6335,23,Germany|France|Romania,ja
2025-12-31,5493007BWYDPQZLZ0Y27,HYPO NOE Landesbank für Niederösterreich und Wien AG,Austria,7437003B5WFBOIEFY714,OP Osuuskunta,Finland,0.4643,0.0000,0.0002,0.0000,16,Germany|France|Norway,ja
2025-12-31,5493007BWYDPQZLZ0Y27,HYPO NOE Landesbank für Niederösterreich und Wien AG,Austria,7437005892K69S3MW344,Säästöpankkiliitto osk,Finland,0.3616,0.0000,0.0003,0.0000,13,France|Norway|Germany,ja
2025-12-31,5493007BWYDPQZLZ0Y27,HYPO NOE Landesbank für Niederösterreich und Wien AG,Austria,743700GC62JLHFBUND16,Aktia Bank Abp,Finland,0.5762,0.0000,0.0003,0.0000,18,Germany|France|Netherlands,ja
2025-12-31,5493007BWYDPQZLZ0Y27,HYPO NOE Landesbank für Niederösterreich und Wien AG,Austria,743700PW2HDTPU3YRJ31,POP Pankkikeskus osk,Finland,0.3641,0.0000,0.0003,0.0000,13,France|Germany|Norway,ja
2025-12-31,5493007BWYDPQZLZ0Y27,HYPO NOE Landesbank für Niederösterreich und Wien AG,Austria,8156003D79D064FB5360,CASSA LOMBARDA - S.P.A.,Italy,0.3552,0.0000,0.0003,0.0000,14,France|Germany|Norway,ja
2025-12-31,5493007BWYDPQZLZ0Y27,HYPO NOE Landesbank für Niederösterreich und Wien AG,Austria,8156005420362AE59184,BANCA IFIS S.P.A. (OVVERO IFIS BANCA S.P.A. O IN FORMA ABBREVIATA IFIS S.P.A.),Italy,0.3605,0.0003,0.0003,1.0000,28,France|Germany|Poland,ja
2025-12-31,5493007BWYDPQZLZ0Y27,HYPO NOE Landesbank für Niederösterreich und Wien AG,Austria,815600AD83B2B6317788,CREDITO EMILIANO HOLDING SOCIETA' PER AZIONI,Italy,0.3394,0.0000,0.0003,0.0000,21,France|Netherlands|Germany,ja
2025-12-31,5493007BWYDPQZLZ0Y27,HYPO NOE Landesbank für Niederösterreich und Wien AG,Austria,815600E4E6DCD2D25E30,BANCO BPM SOCIETA' PER AZIONI,Italy,0.4873,0.0000,0.0003,0.0000,20,Netherlands|Germany|France,ja
2025-12-31,5493007BWYDPQZLZ0Y27,HYPO NOE Landesbank für Niederösterreich und Wien AG,Austria,851WYGNLUQLFZBSYGB56,COMMERZBANK Aktiengesellschaft,Germany,0.3346,0.0000,0.0003,0.1404,27,Poland|France|Netherlands,ja
2025-12-31,5493007BWYDPQZLZ0Y27,HYPO NOE Landesbank für Niederösterreich und Wien AG,Austria,8I5DZWZKVSZI1NUHU748,J.P. Morgan SE,Germany,0.3475,0.0002,0.0003,0.6335,27,France|Netherlands|Luxembourg,ja
2025-12-31,5493007BWYDPQZLZ0Y27,HYPO NOE Landesbank für Niederösterreich und Wien AG,Austria,95980020140005220135,"Caja Rural de Granada, Sociedad Cooperativa de Crédito",Spain,0.5661,0.0000,0.0003,0.0000,13,Netherlands|Germany|France,ja
2025-12-31,5493007BWYDPQZLZ0Y27,HYPO NOE Landesbank für Niederösterreich und Wien AG,Austria,95980020140005439549,"Caja Rural de Navarra, S. Coop. de Crédito",Spain,0.6014,0.0000,0.0003,0.0000,17,Netherlands|Germany|France,ja
2025-12-31,5493007BWYDPQZLZ0Y27,HYPO NOE Landesbank für Niederösterreich und Wien AG,Austria,95980020140005484654,"Caja Rural de Albacete, Ciudad Real y Cuenca, Sociedad Cooperativa de Crédito",Spain,0.5224,0.0000,0.0000,,9,Netherlands|France|Germany,ja
2025-12-31,5493007BWYDPQZLZ0Y27,HYPO NOE Landesbank für Niederösterreich und Wien AG,Austria,95980020140005552166,"Eurocaja Rural, Sociedad Cooperativa de Crédito",Spain,0.4481,0.0001,0.0003,0.3665,18,Netherlands|France|Germany,ja
2025-12-31,5493007BWYDPQZLZ0Y27,HYPO NOE Landesbank für Niederösterreich und Wien AG,Austria,95980020140005881190,Banco de Crédito Social Cooperativo,Spain,0.5095,0.0000,0.0003,0.0000,19,Germany|France|Netherlands,ja
2025-12-31,5493007BWYDPQZLZ0Y27,HYPO NOE Landesbank für Niederösterreich und Wien AG,Austria,9695000CG7B84NLR5984,Confédération Nationale du Crédit Mutuel,France,0.3756,0.0000,0.0003,0.0907,26,Germany|Netherlands|Luxembourg,ja
2025-12-31,5493007BWYDPQZLZ0Y27,HYPO NOE Landesbank für Niederösterreich und Wien AG,Austria,969500TJ5KRTCJQWXH05,CRÉDIT AGRICOLE AUTO BANK S.P.A.,Italy,0.4870,0.0000,0.0003,0.0000,20,Germany|France|Netherlands,ja
2025-12-31,5493007BWYDPQZLZ0Y27,HYPO NOE Landesbank für Niederösterreich und Wien AG,Austria,9DJT3UXIJIZJI4WXO774,Bank of America Europe Designated Activity Company,Ireland,0.4261,0.0002,0.0003,0.6335,25,France|Germany|Netherlands,ja
2025-12-31,5493007BWYDPQZLZ0Y27,HYPO NOE Landesbank für Niederösterreich und Wien AG,Austria,A5GWLFH3KM7YV2SFQL84,Belfius Bank,Belgium,0.4115,0.0000,0.0003,0.0907,25,France|Netherlands|Germany,ja
2025-12-31,5493007BWYDPQZLZ0Y27,HYPO NOE Landesbank für Niederösterreich und Wien AG,Austria,AT0000000000043000VB,VOLKSBANK WIEN AG VB,Austria,0.5558,0.0000,0.0003,0.0490,29,Germany|France|Netherlands,nein
2025-12-31,5493007BWYDPQZLZ0Y27,HYPO NOE Landesbank für Niederösterreich und Wien AG,Austria,B64D6Y3LBJS4ANNPCU93,NIBC Bank N.V.,Netherlands,0.4204,0.0000,0.0003,0.0000,13,Germany|France|Norway,ja
2025-12-31,5493007BWYDPQZLZ0Y27,HYPO NOE Landesbank für Niederösterreich und Wien AG,Austria,BFXS5XCH7N0Y05NIXW11,ABN AMRO Bank N.V.,Netherlands,0.4192,0.0000,0.0003,0.0000,23,Germany|France|Norway,ja
2025-12-31,5493007BWYDPQZLZ0Y27,HYPO NOE Landesbank für Niederösterreich und Wien AG,Austria,DIZES5CFO5K3I5R58746,Landesbank Hessen-Thüringen Girozentrale,Germany,0.3723,0.0001,0.0003,0.3136,28,France|Poland|Netherlands,ja
2025-12-31,5493007BWYDPQZLZ0Y27,HYPO NOE Landesbank für Niederösterreich und Wien AG,Austria,DSNHHQ2B9X5N6OUJ1236,Norddeutsche Landesbank - Girozentrale -,Germany,0.3910,0.0001,0.0003,0.2539,25,Netherlands|France|Poland,ja
2025-12-31,5493007BWYDPQZLZ0Y27,HYPO NOE Landesbank für Niederösterreich und Wien AG,Austria,DZZ47B9A52ZJ6LT6VV95,Deutsche Pfandbriefbank AG,Germany,0.4698,0.0000,0.0003,0.0000,18,France|Poland|Netherlands,ja
2025-12-31,5493007BWYDPQZLZ0Y27,HYPO NOE Landesbank für Niederösterreich und Wien AG,Austria,I7ETN0QQO2AHZZGHJ389,KOMMUNALBANKEN AS,Norway,0.4233,0.0000,0.0000,,6,Germany|France|Netherlands,ja
2025-12-31,5493007BWYDPQZLZ0Y27,HYPO NOE Landesbank für Niederösterreich und Wien AG,Austria,J4CP7MHCXR8DAQMKIL78,MEDIOBANCA - BANCA DI CREDITO FINANZIARIO S.P.A.,Italy,0.3597,0.0000,0.0003,0.0907,25,France|Netherlands|Germany,ja
2025-12-31,5493007BWYDPQZLZ0Y27,HYPO NOE Landesbank für Niederösterreich und Wien AG,Austria,MLU0ZO3ML4LN2LL2TL39,HSBC Continental Europe,France,0.4295,0.0002,0.0003,0.6335,27,Germany|Netherlands|Luxembourg,ja
2025-12-31,5493007BWYDPQZLZ0Y27,HYPO NOE Landesbank für Niederösterreich und Wien AG,Austria,N747OI7JINV7RUUH6190,BPER Banca S.p.A.,Italy,0.5271,0.0000,0.0003,0.0000,20,Germany|France|Netherlands,ja
2025-12-31,5493007BWYDPQZLZ0Y27,HYPO NOE Landesbank für Niederösterreich und Wien AG,Austria,NNVPP80YIZGEY2314M97,ICCREA BANCA S.P.A. - ISTITUTO CENTRALE DEL CREDITO COOPERATIVO (IN FORMA ABBREVIATA: ICCREA BANCA S.P.A.),Italy,0.6925,0.0000,0.0003,0.0000,18,Netherlands|Germany|France,ja
2025-12-31,5493007BWYDPQZLZ0Y27,HYPO NOE Landesbank für Niederösterreich und Wien AG,Austria,O2RNE8IBXP4R0TD8PU41,Société générale S.A.,France,0.3678,0.0000,0.0003,0.0300,28,Germany|Netherlands|Romania,ja
2025-12-31,5493007BWYDPQZLZ0Y27,HYPO NOE Landesbank für Niederösterreich und Wien AG,Austria,P4GTT6GF1W40CVIMFR43,Powszechna Kasa Oszczednosci Bank Polski S.A.,Poland,0.4891,0.0002,0.0003,0.5453,28,Germany|Netherlands|France,ja
2025-12-31,5493007BWYDPQZLZ0Y27,HYPO NOE Landesbank für Niederösterreich und Wien AG,Austria,R0MUWSFPU8MPRO8K5P83,BNP Paribas,France,0.3243,0.0000,0.0003,0.0396,28,Germany|Poland|Netherlands,ja
2025-12-31,5493007BWYDPQZLZ0Y27,HYPO NOE Landesbank für Niederösterreich und Wien AG,Austria,R7CQUF1DQM73HUTV1078,"Banque et Caisse d´Epargne de l´Etat, Luxembourg",Luxembourg,0.6613,0.0000,0.0003,0.0000,19,Netherlands|Germany|France,ja
2025-12-31,5493007BWYDPQZLZ0Y27,HYPO NOE Landesbank für Niederösterreich und Wien AG,Austria,RRUN0TCQ1K2JDV7MXO75,Oberbank AG,Austria,0.3449,0.0000,0.0003,0.1363,28,Germany|Slovakia|Hungary,nein
2025-12-31,5493007BWYDPQZLZ0Y27,HYPO NOE Landesbank für Niederösterreich und Wien AG,Austria,TUKDD90GPC79G1KOE162,Hamburg Commercial Bank AG,Germany,0.3060,0.0002,0.0003,0.6335,21,Netherlands|France|Norway,ja
2025-12-31,5493007BWYDPQZLZ0Y27,HYPO NOE Landesbank für Niederösterreich und Wien AG,Austria,VDYMYTQGZZ6DU0912C88,Bayerische Landesbank,Germany,0.4382,0.0001,0.0003,0.1637,28,Netherlands|France|Poland,ja
2025-12-31,5493007BWYDPQZLZ0Y27,HYPO NOE Landesbank für Niederösterreich und Wien AG,Austria,WFLLPEPC7FZXENRZV188,THE BANK OF NEW YORK MELLON,Belgium,0.5140,0.0000,0.0003,0.0013,21,Netherlands|Germany|Norway,ja
2025-12-31,5493007SWCCN9S3J2748,Bigbank AS,Estonia,F3JS33DEI6XQ4ZBPTN86,Skandinaviska Enskilda Banken - gruppen,Sweden,0.3585,0.0000,0.0000,0.8835,22,Lithuania|Finland|Latvia,ja
2025-12-31,5493007SWCCN9S3J2748,Bigbank AS,Estonia,M312WZV08Y7LYUC71685,Swedbank - Grupp,Sweden,0.5045,0.0000,0.0000,0.0000,11,Lithuania|Latvia|Finland,ja
2025-12-31,5493008QOCP58OLEN998,Argenta Bank- en Verzekeringsgroep NV,Belgium,549300TTZTKBUFKWH890,The Cyprus Development Bank Public Company Ltd,Cyprus,0.4439,0.0000,0.0000,,5,Netherlands|France|United Kingdom,ja
2025-12-31,5493008QOCP58OLEN998,Argenta Bank- en Verzekeringsgroep NV,Belgium,95980020140005484654,"Caja Rural de Albacete, Ciudad Real y Cuenca, Sociedad Cooperativa de Crédito",Spain,0.4231,0.0000,0.0000,,10,Netherlands|Germany|France,ja
2025-12-31,5493008QOCP58OLEN998,Argenta Bank- en Verzekeringsgroep NV,Belgium,969500STN7T9MRUMJ267,Bpifrance,France,0.8081,0.0000,0.0002,0.2111,37,Netherlands|Luxembourg|Germany,ja
2025-12-31,5493008QOCP58OLEN998,Argenta Bank- en Verzekeringsgroep NV,Belgium,NNVPP80YIZGEY2314M97,ICCREA BANCA S.P.A. - ISTITUTO CENTRALE DEL CREDITO COOPERATIVO (IN FORMA ABBREVIATA: ICCREA BANCA S.P.A.),Italy,0.3148,0.0000,0.0002,0.0000,23,Netherlands|Germany|France,ja
2025-12-31,5493009EIBTCB1X12G89,LGT Group Foundation,Liechtenstein,549300GDPG70E3MBBU98,KfW Beteiligungsholding GmbH,Germany,0.4189,0.0694,0.2481,0.2798,70,United Kingdom|Australia|Switzerland,ja
2025-12-31,5493009EIBTCB1X12G89,LGT Group Foundation,Liechtenstein,549300NYKK9MWM7GGW15,ING Groep N.V.,Netherlands,0.3386,0.0554,0.0902,0.6145,118,Australia|United Kingdom|Ireland,ja
2025-12-31,5493009EIBTCB1X12G89,LGT Group Foundation,Liechtenstein,549300TK038P6EV4YU51,AB Artea bankas,Lithuania,0.3002,0.0000,0.0000,,8,Switzerland|United Kingdom|France,ja
2025-12-31,5493009EIBTCB1X12G89,LGT Group Foundation,Liechtenstein,724500973ODKK3IFQ447,Adyen N.V.,Netherlands,0.3288,0.0268,0.0428,0.6272,60,United Kingdom|Ireland|Australia,ja
2025-12-31,5493009EIBTCB1X12G89,LGT Group Foundation,Liechtenstein,7LTWFZYICNSX8D621K86,DEUTSCHE BANK AKTIENGESELLSCHAFT,Germany,0.3448,0.0930,0.1605,0.5794,84,United Kingdom|Cayman Islands|Luxembourg,ja
2025-12-31,5493009EIBTCB1X12G89,LGT Group Foundation,Liechtenstein,8156003D79D064FB5360,CASSA LOMBARDA - S.P.A.,Italy,0.3680,0.0000,0.0137,0.0003,18,Switzerland|United Kingdom|Germany,ja
2025-12-31,5493009EIBTCB1X12G89,LGT Group Foundation,Liechtenstein,8156005420362AE59184,BANCA IFIS S.P.A. (OVVERO IFIS BANCA S.P.A. O IN FORMA ABBREVIATA IFIS S.P.A.),Italy,0.3303,0.0093,0.0896,0.1038,76,Switzerland|United Kingdom|Ireland,ja
2025-12-31,5493009EIBTCB1X12G89,LGT Group Foundation,Liechtenstein,81560087340FCB8D6D66,MEDIOCREDITO CENTRALE - BANCA DEL MEZZOGIORNO SPA,Italy,0.3054,0.0098,0.0261,0.3755,34,United Kingdom|Switzerland|Luxembourg,ja
2025-12-31,5493009EIBTCB1X12G89,LGT Group Foundation,Liechtenstein,8I5DZWZKVSZI1NUHU748,J.P. Morgan SE,Germany,0.3514,0.0484,0.1131,0.4283,94,United Kingdom|Ireland|Luxembourg,ja
2025-12-31,5493009EIBTCB1X12G89,LGT Group Foundation,Liechtenstein,9598005U8TZQ8Q64SC71,LIBERTY PARTNERS S.L.U.,Spain,0.3023,0.0241,0.0241,1.0000,17,United Kingdom|Switzerland|Ireland,ja
2025-12-31,5493009EIBTCB1X12G89,LGT Group Foundation,Liechtenstein,969500TJ5KRTCJQWXH05,CRÉDIT AGRICOLE AUTO BANK S.P.A.,Italy,0.3240,0.0000,0.0020,0.0000,24,United Kingdom|Switzerland|Germany,ja
2025-12-31,5493009EIBTCB1X12G89,LGT Group Foundation,Liechtenstein,9DJT3UXIJIZJI4WXO774,Bank of America Europe Designated Activity Company,Ireland,0.3429,0.0173,0.0753,0.2303,64,United Kingdom|Switzerland|Luxembourg,ja
2025-12-31,5493009EIBTCB1X12G89,LGT Group Foundation,Liechtenstein,A5GWLFH3KM7YV2SFQL84,Belfius Bank,Belgium,0.3392,0.0079,0.0128,0.6181,37,United Kingdom|Australia|Luxembourg,ja
2025-12-31,5493009EIBTCB1X12G89,LGT Group Foundation,Liechtenstein,DG3RU1DBUFHT4ZF9WN62,Coöperatieve Rabobank U.A.,Netherlands,0.3352,0.0444,0.1851,0.2401,101,United Kingdom|Australia|Germany,ja
2025-12-31,5493009EIBTCB1X12G89,LGT Group Foundation,Liechtenstein,DIZES5CFO5K3I5R58746,Landesbank Hessen-Thüringen Girozentrale,Germany,0.3316,0.0241,0.0460,0.5239,100,United Kingdom|Luxembourg|Austria,ja
2025-12-31,5493009EIBTCB1X12G89,LGT Group Foundation,Liechtenstein,DSNHHQ2B9X5N6OUJ1236,Norddeutsche Landesbank - Girozentrale -,Germany,0.3444,0.0189,0.0596,0.3173,63,United Kingdom|Ireland|Luxembourg,ja
2025-12-31,5493009EIBTCB1X12G89,LGT Group Foundation,Liechtenstein,J4CP7MHCXR8DAQMKIL78,MEDIOBANCA - BANCA DI CREDITO FINANZIARIO S.P.A.,Italy,0.3142,0.0107,0.0569,0.1886,45,United Kingdom|Ireland|Luxembourg,ja
2025-12-31,5493009EIBTCB1X12G89,LGT Group Foundation,Liechtenstein,QLPCKOOKVX32FUELX240,Bank Polska Kasa Opieki S.A.,Poland,0.3572,0.0069,0.0714,0.0972,89,United Kingdom|Austria|Ireland,ja
2025-12-31,5493009EIBTCB1X12G89,LGT Group Foundation,Liechtenstein,WFLLPEPC7FZXENRZV188,THE BANK OF NEW YORK MELLON,Belgium,0.3077,0.0200,0.0805,0.2484,56,United Kingdom|Austria|Ireland,ja
2025-12-31,549300DYPOFMXOR7XM56,Crelan,Belgium,549300EHNXQVOI120S55,Coop Pank AS,Estonia,0.4530,0.0001,0.0040,0.0270,16,France|Switzerland|Spain,ja
2025-12-31,549300DYPOFMXOR7XM56,Crelan,Belgium,549300L7YCATGO57ZE10,FINECOBANK BANCA FINECO S.P.A. (IN BREVE FINECOBANK S.P.A. OVVERO BANCA FINECO S.P.A. OVVERO FINECO BANCA S.P.A.),Italy,0.5485,0.0022,0.0160,0.1407,84,France|Netherlands|Germany,ja
2025-12-31,549300DYPOFMXOR7XM56,Crelan,Belgium,549300LYFYVPUCG6SY25,"Banco Cooperativo Español, S.A.",Spain,0.6378,0.0000,0.0000,,12,France|Germany|Netherlands,ja
2025-12-31,549300DYPOFMXOR7XM56,Crelan,Belgium,549300NYKK9MWM7GGW15,ING Groep N.V.,Netherlands,0.3298,0.0129,0.0244,0.5290,102,Germany|Luxembourg|France,ja
2025-12-31,549300DYPOFMXOR7XM56,Crelan,Belgium,549300O3WME82RDPEN66,Swissquote Bank Europe S.A,Luxembourg,0.4781,0.0000,0.0000,,7,France|Germany|United Kingdom,ja
2025-12-31,549300DYPOFMXOR7XM56,Crelan,Belgium,549300Q3OIWRHQUQM052,SpareBank 1 Sør-Norge,Norway,0.4674,0.0010,0.0014,0.6734,23,Germany|France|Netherlands,ja
2025-12-31,549300DYPOFMXOR7XM56,Crelan,Belgium,549300TEJKOLFN65KR76,BNF Bank plc,Malta,0.4639,0.0001,0.0244,0.0057,16,Netherlands|France|Luxembourg,ja
2025-12-31,549300DYPOFMXOR7XM56,Crelan,Belgium,549300TL5406IC1XKD09,Saxo Bank A/S,Denmark,0.3379,0.0112,0.0244,0.4579,55,Netherlands|Luxembourg|Germany,ja
2025-12-31,549300DYPOFMXOR7XM56,Crelan,Belgium,549300TRUWO2CD2G5692,"UNICREDIT, SOCIETA' PER AZIONI",Italy,0.3327,0.0048,0.0244,0.1951,87,Germany|France|Netherlands,ja
2025-12-31,549300DYPOFMXOR7XM56,Crelan,Belgium,549300TTZTKBUFKWH890,The Cyprus Development Bank Public Company Ltd,Cyprus,0.3287,0.0000,0.0000,,5,Netherlands|France|United Kingdom,ja
2025-12-31,549300DYPOFMXOR7XM56,Crelan,Belgium,549300UARE5MHTBUPJ19,Promontoria 19 Coöperatie U.A.,Netherlands,0.4578,0.0047,0.0244,0.1929,98,France|United Kingdom|United States,ja
2025-12-31,549300DYPOFMXOR7XM56,Crelan,Belgium,549300X5UKJVE386ZB61,BANCA GENERALI - SOCIETA' PER AZIONI (IN FORMA ABBREVIATA GENERBANCA),Italy,0.3059,0.0005,0.0029,0.1668,38,Germany|France|Netherlands,ja
2025-12-31,549300DYPOFMXOR7XM56,Crelan,Belgium,635400F6HLXKXNJJX605,EXIM BANCA ROMANEASCA S.A.,Romania,0.3545,0.0000,0.0000,1.0000,29,Germany|France|United States,ja
2025-12-31,549300DYPOFMXOR7XM56,Crelan,Belgium,724500A1FNICHSDF2I11,ASN Bank N.V.,Netherlands,0.5490,0.0000,0.0000,,12,France|Germany|Luxembourg,ja
2025-12-31,549300DYPOFMXOR7XM56,Crelan,Belgium,7437003B5WFBOIEFY714,OP Osuuskunta,Finland,0.3504,0.0002,0.0002,0.7323,23,Germany|France|Netherlands,ja
2025-12-31,549300DYPOFMXOR7XM56,Crelan,Belgium,7437005892K69S3MW344,Säästöpankkiliitto osk,Finland,0.3396,0.0000,0.0023,0.0067,16,France|Luxembourg|Germany,ja
2025-12-31,549300DYPOFMXOR7XM56,Crelan,Belgium,743700GC62JLHFBUND16,Aktia Bank Abp,Finland,0.4738,0.0003,0.0244,0.0108,24,France|Germany|Netherlands,ja
2025-12-31,549300DYPOFMXOR7XM56,Crelan,Belgium,8156003D79D064FB5360,CASSA LOMBARDA - S.P.A.,Italy,0.3241,0.0000,0.0137,0.0015,18,France|Germany|Switzerland,ja
2025-12-31,549300DYPOFMXOR7XM56,Crelan,Belgium,8156005420362AE59184,BANCA IFIS S.P.A. (OVVERO IFIS BANCA S.P.A. O IN FORMA ABBREVIATA IFIS S.P.A.),Italy,0.4273,0.0092,0.0244,0.3746,70,France|Luxembourg|Germany,ja
2025-12-31,549300DYPOFMXOR7XM56,Crelan,Belgium,81560062CEAE87A85C80,AREPO BP S.P.A.,Italy,0.3120,0.0029,0.0244,0.1190,17,Luxembourg|Netherlands|France,ja
2025-12-31,549300DYPOFMXOR7XM56,Crelan,Belgium,81560087340FCB8D6D66,MEDIOCREDITO CENTRALE - BANCA DEL MEZZOGIORNO SPA,Italy,0.3088,0.0030,0.0244,0.1237,30,Luxembourg|Germany|France,ja
2025-12-31,549300DYPOFMXOR7XM56,Crelan,Belgium,815600AD83B2B6317788,CREDITO EMILIANO HOLDING SOCIETA' PER AZIONI,Italy,0.6084,0.0004,0.0007,0.5457,25,France|Netherlands|Luxembourg,ja
2025-12-31,549300DYPOFMXOR7XM56,Crelan,Belgium,815600E4E6DCD2D25E30,BANCO BPM SOCIETA' PER AZIONI,Italy,0.5942,0.0009,0.0023,0.3897,30,France|Netherlands|Germany,ja
2025-12-31,549300DYPOFMXOR7XM56,Crelan,Belgium,8I5DZWZKVSZI1NUHU748,J.P. Morgan SE,Germany,0.4002,0.0082,0.0244,0.3375,70,France|Netherlands|Luxembourg,ja
2025-12-31,549300DYPOFMXOR7XM56,Crelan,Belgium,95980020140005220135,"Caja Rural de Granada, Sociedad Cooperativa de Crédito",Spain,0.7175,0.0004,0.0008,0.5334,17,France|Netherlands|Germany,ja
2025-12-31,549300DYPOFMXOR7XM56,Crelan,Belgium,95980020140005439549,"Caja Rural de Navarra, S. Coop. de Crédito",Spain,0.7630,0.0004,0.0063,0.0661,19,France|Netherlands|Germany,ja
2025-12-31,549300DYPOFMXOR7XM56,Crelan,Belgium,95980020140005484654,"Caja Rural de Albacete, Ciudad Real y Cuenca, Sociedad Cooperativa de Crédito",Spain,0.7485,0.0000,0.0000,,10,France|Netherlands|Germany,ja
2025-12-31,549300DYPOFMXOR7XM56,Crelan,Belgium,95980020140005552166,"Eurocaja Rural, Sociedad Cooperativa de Crédito",Spain,0.7080,0.0017,0.0244,0.0698,33,France|Netherlands|Germany,ja
2025-12-31,549300DYPOFMXOR7XM56,Crelan,Belgium,95980020140005881190,Banco de Crédito Social Cooperativo,Spain,0.5296,0.0004,0.0045,0.0901,25,Germany|Luxembourg|France,ja
2025-12-31,549300DYPOFMXOR7XM56,Crelan,Belgium,9598005U8TZQ8Q64SC71,LIBERTY PARTNERS S.L.U.,Spain,0.3148,0.0019,0.0241,0.0806,16,France|Luxembourg|Switzerland,ja
2025-12-31,549300DYPOFMXOR7XM56,Crelan,Belgium,9695000CG7B84NLR5984,Confédération Nationale du Crédit Mutuel,France,0.3676,0.0018,0.0130,0.1359,40,Germany|Luxembourg|Netherlands,ja
2025-12-31,549300DYPOFMXOR7XM56,Crelan,Belgium,969500STN7T9MRUMJ267,Bpifrance,France,0.3164,0.0038,0.0244,0.1554,32,Netherlands|Luxembourg|Switzerland,ja
2025-12-31,549300DYPOFMXOR7XM56,Crelan,Belgium,969500TJ5KRTCJQWXH05,CRÉDIT AGRICOLE AUTO BANK S.P.A.,Italy,0.4451,0.0002,0.0020,0.0744,23,Germany|France|Netherlands,ja
2025-12-31,549300DYPOFMXOR7XM56,Crelan,Belgium,9DJT3UXIJIZJI4WXO774,Bank of America Europe Designated Activity Company,Ireland,0.5370,0.0078,0.0244,0.3206,52,France|Luxembourg|Germany,ja
2025-12-31,549300DYPOFMXOR7XM56,Crelan,Belgium,A5GWLFH3KM7YV2SFQL84,Belfius Bank,Belgium,0.5229,0.0008,0.0128,0.0588,35,France|Netherlands|Luxembourg,nein
2025-12-31,549300DYPOFMXOR7XM56,Crelan,Belgium,AT0000000000043000VB,VOLKSBANK WIEN AG VB,Austria,0.5379,0.0009,0.0047,0.1932,58,France|Germany|Netherlands,ja
2025-12-31,549300DYPOFMXOR7XM56,Crelan,Belgium,B64D6Y3LBJS4ANNPCU93,NIBC Bank N.V.,Netherlands,0.3718,0.0000,0.0170,0.0009,14,Germany|France|Luxembourg,ja
2025-12-31,549300DYPOFMXOR7XM56,Crelan,Belgium,BFXS5XCH7N0Y05NIXW11,ABN AMRO Bank N.V.,Netherlands,0.4844,0.0032,0.0244,0.1292,39,France|Germany|Luxembourg,ja
2025-12-31,549300DYPOFMXOR7XM56,Crelan,Belgium,DIZES5CFO5K3I5R58746,Landesbank Hessen-Thüringen Girozentrale,Germany,0.3424,0.0078,0.0244,0.3178,83,France|Luxembourg|Netherlands,ja
2025-12-31,549300DYPOFMXOR7XM56,Crelan,Belgium,DSNHHQ2B9X5N6OUJ1236,Norddeutsche Landesbank - Girozentrale -,Germany,0.4265,0.0058,0.0244,0.2357,53,France|Netherlands|Luxembourg,ja
2025-12-31,549300DYPOFMXOR7XM56,Crelan,Belgium,DZZ47B9A52ZJ6LT6VV95,Deutsche Pfandbriefbank AG,Germany,0.3921,0.0003,0.0064,0.0521,19,France|Netherlands|Luxembourg,ja
2025-12-31,549300DYPOFMXOR7XM56,Crelan,Belgium,I7ETN0QQO2AHZZGHJ389,KOMMUNALBANKEN AS,Norway,0.4460,0.0000,0.0000,,6,France|Germany|Netherlands,ja
2025-12-31,549300DYPOFMXOR7XM56,Crelan,Belgium,J4CP7MHCXR8DAQMKIL78,MEDIOBANCA - BANCA DI CREDITO FINANZIARIO S.P.A.,Italy,0.4820,0.0038,0.0244,0.1552,42,France|Luxembourg|Netherlands,ja
2025-12-31,549300DYPOFMXOR7XM56,Crelan,Belgium,MLU0ZO3ML4LN2LL2TL39,HSBC Continental Europe,France,0.4665,0.0063,0.0244,0.2560,71,Germany|Luxembourg|Netherlands,ja
2025-12-31,549300DYPOFMXOR7XM56,Crelan,Belgium,N747OI7JINV7RUUH6190,BPER Banca S.p.A.,Italy,0.7385,0.0038,0.0209,0.1802,32,France|Germany|Luxembourg,ja
2025-12-31,549300DYPOFMXOR7XM56,Crelan,Belgium,NNVPP80YIZGEY2314M97,ICCREA BANCA S.P.A. - ISTITUTO CENTRALE DEL CREDITO COOPERATIVO (IN FORMA ABBREVIATA: ICCREA BANCA S.P.A.),Italy,0.6809,0.0000,0.0074,0.0021,23,France|Germany|Netherlands,ja
2025-12-31,549300DYPOFMXOR7XM56,Crelan,Belgium,O2RNE8IBXP4R0TD8PU41,Société générale S.A.,France,0.3368,0.0006,0.0244,0.0252,87,Germany|Luxembourg|Netherlands,ja
2025-12-31,549300DYPOFMXOR7XM56,Crelan,Belgium,P4GTT6GF1W40CVIMFR43,Powszechna Kasa Oszczednosci Bank Polski S.A.,Poland,0.4429,0.0015,0.0244,0.0599,90,Germany|Netherlands|France,ja
2025-12-31,549300DYPOFMXOR7XM56,Crelan,Belgium,QLPCKOOKVX32FUELX240,Bank Polska Kasa Opieki S.A.,Poland,0.3307,0.0012,0.0244,0.0491,79,Luxembourg|Germany|Netherlands,ja
2025-12-31,549300DYPOFMXOR7XM56,Crelan,Belgium,R7CQUF1DQM73HUTV1078,"Banque et Caisse d´Epargne de l´Etat, Luxembourg",Luxembourg,0.5871,0.0000,0.0047,0.0034,25,France|Netherlands|Germany,ja
2025-12-31,549300DYPOFMXOR7XM56,Crelan,Belgium,TUKDD90GPC79G1KOE162,Hamburg Commercial Bank AG,Germany,0.3347,0.0013,0.0244,0.0534,30,Luxembourg|Netherlands|France,ja
2025-12-31,549300DYPOFMXOR7XM56,Crelan,Belgium,VDYMYTQGZZ6DU0912C88,Bayerische Landesbank,Germany,0.5505,0.0009,0.0041,0.2238,96,France|Netherlands|Luxembourg,ja
2025-12-31,549300DYPOFMXOR7XM56,Crelan,Belgium,WFLLPEPC7FZXENRZV188,THE BANK OF NEW YORK MELLON,Belgium,0.4694,0.0033,0.0244,0.1361,49,Netherlands|Germany|Luxembourg,nein
2025-12-31,549300EHNXQVOI120S55,Coop Pank AS,Estonia,549300L7YCATGO57ZE10,FINECOBANK BANCA FINECO S.P.A. (IN BREVE FINECOBANK S.P.A. OVVERO BANCA FINECO S.P.A. OVVERO FINECO BANCA S.P.A.),Italy,0.3054,0.0001,0.0040,0.0148,20,France|Switzerland|Spain,ja
2025-12-31,549300EHNXQVOI120S55,Coop Pank AS,Estonia,549300O3WME82RDPEN66,Swissquote Bank Europe S.A,Luxembourg,0.5111,0.0000,0.0000,,5,France|Belgium|Germany,ja
2025-12-31,549300EHNXQVOI120S55,Coop Pank AS,Estonia,549300TK038P6EV4YU51,AB Artea bankas,Lithuania,0.4096,0.0000,0.0000,,6,Switzerland|France|Latvia,ja
2025-12-31,549300EHNXQVOI120S55,Coop Pank AS,Estonia,549300UARE5MHTBUPJ19,Promontoria 19 Coöperatie U.A.,Netherlands,0.5039,0.0000,0.0040,0.0026,19,France|Spain|Switzerland,ja
2025-12-31,549300EHNXQVOI120S55,Coop Pank AS,Estonia,549300UY81ESCZJ0GR95,First Investment Bank,Bulgaria,0.3125,0.0003,0.0040,0.0798,7,Switzerland|Ukraine|Germany,ja
2025-12-31,549300EHNXQVOI120S55,Coop Pank AS,Estonia,8156003D79D064FB5360,CASSA LOMBARDA - S.P.A.,Italy,0.4987,0.0000,0.0040,0.0000,12,Switzerland|France|Finland,ja
2025-12-31,549300EHNXQVOI120S55,Coop Pank AS,Estonia,815600AD83B2B6317788,CREDITO EMILIANO HOLDING SOCIETA' PER AZIONI,Italy,0.4050,0.0000,0.0007,0.0000,12,France|Spain|Belgium,ja
2025-12-31,549300EHNXQVOI120S55,Coop Pank AS,Estonia,95980020140005220135,"Caja Rural de Granada, Sociedad Cooperativa de Crédito",Spain,0.3366,0.0001,0.0008,0.1372,10,France|Belgium|Sweden,ja
2025-12-31,549300EHNXQVOI120S55,Coop Pank AS,Estonia,95980020140005439549,"Caja Rural de Navarra, S. Coop. de Crédito",Spain,0.4164,0.0000,0.0040,0.0000,9,France|Belgium|Sweden,ja
2025-12-31,549300EHNXQVOI120S55,Coop Pank AS,Estonia,95980020140005484654,"Caja Rural de Albacete, Ciudad Real y Cuenca, Sociedad Cooperativa de Crédito",Spain,0.3897,0.0000,0.0000,,8,France|Belgium|Sweden,ja
2025-12-31,549300EHNXQVOI120S55,Coop Pank AS,Estonia,95980020140005552166,"Eurocaja Rural, Sociedad Cooperativa de Crédito",Spain,0.4823,0.0000,0.0040,0.0000,12,France|Finland|Belgium,ja
2025-12-31,549300EHNXQVOI120S55,Coop Pank AS,Estonia,969500TJ5KRTCJQWXH05,CRÉDIT AGRICOLE AUTO BANK S.P.A.,Italy,0.3103,0.0000,0.0020,0.0000,13,France|Switzerland|Finland,ja
2025-12-31,549300EHNXQVOI120S55,Coop Pank AS,Estonia,DZZ47B9A52ZJ6LT6VV95,Deutsche Pfandbriefbank AG,Germany,0.3060,0.0000,0.0040,0.0000,12,France|Finland|Belgium,ja
2025-12-31,549300EHNXQVOI120S55,Coop Pank AS,Estonia,N747OI7JINV7RUUH6190,BPER Banca S.p.A.,Italy,0.3287,0.0001,0.0040,0.0270,14,France|Belgium|Spain,ja
2025-12-31,549300GDPG70E3MBBU98,KfW Beteiligungsholding GmbH,Germany,549300GKFG0RYRRQ1414,DNB BANK ASA,Norway,0.4465,0.0060,0.0060,1.0000,22,United Kingdom|United States|Luxembourg,ja
2025-12-31,549300GDPG70E3MBBU98,KfW Beteiligungsholding GmbH,Germany,549300IQZVZ949N37S44,Euroclear Holding,Belgium,0.3082,0.0281,0.1349,0.2084,48,United Kingdom|France|Sweden,ja
2025-12-31,549300GDPG70E3MBBU98,KfW Beteiligungsholding GmbH,Germany,549300L7YCATGO57ZE10,FINECOBANK BANCA FINECO S.P.A. (IN BREVE FINECOBANK S.P.A. OVVERO BANCA FINECO S.P.A. OVVERO FINECO BANCA S.P.A.),Italy,0.4297,0.0048,0.0160,0.2979,72,United Kingdom|United States|Netherlands,ja
2025-12-31,549300GDPG70E3MBBU98,KfW Beteiligungsholding GmbH,Germany,549300NYKK9MWM7GGW15,ING Groep N.V.,Netherlands,0.4251,0.0429,0.0902,0.4755,74,United States|Australia|Luxembourg,ja
2025-12-31,549300GDPG70E3MBBU98,KfW Beteiligungsholding GmbH,Germany,549300RG3H390KEL8896,Banca Transilvania,Romania,0.3297,0.0060,0.2481,0.0243,47,United States|France|Luxembourg,ja
2025-12-31,549300GDPG70E3MBBU98,KfW Beteiligungsholding GmbH,Germany,549300TEJKOLFN65KR76,BNF Bank plc,Malta,0.4081,0.0111,0.0404,0.2740,15,United States|Netherlands|France,ja
2025-12-31,549300GDPG70E3MBBU98,KfW Beteiligungsholding GmbH,Germany,549300TK038P6EV4YU51,AB Artea bankas,Lithuania,0.3555,0.0000,0.0000,,6,United Kingdom|United States|Netherlands,ja
2025-12-31,549300GDPG70E3MBBU98,KfW Beteiligungsholding GmbH,Germany,549300TL5406IC1XKD09,Saxo Bank A/S,Denmark,0.3962,0.0357,0.0967,0.3688,48,Netherlands|Luxembourg|Canada,ja
2025-12-31,549300GDPG70E3MBBU98,KfW Beteiligungsholding GmbH,Germany,635400AKJBGNS5WNQL34,AIB Group plc,Ireland,0.3974,0.0038,0.0353,0.1077,56,United Kingdom|United States|France,ja
2025-12-31,549300GDPG70E3MBBU98,KfW Beteiligungsholding GmbH,Germany,636700HER4JIK7GZUN17,Klarna - Grupp,Sweden,0.3001,0.0000,0.0000,,5,United Kingdom|United States|Netherlands,ja
2025-12-31,549300GDPG70E3MBBU98,KfW Beteiligungsholding GmbH,Germany,6SHGI4ZSSLCXXQSBB395,Citigroup Global Markets Europe AG,Germany,0.3948,0.0028,0.0052,0.5456,45,United Kingdom|Netherlands|France,nein
2025-12-31,549300GDPG70E3MBBU98,KfW Beteiligungsholding GmbH,Germany,724500973ODKK3IFQ447,Adyen N.V.,Netherlands,0.4018,0.0336,0.0428,0.7847,48,United Kingdom|United States|Canada,ja
2025-12-31,549300GDPG70E3MBBU98,KfW Beteiligungsholding GmbH,Germany,724500A1FNICHSDF2I11,ASN Bank N.V.,Netherlands,0.3245,0.0000,0.0000,,12,United Kingdom|France|Luxembourg,ja
2025-12-31,549300GDPG70E3MBBU98,KfW Beteiligungsholding GmbH,Germany,724500SF1CI8OD5AHI07,HCBG Holding B.V.,Netherlands,0.3034,0.0381,0.1821,0.2092,23,United Kingdom|France|United States,ja
2025-12-31,549300GDPG70E3MBBU98,KfW Beteiligungsholding GmbH,Germany,784F5XWPLTWKTBV3E584,Goldman Sachs Bank Europe SE,Germany,0.3143,0.0002,0.0002,1.0000,22,United Kingdom|Netherlands|France,nein
2025-12-31,549300GDPG70E3MBBU98,KfW Beteiligungsholding GmbH,Germany,7CUNS533WID6K7DGFI87,"CaixaBank, S.A.",Spain,0.3474,0.0260,0.0555,0.4687,75,United Kingdom|France|United States,ja
2025-12-31,549300GDPG70E3MBBU98,KfW Beteiligungsholding GmbH,Germany,7LTWFZYICNSX8D621K86,DEUTSCHE BANK AKTIENGESELLSCHAFT,Germany,0.4520,0.0645,0.1605,0.4020,62,United States|United Kingdom|Luxembourg,nein
2025-12-31,549300GDPG70E3MBBU98,KfW Beteiligungsholding GmbH,Germany,8156003D79D064FB5360,CASSA LOMBARDA - S.P.A.,Italy,0.3375,0.0111,0.0137,0.8092,18,France|United Kingdom|Switzerland,ja
2025-12-31,549300GDPG70E3MBBU98,KfW Beteiligungsholding GmbH,Germany,8156005420362AE59184,BANCA IFIS S.P.A. (OVVERO IFIS BANCA S.P.A. O IN FORMA ABBREVIATA IFIS S.P.A.),Italy,0.4083,0.0571,0.0896,0.6373,58,France|Luxembourg|United States,ja
2025-12-31,549300GDPG70E3MBBU98,KfW Beteiligungsholding GmbH,Germany,81560062CEAE87A85C80,AREPO BP S.P.A.,Italy,0.3195,0.0157,0.0417,0.3767,17,Netherlands|Luxembourg|United Kingdom,ja
2025-12-31,549300GDPG70E3MBBU98,KfW Beteiligungsholding GmbH,Germany,81560087340FCB8D6D66,MEDIOCREDITO CENTRALE - BANCA DEL MEZZOGIORNO SPA,Italy,0.3933,0.0229,0.0261,0.8794,28,United Kingdom|United States|Luxembourg,ja
2025-12-31,549300GDPG70E3MBBU98,KfW Beteiligungsholding GmbH,Germany,815600AD83B2B6317788,CREDITO EMILIANO HOLDING SOCIETA' PER AZIONI,Italy,0.4430,0.0007,0.0007,1.0000,21,United Kingdom|United States|Netherlands,ja
2025-12-31,549300GDPG70E3MBBU98,KfW Beteiligungsholding GmbH,Germany,815600E4E6DCD2D25E30,BANCO BPM SOCIETA' PER AZIONI,Italy,0.3705,0.0022,0.0023,0.9324,25,United Kingdom|Netherlands|France,ja
2025-12-31,549300GDPG70E3MBBU98,KfW Beteiligungsholding GmbH,Germany,851WYGNLUQLFZBSYGB56,COMMERZBANK Aktiengesellschaft,Germany,0.3145,0.0364,0.0916,0.3979,49,France|Netherlands|Luxembourg,nein
2025-12-31,549300GDPG70E3MBBU98,KfW Beteiligungsholding GmbH,Germany,8I5DZWZKVSZI1NUHU748,J.P. Morgan SE,Germany,0.5798,0.0210,0.1131,0.1858,66,United Kingdom|United States|Netherlands,nein
2025-12-31,549300GDPG70E3MBBU98,KfW Beteiligungsholding GmbH,Germany,95980020140005220135,"Caja Rural de Granada, Sociedad Cooperativa de Crédito",Spain,0.3459,0.0006,0.0008,0.7701,15,United Kingdom|Netherlands|France,ja
2025-12-31,549300GDPG70E3MBBU98,KfW Beteiligungsholding GmbH,Germany,95980020140005552166,"Eurocaja Rural, Sociedad Cooperativa de Crédito",Spain,0.3442,0.0021,0.0577,0.0364,29,Netherlands|France|Luxembourg,ja
2025-12-31,549300GDPG70E3MBBU98,KfW Beteiligungsholding GmbH,Germany,95980020140005881190,Banco de Crédito Social Cooperativo,Spain,0.4120,0.0045,0.0045,1.0000,21,United Kingdom|Netherlands|France,ja
2025-12-31,549300GDPG70E3MBBU98,KfW Beteiligungsholding GmbH,Germany,9598005U8TZQ8Q64SC71,LIBERTY PARTNERS S.L.U.,Spain,0.3600,0.0241,0.0241,1.0000,16,United Kingdom|France|Luxembourg,ja
2025-12-31,549300GDPG70E3MBBU98,KfW Beteiligungsholding GmbH,Germany,9695000CG7B84NLR5984,Confédération Nationale du Crédit Mutuel,France,0.3543,0.0101,0.0130,0.7781,37,United Kingdom|Netherlands|Luxembourg,ja
2025-12-31,549300GDPG70E3MBBU98,KfW Beteiligungsholding GmbH,Germany,9695005MSX1OYEMGDF46,Natixis,France,0.3671,0.0444,0.0781,0.5683,67,United States|Luxembourg|United Kingdom,ja
2025-12-31,549300GDPG70E3MBBU98,KfW Beteiligungsholding GmbH,Germany,969500TJ5KRTCJQWXH05,CRÉDIT AGRICOLE AUTO BANK S.P.A.,Italy,0.3825,0.0008,0.0020,0.3792,21,United Kingdom|France|Switzerland,ja
2025-12-31,549300GDPG70E3MBBU98,KfW Beteiligungsholding GmbH,Germany,9DJT3UXIJIZJI4WXO774,Bank of America Europe Designated Activity Company,Ireland,0.4917,0.0269,0.0753,0.3572,51,United Kingdom|Netherlands|France,ja
2025-12-31,549300GDPG70E3MBBU98,KfW Beteiligungsholding GmbH,Germany,A5GWLFH3KM7YV2SFQL84,Belfius Bank,Belgium,0.5242,0.0096,0.0128,0.7480,31,United Kingdom|Netherlands|United States,ja
2025-12-31,549300GDPG70E3MBBU98,KfW Beteiligungsholding GmbH,Germany,AT0000000000043000VB,VOLKSBANK WIEN AG VB,Austria,0.3236,0.0006,0.0047,0.1225,54,Netherlands|France|Canada,ja
2025-12-31,549300GDPG70E3MBBU98,KfW Beteiligungsholding GmbH,Germany,B64D6Y3LBJS4ANNPCU93,NIBC Bank N.V.,Netherlands,0.3803,0.0111,0.0170,0.6512,14,United Kingdom|France|Luxembourg,ja
2025-12-31,549300GDPG70E3MBBU98,KfW Beteiligungsholding GmbH,Germany,BFXS5XCH7N0Y05NIXW11,ABN AMRO Bank N.V.,Netherlands,0.4051,0.0144,0.0868,0.1655,36,United Kingdom|United States|France,ja
2025-12-31,549300GDPG70E3MBBU98,KfW Beteiligungsholding GmbH,Germany,DG3RU1DBUFHT4ZF9WN62,Coöperatieve Rabobank U.A.,Netherlands,0.5161,0.0601,0.1851,0.3246,71,United States|United Kingdom|Australia,ja
2025-12-31,549300GDPG70E3MBBU98,KfW Beteiligungsholding GmbH,Germany,DIZES5CFO5K3I5R58746,Landesbank Hessen-Thüringen Girozentrale,Germany,0.5961,0.0355,0.0460,0.7703,69,United Kingdom|United States|France,nein
2025-12-31,549300GDPG70E3MBBU98,KfW Beteiligungsholding GmbH,Germany,DSNHHQ2B9X5N6OUJ1236,Norddeutsche Landesbank - Girozentrale -,Germany,0.5457,0.0128,0.0596,0.2144,47,United Kingdom|United States|Netherlands,nein
2025-12-31,549300GDPG70E3MBBU98,KfW Beteiligungsholding GmbH,Germany,DZZ47B9A52ZJ6LT6VV95,Deutsche Pfandbriefbank AG,Germany,0.4665,0.0017,0.0064,0.2637,21,United Kingdom|United States|Netherlands,nein
2025-12-31,549300GDPG70E3MBBU98,KfW Beteiligungsholding GmbH,Germany,J4CP7MHCXR8DAQMKIL78,MEDIOBANCA - BANCA DI CREDITO FINANZIARIO S.P.A.,Italy,0.4400,0.0207,0.0569,0.3634,37,United Kingdom|Netherlands|France,ja
2025-12-31,549300GDPG70E3MBBU98,KfW Beteiligungsholding GmbH,Germany,MLU0ZO3ML4LN2LL2TL39,HSBC Continental Europe,France,0.4510,0.0177,0.1276,0.1386,62,United Kingdom|Netherlands|United States,ja
2025-12-31,549300GDPG70E3MBBU98,KfW Beteiligungsholding GmbH,Germany,N747OI7JINV7RUUH6190,BPER Banca S.p.A.,Italy,0.3836,0.0090,0.0209,0.4325,27,United Kingdom|Netherlands|France,ja
2025-12-31,549300GDPG70E3MBBU98,KfW Beteiligungsholding GmbH,Germany,O2RNE8IBXP4R0TD8PU41,Société générale S.A.,France,0.3898,0.0172,0.0264,0.6516,64,United Kingdom|Netherlands|Luxembourg,ja
2025-12-31,549300GDPG70E3MBBU98,KfW Beteiligungsholding GmbH,Germany,P4GTT6GF1W40CVIMFR43,Powszechna Kasa Oszczednosci Bank Polski S.A.,Poland,0.3476,0.0158,0.2067,0.0766,68,Netherlands|France|Luxembourg,ja
2025-12-31,549300GDPG70E3MBBU98,KfW Beteiligungsholding GmbH,Germany,QLPCKOOKVX32FUELX240,Bank Polska Kasa Opieki S.A.,Poland,0.3980,0.0126,0.0714,0.1763,64,United Kingdom|Netherlands|Luxembourg,ja
2025-12-31,549300GDPG70E3MBBU98,KfW Beteiligungsholding GmbH,Germany,R0MUWSFPU8MPRO8K5P83,BNP Paribas,France,0.3220,0.0093,0.0108,0.8641,68,United Kingdom|Luxembourg|Netherlands,ja
2025-12-31,549300GDPG70E3MBBU98,KfW Beteiligungsholding GmbH,Germany,R7CQUF1DQM73HUTV1078,"Banque et Caisse d´Epargne de l´Etat, Luxembourg",Luxembourg,0.3557,0.0000,0.0047,0.0055,21,Netherlands|France|Australia,ja
2025-12-31,549300GDPG70E3MBBU98,KfW Beteiligungsholding GmbH,Germany,TUKDD90GPC79G1KOE162,Hamburg Commercial Bank AG,Germany,0.5879,0.0142,0.1541,0.0920,36,United Kingdom|United States|Netherlands,nein
2025-12-31,549300GDPG70E3MBBU98,KfW Beteiligungsholding GmbH,Germany,VDYMYTQGZZ6DU0912C88,Bayerische Landesbank,Germany,0.3913,0.0020,0.0041,0.4870,74,United Kingdom|Netherlands|France,nein
2025-12-31,549300GDPG70E3MBBU98,KfW Beteiligungsholding GmbH,Germany,WFLLPEPC7FZXENRZV188,THE BANK OF NEW YORK MELLON,Belgium,0.4005,0.0220,0.0805,0.2731,43,United Kingdom|Netherlands|Luxembourg,ja
2025-12-31,549300GKFG0RYRRQ1414,DNB BANK ASA,Norway,549300IQZVZ949N37S44,Euroclear Holding,Belgium,0.3385,0.0000,0.0060,0.0000,17,Sweden|United Kingdom|Finland,ja
2025-12-31,549300GKFG0RYRRQ1414,DNB BANK ASA,Norway,549300L7YCATGO57ZE10,FINECOBANK BANCA FINECO S.P.A. (IN BREVE FINECOBANK S.P.A. OVVERO BANCA FINECO S.P.A. OVVERO FINECO BANCA S.P.A.),Italy,0.4106,0.0000,0.0060,0.0052,27,United States|United Kingdom|Luxembourg,ja
2025-12-31,549300GKFG0RYRRQ1414,DNB BANK ASA,Norway,549300NYKK9MWM7GGW15,ING Groep N.V.,Netherlands,0.3140,0.0004,0.0060,0.0587,27,United States|Luxembourg|United Kingdom,ja
2025-12-31,549300GKFG0RYRRQ1414,DNB BANK ASA,Norway,549300PZMFIQR79Q0T97,Íslandsbanki hf.,Iceland,0.3176,0.0000,0.0000,,4,Sweden|Denmark|Australia,ja
2025-12-31,549300GKFG0RYRRQ1414,DNB BANK ASA,Norway,549300SXM92LQ05OJQ76,Sparebank 1 Nord-Norge SPA,Norway,0.4465,0.0000,0.0021,0.0000,12,Sweden|Denmark|Finland,nein
2025-12-31,549300GKFG0RYRRQ1414,DNB BANK ASA,Norway,549300TEJKOLFN65KR76,BNF Bank plc,Malta,0.3230,0.0057,0.0060,0.9458,11,United States|Luxembourg|Finland,ja
2025-12-31,549300GKFG0RYRRQ1414,DNB BANK ASA,Norway,549300TK038P6EV4YU51,AB Artea bankas,Lithuania,0.3022,0.0000,0.0000,,7,United States|United Kingdom|Netherlands,ja
2025-12-31,549300GKFG0RYRRQ1414,DNB BANK ASA,Norway,549300TLZPT6JELDWM92,Landsbankinn hf.,Iceland,0.4852,0.0000,0.0000,,15,Sweden|Denmark|Luxembourg,ja
2025-12-31,549300GKFG0RYRRQ1414,DNB BANK ASA,Norway,5967007LIEEXZX5PU005,Sparebanken Møre SPA,Norway,0.5523,0.0025,0.0060,0.4144,9,Sweden|United Kingdom|Denmark,nein
2025-12-31,549300GKFG0RYRRQ1414,DNB BANK ASA,Norway,5967007LIEEXZX8UHK11,SPAREBANK 1 SOGN OG FJORDANE,Norway,0.3006,0.0000,0.0011,0.0042,19,Sweden|Denmark|Finland,nein
2025-12-31,549300GKFG0RYRRQ1414,DNB BANK ASA,Norway,635400AKJBGNS5WNQL34,AIB Group plc,Ireland,0.4119,0.0000,0.0060,0.0038,26,United States|United Kingdom|Netherlands,ja
2025-12-31,549300GKFG0RYRRQ1414,DNB BANK ASA,Norway,636700HER4JIK7GZUN17,Klarna - Grupp,Sweden,0.3747,0.0000,0.0000,,5,United States|United Kingdom|Netherlands,ja
2025-12-31,549300GKFG0RYRRQ1414,DNB BANK ASA,Norway,724500973ODKK3IFQ447,Adyen N.V.,Netherlands,0.3933,0.0007,0.0060,0.1209,27,United States|United Kingdom|Australia,ja
2025-12-31,549300GKFG0RYRRQ1414,DNB BANK ASA,Norway,7437003B5WFBOIEFY714,OP Osuuskunta,Finland,0.3177,0.0002,0.0002,0.6667,21,Sweden|Netherlands|Lithuania,ja
2025-12-31,549300GKFG0RYRRQ1414,DNB BANK ASA,Norway,7437005892K69S3MW344,Säästöpankkiliitto osk,Finland,0.4064,0.0023,0.0023,1.0000,15,Sweden|Luxembourg|Denmark,ja
2025-12-31,549300GKFG0RYRRQ1414,DNB BANK ASA,Norway,7437006WYM821IJ3MN73,Ålandsbanken Abp,Finland,0.4611,0.0000,0.0000,0.0000,10,Sweden|Denmark|Germany,ja
2025-12-31,549300GKFG0RYRRQ1414,DNB BANK ASA,Norway,743700PW2HDTPU3YRJ31,POP Pankkikeskus osk,Finland,0.4302,0.0006,0.0006,1.0000,16,Sweden|Denmark|Luxembourg,ja
2025-12-31,549300GKFG0RYRRQ1414,DNB BANK ASA,Norway,7LTWFZYICNSX8D621K86,DEUTSCHE BANK AKTIENGESELLSCHAFT,Germany,0.4140,0.0003,0.0060,0.0574,27,United States|Luxembourg|United Kingdom,ja
2025-12-31,549300GKFG0RYRRQ1414,DNB BANK ASA,Norway,7V6Z97IO7R1SEAO84Q32,SpareBank 1 SMN,Norway,0.4877,0.0000,0.0046,0.0090,17,Sweden|Denmark|Finland,nein
2025-12-31,549300GKFG0RYRRQ1414,DNB BANK ASA,Norway,81560087340FCB8D6D66,MEDIOCREDITO CENTRALE - BANCA DEL MEZZOGIORNO SPA,Italy,0.3173,0.0000,0.0060,0.0008,15,United Kingdom|United States|Luxembourg,ja
2025-12-31,549300GKFG0RYRRQ1414,DNB BANK ASA,Norway,815600AD83B2B6317788,CREDITO EMILIANO HOLDING SOCIETA' PER AZIONI,Italy,0.4074,0.0003,0.0007,0.4106,23,United States|United Kingdom|Luxembourg,ja
2025-12-31,549300GKFG0RYRRQ1414,DNB BANK ASA,Norway,8I5DZWZKVSZI1NUHU748,J.P. Morgan SE,Germany,0.4243,0.0003,0.0060,0.0542,26,United States|United Kingdom|Luxembourg,ja
2025-12-31,549300GKFG0RYRRQ1414,DNB BANK ASA,Norway,95980020140005881190,Banco de Crédito Social Cooperativo,Spain,0.3136,0.0044,0.0045,0.9803,25,United Kingdom|Luxembourg|Netherlands,ja
2025-12-31,549300GKFG0RYRRQ1414,DNB BANK ASA,Norway,9695005MSX1OYEMGDF46,Natixis,France,0.3610,0.0003,0.0060,0.0548,27,United States|Luxembourg|United Kingdom,ja
2025-12-31,549300GKFG0RYRRQ1414,DNB BANK ASA,Norway,9DJT3UXIJIZJI4WXO774,Bank of America Europe Designated Activity Company,Ireland,0.3229,0.0001,0.0060,0.0212,21,United Kingdom|Luxembourg|Netherlands,ja
2025-12-31,549300GKFG0RYRRQ1414,DNB BANK ASA,Norway,A5GWLFH3KM7YV2SFQL84,Belfius Bank,Belgium,0.3588,0.0003,0.0060,0.0565,26,United Kingdom|Luxembourg|United States,ja
2025-12-31,549300GKFG0RYRRQ1414,DNB BANK ASA,Norway,BFXS5XCH7N0Y05NIXW11,ABN AMRO Bank N.V.,Netherlands,0.3121,0.0002,0.0060,0.0389,25,United Kingdom|Luxembourg|United States,ja
2025-12-31,549300GKFG0RYRRQ1414,DNB BANK ASA,Norway,DG3RU1DBUFHT4ZF9WN62,Coöperatieve Rabobank U.A.,Netherlands,0.3980,0.0013,0.0060,0.2114,27,United States|United Kingdom|Australia,ja
2025-12-31,549300GKFG0RYRRQ1414,DNB BANK ASA,Norway,DIZES5CFO5K3I5R58746,Landesbank Hessen-Thüringen Girozentrale,Germany,0.5160,0.0003,0.0060,0.0575,27,United States|United Kingdom|Luxembourg,ja
2025-12-31,549300GKFG0RYRRQ1414,DNB BANK ASA,Norway,DSNHHQ2B9X5N6OUJ1236,Norddeutsche Landesbank - Girozentrale -,Germany,0.4553,0.0002,0.0060,0.0343,23,United States|United Kingdom|Luxembourg,ja
2025-12-31,549300GKFG0RYRRQ1414,DNB BANK ASA,Norway,DZZ47B9A52ZJ6LT6VV95,Deutsche Pfandbriefbank AG,Germany,0.4006,0.0000,0.0060,0.0000,15,United Kingdom|United States|Sweden,ja
2025-12-31,549300GKFG0RYRRQ1414,DNB BANK ASA,Norway,J4CP7MHCXR8DAQMKIL78,MEDIOBANCA - BANCA DI CREDITO FINANZIARIO S.P.A.,Italy,0.3217,0.0003,0.0060,0.0511,27,United Kingdom|Luxembourg|United States,ja
2025-12-31,549300GKFG0RYRRQ1414,DNB BANK ASA,Norway,MAES062Z21O4RZ2U7M96,Danske Bank A/S,Denmark,0.5650,0.0017,0.0017,1.0000,15,Sweden|United Kingdom|Finland,ja
2025-12-31,549300GKFG0RYRRQ1414,DNB BANK ASA,Norway,MLU0ZO3ML4LN2LL2TL39,HSBC Continental Europe,France,0.3534,0.0003,0.0060,0.0542,27,United Kingdom|Luxembourg|United States,ja
2025-12-31,549300GKFG0RYRRQ1414,DNB BANK ASA,Norway,O2RNE8IBXP4R0TD8PU41,Société générale S.A.,France,0.3100,0.0003,0.0060,0.0497,27,United Kingdom|Luxembourg|Netherlands,ja
2025-12-31,549300GKFG0RYRRQ1414,DNB BANK ASA,Norway,TUKDD90GPC79G1KOE162,Hamburg Commercial Bank AG,Germany,0.4164,0.0000,0.0060,0.0000,16,United States|United Kingdom|Luxembourg,ja
2025-12-31,549300IQZVZ949N37S44,Euroclear Holding,Belgium,549300L7YCATGO57ZE10,FINECOBANK BANCA FINECO S.P.A. (IN BREVE FINECOBANK S.P.A. OVVERO BANCA FINECO S.P.A. OVVERO FINECO BANCA S.P.A.),Italy,0.3724,0.0005,0.0160,0.0327,65,France|United Kingdom|Spain,ja
2025-12-31,549300IQZVZ949N37S44,Euroclear Holding,Belgium,549300O3WME82RDPEN66,Swissquote Bank Europe S.A,Luxembourg,0.3530,0.0000,0.0000,,6,France|United Kingdom|Netherlands,ja
2025-12-31,549300IQZVZ949N37S44,Euroclear Holding,Belgium,549300Q3OIWRHQUQM052,SpareBank 1 Sør-Norge,Norway,0.3114,0.0000,0.0014,0.0018,18,France|Sweden|Finland,ja
2025-12-31,549300IQZVZ949N37S44,Euroclear Holding,Belgium,5967007LIEEXZX5PU005,Sparebanken Møre SPA,Norway,0.5215,0.0025,0.0702,0.0357,13,United Kingdom|Sweden|Switzerland,ja
2025-12-31,549300IQZVZ949N37S44,Euroclear Holding,Belgium,635400AKJBGNS5WNQL34,AIB Group plc,Ireland,0.4405,0.0003,0.0353,0.0072,50,United Kingdom|France|Spain,ja
2025-12-31,549300IQZVZ949N37S44,Euroclear Holding,Belgium,635400C8EK6DRI12LJ39,Bank of Ireland Group plc,Ireland,0.3925,0.0002,0.0138,0.0132,57,United Kingdom|France|Spain,ja
2025-12-31,549300IQZVZ949N37S44,Euroclear Holding,Belgium,6SHGI4ZSSLCXXQSBB395,Citigroup Global Markets Europe AG,Germany,0.3303,0.0028,0.0052,0.5499,35,United Kingdom|France|Sweden,ja
2025-12-31,549300IQZVZ949N37S44,Euroclear Holding,Belgium,724500973ODKK3IFQ447,Adyen N.V.,Netherlands,0.3812,0.0052,0.0428,0.1209,37,United Kingdom|France|Sweden,ja
2025-12-31,549300IQZVZ949N37S44,Euroclear Holding,Belgium,724500A1FNICHSDF2I11,ASN Bank N.V.,Netherlands,0.4038,0.0000,0.0000,,12,France|United Kingdom|Spain,ja
2025-12-31,549300IQZVZ949N37S44,Euroclear Holding,Belgium,724500PMK2A2M1SQQ228,Triodos Bank N.V.,Netherlands,0.4164,0.0001,0.0001,1.0000,18,United Kingdom|Spain|France,ja
2025-12-31,549300IQZVZ949N37S44,Euroclear Holding,Belgium,7437003B5WFBOIEFY714,OP Osuuskunta,Finland,0.3075,0.0001,0.0002,0.3335,18,Sweden|France|Luxembourg,ja
2025-12-31,549300IQZVZ949N37S44,Euroclear Holding,Belgium,7437005892K69S3MW344,Säästöpankkiliitto osk,Finland,0.4533,0.0000,0.0023,0.0000,12,France|Sweden|Spain,ja
2025-12-31,549300IQZVZ949N37S44,Euroclear Holding,Belgium,743700PW2HDTPU3YRJ31,POP Pankkikeskus osk,Finland,0.3850,0.0000,0.0006,0.0000,12,Sweden|France|Spain,ja
2025-12-31,549300IQZVZ949N37S44,Euroclear Holding,Belgium,784F5XWPLTWKTBV3E584,Goldman Sachs Bank Europe SE,Germany,0.4652,0.0001,0.0002,0.3136,17,United Kingdom|France|Luxembourg,ja
2025-12-31,549300IQZVZ949N37S44,Euroclear Holding,Belgium,8156003D79D064FB5360,CASSA LOMBARDA - S.P.A.,Italy,0.3730,0.0000,0.0137,0.0003,16,France|Spain|United Kingdom,ja
2025-12-31,549300IQZVZ949N37S44,Euroclear Holding,Belgium,81560087340FCB8D6D66,MEDIOCREDITO CENTRALE - BANCA DEL MEZZOGIORNO SPA,Italy,0.3923,0.0032,0.0261,0.1216,25,United Kingdom|France|Switzerland,ja
2025-12-31,549300IQZVZ949N37S44,Euroclear Holding,Belgium,815600AD83B2B6317788,CREDITO EMILIANO HOLDING SOCIETA' PER AZIONI,Italy,0.4704,0.0000,0.0007,0.0001,18,France|United Kingdom|Spain,ja
2025-12-31,549300IQZVZ949N37S44,Euroclear Holding,Belgium,815600E4E6DCD2D25E30,BANCO BPM SOCIETA' PER AZIONI,Italy,0.4391,0.0006,0.0023,0.2467,19,United Kingdom|France|Spain,ja
2025-12-31,549300IQZVZ949N37S44,Euroclear Holding,Belgium,8I5DZWZKVSZI1NUHU748,J.P. Morgan SE,Germany,0.4488,0.0213,0.1131,0.1886,59,France|United Kingdom|Spain,ja
2025-12-31,549300IQZVZ949N37S44,Euroclear Holding,Belgium,95980020140005220135,"Caja Rural de Granada, Sociedad Cooperativa de Crédito",Spain,0.3539,0.0008,0.0008,0.9970,12,France|United Kingdom|Luxembourg,ja
2025-12-31,549300IQZVZ949N37S44,Euroclear Holding,Belgium,9598005U8TZQ8Q64SC71,LIBERTY PARTNERS S.L.U.,Spain,0.3346,0.0008,0.0241,0.0318,15,France|United Kingdom|Sweden,ja
2025-12-31,549300IQZVZ949N37S44,Euroclear Holding,Belgium,969500TJ5KRTCJQWXH05,CRÉDIT AGRICOLE AUTO BANK S.P.A.,Italy,0.5288,0.0000,0.0020,0.0002,19,United Kingdom|France|Spain,ja
2025-12-31,549300IQZVZ949N37S44,Euroclear Holding,Belgium,9DJT3UXIJIZJI4WXO774,Bank of America Europe Designated Activity Company,Ireland,0.4629,0.0024,0.0753,0.0313,45,United Kingdom|France|Spain,ja
2025-12-31,549300IQZVZ949N37S44,Euroclear Holding,Belgium,A5GWLFH3KM7YV2SFQL84,Belfius Bank,Belgium,0.5260,0.0001,0.0128,0.0087,25,United Kingdom|France|Spain,nein
2025-12-31,549300IQZVZ949N37S44,Euroclear Holding,Belgium,B64D6Y3LBJS4ANNPCU93,NIBC Bank N.V.,Netherlands,0.5534,0.0000,0.0170,0.0000,13,United Kingdom|France|Spain,ja
2025-12-31,549300IQZVZ949N37S44,Euroclear Holding,Belgium,BFXS5XCH7N0Y05NIXW11,ABN AMRO Bank N.V.,Netherlands,0.4982,0.0051,0.0868,0.0591,29,United Kingdom|France|Sweden,ja
2025-12-31,549300IQZVZ949N37S44,Euroclear Holding,Belgium,DIZES5CFO5K3I5R58746,Landesbank Hessen-Thüringen Girozentrale,Germany,0.3912,0.0055,0.0460,0.1198,62,France|United Kingdom|Sweden,ja
2025-12-31,549300IQZVZ949N37S44,Euroclear Holding,Belgium,DSNHHQ2B9X5N6OUJ1236,Norddeutsche Landesbank - Girozentrale -,Germany,0.4102,0.0038,0.0596,0.0638,44,United Kingdom|France|Spain,ja
2025-12-31,549300IQZVZ949N37S44,Euroclear Holding,Belgium,DZZ47B9A52ZJ6LT6VV95,Deutsche Pfandbriefbank AG,Germany,0.4955,0.0000,0.0064,0.0015,21,France|United Kingdom|Sweden,ja
2025-12-31,549300IQZVZ949N37S44,Euroclear Holding,Belgium,J4CP7MHCXR8DAQMKIL78,MEDIOBANCA - BANCA DI CREDITO FINANZIARIO S.P.A.,Italy,0.4766,0.0006,0.0569,0.0103,28,United Kingdom|France|Spain,ja
2025-12-31,549300IQZVZ949N37S44,Euroclear Holding,Belgium,MAES062Z21O4RZ2U7M96,Danske Bank A/S,Denmark,0.3581,0.0000,0.0017,0.0000,12,Sweden|United Kingdom|France,ja
2025-12-31,549300IQZVZ949N37S44,Euroclear Holding,Belgium,N747OI7JINV7RUUH6190,BPER Banca S.p.A.,Italy,0.3876,0.0017,0.0209,0.0792,20,France|United Kingdom|Spain,ja
2025-12-31,549300IQZVZ949N37S44,Euroclear Holding,Belgium,NHBDILHZTYCNBV5UYZ31,Svenska Handelsbanken - gruppen,Sweden,0.3258,0.0008,0.0054,0.1413,60,United Kingdom|Finland|United States,ja
2025-12-31,549300IQZVZ949N37S44,Euroclear Holding,Belgium,NNVPP80YIZGEY2314M97,ICCREA BANCA S.P.A. - ISTITUTO CENTRALE DEL CREDITO COOPERATIVO (IN FORMA ABBREVIATA: ICCREA BANCA S.P.A.),Italy,0.3235,0.0000,0.0074,0.0000,13,France|Spain|Sweden,ja
2025-12-31,549300IQZVZ949N37S44,Euroclear Holding,Belgium,R7CQUF1DQM73HUTV1078,"Banque et Caisse d´Epargne de l´Etat, Luxembourg",Luxembourg,0.3419,0.0000,0.0047,0.0001,16,France|Sweden|United Kingdom,ja
2025-12-31,549300IQZVZ949N37S44,Euroclear Holding,Belgium,SI5RG2M0WQQLZCXKRM20,"Banco de Sabadell, S.A.",Spain,0.3731,0.0000,0.0005,0.0040,17,United Kingdom|France|Luxembourg,ja
2025-12-31,549300IQZVZ949N37S44,Euroclear Holding,Belgium,VDYMYTQGZZ6DU0912C88,Bayerische Landesbank,Germany,0.4331,0.0004,0.0041,0.1037,64,France|United Kingdom|Spain,ja
2025-12-31,549300L7YCATGO57ZE10,FINECOBANK BANCA FINECO S.P.A. (IN BREVE FINECOBANK S.P.A. OVVERO BANCA FINECO S.P.A. OVVERO FINECO BANCA S.P.A.),Italy,549300LYFYVPUCG6SY25,"Banco Cooperativo Español, S.A.",Spain,0.5816,0.0000,0.0000,,13,France|Netherlands|Ireland,ja
2025-12-31,549300L7YCATGO57ZE10,FINECOBANK BANCA FINECO S.P.A. (IN BREVE FINECOBANK S.P.A. OVVERO BANCA FINECO S.P.A. OVVERO FINECO BANCA S.P.A.),Italy,549300NYKK9MWM7GGW15,ING Groep N.V.,Netherlands,0.4154,0.0120,0.0160,0.7497,137,United States|Germany|Ireland,ja
2025-12-31,549300L7YCATGO57ZE10,FINECOBANK BANCA FINECO S.P.A. (IN BREVE FINECOBANK S.P.A. OVVERO BANCA FINECO S.P.A. OVVERO FINECO BANCA S.P.A.),Italy,549300O3WME82RDPEN66,Swissquote Bank Europe S.A,Luxembourg,0.4420,0.0000,0.0000,,8,France|United Kingdom|Germany,ja
2025-12-31,549300L7YCATGO57ZE10,FINECOBANK BANCA FINECO S.P.A. (IN BREVE FINECOBANK S.P.A. OVVERO BANCA FINECO S.P.A. OVVERO FINECO BANCA S.P.A.),Italy,549300Q3OIWRHQUQM052,SpareBank 1 Sør-Norge,Norway,0.3574,0.0008,0.0014,0.5353,24,France|Netherlands|Germany,ja
2025-12-31,549300L7YCATGO57ZE10,FINECOBANK BANCA FINECO S.P.A. (IN BREVE FINECOBANK S.P.A. OVVERO BANCA FINECO S.P.A. OVVERO FINECO BANCA S.P.A.),Italy,549300RG3H390KEL8896,Banca Transilvania,Romania,0.3299,0.0004,0.0160,0.0263,77,France|United States|Germany,ja
2025-12-31,549300L7YCATGO57ZE10,FINECOBANK BANCA FINECO S.P.A. (IN BREVE FINECOBANK S.P.A. OVVERO BANCA FINECO S.P.A. OVVERO FINECO BANCA S.P.A.),Italy,549300TEJKOLFN65KR76,BNF Bank plc,Malta,0.4751,0.0000,0.0160,0.0022,16,France|United States|Netherlands,ja
2025-12-31,549300L7YCATGO57ZE10,FINECOBANK BANCA FINECO S.P.A. (IN BREVE FINECOBANK S.P.A. OVVERO BANCA FINECO S.P.A. OVVERO FINECO BANCA S.P.A.),Italy,549300TK038P6EV4YU51,AB Artea bankas,Lithuania,0.4445,0.0000,0.0000,,8,France|United States|United Kingdom,ja
2025-12-31,549300L7YCATGO57ZE10,FINECOBANK BANCA FINECO S.P.A. (IN BREVE FINECOBANK S.P.A. OVVERO BANCA FINECO S.P.A. OVVERO FINECO BANCA S.P.A.),Italy,549300TTZTKBUFKWH890,The Cyprus Development Bank Public Company Ltd,Cyprus,0.4534,0.0000,0.0000,,5,France|United Kingdom|Netherlands,ja
2025-12-31,549300L7YCATGO57ZE10,FINECOBANK BANCA FINECO S.P.A. (IN BREVE FINECOBANK S.P.A. OVVERO BANCA FINECO S.P.A. OVVERO FINECO BANCA S.P.A.),Italy,549300UARE5MHTBUPJ19,Promontoria 19 Coöperatie U.A.,Netherlands,0.3117,0.0012,0.0160,0.0749,130,France|United Kingdom|United States,ja
2025-12-31,549300L7YCATGO57ZE10,FINECOBANK BANCA FINECO S.P.A. (IN BREVE FINECOBANK S.P.A. OVVERO BANCA FINECO S.P.A. OVVERO FINECO BANCA S.P.A.),Italy,635400AKJBGNS5WNQL34,AIB Group plc,Ireland,0.5100,0.0098,0.0160,0.6104,83,United States|United Kingdom|France,ja
2025-12-31,549300L7YCATGO57ZE10,FINECOBANK BANCA FINECO S.P.A. (IN BREVE FINECOBANK S.P.A. OVVERO BANCA FINECO S.P.A. OVVERO FINECO BANCA S.P.A.),Italy,636700HER4JIK7GZUN17,Klarna - Grupp,Sweden,0.4580,0.0000,0.0000,,6,United States|United Kingdom|Germany,ja
2025-12-31,549300L7YCATGO57ZE10,FINECOBANK BANCA FINECO S.P.A. (IN BREVE FINECOBANK S.P.A. OVVERO BANCA FINECO S.P.A. OVVERO FINECO BANCA S.P.A.),Italy,6SHGI4ZSSLCXXQSBB395,Citigroup Global Markets Europe AG,Germany,0.3176,0.0012,0.0052,0.2366,55,United Kingdom|France|Netherlands,ja
2025-12-31,549300L7YCATGO57ZE10,FINECOBANK BANCA FINECO S.P.A. (IN BREVE FINECOBANK S.P.A. OVVERO BANCA FINECO S.P.A. OVVERO FINECO BANCA S.P.A.),Italy,724500973ODKK3IFQ447,Adyen N.V.,Netherlands,0.4409,0.0015,0.0160,0.0915,59,United States|United Kingdom|Ireland,ja
2025-12-31,549300L7YCATGO57ZE10,FINECOBANK BANCA FINECO S.P.A. (IN BREVE FINECOBANK S.P.A. OVVERO BANCA FINECO S.P.A. OVVERO FINECO BANCA S.P.A.),Italy,724500A1FNICHSDF2I11,ASN Bank N.V.,Netherlands,0.4911,0.0000,0.0000,,12,France|United Kingdom|Germany,ja
2025-12-31,549300L7YCATGO57ZE10,FINECOBANK BANCA FINECO S.P.A. (IN BREVE FINECOBANK S.P.A. OVVERO BANCA FINECO S.P.A. OVVERO FINECO BANCA S.P.A.),Italy,7437005892K69S3MW344,Säästöpankkiliitto osk,Finland,0.3222,0.0000,0.0023,0.0000,16,France|Germany|Luxembourg,ja
2025-12-31,549300L7YCATGO57ZE10,FINECOBANK BANCA FINECO S.P.A. (IN BREVE FINECOBANK S.P.A. OVVERO BANCA FINECO S.P.A. OVVERO FINECO BANCA S.P.A.),Italy,743700GC62JLHFBUND16,Aktia Bank Abp,Finland,0.3928,0.0000,0.0160,0.0003,26,France|Netherlands|Germany,ja
2025-12-31,549300L7YCATGO57ZE10,FINECOBANK BANCA FINECO S.P.A. (IN BREVE FINECOBANK S.P.A. OVVERO BANCA FINECO S.P.A. OVVERO FINECO BANCA S.P.A.),Italy,743700PW2HDTPU3YRJ31,POP Pankkikeskus osk,Finland,0.3070,0.0000,0.0006,0.0000,17,France|Germany|Ireland,ja
2025-12-31,549300L7YCATGO57ZE10,FINECOBANK BANCA FINECO S.P.A. (IN BREVE FINECOBANK S.P.A. OVVERO BANCA FINECO S.P.A. OVVERO FINECO BANCA S.P.A.),Italy,784F5XWPLTWKTBV3E584,Goldman Sachs Bank Europe SE,Germany,0.3496,0.0000,0.0002,0.0232,22,France|United Kingdom|Netherlands,ja
2025-12-31,549300L7YCATGO57ZE10,FINECOBANK BANCA FINECO S.P.A. (IN BREVE FINECOBANK S.P.A. OVVERO BANCA FINECO S.P.A. OVVERO FINECO BANCA S.P.A.),Italy,7CUNS533WID6K7DGFI87,"CaixaBank, S.A.",Spain,0.3357,0.0069,0.0160,0.4302,137,United Kingdom|Germany|France,ja
2025-12-31,549300L7YCATGO57ZE10,FINECOBANK BANCA FINECO S.P.A. (IN BREVE FINECOBANK S.P.A. OVVERO BANCA FINECO S.P.A. OVVERO FINECO BANCA S.P.A.),Italy,7LTWFZYICNSX8D621K86,DEUTSCHE BANK AKTIENGESELLSCHAFT,Germany,0.4530,0.0127,0.0160,0.7952,86,United States|United Kingdom|Luxembourg,ja
2025-12-31,549300L7YCATGO57ZE10,FINECOBANK BANCA FINECO S.P.A. (IN BREVE FINECOBANK S.P.A. OVVERO BANCA FINECO S.P.A. OVVERO FINECO BANCA S.P.A.),Italy,8156003D79D064FB5360,CASSA LOMBARDA - S.P.A.,Italy,0.3675,0.0000,0.0137,0.0003,18,France|Germany|United Kingdom,nein
2025-12-31,549300L7YCATGO57ZE10,FINECOBANK BANCA FINECO S.P.A. (IN BREVE FINECOBANK S.P.A. OVVERO BANCA FINECO S.P.A. OVVERO FINECO BANCA S.P.A.),Italy,8156005420362AE59184,BANCA IFIS S.P.A. (OVVERO IFIS BANCA S.P.A. O IN FORMA ABBREVIATA IFIS S.P.A.),Italy,0.4935,0.0032,0.0160,0.1994,86,France|Ireland|Germany,nein
2025-12-31,549300L7YCATGO57ZE10,FINECOBANK BANCA FINECO S.P.A. (IN BREVE FINECOBANK S.P.A. OVVERO BANCA FINECO S.P.A. OVVERO FINECO BANCA S.P.A.),Italy,81560062CEAE87A85C80,AREPO BP S.P.A.,Italy,0.3156,0.0013,0.0160,0.0820,20,Netherlands|United Kingdom|Luxembourg,nein
2025-12-31,549300L7YCATGO57ZE10,FINECOBANK BANCA FINECO S.P.A. (IN BREVE FINECOBANK S.P.A. OVVERO BANCA FINECO S.P.A. OVVERO FINECO BANCA S.P.A.),Italy,81560087340FCB8D6D66,MEDIOCREDITO CENTRALE - BANCA DEL MEZZOGIORNO SPA,Italy,0.3900,0.0004,0.0160,0.0245,34,United Kingdom|United States|Germany,nein
2025-12-31,549300L7YCATGO57ZE10,FINECOBANK BANCA FINECO S.P.A. (IN BREVE FINECOBANK S.P.A. OVVERO BANCA FINECO S.P.A. OVVERO FINECO BANCA S.P.A.),Italy,815600AD83B2B6317788,CREDITO EMILIANO HOLDING SOCIETA' PER AZIONI,Italy,0.7314,0.0000,0.0007,0.0064,26,France|United States|United Kingdom,nein
2025-12-31,549300L7YCATGO57ZE10,FINECOBANK BANCA FINECO S.P.A. (IN BREVE FINECOBANK S.P.A. OVVERO BANCA FINECO S.P.A. OVVERO FINECO BANCA S.P.A.),Italy,815600E4E6DCD2D25E30,BANCO BPM SOCIETA' PER AZIONI,Italy,0.5492,0.0001,0.0023,0.0251,34,France|United Kingdom|Netherlands,nein
2025-12-31,549300L7YCATGO57ZE10,FINECOBANK BANCA FINECO S.P.A. (IN BREVE FINECOBANK S.P.A. OVVERO BANCA FINECO S.P.A. OVVERO FINECO BANCA S.P.A.),Italy,8I5DZWZKVSZI1NUHU748,J.P. Morgan SE,Germany,0.6032,0.0134,0.0160,0.8414,93,France|United Kingdom|United States,ja
2025-12-31,549300L7YCATGO57ZE10,FINECOBANK BANCA FINECO S.P.A. (IN BREVE FINECOBANK S.P.A. OVVERO BANCA FINECO S.P.A. OVVERO FINECO BANCA S.P.A.),Italy,95980020140005220135,"Caja Rural de Granada, Sociedad Cooperativa de Crédito",Spain,0.6396,0.0000,0.0008,0.0589,17,France|United Kingdom|Netherlands,ja
2025-12-31,549300L7YCATGO57ZE10,FINECOBANK BANCA FINECO S.P.A. (IN BREVE FINECOBANK S.P.A. OVVERO BANCA FINECO S.P.A. OVVERO FINECO BANCA S.P.A.),Italy,95980020140005439549,"Caja Rural de Navarra, S. Coop. de Crédito",Spain,0.5355,0.0000,0.0063,0.0007,19,France|Netherlands|Germany,ja
2025-12-31,549300L7YCATGO57ZE10,FINECOBANK BANCA FINECO S.P.A. (IN BREVE FINECOBANK S.P.A. OVVERO BANCA FINECO S.P.A. OVVERO FINECO BANCA S.P.A.),Italy,95980020140005484654,"Caja Rural de Albacete, Ciudad Real y Cuenca, Sociedad Cooperativa de Crédito",Spain,0.5476,0.0000,0.0000,,11,France|Netherlands|Germany,ja
2025-12-31,549300L7YCATGO57ZE10,FINECOBANK BANCA FINECO S.P.A. (IN BREVE FINECOBANK S.P.A. OVVERO BANCA FINECO S.P.A. OVVERO FINECO BANCA S.P.A.),Italy,95980020140005552166,"Eurocaja Rural, Sociedad Cooperativa de Crédito",Spain,0.5493,0.0003,0.0160,0.0189,37,France|Netherlands|Germany,ja
2025-12-31,549300L7YCATGO57ZE10,FINECOBANK BANCA FINECO S.P.A. (IN BREVE FINECOBANK S.P.A. OVVERO BANCA FINECO S.P.A. OVVERO FINECO BANCA S.P.A.),Italy,95980020140005881190,Banco de Crédito Social Cooperativo,Spain,0.5040,0.0000,0.0045,0.0010,26,France|United Kingdom|Netherlands,ja
2025-12-31,549300L7YCATGO57ZE10,FINECOBANK BANCA FINECO S.P.A. (IN BREVE FINECOBANK S.P.A. OVVERO BANCA FINECO S.P.A. OVVERO FINECO BANCA S.P.A.),Italy,9598005U8TZQ8Q64SC71,LIBERTY PARTNERS S.L.U.,Spain,0.3876,0.0002,0.0160,0.0114,16,France|United Kingdom|Ireland,ja
2025-12-31,549300L7YCATGO57ZE10,FINECOBANK BANCA FINECO S.P.A. (IN BREVE FINECOBANK S.P.A. OVVERO BANCA FINECO S.P.A. OVVERO FINECO BANCA S.P.A.),Italy,9695000CG7B84NLR5984,Confédération Nationale du Crédit Mutuel,France,0.3091,0.0011,0.0130,0.0853,46,United Kingdom|Germany|Netherlands,ja
2025-12-31,549300L7YCATGO57ZE10,FINECOBANK BANCA FINECO S.P.A. (IN BREVE FINECOBANK S.P.A. OVVERO BANCA FINECO S.P.A. OVVERO FINECO BANCA S.P.A.),Italy,9695005MSX1OYEMGDF46,Natixis,France,0.3606,0.0130,0.0160,0.8120,99,United States|United Kingdom|Luxembourg,ja
2025-12-31,549300L7YCATGO57ZE10,FINECOBANK BANCA FINECO S.P.A. (IN BREVE FINECOBANK S.P.A. OVVERO BANCA FINECO S.P.A. OVVERO FINECO BANCA S.P.A.),Italy,969500TJ5KRTCJQWXH05,CRÉDIT AGRICOLE AUTO BANK S.P.A.,Italy,0.4577,0.0001,0.0020,0.0557,25,France|United Kingdom|Germany,nein
2025-12-31,549300L7YCATGO57ZE10,FINECOBANK BANCA FINECO S.P.A. (IN BREVE FINECOBANK S.P.A. OVVERO BANCA FINECO S.P.A. OVVERO FINECO BANCA S.P.A.),Italy,9DJT3UXIJIZJI4WXO774,Bank of America Europe Designated Activity Company,Ireland,0.5479,0.0098,0.0160,0.6128,63,France|United Kingdom|Netherlands,ja
2025-12-31,549300L7YCATGO57ZE10,FINECOBANK BANCA FINECO S.P.A. (IN BREVE FINECOBANK S.P.A. OVVERO BANCA FINECO S.P.A. OVVERO FINECO BANCA S.P.A.),Italy,A5GWLFH3KM7YV2SFQL84,Belfius Bank,Belgium,0.6032,0.0001,0.0128,0.0110,36,France|United Kingdom|Netherlands,ja
2025-12-31,549300L7YCATGO57ZE10,FINECOBANK BANCA FINECO S.P.A. (IN BREVE FINECOBANK S.P.A. OVVERO BANCA FINECO S.P.A. OVVERO FINECO BANCA S.P.A.),Italy,AT0000000000043000VB,VOLKSBANK WIEN AG VB,Austria,0.4438,0.0007,0.0047,0.1447,76,France|Netherlands|Germany,ja
2025-12-31,549300L7YCATGO57ZE10,FINECOBANK BANCA FINECO S.P.A. (IN BREVE FINECOBANK S.P.A. OVVERO BANCA FINECO S.P.A. OVVERO FINECO BANCA S.P.A.),Italy,B64D6Y3LBJS4ANNPCU93,NIBC Bank N.V.,Netherlands,0.3922,0.0000,0.0160,0.0000,13,United Kingdom|France|Germany,ja
2025-12-31,549300L7YCATGO57ZE10,FINECOBANK BANCA FINECO S.P.A. (IN BREVE FINECOBANK S.P.A. OVVERO BANCA FINECO S.P.A. OVVERO FINECO BANCA S.P.A.),Italy,BFXS5XCH7N0Y05NIXW11,ABN AMRO Bank N.V.,Netherlands,0.5186,0.0044,0.0160,0.2745,43,France|United Kingdom|Germany,ja
2025-12-31,549300L7YCATGO57ZE10,FINECOBANK BANCA FINECO S.P.A. (IN BREVE FINECOBANK S.P.A. OVVERO BANCA FINECO S.P.A. OVVERO FINECO BANCA S.P.A.),Italy,DG3RU1DBUFHT4ZF9WN62,Coöperatieve Rabobank U.A.,Netherlands,0.4958,0.0110,0.0160,0.6904,116,United States|United Kingdom|Germany,ja
2025-12-31,549300L7YCATGO57ZE10,FINECOBANK BANCA FINECO S.P.A. (IN BREVE FINECOBANK S.P.A. OVVERO BANCA FINECO S.P.A. OVVERO FINECO BANCA S.P.A.),Italy,DIZES5CFO5K3I5R58746,Landesbank Hessen-Thüringen Girozentrale,Germany,0.6343,0.0030,0.0160,0.1851,112,United States|France|United Kingdom,ja
2025-12-31,549300L7YCATGO57ZE10,FINECOBANK BANCA FINECO S.P.A. (IN BREVE FINECOBANK S.P.A. OVVERO BANCA FINECO S.P.A. OVVERO FINECO BANCA S.P.A.),Italy,DSNHHQ2B9X5N6OUJ1236,Norddeutsche Landesbank - Girozentrale -,Germany,0.6311,0.0073,0.0160,0.4559,64,United States|France|United Kingdom,ja
2025-12-31,549300L7YCATGO57ZE10,FINECOBANK BANCA FINECO S.P.A. (IN BREVE FINECOBANK S.P.A. OVVERO BANCA FINECO S.P.A. OVVERO FINECO BANCA S.P.A.),Italy,DZZ47B9A52ZJ6LT6VV95,Deutsche Pfandbriefbank AG,Germany,0.5791,0.0027,0.0064,0.4241,26,France|United Kingdom|United States,ja
2025-12-31,549300L7YCATGO57ZE10,FINECOBANK BANCA FINECO S.P.A. (IN BREVE FINECOBANK S.P.A. OVVERO BANCA FINECO S.P.A. OVVERO FINECO BANCA S.P.A.),Italy,I7ETN0QQO2AHZZGHJ389,KOMMUNALBANKEN AS,Norway,0.3401,0.0000,0.0000,,6,France|Germany|Netherlands,ja
2025-12-31,549300L7YCATGO57ZE10,FINECOBANK BANCA FINECO S.P.A. (IN BREVE FINECOBANK S.P.A. OVVERO BANCA FINECO S.P.A. OVVERO FINECO BANCA S.P.A.),Italy,J4CP7MHCXR8DAQMKIL78,MEDIOBANCA - BANCA DI CREDITO FINANZIARIO S.P.A.,Italy,0.5981,0.0009,0.0160,0.0540,47,France|United Kingdom|Netherlands,nein
2025-12-31,549300L7YCATGO57ZE10,FINECOBANK BANCA FINECO S.P.A. (IN BREVE FINECOBANK S.P.A. OVVERO BANCA FINECO S.P.A. OVVERO FINECO BANCA S.P.A.),Italy,MLU0ZO3ML4LN2LL2TL39,HSBC Continental Europe,France,0.4654,0.0077,0.0160,0.4807,90,Netherlands|United Kingdom|Germany,ja
2025-12-31,549300L7YCATGO57ZE10,FINECOBANK BANCA FINECO S.P.A. (IN BREVE FINECOBANK S.P.A. OVVERO BANCA FINECO S.P.A. OVVERO FINECO BANCA S.P.A.),Italy,N747OI7JINV7RUUH6190,BPER Banca S.p.A.,Italy,0.6156,0.0003,0.0160,0.0218,36,France|Netherlands|United Kingdom,nein
2025-12-31,549300L7YCATGO57ZE10,FINECOBANK BANCA FINECO S.P.A. (IN BREVE FINECOBANK S.P.A. OVVERO BANCA FINECO S.P.A. OVVERO FINECO BANCA S.P.A.),Italy,NNVPP80YIZGEY2314M97,ICCREA BANCA S.P.A. - ISTITUTO CENTRALE DEL CREDITO COOPERATIVO (IN FORMA ABBREVIATA: ICCREA BANCA S.P.A.),Italy,0.5193,0.0000,0.0074,0.0003,26,France|Netherlands|Germany,nein
2025-12-31,549300L7YCATGO57ZE10,FINECOBANK BANCA FINECO S.P.A. (IN BREVE FINECOBANK S.P.A. OVVERO BANCA FINECO S.P.A. OVVERO FINECO BANCA S.P.A.),Italy,O2RNE8IBXP4R0TD8PU41,Société générale S.A.,France,0.3591,0.0000,0.0160,0.0026,106,United Kingdom|Germany|Netherlands,ja
2025-12-31,549300L7YCATGO57ZE10,FINECOBANK BANCA FINECO S.P.A. (IN BREVE FINECOBANK S.P.A. OVVERO BANCA FINECO S.P.A. OVVERO FINECO BANCA S.P.A.),Italy,P4GTT6GF1W40CVIMFR43,Powszechna Kasa Oszczednosci Bank Polski S.A.,Poland,0.3764,0.0004,0.0160,0.0242,120,Netherlands|Germany|France,ja
2025-12-31,549300L7YCATGO57ZE10,FINECOBANK BANCA FINECO S.P.A. (IN BREVE FINECOBANK S.P.A. OVVERO BANCA FINECO S.P.A. OVVERO FINECO BANCA S.P.A.),Italy,QLPCKOOKVX32FUELX240,Bank Polska Kasa Opieki S.A.,Poland,0.4591,0.0007,0.0160,0.0439,104,United Kingdom|Ireland|Germany,ja
2025-12-31,549300L7YCATGO57ZE10,FINECOBANK BANCA FINECO S.P.A. (IN BREVE FINECOBANK S.P.A. OVVERO BANCA FINECO S.P.A. OVVERO FINECO BANCA S.P.A.),Italy,R0MUWSFPU8MPRO8K5P83,BNP Paribas,France,0.3229,0.0006,0.0108,0.0535,109,United Kingdom|Germany|Netherlands,ja
2025-12-31,549300L7YCATGO57ZE10,FINECOBANK BANCA FINECO S.P.A. (IN BREVE FINECOBANK S.P.A. OVVERO BANCA FINECO S.P.A. OVVERO FINECO BANCA S.P.A.),Italy,R7CQUF1DQM73HUTV1078,"Banque et Caisse d´Epargne de l´Etat, Luxembourg",Luxembourg,0.4859,0.0000,0.0047,0.0001,26,France|Netherlands|Germany,ja
2025-12-31,549300L7YCATGO57ZE10,FINECOBANK BANCA FINECO S.P.A. (IN BREVE FINECOBANK S.P.A. OVVERO BANCA FINECO S.P.A. OVVERO FINECO BANCA S.P.A.),Italy,TUKDD90GPC79G1KOE162,Hamburg Commercial Bank AG,Germany,0.5324,0.0124,0.0160,0.7729,40,United Kingdom|United States|Netherlands,ja
2025-12-31,549300L7YCATGO57ZE10,FINECOBANK BANCA FINECO S.P.A. (IN BREVE FINECOBANK S.P.A. OVVERO BANCA FINECO S.P.A. OVVERO FINECO BANCA S.P.A.),Italy,VDYMYTQGZZ6DU0912C88,Bayerische Landesbank,Germany,0.5665,0.0007,0.0041,0.1697,129,France|United Kingdom|Netherlands,ja
2025-12-31,549300L7YCATGO57ZE10,FINECOBANK BANCA FINECO S.P.A. (IN BREVE FINECOBANK S.P.A. OVVERO BANCA FINECO S.P.A. OVVERO FINECO BANCA S.P.A.),Italy,WFLLPEPC7FZXENRZV188,THE BANK OF NEW YORK MELLON,Belgium,0.4726,0.0015,0.0160,0.0958,55,Netherlands|United Kingdom|Germany,ja
2025-12-31,549300LYFYVPUCG6SY25,"Banco Cooperativo Español, S.A.",Spain,549300NYKK9MWM7GGW15,ING Groep N.V.,Netherlands,0.3906,0.0000,0.0000,,12,Germany|Ireland|Luxembourg,ja
2025-12-31,549300LYFYVPUCG6SY25,"Banco Cooperativo Español, S.A.",Spain,549300O3WME82RDPEN66,Swissquote Bank Europe S.A,Luxembourg,0.3420,0.0000,0.0000,,5,France|Germany|United Kingdom,ja
2025-12-31,549300LYFYVPUCG6SY25,"Banco Cooperativo Español, S.A.",Spain,549300Q3OIWRHQUQM052,SpareBank 1 Sør-Norge,Norway,0.5283,0.0000,0.0000,,10,Germany|France|Netherlands,ja
2025-12-31,549300LYFYVPUCG6SY25,"Banco Cooperativo Español, S.A.",Spain,549300TEJKOLFN65KR76,BNF Bank plc,Malta,0.4028,0.0000,0.0000,,7,France|Netherlands|Luxembourg,ja
2025-12-31,549300LYFYVPUCG6SY25,"Banco Cooperativo Español, S.A.",Spain,549300TL5406IC1XKD09,Saxo Bank A/S,Denmark,0.3093,0.0000,0.0000,,12,Netherlands|Luxembourg|Germany,ja
2025-12-31,549300LYFYVPUCG6SY25,"Banco Cooperativo Español, S.A.",Spain,549300TRUWO2CD2G5692,"UNICREDIT, SOCIETA' PER AZIONI",Italy,0.5159,0.0000,0.0000,,13,Germany|France|United Kingdom,ja
2025-12-31,549300LYFYVPUCG6SY25,"Banco Cooperativo Español, S.A.",Spain,549300TTZTKBUFKWH890,The Cyprus Development Bank Public Company Ltd,Cyprus,0.3657,0.0000,0.0000,,4,France|Netherlands|Ireland,ja
2025-12-31,549300LYFYVPUCG6SY25,"Banco Cooperativo Español, S.A.",Spain,549300X5UKJVE386ZB61,BANCA GENERALI - SOCIETA' PER AZIONI (IN FORMA ABBREVIATA GENERBANCA),Italy,0.5279,0.0000,0.0000,,13,Germany|France|Netherlands,ja
2025-12-31,549300LYFYVPUCG6SY25,"Banco Cooperativo Español, S.A.",Spain,635400F6HLXKXNJJX605,EXIM BANCA ROMANEASCA S.A.,Romania,0.5750,0.0000,0.0000,,11,Germany|France|Belgium,ja
2025-12-31,549300LYFYVPUCG6SY25,"Banco Cooperativo Español, S.A.",Spain,636700HER4JIK7GZUN17,Klarna - Grupp,Sweden,0.5033,0.0000,0.0000,,4,Germany|Netherlands|United Kingdom,ja
2025-12-31,549300LYFYVPUCG6SY25,"Banco Cooperativo Español, S.A.",Spain,724500A1FNICHSDF2I11,ASN Bank N.V.,Netherlands,0.5451,0.0000,0.0000,,8,France|Germany|Luxembourg,ja
2025-12-31,549300LYFYVPUCG6SY25,"Banco Cooperativo Español, S.A.",Spain,724500SF1CI8OD5AHI07,HCBG Holding B.V.,Netherlands,0.3309,0.0000,0.0000,,9,Germany|France|United Kingdom,ja
2025-12-31,549300LYFYVPUCG6SY25,"Banco Cooperativo Español, S.A.",Spain,7437003B5WFBOIEFY714,OP Osuuskunta,Finland,0.3738,0.0000,0.0000,,13,Germany|France|Netherlands,ja
2025-12-31,549300LYFYVPUCG6SY25,"Banco Cooperativo Español, S.A.",Spain,7437005892K69S3MW344,Säästöpankkiliitto osk,Finland,0.3593,0.0000,0.0000,,9,France|Luxembourg|Germany,ja
2025-12-31,549300LYFYVPUCG6SY25,"Banco Cooperativo Español, S.A.",Spain,743700GC62JLHFBUND16,Aktia Bank Abp,Finland,0.4790,0.0000,0.0000,,13,France|Germany|Netherlands,ja
2025-12-31,549300LYFYVPUCG6SY25,"Banco Cooperativo Español, S.A.",Spain,743700PW2HDTPU3YRJ31,POP Pankkikeskus osk,Finland,0.3268,0.0000,0.0000,,9,France|Germany|Ireland,ja
2025-12-31,549300LYFYVPUCG6SY25,"Banco Cooperativo Español, S.A.",Spain,8156003D79D064FB5360,CASSA LOMBARDA - S.P.A.,Italy,0.3315,0.0000,0.0000,,11,France|Germany|United Kingdom,ja
2025-12-31,549300LYFYVPUCG6SY25,"Banco Cooperativo Español, S.A.",Spain,8156005420362AE59184,BANCA IFIS S.P.A. (OVVERO IFIS BANCA S.P.A. O IN FORMA ABBREVIATA IFIS S.P.A.),Italy,0.4431,0.0000,0.0000,,13,France|Ireland|Luxembourg,ja
2025-12-31,549300LYFYVPUCG6SY25,"Banco Cooperativo Español, S.A.",Spain,815600AD83B2B6317788,CREDITO EMILIANO HOLDING SOCIETA' PER AZIONI,Italy,0.4926,0.0000,0.0000,,13,France|Netherlands|Luxembourg,ja
2025-12-31,549300LYFYVPUCG6SY25,"Banco Cooperativo Español, S.A.",Spain,815600E4E6DCD2D25E30,BANCO BPM SOCIETA' PER AZIONI,Italy,0.5792,0.0000,0.0000,,13,France|Germany|Netherlands,ja
2025-12-31,549300LYFYVPUCG6SY25,"Banco Cooperativo Español, S.A.",Spain,8I5DZWZKVSZI1NUHU748,J.P. Morgan SE,Germany,0.4229,0.0000,0.0000,,12,France|Netherlands|Luxembourg,ja
2025-12-31,549300LYFYVPUCG6SY25,"Banco Cooperativo Español, S.A.",Spain,95980020140005220135,"Caja Rural de Granada, Sociedad Cooperativa de Crédito",Spain,0.6562,0.0000,0.0000,,12,France|Germany|Netherlands,nein
2025-12-31,549300LYFYVPUCG6SY25,"Banco Cooperativo Español, S.A.",Spain,95980020140005439549,"Caja Rural de Navarra, S. Coop. de Crédito",Spain,0.6069,0.0000,0.0000,,12,France|Germany|Netherlands,nein
2025-12-31,549300LYFYVPUCG6SY25,"Banco Cooperativo Español, S.A.",Spain,95980020140005484654,"Caja Rural de Albacete, Ciudad Real y Cuenca, Sociedad Cooperativa de Crédito",Spain,0.6165,0.0000,0.0000,,10,France|Netherlands|Germany,nein
2025-12-31,549300LYFYVPUCG6SY25,"Banco Cooperativo Español, S.A.",Spain,95980020140005552166,"Eurocaja Rural, Sociedad Cooperativa de Crédito",Spain,0.5415,0.0000,0.0000,,11,France|Netherlands|Germany,nein
2025-12-31,549300LYFYVPUCG6SY25,"Banco Cooperativo Español, S.A.",Spain,95980020140005881190,Banco de Crédito Social Cooperativo,Spain,0.7379,0.0000,0.0000,,13,Germany|France|Netherlands,nein
2025-12-31,549300LYFYVPUCG6SY25,"Banco Cooperativo Español, S.A.",Spain,9598005U8TZQ8Q64SC71,LIBERTY PARTNERS S.L.U.,Spain,0.3631,0.0000,0.0000,,12,France|Ireland|Luxembourg,nein
2025-12-31,549300LYFYVPUCG6SY25,"Banco Cooperativo Español, S.A.",Spain,9695000CG7B84NLR5984,Confédération Nationale du Crédit Mutuel,France,0.6342,0.0000,0.0000,,12,Germany|Luxembourg|Netherlands,ja
2025-12-31,549300LYFYVPUCG6SY25,"Banco Cooperativo Español, S.A.",Spain,969500F7JLTX36OUI695,RCI Banque,France,0.3371,0.0000,0.0000,,7,Germany|United Kingdom|Netherlands,ja
2025-12-31,549300LYFYVPUCG6SY25,"Banco Cooperativo Español, S.A.",Spain,969500TJ5KRTCJQWXH05,CRÉDIT AGRICOLE AUTO BANK S.P.A.,Italy,0.4796,0.0000,0.0000,,12,Germany|France|United Kingdom,ja
2025-12-31,549300LYFYVPUCG6SY25,"Banco Cooperativo Español, S.A.",Spain,9DJT3UXIJIZJI4WXO774,Bank of America Europe Designated Activity Company,Ireland,0.4803,0.0000,0.0000,,12,France|Germany|Netherlands,ja
2025-12-31,549300LYFYVPUCG6SY25,"Banco Cooperativo Español, S.A.",Spain,A5GWLFH3KM7YV2SFQL84,Belfius Bank,Belgium,0.4990,0.0000,0.0000,,12,France|Netherlands|Luxembourg,ja
2025-12-31,549300LYFYVPUCG6SY25,"Banco Cooperativo Español, S.A.",Spain,AT0000000000043000VB,VOLKSBANK WIEN AG VB,Austria,0.7756,0.0000,0.0000,,13,Germany|France|Netherlands,ja
2025-12-31,549300LYFYVPUCG6SY25,"Banco Cooperativo Español, S.A.",Spain,B64D6Y3LBJS4ANNPCU93,NIBC Bank N.V.,Netherlands,0.4946,0.0000,0.0000,,8,Germany|France|Luxembourg,ja
2025-12-31,549300LYFYVPUCG6SY25,"Banco Cooperativo Español, S.A.",Spain,BFXS5XCH7N0Y05NIXW11,ABN AMRO Bank N.V.,Netherlands,0.5025,0.0000,0.0000,,12,France|Germany|Luxembourg,ja
2025-12-31,549300LYFYVPUCG6SY25,"Banco Cooperativo Español, S.A.",Spain,DIZES5CFO5K3I5R58746,Landesbank Hessen-Thüringen Girozentrale,Germany,0.3541,0.0000,0.0000,,12,France|Luxembourg|Netherlands,ja
2025-12-31,549300LYFYVPUCG6SY25,"Banco Cooperativo Español, S.A.",Spain,DSNHHQ2B9X5N6OUJ1236,Norddeutsche Landesbank - Girozentrale -,Germany,0.4236,0.0000,0.0000,,12,France|Netherlands|Luxembourg,ja
2025-12-31,549300LYFYVPUCG6SY25,"Banco Cooperativo Español, S.A.",Spain,DZZ47B9A52ZJ6LT6VV95,Deutsche Pfandbriefbank AG,Germany,0.4076,0.0000,0.0000,,9,France|Netherlands|United Kingdom,ja
2025-12-31,549300LYFYVPUCG6SY25,"Banco Cooperativo Español, S.A.",Spain,I7ETN0QQO2AHZZGHJ389,KOMMUNALBANKEN AS,Norway,0.6863,0.0000,0.0000,,5,Germany|France|Netherlands,ja
2025-12-31,549300LYFYVPUCG6SY25,"Banco Cooperativo Español, S.A.",Spain,J4CP7MHCXR8DAQMKIL78,MEDIOBANCA - BANCA DI CREDITO FINANZIARIO S.P.A.,Italy,0.4855,0.0000,0.0000,,13,France|Netherlands|Germany,ja
2025-12-31,549300LYFYVPUCG6SY25,"Banco Cooperativo Español, S.A.",Spain,MLU0ZO3ML4LN2LL2TL39,HSBC Continental Europe,France,0.4963,0.0000,0.0000,,12,Germany|Netherlands|Luxembourg,ja
2025-12-31,549300LYFYVPUCG6SY25,"Banco Cooperativo Español, S.A.",Spain,N747OI7JINV7RUUH6190,BPER Banca S.p.A.,Italy,0.6835,0.0000,0.0000,,13,France|Germany|Netherlands,ja
2025-12-31,549300LYFYVPUCG6SY25,"Banco Cooperativo Español, S.A.",Spain,NNVPP80YIZGEY2314M97,ICCREA BANCA S.P.A. - ISTITUTO CENTRALE DEL CREDITO COOPERATIVO (IN FORMA ABBREVIATA: ICCREA BANCA S.P.A.),Italy,0.6556,0.0000,0.0000,,11,France|Germany|Netherlands,ja
2025-12-31,549300LYFYVPUCG6SY25,"Banco Cooperativo Español, S.A.",Spain,O2RNE8IBXP4R0TD8PU41,Société générale S.A.,France,0.3813,0.0000,0.0000,,12,Germany|Luxembourg|Netherlands,ja
2025-12-31,549300LYFYVPUCG6SY25,"Banco Cooperativo Español, S.A.",Spain,P4GTT6GF1W40CVIMFR43,Powszechna Kasa Oszczednosci Bank Polski S.A.,Poland,0.4660,0.0000,0.0000,,12,Germany|Netherlands|France,ja
2025-12-31,549300LYFYVPUCG6SY25,"Banco Cooperativo Español, S.A.",Spain,QLPCKOOKVX32FUELX240,Bank Polska Kasa Opieki S.A.,Poland,0.3454,0.0000,0.0000,,12,Ireland|Luxembourg|Germany,ja
2025-12-31,549300LYFYVPUCG6SY25,"Banco Cooperativo Español, S.A.",Spain,R0MUWSFPU8MPRO8K5P83,BNP Paribas,France,0.3063,0.0000,0.0000,,12,Germany|Luxembourg|Netherlands,ja
2025-12-31,549300LYFYVPUCG6SY25,"Banco Cooperativo Español, S.A.",Spain,R7CQUF1DQM73HUTV1078,"Banque et Caisse d´Epargne de l´Etat, Luxembourg",Luxembourg,0.5887,0.0000,0.0000,,12,France|Germany|Netherlands,ja
2025-12-31,549300LYFYVPUCG6SY25,"Banco Cooperativo Español, S.A.",Spain,RRUN0TCQ1K2JDV7MXO75,Oberbank AG,Austria,0.4617,0.0000,0.0000,,13,Germany|Netherlands|France,ja
2025-12-31,549300LYFYVPUCG6SY25,"Banco Cooperativo Español, S.A.",Spain,TUKDD90GPC79G1KOE162,Hamburg Commercial Bank AG,Germany,0.3708,0.0000,0.0000,,12,Netherlands|Luxembourg|France,ja
2025-12-31,549300LYFYVPUCG6SY25,"Banco Cooperativo Español, S.A.",Spain,VDYMYTQGZZ6DU0912C88,Bayerische Landesbank,Germany,0.5329,0.0000,0.0000,,12,France|Netherlands|Luxembourg,ja
2025-12-31,549300LYFYVPUCG6SY25,"Banco Cooperativo Español, S.A.",Spain,WFLLPEPC7FZXENRZV188,THE BANK OF NEW YORK MELLON,Belgium,0.4761,0.0000,0.0000,,11,Germany|Netherlands|Ireland,ja
2025-12-31,549300NYKK9MWM7GGW15,ING Groep N.V.,Netherlands,549300Q3OIWRHQUQM052,SpareBank 1 Sør-Norge,Norway,0.3089,0.0014,0.0014,1.0000,24,Germany|Belgium|France,ja
2025-12-31,549300NYKK9MWM7GGW15,ING Groep N.V.,Netherlands,549300RG3H390KEL8896,Banca Transilvania,Romania,0.3312,0.0150,0.0902,0.1669,80,United States|Spain|Germany,ja
2025-12-31,549300NYKK9MWM7GGW15,ING Groep N.V.,Netherlands,549300TL5406IC1XKD09,Saxo Bank A/S,Denmark,0.3481,0.0211,0.0902,0.2344,67,Belgium|Germany|Luxembourg,ja
2025-12-31,549300NYKK9MWM7GGW15,ING Groep N.V.,Netherlands,549300TRUWO2CD2G5692,"UNICREDIT, SOCIETA' PER AZIONI",Italy,0.4479,0.0112,0.0278,0.4037,145,Germany|France|United Kingdom,ja
2025-12-31,549300NYKK9MWM7GGW15,ING Groep N.V.,Netherlands,549300X5UKJVE386ZB61,BANCA GENERALI - SOCIETA' PER AZIONI (IN FORMA ABBREVIATA GENERBANCA),Italy,0.3250,0.0029,0.0029,0.9984,42,Germany|France|Spain,ja
2025-12-31,549300NYKK9MWM7GGW15,ING Groep N.V.,Netherlands,635400AKJBGNS5WNQL34,AIB Group plc,Ireland,0.3175,0.0107,0.0353,0.3030,90,United States|United Kingdom|Luxembourg,ja
2025-12-31,549300NYKK9MWM7GGW15,ING Groep N.V.,Netherlands,635400F6HLXKXNJJX605,EXIM BANCA ROMANEASCA S.A.,Romania,0.4099,0.0000,0.0000,1.0000,29,Germany|Poland|France,ja
2025-12-31,549300NYKK9MWM7GGW15,ING Groep N.V.,Netherlands,636700HER4JIK7GZUN17,Klarna - Grupp,Sweden,0.4213,0.0000,0.0000,,5,Germany|United States|United Kingdom,ja
2025-12-31,549300NYKK9MWM7GGW15,ING Groep N.V.,Netherlands,724500973ODKK3IFQ447,Adyen N.V.,Netherlands,0.3829,0.0191,0.0428,0.4459,64,United States|Belgium|Ireland,nein
2025-12-31,549300NYKK9MWM7GGW15,ING Groep N.V.,Netherlands,724500A1FNICHSDF2I11,ASN Bank N.V.,Netherlands,0.4256,0.0000,0.0000,,13,Germany|Belgium|Luxembourg,nein
2025-12-31,549300NYKK9MWM7GGW15,ING Groep N.V.,Netherlands,724500PMK2A2M1SQQ228,Triodos Bank N.V.,Netherlands,0.3131,0.0001,0.0001,0.9281,19,Belgium|Germany|Spain,nein
2025-12-31,549300NYKK9MWM7GGW15,ING Groep N.V.,Netherlands,724500SF1CI8OD5AHI07,HCBG Holding B.V.,Netherlands,0.5490,0.0114,0.0902,0.1265,32,Germany|Belgium|Spain,nein
2025-12-31,549300NYKK9MWM7GGW15,ING Groep N.V.,Netherlands,7CUNS533WID6K7DGFI87,"CaixaBank, S.A.",Spain,0.3181,0.0201,0.0555,0.3615,179,Germany|United States|United Kingdom,ja
2025-12-31,549300NYKK9MWM7GGW15,ING Groep N.V.,Netherlands,7LTWFZYICNSX8D621K86,DEUTSCHE BANK AKTIENGESELLSCHAFT,Germany,0.4701,0.0550,0.0902,0.6101,90,United States|Spain|Luxembourg,ja
2025-12-31,549300NYKK9MWM7GGW15,ING Groep N.V.,Netherlands,8156003D79D064FB5360,CASSA LOMBARDA - S.P.A.,Italy,0.3085,0.0000,0.0137,0.0024,18,Germany|Spain|United Kingdom,ja
2025-12-31,549300NYKK9MWM7GGW15,ING Groep N.V.,Netherlands,8156005420362AE59184,BANCA IFIS S.P.A. (OVVERO IFIS BANCA S.P.A. O IN FORMA ABBREVIATA IFIS S.P.A.),Italy,0.3985,0.0150,0.0896,0.1676,91,Germany|Poland|United States,ja
2025-12-31,549300NYKK9MWM7GGW15,ING Groep N.V.,Netherlands,81560087340FCB8D6D66,MEDIOCREDITO CENTRALE - BANCA DEL MEZZOGIORNO SPA,Italy,0.3365,0.0032,0.0261,0.1237,33,Germany|United States|Luxembourg,ja
2025-12-31,549300NYKK9MWM7GGW15,ING Groep N.V.,Netherlands,815600AD83B2B6317788,CREDITO EMILIANO HOLDING SOCIETA' PER AZIONI,Italy,0.3444,0.0007,0.0007,1.0000,25,United States|Spain|Germany,ja
2025-12-31,549300NYKK9MWM7GGW15,ING Groep N.V.,Netherlands,815600E4E6DCD2D25E30,BANCO BPM SOCIETA' PER AZIONI,Italy,0.3608,0.0022,0.0023,0.9288,34,Germany|Spain|Belgium,ja
2025-12-31,549300NYKK9MWM7GGW15,ING Groep N.V.,Netherlands,8I5DZWZKVSZI1NUHU748,J.P. Morgan SE,Germany,0.4150,0.0330,0.0902,0.3654,104,United States|Spain|Luxembourg,ja
2025-12-31,549300NYKK9MWM7GGW15,ING Groep N.V.,Netherlands,95980020140005220135,"Caja Rural de Granada, Sociedad Cooperativa de Crédito",Spain,0.3058,0.0007,0.0008,0.9476,17,Germany|Belgium|Luxembourg,ja
2025-12-31,549300NYKK9MWM7GGW15,ING Groep N.V.,Netherlands,95980020140005881190,Banco de Crédito Social Cooperativo,Spain,0.4157,0.0004,0.0045,0.0928,26,Germany|Ireland|Luxembourg,ja
2025-12-31,549300NYKK9MWM7GGW15,ING Groep N.V.,Netherlands,9695000CG7B84NLR5984,Confédération Nationale du Crédit Mutuel,France,0.5656,0.0096,0.0130,0.7386,47,Germany|Belgium|Spain,ja
2025-12-31,549300NYKK9MWM7GGW15,ING Groep N.V.,Netherlands,9695005MSX1OYEMGDF46,Natixis,France,0.4181,0.0464,0.0781,0.5937,108,United States|Luxembourg|United Kingdom,ja
2025-12-31,549300NYKK9MWM7GGW15,ING Groep N.V.,Netherlands,969500F7JLTX36OUI695,RCI Banque,France,0.4509,0.0127,0.0902,0.1404,25,Germany|Spain|United Kingdom,ja
2025-12-31,549300NYKK9MWM7GGW15,ING Groep N.V.,Netherlands,969500TJ5KRTCJQWXH05,CRÉDIT AGRICOLE AUTO BANK S.P.A.,Italy,0.4023,0.0001,0.0020,0.0290,24,Germany|Spain|United Kingdom,ja
2025-12-31,549300NYKK9MWM7GGW15,ING Groep N.V.,Netherlands,9DJT3UXIJIZJI4WXO774,Bank of America Europe Designated Activity Company,Ireland,0.3745,0.0283,0.0753,0.3763,63,Germany|Luxembourg|United Kingdom,ja
2025-12-31,549300NYKK9MWM7GGW15,ING Groep N.V.,Netherlands,A5GWLFH3KM7YV2SFQL84,Belfius Bank,Belgium,0.3489,0.0066,0.0128,0.5110,37,United States|Germany|Luxembourg,ja
2025-12-31,549300NYKK9MWM7GGW15,ING Groep N.V.,Netherlands,AT0000000000043000VB,VOLKSBANK WIEN AG VB,Austria,0.3983,0.0010,0.0047,0.2161,79,Germany|Belgium|United Kingdom,ja
2025-12-31,549300NYKK9MWM7GGW15,ING Groep N.V.,Netherlands,B64D6Y3LBJS4ANNPCU93,NIBC Bank N.V.,Netherlands,0.4899,0.0000,0.0170,0.0016,15,Germany|Belgium|Spain,nein
2025-12-31,549300NYKK9MWM7GGW15,ING Groep N.V.,Netherlands,BFXS5XCH7N0Y05NIXW11,ABN AMRO Bank N.V.,Netherlands,0.4980,0.0327,0.0868,0.3765,45,Germany|Belgium|United States,nein
2025-12-31,549300NYKK9MWM7GGW15,ING Groep N.V.,Netherlands,DG3RU1DBUFHT4ZF9WN62,Coöperatieve Rabobank U.A.,Netherlands,0.5141,0.0364,0.0902,0.4034,134,United States|Australia|Germany,nein
2025-12-31,549300NYKK9MWM7GGW15,ING Groep N.V.,Netherlands,DIZES5CFO5K3I5R58746,Landesbank Hessen-Thüringen Girozentrale,Germany,0.4676,0.0347,0.0460,0.7547,124,United States|Poland|Luxembourg,ja
2025-12-31,549300NYKK9MWM7GGW15,ING Groep N.V.,Netherlands,DSNHHQ2B9X5N6OUJ1236,Norddeutsche Landesbank - Girozentrale -,Germany,0.4518,0.0173,0.0596,0.2909,67,United States|Poland|Ireland,ja
2025-12-31,549300NYKK9MWM7GGW15,ING Groep N.V.,Netherlands,DZZ47B9A52ZJ6LT6VV95,Deutsche Pfandbriefbank AG,Germany,0.3470,0.0025,0.0064,0.3939,26,United States|Poland|Spain,ja
2025-12-31,549300NYKK9MWM7GGW15,ING Groep N.V.,Netherlands,J4CP7MHCXR8DAQMKIL78,MEDIOBANCA - BANCA DI CREDITO FINANZIARIO S.P.A.,Italy,0.3661,0.0044,0.0569,0.0779,47,Germany|United States|Spain,ja
2025-12-31,549300NYKK9MWM7GGW15,ING Groep N.V.,Netherlands,MLU0ZO3ML4LN2LL2TL39,HSBC Continental Europe,France,0.5359,0.0170,0.0902,0.1886,95,Germany|United States|Spain,ja
2025-12-31,549300NYKK9MWM7GGW15,ING Groep N.V.,Netherlands,N747OI7JINV7RUUH6190,BPER Banca S.p.A.,Italy,0.3797,0.0040,0.0209,0.1894,36,Germany|Spain|Luxembourg,ja
2025-12-31,549300NYKK9MWM7GGW15,ING Groep N.V.,Netherlands,NNVPP80YIZGEY2314M97,ICCREA BANCA S.P.A. - ISTITUTO CENTRALE DEL CREDITO COOPERATIVO (IN FORMA ABBREVIATA: ICCREA BANCA S.P.A.),Italy,0.4019,0.0000,0.0074,0.0039,26,Germany|Spain|Luxembourg,ja
2025-12-31,549300NYKK9MWM7GGW15,ING Groep N.V.,Netherlands,O2RNE8IBXP4R0TD8PU41,Société générale S.A.,France,0.4074,0.0075,0.0264,0.2834,128,Germany|Spain|Belgium,ja
2025-12-31,549300NYKK9MWM7GGW15,ING Groep N.V.,Netherlands,P4GTT6GF1W40CVIMFR43,Powszechna Kasa Oszczednosci Bank Polski S.A.,Poland,0.3818,0.0099,0.0902,0.1099,143,Germany|Ireland|Luxembourg,ja
2025-12-31,549300NYKK9MWM7GGW15,ING Groep N.V.,Netherlands,QLPCKOOKVX32FUELX240,Bank Polska Kasa Opieki S.A.,Poland,0.3308,0.0045,0.0714,0.0626,115,Germany|Spain|Ireland,ja
2025-12-31,549300NYKK9MWM7GGW15,ING Groep N.V.,Netherlands,R0MUWSFPU8MPRO8K5P83,BNP Paribas,France,0.4856,0.0067,0.0108,0.6206,130,Belgium|Germany|Poland,ja
2025-12-31,549300NYKK9MWM7GGW15,ING Groep N.V.,Netherlands,R7CQUF1DQM73HUTV1078,"Banque et Caisse d´Epargne de l´Etat, Luxembourg",Luxembourg,0.4199,0.0000,0.0047,0.0055,26,Germany|Belgium|Australia,ja
2025-12-31,549300NYKK9MWM7GGW15,ING Groep N.V.,Netherlands,RRUN0TCQ1K2JDV7MXO75,Oberbank AG,Austria,0.3015,0.0017,0.0018,0.9593,58,Germany|France|Luxembourg,ja
2025-12-31,549300NYKK9MWM7GGW15,ING Groep N.V.,Netherlands,TUKDD90GPC79G1KOE162,Hamburg Commercial Bank AG,Germany,0.3590,0.0312,0.0902,0.3463,40,United States|Ireland|Luxembourg,ja
2025-12-31,549300NYKK9MWM7GGW15,ING Groep N.V.,Netherlands,WFLLPEPC7FZXENRZV188,THE BANK OF NEW YORK MELLON,Belgium,0.4269,0.0135,0.0805,0.1680,60,Germany|Spain|Ireland,ja
2025-12-31,549300O3WME82RDPEN66,Swissquote Bank Europe S.A,Luxembourg,549300UARE5MHTBUPJ19,Promontoria 19 Coöperatie U.A.,Netherlands,0.7141,0.0000,0.0000,,7,France|United Kingdom|Germany,ja
2025-12-31,549300O3WME82RDPEN66,Swissquote Bank Europe S.A,Luxembourg,724500A1FNICHSDF2I11,ASN Bank N.V.,Netherlands,0.4488,0.0000,0.0000,,4,France|United Kingdom|Germany,ja
2025-12-31,549300O3WME82RDPEN66,Swissquote Bank Europe S.A,Luxembourg,815600AD83B2B6317788,CREDITO EMILIANO HOLDING SOCIETA' PER AZIONI,Italy,0.5542,0.0000,0.0000,,8,France|United Kingdom|Germany,ja
2025-12-31,549300O3WME82RDPEN66,Swissquote Bank Europe S.A,Luxembourg,815600E4E6DCD2D25E30,BANCO BPM SOCIETA' PER AZIONI,Italy,0.3875,0.0000,0.0000,,8,France|United Kingdom|Germany,ja
2025-12-31,549300O3WME82RDPEN66,Swissquote Bank Europe S.A,Luxembourg,8I5DZWZKVSZI1NUHU748,J.P. Morgan SE,Germany,0.3368,0.0000,0.0000,,7,France|United Kingdom|Cyprus,ja
2025-12-31,549300O3WME82RDPEN66,Swissquote Bank Europe S.A,Luxembourg,95980020140005220135,"Caja Rural de Granada, Sociedad Cooperativa de Crédito",Spain,0.5261,0.0000,0.0000,,6,France|United Kingdom|Germany,ja
2025-12-31,549300O3WME82RDPEN66,Swissquote Bank Europe S.A,Luxembourg,95980020140005439549,"Caja Rural de Navarra, S. Coop. de Crédito",Spain,0.4833,0.0000,0.0000,,6,France|Germany|United Kingdom,ja
2025-12-31,549300O3WME82RDPEN66,Swissquote Bank Europe S.A,Luxembourg,95980020140005484654,"Caja Rural de Albacete, Ciudad Real y Cuenca, Sociedad Cooperativa de Crédito",Spain,0.4665,0.0000,0.0000,,6,France|United Kingdom|Germany,ja
2025-12-31,549300O3WME82RDPEN66,Swissquote Bank Europe S.A,Luxembourg,95980020140005552166,"Eurocaja Rural, Sociedad Cooperativa de Crédito",Spain,0.5059,0.0000,0.0000,,7,France|Germany|Belgium,ja
2025-12-31,549300O3WME82RDPEN66,Swissquote Bank Europe S.A,Luxembourg,969500TJ5KRTCJQWXH05,CRÉDIT AGRICOLE AUTO BANK S.P.A.,Italy,0.3976,0.0000,0.0000,,6,France|United Kingdom|Germany,ja
2025-12-31,549300O3WME82RDPEN66,Swissquote Bank Europe S.A,Luxembourg,9DJT3UXIJIZJI4WXO774,Bank of America Europe Designated Activity Company,Ireland,0.3700,0.0000,0.0000,,7,United Kingdom|France|Germany,ja
2025-12-31,549300O3WME82RDPEN66,Swissquote Bank Europe S.A,Luxembourg,A5GWLFH3KM7YV2SFQL84,Belfius Bank,Belgium,0.4222,0.0000,0.0000,,7,France|United Kingdom|Germany,ja
2025-12-31,549300O3WME82RDPEN66,Swissquote Bank Europe S.A,Luxembourg,AT0000000000043000VB,VOLKSBANK WIEN AG VB,Austria,0.3134,0.0000,0.0000,,8,France|Germany|United Kingdom,ja
2025-12-31,549300O3WME82RDPEN66,Swissquote Bank Europe S.A,Luxembourg,B64D6Y3LBJS4ANNPCU93,NIBC Bank N.V.,Netherlands,0.3023,0.0000,0.0000,,4,United Kingdom|France|Germany,ja
2025-12-31,549300O3WME82RDPEN66,Swissquote Bank Europe S.A,Luxembourg,BFXS5XCH7N0Y05NIXW11,ABN AMRO Bank N.V.,Netherlands,0.3944,0.0000,0.0000,,7,France|United Kingdom|Germany,ja
2025-12-31,549300O3WME82RDPEN66,Swissquote Bank Europe S.A,Luxembourg,DSNHHQ2B9X5N6OUJ1236,Norddeutsche Landesbank - Girozentrale -,Germany,0.3143,0.0000,0.0000,,7,United Kingdom|France|Belgium,ja
2025-12-31,549300O3WME82RDPEN66,Swissquote Bank Europe S.A,Luxembourg,DZZ47B9A52ZJ6LT6VV95,Deutsche Pfandbriefbank AG,Germany,0.3731,0.0000,0.0000,,5,France|United Kingdom|Belgium,ja
2025-12-31,549300O3WME82RDPEN66,Swissquote Bank Europe S.A,Luxembourg,J4CP7MHCXR8DAQMKIL78,MEDIOBANCA - BANCA DI CREDITO FINANZIARIO S.P.A.,Italy,0.3844,0.0000,0.0000,,8,France|United Kingdom|Germany,ja
2025-12-31,549300O3WME82RDPEN66,Swissquote Bank Europe S.A,Luxembourg,N747OI7JINV7RUUH6190,BPER Banca S.p.A.,Italy,0.4555,0.0000,0.0000,,8,France|United Kingdom|Germany,ja
2025-12-31,549300O3WME82RDPEN66,Swissquote Bank Europe S.A,Luxembourg,NNVPP80YIZGEY2314M97,ICCREA BANCA S.P.A. - ISTITUTO CENTRALE DEL CREDITO COOPERATIVO (IN FORMA ABBREVIATA: ICCREA BANCA S.P.A.),Italy,0.3498,0.0000,0.0000,,6,France|Germany|Belgium,ja
2025-12-31,549300O3WME82RDPEN66,Swissquote Bank Europe S.A,Luxembourg,R7CQUF1DQM73HUTV1078,"Banque et Caisse d´Epargne de l´Etat, Luxembourg",Luxembourg,0.3169,0.0000,0.0000,,8,France|United Kingdom|Germany,nein
2025-12-31,549300O3WME82RDPEN66,Swissquote Bank Europe S.A,Luxembourg,VDYMYTQGZZ6DU0912C88,Bayerische Landesbank,Germany,0.4162,0.0000,0.0000,,7,France|United Kingdom|Belgium,ja
2025-12-31,549300PZMFIQR79Q0T97,Íslandsbanki hf.,Iceland,549300SXM92LQ05OJQ76,Sparebank 1 Nord-Norge SPA,Norway,0.4563,0.0000,0.0000,,3,Denmark|Sweden|Australia,ja
2025-12-31,549300PZMFIQR79Q0T97,Íslandsbanki hf.,Iceland,549300TL5406IC1XKD09,Saxo Bank A/S,Denmark,0.3501,0.0000,0.0000,,4,Belgium|Norway|Sweden,ja
2025-12-31,549300PZMFIQR79Q0T97,Íslandsbanki hf.,Iceland,549300TLZPT6JELDWM92,Landsbankinn hf.,Iceland,0.4985,0.0000,0.0000,,3,Sweden|Norway|Denmark,nein
2025-12-31,549300PZMFIQR79Q0T97,Íslandsbanki hf.,Iceland,5967007LIEEXZX8UHK11,SPAREBANK 1 SOGN OG FJORDANE,Norway,0.4343,0.0000,0.0000,,4,Denmark|Sweden|Belgium,ja
2025-12-31,549300PZMFIQR79Q0T97,Íslandsbanki hf.,Iceland,7437003B5WFBOIEFY714,OP Osuuskunta,Finland,0.3433,0.0000,0.0000,,5,Sweden|Norway|Belgium,ja
2025-12-31,549300PZMFIQR79Q0T97,Íslandsbanki hf.,Iceland,7437005892K69S3MW344,Säästöpankkiliitto osk,Finland,0.4764,0.0000,0.0000,,4,Sweden|Norway|Denmark,ja
2025-12-31,549300PZMFIQR79Q0T97,Íslandsbanki hf.,Iceland,7437006WYM821IJ3MN73,Ålandsbanken Abp,Finland,0.3780,0.0000,0.0000,,4,Sweden|Norway|Denmark,ja
2025-12-31,549300PZMFIQR79Q0T97,Íslandsbanki hf.,Iceland,743700FTBNXAUN57RH30,S-Pankki Oyj,Finland,0.3325,0.0000,0.0000,,5,Norway|Sweden|Denmark,ja
2025-12-31,549300PZMFIQR79Q0T97,Íslandsbanki hf.,Iceland,743700PW2HDTPU3YRJ31,POP Pankkikeskus osk,Finland,0.5148,0.0000,0.0000,,4,Sweden|Norway|Denmark,ja
2025-12-31,549300PZMFIQR79Q0T97,Íslandsbanki hf.,Iceland,7V6Z97IO7R1SEAO84Q32,SpareBank 1 SMN,Norway,0.4264,0.0000,0.0000,,4,Sweden|Denmark|Belgium,ja
2025-12-31,549300PZMFIQR79Q0T97,Íslandsbanki hf.,Iceland,969500Q2PFTTP0Y5QL44,SFIL S.A.,France,0.3020,0.0000,0.0000,,4,Norway|Sweden|Denmark,ja
2025-12-31,549300PZMFIQR79Q0T97,Íslandsbanki hf.,Iceland,MAES062Z21O4RZ2U7M96,Danske Bank A/S,Denmark,0.3885,0.0000,0.0000,,3,Sweden|Norway|Belgium,ja
2025-12-31,549300Q3OIWRHQUQM052,SpareBank 1 Sør-Norge,Norway,549300SXM92LQ05OJQ76,Sparebank 1 Nord-Norge SPA,Norway,0.3064,0.0005,0.0014,0.3266,17,Finland|Sweden|Denmark,nein
2025-12-31,549300Q3OIWRHQUQM052,SpareBank 1 Sør-Norge,Norway,549300TEJKOLFN65KR76,BNF Bank plc,Malta,0.3033,0.0000,0.0014,0.0000,8,France|Netherlands|Finland,ja
2025-12-31,549300Q3OIWRHQUQM052,SpareBank 1 Sør-Norge,Norway,549300TL5406IC1XKD09,Saxo Bank A/S,Denmark,0.4033,0.0014,0.0014,1.0000,23,Finland|Netherlands|Germany,ja
2025-12-31,549300Q3OIWRHQUQM052,SpareBank 1 Sør-Norge,Norway,549300TRUWO2CD2G5692,"UNICREDIT, SOCIETA' PER AZIONI",Italy,0.4118,0.0005,0.0014,0.3606,25,Germany|Austria|France,ja
2025-12-31,549300Q3OIWRHQUQM052,SpareBank 1 Sør-Norge,Norway,549300TTZTKBUFKWH890,The Cyprus Development Bank Public Company Ltd,Cyprus,0.3152,0.0000,0.0000,,4,France|Netherlands|Austria,ja
2025-12-31,549300Q3OIWRHQUQM052,SpareBank 1 Sør-Norge,Norway,549300X5UKJVE386ZB61,BANCA GENERALI - SOCIETA' PER AZIONI (IN FORMA ABBREVIATA GENERBANCA),Italy,0.3177,0.0000,0.0014,0.0005,19,Germany|France|Netherlands,ja
2025-12-31,549300Q3OIWRHQUQM052,SpareBank 1 Sør-Norge,Norway,635400F6HLXKXNJJX605,EXIM BANCA ROMANEASCA S.A.,Romania,0.4043,0.0000,0.0000,0.1125,17,Germany|France|Belgium,ja
2025-12-31,549300Q3OIWRHQUQM052,SpareBank 1 Sør-Norge,Norway,636700HER4JIK7GZUN17,Klarna - Grupp,Sweden,0.3077,0.0000,0.0000,,5,Germany|Netherlands|Finland,ja
2025-12-31,549300Q3OIWRHQUQM052,SpareBank 1 Sør-Norge,Norway,724500A1FNICHSDF2I11,ASN Bank N.V.,Netherlands,0.4580,0.0000,0.0000,,10,France|Germany|Austria,ja
2025-12-31,549300Q3OIWRHQUQM052,SpareBank 1 Sør-Norge,Norway,724500SF1CI8OD5AHI07,HCBG Holding B.V.,Netherlands,0.3135,0.0004,0.0014,0.2474,14,Germany|France|Belgium,ja
2025-12-31,549300Q3OIWRHQUQM052,SpareBank 1 Sør-Norge,Norway,7437003B5WFBOIEFY714,OP Osuuskunta,Finland,0.4888,0.0000,0.0002,0.0001,14,Germany|France|Sweden,ja
2025-12-31,549300Q3OIWRHQUQM052,SpareBank 1 Sør-Norge,Norway,7437005892K69S3MW344,Säästöpankkiliitto osk,Finland,0.4176,0.0000,0.0014,0.0000,11,France|Sweden|Germany,ja
2025-12-31,549300Q3OIWRHQUQM052,SpareBank 1 Sør-Norge,Norway,743700GC62JLHFBUND16,Aktia Bank Abp,Finland,0.5913,0.0000,0.0014,0.0000,15,France|Germany|Netherlands,ja
2025-12-31,549300Q3OIWRHQUQM052,SpareBank 1 Sør-Norge,Norway,743700PW2HDTPU3YRJ31,POP Pankkikeskus osk,Finland,0.4187,0.0000,0.0006,0.0000,11,France|Sweden|Germany,ja
2025-12-31,549300Q3OIWRHQUQM052,SpareBank 1 Sør-Norge,Norway,7V6Z97IO7R1SEAO84Q32,SpareBank 1 SMN,Norway,0.3276,0.0005,0.0014,0.3266,18,Finland|Sweden|Denmark,nein
2025-12-31,549300Q3OIWRHQUQM052,SpareBank 1 Sør-Norge,Norway,8156003D79D064FB5360,CASSA LOMBARDA - S.P.A.,Italy,0.3756,0.0000,0.0014,0.0000,15,France|Germany|Denmark,ja
2025-12-31,549300Q3OIWRHQUQM052,SpareBank 1 Sør-Norge,Norway,815600AD83B2B6317788,CREDITO EMILIANO HOLDING SOCIETA' PER AZIONI,Italy,0.3589,0.0000,0.0007,0.0000,15,France|Netherlands|Germany,ja
2025-12-31,549300Q3OIWRHQUQM052,SpareBank 1 Sør-Norge,Norway,815600E4E6DCD2D25E30,BANCO BPM SOCIETA' PER AZIONI,Italy,0.4576,0.0000,0.0014,0.0000,15,France|Germany|Netherlands,ja
2025-12-31,549300Q3OIWRHQUQM052,SpareBank 1 Sør-Norge,Norway,8I5DZWZKVSZI1NUHU748,J.P. Morgan SE,Germany,0.3448,0.0014,0.0014,1.0000,23,France|Netherlands|Sweden,ja
2025-12-31,549300Q3OIWRHQUQM052,SpareBank 1 Sør-Norge,Norway,95980020140005220135,"Caja Rural de Granada, Sociedad Cooperativa de Crédito",Spain,0.4720,0.0000,0.0008,0.0000,11,France|Germany|Netherlands,ja
2025-12-31,549300Q3OIWRHQUQM052,SpareBank 1 Sør-Norge,Norway,95980020140005439549,"Caja Rural de Navarra, S. Coop. de Crédito",Spain,0.5359,0.0000,0.0014,0.0000,12,France|Germany|Netherlands,ja
2025-12-31,549300Q3OIWRHQUQM052,SpareBank 1 Sør-Norge,Norway,95980020140005484654,"Caja Rural de Albacete, Ciudad Real y Cuenca, Sociedad Cooperativa de Crédito",Spain,0.4251,0.0000,0.0000,,8,France|Germany|Netherlands,ja
2025-12-31,549300Q3OIWRHQUQM052,SpareBank 1 Sør-Norge,Norway,95980020140005552166,"Eurocaja Rural, Sociedad Cooperativa de Crédito",Spain,0.4689,0.0000,0.0014,0.0000,12,France|Netherlands|Germany,ja
2025-12-31,549300Q3OIWRHQUQM052,SpareBank 1 Sør-Norge,Norway,95980020140005881190,Banco de Crédito Social Cooperativo,Spain,0.5161,0.0000,0.0014,0.0000,14,Germany|France|Netherlands,ja
2025-12-31,549300Q3OIWRHQUQM052,SpareBank 1 Sør-Norge,Norway,9695000CG7B84NLR5984,Confédération Nationale du Crédit Mutuel,France,0.3554,0.0006,0.0014,0.4260,21,Germany|Netherlands|Belgium,ja
2025-12-31,549300Q3OIWRHQUQM052,SpareBank 1 Sør-Norge,Norway,969500Q2PFTTP0Y5QL44,SFIL S.A.,France,0.3875,0.0000,0.0000,,7,Finland|Sweden|Germany,ja
2025-12-31,549300Q3OIWRHQUQM052,SpareBank 1 Sør-Norge,Norway,969500TJ5KRTCJQWXH05,CRÉDIT AGRICOLE AUTO BANK S.P.A.,Italy,0.5187,0.0000,0.0014,0.0000,14,Germany|France|Finland,ja
2025-12-31,549300Q3OIWRHQUQM052,SpareBank 1 Sør-Norge,Norway,9DJT3UXIJIZJI4WXO774,Bank of America Europe Designated Activity Company,Ireland,0.4156,0.0014,0.0014,1.0000,22,France|Germany|Netherlands,ja
2025-12-31,549300Q3OIWRHQUQM052,SpareBank 1 Sør-Norge,Norway,A5GWLFH3KM7YV2SFQL84,Belfius Bank,Belgium,0.3636,0.0000,0.0014,0.0000,18,France|Netherlands|Germany,ja
2025-12-31,549300Q3OIWRHQUQM052,SpareBank 1 Sør-Norge,Norway,AT0000000000043000VB,VOLKSBANK WIEN AG VB,Austria,0.6027,0.0001,0.0014,0.0814,22,Germany|France|Netherlands,ja
2025-12-31,549300Q3OIWRHQUQM052,SpareBank 1 Sør-Norge,Norway,B64D6Y3LBJS4ANNPCU93,NIBC Bank N.V.,Netherlands,0.4391,0.0000,0.0014,0.0000,11,Germany|France|Sweden,ja
2025-12-31,549300Q3OIWRHQUQM052,SpareBank 1 Sør-Norge,Norway,BFXS5XCH7N0Y05NIXW11,ABN AMRO Bank N.V.,Netherlands,0.4224,0.0005,0.0014,0.3274,19,Germany|France|Belgium,ja
2025-12-31,549300Q3OIWRHQUQM052,SpareBank 1 Sør-Norge,Norway,DIZES5CFO5K3I5R58746,Landesbank Hessen-Thüringen Girozentrale,Germany,0.3089,0.0005,0.0014,0.3690,24,France|Netherlands|Sweden,ja
2025-12-31,549300Q3OIWRHQUQM052,SpareBank 1 Sør-Norge,Norway,DSNHHQ2B9X5N6OUJ1236,Norddeutsche Landesbank - Girozentrale -,Germany,0.3068,0.0008,0.0014,0.5539,21,France|Netherlands|Austria,ja
2025-12-31,549300Q3OIWRHQUQM052,SpareBank 1 Sør-Norge,Norway,DZZ47B9A52ZJ6LT6VV95,Deutsche Pfandbriefbank AG,Germany,0.4491,0.0001,0.0014,0.0969,15,France|Netherlands|Sweden,ja
2025-12-31,549300Q3OIWRHQUQM052,SpareBank 1 Sør-Norge,Norway,I7ETN0QQO2AHZZGHJ389,KOMMUNALBANKEN AS,Norway,0.6746,0.0000,0.0000,,6,Germany|France|Finland,nein
2025-12-31,549300Q3OIWRHQUQM052,SpareBank 1 Sør-Norge,Norway,J4CP7MHCXR8DAQMKIL78,MEDIOBANCA - BANCA DI CREDITO FINANZIARIO S.P.A.,Italy,0.3553,0.0005,0.0014,0.3266,20,France|Netherlands|Germany,ja
2025-12-31,549300Q3OIWRHQUQM052,SpareBank 1 Sør-Norge,Norway,MAES062Z21O4RZ2U7M96,Danske Bank A/S,Denmark,0.3102,0.0000,0.0014,0.0000,9,Finland|Sweden|France,ja
2025-12-31,549300Q3OIWRHQUQM052,SpareBank 1 Sør-Norge,Norway,MLU0ZO3ML4LN2LL2TL39,HSBC Continental Europe,France,0.3878,0.0010,0.0014,0.7087,23,Germany|Netherlands|Denmark,ja
2025-12-31,549300Q3OIWRHQUQM052,SpareBank 1 Sør-Norge,Norway,N747OI7JINV7RUUH6190,BPER Banca S.p.A.,Italy,0.5270,0.0004,0.0014,0.2596,16,Germany|France|Netherlands,ja
2025-12-31,549300Q3OIWRHQUQM052,SpareBank 1 Sør-Norge,Norway,NNVPP80YIZGEY2314M97,ICCREA BANCA S.P.A. - ISTITUTO CENTRALE DEL CREDITO COOPERATIVO (IN FORMA ABBREVIATA: ICCREA BANCA S.P.A.),Italy,0.5378,0.0000,0.0014,0.0000,13,Germany|France|Netherlands,ja
2025-12-31,549300Q3OIWRHQUQM052,SpareBank 1 Sør-Norge,Norway,P4GTT6GF1W40CVIMFR43,Powszechna Kasa Oszczednosci Bank Polski S.A.,Poland,0.3989,0.0004,0.0014,0.2598,24,Germany|Netherlands|France,ja
2025-12-31,549300Q3OIWRHQUQM052,SpareBank 1 Sør-Norge,Norway,R7CQUF1DQM73HUTV1078,"Banque et Caisse d´Epargne de l´Etat, Luxembourg",Luxembourg,0.5853,0.0000,0.0014,0.0000,15,France|Germany|Netherlands,ja
2025-12-31,549300Q3OIWRHQUQM052,SpareBank 1 Sør-Norge,Norway,RRUN0TCQ1K2JDV7MXO75,Oberbank AG,Austria,0.3287,0.0001,0.0014,0.0411,22,Germany|Slovakia|Netherlands,ja
2025-12-31,549300Q3OIWRHQUQM052,SpareBank 1 Sør-Norge,Norway,VDYMYTQGZZ6DU0912C88,Bayerische Landesbank,Germany,0.3267,0.0001,0.0014,0.0641,24,France|Netherlands|Belgium,ja
2025-12-31,549300Q3OIWRHQUQM052,SpareBank 1 Sør-Norge,Norway,WFLLPEPC7FZXENRZV188,THE BANK OF NEW YORK MELLON,Belgium,0.4731,0.0005,0.0014,0.3268,17,Germany|Netherlands|Austria,ja
2025-12-31,549300RG3H390KEL8896,Banca Transilvania,Romania,549300TEJKOLFN65KR76,BNF Bank plc,Malta,0.3037,0.0000,0.0404,0.0000,14,France|Luxembourg|United States,ja
2025-12-31,549300RG3H390KEL8896,Banca Transilvania,Romania,724500A1FNICHSDF2I11,ASN Bank N.V.,Netherlands,0.3148,0.0000,0.0000,,13,France|Luxembourg|Germany,ja
2025-12-31,549300RG3H390KEL8896,Banca Transilvania,Romania,7LTWFZYICNSX8D621K86,DEUTSCHE BANK AKTIENGESELLSCHAFT,Germany,0.3359,0.0101,0.1605,0.0628,60,United States|Luxembourg|Italy,ja
2025-12-31,549300RG3H390KEL8896,Banca Transilvania,Romania,8156003D79D064FB5360,CASSA LOMBARDA - S.P.A.,Italy,0.3049,0.0000,0.0137,0.0003,18,France|Spain|Germany,ja
2025-12-31,549300RG3H390KEL8896,Banca Transilvania,Romania,8156005420362AE59184,BANCA IFIS S.P.A. (OVVERO IFIS BANCA S.P.A. O IN FORMA ABBREVIATA IFIS S.P.A.),Italy,0.3668,0.0040,0.0896,0.0451,60,France|Luxembourg|Germany,ja
2025-12-31,549300RG3H390KEL8896,Banca Transilvania,Romania,81560087340FCB8D6D66,MEDIOCREDITO CENTRALE - BANCA DEL MEZZOGIORNO SPA,Italy,0.3054,0.0019,0.0261,0.0735,30,Luxembourg|United States|France,ja
2025-12-31,549300RG3H390KEL8896,Banca Transilvania,Romania,815600AD83B2B6317788,CREDITO EMILIANO HOLDING SOCIETA' PER AZIONI,Italy,0.3721,0.0000,0.0007,0.0000,23,France|United States|Spain,ja
2025-12-31,549300RG3H390KEL8896,Banca Transilvania,Romania,815600E4E6DCD2D25E30,BANCO BPM SOCIETA' PER AZIONI,Italy,0.3194,0.0001,0.0023,0.0579,26,France|Luxembourg|Spain,ja
2025-12-31,549300RG3H390KEL8896,Banca Transilvania,Romania,8I5DZWZKVSZI1NUHU748,J.P. Morgan SE,Germany,0.4297,0.0092,0.1131,0.0809,61,France|Luxembourg|United States,ja
2025-12-31,549300RG3H390KEL8896,Banca Transilvania,Romania,95980020140005552166,"Eurocaja Rural, Sociedad Cooperativa de Crédito",Spain,0.3095,0.0278,0.0577,0.4815,26,France|Luxembourg|United States,ja
2025-12-31,549300RG3H390KEL8896,Banca Transilvania,Romania,9695005MSX1OYEMGDF46,Natixis,France,0.3195,0.0070,0.0781,0.0892,61,Luxembourg|United States|United Kingdom,ja
2025-12-31,549300RG3H390KEL8896,Banca Transilvania,Romania,969500TJ5KRTCJQWXH05,CRÉDIT AGRICOLE AUTO BANK S.P.A.,Italy,0.3081,0.0000,0.0020,0.0006,23,France|Spain|Germany,ja
2025-12-31,549300RG3H390KEL8896,Banca Transilvania,Romania,9DJT3UXIJIZJI4WXO774,Bank of America Europe Designated Activity Company,Ireland,0.3917,0.0043,0.0753,0.0574,45,France|Luxembourg|Italy,ja
2025-12-31,549300RG3H390KEL8896,Banca Transilvania,Romania,A5GWLFH3KM7YV2SFQL84,Belfius Bank,Belgium,0.4119,0.0034,0.0128,0.2631,31,France|Luxembourg|United States,ja
2025-12-31,549300RG3H390KEL8896,Banca Transilvania,Romania,B64D6Y3LBJS4ANNPCU93,NIBC Bank N.V.,Netherlands,0.3121,0.0000,0.0170,0.0000,14,France|Luxembourg|Spain,ja
2025-12-31,549300RG3H390KEL8896,Banca Transilvania,Romania,BFXS5XCH7N0Y05NIXW11,ABN AMRO Bank N.V.,Netherlands,0.3359,0.0037,0.0868,0.0426,33,France|Luxembourg|United States,ja
2025-12-31,549300RG3H390KEL8896,Banca Transilvania,Romania,DIZES5CFO5K3I5R58746,Landesbank Hessen-Thüringen Girozentrale,Germany,0.4080,0.0071,0.0460,0.1535,74,France|United States|Luxembourg,ja
2025-12-31,549300RG3H390KEL8896,Banca Transilvania,Romania,DSNHHQ2B9X5N6OUJ1236,Norddeutsche Landesbank - Girozentrale -,Germany,0.4200,0.0077,0.0596,0.1295,49,France|Luxembourg|United States,ja
2025-12-31,549300RG3H390KEL8896,Banca Transilvania,Romania,DZZ47B9A52ZJ6LT6VV95,Deutsche Pfandbriefbank AG,Germany,0.3612,0.0001,0.0064,0.0220,20,France|United States|Spain,ja
2025-12-31,549300RG3H390KEL8896,Banca Transilvania,Romania,J4CP7MHCXR8DAQMKIL78,MEDIOBANCA - BANCA DI CREDITO FINANZIARIO S.P.A.,Italy,0.3853,0.0002,0.0569,0.0044,37,France|Luxembourg|Spain,ja
2025-12-31,549300RG3H390KEL8896,Banca Transilvania,Romania,MLU0ZO3ML4LN2LL2TL39,HSBC Continental Europe,France,0.3691,0.0016,0.1276,0.0125,60,Luxembourg|United States|Spain,ja
2025-12-31,549300RG3H390KEL8896,Banca Transilvania,Romania,N747OI7JINV7RUUH6190,BPER Banca S.p.A.,Italy,0.3183,0.0001,0.0209,0.0067,27,France|Luxembourg|Spain,ja
2025-12-31,549300RG3H390KEL8896,Banca Transilvania,Romania,QLPCKOOKVX32FUELX240,Bank Polska Kasa Opieki S.A.,Poland,0.3433,0.0005,0.0714,0.0076,73,Luxembourg|Spain|Germany,ja
2025-12-31,549300RG3H390KEL8896,Banca Transilvania,Romania,TUKDD90GPC79G1KOE162,Hamburg Commercial Bank AG,Germany,0.3566,0.0063,0.1541,0.0411,31,Luxembourg|United States|France,ja
2025-12-31,549300SXM92LQ05OJQ76,Sparebank 1 Nord-Norge SPA,Norway,549300TLZPT6JELDWM92,Landsbankinn hf.,Iceland,0.5748,0.0000,0.0000,,5,Sweden|Denmark|France,ja
2025-12-31,549300SXM92LQ05OJQ76,Sparebank 1 Nord-Norge SPA,Norway,5967007LIEEXZX5PU005,Sparebanken Møre SPA,Norway,0.3939,0.0000,0.0021,0.0000,11,Sweden|Denmark|United States,nein
2025-12-31,549300SXM92LQ05OJQ76,Sparebank 1 Nord-Norge SPA,Norway,5967007LIEEXZX8UHK11,SPAREBANK 1 SOGN OG FJORDANE,Norway,0.6383,0.0000,0.0011,0.0000,14,Denmark|Sweden|Finland,nein
2025-12-31,549300SXM92LQ05OJQ76,Sparebank 1 Nord-Norge SPA,Norway,7437005892K69S3MW344,Säästöpankkiliitto osk,Finland,0.3051,0.0000,0.0021,0.0000,8,Sweden|Denmark|France,ja
2025-12-31,549300SXM92LQ05OJQ76,Sparebank 1 Nord-Norge SPA,Norway,7437006WYM821IJ3MN73,Ålandsbanken Abp,Finland,0.5693,0.0000,0.0000,0.0006,10,Sweden|Denmark|France,ja
2025-12-31,549300SXM92LQ05OJQ76,Sparebank 1 Nord-Norge SPA,Norway,743700PW2HDTPU3YRJ31,POP Pankkikeskus osk,Finland,0.4063,0.0000,0.0006,0.0000,8,Sweden|Denmark|France,ja
2025-12-31,549300SXM92LQ05OJQ76,Sparebank 1 Nord-Norge SPA,Norway,7V6Z97IO7R1SEAO84Q32,SpareBank 1 SMN,Norway,0.8178,0.0021,0.0021,1.0000,16,Sweden|Denmark|Finland,nein
2025-12-31,549300SXM92LQ05OJQ76,Sparebank 1 Nord-Norge SPA,Norway,K8MS7FD7N5Z2WQ51AZ71,"Banco Bilbao Vizcaya Argentaria, S.A.",Spain,0.3253,0.0014,0.0021,0.6624,14,Denmark|Sweden|Cayman Islands,ja
2025-12-31,549300SXM92LQ05OJQ76,Sparebank 1 Nord-Norge SPA,Norway,MAES062Z21O4RZ2U7M96,Danske Bank A/S,Denmark,0.5748,0.0000,0.0017,0.0000,7,Sweden|Finland|France,ja
2025-12-31,549300TEJKOLFN65KR76,BNF Bank plc,Malta,549300TK038P6EV4YU51,AB Artea bankas,Lithuania,0.3264,0.0000,0.0000,,4,France|United States|Netherlands,ja
2025-12-31,549300TEJKOLFN65KR76,BNF Bank plc,Malta,549300TL5406IC1XKD09,Saxo Bank A/S,Denmark,0.3660,0.0003,0.0404,0.0062,17,Netherlands|Luxembourg|Canada,ja
2025-12-31,549300TEJKOLFN65KR76,BNF Bank plc,Malta,549300TTZTKBUFKWH890,The Cyprus Development Bank Public Company Ltd,Cyprus,0.3724,0.0000,0.0000,,4,Netherlands|France|Ireland,ja
2025-12-31,549300TEJKOLFN65KR76,BNF Bank plc,Malta,743700GC62JLHFBUND16,Aktia Bank Abp,Finland,0.3534,0.0403,0.0404,0.9967,10,France|Netherlands|Iceland,ja
2025-12-31,549300TEJKOLFN65KR76,BNF Bank plc,Malta,8156005420362AE59184,BANCA IFIS S.P.A. (OVVERO IFIS BANCA S.P.A. O IN FORMA ABBREVIATA IFIS S.P.A.),Italy,0.4216,0.0000,0.0404,0.0002,16,France|Luxembourg|Ireland,ja
2025-12-31,549300TEJKOLFN65KR76,BNF Bank plc,Malta,81560062CEAE87A85C80,AREPO BP S.P.A.,Italy,0.4966,0.0000,0.0404,0.0000,9,Luxembourg|Netherlands|United States,ja
2025-12-31,549300TEJKOLFN65KR76,BNF Bank plc,Malta,81560087340FCB8D6D66,MEDIOCREDITO CENTRALE - BANCA DEL MEZZOGIORNO SPA,Italy,0.4346,0.0000,0.0261,0.0000,10,Luxembourg|United States|France,ja
2025-12-31,549300TEJKOLFN65KR76,BNF Bank plc,Malta,815600AD83B2B6317788,CREDITO EMILIANO HOLDING SOCIETA' PER AZIONI,Italy,0.4377,0.0000,0.0007,0.0000,9,France|United States|Netherlands,ja
2025-12-31,549300TEJKOLFN65KR76,BNF Bank plc,Malta,815600E4E6DCD2D25E30,BANCO BPM SOCIETA' PER AZIONI,Italy,0.5355,0.0000,0.0023,0.0005,10,Luxembourg|Netherlands|France,ja
2025-12-31,549300TEJKOLFN65KR76,BNF Bank plc,Malta,8I5DZWZKVSZI1NUHU748,J.P. Morgan SE,Germany,0.5045,0.0000,0.0404,0.0001,15,France|United States|Netherlands,ja
2025-12-31,549300TEJKOLFN65KR76,BNF Bank plc,Malta,95980020140005220135,"Caja Rural de Granada, Sociedad Cooperativa de Crédito",Spain,0.4440,0.0000,0.0008,0.0029,8,Netherlands|France|Luxembourg,ja
2025-12-31,549300TEJKOLFN65KR76,BNF Bank plc,Malta,95980020140005439549,"Caja Rural de Navarra, S. Coop. de Crédito",Spain,0.4211,0.0001,0.0063,0.0139,9,Netherlands|France|Luxembourg,ja
2025-12-31,549300TEJKOLFN65KR76,BNF Bank plc,Malta,95980020140005484654,"Caja Rural de Albacete, Ciudad Real y Cuenca, Sociedad Cooperativa de Crédito",Spain,0.4120,0.0000,0.0000,,5,Netherlands|France|Luxembourg,ja
2025-12-31,549300TEJKOLFN65KR76,BNF Bank plc,Malta,95980020140005552166,"Eurocaja Rural, Sociedad Cooperativa de Crédito",Spain,0.4470,0.0001,0.0404,0.0031,12,France|Netherlands|Luxembourg,ja
2025-12-31,549300TEJKOLFN65KR76,BNF Bank plc,Malta,95980020140005881190,Banco de Crédito Social Cooperativo,Spain,0.4715,0.0041,0.0045,0.9134,10,Luxembourg|France|Netherlands,ja
2025-12-31,549300TEJKOLFN65KR76,BNF Bank plc,Malta,9598005U8TZQ8Q64SC71,LIBERTY PARTNERS S.L.U.,Spain,0.4920,0.0000,0.0241,0.0000,8,Luxembourg|France|Ireland,ja
2025-12-31,549300TEJKOLFN65KR76,BNF Bank plc,Malta,9695005MSX1OYEMGDF46,Natixis,France,0.4640,0.0001,0.0404,0.0020,16,Luxembourg|United States|Netherlands,ja
2025-12-31,549300TEJKOLFN65KR76,BNF Bank plc,Malta,969500STN7T9MRUMJ267,Bpifrance,France,0.3167,0.0000,0.0317,0.0000,11,Netherlands|Luxembourg|Ireland,ja
2025-12-31,549300TEJKOLFN65KR76,BNF Bank plc,Malta,969500TJ5KRTCJQWXH05,CRÉDIT AGRICOLE AUTO BANK S.P.A.,Italy,0.3013,0.0000,0.0020,0.0000,12,France|Finland|Netherlands,ja
2025-12-31,549300TEJKOLFN65KR76,BNF Bank plc,Malta,9DJT3UXIJIZJI4WXO774,Bank of America Europe Designated Activity Company,Ireland,0.4418,0.0001,0.0404,0.0031,14,Luxembourg|France|Netherlands,ja
2025-12-31,549300TEJKOLFN65KR76,BNF Bank plc,Malta,A5GWLFH3KM7YV2SFQL84,Belfius Bank,Belgium,0.5075,0.0000,0.0128,0.0032,16,France|Netherlands|Luxembourg,ja
2025-12-31,549300TEJKOLFN65KR76,BNF Bank plc,Malta,AT0000000000043000VB,VOLKSBANK WIEN AG VB,Austria,0.3481,0.0001,0.0047,0.0260,15,France|Netherlands|Canada,ja
2025-12-31,549300TEJKOLFN65KR76,BNF Bank plc,Malta,BFXS5XCH7N0Y05NIXW11,ABN AMRO Bank N.V.,Netherlands,0.3271,0.0000,0.0404,0.0001,13,France|Luxembourg|United States,ja
2025-12-31,549300TEJKOLFN65KR76,BNF Bank plc,Malta,DG3RU1DBUFHT4ZF9WN62,Coöperatieve Rabobank U.A.,Netherlands,0.3027,0.0010,0.0404,0.0238,16,United States|France|Canada,ja
2025-12-31,549300TEJKOLFN65KR76,BNF Bank plc,Malta,DIZES5CFO5K3I5R58746,Landesbank Hessen-Thüringen Girozentrale,Germany,0.5117,0.0001,0.0404,0.0013,16,France|United States|Luxembourg,ja
2025-12-31,549300TEJKOLFN65KR76,BNF Bank plc,Malta,DSNHHQ2B9X5N6OUJ1236,Norddeutsche Landesbank - Girozentrale -,Germany,0.5846,0.0001,0.0404,0.0031,15,France|United States|Netherlands,ja
2025-12-31,549300TEJKOLFN65KR76,BNF Bank plc,Malta,DZZ47B9A52ZJ6LT6VV95,Deutsche Pfandbriefbank AG,Germany,0.4321,0.0000,0.0064,0.0000,10,France|United States|Netherlands,ja
2025-12-31,549300TEJKOLFN65KR76,BNF Bank plc,Malta,FR9695005MSX1OYEMGDF,Groupe BPCE,France,0.3500,0.0000,0.0129,0.0007,9,Luxembourg|Netherlands|Germany,ja
2025-12-31,549300TEJKOLFN65KR76,BNF Bank plc,Malta,J4CP7MHCXR8DAQMKIL78,MEDIOBANCA - BANCA DI CREDITO FINANZIARIO S.P.A.,Italy,0.4487,0.0000,0.0404,0.0002,15,France|Luxembourg|Netherlands,ja
2025-12-31,549300TEJKOLFN65KR76,BNF Bank plc,Malta,MLU0ZO3ML4LN2LL2TL39,HSBC Continental Europe,France,0.3720,0.0001,0.0404,0.0031,16,Luxembourg|Netherlands|United States,ja
2025-12-31,549300TEJKOLFN65KR76,BNF Bank plc,Malta,N747OI7JINV7RUUH6190,BPER Banca S.p.A.,Italy,0.4113,0.0002,0.0209,0.0097,10,France|Luxembourg|Netherlands,ja
2025-12-31,549300TEJKOLFN65KR76,BNF Bank plc,Malta,NNVPP80YIZGEY2314M97,ICCREA BANCA S.P.A. - ISTITUTO CENTRALE DEL CREDITO COOPERATIVO (IN FORMA ABBREVIATA: ICCREA BANCA S.P.A.),Italy,0.4114,0.0072,0.0074,0.9637,10,Netherlands|France|Luxembourg,ja
2025-12-31,549300TEJKOLFN65KR76,BNF Bank plc,Malta,P4GTT6GF1W40CVIMFR43,Powszechna Kasa Oszczednosci Bank Polski S.A.,Poland,0.3233,0.0000,0.0404,0.0001,17,Netherlands|France|Luxembourg,ja
2025-12-31,549300TEJKOLFN65KR76,BNF Bank plc,Malta,QLPCKOOKVX32FUELX240,Bank Polska Kasa Opieki S.A.,Poland,0.3513,0.0000,0.0404,0.0006,17,Luxembourg|Netherlands|Ireland,ja
2025-12-31,549300TEJKOLFN65KR76,BNF Bank plc,Malta,R7CQUF1DQM73HUTV1078,"Banque et Caisse d´Epargne de l´Etat, Luxembourg",Luxembourg,0.3777,0.0000,0.0047,0.0055,9,Netherlands|France|Ireland,ja
2025-12-31,549300TEJKOLFN65KR76,BNF Bank plc,Malta,TUKDD90GPC79G1KOE162,Hamburg Commercial Bank AG,Germany,0.5599,0.0000,0.0404,0.0000,12,Luxembourg|United States|Netherlands,ja
2025-12-31,549300TEJKOLFN65KR76,BNF Bank plc,Malta,VDYMYTQGZZ6DU0912C88,Bayerische Landesbank,Germany,0.6101,0.0000,0.0041,0.0075,16,Luxembourg|Netherlands|France,ja
2025-12-31,549300TEJKOLFN65KR76,BNF Bank plc,Malta,WFLLPEPC7FZXENRZV188,THE BANK OF NEW YORK MELLON,Belgium,0.3787,0.0000,0.0404,0.0000,13,Netherlands|Ireland|Luxembourg,ja
2025-12-31,549300TK038P6EV4YU51,AB Artea bankas,Lithuania,635400AKJBGNS5WNQL34,AIB Group plc,Ireland,0.3233,0.0000,0.0000,,8,United States|United Kingdom|France,ja
2025-12-31,549300TK038P6EV4YU51,AB Artea bankas,Lithuania,7437003B5WFBOIEFY714,OP Osuuskunta,Finland,0.3158,0.0000,0.0000,,5,France|Latvia|Estonia,ja
2025-12-31,549300TK038P6EV4YU51,AB Artea bankas,Lithuania,8156003D79D064FB5360,CASSA LOMBARDA - S.P.A.,Italy,0.3686,0.0000,0.0000,,5,Switzerland|France|United Kingdom,ja
2025-12-31,549300TK038P6EV4YU51,AB Artea bankas,Lithuania,8156005420362AE59184,BANCA IFIS S.P.A. (OVVERO IFIS BANCA S.P.A. O IN FORMA ABBREVIATA IFIS S.P.A.),Italy,0.3204,0.0000,0.0000,,8,France|Switzerland|United States,ja
2025-12-31,549300TK038P6EV4YU51,AB Artea bankas,Lithuania,815600AD83B2B6317788,CREDITO EMILIANO HOLDING SOCIETA' PER AZIONI,Italy,0.4293,0.0000,0.0000,,6,France|United States|United Kingdom,ja
2025-12-31,549300TK038P6EV4YU51,AB Artea bankas,Lithuania,8I5DZWZKVSZI1NUHU748,J.P. Morgan SE,Germany,0.4248,0.0000,0.0000,,8,France|United States|United Kingdom,ja
2025-12-31,549300TK038P6EV4YU51,AB Artea bankas,Lithuania,969500TJ5KRTCJQWXH05,CRÉDIT AGRICOLE AUTO BANK S.P.A.,Italy,0.3327,0.0000,0.0000,,4,France|United Kingdom|Switzerland,ja
2025-12-31,549300TK038P6EV4YU51,AB Artea bankas,Lithuania,9DJT3UXIJIZJI4WXO774,Bank of America Europe Designated Activity Company,Ireland,0.3610,0.0000,0.0000,,6,France|United Kingdom|Netherlands,ja
2025-12-31,549300TK038P6EV4YU51,AB Artea bankas,Lithuania,A5GWLFH3KM7YV2SFQL84,Belfius Bank,Belgium,0.3703,0.0000,0.0000,,8,France|United Kingdom|Netherlands,ja
2025-12-31,549300TK038P6EV4YU51,AB Artea bankas,Lithuania,BFXS5XCH7N0Y05NIXW11,ABN AMRO Bank N.V.,Netherlands,0.3045,0.0000,0.0000,,7,France|United Kingdom|United States,ja
2025-12-31,549300TK038P6EV4YU51,AB Artea bankas,Lithuania,DIZES5CFO5K3I5R58746,Landesbank Hessen-Thüringen Girozentrale,Germany,0.4474,0.0000,0.0000,,8,France|United States|United Kingdom,ja
2025-12-31,549300TK038P6EV4YU51,AB Artea bankas,Lithuania,DSNHHQ2B9X5N6OUJ1236,Norddeutsche Landesbank - Girozentrale -,Germany,0.4434,0.0000,0.0000,,7,United States|France|United Kingdom,ja
2025-12-31,549300TK038P6EV4YU51,AB Artea bankas,Lithuania,DZZ47B9A52ZJ6LT6VV95,Deutsche Pfandbriefbank AG,Germany,0.3958,0.0000,0.0000,,5,France|United Kingdom|United States,ja
2025-12-31,549300TK038P6EV4YU51,AB Artea bankas,Lithuania,J4CP7MHCXR8DAQMKIL78,MEDIOBANCA - BANCA DI CREDITO FINANZIARIO S.P.A.,Italy,0.3600,0.0000,0.0000,,8,France|United Kingdom|Netherlands,ja
2025-12-31,549300TK038P6EV4YU51,AB Artea bankas,Lithuania,TUKDD90GPC79G1KOE162,Hamburg Commercial Bank AG,Germany,0.3383,0.0000,0.0000,,6,United States|United Kingdom|France,ja
2025-12-31,549300TK038P6EV4YU51,AB Artea bankas,Lithuania,VDYMYTQGZZ6DU0912C88,Bayerische Landesbank,Germany,0.3044,0.0000,0.0000,,8,France|United Kingdom|Netherlands,ja
2025-12-31,549300TL5406IC1XKD09,Saxo Bank A/S,Denmark,724500A1FNICHSDF2I11,ASN Bank N.V.,Netherlands,0.4118,0.0000,0.0000,,12,Belgium|Luxembourg|Norway,ja
2025-12-31,549300TL5406IC1XKD09,Saxo Bank A/S,Denmark,7437003B5WFBOIEFY714,OP Osuuskunta,Finland,0.3296,0.0001,0.0002,0.3333,22,Norway|Germany|Sweden,ja
2025-12-31,549300TL5406IC1XKD09,Saxo Bank A/S,Denmark,7437005892K69S3MW344,Säästöpankkiliitto osk,Finland,0.3048,0.0001,0.0023,0.0552,16,Norway|Luxembourg|Germany,ja
2025-12-31,549300TL5406IC1XKD09,Saxo Bank A/S,Denmark,743700FTBNXAUN57RH30,S-Pankki Oyj,Finland,0.3406,0.0036,0.0036,1.0000,16,Netherlands|Norway|Sweden,ja
2025-12-31,549300TL5406IC1XKD09,Saxo Bank A/S,Denmark,743700GC62JLHFBUND16,Aktia Bank Abp,Finland,0.3574,0.0001,0.0415,0.0031,23,Netherlands|Norway|Germany,ja
2025-12-31,549300TL5406IC1XKD09,Saxo Bank A/S,Denmark,815600E4E6DCD2D25E30,BANCO BPM SOCIETA' PER AZIONI,Italy,0.3609,0.0001,0.0023,0.0380,26,Netherlands|Luxembourg|Germany,ja
2025-12-31,549300TL5406IC1XKD09,Saxo Bank A/S,Denmark,8I5DZWZKVSZI1NUHU748,J.P. Morgan SE,Germany,0.3555,0.0146,0.0967,0.1509,63,Netherlands|Luxembourg|Sweden,ja
2025-12-31,549300TL5406IC1XKD09,Saxo Bank A/S,Denmark,95980020140005220135,"Caja Rural de Granada, Sociedad Cooperativa de Crédito",Spain,0.3219,0.0001,0.0008,0.1133,17,Netherlands|Germany|Luxembourg,ja
2025-12-31,549300TL5406IC1XKD09,Saxo Bank A/S,Denmark,95980020140005439549,"Caja Rural de Navarra, S. Coop. de Crédito",Spain,0.3529,0.0001,0.0063,0.0139,17,Netherlands|Germany|Luxembourg,ja
2025-12-31,549300TL5406IC1XKD09,Saxo Bank A/S,Denmark,95980020140005484654,"Caja Rural de Albacete, Ciudad Real y Cuenca, Sociedad Cooperativa de Crédito",Spain,0.3236,0.0000,0.0000,,11,Netherlands|Germany|Luxembourg,ja
2025-12-31,549300TL5406IC1XKD09,Saxo Bank A/S,Denmark,95980020140005552166,"Eurocaja Rural, Sociedad Cooperativa de Crédito",Spain,0.3992,0.0018,0.0577,0.0311,25,Netherlands|Luxembourg|Germany,ja
2025-12-31,549300TL5406IC1XKD09,Saxo Bank A/S,Denmark,95980020140005881190,Banco de Crédito Social Cooperativo,Spain,0.3528,0.0001,0.0045,0.0283,24,Netherlands|Luxembourg|Germany,ja
2025-12-31,549300TL5406IC1XKD09,Saxo Bank A/S,Denmark,9695000CG7B84NLR5984,Confédération Nationale du Crédit Mutuel,France,0.4726,0.0014,0.0130,0.1094,38,Belgium|Luxembourg|Germany,ja
2025-12-31,549300TL5406IC1XKD09,Saxo Bank A/S,Denmark,969500Q2PFTTP0Y5QL44,SFIL S.A.,France,0.4090,0.0000,0.0000,,9,Finland|Norway|Germany,ja
2025-12-31,549300TL5406IC1XKD09,Saxo Bank A/S,Denmark,9DJT3UXIJIZJI4WXO774,Bank of America Europe Designated Activity Company,Ireland,0.3794,0.0169,0.0753,0.2249,46,Netherlands|Luxembourg|Germany,ja
2025-12-31,549300TL5406IC1XKD09,Saxo Bank A/S,Denmark,A5GWLFH3KM7YV2SFQL84,Belfius Bank,Belgium,0.4238,0.0065,0.0128,0.5078,33,Netherlands|Luxembourg|Germany,ja
2025-12-31,549300TL5406IC1XKD09,Saxo Bank A/S,Denmark,AT0000000000043000VB,VOLKSBANK WIEN AG VB,Austria,0.3767,0.0007,0.0047,0.1426,51,Netherlands|Germany|Canada,ja
2025-12-31,549300TL5406IC1XKD09,Saxo Bank A/S,Denmark,B64D6Y3LBJS4ANNPCU93,NIBC Bank N.V.,Netherlands,0.3245,0.0001,0.0170,0.0075,15,Germany|Luxembourg|Belgium,ja
2025-12-31,549300TL5406IC1XKD09,Saxo Bank A/S,Denmark,BFXS5XCH7N0Y05NIXW11,ABN AMRO Bank N.V.,Netherlands,0.3359,0.0109,0.0868,0.1261,39,Luxembourg|Belgium|Germany,ja
2025-12-31,549300TL5406IC1XKD09,Saxo Bank A/S,Denmark,DIZES5CFO5K3I5R58746,Landesbank Hessen-Thüringen Girozentrale,Germany,0.3189,0.0141,0.0460,0.3068,59,Luxembourg|Netherlands|Sweden,ja
2025-12-31,549300TL5406IC1XKD09,Saxo Bank A/S,Denmark,DSNHHQ2B9X5N6OUJ1236,Norddeutsche Landesbank - Girozentrale -,Germany,0.3317,0.0053,0.0596,0.0890,49,Netherlands|Luxembourg|Sweden,ja
2025-12-31,549300TL5406IC1XKD09,Saxo Bank A/S,Denmark,DZZ47B9A52ZJ6LT6VV95,Deutsche Pfandbriefbank AG,Germany,0.3006,0.0003,0.0064,0.0440,20,Netherlands|Sweden|Finland,ja
2025-12-31,549300TL5406IC1XKD09,Saxo Bank A/S,Denmark,F3JS33DEI6XQ4ZBPTN86,Skandinaviska Enskilda Banken - gruppen,Sweden,0.3691,0.0110,0.0537,0.2051,63,Finland|Norway|Germany,ja
2025-12-31,549300TL5406IC1XKD09,Saxo Bank A/S,Denmark,J4CP7MHCXR8DAQMKIL78,MEDIOBANCA - BANCA DI CREDITO FINANZIARIO S.P.A.,Italy,0.3225,0.0047,0.0569,0.0824,37,Luxembourg|Netherlands|Germany,ja
2025-12-31,549300TL5406IC1XKD09,Saxo Bank A/S,Denmark,MAES062Z21O4RZ2U7M96,Danske Bank A/S,Denmark,0.3225,0.0001,0.0017,0.0731,16,Finland|Norway|Sweden,nein
2025-12-31,549300TL5406IC1XKD09,Saxo Bank A/S,Denmark,MLU0ZO3ML4LN2LL2TL39,HSBC Continental Europe,France,0.3756,0.0072,0.0967,0.0749,59,Netherlands|Luxembourg|Germany,ja
2025-12-31,549300TL5406IC1XKD09,Saxo Bank A/S,Denmark,N747OI7JINV7RUUH6190,BPER Banca S.p.A.,Italy,0.3750,0.0029,0.0209,0.1397,28,Netherlands|Luxembourg|Germany,ja
2025-12-31,549300TL5406IC1XKD09,Saxo Bank A/S,Denmark,O2RNE8IBXP4R0TD8PU41,Société générale S.A.,France,0.3621,0.0000,0.0264,0.0012,55,Luxembourg|Germany|Netherlands,ja
2025-12-31,549300TL5406IC1XKD09,Saxo Bank A/S,Denmark,P4GTT6GF1W40CVIMFR43,Powszechna Kasa Oszczednosci Bank Polski S.A.,Poland,0.3319,0.0068,0.0967,0.0703,58,Netherlands|Germany|Luxembourg,ja
2025-12-31,549300TL5406IC1XKD09,Saxo Bank A/S,Denmark,QLPCKOOKVX32FUELX240,Bank Polska Kasa Opieki S.A.,Poland,0.3138,0.0057,0.0714,0.0791,52,Luxembourg|Germany|Netherlands,ja
2025-12-31,549300TL5406IC1XKD09,Saxo Bank A/S,Denmark,R0MUWSFPU8MPRO8K5P83,BNP Paribas,France,0.4606,0.0009,0.0108,0.0796,60,Belgium|Luxembourg|Germany,ja
2025-12-31,549300TL5406IC1XKD09,Saxo Bank A/S,Denmark,R7CQUF1DQM73HUTV1078,"Banque et Caisse d´Epargne de l´Etat, Luxembourg",Luxembourg,0.4476,0.0000,0.0047,0.0055,24,Netherlands|Norway|Belgium,ja
2025-12-31,549300TL5406IC1XKD09,Saxo Bank A/S,Denmark,TUKDD90GPC79G1KOE162,Hamburg Commercial Bank AG,Germany,0.3538,0.0046,0.0967,0.0478,34,Netherlands|Luxembourg|Sweden,ja
2025-12-31,549300TL5406IC1XKD09,Saxo Bank A/S,Denmark,VDYMYTQGZZ6DU0912C88,Bayerische Landesbank,Germany,0.3027,0.0013,0.0041,0.3135,65,Netherlands|Luxembourg|Belgium,ja
2025-12-31,549300TL5406IC1XKD09,Saxo Bank A/S,Denmark,WFLLPEPC7FZXENRZV188,THE BANK OF NEW YORK MELLON,Belgium,0.3267,0.0045,0.0805,0.0554,35,Netherlands|Germany|Norway,ja
2025-12-31,549300TLZPT6JELDWM92,Landsbankinn hf.,Iceland,5967007LIEEXZX5PU005,Sparebanken Møre SPA,Norway,0.4253,0.0000,0.0000,,4,Sweden|Denmark|United Kingdom,ja
2025-12-31,549300TLZPT6JELDWM92,Landsbankinn hf.,Iceland,5967007LIEEXZX8UHK11,SPAREBANK 1 SOGN OG FJORDANE,Norway,0.3162,0.0000,0.0000,,10,Sweden|Denmark|Slovakia,ja
2025-12-31,549300TLZPT6JELDWM92,Landsbankinn hf.,Iceland,7437003B5WFBOIEFY714,OP Osuuskunta,Finland,0.4302,0.0000,0.0000,,12,Sweden|Norway|Estonia,ja
2025-12-31,549300TLZPT6JELDWM92,Landsbankinn hf.,Iceland,7437005892K69S3MW344,Säästöpankkiliitto osk,Finland,0.6229,0.0000,0.0000,,11,Sweden|Norway|Estonia,ja
2025-12-31,549300TLZPT6JELDWM92,Landsbankinn hf.,Iceland,7437006WYM821IJ3MN73,Ålandsbanken Abp,Finland,0.6364,0.0000,0.0000,,8,Sweden|Norway|Denmark,ja
2025-12-31,549300TLZPT6JELDWM92,Landsbankinn hf.,Iceland,743700FTBNXAUN57RH30,S-Pankki Oyj,Finland,0.4614,0.0000,0.0000,,7,Norway|Sweden|Denmark,ja
2025-12-31,549300TLZPT6JELDWM92,Landsbankinn hf.,Iceland,743700GC62JLHFBUND16,Aktia Bank Abp,Finland,0.4046,0.0000,0.0000,,14,Norway|Sweden|Denmark,ja
2025-12-31,549300TLZPT6JELDWM92,Landsbankinn hf.,Iceland,743700PW2HDTPU3YRJ31,POP Pankkikeskus osk,Finland,0.7048,0.0000,0.0000,,11,Sweden|Norway|Denmark,ja
2025-12-31,549300TLZPT6JELDWM92,Landsbankinn hf.,Iceland,7V6Z97IO7R1SEAO84Q32,SpareBank 1 SMN,Norway,0.6001,0.0000,0.0000,,9,Sweden|Denmark|Luxembourg,ja
2025-12-31,549300TLZPT6JELDWM92,Landsbankinn hf.,Iceland,F3JS33DEI6XQ4ZBPTN86,Skandinaviska Enskilda Banken - gruppen,Sweden,0.3336,0.0000,0.0000,,15,Norway|Estonia|Denmark,ja
2025-12-31,549300TLZPT6JELDWM92,Landsbankinn hf.,Iceland,MAES062Z21O4RZ2U7M96,Danske Bank A/S,Denmark,0.6319,0.0000,0.0000,,10,Sweden|Norway|United Kingdom,ja
2025-12-31,549300TRUWO2CD2G5692,"UNICREDIT, SOCIETA' PER AZIONI",Italy,549300X5UKJVE386ZB61,BANCA GENERALI - SOCIETA' PER AZIONI (IN FORMA ABBREVIATA GENERBANCA),Italy,0.4764,0.0001,0.0029,0.0301,43,Germany|France|Netherlands,nein
2025-12-31,549300TRUWO2CD2G5692,"UNICREDIT, SOCIETA' PER AZIONI",Italy,635400F6HLXKXNJJX605,EXIM BANCA ROMANEASCA S.A.,Romania,0.4865,0.0000,0.0000,1.0000,29,Germany|Czechia|France,ja
2025-12-31,549300TRUWO2CD2G5692,"UNICREDIT, SOCIETA' PER AZIONI",Italy,636700HER4JIK7GZUN17,Klarna - Grupp,Sweden,0.4493,0.0000,0.0000,,6,Germany|United Kingdom|United States,ja
2025-12-31,549300TRUWO2CD2G5692,"UNICREDIT, SOCIETA' PER AZIONI",Italy,724500A1FNICHSDF2I11,ASN Bank N.V.,Netherlands,0.3299,0.0000,0.0000,,12,Germany|Austria|France,ja
2025-12-31,549300TRUWO2CD2G5692,"UNICREDIT, SOCIETA' PER AZIONI",Italy,724500SF1CI8OD5AHI07,HCBG Holding B.V.,Netherlands,0.4626,0.0019,0.0278,0.0687,31,Germany|Romania|France,ja
2025-12-31,549300TRUWO2CD2G5692,"UNICREDIT, SOCIETA' PER AZIONI",Italy,8156005420362AE59184,BANCA IFIS S.P.A. (OVVERO IFIS BANCA S.P.A. O IN FORMA ABBREVIATA IFIS S.P.A.),Italy,0.3260,0.0039,0.0278,0.1413,91,Germany|France|Romania,nein
2025-12-31,549300TRUWO2CD2G5692,"UNICREDIT, SOCIETA' PER AZIONI",Italy,95980020140005220135,"Caja Rural de Granada, Sociedad Cooperativa de Crédito",Spain,0.3058,0.0008,0.0008,0.9981,18,Germany|France|United Kingdom,ja
2025-12-31,549300TRUWO2CD2G5692,"UNICREDIT, SOCIETA' PER AZIONI",Italy,95980020140005881190,Banco de Crédito Social Cooperativo,Spain,0.4682,0.0000,0.0045,0.0022,27,Germany|France|United Kingdom,ja
2025-12-31,549300TRUWO2CD2G5692,"UNICREDIT, SOCIETA' PER AZIONI",Italy,9695000CG7B84NLR5984,Confédération Nationale du Crédit Mutuel,France,0.5157,0.0011,0.0130,0.0878,47,Germany|United Kingdom|Netherlands,ja
2025-12-31,549300TRUWO2CD2G5692,"UNICREDIT, SOCIETA' PER AZIONI",Italy,969500F7JLTX36OUI695,RCI Banque,France,0.3961,0.0015,0.0278,0.0549,25,Germany|United Kingdom|Switzerland,ja
2025-12-31,549300TRUWO2CD2G5692,"UNICREDIT, SOCIETA' PER AZIONI",Italy,969500TJ5KRTCJQWXH05,CRÉDIT AGRICOLE AUTO BANK S.P.A.,Italy,0.4010,0.0003,0.0020,0.1370,25,Germany|Czechia|France,nein
2025-12-31,549300TRUWO2CD2G5692,"UNICREDIT, SOCIETA' PER AZIONI",Italy,9DJT3UXIJIZJI4WXO774,Bank of America Europe Designated Activity Company,Ireland,0.3046,0.0049,0.0278,0.1770,62,Germany|France|United Kingdom,ja
2025-12-31,549300TRUWO2CD2G5692,"UNICREDIT, SOCIETA' PER AZIONI",Italy,9ZHRYM6F437SQJ6OUG95,Raiffeisen Bank International AG,Austria,0.3330,0.0192,0.0278,0.6905,149,Czechia|Germany|Romania,ja
2025-12-31,549300TRUWO2CD2G5692,"UNICREDIT, SOCIETA' PER AZIONI",Italy,AT0000000000043000VB,VOLKSBANK WIEN AG VB,Austria,0.5325,0.0012,0.0047,0.2549,77,Germany|France|United Kingdom,ja
2025-12-31,549300TRUWO2CD2G5692,"UNICREDIT, SOCIETA' PER AZIONI",Italy,B64D6Y3LBJS4ANNPCU93,NIBC Bank N.V.,Netherlands,0.3937,0.0000,0.0170,0.0000,14,Germany|France|United Kingdom,ja
2025-12-31,549300TRUWO2CD2G5692,"UNICREDIT, SOCIETA' PER AZIONI",Italy,BFXS5XCH7N0Y05NIXW11,ABN AMRO Bank N.V.,Netherlands,0.3410,0.0051,0.0278,0.1831,43,Germany|France|United Kingdom,ja
2025-12-31,549300TRUWO2CD2G5692,"UNICREDIT, SOCIETA' PER AZIONI",Italy,I7ETN0QQO2AHZZGHJ389,KOMMUNALBANKEN AS,Norway,0.4358,0.0000,0.0000,,6,Germany|France|Netherlands,ja
2025-12-31,549300TRUWO2CD2G5692,"UNICREDIT, SOCIETA' PER AZIONI",Italy,MLU0ZO3ML4LN2LL2TL39,HSBC Continental Europe,France,0.4137,0.0058,0.0278,0.2069,89,Germany|United Kingdom|United States,ja
2025-12-31,549300TRUWO2CD2G5692,"UNICREDIT, SOCIETA' PER AZIONI",Italy,N747OI7JINV7RUUH6190,BPER Banca S.p.A.,Italy,0.3546,0.0010,0.0209,0.0480,37,Germany|France|United Kingdom,nein
2025-12-31,549300TRUWO2CD2G5692,"UNICREDIT, SOCIETA' PER AZIONI",Italy,NNVPP80YIZGEY2314M97,ICCREA BANCA S.P.A. - ISTITUTO CENTRALE DEL CREDITO COOPERATIVO (IN FORMA ABBREVIATA: ICCREA BANCA S.P.A.),Italy,0.3821,0.0000,0.0074,0.0006,27,Germany|France|Netherlands,nein
2025-12-31,549300TRUWO2CD2G5692,"UNICREDIT, SOCIETA' PER AZIONI",Italy,O2RNE8IBXP4R0TD8PU41,Société générale S.A.,France,0.3804,0.0000,0.0264,0.0016,114,Germany|Czechia|Romania,ja
2025-12-31,549300TRUWO2CD2G5692,"UNICREDIT, SOCIETA' PER AZIONI",Italy,P4GTT6GF1W40CVIMFR43,Powszechna Kasa Oszczednosci Bank Polski S.A.,Poland,0.5190,0.0004,0.0278,0.0141,132,Germany|Czechia|Austria,ja
2025-12-31,549300TRUWO2CD2G5692,"UNICREDIT, SOCIETA' PER AZIONI",Italy,QLPCKOOKVX32FUELX240,Bank Polska Kasa Opieki S.A.,Poland,0.4134,0.0039,0.0278,0.1393,109,Germany|Austria|Czechia,ja
2025-12-31,549300TRUWO2CD2G5692,"UNICREDIT, SOCIETA' PER AZIONI",Italy,R7CQUF1DQM73HUTV1078,"Banque et Caisse d´Epargne de l´Etat, Luxembourg",Luxembourg,0.3146,0.0000,0.0047,0.0011,28,Germany|France|United Kingdom,ja
2025-12-31,549300TRUWO2CD2G5692,"UNICREDIT, SOCIETA' PER AZIONI",Italy,RRUN0TCQ1K2JDV7MXO75,Oberbank AG,Austria,0.5476,0.0014,0.0018,0.7972,58,Germany|Czechia|Hungary,ja
2025-12-31,549300TRUWO2CD2G5692,"UNICREDIT, SOCIETA' PER AZIONI",Italy,WFLLPEPC7FZXENRZV188,THE BANK OF NEW YORK MELLON,Belgium,0.4714,0.0042,0.0278,0.1498,58,Germany|Austria|France,ja
2025-12-31,549300TTZTKBUFKWH890,The Cyprus Development Bank Public Company Ltd,Cyprus,724500A1FNICHSDF2I11,ASN Bank N.V.,Netherlands,0.3070,0.0000,0.0000,,3,France|United Kingdom|Austria,ja
2025-12-31,549300TTZTKBUFKWH890,The Cyprus Development Bank Public Company Ltd,Cyprus,784F5XWPLTWKTBV3E584,Goldman Sachs Bank Europe SE,Germany,0.3233,0.0000,0.0000,,4,United Kingdom|France|Netherlands,ja
2025-12-31,549300TTZTKBUFKWH890,The Cyprus Development Bank Public Company Ltd,Cyprus,8156005420362AE59184,BANCA IFIS S.P.A. (OVVERO IFIS BANCA S.P.A. O IN FORMA ABBREVIATA IFIS S.P.A.),Italy,0.3626,0.0000,0.0000,,5,Ireland|France|United Kingdom,ja
2025-12-31,549300TTZTKBUFKWH890,The Cyprus Development Bank Public Company Ltd,Cyprus,815600AD83B2B6317788,CREDITO EMILIANO HOLDING SOCIETA' PER AZIONI,Italy,0.3448,0.0000,0.0000,,4,France|United Kingdom|Netherlands,ja
2025-12-31,549300TTZTKBUFKWH890,The Cyprus Development Bank Public Company Ltd,Cyprus,815600E4E6DCD2D25E30,BANCO BPM SOCIETA' PER AZIONI,Italy,0.4252,0.0000,0.0000,,4,Netherlands|France|United Kingdom,ja
2025-12-31,549300TTZTKBUFKWH890,The Cyprus Development Bank Public Company Ltd,Cyprus,8I5DZWZKVSZI1NUHU748,J.P. Morgan SE,Germany,0.3984,0.0000,0.0000,,5,France|United Kingdom|Netherlands,ja
2025-12-31,549300TTZTKBUFKWH890,The Cyprus Development Bank Public Company Ltd,Cyprus,95980020140005220135,"Caja Rural de Granada, Sociedad Cooperativa de Crédito",Spain,0.5065,0.0000,0.0000,,4,Netherlands|France|United Kingdom,ja
2025-12-31,549300TTZTKBUFKWH890,The Cyprus Development Bank Public Company Ltd,Cyprus,95980020140005439549,"Caja Rural de Navarra, S. Coop. de Crédito",Spain,0.3866,0.0000,0.0000,,4,Netherlands|France|United Kingdom,ja
2025-12-31,549300TTZTKBUFKWH890,The Cyprus Development Bank Public Company Ltd,Cyprus,95980020140005484654,"Caja Rural de Albacete, Ciudad Real y Cuenca, Sociedad Cooperativa de Crédito",Spain,0.5337,0.0000,0.0000,,4,Netherlands|France|United Kingdom,ja
2025-12-31,549300TTZTKBUFKWH890,The Cyprus Development Bank Public Company Ltd,Cyprus,95980020140005881190,Banco de Crédito Social Cooperativo,Spain,0.3884,0.0000,0.0000,,4,France|United Kingdom|Netherlands,ja
2025-12-31,549300TTZTKBUFKWH890,The Cyprus Development Bank Public Company Ltd,Cyprus,9598005U8TZQ8Q64SC71,LIBERTY PARTNERS S.L.U.,Spain,0.3207,0.0000,0.0000,,4,France|United Kingdom|Ireland,ja
2025-12-31,549300TTZTKBUFKWH890,The Cyprus Development Bank Public Company Ltd,Cyprus,969500STN7T9MRUMJ267,Bpifrance,France,0.4634,0.0000,0.0000,,4,Netherlands|Ireland|United Kingdom,ja
2025-12-31,549300TTZTKBUFKWH890,The Cyprus Development Bank Public Company Ltd,Cyprus,969500TJ5KRTCJQWXH05,CRÉDIT AGRICOLE AUTO BANK S.P.A.,Italy,0.3226,0.0000,0.0000,,5,France|United Kingdom|Netherlands,ja
2025-12-31,549300TTZTKBUFKWH890,The Cyprus Development Bank Public Company Ltd,Cyprus,9DJT3UXIJIZJI4WXO774,Bank of America Europe Designated Activity Company,Ireland,0.3490,0.0000,0.0000,,4,France|United Kingdom|Netherlands,ja
2025-12-31,549300TTZTKBUFKWH890,The Cyprus Development Bank Public Company Ltd,Cyprus,A5GWLFH3KM7YV2SFQL84,Belfius Bank,Belgium,0.3883,0.0000,0.0000,,5,France|United Kingdom|Netherlands,ja
2025-12-31,549300TTZTKBUFKWH890,The Cyprus Development Bank Public Company Ltd,Cyprus,DIZES5CFO5K3I5R58746,Landesbank Hessen-Thüringen Girozentrale,Germany,0.3586,0.0000,0.0000,,5,France|United Kingdom|Netherlands,ja
2025-12-31,549300TTZTKBUFKWH890,The Cyprus Development Bank Public Company Ltd,Cyprus,DSNHHQ2B9X5N6OUJ1236,Norddeutsche Landesbank - Girozentrale -,Germany,0.4497,0.0000,0.0000,,5,France|Netherlands|United Kingdom,ja
2025-12-31,549300TTZTKBUFKWH890,The Cyprus Development Bank Public Company Ltd,Cyprus,DZZ47B9A52ZJ6LT6VV95,Deutsche Pfandbriefbank AG,Germany,0.3590,0.0000,0.0000,,5,France|United Kingdom|Netherlands,ja
2025-12-31,549300TTZTKBUFKWH890,The Cyprus Development Bank Public Company Ltd,Cyprus,J4CP7MHCXR8DAQMKIL78,MEDIOBANCA - BANCA DI CREDITO FINANZIARIO S.P.A.,Italy,0.3807,0.0000,0.0000,,5,France|United Kingdom|Netherlands,ja
2025-12-31,549300TTZTKBUFKWH890,The Cyprus Development Bank Public Company Ltd,Cyprus,N747OI7JINV7RUUH6190,BPER Banca S.p.A.,Italy,0.3352,0.0000,0.0000,,4,France|Netherlands|United Kingdom,ja
2025-12-31,549300TTZTKBUFKWH890,The Cyprus Development Bank Public Company Ltd,Cyprus,NNVPP80YIZGEY2314M97,ICCREA BANCA S.P.A. - ISTITUTO CENTRALE DEL CREDITO COOPERATIVO (IN FORMA ABBREVIATA: ICCREA BANCA S.P.A.),Italy,0.3780,0.0000,0.0000,,3,Netherlands|France|Ireland,ja
2025-12-31,549300TTZTKBUFKWH890,The Cyprus Development Bank Public Company Ltd,Cyprus,QLPCKOOKVX32FUELX240,Bank Polska Kasa Opieki S.A.,Poland,0.3509,0.0000,0.0000,,5,United Kingdom|Ireland|Austria,ja
2025-12-31,549300TTZTKBUFKWH890,The Cyprus Development Bank Public Company Ltd,Cyprus,R7CQUF1DQM73HUTV1078,"Banque et Caisse d´Epargne de l´Etat, Luxembourg",Luxembourg,0.4226,0.0000,0.0000,,4,Netherlands|France|United Kingdom,ja
2025-12-31,549300TTZTKBUFKWH890,The Cyprus Development Bank Public Company Ltd,Cyprus,TUKDD90GPC79G1KOE162,Hamburg Commercial Bank AG,Germany,0.3550,0.0000,0.0000,,5,United Kingdom|Netherlands|France,ja
2025-12-31,549300TTZTKBUFKWH890,The Cyprus Development Bank Public Company Ltd,Cyprus,VDYMYTQGZZ6DU0912C88,Bayerische Landesbank,Germany,0.4727,0.0000,0.0000,,5,Netherlands|France|United Kingdom,ja
2025-12-31,549300TTZTKBUFKWH890,The Cyprus Development Bank Public Company Ltd,Cyprus,WFLLPEPC7FZXENRZV188,THE BANK OF NEW YORK MELLON,Belgium,0.4620,0.0000,0.0000,,5,Netherlands|United Kingdom|Austria,ja
2025-12-31,549300UARE5MHTBUPJ19,Promontoria 19 Coöperatie U.A.,Netherlands,815600AD83B2B6317788,CREDITO EMILIANO HOLDING SOCIETA' PER AZIONI,Italy,0.4102,0.0000,0.0007,0.0127,25,France|United Kingdom|United States,ja
2025-12-31,549300UARE5MHTBUPJ19,Promontoria 19 Coöperatie U.A.,Netherlands,95980020140005220135,"Caja Rural de Granada, Sociedad Cooperativa de Crédito",Spain,0.3313,0.0000,0.0008,0.0151,17,France|United Kingdom|Germany,ja
2025-12-31,549300UARE5MHTBUPJ19,Promontoria 19 Coöperatie U.A.,Netherlands,95980020140005439549,"Caja Rural de Navarra, S. Coop. de Crédito",Spain,0.4102,0.0000,0.0063,0.0019,19,France|United Kingdom|Germany,ja
2025-12-31,549300UARE5MHTBUPJ19,Promontoria 19 Coöperatie U.A.,Netherlands,95980020140005484654,"Caja Rural de Albacete, Ciudad Real y Cuenca, Sociedad Cooperativa de Crédito",Spain,0.3835,0.0000,0.0000,,10,France|United Kingdom|Germany,ja
2025-12-31,549300UARE5MHTBUPJ19,Promontoria 19 Coöperatie U.A.,Netherlands,95980020140005552166,"Eurocaja Rural, Sociedad Cooperativa de Crédito",Spain,0.4595,0.0007,0.0577,0.0123,38,France|United States|United Kingdom,ja
2025-12-31,549300UARE5MHTBUPJ19,Promontoria 19 Coöperatie U.A.,Netherlands,N747OI7JINV7RUUH6190,BPER Banca S.p.A.,Italy,0.3194,0.0002,0.0209,0.0109,36,France|United Kingdom|Spain,ja
2025-12-31,549300X5UKJVE386ZB61,BANCA GENERALI - SOCIETA' PER AZIONI (IN FORMA ABBREVIATA GENERBANCA),Italy,635400F6HLXKXNJJX605,EXIM BANCA ROMANEASCA S.A.,Romania,0.6398,0.0000,0.0000,0.2353,23,Germany|France|Austria,ja
2025-12-31,549300X5UKJVE386ZB61,BANCA GENERALI - SOCIETA' PER AZIONI (IN FORMA ABBREVIATA GENERBANCA),Italy,636700HER4JIK7GZUN17,Klarna - Grupp,Sweden,0.5339,0.0000,0.0000,,6,Germany|Netherlands|United Kingdom,ja
2025-12-31,549300X5UKJVE386ZB61,BANCA GENERALI - SOCIETA' PER AZIONI (IN FORMA ABBREVIATA GENERBANCA),Italy,724500SF1CI8OD5AHI07,HCBG Holding B.V.,Netherlands,0.3009,0.0000,0.0029,0.0032,23,Germany|France|Spain,ja
2025-12-31,549300X5UKJVE386ZB61,BANCA GENERALI - SOCIETA' PER AZIONI (IN FORMA ABBREVIATA GENERBANCA),Italy,95980020140005881190,Banco de Crédito Social Cooperativo,Spain,0.4333,0.0004,0.0029,0.1341,26,Germany|France|Netherlands,ja
2025-12-31,549300X5UKJVE386ZB61,BANCA GENERALI - SOCIETA' PER AZIONI (IN FORMA ABBREVIATA GENERBANCA),Italy,9695000CG7B84NLR5984,Confédération Nationale du Crédit Mutuel,France,0.4902,0.0028,0.0029,0.9764,34,Germany|Netherlands|Spain,ja
2025-12-31,549300X5UKJVE386ZB61,BANCA GENERALI - SOCIETA' PER AZIONI (IN FORMA ABBREVIATA GENERBANCA),Italy,969500F7JLTX36OUI695,RCI Banque,France,0.3129,0.0028,0.0029,0.9714,20,Germany|Spain|Netherlands,ja
2025-12-31,549300X5UKJVE386ZB61,BANCA GENERALI - SOCIETA' PER AZIONI (IN FORMA ABBREVIATA GENERBANCA),Italy,969500TJ5KRTCJQWXH05,CRÉDIT AGRICOLE AUTO BANK S.P.A.,Italy,0.3143,0.0000,0.0020,0.0000,23,Germany|France|Netherlands,nein
2025-12-31,549300X5UKJVE386ZB61,BANCA GENERALI - SOCIETA' PER AZIONI (IN FORMA ABBREVIATA GENERBANCA),Italy,AT0000000000043000VB,VOLKSBANK WIEN AG VB,Austria,0.5315,0.0000,0.0029,0.0159,39,Germany|France|Netherlands,ja
2025-12-31,549300X5UKJVE386ZB61,BANCA GENERALI - SOCIETA' PER AZIONI (IN FORMA ABBREVIATA GENERBANCA),Italy,B64D6Y3LBJS4ANNPCU93,NIBC Bank N.V.,Netherlands,0.3633,0.0000,0.0029,0.0000,13,Germany|France|Spain,ja
2025-12-31,549300X5UKJVE386ZB61,BANCA GENERALI - SOCIETA' PER AZIONI (IN FORMA ABBREVIATA GENERBANCA),Italy,I7ETN0QQO2AHZZGHJ389,KOMMUNALBANKEN AS,Norway,0.5364,0.0000,0.0000,,6,Germany|France|Netherlands,ja
2025-12-31,549300X5UKJVE386ZB61,BANCA GENERALI - SOCIETA' PER AZIONI (IN FORMA ABBREVIATA GENERBANCA),Italy,N747OI7JINV7RUUH6190,BPER Banca S.p.A.,Italy,0.3134,0.0012,0.0029,0.4308,29,Germany|France|Netherlands,nein
2025-12-31,549300X5UKJVE386ZB61,BANCA GENERALI - SOCIETA' PER AZIONI (IN FORMA ABBREVIATA GENERBANCA),Italy,NNVPP80YIZGEY2314M97,ICCREA BANCA S.P.A. - ISTITUTO CENTRALE DEL CREDITO COOPERATIVO (IN FORMA ABBREVIATA: ICCREA BANCA S.P.A.),Italy,0.3444,0.0000,0.0029,0.0000,23,Germany|France|Netherlands,nein
2025-12-31,549300X5UKJVE386ZB61,BANCA GENERALI - SOCIETA' PER AZIONI (IN FORMA ABBREVIATA GENERBANCA),Italy,RRUN0TCQ1K2JDV7MXO75,Oberbank AG,Austria,0.5800,0.0001,0.0018,0.0340,36,Germany|Netherlands|France,ja
2025-12-31,5967007LIEEXZX5PU005,Sparebanken Møre SPA,Norway,635400AKJBGNS5WNQL34,AIB Group plc,Ireland,0.3614,0.0000,0.0353,0.0000,15,United Kingdom|Germany|United States,ja
2025-12-31,5967007LIEEXZX5PU005,Sparebanken Møre SPA,Norway,635400C8EK6DRI12LJ39,Bank of Ireland Group plc,Ireland,0.3351,0.0000,0.0138,0.0034,15,United Kingdom|United States|Germany,ja
2025-12-31,5967007LIEEXZX5PU005,Sparebanken Møre SPA,Norway,724500973ODKK3IFQ447,Adyen N.V.,Netherlands,0.3653,0.0008,0.0428,0.0196,15,United Kingdom|Germany|United States,ja
2025-12-31,5967007LIEEXZX5PU005,Sparebanken Møre SPA,Norway,724500A1FNICHSDF2I11,ASN Bank N.V.,Netherlands,0.3465,0.0000,0.0000,,7,United Kingdom|Germany|Denmark,ja
2025-12-31,5967007LIEEXZX5PU005,Sparebanken Møre SPA,Norway,724500PMK2A2M1SQQ228,Triodos Bank N.V.,Netherlands,0.3517,0.0000,0.0001,0.0000,9,United Kingdom|Germany|Spain,ja
2025-12-31,5967007LIEEXZX5PU005,Sparebanken Møre SPA,Norway,7437003B5WFBOIEFY714,OP Osuuskunta,Finland,0.3215,0.0001,0.0002,0.3333,10,Sweden|Germany|Denmark,ja
2025-12-31,5967007LIEEXZX5PU005,Sparebanken Møre SPA,Norway,7437005892K69S3MW344,Säästöpankkiliitto osk,Finland,0.3379,0.0023,0.0023,1.0000,6,Sweden|Germany|Denmark,ja
2025-12-31,5967007LIEEXZX5PU005,Sparebanken Møre SPA,Norway,7437006WYM821IJ3MN73,Ålandsbanken Abp,Finland,0.4603,0.0000,0.0000,0.0000,8,Sweden|Denmark|Switzerland,ja
2025-12-31,5967007LIEEXZX5PU005,Sparebanken Møre SPA,Norway,743700PW2HDTPU3YRJ31,POP Pankkikeskus osk,Finland,0.4153,0.0006,0.0006,1.0000,6,Sweden|Germany|Denmark,ja
2025-12-31,5967007LIEEXZX5PU005,Sparebanken Møre SPA,Norway,784F5XWPLTWKTBV3E584,Goldman Sachs Bank Europe SE,Germany,0.3210,0.0001,0.0002,0.6848,9,United Kingdom|Denmark|Netherlands,ja
2025-12-31,5967007LIEEXZX5PU005,Sparebanken Møre SPA,Norway,7V6Z97IO7R1SEAO84Q32,SpareBank 1 SMN,Norway,0.4259,0.0000,0.0046,0.0090,10,Sweden|Denmark|Germany,nein
2025-12-31,5967007LIEEXZX5PU005,Sparebanken Møre SPA,Norway,81560087340FCB8D6D66,MEDIOCREDITO CENTRALE - BANCA DEL MEZZOGIORNO SPA,Italy,0.4481,0.0000,0.0261,0.0001,12,United Kingdom|Germany|Switzerland,ja
2025-12-31,5967007LIEEXZX5PU005,Sparebanken Møre SPA,Norway,815600E4E6DCD2D25E30,BANCO BPM SOCIETA' PER AZIONI,Italy,0.3649,0.0000,0.0023,0.0005,10,United Kingdom|Germany|Denmark,ja
2025-12-31,5967007LIEEXZX5PU005,Sparebanken Møre SPA,Norway,95980020140005220135,"Caja Rural de Granada, Sociedad Cooperativa de Crédito",Spain,0.3125,0.0000,0.0008,0.0029,8,United Kingdom|Germany|Denmark,ja
2025-12-31,5967007LIEEXZX5PU005,Sparebanken Møre SPA,Norway,95980020140005881190,Banco de Crédito Social Cooperativo,Spain,0.3107,0.0025,0.0045,0.5582,9,Germany|United Kingdom|Sweden,ja
2025-12-31,5967007LIEEXZX5PU005,Sparebanken Møre SPA,Norway,969500F7JLTX36OUI695,RCI Banque,France,0.3807,0.0000,0.0702,0.0000,8,United Kingdom|Germany|Italy,ja
2025-12-31,5967007LIEEXZX5PU005,Sparebanken Møre SPA,Norway,969500TJ5KRTCJQWXH05,CRÉDIT AGRICOLE AUTO BANK S.P.A.,Italy,0.4442,0.0000,0.0020,0.0000,9,United Kingdom|Germany|Switzerland,ja
2025-12-31,5967007LIEEXZX5PU005,Sparebanken Møre SPA,Norway,9DJT3UXIJIZJI4WXO774,Bank of America Europe Designated Activity Company,Ireland,0.4628,0.0151,0.0702,0.2157,14,United Kingdom|Germany|Switzerland,ja
2025-12-31,5967007LIEEXZX5PU005,Sparebanken Møre SPA,Norway,A5GWLFH3KM7YV2SFQL84,Belfius Bank,Belgium,0.3797,0.0000,0.0128,0.0032,13,United Kingdom|Germany|Italy,ja
2025-12-31,5967007LIEEXZX5PU005,Sparebanken Møre SPA,Norway,B64D6Y3LBJS4ANNPCU93,NIBC Bank N.V.,Netherlands,0.5023,0.0025,0.0170,0.1475,8,United Kingdom|Germany|Sweden,ja
2025-12-31,5967007LIEEXZX5PU005,Sparebanken Møre SPA,Norway,BFXS5XCH7N0Y05NIXW11,ABN AMRO Bank N.V.,Netherlands,0.4312,0.0002,0.0702,0.0025,13,United Kingdom|Germany|Sweden,ja
2025-12-31,5967007LIEEXZX5PU005,Sparebanken Møre SPA,Norway,J4CP7MHCXR8DAQMKIL78,MEDIOBANCA - BANCA DI CREDITO FINANZIARIO S.P.A.,Italy,0.3104,0.0000,0.0569,0.0001,12,United Kingdom|Germany|United States,ja
2025-12-31,5967007LIEEXZX5PU005,Sparebanken Møre SPA,Norway,MAES062Z21O4RZ2U7M96,Danske Bank A/S,Denmark,0.5078,0.0017,0.0017,1.0000,5,Sweden|United Kingdom|Germany,ja
2025-12-31,5967007LIEEXZX5PU005,Sparebanken Møre SPA,Norway,MLU0ZO3ML4LN2LL2TL39,HSBC Continental Europe,France,0.3603,0.0002,0.0702,0.0025,16,Germany|United Kingdom|Italy,ja
2025-12-31,5967007LIEEXZX5PU005,Sparebanken Møre SPA,Norway,N747OI7JINV7RUUH6190,BPER Banca S.p.A.,Italy,0.3064,0.0047,0.0209,0.2263,11,Germany|United Kingdom|Sweden,ja
2025-12-31,5967007LIEEXZX5PU005,Sparebanken Møre SPA,Norway,NHBDILHZTYCNBV5UYZ31,Svenska Handelsbanken - gruppen,Sweden,0.3140,0.0002,0.0054,0.0291,14,United Kingdom|United States|Netherlands,ja
2025-12-31,5967007LIEEXZX5PU005,Sparebanken Møre SPA,Norway,O2RNE8IBXP4R0TD8PU41,Société générale S.A.,France,0.3148,0.0000,0.0264,0.0001,15,Germany|United Kingdom|Australia,ja
2025-12-31,5967007LIEEXZX5PU005,Sparebanken Møre SPA,Norway,R0MUWSFPU8MPRO8K5P83,BNP Paribas,France,0.3031,0.0000,0.0108,0.0034,15,United Kingdom|Germany|Italy,ja
2025-12-31,5967007LIEEXZX5PU005,Sparebanken Møre SPA,Norway,R7CQUF1DQM73HUTV1078,"Banque et Caisse d´Epargne de l´Etat, Luxembourg",Luxembourg,0.3102,0.0000,0.0047,0.0055,10,Germany|Sweden|United Kingdom,ja
2025-12-31,5967007LIEEXZX5PU005,Sparebanken Møre SPA,Norway,SI5RG2M0WQQLZCXKRM20,"Banco de Sabadell, S.A.",Spain,0.3203,0.0003,0.0005,0.4858,9,United Kingdom|Germany|Netherlands,ja
2025-12-31,5967007LIEEXZX5PU005,Sparebanken Møre SPA,Norway,WFLLPEPC7FZXENRZV188,THE BANK OF NEW YORK MELLON,Belgium,0.3106,0.0017,0.0702,0.0245,12,Germany|United Kingdom|Italy,ja
2025-12-31,5967007LIEEXZX8UHK11,SPAREBANK 1 SOGN OG FJORDANE,Norway,743700PW2HDTPU3YRJ31,POP Pankkikeskus osk,Finland,0.3201,0.0000,0.0006,0.0084,14,Sweden|Denmark|Belgium,ja
2025-12-31,5967007LIEEXZX8UHK11,SPAREBANK 1 SOGN OG FJORDANE,Norway,7V6Z97IO7R1SEAO84Q32,SpareBank 1 SMN,Norway,0.5234,0.0000,0.0011,0.0044,19,Sweden|Denmark|Finland,nein
2025-12-31,5967007LIEEXZX8UHK11,SPAREBANK 1 SOGN OG FJORDANE,Norway,K8MS7FD7N5Z2WQ51AZ71,"Banco Bilbao Vizcaya Argentaria, S.A.",Spain,0.3976,0.0011,0.0011,0.9887,23,Denmark|United States|Sweden,ja
2025-12-31,5967007LIEEXZX8UHK11,SPAREBANK 1 SOGN OG FJORDANE,Norway,MAES062Z21O4RZ2U7M96,Danske Bank A/S,Denmark,0.3175,0.0000,0.0011,0.0042,11,Sweden|Finland|Belgium,ja
2025-12-31,635400AKJBGNS5WNQL34,AIB Group plc,Ireland,635400C8EK6DRI12LJ39,Bank of Ireland Group plc,Ireland,0.6645,0.0090,0.0138,0.6510,76,United Kingdom|France|United States,nein
2025-12-31,635400AKJBGNS5WNQL34,AIB Group plc,Ireland,636700HER4JIK7GZUN17,Klarna - Grupp,Sweden,0.4096,0.0000,0.0000,,6,United States|United Kingdom|Netherlands,ja
2025-12-31,635400AKJBGNS5WNQL34,AIB Group plc,Ireland,6SHGI4ZSSLCXXQSBB395,Citigroup Global Markets Europe AG,Germany,0.3472,0.0015,0.0052,0.2815,49,United Kingdom|France|Netherlands,ja
2025-12-31,635400AKJBGNS5WNQL34,AIB Group plc,Ireland,724500973ODKK3IFQ447,Adyen N.V.,Netherlands,0.7839,0.0003,0.0353,0.0081,55,United Kingdom|United States|Germany,ja
2025-12-31,635400AKJBGNS5WNQL34,AIB Group plc,Ireland,724500A1FNICHSDF2I11,ASN Bank N.V.,Netherlands,0.3042,0.0000,0.0000,,13,United Kingdom|France|Luxembourg,ja
2025-12-31,635400AKJBGNS5WNQL34,AIB Group plc,Ireland,724500PMK2A2M1SQQ228,Triodos Bank N.V.,Netherlands,0.3463,0.0001,0.0001,0.9129,17,United Kingdom|France|Germany,ja
2025-12-31,635400AKJBGNS5WNQL34,AIB Group plc,Ireland,784F5XWPLTWKTBV3E584,Goldman Sachs Bank Europe SE,Germany,0.6445,0.0001,0.0002,0.3152,21,United Kingdom|France|Netherlands,ja
2025-12-31,635400AKJBGNS5WNQL34,AIB Group plc,Ireland,7LTWFZYICNSX8D621K86,DEUTSCHE BANK AKTIENGESELLSCHAFT,Germany,0.4442,0.0159,0.0353,0.4512,69,United States|United Kingdom|Luxembourg,ja
2025-12-31,635400AKJBGNS5WNQL34,AIB Group plc,Ireland,81560087340FCB8D6D66,MEDIOCREDITO CENTRALE - BANCA DEL MEZZOGIORNO SPA,Italy,0.5078,0.0000,0.0261,0.0013,29,United Kingdom|United States|France,ja
2025-12-31,635400AKJBGNS5WNQL34,AIB Group plc,Ireland,815600AD83B2B6317788,CREDITO EMILIANO HOLDING SOCIETA' PER AZIONI,Italy,0.4239,0.0000,0.0007,0.0084,25,United States|United Kingdom|France,ja
2025-12-31,635400AKJBGNS5WNQL34,AIB Group plc,Ireland,815600E4E6DCD2D25E30,BANCO BPM SOCIETA' PER AZIONI,Italy,0.3530,0.0001,0.0023,0.0497,29,United Kingdom|France|Netherlands,ja
2025-12-31,635400AKJBGNS5WNQL34,AIB Group plc,Ireland,8I5DZWZKVSZI1NUHU748,J.P. Morgan SE,Germany,0.4634,0.0256,0.0353,0.7266,76,United Kingdom|United States|France,ja
2025-12-31,635400AKJBGNS5WNQL34,AIB Group plc,Ireland,9695005MSX1OYEMGDF46,Natixis,France,0.3372,0.0134,0.0353,0.3810,74,United States|United Kingdom|Luxembourg,ja
2025-12-31,635400AKJBGNS5WNQL34,AIB Group plc,Ireland,969500TJ5KRTCJQWXH05,CRÉDIT AGRICOLE AUTO BANK S.P.A.,Italy,0.3724,0.0000,0.0020,0.0000,22,United Kingdom|France|Netherlands,ja
2025-12-31,635400AKJBGNS5WNQL34,AIB Group plc,Ireland,9DJT3UXIJIZJI4WXO774,Bank of America Europe Designated Activity Company,Ireland,0.4304,0.0131,0.0353,0.3727,57,United Kingdom|France|Netherlands,nein
2025-12-31,635400AKJBGNS5WNQL34,AIB Group plc,Ireland,A5GWLFH3KM7YV2SFQL84,Belfius Bank,Belgium,0.4888,0.0001,0.0128,0.0115,35,United Kingdom|United States|France,ja
2025-12-31,635400AKJBGNS5WNQL34,AIB Group plc,Ireland,B64D6Y3LBJS4ANNPCU93,NIBC Bank N.V.,Netherlands,0.4699,0.0000,0.0170,0.0000,13,United Kingdom|France|Luxembourg,ja
2025-12-31,635400AKJBGNS5WNQL34,AIB Group plc,Ireland,BFXS5XCH7N0Y05NIXW11,ABN AMRO Bank N.V.,Netherlands,0.4414,0.0024,0.0353,0.0675,42,United Kingdom|United States|France,ja
2025-12-31,635400AKJBGNS5WNQL34,AIB Group plc,Ireland,DG3RU1DBUFHT4ZF9WN62,Coöperatieve Rabobank U.A.,Netherlands,0.4784,0.0093,0.0353,0.2628,81,United States|United Kingdom|France,ja
2025-12-31,635400AKJBGNS5WNQL34,AIB Group plc,Ireland,DIZES5CFO5K3I5R58746,Landesbank Hessen-Thüringen Girozentrale,Germany,0.5569,0.0018,0.0353,0.0516,79,United States|United Kingdom|France,ja
2025-12-31,635400AKJBGNS5WNQL34,AIB Group plc,Ireland,DSNHHQ2B9X5N6OUJ1236,Norddeutsche Landesbank - Girozentrale -,Germany,0.5160,0.0150,0.0353,0.4243,59,United Kingdom|United States|France,ja
2025-12-31,635400AKJBGNS5WNQL34,AIB Group plc,Ireland,DZZ47B9A52ZJ6LT6VV95,Deutsche Pfandbriefbank AG,Germany,0.3552,0.0027,0.0064,0.4195,24,United Kingdom|United States|France,ja
2025-12-31,635400AKJBGNS5WNQL34,AIB Group plc,Ireland,J4CP7MHCXR8DAQMKIL78,MEDIOBANCA - BANCA DI CREDITO FINANZIARIO S.P.A.,Italy,0.4028,0.0009,0.0353,0.0252,41,United Kingdom|France|United States,ja
2025-12-31,635400AKJBGNS5WNQL34,AIB Group plc,Ireland,NHBDILHZTYCNBV5UYZ31,Svenska Handelsbanken - gruppen,Sweden,0.3523,0.0024,0.0054,0.4351,78,United Kingdom|Netherlands|United States,ja
2025-12-31,635400AKJBGNS5WNQL34,AIB Group plc,Ireland,QLPCKOOKVX32FUELX240,Bank Polska Kasa Opieki S.A.,Poland,0.3141,0.0074,0.0353,0.2109,69,United Kingdom|United States|Netherlands,ja
2025-12-31,635400AKJBGNS5WNQL34,AIB Group plc,Ireland,SI5RG2M0WQQLZCXKRM20,"Banco de Sabadell, S.A.",Spain,0.6068,0.0000,0.0005,0.0113,25,United Kingdom|France|Netherlands,ja
2025-12-31,635400AKJBGNS5WNQL34,AIB Group plc,Ireland,TUKDD90GPC79G1KOE162,Hamburg Commercial Bank AG,Germany,0.4212,0.0267,0.0353,0.7561,37,United Kingdom|United States|France,ja
2025-12-31,635400AKJBGNS5WNQL34,AIB Group plc,Ireland,VDYMYTQGZZ6DU0912C88,Bayerische Landesbank,Germany,0.3375,0.0031,0.0041,0.7595,85,United Kingdom|France|Netherlands,ja
2025-12-31,635400C8EK6DRI12LJ39,Bank of Ireland Group plc,Ireland,724500973ODKK3IFQ447,Adyen N.V.,Netherlands,0.5393,0.0018,0.0138,0.1292,58,United Kingdom|United States|France,ja
2025-12-31,635400C8EK6DRI12LJ39,Bank of Ireland Group plc,Ireland,724500PMK2A2M1SQQ228,Triodos Bank N.V.,Netherlands,0.3170,0.0000,0.0001,0.4955,17,United Kingdom|France|Germany,ja
2025-12-31,635400C8EK6DRI12LJ39,Bank of Ireland Group plc,Ireland,784F5XWPLTWKTBV3E584,Goldman Sachs Bank Europe SE,Germany,0.7990,0.0000,0.0002,0.0049,21,United Kingdom|France|Luxembourg,ja
2025-12-31,635400C8EK6DRI12LJ39,Bank of Ireland Group plc,Ireland,81560087340FCB8D6D66,MEDIOCREDITO CENTRALE - BANCA DEL MEZZOGIORNO SPA,Italy,0.4287,0.0023,0.0138,0.1702,31,United Kingdom|France|United States,ja
2025-12-31,635400C8EK6DRI12LJ39,Bank of Ireland Group plc,Ireland,9DJT3UXIJIZJI4WXO774,Bank of America Europe Designated Activity Company,Ireland,0.3387,0.0109,0.0138,0.7894,59,United Kingdom|France|United States,nein
2025-12-31,635400C8EK6DRI12LJ39,Bank of Ireland Group plc,Ireland,A5GWLFH3KM7YV2SFQL84,Belfius Bank,Belgium,0.3686,0.0001,0.0128,0.0055,35,United Kingdom|France|United States,ja
2025-12-31,635400C8EK6DRI12LJ39,Bank of Ireland Group plc,Ireland,B64D6Y3LBJS4ANNPCU93,NIBC Bank N.V.,Netherlands,0.4051,0.0000,0.0138,0.0000,14,United Kingdom|France|Luxembourg,ja
2025-12-31,635400C8EK6DRI12LJ39,Bank of Ireland Group plc,Ireland,BFXS5XCH7N0Y05NIXW11,ABN AMRO Bank N.V.,Netherlands,0.3628,0.0018,0.0138,0.1278,40,United Kingdom|France|United States,ja
2025-12-31,635400C8EK6DRI12LJ39,Bank of Ireland Group plc,Ireland,DSNHHQ2B9X5N6OUJ1236,Norddeutsche Landesbank - Girozentrale -,Germany,0.3037,0.0070,0.0138,0.5073,59,United Kingdom|France|United States,ja
2025-12-31,635400C8EK6DRI12LJ39,Bank of Ireland Group plc,Ireland,J4CP7MHCXR8DAQMKIL78,MEDIOBANCA - BANCA DI CREDITO FINANZIARIO S.P.A.,Italy,0.3187,0.0000,0.0138,0.0013,41,United Kingdom|France|United States,ja
2025-12-31,635400C8EK6DRI12LJ39,Bank of Ireland Group plc,Ireland,NHBDILHZTYCNBV5UYZ31,Svenska Handelsbanken - gruppen,Sweden,0.3188,0.0027,0.0054,0.5030,87,United Kingdom|United States|Netherlands,ja
2025-12-31,635400C8EK6DRI12LJ39,Bank of Ireland Group plc,Ireland,SI5RG2M0WQQLZCXKRM20,"Banco de Sabadell, S.A.",Spain,0.9181,0.0000,0.0005,0.0065,27,United Kingdom|France|Germany,ja
2025-12-31,635400F6HLXKXNJJX605,EXIM BANCA ROMANEASCA S.A.,Romania,636700HER4JIK7GZUN17,Klarna - Grupp,Sweden,0.5097,0.0000,0.0000,,5,Germany|United States|United Kingdom,ja
2025-12-31,635400F6HLXKXNJJX605,EXIM BANCA ROMANEASCA S.A.,Romania,724500A1FNICHSDF2I11,ASN Bank N.V.,Netherlands,0.3629,0.0000,0.0000,,11,Germany|France|Belgium,ja
2025-12-31,635400F6HLXKXNJJX605,EXIM BANCA ROMANEASCA S.A.,Romania,724500SF1CI8OD5AHI07,HCBG Holding B.V.,Netherlands,0.3376,0.0000,0.0000,0.2157,18,Germany|France|Italy,ja
2025-12-31,635400F6HLXKXNJJX605,EXIM BANCA ROMANEASCA S.A.,Romania,743700GC62JLHFBUND16,Aktia Bank Abp,Finland,0.3228,0.0000,0.0000,0.0000,15,Germany|France|Czechia,ja
2025-12-31,635400F6HLXKXNJJX605,EXIM BANCA ROMANEASCA S.A.,Romania,815600E4E6DCD2D25E30,BANCO BPM SOCIETA' PER AZIONI,Italy,0.3112,0.0000,0.0000,0.0196,16,France|Germany|Belgium,ja
2025-12-31,635400F6HLXKXNJJX605,EXIM BANCA ROMANEASCA S.A.,Romania,95980020140005220135,"Caja Rural de Granada, Sociedad Cooperativa de Crédito",Spain,0.3333,0.0000,0.0000,0.0196,12,France|Germany|Czechia,ja
2025-12-31,635400F6HLXKXNJJX605,EXIM BANCA ROMANEASCA S.A.,Romania,95980020140005439549,"Caja Rural de Navarra, S. Coop. de Crédito",Spain,0.3031,0.0000,0.0000,0.0000,12,France|Germany|Belgium,ja
2025-12-31,635400F6HLXKXNJJX605,EXIM BANCA ROMANEASCA S.A.,Romania,95980020140005881190,Banco de Crédito Social Cooperativo,Spain,0.4515,0.0000,0.0000,0.0000,14,Germany|France|Belgium,ja
2025-12-31,635400F6HLXKXNJJX605,EXIM BANCA ROMANEASCA S.A.,Romania,9695000CG7B84NLR5984,Confédération Nationale du Crédit Mutuel,France,0.4543,0.0000,0.0000,0.1608,22,Germany|Belgium|Poland,ja
2025-12-31,635400F6HLXKXNJJX605,EXIM BANCA ROMANEASCA S.A.,Romania,969500F7JLTX36OUI695,RCI Banque,France,0.3775,0.0000,0.0000,0.3216,16,Germany|Italy|Poland,ja
2025-12-31,635400F6HLXKXNJJX605,EXIM BANCA ROMANEASCA S.A.,Romania,969500TJ5KRTCJQWXH05,CRÉDIT AGRICOLE AUTO BANK S.P.A.,Italy,0.4261,0.0000,0.0000,0.0784,17,Germany|France|Czechia,ja
2025-12-31,635400F6HLXKXNJJX605,EXIM BANCA ROMANEASCA S.A.,Romania,9DJT3UXIJIZJI4WXO774,Bank of America Europe Designated Activity Company,Ireland,0.3390,0.0000,0.0000,0.3569,27,France|Germany|Italy,ja
2025-12-31,635400F6HLXKXNJJX605,EXIM BANCA ROMANEASCA S.A.,Romania,AT0000000000043000VB,VOLKSBANK WIEN AG VB,Austria,0.6018,0.0000,0.0000,0.2431,24,Germany|France|Belgium,ja
2025-12-31,635400F6HLXKXNJJX605,EXIM BANCA ROMANEASCA S.A.,Romania,B64D6Y3LBJS4ANNPCU93,NIBC Bank N.V.,Netherlands,0.3844,0.0000,0.0000,0.0000,12,Germany|France|Belgium,ja
2025-12-31,635400F6HLXKXNJJX605,EXIM BANCA ROMANEASCA S.A.,Romania,BFXS5XCH7N0Y05NIXW11,ABN AMRO Bank N.V.,Netherlands,0.3603,0.0000,0.0000,0.1020,22,Germany|France|Belgium,ja
2025-12-31,635400F6HLXKXNJJX605,EXIM BANCA ROMANEASCA S.A.,Romania,DZZ47B9A52ZJ6LT6VV95,Deutsche Pfandbriefbank AG,Germany,0.3312,0.0000,0.0000,0.0000,13,France|Poland|Czechia,ja
2025-12-31,635400F6HLXKXNJJX605,EXIM BANCA ROMANEASCA S.A.,Romania,I7ETN0QQO2AHZZGHJ389,KOMMUNALBANKEN AS,Norway,0.6031,0.0000,0.0000,,4,Germany|France|Sweden,ja
2025-12-31,635400F6HLXKXNJJX605,EXIM BANCA ROMANEASCA S.A.,Romania,MLU0ZO3ML4LN2LL2TL39,HSBC Continental Europe,France,0.3268,0.0000,0.0000,0.5318,28,Germany|Italy|Belgium,ja
2025-12-31,635400F6HLXKXNJJX605,EXIM BANCA ROMANEASCA S.A.,Romania,N747OI7JINV7RUUH6190,BPER Banca S.p.A.,Italy,0.3605,0.0000,0.0000,0.0196,16,Germany|France|Belgium,ja
2025-12-31,635400F6HLXKXNJJX605,EXIM BANCA ROMANEASCA S.A.,Romania,NNVPP80YIZGEY2314M97,ICCREA BANCA S.P.A. - ISTITUTO CENTRALE DEL CREDITO COOPERATIVO (IN FORMA ABBREVIATA: ICCREA BANCA S.P.A.),Italy,0.4161,0.0000,0.0000,0.0000,13,Germany|France|Poland,ja
2025-12-31,635400F6HLXKXNJJX605,EXIM BANCA ROMANEASCA S.A.,Romania,R7CQUF1DQM73HUTV1078,"Banque et Caisse d´Epargne de l´Etat, Luxembourg",Luxembourg,0.3459,0.0000,0.0000,0.0000,14,Germany|France|Belgium,ja
2025-12-31,635400F6HLXKXNJJX605,EXIM BANCA ROMANEASCA S.A.,Romania,RRUN0TCQ1K2JDV7MXO75,Oberbank AG,Austria,0.6089,0.0000,0.0000,0.3569,26,Germany|Czechia|France,ja
2025-12-31,636700HER4JIK7GZUN17,Klarna - Grupp,Sweden,724500973ODKK3IFQ447,Adyen N.V.,Netherlands,0.3926,0.0000,0.0000,,5,United States|United Kingdom|Germany,ja
2025-12-31,636700HER4JIK7GZUN17,Klarna - Grupp,Sweden,724500A1FNICHSDF2I11,ASN Bank N.V.,Netherlands,0.3310,0.0000,0.0000,,5,Germany|United Kingdom|Norway,ja
2025-12-31,636700HER4JIK7GZUN17,Klarna - Grupp,Sweden,724500SF1CI8OD5AHI07,HCBG Holding B.V.,Netherlands,0.3235,0.0000,0.0000,,5,Germany|United Kingdom|United States,ja
2025-12-31,636700HER4JIK7GZUN17,Klarna - Grupp,Sweden,7LTWFZYICNSX8D621K86,DEUTSCHE BANK AKTIENGESELLSCHAFT,Germany,0.3508,0.0000,0.0000,,5,United States|United Kingdom|Netherlands,ja
2025-12-31,636700HER4JIK7GZUN17,Klarna - Grupp,Sweden,815600AD83B2B6317788,CREDITO EMILIANO HOLDING SOCIETA' PER AZIONI,Italy,0.3353,0.0000,0.0000,,5,United States|United Kingdom|Netherlands,ja
2025-12-31,636700HER4JIK7GZUN17,Klarna - Grupp,Sweden,95980020140005881190,Banco de Crédito Social Cooperativo,Spain,0.4833,0.0000,0.0000,,4,Germany|United Kingdom|Netherlands,ja
2025-12-31,636700HER4JIK7GZUN17,Klarna - Grupp,Sweden,9695000CG7B84NLR5984,Confédération Nationale du Crédit Mutuel,France,0.5578,0.0000,0.0000,,6,Germany|United Kingdom|Netherlands,ja
2025-12-31,636700HER4JIK7GZUN17,Klarna - Grupp,Sweden,969500F7JLTX36OUI695,RCI Banque,France,0.3779,0.0000,0.0000,,3,Germany|United Kingdom|Netherlands,ja
2025-12-31,636700HER4JIK7GZUN17,Klarna - Grupp,Sweden,969500TJ5KRTCJQWXH05,CRÉDIT AGRICOLE AUTO BANK S.P.A.,Italy,0.3706,0.0000,0.0000,,5,Germany|United Kingdom|Netherlands,ja
2025-12-31,636700HER4JIK7GZUN17,Klarna - Grupp,Sweden,AT0000000000043000VB,VOLKSBANK WIEN AG VB,Austria,0.5629,0.0000,0.0000,,6,Germany|Netherlands|Norway,ja
2025-12-31,636700HER4JIK7GZUN17,Klarna - Grupp,Sweden,B64D6Y3LBJS4ANNPCU93,NIBC Bank N.V.,Netherlands,0.4126,0.0000,0.0000,,5,Germany|United Kingdom|Finland,ja
2025-12-31,636700HER4JIK7GZUN17,Klarna - Grupp,Sweden,BFXS5XCH7N0Y05NIXW11,ABN AMRO Bank N.V.,Netherlands,0.3762,0.0000,0.0000,,4,Germany|United Kingdom|United States,ja
2025-12-31,636700HER4JIK7GZUN17,Klarna - Grupp,Sweden,DG3RU1DBUFHT4ZF9WN62,Coöperatieve Rabobank U.A.,Netherlands,0.4029,0.0000,0.0000,,5,United States|United Kingdom|Germany,ja
2025-12-31,636700HER4JIK7GZUN17,Klarna - Grupp,Sweden,DIZES5CFO5K3I5R58746,Landesbank Hessen-Thüringen Girozentrale,Germany,0.4512,0.0000,0.0000,,5,United States|United Kingdom|Netherlands,ja
2025-12-31,636700HER4JIK7GZUN17,Klarna - Grupp,Sweden,DSNHHQ2B9X5N6OUJ1236,Norddeutsche Landesbank - Girozentrale -,Germany,0.3227,0.0000,0.0000,,5,United States|United Kingdom|Netherlands,ja
2025-12-31,636700HER4JIK7GZUN17,Klarna - Grupp,Sweden,I7ETN0QQO2AHZZGHJ389,KOMMUNALBANKEN AS,Norway,0.5282,0.0000,0.0000,,3,Germany|Netherlands|Finland,ja
2025-12-31,636700HER4JIK7GZUN17,Klarna - Grupp,Sweden,MLU0ZO3ML4LN2LL2TL39,HSBC Continental Europe,France,0.4121,0.0000,0.0000,,6,Germany|United Kingdom|United States,ja
2025-12-31,636700HER4JIK7GZUN17,Klarna - Grupp,Sweden,N747OI7JINV7RUUH6190,BPER Banca S.p.A.,Italy,0.3102,0.0000,0.0000,,4,Germany|United Kingdom|Netherlands,ja
2025-12-31,636700HER4JIK7GZUN17,Klarna - Grupp,Sweden,R7CQUF1DQM73HUTV1078,"Banque et Caisse d´Epargne de l´Etat, Luxembourg",Luxembourg,0.3196,0.0000,0.0000,,4,Germany|Norway|Netherlands,ja
2025-12-31,636700HER4JIK7GZUN17,Klarna - Grupp,Sweden,RRUN0TCQ1K2JDV7MXO75,Oberbank AG,Austria,0.5246,0.0000,0.0000,,6,Germany|Netherlands|Norway,ja
2025-12-31,636700HER4JIK7GZUN17,Klarna - Grupp,Sweden,TUKDD90GPC79G1KOE162,Hamburg Commercial Bank AG,Germany,0.3052,0.0000,0.0000,,5,United States|United Kingdom|Netherlands,ja
2025-12-31,636700HER4JIK7GZUN17,Klarna - Grupp,Sweden,WFLLPEPC7FZXENRZV188,THE BANK OF NEW YORK MELLON,Belgium,0.3824,0.0000,0.0000,,6,Germany|United Kingdom|Netherlands,ja
2025-12-31,6SHGI4ZSSLCXXQSBB395,Citigroup Global Markets Europe AG,Germany,724500A1FNICHSDF2I11,ASN Bank N.V.,Netherlands,0.3331,0.0000,0.0000,,12,United Kingdom|France|Luxembourg,ja
2025-12-31,6SHGI4ZSSLCXXQSBB395,Citigroup Global Markets Europe AG,Germany,784F5XWPLTWKTBV3E584,Goldman Sachs Bank Europe SE,Germany,0.3546,0.0000,0.0002,0.0000,21,United Kingdom|France|Netherlands,nein
2025-12-31,6SHGI4ZSSLCXXQSBB395,Citigroup Global Markets Europe AG,Germany,815600AD83B2B6317788,CREDITO EMILIANO HOLDING SOCIETA' PER AZIONI,Italy,0.3456,0.0000,0.0007,0.0000,24,United Kingdom|France|Netherlands,ja
2025-12-31,6SHGI4ZSSLCXXQSBB395,Citigroup Global Markets Europe AG,Germany,815600E4E6DCD2D25E30,BANCO BPM SOCIETA' PER AZIONI,Italy,0.3824,0.0003,0.0023,0.1351,27,United Kingdom|France|Netherlands,ja
2025-12-31,6SHGI4ZSSLCXXQSBB395,Citigroup Global Markets Europe AG,Germany,851WYGNLUQLFZBSYGB56,COMMERZBANK Aktiengesellschaft,Germany,0.7467,0.0022,0.0052,0.4228,46,Poland|France|Netherlands,nein
2025-12-31,6SHGI4ZSSLCXXQSBB395,Citigroup Global Markets Europe AG,Germany,8I5DZWZKVSZI1NUHU748,J.P. Morgan SE,Germany,0.4325,0.0051,0.0052,0.9962,55,United Kingdom|France|Netherlands,nein
2025-12-31,6SHGI4ZSSLCXXQSBB395,Citigroup Global Markets Europe AG,Germany,95980020140005220135,"Caja Rural de Granada, Sociedad Cooperativa de Crédito",Spain,0.3493,0.0008,0.0008,0.9971,17,United Kingdom|France|Netherlands,ja
2025-12-31,6SHGI4ZSSLCXXQSBB395,Citigroup Global Markets Europe AG,Germany,95980020140005881190,Banco de Crédito Social Cooperativo,Spain,0.3402,0.0000,0.0045,0.0000,25,United Kingdom|France|Netherlands,ja
2025-12-31,6SHGI4ZSSLCXXQSBB395,Citigroup Global Markets Europe AG,Germany,969500TJ5KRTCJQWXH05,CRÉDIT AGRICOLE AUTO BANK S.P.A.,Italy,0.3846,0.0000,0.0020,0.0007,23,United Kingdom|France|Netherlands,ja
2025-12-31,6SHGI4ZSSLCXXQSBB395,Citigroup Global Markets Europe AG,Germany,9DJT3UXIJIZJI4WXO774,Bank of America Europe Designated Activity Company,Ireland,0.4429,0.0014,0.0052,0.2808,44,United Kingdom|France|Netherlands,ja
2025-12-31,6SHGI4ZSSLCXXQSBB395,Citigroup Global Markets Europe AG,Germany,A5GWLFH3KM7YV2SFQL84,Belfius Bank,Belgium,0.4305,0.0000,0.0052,0.0000,32,United Kingdom|France|Netherlands,ja
2025-12-31,6SHGI4ZSSLCXXQSBB395,Citigroup Global Markets Europe AG,Germany,B64D6Y3LBJS4ANNPCU93,NIBC Bank N.V.,Netherlands,0.3598,0.0000,0.0052,0.0000,14,United Kingdom|France|Luxembourg,ja
2025-12-31,6SHGI4ZSSLCXXQSBB395,Citigroup Global Markets Europe AG,Germany,BFXS5XCH7N0Y05NIXW11,ABN AMRO Bank N.V.,Netherlands,0.3495,0.0013,0.0052,0.2475,37,United Kingdom|France|Luxembourg,ja
2025-12-31,6SHGI4ZSSLCXXQSBB395,Citigroup Global Markets Europe AG,Germany,DIZES5CFO5K3I5R58746,Landesbank Hessen-Thüringen Girozentrale,Germany,0.4649,0.0030,0.0052,0.5731,55,United Kingdom|France|Poland,nein
2025-12-31,6SHGI4ZSSLCXXQSBB395,Citigroup Global Markets Europe AG,Germany,DSNHHQ2B9X5N6OUJ1236,Norddeutsche Landesbank - Girozentrale -,Germany,0.4693,0.0017,0.0052,0.3258,42,United Kingdom|France|Netherlands,nein
2025-12-31,6SHGI4ZSSLCXXQSBB395,Citigroup Global Markets Europe AG,Germany,DZZ47B9A52ZJ6LT6VV95,Deutsche Pfandbriefbank AG,Germany,0.4854,0.0004,0.0052,0.0814,23,Poland|United Kingdom|France,nein
2025-12-31,6SHGI4ZSSLCXXQSBB395,Citigroup Global Markets Europe AG,Germany,J4CP7MHCXR8DAQMKIL78,MEDIOBANCA - BANCA DI CREDITO FINANZIARIO S.P.A.,Italy,0.3858,0.0008,0.0052,0.1543,38,United Kingdom|France|Netherlands,ja
2025-12-31,6SHGI4ZSSLCXXQSBB395,Citigroup Global Markets Europe AG,Germany,JU1U6S0DG9YLT7N8ZV32,"Banco Comercial Português, SA",Portugal,0.6194,0.0009,0.0052,0.1699,53,Poland|United Kingdom|France,ja
2025-12-31,6SHGI4ZSSLCXXQSBB395,Citigroup Global Markets Europe AG,Germany,MLU0ZO3ML4LN2LL2TL39,HSBC Continental Europe,France,0.3196,0.0018,0.0052,0.3466,51,United Kingdom|Netherlands|Luxembourg,ja
2025-12-31,6SHGI4ZSSLCXXQSBB395,Citigroup Global Markets Europe AG,Germany,N747OI7JINV7RUUH6190,BPER Banca S.p.A.,Italy,0.3364,0.0008,0.0052,0.1469,29,United Kingdom|France|Netherlands,ja
2025-12-31,6SHGI4ZSSLCXXQSBB395,Citigroup Global Markets Europe AG,Germany,O2RNE8IBXP4R0TD8PU41,Société générale S.A.,France,0.3016,0.0000,0.0052,0.0029,49,United Kingdom|Netherlands|Luxembourg,ja
2025-12-31,6SHGI4ZSSLCXXQSBB395,Citigroup Global Markets Europe AG,Germany,PQOH26KWDF7CG10L6792,"Česká spořitelna, a.s.",Czech,0.3505,0.0001,0.0052,0.0144,55,Poland|Czechia|Luxembourg,ja
2025-12-31,6SHGI4ZSSLCXXQSBB395,Citigroup Global Markets Europe AG,Germany,QLPCKOOKVX32FUELX240,Bank Polska Kasa Opieki S.A.,Poland,0.3287,0.0003,0.0052,0.0537,47,United Kingdom|Netherlands|Luxembourg,ja
2025-12-31,6SHGI4ZSSLCXXQSBB395,Citigroup Global Markets Europe AG,Germany,R0MUWSFPU8MPRO8K5P83,BNP Paribas,France,0.3652,0.0000,0.0052,0.0063,51,United Kingdom|Poland|Netherlands,ja
2025-12-31,6SHGI4ZSSLCXXQSBB395,Citigroup Global Markets Europe AG,Germany,TUKDD90GPC79G1KOE162,Hamburg Commercial Bank AG,Germany,0.3983,0.0017,0.0052,0.3296,33,United Kingdom|France|Netherlands,nein
2025-12-31,6SHGI4ZSSLCXXQSBB395,Citigroup Global Markets Europe AG,Germany,VDYMYTQGZZ6DU0912C88,Bayerische Landesbank,Germany,0.4459,0.0007,0.0041,0.1837,56,United Kingdom|France|Netherlands,nein
2025-12-31,6SHGI4ZSSLCXXQSBB395,Citigroup Global Markets Europe AG,Germany,WFLLPEPC7FZXENRZV188,THE BANK OF NEW YORK MELLON,Belgium,0.3044,0.0037,0.0052,0.7095,35,United Kingdom|Netherlands|Luxembourg,ja
2025-12-31,724500973ODKK3IFQ447,Adyen N.V.,Netherlands,724500PMK2A2M1SQQ228,Triodos Bank N.V.,Netherlands,0.3352,0.0000,0.0001,0.4851,17,United Kingdom|Belgium|Germany,nein
2025-12-31,724500973ODKK3IFQ447,Adyen N.V.,Netherlands,784F5XWPLTWKTBV3E584,Goldman Sachs Bank Europe SE,Germany,0.5008,0.0001,0.0002,0.6866,21,United Kingdom|France|Spain,ja
2025-12-31,724500973ODKK3IFQ447,Adyen N.V.,Netherlands,7LTWFZYICNSX8D621K86,DEUTSCHE BANK AKTIENGESELLSCHAFT,Germany,0.4926,0.0347,0.0428,0.8111,55,United States|United Kingdom|Ireland,ja
2025-12-31,724500973ODKK3IFQ447,Adyen N.V.,Netherlands,81560087340FCB8D6D66,MEDIOCREDITO CENTRALE - BANCA DEL MEZZOGIORNO SPA,Italy,0.4631,0.0020,0.0261,0.0748,28,United Kingdom|United States|Germany,ja
2025-12-31,724500973ODKK3IFQ447,Adyen N.V.,Netherlands,815600AD83B2B6317788,CREDITO EMILIANO HOLDING SOCIETA' PER AZIONI,Italy,0.3228,0.0000,0.0007,0.0254,25,United States|United Kingdom|Germany,ja
2025-12-31,724500973ODKK3IFQ447,Adyen N.V.,Netherlands,815600E4E6DCD2D25E30,BANCO BPM SOCIETA' PER AZIONI,Italy,0.3080,0.0001,0.0023,0.0351,28,United Kingdom|Belgium|Ireland,ja
2025-12-31,724500973ODKK3IFQ447,Adyen N.V.,Netherlands,8I5DZWZKVSZI1NUHU748,J.P. Morgan SE,Germany,0.3927,0.0077,0.0428,0.1788,59,United Kingdom|United States|Ireland,ja
2025-12-31,724500973ODKK3IFQ447,Adyen N.V.,Netherlands,9695005MSX1OYEMGDF46,Natixis,France,0.3417,0.0236,0.0428,0.5522,56,United States|United Kingdom|Germany,ja
2025-12-31,724500973ODKK3IFQ447,Adyen N.V.,Netherlands,969500TJ5KRTCJQWXH05,CRÉDIT AGRICOLE AUTO BANK S.P.A.,Italy,0.3232,0.0000,0.0020,0.0000,22,United Kingdom|Belgium|Germany,ja
2025-12-31,724500973ODKK3IFQ447,Adyen N.V.,Netherlands,9DJT3UXIJIZJI4WXO774,Bank of America Europe Designated Activity Company,Ireland,0.3280,0.0061,0.0428,0.1430,49,United Kingdom|United States|Germany,ja
2025-12-31,724500973ODKK3IFQ447,Adyen N.V.,Netherlands,A5GWLFH3KM7YV2SFQL84,Belfius Bank,Belgium,0.4148,0.0017,0.0128,0.1304,35,United Kingdom|United States|Canada,ja
2025-12-31,724500973ODKK3IFQ447,Adyen N.V.,Netherlands,B64D6Y3LBJS4ANNPCU93,NIBC Bank N.V.,Netherlands,0.4633,0.0007,0.0170,0.0420,15,United Kingdom|Belgium|Ireland,nein
2025-12-31,724500973ODKK3IFQ447,Adyen N.V.,Netherlands,BFXS5XCH7N0Y05NIXW11,ABN AMRO Bank N.V.,Netherlands,0.4272,0.0114,0.0428,0.2660,40,United Kingdom|United States|Belgium,nein
2025-12-31,724500973ODKK3IFQ447,Adyen N.V.,Netherlands,DG3RU1DBUFHT4ZF9WN62,Coöperatieve Rabobank U.A.,Netherlands,0.5470,0.0289,0.0428,0.6751,62,United States|United Kingdom|Canada,nein
2025-12-31,724500973ODKK3IFQ447,Adyen N.V.,Netherlands,DIZES5CFO5K3I5R58746,Landesbank Hessen-Thüringen Girozentrale,Germany,0.5171,0.0165,0.0428,0.3862,58,United States|United Kingdom|Ireland,ja
2025-12-31,724500973ODKK3IFQ447,Adyen N.V.,Netherlands,DSNHHQ2B9X5N6OUJ1236,Norddeutsche Landesbank - Girozentrale -,Germany,0.4627,0.0118,0.0428,0.2754,49,United Kingdom|United States|Ireland,ja
2025-12-31,724500973ODKK3IFQ447,Adyen N.V.,Netherlands,J4CP7MHCXR8DAQMKIL78,MEDIOBANCA - BANCA DI CREDITO FINANZIARIO S.P.A.,Italy,0.3694,0.0026,0.0428,0.0602,40,United Kingdom|United States|Ireland,ja
2025-12-31,724500973ODKK3IFQ447,Adyen N.V.,Netherlands,NHBDILHZTYCNBV5UYZ31,Svenska Handelsbanken - gruppen,Sweden,0.3154,0.0029,0.0054,0.5434,60,United Kingdom|United States|Switzerland,ja
2025-12-31,724500973ODKK3IFQ447,Adyen N.V.,Netherlands,SI5RG2M0WQQLZCXKRM20,"Banco de Sabadell, S.A.",Spain,0.5052,0.0003,0.0005,0.5202,26,United Kingdom|Germany|France,ja
2025-12-31,724500973ODKK3IFQ447,Adyen N.V.,Netherlands,TUKDD90GPC79G1KOE162,Hamburg Commercial Bank AG,Germany,0.3511,0.0022,0.0428,0.0505,31,United Kingdom|United States|Ireland,ja
2025-12-31,724500A1FNICHSDF2I11,ASN Bank N.V.,Netherlands,724500PMK2A2M1SQQ228,Triodos Bank N.V.,Netherlands,0.4732,0.0000,0.0000,,12,United Kingdom|Belgium|Germany,nein
2025-12-31,724500A1FNICHSDF2I11,ASN Bank N.V.,Netherlands,724500SF1CI8OD5AHI07,HCBG Holding B.V.,Netherlands,0.4363,0.0000,0.0000,,11,Germany|Belgium|United Kingdom,nein
2025-12-31,724500A1FNICHSDF2I11,ASN Bank N.V.,Netherlands,7437003B5WFBOIEFY714,OP Osuuskunta,Finland,0.4271,0.0000,0.0000,,9,Germany|France|Norway,ja
2025-12-31,724500A1FNICHSDF2I11,ASN Bank N.V.,Netherlands,7437005892K69S3MW344,Säästöpankkiliitto osk,Finland,0.4581,0.0000,0.0000,,8,France|Norway|Luxembourg,ja
2025-12-31,724500A1FNICHSDF2I11,ASN Bank N.V.,Netherlands,743700GC62JLHFBUND16,Aktia Bank Abp,Finland,0.4574,0.0000,0.0000,,9,France|Germany|Norway,ja
2025-12-31,724500A1FNICHSDF2I11,ASN Bank N.V.,Netherlands,743700PW2HDTPU3YRJ31,POP Pankkikeskus osk,Finland,0.3959,0.0000,0.0000,,8,France|Germany|Norway,ja
2025-12-31,724500A1FNICHSDF2I11,ASN Bank N.V.,Netherlands,784F5XWPLTWKTBV3E584,Goldman Sachs Bank Europe SE,Germany,0.3305,0.0000,0.0000,,8,United Kingdom|France|Luxembourg,ja
2025-12-31,724500A1FNICHSDF2I11,ASN Bank N.V.,Netherlands,8156003D79D064FB5360,CASSA LOMBARDA - S.P.A.,Italy,0.4440,0.0000,0.0000,,12,France|Germany|United Kingdom,ja
2025-12-31,724500A1FNICHSDF2I11,ASN Bank N.V.,Netherlands,8156005420362AE59184,BANCA IFIS S.P.A. (OVVERO IFIS BANCA S.P.A. O IN FORMA ABBREVIATA IFIS S.P.A.),Italy,0.4320,0.0000,0.0000,,12,France|Luxembourg|Germany,ja
2025-12-31,724500A1FNICHSDF2I11,ASN Bank N.V.,Netherlands,81560087340FCB8D6D66,MEDIOCREDITO CENTRALE - BANCA DEL MEZZOGIORNO SPA,Italy,0.4333,0.0000,0.0000,,11,United Kingdom|Luxembourg|Germany,ja
2025-12-31,724500A1FNICHSDF2I11,ASN Bank N.V.,Netherlands,815600AD83B2B6317788,CREDITO EMILIANO HOLDING SOCIETA' PER AZIONI,Italy,0.4821,0.0000,0.0000,,10,France|United Kingdom|Luxembourg,ja
2025-12-31,724500A1FNICHSDF2I11,ASN Bank N.V.,Netherlands,815600E4E6DCD2D25E30,BANCO BPM SOCIETA' PER AZIONI,Italy,0.6468,0.0000,0.0000,,9,France|United Kingdom|Germany,ja
2025-12-31,724500A1FNICHSDF2I11,ASN Bank N.V.,Netherlands,8I5DZWZKVSZI1NUHU748,J.P. Morgan SE,Germany,0.4734,0.0000,0.0000,,12,France|United Kingdom|Luxembourg,ja
2025-12-31,724500A1FNICHSDF2I11,ASN Bank N.V.,Netherlands,95980020140005220135,"Caja Rural de Granada, Sociedad Cooperativa de Crédito",Spain,0.6449,0.0000,0.0000,,8,France|United Kingdom|Germany,ja
2025-12-31,724500A1FNICHSDF2I11,ASN Bank N.V.,Netherlands,95980020140005439549,"Caja Rural de Navarra, S. Coop. de Crédito",Spain,0.5186,0.0000,0.0000,,8,France|Germany|Luxembourg,ja
2025-12-31,724500A1FNICHSDF2I11,ASN Bank N.V.,Netherlands,95980020140005484654,"Caja Rural de Albacete, Ciudad Real y Cuenca, Sociedad Cooperativa de Crédito",Spain,0.4760,0.0000,0.0000,,6,France|Germany|Luxembourg,ja
2025-12-31,724500A1FNICHSDF2I11,ASN Bank N.V.,Netherlands,95980020140005552166,"Eurocaja Rural, Sociedad Cooperativa de Crédito",Spain,0.4795,0.0000,0.0000,,11,France|Germany|Luxembourg,ja
2025-12-31,724500A1FNICHSDF2I11,ASN Bank N.V.,Netherlands,95980020140005881190,Banco de Crédito Social Cooperativo,Spain,0.5633,0.0000,0.0000,,8,Germany|France|United Kingdom,ja
2025-12-31,724500A1FNICHSDF2I11,ASN Bank N.V.,Netherlands,9598005U8TZQ8Q64SC71,LIBERTY PARTNERS S.L.U.,Spain,0.4030,0.0000,0.0000,,9,France|Luxembourg|United Kingdom,ja
2025-12-31,724500A1FNICHSDF2I11,ASN Bank N.V.,Netherlands,9695000CG7B84NLR5984,Confédération Nationale du Crédit Mutuel,France,0.5201,0.0000,0.0000,,12,Germany|Belgium|United Kingdom,ja
2025-12-31,724500A1FNICHSDF2I11,ASN Bank N.V.,Netherlands,969500F7JLTX36OUI695,RCI Banque,France,0.3959,0.0000,0.0000,,7,Germany|United Kingdom|Spain,ja
2025-12-31,724500A1FNICHSDF2I11,ASN Bank N.V.,Netherlands,969500TJ5KRTCJQWXH05,CRÉDIT AGRICOLE AUTO BANK S.P.A.,Italy,0.6244,0.0000,0.0000,,11,France|Germany|United Kingdom,ja
2025-12-31,724500A1FNICHSDF2I11,ASN Bank N.V.,Netherlands,9DJT3UXIJIZJI4WXO774,Bank of America Europe Designated Activity Company,Ireland,0.6191,0.0000,0.0000,,13,United Kingdom|France|Luxembourg,ja
2025-12-31,724500A1FNICHSDF2I11,ASN Bank N.V.,Netherlands,A5GWLFH3KM7YV2SFQL84,Belfius Bank,Belgium,0.5785,0.0000,0.0000,,12,France|United Kingdom|Luxembourg,ja
2025-12-31,724500A1FNICHSDF2I11,ASN Bank N.V.,Netherlands,AT0000000000043000VB,VOLKSBANK WIEN AG VB,Austria,0.5122,0.0000,0.0000,,12,France|Germany|Norway,ja
2025-12-31,724500A1FNICHSDF2I11,ASN Bank N.V.,Netherlands,B64D6Y3LBJS4ANNPCU93,NIBC Bank N.V.,Netherlands,0.5974,0.0000,0.0000,,12,Germany|United Kingdom|France,nein
2025-12-31,724500A1FNICHSDF2I11,ASN Bank N.V.,Netherlands,BFXS5XCH7N0Y05NIXW11,ABN AMRO Bank N.V.,Netherlands,0.7203,0.0000,0.0000,,12,France|Germany|United Kingdom,nein
2025-12-31,724500A1FNICHSDF2I11,ASN Bank N.V.,Netherlands,DIZES5CFO5K3I5R58746,Landesbank Hessen-Thüringen Girozentrale,Germany,0.4477,0.0000,0.0000,,12,France|United Kingdom|Luxembourg,ja
2025-12-31,724500A1FNICHSDF2I11,ASN Bank N.V.,Netherlands,DSNHHQ2B9X5N6OUJ1236,Norddeutsche Landesbank - Girozentrale -,Germany,0.4810,0.0000,0.0000,,12,United Kingdom|France|Luxembourg,ja
2025-12-31,724500A1FNICHSDF2I11,ASN Bank N.V.,Netherlands,DZZ47B9A52ZJ6LT6VV95,Deutsche Pfandbriefbank AG,Germany,0.4561,0.0000,0.0000,,11,France|United Kingdom|Austria,ja
2025-12-31,724500A1FNICHSDF2I11,ASN Bank N.V.,Netherlands,FR9695005MSX1OYEMGDF,Groupe BPCE,France,0.3148,0.0000,0.0000,,8,Luxembourg|United Kingdom|Germany,ja
2025-12-31,724500A1FNICHSDF2I11,ASN Bank N.V.,Netherlands,I7ETN0QQO2AHZZGHJ389,KOMMUNALBANKEN AS,Norway,0.4139,0.0000,0.0000,,5,France|Germany|Denmark,ja
2025-12-31,724500A1FNICHSDF2I11,ASN Bank N.V.,Netherlands,J4CP7MHCXR8DAQMKIL78,MEDIOBANCA - BANCA DI CREDITO FINANZIARIO S.P.A.,Italy,0.5587,0.0000,0.0000,,12,United Kingdom|France|Luxembourg,ja
2025-12-31,724500A1FNICHSDF2I11,ASN Bank N.V.,Netherlands,MLU0ZO3ML4LN2LL2TL39,HSBC Continental Europe,France,0.4648,0.0000,0.0000,,12,Germany|Luxembourg|United Kingdom,ja
2025-12-31,724500A1FNICHSDF2I11,ASN Bank N.V.,Netherlands,N747OI7JINV7RUUH6190,BPER Banca S.p.A.,Italy,0.6646,0.0000,0.0000,,9,France|Germany|Luxembourg,ja
2025-12-31,724500A1FNICHSDF2I11,ASN Bank N.V.,Netherlands,NNVPP80YIZGEY2314M97,ICCREA BANCA S.P.A. - ISTITUTO CENTRALE DEL CREDITO COOPERATIVO (IN FORMA ABBREVIATA: ICCREA BANCA S.P.A.),Italy,0.4980,0.0000,0.0000,,8,France|Germany|Luxembourg,ja
2025-12-31,724500A1FNICHSDF2I11,ASN Bank N.V.,Netherlands,O2RNE8IBXP4R0TD8PU41,Société générale S.A.,France,0.4375,0.0000,0.0000,,12,Germany|United Kingdom|Luxembourg,ja
2025-12-31,724500A1FNICHSDF2I11,ASN Bank N.V.,Netherlands,P4GTT6GF1W40CVIMFR43,Powszechna Kasa Oszczednosci Bank Polski S.A.,Poland,0.3949,0.0000,0.0000,,13,Germany|France|Luxembourg,ja
2025-12-31,724500A1FNICHSDF2I11,ASN Bank N.V.,Netherlands,QLPCKOOKVX32FUELX240,Bank Polska Kasa Opieki S.A.,Poland,0.4246,0.0000,0.0000,,13,United Kingdom|Luxembourg|Germany,ja
2025-12-31,724500A1FNICHSDF2I11,ASN Bank N.V.,Netherlands,R0MUWSFPU8MPRO8K5P83,BNP Paribas,France,0.5078,0.0000,0.0000,,12,Belgium|United Kingdom|Germany,ja
2025-12-31,724500A1FNICHSDF2I11,ASN Bank N.V.,Netherlands,R7CQUF1DQM73HUTV1078,"Banque et Caisse d´Epargne de l´Etat, Luxembourg",Luxembourg,0.6069,0.0000,0.0000,,8,France|Germany|Norway,ja
2025-12-31,724500A1FNICHSDF2I11,ASN Bank N.V.,Netherlands,TUKDD90GPC79G1KOE162,Hamburg Commercial Bank AG,Germany,0.4170,0.0000,0.0000,,12,United Kingdom|Luxembourg|France,ja
2025-12-31,724500A1FNICHSDF2I11,ASN Bank N.V.,Netherlands,VDYMYTQGZZ6DU0912C88,Bayerische Landesbank,Germany,0.5675,0.0000,0.0000,,12,France|United Kingdom|Luxembourg,ja
2025-12-31,724500A1FNICHSDF2I11,ASN Bank N.V.,Netherlands,WFLLPEPC7FZXENRZV188,THE BANK OF NEW YORK MELLON,Belgium,0.4775,0.0000,0.0000,,12,Germany|United Kingdom|Austria,ja
2025-12-31,724500PMK2A2M1SQQ228,Triodos Bank N.V.,Netherlands,724500SF1CI8OD5AHI07,HCBG Holding B.V.,Netherlands,0.3852,0.0000,0.0001,0.0000,11,Belgium|Germany|Spain,nein
2025-12-31,724500PMK2A2M1SQQ228,Triodos Bank N.V.,Netherlands,784F5XWPLTWKTBV3E584,Goldman Sachs Bank Europe SE,Germany,0.3271,0.0000,0.0001,0.4279,11,United Kingdom|France|Spain,ja
2025-12-31,724500PMK2A2M1SQQ228,Triodos Bank N.V.,Netherlands,7LVZJ6XRIE7VNZ4UBX81,BANCA MEDIOLANUM S.P.A.,Italy,0.3440,0.0000,0.0001,0.0871,10,Spain|Germany|United Kingdom,ja
2025-12-31,724500PMK2A2M1SQQ228,Triodos Bank N.V.,Netherlands,8156003D79D064FB5360,CASSA LOMBARDA - S.P.A.,Italy,0.3599,0.0000,0.0001,0.0000,13,Spain|Germany|France,ja
2025-12-31,724500PMK2A2M1SQQ228,Triodos Bank N.V.,Netherlands,81560087340FCB8D6D66,MEDIOCREDITO CENTRALE - BANCA DEL MEZZOGIORNO SPA,Italy,0.4065,0.0000,0.0001,0.0345,16,United Kingdom|Germany|France,ja
2025-12-31,724500PMK2A2M1SQQ228,Triodos Bank N.V.,Netherlands,815600AD83B2B6317788,CREDITO EMILIANO HOLDING SOCIETA' PER AZIONI,Italy,0.3409,0.0000,0.0001,0.0000,12,United Kingdom|Spain|France,ja
2025-12-31,724500PMK2A2M1SQQ228,Triodos Bank N.V.,Netherlands,815600B5C61A10BBB451,BANCA SISTEMA S.P.A.,Italy,0.3390,0.0000,0.0001,0.0000,10,Spain|Germany|France,ja
2025-12-31,724500PMK2A2M1SQQ228,Triodos Bank N.V.,Netherlands,815600E4E6DCD2D25E30,BANCO BPM SOCIETA' PER AZIONI,Italy,0.4505,0.0000,0.0001,0.4279,12,United Kingdom|Germany|France,ja
2025-12-31,724500PMK2A2M1SQQ228,Triodos Bank N.V.,Netherlands,95980020140005220135,"Caja Rural de Granada, Sociedad Cooperativa de Crédito",Spain,0.3417,0.0000,0.0001,0.0000,10,United Kingdom|Germany|France,ja
2025-12-31,724500PMK2A2M1SQQ228,Triodos Bank N.V.,Netherlands,95980020140005881190,Banco de Crédito Social Cooperativo,Spain,0.3024,0.0000,0.0001,0.0000,10,United Kingdom|Germany|France,ja
2025-12-31,724500PMK2A2M1SQQ228,Triodos Bank N.V.,Netherlands,9695000CG7B84NLR5984,Confédération Nationale du Crédit Mutuel,France,0.3853,0.0000,0.0001,0.4279,15,Belgium|Germany|United Kingdom,ja
2025-12-31,724500PMK2A2M1SQQ228,Triodos Bank N.V.,Netherlands,969500F7JLTX36OUI695,RCI Banque,France,0.4038,0.0000,0.0001,0.0871,10,United Kingdom|Spain|Germany,ja
2025-12-31,724500PMK2A2M1SQQ228,Triodos Bank N.V.,Netherlands,969500TJ5KRTCJQWXH05,CRÉDIT AGRICOLE AUTO BANK S.P.A.,Italy,0.4820,0.0000,0.0001,0.0000,13,United Kingdom|Germany|Spain,ja
2025-12-31,724500PMK2A2M1SQQ228,Triodos Bank N.V.,Netherlands,9DJT3UXIJIZJI4WXO774,Bank of America Europe Designated Activity Company,Ireland,0.4040,0.0000,0.0001,0.4868,17,United Kingdom|Germany|France,ja
2025-12-31,724500PMK2A2M1SQQ228,Triodos Bank N.V.,Netherlands,A5GWLFH3KM7YV2SFQL84,Belfius Bank,Belgium,0.3726,0.0000,0.0001,0.4279,16,United Kingdom|France|Germany,ja
2025-12-31,724500PMK2A2M1SQQ228,Triodos Bank N.V.,Netherlands,B64D6Y3LBJS4ANNPCU93,NIBC Bank N.V.,Netherlands,0.5114,0.0000,0.0001,0.0000,13,United Kingdom|Germany|France,nein
2025-12-31,724500PMK2A2M1SQQ228,Triodos Bank N.V.,Netherlands,BFXS5XCH7N0Y05NIXW11,ABN AMRO Bank N.V.,Netherlands,0.4903,0.0001,0.0001,0.9129,18,United Kingdom|Germany|Belgium,nein
2025-12-31,724500PMK2A2M1SQQ228,Triodos Bank N.V.,Netherlands,J4CP7MHCXR8DAQMKIL78,MEDIOBANCA - BANCA DI CREDITO FINANZIARIO S.P.A.,Italy,0.5232,0.0000,0.0001,0.4279,17,United Kingdom|Spain|Germany,ja
2025-12-31,724500PMK2A2M1SQQ228,Triodos Bank N.V.,Netherlands,N747OI7JINV7RUUH6190,BPER Banca S.p.A.,Italy,0.3205,0.0000,0.0001,0.4279,12,Germany|United Kingdom|France,ja
2025-12-31,724500PMK2A2M1SQQ228,Triodos Bank N.V.,Netherlands,O2RNE8IBXP4R0TD8PU41,Société générale S.A.,France,0.3094,0.0000,0.0001,0.4279,18,United Kingdom|Germany|Spain,ja
2025-12-31,724500PMK2A2M1SQQ228,Triodos Bank N.V.,Netherlands,R0MUWSFPU8MPRO8K5P83,BNP Paribas,France,0.5488,0.0001,0.0001,0.7494,18,Belgium|United Kingdom|Germany,ja
2025-12-31,724500PMK2A2M1SQQ228,Triodos Bank N.V.,Netherlands,R7CQUF1DQM73HUTV1078,"Banque et Caisse d´Epargne de l´Etat, Luxembourg",Luxembourg,0.3027,0.0000,0.0001,0.0041,11,Germany|Belgium|France,ja
2025-12-31,724500PMK2A2M1SQQ228,Triodos Bank N.V.,Netherlands,SI5RG2M0WQQLZCXKRM20,"Banco de Sabadell, S.A.",Spain,0.3119,0.0000,0.0001,0.0000,10,United Kingdom|France|Germany,ja
2025-12-31,724500PMK2A2M1SQQ228,Triodos Bank N.V.,Netherlands,VDYMYTQGZZ6DU0912C88,Bayerische Landesbank,Germany,0.3024,0.0001,0.0001,0.8347,18,United Kingdom|France|Spain,ja
2025-12-31,724500SF1CI8OD5AHI07,HCBG Holding B.V.,Netherlands,724500ZNT2I60RYZQI38,Anadolubank Nederland N.V.,Netherlands,0.3758,0.0923,0.1821,0.5071,17,Germany|Romania|Marshall Islands,nein
2025-12-31,724500SF1CI8OD5AHI07,HCBG Holding B.V.,Netherlands,7CUNS533WID6K7DGFI87,"CaixaBank, S.A.",Spain,0.3030,0.0011,0.0555,0.0195,31,United Kingdom|Germany|France,ja
2025-12-31,724500SF1CI8OD5AHI07,HCBG Holding B.V.,Netherlands,8156003D79D064FB5360,CASSA LOMBARDA - S.P.A.,Italy,0.3554,0.0000,0.0137,0.0000,12,Germany|Spain|United Kingdom,ja
2025-12-31,724500SF1CI8OD5AHI07,HCBG Holding B.V.,Netherlands,8156005420362AE59184,BANCA IFIS S.P.A. (OVVERO IFIS BANCA S.P.A. O IN FORMA ABBREVIATA IFIS S.P.A.),Italy,0.3461,0.0280,0.0896,0.3123,28,Germany|France|United States,ja
2025-12-31,724500SF1CI8OD5AHI07,HCBG Holding B.V.,Netherlands,815600E4E6DCD2D25E30,BANCO BPM SOCIETA' PER AZIONI,Italy,0.3838,0.0001,0.0023,0.0266,19,Germany|United Kingdom|Spain,ja
2025-12-31,724500SF1CI8OD5AHI07,HCBG Holding B.V.,Netherlands,95980020140005220135,"Caja Rural de Granada, Sociedad Cooperativa de Crédito",Spain,0.3167,0.0000,0.0008,0.0000,11,Germany|United Kingdom|France,ja
2025-12-31,724500SF1CI8OD5AHI07,HCBG Holding B.V.,Netherlands,95980020140005881190,Banco de Crédito Social Cooperativo,Spain,0.3993,0.0000,0.0045,0.0000,16,Germany|United Kingdom|France,ja
2025-12-31,724500SF1CI8OD5AHI07,HCBG Holding B.V.,Netherlands,9695000CG7B84NLR5984,Confédération Nationale du Crédit Mutuel,France,0.4748,0.0003,0.0130,0.0254,24,Germany|Belgium|United Kingdom,ja
2025-12-31,724500SF1CI8OD5AHI07,HCBG Holding B.V.,Netherlands,969500F7JLTX36OUI695,RCI Banque,France,0.4658,0.0110,0.1146,0.0960,18,Germany|Spain|United Kingdom,ja
2025-12-31,724500SF1CI8OD5AHI07,HCBG Holding B.V.,Netherlands,969500TJ5KRTCJQWXH05,CRÉDIT AGRICOLE AUTO BANK S.P.A.,Italy,0.4764,0.0000,0.0020,0.0000,18,Germany|Spain|United Kingdom,ja
2025-12-31,724500SF1CI8OD5AHI07,HCBG Holding B.V.,Netherlands,9DJT3UXIJIZJI4WXO774,Bank of America Europe Designated Activity Company,Ireland,0.3460,0.0056,0.0753,0.0746,23,Germany|United Kingdom|France,ja
2025-12-31,724500SF1CI8OD5AHI07,HCBG Holding B.V.,Netherlands,A5GWLFH3KM7YV2SFQL84,Belfius Bank,Belgium,0.3167,0.0034,0.0128,0.2622,22,United Kingdom|France|Germany,ja
2025-12-31,724500SF1CI8OD5AHI07,HCBG Holding B.V.,Netherlands,AT0000000000043000VB,VOLKSBANK WIEN AG VB,Austria,0.3570,0.0000,0.0047,0.0038,27,Germany|France|Belgium,ja
2025-12-31,724500SF1CI8OD5AHI07,HCBG Holding B.V.,Netherlands,B64D6Y3LBJS4ANNPCU93,NIBC Bank N.V.,Netherlands,0.4645,0.0000,0.0170,0.0000,12,Germany|United Kingdom|Spain,nein
2025-12-31,724500SF1CI8OD5AHI07,HCBG Holding B.V.,Netherlands,BFXS5XCH7N0Y05NIXW11,ABN AMRO Bank N.V.,Netherlands,0.4752,0.0261,0.0868,0.3000,22,Germany|Belgium|United Kingdom,nein
2025-12-31,724500SF1CI8OD5AHI07,HCBG Holding B.V.,Netherlands,DG3RU1DBUFHT4ZF9WN62,Coöperatieve Rabobank U.A.,Netherlands,0.3028,0.0007,0.1821,0.0036,30,United Kingdom|Germany|France,nein
2025-12-31,724500SF1CI8OD5AHI07,HCBG Holding B.V.,Netherlands,DZZ47B9A52ZJ6LT6VV95,Deutsche Pfandbriefbank AG,Germany,0.3042,0.0000,0.0064,0.0000,15,Spain|United Kingdom|France,ja
2025-12-31,724500SF1CI8OD5AHI07,HCBG Holding B.V.,Netherlands,J4CP7MHCXR8DAQMKIL78,MEDIOBANCA - BANCA DI CREDITO FINANZIARIO S.P.A.,Italy,0.3769,0.0005,0.0569,0.0093,24,Spain|Germany|United Kingdom,ja
2025-12-31,724500SF1CI8OD5AHI07,HCBG Holding B.V.,Netherlands,MLU0ZO3ML4LN2LL2TL39,HSBC Continental Europe,France,0.5065,0.0250,0.1276,0.1959,28,Germany|United Kingdom|Spain,ja
2025-12-31,724500SF1CI8OD5AHI07,HCBG Holding B.V.,Netherlands,N747OI7JINV7RUUH6190,BPER Banca S.p.A.,Italy,0.4287,0.0049,0.0209,0.2347,19,Germany|United Kingdom|Spain,ja
2025-12-31,724500SF1CI8OD5AHI07,HCBG Holding B.V.,Netherlands,NNVPP80YIZGEY2314M97,ICCREA BANCA S.P.A. - ISTITUTO CENTRALE DEL CREDITO COOPERATIVO (IN FORMA ABBREVIATA: ICCREA BANCA S.P.A.),Italy,0.4357,0.0000,0.0074,0.0003,18,Germany|Spain|France,ja
2025-12-31,724500SF1CI8OD5AHI07,HCBG Holding B.V.,Netherlands,O2RNE8IBXP4R0TD8PU41,Société générale S.A.,France,0.4637,0.0000,0.0264,0.0005,29,Germany|Romania|United Kingdom,ja
2025-12-31,724500SF1CI8OD5AHI07,HCBG Holding B.V.,Netherlands,P4GTT6GF1W40CVIMFR43,Powszechna Kasa Oszczednosci Bank Polski S.A.,Poland,0.3945,0.0245,0.1821,0.1346,31,Germany|France|Romania,ja
2025-12-31,724500SF1CI8OD5AHI07,HCBG Holding B.V.,Netherlands,QLPCKOOKVX32FUELX240,Bank Polska Kasa Opieki S.A.,Poland,0.3622,0.0245,0.0714,0.3427,30,Germany|United Kingdom|Spain,ja
2025-12-31,724500SF1CI8OD5AHI07,HCBG Holding B.V.,Netherlands,R0MUWSFPU8MPRO8K5P83,BNP Paribas,France,0.4025,0.0000,0.0108,0.0014,29,Belgium|Germany|United Kingdom,ja
2025-12-31,724500SF1CI8OD5AHI07,HCBG Holding B.V.,Netherlands,R7CQUF1DQM73HUTV1078,"Banque et Caisse d´Epargne de l´Etat, Luxembourg",Luxembourg,0.3932,0.0000,0.0047,0.0000,17,Germany|Belgium|France,ja
2025-12-31,724500SF1CI8OD5AHI07,HCBG Holding B.V.,Netherlands,TUKDD90GPC79G1KOE162,Hamburg Commercial Bank AG,Germany,0.3028,0.0318,0.1541,0.2065,19,United Kingdom|France|United States,ja
2025-12-31,724500SF1CI8OD5AHI07,HCBG Holding B.V.,Netherlands,WFLLPEPC7FZXENRZV188,THE BANK OF NEW YORK MELLON,Belgium,0.4410,0.0110,0.0805,0.1367,19,Germany|United Kingdom|Spain,ja
2025-12-31,724500ZNT2I60RYZQI38,Anadolubank Nederland N.V.,Netherlands,MLU0ZO3ML4LN2LL2TL39,HSBC Continental Europe,France,0.3055,0.0806,0.1276,0.6313,21,Germany|Malta|Italy,ja
2025-12-31,7437003B5WFBOIEFY714,OP Osuuskunta,Finland,7437005892K69S3MW344,Säästöpankkiliitto osk,Finland,0.6170,0.0001,0.0002,0.3333,16,Sweden|Norway|France,nein
2025-12-31,7437003B5WFBOIEFY714,OP Osuuskunta,Finland,7437006WYM821IJ3MN73,Ålandsbanken Abp,Finland,0.3304,0.0000,0.0000,0.0000,11,Sweden|Norway|France,nein
2025-12-31,7437003B5WFBOIEFY714,OP Osuuskunta,Finland,743700FTBNXAUN57RH30,S-Pankki Oyj,Finland,0.3940,0.0000,0.0002,0.0000,11,Norway|Sweden|Netherlands,nein
2025-12-31,7437003B5WFBOIEFY714,OP Osuuskunta,Finland,743700GC62JLHFBUND16,Aktia Bank Abp,Finland,0.5677,0.0002,0.0002,0.6667,23,Norway|Germany|France,nein
2025-12-31,7437003B5WFBOIEFY714,OP Osuuskunta,Finland,743700PW2HDTPU3YRJ31,POP Pankkikeskus osk,Finland,0.5641,0.0001,0.0002,0.3333,17,Sweden|Norway|France,nein
2025-12-31,7437003B5WFBOIEFY714,OP Osuuskunta,Finland,8156003D79D064FB5360,CASSA LOMBARDA - S.P.A.,Italy,0.3348,0.0001,0.0002,0.3333,13,France|Germany|Norway,ja
2025-12-31,7437003B5WFBOIEFY714,OP Osuuskunta,Finland,815600E4E6DCD2D25E30,BANCO BPM SOCIETA' PER AZIONI,Italy,0.4072,0.0002,0.0002,0.6721,25,Germany|France|Netherlands,ja
2025-12-31,7437003B5WFBOIEFY714,OP Osuuskunta,Finland,8I5DZWZKVSZI1NUHU748,J.P. Morgan SE,Germany,0.3007,0.0002,0.0002,0.6667,23,France|Netherlands|Sweden,ja
2025-12-31,7437003B5WFBOIEFY714,OP Osuuskunta,Finland,95980020140005220135,"Caja Rural de Granada, Sociedad Cooperativa de Crédito",Spain,0.4009,0.0000,0.0002,0.0098,15,Germany|France|Netherlands,ja
2025-12-31,7437003B5WFBOIEFY714,OP Osuuskunta,Finland,95980020140005439549,"Caja Rural de Navarra, S. Coop. de Crédito",Spain,0.4301,0.0002,0.0002,0.6667,17,France|Germany|Netherlands,ja
2025-12-31,7437003B5WFBOIEFY714,OP Osuuskunta,Finland,95980020140005484654,"Caja Rural de Albacete, Ciudad Real y Cuenca, Sociedad Cooperativa de Crédito",Spain,0.3602,0.0000,0.0000,,11,France|Germany|Netherlands,ja
2025-12-31,7437003B5WFBOIEFY714,OP Osuuskunta,Finland,95980020140005552166,"Eurocaja Rural, Sociedad Cooperativa de Crédito",Spain,0.3757,0.0001,0.0002,0.3333,14,France|Germany|Netherlands,ja
2025-12-31,7437003B5WFBOIEFY714,OP Osuuskunta,Finland,95980020140005881190,Banco de Crédito Social Cooperativo,Spain,0.4193,0.0002,0.0002,0.6667,23,Germany|France|Netherlands,ja
2025-12-31,7437003B5WFBOIEFY714,OP Osuuskunta,Finland,969500Q2PFTTP0Y5QL44,SFIL S.A.,France,0.3797,0.0000,0.0000,,8,Norway|Sweden|Germany,ja
2025-12-31,7437003B5WFBOIEFY714,OP Osuuskunta,Finland,969500TJ5KRTCJQWXH05,CRÉDIT AGRICOLE AUTO BANK S.P.A.,Italy,0.3858,0.0000,0.0002,0.0000,16,Germany|France|Netherlands,ja
2025-12-31,7437003B5WFBOIEFY714,OP Osuuskunta,Finland,9DJT3UXIJIZJI4WXO774,Bank of America Europe Designated Activity Company,Ireland,0.3817,0.0001,0.0002,0.3339,20,France|Germany|Netherlands,ja
2025-12-31,7437003B5WFBOIEFY714,OP Osuuskunta,Finland,AT0000000000043000VB,VOLKSBANK WIEN AG VB,Austria,0.4153,0.0000,0.0002,0.0272,22,Germany|France|Netherlands,ja
2025-12-31,7437003B5WFBOIEFY714,OP Osuuskunta,Finland,B64D6Y3LBJS4ANNPCU93,NIBC Bank N.V.,Netherlands,0.3653,0.0001,0.0002,0.3333,10,Germany|France|Sweden,ja
2025-12-31,7437003B5WFBOIEFY714,OP Osuuskunta,Finland,BFXS5XCH7N0Y05NIXW11,ABN AMRO Bank N.V.,Netherlands,0.3929,0.0002,0.0002,0.6830,24,Germany|France|Belgium,ja
2025-12-31,7437003B5WFBOIEFY714,OP Osuuskunta,Finland,DZZ47B9A52ZJ6LT6VV95,Deutsche Pfandbriefbank AG,Germany,0.3117,0.0000,0.0002,0.0000,13,France|Sweden|Netherlands,ja
2025-12-31,7437003B5WFBOIEFY714,OP Osuuskunta,Finland,F3JS33DEI6XQ4ZBPTN86,Skandinaviska Enskilda Banken - gruppen,Sweden,0.5773,0.0002,0.0002,0.7960,24,Lithuania|Norway|Germany,ja
2025-12-31,7437003B5WFBOIEFY714,OP Osuuskunta,Finland,I7ETN0QQO2AHZZGHJ389,KOMMUNALBANKEN AS,Norway,0.3610,0.0000,0.0000,,5,Germany|France|Netherlands,ja
2025-12-31,7437003B5WFBOIEFY714,OP Osuuskunta,Finland,J4CP7MHCXR8DAQMKIL78,MEDIOBANCA - BANCA DI CREDITO FINANZIARIO S.P.A.,Italy,0.3292,0.0002,0.0002,0.7020,25,France|Germany|Netherlands,ja
2025-12-31,7437003B5WFBOIEFY714,OP Osuuskunta,Finland,M312WZV08Y7LYUC71685,Swedbank - Grupp,Sweden,0.4918,0.0000,0.0001,0.0000,11,Lithuania|Norway|Estonia,ja
2025-12-31,7437003B5WFBOIEFY714,OP Osuuskunta,Finland,MAES062Z21O4RZ2U7M96,Danske Bank A/S,Denmark,0.3583,0.0001,0.0002,0.3333,15,Sweden|Norway|France,ja
2025-12-31,7437003B5WFBOIEFY714,OP Osuuskunta,Finland,N747OI7JINV7RUUH6190,BPER Banca S.p.A.,Italy,0.4257,0.0002,0.0002,1.0000,25,Germany|France|Netherlands,ja
2025-12-31,7437003B5WFBOIEFY714,OP Osuuskunta,Finland,NNVPP80YIZGEY2314M97,ICCREA BANCA S.P.A. - ISTITUTO CENTRALE DEL CREDITO COOPERATIVO (IN FORMA ABBREVIATA: ICCREA BANCA S.P.A.),Italy,0.3873,0.0001,0.0002,0.3333,20,Germany|France|Netherlands,ja
2025-12-31,7437003B5WFBOIEFY714,OP Osuuskunta,Finland,P4GTT6GF1W40CVIMFR43,Powszechna Kasa Oszczednosci Bank Polski S.A.,Poland,0.3059,0.0001,0.0002,0.3495,24,Germany|Netherlands|France,ja
2025-12-31,7437003B5WFBOIEFY714,OP Osuuskunta,Finland,R7CQUF1DQM73HUTV1078,"Banque et Caisse d´Epargne de l´Etat, Luxembourg",Luxembourg,0.5341,0.0000,0.0002,0.1106,23,Germany|France|Norway,ja
2025-12-31,7437003B5WFBOIEFY714,OP Osuuskunta,Finland,WFLLPEPC7FZXENRZV188,THE BANK OF NEW YORK MELLON,Belgium,0.3057,0.0002,0.0002,0.6667,16,Germany|Netherlands|Norway,ja
2025-12-31,7437005892K69S3MW344,Säästöpankkiliitto osk,Finland,7437006WYM821IJ3MN73,Ålandsbanken Abp,Finland,0.4538,0.0000,0.0000,0.0000,9,Sweden|Norway|Denmark,nein
2025-12-31,7437005892K69S3MW344,Säästöpankkiliitto osk,Finland,743700FTBNXAUN57RH30,S-Pankki Oyj,Finland,0.4069,0.0000,0.0023,0.0000,8,Norway|Sweden|Denmark,nein
2025-12-31,7437005892K69S3MW344,Säästöpankkiliitto osk,Finland,743700GC62JLHFBUND16,Aktia Bank Abp,Finland,0.6129,0.0023,0.0023,1.0000,17,Norway|France|Germany,nein
2025-12-31,7437005892K69S3MW344,Säästöpankkiliitto osk,Finland,743700PW2HDTPU3YRJ31,POP Pankkikeskus osk,Finland,0.7991,0.0006,0.0006,1.0000,17,Sweden|Norway|France,nein
2025-12-31,7437005892K69S3MW344,Säästöpankkiliitto osk,Finland,7V6Z97IO7R1SEAO84Q32,SpareBank 1 SMN,Norway,0.3455,0.0000,0.0023,0.0180,12,Sweden|Denmark|Germany,ja
2025-12-31,7437005892K69S3MW344,Säästöpankkiliitto osk,Finland,8156003D79D064FB5360,CASSA LOMBARDA - S.P.A.,Italy,0.3945,0.0023,0.0023,1.0000,10,France|Germany|Spain,ja
2025-12-31,7437005892K69S3MW344,Säästöpankkiliitto osk,Finland,8156005420362AE59184,BANCA IFIS S.P.A. (OVVERO IFIS BANCA S.P.A. O IN FORMA ABBREVIATA IFIS S.P.A.),Italy,0.3676,0.0000,0.0023,0.0000,16,France|Luxembourg|Germany,ja
2025-12-31,7437005892K69S3MW344,Säästöpankkiliitto osk,Finland,815600AD83B2B6317788,CREDITO EMILIANO HOLDING SOCIETA' PER AZIONI,Italy,0.3921,0.0000,0.0007,0.0000,15,France|Spain|Luxembourg,ja
2025-12-31,7437005892K69S3MW344,Säästöpankkiliitto osk,Finland,815600E4E6DCD2D25E30,BANCO BPM SOCIETA' PER AZIONI,Italy,0.4078,0.0000,0.0023,0.0006,17,France|Luxembourg|Germany,ja
2025-12-31,7437005892K69S3MW344,Säästöpankkiliitto osk,Finland,8I5DZWZKVSZI1NUHU748,J.P. Morgan SE,Germany,0.3536,0.0000,0.0023,0.0000,15,France|Luxembourg|Spain,ja
2025-12-31,7437005892K69S3MW344,Säästöpankkiliitto osk,Finland,95980020140005220135,"Caja Rural de Granada, Sociedad Cooperativa de Crédito",Spain,0.3688,0.0000,0.0008,0.0029,11,France|Germany|Luxembourg,ja
2025-12-31,7437005892K69S3MW344,Säästöpankkiliitto osk,Finland,95980020140005439549,"Caja Rural de Navarra, S. Coop. de Crédito",Spain,0.4082,0.0001,0.0023,0.0380,13,France|Germany|Luxembourg,ja
2025-12-31,7437005892K69S3MW344,Säästöpankkiliitto osk,Finland,95980020140005484654,"Caja Rural de Albacete, Ciudad Real y Cuenca, Sociedad Cooperativa de Crédito",Spain,0.3637,0.0000,0.0000,,6,France|Luxembourg|Germany,ja
2025-12-31,7437005892K69S3MW344,Säästöpankkiliitto osk,Finland,95980020140005552166,"Eurocaja Rural, Sociedad Cooperativa de Crédito",Spain,0.4090,0.0000,0.0023,0.0000,9,France|Luxembourg|Germany,ja
2025-12-31,7437005892K69S3MW344,Säästöpankkiliitto osk,Finland,95980020140005881190,Banco de Crédito Social Cooperativo,Spain,0.3331,0.0023,0.0023,1.0000,16,France|Luxembourg|Germany,ja
2025-12-31,7437005892K69S3MW344,Säästöpankkiliitto osk,Finland,969500Q2PFTTP0Y5QL44,SFIL S.A.,France,0.3627,0.0000,0.0000,,7,Norway|Sweden|Germany,ja
2025-12-31,7437005892K69S3MW344,Säästöpankkiliitto osk,Finland,969500TJ5KRTCJQWXH05,CRÉDIT AGRICOLE AUTO BANK S.P.A.,Italy,0.3845,0.0000,0.0020,0.0000,12,France|Germany|Spain,ja
2025-12-31,7437005892K69S3MW344,Säästöpankkiliitto osk,Finland,9DJT3UXIJIZJI4WXO774,Bank of America Europe Designated Activity Company,Ireland,0.3818,0.0000,0.0023,0.0000,13,France|Luxembourg|Germany,ja
2025-12-31,7437005892K69S3MW344,Säästöpankkiliitto osk,Finland,A5GWLFH3KM7YV2SFQL84,Belfius Bank,Belgium,0.3752,0.0000,0.0023,0.0180,16,France|Luxembourg|Germany,ja
2025-12-31,7437005892K69S3MW344,Säästöpankkiliitto osk,Finland,AT0000000000043000VB,VOLKSBANK WIEN AG VB,Austria,0.3406,0.0000,0.0023,0.0000,14,France|Germany|Norway,ja
2025-12-31,7437005892K69S3MW344,Säästöpankkiliitto osk,Finland,B64D6Y3LBJS4ANNPCU93,NIBC Bank N.V.,Netherlands,0.3658,0.0023,0.0023,1.0000,9,France|Germany|Luxembourg,ja
2025-12-31,7437005892K69S3MW344,Säästöpankkiliitto osk,Finland,BFXS5XCH7N0Y05NIXW11,ABN AMRO Bank N.V.,Netherlands,0.4224,0.0000,0.0023,0.0017,17,France|Luxembourg|Germany,ja
2025-12-31,7437005892K69S3MW344,Säästöpankkiliitto osk,Finland,DIZES5CFO5K3I5R58746,Landesbank Hessen-Thüringen Girozentrale,Germany,0.3033,0.0000,0.0023,0.0200,16,France|Luxembourg|Sweden,ja
2025-12-31,7437005892K69S3MW344,Säästöpankkiliitto osk,Finland,DZZ47B9A52ZJ6LT6VV95,Deutsche Pfandbriefbank AG,Germany,0.3780,0.0000,0.0023,0.0000,11,France|Sweden|Spain,ja
2025-12-31,7437005892K69S3MW344,Säästöpankkiliitto osk,Finland,F3JS33DEI6XQ4ZBPTN86,Skandinaviska Enskilda Banken - gruppen,Sweden,0.3659,0.0000,0.0023,0.0132,16,Norway|Estonia|Denmark,ja
2025-12-31,7437005892K69S3MW344,Säästöpankkiliitto osk,Finland,I7ETN0QQO2AHZZGHJ389,KOMMUNALBANKEN AS,Norway,0.3637,0.0000,0.0000,,4,France|Denmark|Germany,ja
2025-12-31,7437005892K69S3MW344,Säästöpankkiliitto osk,Finland,J4CP7MHCXR8DAQMKIL78,MEDIOBANCA - BANCA DI CREDITO FINANZIARIO S.P.A.,Italy,0.3860,0.0000,0.0023,0.0036,17,France|Luxembourg|Germany,ja
2025-12-31,7437005892K69S3MW344,Säästöpankkiliitto osk,Finland,MAES062Z21O4RZ2U7M96,Danske Bank A/S,Denmark,0.4538,0.0017,0.0017,1.0000,12,Sweden|Norway|France,ja
2025-12-31,7437005892K69S3MW344,Säästöpankkiliitto osk,Finland,N747OI7JINV7RUUH6190,BPER Banca S.p.A.,Italy,0.4666,0.0002,0.0023,0.0885,17,France|Luxembourg|Germany,ja
2025-12-31,7437005892K69S3MW344,Säästöpankkiliitto osk,Finland,NNVPP80YIZGEY2314M97,ICCREA BANCA S.P.A. - ISTITUTO CENTRALE DEL CREDITO COOPERATIVO (IN FORMA ABBREVIATA: ICCREA BANCA S.P.A.),Italy,0.4039,0.0023,0.0023,1.0000,17,France|Germany|Spain,ja
2025-12-31,7437005892K69S3MW344,Säästöpankkiliitto osk,Finland,R7CQUF1DQM73HUTV1078,"Banque et Caisse d´Epargne de l´Etat, Luxembourg",Luxembourg,0.4803,0.0000,0.0023,0.0111,16,France|Norway|Germany,ja
2025-12-31,7437005892K69S3MW344,Säästöpankkiliitto osk,Finland,VDYMYTQGZZ6DU0912C88,Bayerische Landesbank,Germany,0.3310,0.0000,0.0023,0.0029,16,France|Luxembourg|Spain,ja
2025-12-31,7437006WYM821IJ3MN73,Ålandsbanken Abp,Finland,743700FTBNXAUN57RH30,S-Pankki Oyj,Finland,0.3654,0.0000,0.0000,0.0000,13,Sweden|Norway|Denmark,nein
2025-12-31,7437006WYM821IJ3MN73,Ålandsbanken Abp,Finland,743700PW2HDTPU3YRJ31,POP Pankkikeskus osk,Finland,0.5154,0.0000,0.0000,0.0000,9,Sweden|Norway|Denmark,nein
2025-12-31,7437006WYM821IJ3MN73,Ålandsbanken Abp,Finland,7V6Z97IO7R1SEAO84Q32,SpareBank 1 SMN,Norway,0.5456,0.0000,0.0000,1.0000,12,Sweden|Denmark|Germany,ja
2025-12-31,7437006WYM821IJ3MN73,Ålandsbanken Abp,Finland,MAES062Z21O4RZ2U7M96,Danske Bank A/S,Denmark,0.5586,0.0000,0.0000,0.0000,9,Sweden|Norway|France,ja
2025-12-31,743700FTBNXAUN57RH30,S-Pankki Oyj,Finland,743700GC62JLHFBUND16,Aktia Bank Abp,Finland,0.5112,0.0000,0.0036,0.0000,11,Norway|Netherlands|Sweden,nein
2025-12-31,743700FTBNXAUN57RH30,S-Pankki Oyj,Finland,743700PW2HDTPU3YRJ31,POP Pankkikeskus osk,Finland,0.4636,0.0000,0.0006,0.0000,8,Norway|Sweden|Denmark,nein
2025-12-31,743700FTBNXAUN57RH30,S-Pankki Oyj,Finland,969500Q2PFTTP0Y5QL44,SFIL S.A.,France,0.5997,0.0000,0.0000,,8,Canada|Norway|Sweden,ja
2025-12-31,743700FTBNXAUN57RH30,S-Pankki Oyj,Finland,MAES062Z21O4RZ2U7M96,Danske Bank A/S,Denmark,0.3333,0.0000,0.0017,0.0000,8,Norway|Sweden|France,ja
2025-12-31,743700FTBNXAUN57RH30,S-Pankki Oyj,Finland,NHBDILHZTYCNBV5UYZ31,Svenska Handelsbanken - gruppen,Sweden,0.4607,0.0003,0.0036,0.0945,16,Norway|Netherlands|United States,ja
2025-12-31,743700FTBNXAUN57RH30,S-Pankki Oyj,Finland,R7CQUF1DQM73HUTV1078,"Banque et Caisse d´Epargne de l´Etat, Luxembourg",Luxembourg,0.3189,0.0000,0.0036,0.0000,11,Netherlands|Norway|Sweden,ja
2025-12-31,743700GC62JLHFBUND16,Aktia Bank Abp,Finland,743700PW2HDTPU3YRJ31,POP Pankkikeskus osk,Finland,0.6445,0.0006,0.0006,1.0000,18,Norway|France|Germany,nein
2025-12-31,743700GC62JLHFBUND16,Aktia Bank Abp,Finland,8156003D79D064FB5360,CASSA LOMBARDA - S.P.A.,Italy,0.3954,0.0137,0.0137,0.9997,13,France|Germany|Denmark,ja
2025-12-31,743700GC62JLHFBUND16,Aktia Bank Abp,Finland,8156005420362AE59184,BANCA IFIS S.P.A. (OVVERO IFIS BANCA S.P.A. O IN FORMA ABBREVIATA IFIS S.P.A.),Italy,0.3182,0.0002,0.0415,0.0060,25,France|Germany|Spain,ja
2025-12-31,743700GC62JLHFBUND16,Aktia Bank Abp,Finland,815600AD83B2B6317788,CREDITO EMILIANO HOLDING SOCIETA' PER AZIONI,Italy,0.4073,0.0002,0.0007,0.3393,23,France|Netherlands|Germany,ja
2025-12-31,743700GC62JLHFBUND16,Aktia Bank Abp,Finland,815600E4E6DCD2D25E30,BANCO BPM SOCIETA' PER AZIONI,Italy,0.4984,0.0002,0.0023,0.1075,27,France|Germany|Netherlands,ja
2025-12-31,743700GC62JLHFBUND16,Aktia Bank Abp,Finland,8I5DZWZKVSZI1NUHU748,J.P. Morgan SE,Germany,0.3692,0.0003,0.0415,0.0074,25,France|Netherlands|Sweden,ja
2025-12-31,743700GC62JLHFBUND16,Aktia Bank Abp,Finland,95980020140005220135,"Caja Rural de Granada, Sociedad Cooperativa de Crédito",Spain,0.4832,0.0000,0.0008,0.0029,15,France|Germany|Netherlands,ja
2025-12-31,743700GC62JLHFBUND16,Aktia Bank Abp,Finland,95980020140005439549,"Caja Rural de Navarra, S. Coop. de Crédito",Spain,0.5624,0.0003,0.0063,0.0535,18,France|Germany|Netherlands,ja
2025-12-31,743700GC62JLHFBUND16,Aktia Bank Abp,Finland,95980020140005484654,"Caja Rural de Albacete, Ciudad Real y Cuenca, Sociedad Cooperativa de Crédito",Spain,0.4504,0.0000,0.0000,,10,France|Netherlands|Germany,ja
2025-12-31,743700GC62JLHFBUND16,Aktia Bank Abp,Finland,95980020140005552166,"Eurocaja Rural, Sociedad Cooperativa de Crédito",Spain,0.4529,0.0000,0.0415,0.0000,12,France|Netherlands|Germany,ja
2025-12-31,743700GC62JLHFBUND16,Aktia Bank Abp,Finland,95980020140005881190,Banco de Crédito Social Cooperativo,Spain,0.4445,0.0043,0.0045,0.9687,25,Germany|France|Netherlands,ja
2025-12-31,743700GC62JLHFBUND16,Aktia Bank Abp,Finland,9695000CG7B84NLR5984,Confédération Nationale du Crédit Mutuel,France,0.3065,0.0004,0.0130,0.0296,26,Germany|Netherlands|Spain,ja
2025-12-31,743700GC62JLHFBUND16,Aktia Bank Abp,Finland,969500Q2PFTTP0Y5QL44,SFIL S.A.,France,0.3162,0.0000,0.0000,,8,Norway|Sweden|Germany,ja
2025-12-31,743700GC62JLHFBUND16,Aktia Bank Abp,Finland,969500TJ5KRTCJQWXH05,CRÉDIT AGRICOLE AUTO BANK S.P.A.,Italy,0.4730,0.0000,0.0020,0.0000,16,France|Germany|Spain,ja
2025-12-31,743700GC62JLHFBUND16,Aktia Bank Abp,Finland,9DJT3UXIJIZJI4WXO774,Bank of America Europe Designated Activity Company,Ireland,0.4330,0.0001,0.0415,0.0024,20,France|Germany|Netherlands,ja
2025-12-31,743700GC62JLHFBUND16,Aktia Bank Abp,Finland,A5GWLFH3KM7YV2SFQL84,Belfius Bank,Belgium,0.4269,0.0005,0.0128,0.0419,26,France|Netherlands|Germany,ja
2025-12-31,743700GC62JLHFBUND16,Aktia Bank Abp,Finland,AT0000000000043000VB,VOLKSBANK WIEN AG VB,Austria,0.5164,0.0000,0.0047,0.0011,23,France|Germany|Netherlands,ja
2025-12-31,743700GC62JLHFBUND16,Aktia Bank Abp,Finland,B64D6Y3LBJS4ANNPCU93,NIBC Bank N.V.,Netherlands,0.3810,0.0170,0.0170,1.0000,10,Germany|France|Sweden,ja
2025-12-31,743700GC62JLHFBUND16,Aktia Bank Abp,Finland,BFXS5XCH7N0Y05NIXW11,ABN AMRO Bank N.V.,Netherlands,0.4277,0.0002,0.0415,0.0057,25,France|Germany|Norway,ja
2025-12-31,743700GC62JLHFBUND16,Aktia Bank Abp,Finland,DSNHHQ2B9X5N6OUJ1236,Norddeutsche Landesbank - Girozentrale -,Germany,0.3363,0.0002,0.0415,0.0050,23,France|Netherlands|Spain,ja
2025-12-31,743700GC62JLHFBUND16,Aktia Bank Abp,Finland,DZZ47B9A52ZJ6LT6VV95,Deutsche Pfandbriefbank AG,Germany,0.3968,0.0000,0.0064,0.0000,13,France|Netherlands|Sweden,ja
2025-12-31,743700GC62JLHFBUND16,Aktia Bank Abp,Finland,I7ETN0QQO2AHZZGHJ389,KOMMUNALBANKEN AS,Norway,0.4547,0.0000,0.0000,,5,France|Germany|Denmark,ja
2025-12-31,743700GC62JLHFBUND16,Aktia Bank Abp,Finland,J4CP7MHCXR8DAQMKIL78,MEDIOBANCA - BANCA DI CREDITO FINANZIARIO S.P.A.,Italy,0.3742,0.0003,0.0415,0.0063,27,France|Netherlands|Germany,ja
2025-12-31,743700GC62JLHFBUND16,Aktia Bank Abp,Finland,MLU0ZO3ML4LN2LL2TL39,HSBC Continental Europe,France,0.3632,0.0003,0.0415,0.0061,26,Germany|Netherlands|Spain,ja
2025-12-31,743700GC62JLHFBUND16,Aktia Bank Abp,Finland,N747OI7JINV7RUUH6190,BPER Banca S.p.A.,Italy,0.5621,0.0007,0.0209,0.0335,27,France|Germany|Netherlands,ja
2025-12-31,743700GC62JLHFBUND16,Aktia Bank Abp,Finland,NHBDILHZTYCNBV5UYZ31,Svenska Handelsbanken - gruppen,Sweden,0.4009,0.0001,0.0054,0.0173,25,Norway|Netherlands|United Kingdom,ja
2025-12-31,743700GC62JLHFBUND16,Aktia Bank Abp,Finland,NNVPP80YIZGEY2314M97,ICCREA BANCA S.P.A. - ISTITUTO CENTRALE DEL CREDITO COOPERATIVO (IN FORMA ABBREVIATA: ICCREA BANCA S.P.A.),Italy,0.5409,0.0072,0.0074,0.9637,22,France|Germany|Netherlands,ja
2025-12-31,743700GC62JLHFBUND16,Aktia Bank Abp,Finland,O2RNE8IBXP4R0TD8PU41,Société générale S.A.,France,0.3093,0.0002,0.0264,0.0094,26,Germany|Netherlands|Spain,ja
2025-12-31,743700GC62JLHFBUND16,Aktia Bank Abp,Finland,P4GTT6GF1W40CVIMFR43,Powszechna Kasa Oszczednosci Bank Polski S.A.,Poland,0.3958,0.0003,0.0415,0.0061,26,Germany|Netherlands|France,ja
2025-12-31,743700GC62JLHFBUND16,Aktia Bank Abp,Finland,R7CQUF1DQM73HUTV1078,"Banque et Caisse d´Epargne de l´Etat, Luxembourg",Luxembourg,0.6668,0.0000,0.0047,0.0055,24,France|Germany|Netherlands,ja
2025-12-31,743700GC62JLHFBUND16,Aktia Bank Abp,Finland,VDYMYTQGZZ6DU0912C88,Bayerische Landesbank,Germany,0.3706,0.0000,0.0041,0.0072,26,France|Netherlands|Spain,ja
2025-12-31,743700GC62JLHFBUND16,Aktia Bank Abp,Finland,WFLLPEPC7FZXENRZV188,THE BANK OF NEW YORK MELLON,Belgium,0.4616,0.0002,0.0415,0.0060,16,Germany|Netherlands|Slovakia,ja
2025-12-31,743700PW2HDTPU3YRJ31,POP Pankkikeskus osk,Finland,7V6Z97IO7R1SEAO84Q32,SpareBank 1 SMN,Norway,0.4468,0.0000,0.0006,0.0729,13,Sweden|Denmark|Germany,ja
2025-12-31,743700PW2HDTPU3YRJ31,POP Pankkikeskus osk,Finland,8156003D79D064FB5360,CASSA LOMBARDA - S.P.A.,Italy,0.3633,0.0006,0.0006,1.0000,10,France|Germany|Denmark,ja
2025-12-31,743700PW2HDTPU3YRJ31,POP Pankkikeskus osk,Finland,8156005420362AE59184,BANCA IFIS S.P.A. (OVVERO IFIS BANCA S.P.A. O IN FORMA ABBREVIATA IFIS S.P.A.),Italy,0.3228,0.0000,0.0006,0.0000,17,France|Germany|Ireland,ja
2025-12-31,743700PW2HDTPU3YRJ31,POP Pankkikeskus osk,Finland,815600E4E6DCD2D25E30,BANCO BPM SOCIETA' PER AZIONI,Italy,0.3447,0.0000,0.0006,0.0022,18,France|Germany|Ireland,ja
2025-12-31,743700PW2HDTPU3YRJ31,POP Pankkikeskus osk,Finland,95980020140005220135,"Caja Rural de Granada, Sociedad Cooperativa de Crédito",Spain,0.3329,0.0000,0.0006,0.0040,11,France|Germany|Ireland,ja
2025-12-31,743700PW2HDTPU3YRJ31,POP Pankkikeskus osk,Finland,95980020140005439549,"Caja Rural de Navarra, S. Coop. de Crédito",Spain,0.3811,0.0001,0.0006,0.1541,13,France|Germany|Denmark,ja
2025-12-31,743700PW2HDTPU3YRJ31,POP Pankkikeskus osk,Finland,95980020140005484654,"Caja Rural de Albacete, Ciudad Real y Cuenca, Sociedad Cooperativa de Crédito",Spain,0.3185,0.0000,0.0000,,6,France|Germany|Sweden,ja
2025-12-31,743700PW2HDTPU3YRJ31,POP Pankkikeskus osk,Finland,95980020140005552166,"Eurocaja Rural, Sociedad Cooperativa de Crédito",Spain,0.3443,0.0000,0.0006,0.0000,9,France|Germany|Denmark,ja
2025-12-31,743700PW2HDTPU3YRJ31,POP Pankkikeskus osk,Finland,95980020140005881190,Banco de Crédito Social Cooperativo,Spain,0.3212,0.0006,0.0006,1.0000,17,France|Germany|Sweden,ja
2025-12-31,743700PW2HDTPU3YRJ31,POP Pankkikeskus osk,Finland,969500Q2PFTTP0Y5QL44,SFIL S.A.,France,0.3838,0.0000,0.0000,,7,Norway|Sweden|Germany,ja
2025-12-31,743700PW2HDTPU3YRJ31,POP Pankkikeskus osk,Finland,969500TJ5KRTCJQWXH05,CRÉDIT AGRICOLE AUTO BANK S.P.A.,Italy,0.3451,0.0000,0.0006,0.0000,12,France|Germany|Denmark,ja
2025-12-31,743700PW2HDTPU3YRJ31,POP Pankkikeskus osk,Finland,9DJT3UXIJIZJI4WXO774,Bank of America Europe Designated Activity Company,Ireland,0.3358,0.0000,0.0006,0.0000,13,France|Germany|Sweden,ja
2025-12-31,743700PW2HDTPU3YRJ31,POP Pankkikeskus osk,Finland,AT0000000000043000VB,VOLKSBANK WIEN AG VB,Austria,0.3266,0.0000,0.0006,0.0000,15,France|Germany|Norway,ja
2025-12-31,743700PW2HDTPU3YRJ31,POP Pankkikeskus osk,Finland,B64D6Y3LBJS4ANNPCU93,NIBC Bank N.V.,Netherlands,0.3250,0.0006,0.0006,1.0000,9,France|Germany|Sweden,ja
2025-12-31,743700PW2HDTPU3YRJ31,POP Pankkikeskus osk,Finland,BFXS5XCH7N0Y05NIXW11,ABN AMRO Bank N.V.,Netherlands,0.3695,0.0000,0.0006,0.0067,18,France|Germany|Norway,ja
2025-12-31,743700PW2HDTPU3YRJ31,POP Pankkikeskus osk,Finland,DZZ47B9A52ZJ6LT6VV95,Deutsche Pfandbriefbank AG,Germany,0.3006,0.0000,0.0006,0.0000,11,France|Sweden|Luxembourg,ja
2025-12-31,743700PW2HDTPU3YRJ31,POP Pankkikeskus osk,Finland,F3JS33DEI6XQ4ZBPTN86,Skandinaviska Enskilda Banken - gruppen,Sweden,0.3174,0.0000,0.0006,0.0533,17,Norway|Denmark|Germany,ja
2025-12-31,743700PW2HDTPU3YRJ31,POP Pankkikeskus osk,Finland,I7ETN0QQO2AHZZGHJ389,KOMMUNALBANKEN AS,Norway,0.3615,0.0000,0.0000,,4,France|Germany|Denmark,ja
2025-12-31,743700PW2HDTPU3YRJ31,POP Pankkikeskus osk,Finland,J4CP7MHCXR8DAQMKIL78,MEDIOBANCA - BANCA DI CREDITO FINANZIARIO S.P.A.,Italy,0.3193,0.0000,0.0006,0.0146,18,France|Germany|Ireland,ja
2025-12-31,743700PW2HDTPU3YRJ31,POP Pankkikeskus osk,Finland,MAES062Z21O4RZ2U7M96,Danske Bank A/S,Denmark,0.5203,0.0006,0.0006,1.0000,12,Sweden|Norway|France,ja
2025-12-31,743700PW2HDTPU3YRJ31,POP Pankkikeskus osk,Finland,N747OI7JINV7RUUH6190,BPER Banca S.p.A.,Italy,0.3694,0.0002,0.0006,0.3587,18,France|Germany|Sweden,ja
2025-12-31,743700PW2HDTPU3YRJ31,POP Pankkikeskus osk,Finland,NNVPP80YIZGEY2314M97,ICCREA BANCA S.P.A. - ISTITUTO CENTRALE DEL CREDITO COOPERATIVO (IN FORMA ABBREVIATA: ICCREA BANCA S.P.A.),Italy,0.3378,0.0006,0.0006,1.0000,18,France|Germany|Luxembourg,ja
2025-12-31,743700PW2HDTPU3YRJ31,POP Pankkikeskus osk,Finland,R7CQUF1DQM73HUTV1078,"Banque et Caisse d´Epargne de l´Etat, Luxembourg",Luxembourg,0.4785,0.0000,0.0006,0.0450,17,France|Germany|Norway,ja
2025-12-31,784F5XWPLTWKTBV3E584,Goldman Sachs Bank Europe SE,Germany,81560087340FCB8D6D66,MEDIOCREDITO CENTRALE - BANCA DEL MEZZOGIORNO SPA,Italy,0.3916,0.0000,0.0002,0.0000,14,United Kingdom|France|Luxembourg,ja
2025-12-31,784F5XWPLTWKTBV3E584,Goldman Sachs Bank Europe SE,Germany,815600AD83B2B6317788,CREDITO EMILIANO HOLDING SOCIETA' PER AZIONI,Italy,0.3562,0.0000,0.0002,0.0017,20,France|United Kingdom|Netherlands,ja
2025-12-31,784F5XWPLTWKTBV3E584,Goldman Sachs Bank Europe SE,Germany,815600E4E6DCD2D25E30,BANCO BPM SOCIETA' PER AZIONI,Italy,0.4335,0.0001,0.0002,0.3220,23,United Kingdom|France|Netherlands,ja
2025-12-31,784F5XWPLTWKTBV3E584,Goldman Sachs Bank Europe SE,Germany,8I5DZWZKVSZI1NUHU748,J.P. Morgan SE,Germany,0.3976,0.0001,0.0002,0.3152,22,United Kingdom|France|Netherlands,nein
2025-12-31,784F5XWPLTWKTBV3E584,Goldman Sachs Bank Europe SE,Germany,95980020140005220135,"Caja Rural de Granada, Sociedad Cooperativa de Crédito",Spain,0.3850,0.0000,0.0002,0.0122,13,United Kingdom|France|Netherlands,ja
2025-12-31,784F5XWPLTWKTBV3E584,Goldman Sachs Bank Europe SE,Germany,95980020140005881190,Banco de Crédito Social Cooperativo,Spain,0.3609,0.0001,0.0002,0.6866,21,France|United Kingdom|Netherlands,ja
2025-12-31,784F5XWPLTWKTBV3E584,Goldman Sachs Bank Europe SE,Germany,969500TJ5KRTCJQWXH05,CRÉDIT AGRICOLE AUTO BANK S.P.A.,Italy,0.4126,0.0000,0.0002,0.0000,14,United Kingdom|France|Netherlands,ja
2025-12-31,784F5XWPLTWKTBV3E584,Goldman Sachs Bank Europe SE,Germany,9DJT3UXIJIZJI4WXO774,Bank of America Europe Designated Activity Company,Ireland,0.4462,0.0000,0.0002,0.0024,19,United Kingdom|France|Netherlands,ja
2025-12-31,784F5XWPLTWKTBV3E584,Goldman Sachs Bank Europe SE,Germany,A5GWLFH3KM7YV2SFQL84,Belfius Bank,Belgium,0.4726,0.0001,0.0002,0.5365,22,United Kingdom|France|Netherlands,ja
2025-12-31,784F5XWPLTWKTBV3E584,Goldman Sachs Bank Europe SE,Germany,B64D6Y3LBJS4ANNPCU93,NIBC Bank N.V.,Netherlands,0.4542,0.0001,0.0002,0.6848,9,United Kingdom|France|Luxembourg,ja
2025-12-31,784F5XWPLTWKTBV3E584,Goldman Sachs Bank Europe SE,Germany,BFXS5XCH7N0Y05NIXW11,ABN AMRO Bank N.V.,Netherlands,0.4088,0.0001,0.0002,0.3356,22,United Kingdom|France|Luxembourg,ja
2025-12-31,784F5XWPLTWKTBV3E584,Goldman Sachs Bank Europe SE,Germany,DIZES5CFO5K3I5R58746,Landesbank Hessen-Thüringen Girozentrale,Germany,0.3575,0.0001,0.0002,0.5601,23,United Kingdom|France|Netherlands,nein
2025-12-31,784F5XWPLTWKTBV3E584,Goldman Sachs Bank Europe SE,Germany,DSNHHQ2B9X5N6OUJ1236,Norddeutsche Landesbank - Girozentrale -,Germany,0.4155,0.0000,0.0002,0.0017,20,United Kingdom|France|Netherlands,nein
2025-12-31,784F5XWPLTWKTBV3E584,Goldman Sachs Bank Europe SE,Germany,DZZ47B9A52ZJ6LT6VV95,Deutsche Pfandbriefbank AG,Germany,0.3335,0.0000,0.0002,0.0000,12,France|United Kingdom|Netherlands,nein
2025-12-31,784F5XWPLTWKTBV3E584,Goldman Sachs Bank Europe SE,Germany,J4CP7MHCXR8DAQMKIL78,MEDIOBANCA - BANCA DI CREDITO FINANZIARIO S.P.A.,Italy,0.4228,0.0001,0.0002,0.3593,23,United Kingdom|France|Netherlands,ja
2025-12-31,784F5XWPLTWKTBV3E584,Goldman Sachs Bank Europe SE,Germany,N747OI7JINV7RUUH6190,BPER Banca S.p.A.,Italy,0.3469,0.0002,0.0002,1.0000,23,France|United Kingdom|Netherlands,ja
2025-12-31,784F5XWPLTWKTBV3E584,Goldman Sachs Bank Europe SE,Germany,NHBDILHZTYCNBV5UYZ31,Svenska Handelsbanken - gruppen,Sweden,0.3603,0.0001,0.0002,0.5274,22,United Kingdom|Netherlands|Luxembourg,ja
2025-12-31,784F5XWPLTWKTBV3E584,Goldman Sachs Bank Europe SE,Germany,SI5RG2M0WQQLZCXKRM20,"Banco de Sabadell, S.A.",Spain,0.7970,0.0001,0.0002,0.6866,21,United Kingdom|France|Netherlands,ja
2025-12-31,784F5XWPLTWKTBV3E584,Goldman Sachs Bank Europe SE,Germany,TUKDD90GPC79G1KOE162,Hamburg Commercial Bank AG,Germany,0.3302,0.0000,0.0002,0.0000,16,United Kingdom|Netherlands|France,nein
2025-12-31,784F5XWPLTWKTBV3E584,Goldman Sachs Bank Europe SE,Germany,VDYMYTQGZZ6DU0912C88,Bayerische Landesbank,Germany,0.4287,0.0000,0.0002,0.1416,23,United Kingdom|France|Netherlands,nein
2025-12-31,7CUNS533WID6K7DGFI87,"CaixaBank, S.A.",Spain,7LTWFZYICNSX8D621K86,DEUTSCHE BANK AKTIENGESELLSCHAFT,Germany,0.3036,0.0202,0.0555,0.3637,91,United Kingdom|United States|Italy,ja
2025-12-31,7CUNS533WID6K7DGFI87,"CaixaBank, S.A.",Spain,8156005420362AE59184,BANCA IFIS S.P.A. (OVVERO IFIS BANCA S.P.A. O IN FORMA ABBREVIATA IFIS S.P.A.),Italy,0.3116,0.0112,0.0555,0.2010,90,Germany|France|United States,ja
2025-12-31,7CUNS533WID6K7DGFI87,"CaixaBank, S.A.",Spain,8I5DZWZKVSZI1NUHU748,J.P. Morgan SE,Germany,0.3583,0.0178,0.0555,0.3212,106,United Kingdom|France|United States,ja
2025-12-31,7CUNS533WID6K7DGFI87,"CaixaBank, S.A.",Spain,9DJT3UXIJIZJI4WXO774,Bank of America Europe Designated Activity Company,Ireland,0.3640,0.0110,0.0555,0.1974,63,United Kingdom|Germany|France,ja
2025-12-31,7CUNS533WID6K7DGFI87,"CaixaBank, S.A.",Spain,A5GWLFH3KM7YV2SFQL84,Belfius Bank,Belgium,0.3620,0.0011,0.0128,0.0819,37,United Kingdom|France|United States,ja
2025-12-31,7CUNS533WID6K7DGFI87,"CaixaBank, S.A.",Spain,BFXS5XCH7N0Y05NIXW11,ABN AMRO Bank N.V.,Netherlands,0.3022,0.0091,0.0555,0.1633,44,United Kingdom|Germany|France,ja
2025-12-31,7CUNS533WID6K7DGFI87,"CaixaBank, S.A.",Spain,DG3RU1DBUFHT4ZF9WN62,Coöperatieve Rabobank U.A.,Netherlands,0.3610,0.0255,0.0555,0.4590,133,United Kingdom|Germany|France,ja
2025-12-31,7CUNS533WID6K7DGFI87,"CaixaBank, S.A.",Spain,DIZES5CFO5K3I5R58746,Landesbank Hessen-Thüringen Girozentrale,Germany,0.3342,0.0165,0.0460,0.3580,123,United Kingdom|France|United States,ja
2025-12-31,7CUNS533WID6K7DGFI87,"CaixaBank, S.A.",Spain,DSNHHQ2B9X5N6OUJ1236,Norddeutsche Landesbank - Girozentrale -,Germany,0.3475,0.0132,0.0555,0.2382,69,United Kingdom|France|United States,ja
2025-12-31,7CUNS533WID6K7DGFI87,"CaixaBank, S.A.",Spain,J4CP7MHCXR8DAQMKIL78,MEDIOBANCA - BANCA DI CREDITO FINANZIARIO S.P.A.,Italy,0.3490,0.0037,0.0555,0.0659,47,United Kingdom|Germany|France,ja
2025-12-31,7CUNS533WID6K7DGFI87,"CaixaBank, S.A.",Spain,MLU0ZO3ML4LN2LL2TL39,HSBC Continental Europe,France,0.3551,0.0107,0.0555,0.1920,96,United Kingdom|Germany|United States,ja
2025-12-31,7CUNS533WID6K7DGFI87,"CaixaBank, S.A.",Spain,QLPCKOOKVX32FUELX240,Bank Polska Kasa Opieki S.A.,Poland,0.3055,0.0070,0.0555,0.1254,118,United Kingdom|Germany|Netherlands,ja
2025-12-31,7CUNS533WID6K7DGFI87,"CaixaBank, S.A.",Spain,TUKDD90GPC79G1KOE162,Hamburg Commercial Bank AG,Germany,0.3077,0.0224,0.0555,0.4043,40,United Kingdom|France|United States,ja
2025-12-31,7CUNS533WID6K7DGFI87,"CaixaBank, S.A.",Spain,WFLLPEPC7FZXENRZV188,THE BANK OF NEW YORK MELLON,Belgium,0.3259,0.0066,0.0555,0.1181,59,United Kingdom|Germany|Netherlands,ja
2025-12-31,7LTWFZYICNSX8D621K86,DEUTSCHE BANK AKTIENGESELLSCHAFT,Germany,8156005420362AE59184,BANCA IFIS S.P.A. (OVVERO IFIS BANCA S.P.A. O IN FORMA ABBREVIATA IFIS S.P.A.),Italy,0.3074,0.0220,0.0896,0.2458,70,Luxembourg|United States|United Kingdom,ja
2025-12-31,7LTWFZYICNSX8D621K86,DEUTSCHE BANK AKTIENGESELLSCHAFT,Germany,815600AD83B2B6317788,CREDITO EMILIANO HOLDING SOCIETA' PER AZIONI,Italy,0.3601,0.0007,0.0007,1.0000,25,United States|United Kingdom|Luxembourg,ja
2025-12-31,7LTWFZYICNSX8D621K86,DEUTSCHE BANK AKTIENGESELLSCHAFT,Germany,8I5DZWZKVSZI1NUHU748,J.P. Morgan SE,Germany,0.5118,0.0464,0.1131,0.4103,78,United States|Italy|Luxembourg,nein
2025-12-31,7LTWFZYICNSX8D621K86,DEUTSCHE BANK AKTIENGESELLSCHAFT,Germany,9598005U8TZQ8Q64SC71,LIBERTY PARTNERS S.L.U.,Spain,0.3436,0.0173,0.0241,0.7175,16,Italy|Luxembourg|United Kingdom,ja
2025-12-31,7LTWFZYICNSX8D621K86,DEUTSCHE BANK AKTIENGESELLSCHAFT,Germany,9695005MSX1OYEMGDF46,Natixis,France,0.4805,0.0552,0.0781,0.7072,76,United States|Luxembourg|United Kingdom,ja
2025-12-31,7LTWFZYICNSX8D621K86,DEUTSCHE BANK AKTIENGESELLSCHAFT,Germany,9DJT3UXIJIZJI4WXO774,Bank of America Europe Designated Activity Company,Ireland,0.3571,0.0393,0.0753,0.5215,55,Luxembourg|United Kingdom|Italy,ja
2025-12-31,7LTWFZYICNSX8D621K86,DEUTSCHE BANK AKTIENGESELLSCHAFT,Germany,A5GWLFH3KM7YV2SFQL84,Belfius Bank,Belgium,0.3538,0.0052,0.0128,0.4082,36,Luxembourg|United States|United Kingdom,ja
2025-12-31,7LTWFZYICNSX8D621K86,DEUTSCHE BANK AKTIENGESELLSCHAFT,Germany,DG3RU1DBUFHT4ZF9WN62,Coöperatieve Rabobank U.A.,Netherlands,0.5941,0.0431,0.1605,0.2684,85,United States|United Kingdom|Italy,ja
2025-12-31,7LTWFZYICNSX8D621K86,DEUTSCHE BANK AKTIENGESELLSCHAFT,Germany,DIZES5CFO5K3I5R58746,Landesbank Hessen-Thüringen Girozentrale,Germany,0.5730,0.0279,0.0460,0.6055,86,United States|Luxembourg|United Kingdom,nein
2025-12-31,7LTWFZYICNSX8D621K86,DEUTSCHE BANK AKTIENGESELLSCHAFT,Germany,DSNHHQ2B9X5N6OUJ1236,Norddeutsche Landesbank - Girozentrale -,Germany,0.4946,0.0228,0.0596,0.3818,58,United States|Luxembourg|United Kingdom,nein
2025-12-31,7LTWFZYICNSX8D621K86,DEUTSCHE BANK AKTIENGESELLSCHAFT,Germany,DZZ47B9A52ZJ6LT6VV95,Deutsche Pfandbriefbank AG,Germany,0.3002,0.0029,0.0064,0.4488,25,United States|United Kingdom|Spain,nein
2025-12-31,7LTWFZYICNSX8D621K86,DEUTSCHE BANK AKTIENGESELLSCHAFT,Germany,J4CP7MHCXR8DAQMKIL78,MEDIOBANCA - BANCA DI CREDITO FINANZIARIO S.P.A.,Italy,0.3235,0.0046,0.0569,0.0801,43,Luxembourg|United Kingdom|United States,ja
2025-12-31,7LTWFZYICNSX8D621K86,DEUTSCHE BANK AKTIENGESELLSCHAFT,Germany,MLU0ZO3ML4LN2LL2TL39,HSBC Continental Europe,France,0.3983,0.0204,0.1276,0.1595,76,Luxembourg|United Kingdom|United States,ja
2025-12-31,7LTWFZYICNSX8D621K86,DEUTSCHE BANK AKTIENGESELLSCHAFT,Germany,QLPCKOOKVX32FUELX240,Bank Polska Kasa Opieki S.A.,Poland,0.3097,0.0019,0.0714,0.0271,78,Luxembourg|United Kingdom|Spain,ja
2025-12-31,7LTWFZYICNSX8D621K86,DEUTSCHE BANK AKTIENGESELLSCHAFT,Germany,TUKDD90GPC79G1KOE162,Hamburg Commercial Bank AG,Germany,0.4049,0.0407,0.1541,0.2640,34,United States|Luxembourg|United Kingdom,nein
2025-12-31,7LVZJ6XRIE7VNZ4UBX81,BANCA MEDIOLANUM S.P.A.,Italy,815600B5C61A10BBB451,BANCA SISTEMA S.P.A.,Italy,0.5399,0.0021,0.0067,0.3157,9,Spain|Germany|United States,nein
2025-12-31,7V6Z97IO7R1SEAO84Q32,SpareBank 1 SMN,Norway,969500Q2PFTTP0Y5QL44,SFIL S.A.,France,0.3087,0.0000,0.0000,,7,Finland|Sweden|Denmark,ja
2025-12-31,7V6Z97IO7R1SEAO84Q32,SpareBank 1 SMN,Norway,I7ETN0QQO2AHZZGHJ389,KOMMUNALBANKEN AS,Norway,0.3034,0.0000,0.0000,,5,Finland|Denmark|Sweden,nein
2025-12-31,7V6Z97IO7R1SEAO84Q32,SpareBank 1 SMN,Norway,MAES062Z21O4RZ2U7M96,Danske Bank A/S,Denmark,0.6795,0.0000,0.0017,0.0238,9,Sweden|Finland|Germany,ja
2025-12-31,8156003D79D064FB5360,CASSA LOMBARDA - S.P.A.,Italy,8156005420362AE59184,BANCA IFIS S.P.A. (OVVERO IFIS BANCA S.P.A. O IN FORMA ABBREVIATA IFIS S.P.A.),Italy,0.4913,0.0000,0.0137,0.0003,18,France|Switzerland|Germany,nein
2025-12-31,8156003D79D064FB5360,CASSA LOMBARDA - S.P.A.,Italy,815600AD83B2B6317788,CREDITO EMILIANO HOLDING SOCIETA' PER AZIONI,Italy,0.4103,0.0000,0.0007,0.0000,13,France|Spain|United Kingdom,nein
2025-12-31,8156003D79D064FB5360,CASSA LOMBARDA - S.P.A.,Italy,815600E4E6DCD2D25E30,BANCO BPM SOCIETA' PER AZIONI,Italy,0.4309,0.0000,0.0023,0.0005,13,France|Germany|Spain,nein
2025-12-31,8156003D79D064FB5360,CASSA LOMBARDA - S.P.A.,Italy,8I5DZWZKVSZI1NUHU748,J.P. Morgan SE,Germany,0.3655,0.0000,0.0137,0.0003,17,France|United Kingdom|Spain,ja
2025-12-31,8156003D79D064FB5360,CASSA LOMBARDA - S.P.A.,Italy,95980020140005220135,"Caja Rural de Granada, Sociedad Cooperativa de Crédito",Spain,0.3701,0.0000,0.0008,0.0029,11,France|Germany|United Kingdom,ja
2025-12-31,8156003D79D064FB5360,CASSA LOMBARDA - S.P.A.,Italy,95980020140005439549,"Caja Rural de Navarra, S. Coop. de Crédito",Spain,0.3762,0.0001,0.0063,0.0139,12,France|Germany|Denmark,ja
2025-12-31,8156003D79D064FB5360,CASSA LOMBARDA - S.P.A.,Italy,95980020140005484654,"Caja Rural de Albacete, Ciudad Real y Cuenca, Sociedad Cooperativa de Crédito",Spain,0.3177,0.0000,0.0000,,8,France|Germany|United Kingdom,ja
2025-12-31,8156003D79D064FB5360,CASSA LOMBARDA - S.P.A.,Italy,95980020140005552166,"Eurocaja Rural, Sociedad Cooperativa de Crédito",Spain,0.3711,0.0000,0.0137,0.0003,14,France|Germany|Denmark,ja
2025-12-31,8156003D79D064FB5360,CASSA LOMBARDA - S.P.A.,Italy,95980020140005881190,Banco de Crédito Social Cooperativo,Spain,0.3571,0.0041,0.0045,0.9134,12,France|Germany|United Kingdom,ja
2025-12-31,8156003D79D064FB5360,CASSA LOMBARDA - S.P.A.,Italy,969500F7JLTX36OUI695,RCI Banque,France,0.3289,0.0000,0.0137,0.0000,9,Spain|Germany|United Kingdom,ja
2025-12-31,8156003D79D064FB5360,CASSA LOMBARDA - S.P.A.,Italy,969500TJ5KRTCJQWXH05,CRÉDIT AGRICOLE AUTO BANK S.P.A.,Italy,0.5981,0.0000,0.0020,0.0000,16,France|Germany|Spain,nein
2025-12-31,8156003D79D064FB5360,CASSA LOMBARDA - S.P.A.,Italy,9DJT3UXIJIZJI4WXO774,Bank of America Europe Designated Activity Company,Ireland,0.4601,0.0000,0.0137,0.0003,18,France|Germany|United Kingdom,ja
2025-12-31,8156003D79D064FB5360,CASSA LOMBARDA - S.P.A.,Italy,A5GWLFH3KM7YV2SFQL84,Belfius Bank,Belgium,0.3912,0.0000,0.0128,0.0032,17,France|United Kingdom|Germany,ja
2025-12-31,8156003D79D064FB5360,CASSA LOMBARDA - S.P.A.,Italy,AT0000000000043000VB,VOLKSBANK WIEN AG VB,Austria,0.4216,0.0000,0.0047,0.0010,17,France|Germany|Finland,ja
2025-12-31,8156003D79D064FB5360,CASSA LOMBARDA - S.P.A.,Italy,B64D6Y3LBJS4ANNPCU93,NIBC Bank N.V.,Netherlands,0.4196,0.0137,0.0137,0.9997,13,Germany|France|Spain,ja
2025-12-31,8156003D79D064FB5360,CASSA LOMBARDA - S.P.A.,Italy,BFXS5XCH7N0Y05NIXW11,ABN AMRO Bank N.V.,Netherlands,0.4374,0.0000,0.0137,0.0006,17,France|Germany|United Kingdom,ja
2025-12-31,8156003D79D064FB5360,CASSA LOMBARDA - S.P.A.,Italy,DIZES5CFO5K3I5R58746,Landesbank Hessen-Thüringen Girozentrale,Germany,0.3681,0.0001,0.0137,0.0037,18,France|United Kingdom|Finland,ja
2025-12-31,8156003D79D064FB5360,CASSA LOMBARDA - S.P.A.,Italy,DSNHHQ2B9X5N6OUJ1236,Norddeutsche Landesbank - Girozentrale -,Germany,0.3205,0.0000,0.0137,0.0003,17,France|United Kingdom|Spain,ja
2025-12-31,8156003D79D064FB5360,CASSA LOMBARDA - S.P.A.,Italy,DZZ47B9A52ZJ6LT6VV95,Deutsche Pfandbriefbank AG,Germany,0.4079,0.0000,0.0064,0.0000,13,France|Spain|United Kingdom,ja
2025-12-31,8156003D79D064FB5360,CASSA LOMBARDA - S.P.A.,Italy,F3JS33DEI6XQ4ZBPTN86,Skandinaviska Enskilda Banken - gruppen,Sweden,0.3262,0.0000,0.0137,0.0026,18,Germany|United Kingdom|Denmark,ja
2025-12-31,8156003D79D064FB5360,CASSA LOMBARDA - S.P.A.,Italy,I7ETN0QQO2AHZZGHJ389,KOMMUNALBANKEN AS,Norway,0.3326,0.0000,0.0000,,6,France|Germany|Denmark,ja
2025-12-31,8156003D79D064FB5360,CASSA LOMBARDA - S.P.A.,Italy,J4CP7MHCXR8DAQMKIL78,MEDIOBANCA - BANCA DI CREDITO FINANZIARIO S.P.A.,Italy,0.4793,0.0000,0.0137,0.0006,18,France|Spain|Germany,nein
2025-12-31,8156003D79D064FB5360,CASSA LOMBARDA - S.P.A.,Italy,MLU0ZO3ML4LN2LL2TL39,HSBC Continental Europe,France,0.3422,0.0000,0.0137,0.0001,18,Germany|Spain|United Kingdom,ja
2025-12-31,8156003D79D064FB5360,CASSA LOMBARDA - S.P.A.,Italy,N747OI7JINV7RUUH6190,BPER Banca S.p.A.,Italy,0.4304,0.0002,0.0137,0.0149,13,France|Germany|Spain,nein
2025-12-31,8156003D79D064FB5360,CASSA LOMBARDA - S.P.A.,Italy,NNVPP80YIZGEY2314M97,ICCREA BANCA S.P.A. - ISTITUTO CENTRALE DEL CREDITO COOPERATIVO (IN FORMA ABBREVIATA: ICCREA BANCA S.P.A.),Italy,0.4301,0.0072,0.0074,0.9637,12,France|Spain|Germany,nein
2025-12-31,8156003D79D064FB5360,CASSA LOMBARDA - S.P.A.,Italy,R7CQUF1DQM73HUTV1078,"Banque et Caisse d´Epargne de l´Etat, Luxembourg",Luxembourg,0.4218,0.0000,0.0047,0.0055,12,France|Germany|United Kingdom,ja
2025-12-31,8156003D79D064FB5360,CASSA LOMBARDA - S.P.A.,Italy,VDYMYTQGZZ6DU0912C88,Bayerische Landesbank,Germany,0.3224,0.0000,0.0041,0.0028,18,France|United Kingdom|Spain,ja
2025-12-31,8156003D79D064FB5360,CASSA LOMBARDA - S.P.A.,Italy,WFLLPEPC7FZXENRZV188,THE BANK OF NEW YORK MELLON,Belgium,0.3345,0.0000,0.0137,0.0000,16,Germany|United Kingdom|Spain,ja
2025-12-31,8156005420362AE59184,BANCA IFIS S.P.A. (OVVERO IFIS BANCA S.P.A. O IN FORMA ABBREVIATA IFIS S.P.A.),Italy,81560062CEAE87A85C80,AREPO BP S.P.A.,Italy,0.3106,0.0008,0.0417,0.0189,17,Luxembourg|United Kingdom|United States,nein
2025-12-31,8156005420362AE59184,BANCA IFIS S.P.A. (OVVERO IFIS BANCA S.P.A. O IN FORMA ABBREVIATA IFIS S.P.A.),Italy,81560087340FCB8D6D66,MEDIOCREDITO CENTRALE - BANCA DEL MEZZOGIORNO SPA,Italy,0.3712,0.0061,0.0261,0.2351,34,Luxembourg|Germany|France,nein
2025-12-31,8156005420362AE59184,BANCA IFIS S.P.A. (OVVERO IFIS BANCA S.P.A. O IN FORMA ABBREVIATA IFIS S.P.A.),Italy,815600AD83B2B6317788,CREDITO EMILIANO HOLDING SOCIETA' PER AZIONI,Italy,0.3885,0.0004,0.0007,0.5573,26,France|Luxembourg|Germany,nein
2025-12-31,8156005420362AE59184,BANCA IFIS S.P.A. (OVVERO IFIS BANCA S.P.A. O IN FORMA ABBREVIATA IFIS S.P.A.),Italy,815600E4E6DCD2D25E30,BANCO BPM SOCIETA' PER AZIONI,Italy,0.4646,0.0007,0.0023,0.3205,33,France|Luxembourg|Germany,nein
2025-12-31,8156005420362AE59184,BANCA IFIS S.P.A. (OVVERO IFIS BANCA S.P.A. O IN FORMA ABBREVIATA IFIS S.P.A.),Italy,8I5DZWZKVSZI1NUHU748,J.P. Morgan SE,Germany,0.4621,0.0091,0.0896,0.1013,71,France|Luxembourg|United States,ja
2025-12-31,8156005420362AE59184,BANCA IFIS S.P.A. (OVVERO IFIS BANCA S.P.A. O IN FORMA ABBREVIATA IFIS S.P.A.),Italy,95980020140005220135,"Caja Rural de Granada, Sociedad Cooperativa de Crédito",Spain,0.4003,0.0000,0.0008,0.0012,17,France|Germany|Luxembourg,ja
2025-12-31,8156005420362AE59184,BANCA IFIS S.P.A. (OVVERO IFIS BANCA S.P.A. O IN FORMA ABBREVIATA IFIS S.P.A.),Italy,95980020140005439549,"Caja Rural de Navarra, S. Coop. de Crédito",Spain,0.3650,0.0004,0.0063,0.0650,19,France|Germany|Luxembourg,ja
2025-12-31,8156005420362AE59184,BANCA IFIS S.P.A. (OVVERO IFIS BANCA S.P.A. O IN FORMA ABBREVIATA IFIS S.P.A.),Italy,95980020140005484654,"Caja Rural de Albacete, Ciudad Real y Cuenca, Sociedad Cooperativa de Crédito",Spain,0.3690,0.0000,0.0000,,11,France|Luxembourg|Germany,ja
2025-12-31,8156005420362AE59184,BANCA IFIS S.P.A. (OVVERO IFIS BANCA S.P.A. O IN FORMA ABBREVIATA IFIS S.P.A.),Italy,95980020140005552166,"Eurocaja Rural, Sociedad Cooperativa de Crédito",Spain,0.4047,0.0012,0.0577,0.0215,33,France|Luxembourg|Germany,ja
2025-12-31,8156005420362AE59184,BANCA IFIS S.P.A. (OVVERO IFIS BANCA S.P.A. O IN FORMA ABBREVIATA IFIS S.P.A.),Italy,95980020140005881190,Banco de Crédito Social Cooperativo,Spain,0.4422,0.0004,0.0045,0.0866,26,France|Luxembourg|Ireland,ja
2025-12-31,8156005420362AE59184,BANCA IFIS S.P.A. (OVVERO IFIS BANCA S.P.A. O IN FORMA ABBREVIATA IFIS S.P.A.),Italy,9598005U8TZQ8Q64SC71,LIBERTY PARTNERS S.L.U.,Spain,0.4462,0.0000,0.0241,0.0013,16,France|Luxembourg|Ireland,ja
2025-12-31,8156005420362AE59184,BANCA IFIS S.P.A. (OVVERO IFIS BANCA S.P.A. O IN FORMA ABBREVIATA IFIS S.P.A.),Italy,9695005MSX1OYEMGDF46,Natixis,France,0.3072,0.0125,0.0781,0.1597,71,Luxembourg|United States|United Kingdom,ja
2025-12-31,8156005420362AE59184,BANCA IFIS S.P.A. (OVVERO IFIS BANCA S.P.A. O IN FORMA ABBREVIATA IFIS S.P.A.),Italy,969500TJ5KRTCJQWXH05,CRÉDIT AGRICOLE AUTO BANK S.P.A.,Italy,0.4724,0.0020,0.0020,1.0000,25,France|Switzerland|Germany,nein
2025-12-31,8156005420362AE59184,BANCA IFIS S.P.A. (OVVERO IFIS BANCA S.P.A. O IN FORMA ABBREVIATA IFIS S.P.A.),Italy,9DJT3UXIJIZJI4WXO774,Bank of America Europe Designated Activity Company,Ireland,0.5583,0.0290,0.0753,0.3854,51,France|Luxembourg|Germany,ja
2025-12-31,8156005420362AE59184,BANCA IFIS S.P.A. (OVVERO IFIS BANCA S.P.A. O IN FORMA ABBREVIATA IFIS S.P.A.),Italy,A5GWLFH3KM7YV2SFQL84,Belfius Bank,Belgium,0.4953,0.0039,0.0128,0.3028,34,France|Luxembourg|Germany,ja
2025-12-31,8156005420362AE59184,BANCA IFIS S.P.A. (OVVERO IFIS BANCA S.P.A. O IN FORMA ABBREVIATA IFIS S.P.A.),Italy,AT0000000000043000VB,VOLKSBANK WIEN AG VB,Austria,0.3446,0.0007,0.0047,0.1468,63,France|Germany|United Kingdom,ja
2025-12-31,8156005420362AE59184,BANCA IFIS S.P.A. (OVVERO IFIS BANCA S.P.A. O IN FORMA ABBREVIATA IFIS S.P.A.),Italy,B64D6Y3LBJS4ANNPCU93,NIBC Bank N.V.,Netherlands,0.3446,0.0000,0.0170,0.0000,13,France|Germany|Luxembourg,ja
2025-12-31,8156005420362AE59184,BANCA IFIS S.P.A. (OVVERO IFIS BANCA S.P.A. O IN FORMA ABBREVIATA IFIS S.P.A.),Italy,BFXS5XCH7N0Y05NIXW11,ABN AMRO Bank N.V.,Netherlands,0.4341,0.0010,0.0868,0.0121,38,France|Luxembourg|Germany,ja
2025-12-31,8156005420362AE59184,BANCA IFIS S.P.A. (OVVERO IFIS BANCA S.P.A. O IN FORMA ABBREVIATA IFIS S.P.A.),Italy,DG3RU1DBUFHT4ZF9WN62,Coöperatieve Rabobank U.A.,Netherlands,0.3127,0.0155,0.0896,0.1725,85,Germany|France|United States,ja
2025-12-31,8156005420362AE59184,BANCA IFIS S.P.A. (OVVERO IFIS BANCA S.P.A. O IN FORMA ABBREVIATA IFIS S.P.A.),Italy,DIZES5CFO5K3I5R58746,Landesbank Hessen-Thüringen Girozentrale,Germany,0.4907,0.0164,0.0460,0.3561,84,France|Luxembourg|Poland,ja
2025-12-31,8156005420362AE59184,BANCA IFIS S.P.A. (OVVERO IFIS BANCA S.P.A. O IN FORMA ABBREVIATA IFIS S.P.A.),Italy,DSNHHQ2B9X5N6OUJ1236,Norddeutsche Landesbank - Girozentrale -,Germany,0.4915,0.0071,0.0596,0.1199,52,France|Luxembourg|Poland,ja
2025-12-31,8156005420362AE59184,BANCA IFIS S.P.A. (OVVERO IFIS BANCA S.P.A. O IN FORMA ABBREVIATA IFIS S.P.A.),Italy,DZZ47B9A52ZJ6LT6VV95,Deutsche Pfandbriefbank AG,Germany,0.3793,0.0000,0.0064,0.0000,20,France|Poland|United States,ja
2025-12-31,8156005420362AE59184,BANCA IFIS S.P.A. (OVVERO IFIS BANCA S.P.A. O IN FORMA ABBREVIATA IFIS S.P.A.),Italy,J4CP7MHCXR8DAQMKIL78,MEDIOBANCA - BANCA DI CREDITO FINANZIARIO S.P.A.,Italy,0.5294,0.0047,0.0569,0.0834,45,France|Luxembourg|Germany,nein
2025-12-31,8156005420362AE59184,BANCA IFIS S.P.A. (OVVERO IFIS BANCA S.P.A. O IN FORMA ABBREVIATA IFIS S.P.A.),Italy,MLU0ZO3ML4LN2LL2TL39,HSBC Continental Europe,France,0.4420,0.0070,0.0896,0.0781,65,Luxembourg|Germany|Ireland,ja
2025-12-31,8156005420362AE59184,BANCA IFIS S.P.A. (OVVERO IFIS BANCA S.P.A. O IN FORMA ABBREVIATA IFIS S.P.A.),Italy,N747OI7JINV7RUUH6190,BPER Banca S.p.A.,Italy,0.4840,0.0062,0.0209,0.2990,35,France|Luxembourg|Germany,nein
2025-12-31,8156005420362AE59184,BANCA IFIS S.P.A. (OVVERO IFIS BANCA S.P.A. O IN FORMA ABBREVIATA IFIS S.P.A.),Italy,NNVPP80YIZGEY2314M97,ICCREA BANCA S.P.A. - ISTITUTO CENTRALE DEL CREDITO COOPERATIVO (IN FORMA ABBREVIATA: ICCREA BANCA S.P.A.),Italy,0.3725,0.0003,0.0074,0.0362,26,France|Germany|Luxembourg,nein
2025-12-31,8156005420362AE59184,BANCA IFIS S.P.A. (OVVERO IFIS BANCA S.P.A. O IN FORMA ABBREVIATA IFIS S.P.A.),Italy,O2RNE8IBXP4R0TD8PU41,Société générale S.A.,France,0.3645,0.0007,0.0264,0.0253,84,Luxembourg|Germany|Ireland,ja
2025-12-31,8156005420362AE59184,BANCA IFIS S.P.A. (OVVERO IFIS BANCA S.P.A. O IN FORMA ABBREVIATA IFIS S.P.A.),Italy,P4GTT6GF1W40CVIMFR43,Powszechna Kasa Oszczednosci Bank Polski S.A.,Poland,0.3690,0.0033,0.0896,0.0369,88,Germany|France|Luxembourg,ja
2025-12-31,8156005420362AE59184,BANCA IFIS S.P.A. (OVVERO IFIS BANCA S.P.A. O IN FORMA ABBREVIATA IFIS S.P.A.),Italy,QLPCKOOKVX32FUELX240,Bank Polska Kasa Opieki S.A.,Poland,0.4602,0.0043,0.0714,0.0595,76,Luxembourg|Ireland|Germany,ja
2025-12-31,8156005420362AE59184,BANCA IFIS S.P.A. (OVVERO IFIS BANCA S.P.A. O IN FORMA ABBREVIATA IFIS S.P.A.),Italy,R0MUWSFPU8MPRO8K5P83,BNP Paribas,France,0.3355,0.0015,0.0108,0.1382,80,Luxembourg|Germany|Poland,ja
2025-12-31,8156005420362AE59184,BANCA IFIS S.P.A. (OVVERO IFIS BANCA S.P.A. O IN FORMA ABBREVIATA IFIS S.P.A.),Italy,R7CQUF1DQM73HUTV1078,"Banque et Caisse d´Epargne de l´Etat, Luxembourg",Luxembourg,0.3629,0.0000,0.0047,0.0001,26,France|Germany|United Kingdom,ja
2025-12-31,8156005420362AE59184,BANCA IFIS S.P.A. (OVVERO IFIS BANCA S.P.A. O IN FORMA ABBREVIATA IFIS S.P.A.),Italy,TUKDD90GPC79G1KOE162,Hamburg Commercial Bank AG,Germany,0.4021,0.0027,0.0896,0.0305,30,Luxembourg|France|Ireland,ja
2025-12-31,8156005420362AE59184,BANCA IFIS S.P.A. (OVVERO IFIS BANCA S.P.A. O IN FORMA ABBREVIATA IFIS S.P.A.),Italy,VDYMYTQGZZ6DU0912C88,Bayerische Landesbank,Germany,0.4711,0.0008,0.0041,0.1997,89,France|Luxembourg|Ireland,ja
2025-12-31,8156005420362AE59184,BANCA IFIS S.P.A. (OVVERO IFIS BANCA S.P.A. O IN FORMA ABBREVIATA IFIS S.P.A.),Italy,WFLLPEPC7FZXENRZV188,THE BANK OF NEW YORK MELLON,Belgium,0.3616,0.0058,0.0805,0.0726,47,Ireland|Germany|Luxembourg,ja
2025-12-31,81560062CEAE87A85C80,AREPO BP S.P.A.,Italy,81560087340FCB8D6D66,MEDIOCREDITO CENTRALE - BANCA DEL MEZZOGIORNO SPA,Italy,0.5059,0.0000,0.0261,0.0002,14,Luxembourg|United Kingdom|United States,nein
2025-12-31,81560062CEAE87A85C80,AREPO BP S.P.A.,Italy,815600AD83B2B6317788,CREDITO EMILIANO HOLDING SOCIETA' PER AZIONI,Italy,0.3252,0.0000,0.0007,0.0000,12,Netherlands|Luxembourg|Spain,nein
2025-12-31,81560062CEAE87A85C80,AREPO BP S.P.A.,Italy,815600E4E6DCD2D25E30,BANCO BPM SOCIETA' PER AZIONI,Italy,0.4723,0.0000,0.0023,0.0000,11,Luxembourg|Netherlands|Spain,nein
2025-12-31,81560062CEAE87A85C80,AREPO BP S.P.A.,Italy,8I5DZWZKVSZI1NUHU748,J.P. Morgan SE,Germany,0.3909,0.0011,0.0417,0.0267,19,Netherlands|Luxembourg|Spain,ja
2025-12-31,81560062CEAE87A85C80,AREPO BP S.P.A.,Italy,95980020140005881190,Banco de Crédito Social Cooperativo,Spain,0.3958,0.0000,0.0045,0.0000,10,Luxembourg|Netherlands|United Kingdom,ja
2025-12-31,81560062CEAE87A85C80,AREPO BP S.P.A.,Italy,9598005U8TZQ8Q64SC71,LIBERTY PARTNERS S.L.U.,Spain,0.4936,0.0142,0.0241,0.5903,11,Luxembourg|United Kingdom|France,ja
2025-12-31,81560062CEAE87A85C80,AREPO BP S.P.A.,Italy,9695005MSX1OYEMGDF46,Natixis,France,0.7020,0.0147,0.0417,0.3524,18,Luxembourg|United Kingdom|United States,ja
2025-12-31,81560062CEAE87A85C80,AREPO BP S.P.A.,Italy,9DJT3UXIJIZJI4WXO774,Bank of America Europe Designated Activity Company,Ireland,0.4094,0.0024,0.0417,0.0582,17,Luxembourg|Netherlands|United Kingdom,ja
2025-12-31,81560062CEAE87A85C80,AREPO BP S.P.A.,Italy,A5GWLFH3KM7YV2SFQL84,Belfius Bank,Belgium,0.3996,0.0000,0.0128,0.0000,14,Netherlands|Luxembourg|United Kingdom,ja
2025-12-31,81560062CEAE87A85C80,AREPO BP S.P.A.,Italy,DIZES5CFO5K3I5R58746,Landesbank Hessen-Thüringen Girozentrale,Germany,0.3286,0.0086,0.0417,0.2057,19,Luxembourg|Netherlands|United Kingdom,ja
2025-12-31,81560062CEAE87A85C80,AREPO BP S.P.A.,Italy,DSNHHQ2B9X5N6OUJ1236,Norddeutsche Landesbank - Girozentrale -,Germany,0.3891,0.0016,0.0417,0.0372,17,Netherlands|Luxembourg|United Kingdom,ja
2025-12-31,81560062CEAE87A85C80,AREPO BP S.P.A.,Italy,FR9695005MSX1OYEMGDF,Groupe BPCE,France,0.7831,0.0000,0.0129,0.0000,10,Luxembourg|United Kingdom|Spain,ja
2025-12-31,81560062CEAE87A85C80,AREPO BP S.P.A.,Italy,J4CP7MHCXR8DAQMKIL78,MEDIOBANCA - BANCA DI CREDITO FINANZIARIO S.P.A.,Italy,0.3968,0.0000,0.0417,0.0000,16,Luxembourg|Netherlands|Spain,nein
2025-12-31,81560062CEAE87A85C80,AREPO BP S.P.A.,Italy,MLU0ZO3ML4LN2LL2TL39,HSBC Continental Europe,France,0.3881,0.0016,0.0417,0.0375,18,Luxembourg|Netherlands|Spain,ja
2025-12-31,81560062CEAE87A85C80,AREPO BP S.P.A.,Italy,N747OI7JINV7RUUH6190,BPER Banca S.p.A.,Italy,0.3835,0.0015,0.0209,0.0708,12,Luxembourg|Netherlands|Spain,nein
2025-12-31,81560062CEAE87A85C80,AREPO BP S.P.A.,Italy,O2RNE8IBXP4R0TD8PU41,Société générale S.A.,France,0.3075,0.0000,0.0264,0.0000,16,Luxembourg|Netherlands|Spain,ja
2025-12-31,81560062CEAE87A85C80,AREPO BP S.P.A.,Italy,QLPCKOOKVX32FUELX240,Bank Polska Kasa Opieki S.A.,Poland,0.3819,0.0000,0.0417,0.0000,16,Luxembourg|Netherlands|Spain,ja
2025-12-31,81560062CEAE87A85C80,AREPO BP S.P.A.,Italy,TUKDD90GPC79G1KOE162,Hamburg Commercial Bank AG,Germany,0.4644,0.0015,0.0417,0.0365,17,Luxembourg|Netherlands|United Kingdom,ja
2025-12-31,81560062CEAE87A85C80,AREPO BP S.P.A.,Italy,VDYMYTQGZZ6DU0912C88,Bayerische Landesbank,Germany,0.4596,0.0001,0.0041,0.0297,19,Luxembourg|Netherlands|United Kingdom,ja
2025-12-31,81560062CEAE87A85C80,AREPO BP S.P.A.,Italy,WFLLPEPC7FZXENRZV188,THE BANK OF NEW YORK MELLON,Belgium,0.3339,0.0000,0.0417,0.0000,16,Netherlands|Spain|United Kingdom,ja
2025-12-31,81560087340FCB8D6D66,MEDIOCREDITO CENTRALE - BANCA DEL MEZZOGIORNO SPA,Italy,815600AD83B2B6317788,CREDITO EMILIANO HOLDING SOCIETA' PER AZIONI,Italy,0.3627,0.0000,0.0007,0.0000,17,United Kingdom|United States|Luxembourg,nein
2025-12-31,81560087340FCB8D6D66,MEDIOCREDITO CENTRALE - BANCA DEL MEZZOGIORNO SPA,Italy,815600E4E6DCD2D25E30,BANCO BPM SOCIETA' PER AZIONI,Italy,0.5612,0.0004,0.0023,0.1528,18,Luxembourg|United Kingdom|Germany,nein
2025-12-31,81560087340FCB8D6D66,MEDIOCREDITO CENTRALE - BANCA DEL MEZZOGIORNO SPA,Italy,8I5DZWZKVSZI1NUHU748,J.P. Morgan SE,Germany,0.4144,0.0065,0.0261,0.2492,30,United Kingdom|United States|Luxembourg,ja
2025-12-31,81560087340FCB8D6D66,MEDIOCREDITO CENTRALE - BANCA DEL MEZZOGIORNO SPA,Italy,95980020140005220135,"Caja Rural de Granada, Sociedad Cooperativa de Crédito",Spain,0.3733,0.0008,0.0008,0.9971,15,United Kingdom|Germany|Luxembourg,ja
2025-12-31,81560087340FCB8D6D66,MEDIOCREDITO CENTRALE - BANCA DEL MEZZOGIORNO SPA,Italy,95980020140005881190,Banco de Crédito Social Cooperativo,Spain,0.4470,0.0000,0.0045,0.0000,15,Luxembourg|United Kingdom|Germany,ja
2025-12-31,81560087340FCB8D6D66,MEDIOCREDITO CENTRALE - BANCA DEL MEZZOGIORNO SPA,Italy,9598005U8TZQ8Q64SC71,LIBERTY PARTNERS S.L.U.,Spain,0.5477,0.0000,0.0241,0.0000,13,Luxembourg|United Kingdom|France,ja
2025-12-31,81560087340FCB8D6D66,MEDIOCREDITO CENTRALE - BANCA DEL MEZZOGIORNO SPA,Italy,9695005MSX1OYEMGDF46,Natixis,France,0.5691,0.0021,0.0261,0.0815,31,Luxembourg|United States|United Kingdom,ja
2025-12-31,81560087340FCB8D6D66,MEDIOCREDITO CENTRALE - BANCA DEL MEZZOGIORNO SPA,Italy,969500F7JLTX36OUI695,RCI Banque,France,0.3135,0.0055,0.0261,0.2104,15,United Kingdom|Germany|Switzerland,ja
2025-12-31,81560087340FCB8D6D66,MEDIOCREDITO CENTRALE - BANCA DEL MEZZOGIORNO SPA,Italy,969500TJ5KRTCJQWXH05,CRÉDIT AGRICOLE AUTO BANK S.P.A.,Italy,0.4315,0.0000,0.0020,0.0000,17,United Kingdom|Germany|France,nein
2025-12-31,81560087340FCB8D6D66,MEDIOCREDITO CENTRALE - BANCA DEL MEZZOGIORNO SPA,Italy,9DJT3UXIJIZJI4WXO774,Bank of America Europe Designated Activity Company,Ireland,0.5913,0.0044,0.0261,0.1687,29,United Kingdom|Luxembourg|Germany,ja
2025-12-31,81560087340FCB8D6D66,MEDIOCREDITO CENTRALE - BANCA DEL MEZZOGIORNO SPA,Italy,A5GWLFH3KM7YV2SFQL84,Belfius Bank,Belgium,0.4976,0.0012,0.0128,0.0899,20,United Kingdom|Luxembourg|United States,ja
2025-12-31,81560087340FCB8D6D66,MEDIOCREDITO CENTRALE - BANCA DEL MEZZOGIORNO SPA,Italy,B64D6Y3LBJS4ANNPCU93,NIBC Bank N.V.,Netherlands,0.5212,0.0000,0.0170,0.0000,12,United Kingdom|Germany|Luxembourg,ja
2025-12-31,81560087340FCB8D6D66,MEDIOCREDITO CENTRALE - BANCA DEL MEZZOGIORNO SPA,Italy,BFXS5XCH7N0Y05NIXW11,ABN AMRO Bank N.V.,Netherlands,0.5385,0.0006,0.0261,0.0231,23,United Kingdom|Germany|Luxembourg,ja
2025-12-31,81560087340FCB8D6D66,MEDIOCREDITO CENTRALE - BANCA DEL MEZZOGIORNO SPA,Italy,DG3RU1DBUFHT4ZF9WN62,Coöperatieve Rabobank U.A.,Netherlands,0.3305,0.0016,0.0261,0.0633,32,United States|United Kingdom|Germany,ja
2025-12-31,81560087340FCB8D6D66,MEDIOCREDITO CENTRALE - BANCA DEL MEZZOGIORNO SPA,Italy,DIZES5CFO5K3I5R58746,Landesbank Hessen-Thüringen Girozentrale,Germany,0.4066,0.0040,0.0261,0.1539,32,United Kingdom|United States|Luxembourg,ja
2025-12-31,81560087340FCB8D6D66,MEDIOCREDITO CENTRALE - BANCA DEL MEZZOGIORNO SPA,Italy,DSNHHQ2B9X5N6OUJ1236,Norddeutsche Landesbank - Girozentrale -,Germany,0.4462,0.0007,0.0261,0.0267,26,United Kingdom|Luxembourg|United States,ja
2025-12-31,81560087340FCB8D6D66,MEDIOCREDITO CENTRALE - BANCA DEL MEZZOGIORNO SPA,Italy,FR9695005MSX1OYEMGDF,Groupe BPCE,France,0.5229,0.0000,0.0129,0.0000,15,Luxembourg|United Kingdom|Germany,ja
2025-12-31,81560087340FCB8D6D66,MEDIOCREDITO CENTRALE - BANCA DEL MEZZOGIORNO SPA,Italy,J4CP7MHCXR8DAQMKIL78,MEDIOBANCA - BANCA DI CREDITO FINANZIARIO S.P.A.,Italy,0.5154,0.0172,0.0261,0.6597,24,United Kingdom|Luxembourg|Germany,nein
2025-12-31,81560087340FCB8D6D66,MEDIOCREDITO CENTRALE - BANCA DEL MEZZOGIORNO SPA,Italy,MLU0ZO3ML4LN2LL2TL39,HSBC Continental Europe,France,0.4111,0.0049,0.0261,0.1888,31,Luxembourg|Germany|United Kingdom,ja
2025-12-31,81560087340FCB8D6D66,MEDIOCREDITO CENTRALE - BANCA DEL MEZZOGIORNO SPA,Italy,N747OI7JINV7RUUH6190,BPER Banca S.p.A.,Italy,0.3795,0.0008,0.0209,0.0376,19,Luxembourg|Germany|United Kingdom,nein
2025-12-31,81560087340FCB8D6D66,MEDIOCREDITO CENTRALE - BANCA DEL MEZZOGIORNO SPA,Italy,NHBDILHZTYCNBV5UYZ31,Svenska Handelsbanken - gruppen,Sweden,0.3103,0.0004,0.0054,0.0686,32,United Kingdom|United States|Switzerland,ja
2025-12-31,81560087340FCB8D6D66,MEDIOCREDITO CENTRALE - BANCA DEL MEZZOGIORNO SPA,Italy,O2RNE8IBXP4R0TD8PU41,Société générale S.A.,France,0.3449,0.0000,0.0261,0.0010,32,United Kingdom|Luxembourg|Germany,ja
2025-12-31,81560087340FCB8D6D66,MEDIOCREDITO CENTRALE - BANCA DEL MEZZOGIORNO SPA,Italy,QLPCKOOKVX32FUELX240,Bank Polska Kasa Opieki S.A.,Poland,0.4387,0.0046,0.0261,0.1775,30,United Kingdom|Luxembourg|Germany,ja
2025-12-31,81560087340FCB8D6D66,MEDIOCREDITO CENTRALE - BANCA DEL MEZZOGIORNO SPA,Italy,R0MUWSFPU8MPRO8K5P83,BNP Paribas,France,0.3437,0.0000,0.0108,0.0027,32,United Kingdom|Luxembourg|Germany,ja
2025-12-31,81560087340FCB8D6D66,MEDIOCREDITO CENTRALE - BANCA DEL MEZZOGIORNO SPA,Italy,SI5RG2M0WQQLZCXKRM20,"Banco de Sabadell, S.A.",Spain,0.3785,0.0003,0.0005,0.4716,16,United Kingdom|France|Germany,ja
2025-12-31,81560087340FCB8D6D66,MEDIOCREDITO CENTRALE - BANCA DEL MEZZOGIORNO SPA,Italy,TUKDD90GPC79G1KOE162,Hamburg Commercial Bank AG,Germany,0.4740,0.0044,0.0261,0.1687,22,Luxembourg|United Kingdom|United States,ja
2025-12-31,81560087340FCB8D6D66,MEDIOCREDITO CENTRALE - BANCA DEL MEZZOGIORNO SPA,Italy,VDYMYTQGZZ6DU0912C88,Bayerische Landesbank,Germany,0.4766,0.0002,0.0041,0.0432,33,Luxembourg|United Kingdom|France,ja
2025-12-31,81560087340FCB8D6D66,MEDIOCREDITO CENTRALE - BANCA DEL MEZZOGIORNO SPA,Italy,WFLLPEPC7FZXENRZV188,THE BANK OF NEW YORK MELLON,Belgium,0.3064,0.0025,0.0261,0.0960,23,United Kingdom|Germany|Luxembourg,ja
2025-12-31,815600AD83B2B6317788,CREDITO EMILIANO HOLDING SOCIETA' PER AZIONI,Italy,815600E4E6DCD2D25E30,BANCO BPM SOCIETA' PER AZIONI,Italy,0.5604,0.0007,0.0007,1.0000,25,France|United Kingdom|Netherlands,nein
2025-12-31,815600AD83B2B6317788,CREDITO EMILIANO HOLDING SOCIETA' PER AZIONI,Italy,8I5DZWZKVSZI1NUHU748,J.P. Morgan SE,Germany,0.6294,0.0003,0.0007,0.4638,25,France|United Kingdom|United States,ja
2025-12-31,815600AD83B2B6317788,CREDITO EMILIANO HOLDING SOCIETA' PER AZIONI,Italy,95980020140005220135,"Caja Rural de Granada, Sociedad Cooperativa de Crédito",Spain,0.6340,0.0000,0.0007,0.0000,15,France|United Kingdom|Netherlands,ja
2025-12-31,815600AD83B2B6317788,CREDITO EMILIANO HOLDING SOCIETA' PER AZIONI,Italy,95980020140005439549,"Caja Rural de Navarra, S. Coop. de Crédito",Spain,0.6193,0.0007,0.0007,1.0000,19,France|Netherlands|Luxembourg,ja
2025-12-31,815600AD83B2B6317788,CREDITO EMILIANO HOLDING SOCIETA' PER AZIONI,Italy,95980020140005484654,"Caja Rural de Albacete, Ciudad Real y Cuenca, Sociedad Cooperativa de Crédito",Spain,0.6332,0.0000,0.0000,,11,France|Netherlands|Luxembourg,ja
2025-12-31,815600AD83B2B6317788,CREDITO EMILIANO HOLDING SOCIETA' PER AZIONI,Italy,95980020140005552166,"Eurocaja Rural, Sociedad Cooperativa de Crédito",Spain,0.6589,0.0000,0.0007,0.0000,14,France|Netherlands|Luxembourg,ja
2025-12-31,815600AD83B2B6317788,CREDITO EMILIANO HOLDING SOCIETA' PER AZIONI,Italy,95980020140005881190,Banco de Crédito Social Cooperativo,Spain,0.4560,0.0004,0.0007,0.5315,24,France|United Kingdom|Netherlands,ja
2025-12-31,815600AD83B2B6317788,CREDITO EMILIANO HOLDING SOCIETA' PER AZIONI,Italy,9598005U8TZQ8Q64SC71,LIBERTY PARTNERS S.L.U.,Spain,0.3545,0.0000,0.0007,0.0000,14,France|United Kingdom|Luxembourg,ja
2025-12-31,815600AD83B2B6317788,CREDITO EMILIANO HOLDING SOCIETA' PER AZIONI,Italy,9695000CG7B84NLR5984,Confédération Nationale du Crédit Mutuel,France,0.3138,0.0007,0.0007,1.0000,25,United Kingdom|Netherlands|Luxembourg,ja
2025-12-31,815600AD83B2B6317788,CREDITO EMILIANO HOLDING SOCIETA' PER AZIONI,Italy,9695005MSX1OYEMGDF46,Natixis,France,0.3199,0.0007,0.0007,1.0000,25,United States|Luxembourg|United Kingdom,ja
2025-12-31,815600AD83B2B6317788,CREDITO EMILIANO HOLDING SOCIETA' PER AZIONI,Italy,969500F7JLTX36OUI695,RCI Banque,France,0.3002,0.0007,0.0007,1.0000,15,United Kingdom|Spain|Germany,ja
2025-12-31,815600AD83B2B6317788,CREDITO EMILIANO HOLDING SOCIETA' PER AZIONI,Italy,969500TJ5KRTCJQWXH05,CRÉDIT AGRICOLE AUTO BANK S.P.A.,Italy,0.4703,0.0000,0.0007,0.0000,18,France|United Kingdom|Spain,nein
2025-12-31,815600AD83B2B6317788,CREDITO EMILIANO HOLDING SOCIETA' PER AZIONI,Italy,9DJT3UXIJIZJI4WXO774,Bank of America Europe Designated Activity Company,Ireland,0.5341,0.0001,0.0007,0.1385,21,France|United Kingdom|Netherlands,ja
2025-12-31,815600AD83B2B6317788,CREDITO EMILIANO HOLDING SOCIETA' PER AZIONI,Italy,A5GWLFH3KM7YV2SFQL84,Belfius Bank,Belgium,0.6297,0.0007,0.0007,1.0000,25,France|United Kingdom|Netherlands,ja
2025-12-31,815600AD83B2B6317788,CREDITO EMILIANO HOLDING SOCIETA' PER AZIONI,Italy,AT0000000000043000VB,VOLKSBANK WIEN AG VB,Austria,0.4083,0.0000,0.0007,0.0068,25,France|Netherlands|Germany,ja
2025-12-31,815600AD83B2B6317788,CREDITO EMILIANO HOLDING SOCIETA' PER AZIONI,Italy,B64D6Y3LBJS4ANNPCU93,NIBC Bank N.V.,Netherlands,0.3998,0.0000,0.0007,0.0000,10,United Kingdom|France|Spain,ja
2025-12-31,815600AD83B2B6317788,CREDITO EMILIANO HOLDING SOCIETA' PER AZIONI,Italy,BFXS5XCH7N0Y05NIXW11,ABN AMRO Bank N.V.,Netherlands,0.5140,0.0002,0.0007,0.3165,25,France|United Kingdom|United States,ja
2025-12-31,815600AD83B2B6317788,CREDITO EMILIANO HOLDING SOCIETA' PER AZIONI,Italy,DG3RU1DBUFHT4ZF9WN62,Coöperatieve Rabobank U.A.,Netherlands,0.3720,0.0007,0.0007,1.0000,25,United States|United Kingdom|France,ja
2025-12-31,815600AD83B2B6317788,CREDITO EMILIANO HOLDING SOCIETA' PER AZIONI,Italy,DIZES5CFO5K3I5R58746,Landesbank Hessen-Thüringen Girozentrale,Germany,0.5723,0.0007,0.0007,1.0000,25,United States|France|United Kingdom,ja
2025-12-31,815600AD83B2B6317788,CREDITO EMILIANO HOLDING SOCIETA' PER AZIONI,Italy,DSNHHQ2B9X5N6OUJ1236,Norddeutsche Landesbank - Girozentrale -,Germany,0.6068,0.0002,0.0007,0.2836,23,United States|France|United Kingdom,ja
2025-12-31,815600AD83B2B6317788,CREDITO EMILIANO HOLDING SOCIETA' PER AZIONI,Italy,DZZ47B9A52ZJ6LT6VV95,Deutsche Pfandbriefbank AG,Germany,0.6768,0.0000,0.0007,0.0000,15,France|United Kingdom|United States,ja
2025-12-31,815600AD83B2B6317788,CREDITO EMILIANO HOLDING SOCIETA' PER AZIONI,Italy,I7ETN0QQO2AHZZGHJ389,KOMMUNALBANKEN AS,Norway,0.3365,0.0000,0.0000,,5,France|Netherlands|Germany,ja
2025-12-31,815600AD83B2B6317788,CREDITO EMILIANO HOLDING SOCIETA' PER AZIONI,Italy,J4CP7MHCXR8DAQMKIL78,MEDIOBANCA - BANCA DI CREDITO FINANZIARIO S.P.A.,Italy,0.6351,0.0007,0.0007,1.0000,26,France|United Kingdom|Spain,nein
2025-12-31,815600AD83B2B6317788,CREDITO EMILIANO HOLDING SOCIETA' PER AZIONI,Italy,MLU0ZO3ML4LN2LL2TL39,HSBC Continental Europe,France,0.4283,0.0007,0.0007,1.0000,25,Netherlands|United Kingdom|United States,ja
2025-12-31,815600AD83B2B6317788,CREDITO EMILIANO HOLDING SOCIETA' PER AZIONI,Italy,N747OI7JINV7RUUH6190,BPER Banca S.p.A.,Italy,0.6869,0.0007,0.0007,1.0000,25,France|Netherlands|United Kingdom,nein
2025-12-31,815600AD83B2B6317788,CREDITO EMILIANO HOLDING SOCIETA' PER AZIONI,Italy,NNVPP80YIZGEY2314M97,ICCREA BANCA S.P.A. - ISTITUTO CENTRALE DEL CREDITO COOPERATIVO (IN FORMA ABBREVIATA: ICCREA BANCA S.P.A.),Italy,0.5691,0.0000,0.0007,0.0000,21,France|Netherlands|Spain,nein
2025-12-31,815600AD83B2B6317788,CREDITO EMILIANO HOLDING SOCIETA' PER AZIONI,Italy,O2RNE8IBXP4R0TD8PU41,Société générale S.A.,France,0.3667,0.0007,0.0007,1.0000,25,United Kingdom|Netherlands|Spain,ja
2025-12-31,815600AD83B2B6317788,CREDITO EMILIANO HOLDING SOCIETA' PER AZIONI,Italy,QLPCKOOKVX32FUELX240,Bank Polska Kasa Opieki S.A.,Poland,0.3832,0.0000,0.0007,0.0000,25,United Kingdom|Netherlands|Luxembourg,ja
2025-12-31,815600AD83B2B6317788,CREDITO EMILIANO HOLDING SOCIETA' PER AZIONI,Italy,R0MUWSFPU8MPRO8K5P83,BNP Paribas,France,0.3455,0.0007,0.0007,1.0000,25,United Kingdom|Spain|Luxembourg,ja
2025-12-31,815600AD83B2B6317788,CREDITO EMILIANO HOLDING SOCIETA' PER AZIONI,Italy,R7CQUF1DQM73HUTV1078,"Banque et Caisse d´Epargne de l´Etat, Luxembourg",Luxembourg,0.4630,0.0000,0.0007,0.0000,23,France|Netherlands|United Kingdom,ja
2025-12-31,815600AD83B2B6317788,CREDITO EMILIANO HOLDING SOCIETA' PER AZIONI,Italy,TUKDD90GPC79G1KOE162,Hamburg Commercial Bank AG,Germany,0.5040,0.0000,0.0007,0.0000,18,United Kingdom|United States|Netherlands,ja
2025-12-31,815600AD83B2B6317788,CREDITO EMILIANO HOLDING SOCIETA' PER AZIONI,Italy,VDYMYTQGZZ6DU0912C88,Bayerische Landesbank,Germany,0.5454,0.0000,0.0007,0.0297,25,France|United Kingdom|Netherlands,ja
2025-12-31,815600AD83B2B6317788,CREDITO EMILIANO HOLDING SOCIETA' PER AZIONI,Italy,WFLLPEPC7FZXENRZV188,THE BANK OF NEW YORK MELLON,Belgium,0.3825,0.0007,0.0007,1.0000,17,Netherlands|United Kingdom|Spain,ja
2025-12-31,815600E4E6DCD2D25E30,BANCO BPM SOCIETA' PER AZIONI,Italy,8I5DZWZKVSZI1NUHU748,J.P. Morgan SE,Germany,0.5894,0.0009,0.0023,0.3930,31,France|United Kingdom|Netherlands,ja
2025-12-31,815600E4E6DCD2D25E30,BANCO BPM SOCIETA' PER AZIONI,Italy,95980020140005220135,"Caja Rural de Granada, Sociedad Cooperativa de Crédito",Spain,0.7253,0.0003,0.0008,0.3992,17,France|Netherlands|United Kingdom,ja
2025-12-31,815600E4E6DCD2D25E30,BANCO BPM SOCIETA' PER AZIONI,Italy,95980020140005439549,"Caja Rural de Navarra, S. Coop. de Crédito",Spain,0.5913,0.0016,0.0023,0.6808,20,France|Netherlands|Germany,ja
2025-12-31,815600E4E6DCD2D25E30,BANCO BPM SOCIETA' PER AZIONI,Italy,95980020140005484654,"Caja Rural de Albacete, Ciudad Real y Cuenca, Sociedad Cooperativa de Crédito",Spain,0.5702,0.0000,0.0000,,11,France|Netherlands|Germany,ja
2025-12-31,815600E4E6DCD2D25E30,BANCO BPM SOCIETA' PER AZIONI,Italy,95980020140005552166,"Eurocaja Rural, Sociedad Cooperativa de Crédito",Spain,0.5053,0.0003,0.0023,0.1116,14,France|Netherlands|Germany,ja
2025-12-31,815600E4E6DCD2D25E30,BANCO BPM SOCIETA' PER AZIONI,Italy,95980020140005881190,Banco de Crédito Social Cooperativo,Spain,0.7026,0.0004,0.0023,0.1681,27,Luxembourg|Germany|France,ja
2025-12-31,815600E4E6DCD2D25E30,BANCO BPM SOCIETA' PER AZIONI,Italy,9598005U8TZQ8Q64SC71,LIBERTY PARTNERS S.L.U.,Spain,0.5049,0.0000,0.0023,0.0000,14,Luxembourg|France|United Kingdom,ja
2025-12-31,815600E4E6DCD2D25E30,BANCO BPM SOCIETA' PER AZIONI,Italy,9695000CG7B84NLR5984,Confédération Nationale du Crédit Mutuel,France,0.5017,0.0018,0.0023,0.7924,29,Germany|United Kingdom|Luxembourg,ja
2025-12-31,815600E4E6DCD2D25E30,BANCO BPM SOCIETA' PER AZIONI,Italy,9695005MSX1OYEMGDF46,Natixis,France,0.3606,0.0020,0.0023,0.8709,30,Luxembourg|United Kingdom|Germany,ja
2025-12-31,815600E4E6DCD2D25E30,BANCO BPM SOCIETA' PER AZIONI,Italy,969500F7JLTX36OUI695,RCI Banque,France,0.4139,0.0016,0.0023,0.6802,15,United Kingdom|Germany|Spain,ja
2025-12-31,815600E4E6DCD2D25E30,BANCO BPM SOCIETA' PER AZIONI,Italy,969500TJ5KRTCJQWXH05,CRÉDIT AGRICOLE AUTO BANK S.P.A.,Italy,0.6438,0.0000,0.0020,0.0000,18,United Kingdom|France|Germany,nein
2025-12-31,815600E4E6DCD2D25E30,BANCO BPM SOCIETA' PER AZIONI,Italy,9DJT3UXIJIZJI4WXO774,Bank of America Europe Designated Activity Company,Ireland,0.7399,0.0002,0.0023,0.0780,24,United Kingdom|France|Luxembourg,ja
2025-12-31,815600E4E6DCD2D25E30,BANCO BPM SOCIETA' PER AZIONI,Italy,A5GWLFH3KM7YV2SFQL84,Belfius Bank,Belgium,0.6697,0.0017,0.0023,0.7291,29,United Kingdom|France|Netherlands,ja
2025-12-31,815600E4E6DCD2D25E30,BANCO BPM SOCIETA' PER AZIONI,Italy,AT0000000000043000VB,VOLKSBANK WIEN AG VB,Austria,0.4783,0.0000,0.0023,0.0122,28,France|Germany|Netherlands,ja
2025-12-31,815600E4E6DCD2D25E30,BANCO BPM SOCIETA' PER AZIONI,Italy,B64D6Y3LBJS4ANNPCU93,NIBC Bank N.V.,Netherlands,0.5967,0.0000,0.0023,0.0005,10,United Kingdom|Germany|France,ja
2025-12-31,815600E4E6DCD2D25E30,BANCO BPM SOCIETA' PER AZIONI,Italy,BFXS5XCH7N0Y05NIXW11,ABN AMRO Bank N.V.,Netherlands,0.6516,0.0005,0.0023,0.2119,28,United Kingdom|France|Germany,ja
2025-12-31,815600E4E6DCD2D25E30,BANCO BPM SOCIETA' PER AZIONI,Italy,DIZES5CFO5K3I5R58746,Landesbank Hessen-Thüringen Girozentrale,Germany,0.4874,0.0022,0.0023,0.9280,34,France|United Kingdom|Luxembourg,ja
2025-12-31,815600E4E6DCD2D25E30,BANCO BPM SOCIETA' PER AZIONI,Italy,DSNHHQ2B9X5N6OUJ1236,Norddeutsche Landesbank - Girozentrale -,Germany,0.6181,0.0002,0.0023,0.0902,25,United Kingdom|France|Netherlands,ja
2025-12-31,815600E4E6DCD2D25E30,BANCO BPM SOCIETA' PER AZIONI,Italy,DZZ47B9A52ZJ6LT6VV95,Deutsche Pfandbriefbank AG,Germany,0.4738,0.0000,0.0023,0.0000,14,France|United Kingdom|Netherlands,ja
2025-12-31,815600E4E6DCD2D25E30,BANCO BPM SOCIETA' PER AZIONI,Italy,FR9695005MSX1OYEMGDF,Groupe BPCE,France,0.4955,0.0018,0.0023,0.7924,29,Luxembourg|United Kingdom|Germany,ja
2025-12-31,815600E4E6DCD2D25E30,BANCO BPM SOCIETA' PER AZIONI,Italy,I7ETN0QQO2AHZZGHJ389,KOMMUNALBANKEN AS,Norway,0.3635,0.0000,0.0000,,5,France|Germany|Netherlands,ja
2025-12-31,815600E4E6DCD2D25E30,BANCO BPM SOCIETA' PER AZIONI,Italy,J4CP7MHCXR8DAQMKIL78,MEDIOBANCA - BANCA DI CREDITO FINANZIARIO S.P.A.,Italy,0.7387,0.0013,0.0023,0.5790,35,United Kingdom|France|Luxembourg,nein
2025-12-31,815600E4E6DCD2D25E30,BANCO BPM SOCIETA' PER AZIONI,Italy,MLU0ZO3ML4LN2LL2TL39,HSBC Continental Europe,France,0.5609,0.0018,0.0023,0.7665,31,Germany|Luxembourg|Netherlands,ja
2025-12-31,815600E4E6DCD2D25E30,BANCO BPM SOCIETA' PER AZIONI,Italy,N747OI7JINV7RUUH6190,BPER Banca S.p.A.,Italy,0.7348,0.0019,0.0023,0.8289,35,France|Germany|Luxembourg,nein
2025-12-31,815600E4E6DCD2D25E30,BANCO BPM SOCIETA' PER AZIONI,Italy,NHBDILHZTYCNBV5UYZ31,Svenska Handelsbanken - gruppen,Sweden,0.3207,0.0000,0.0023,0.0197,33,United Kingdom|Netherlands|Norway,ja
2025-12-31,815600E4E6DCD2D25E30,BANCO BPM SOCIETA' PER AZIONI,Italy,NNVPP80YIZGEY2314M97,ICCREA BANCA S.P.A. - ISTITUTO CENTRALE DEL CREDITO COOPERATIVO (IN FORMA ABBREVIATA: ICCREA BANCA S.P.A.),Italy,0.5924,0.0001,0.0023,0.0419,27,France|Netherlands|Germany,nein
2025-12-31,815600E4E6DCD2D25E30,BANCO BPM SOCIETA' PER AZIONI,Italy,O2RNE8IBXP4R0TD8PU41,Société générale S.A.,France,0.5736,0.0018,0.0023,0.7928,34,Germany|United Kingdom|Luxembourg,ja
2025-12-31,815600E4E6DCD2D25E30,BANCO BPM SOCIETA' PER AZIONI,Italy,P4GTT6GF1W40CVIMFR43,Powszechna Kasa Oszczednosci Bank Polski S.A.,Poland,0.4334,0.0016,0.0023,0.7014,34,Germany|Netherlands|France,ja
2025-12-31,815600E4E6DCD2D25E30,BANCO BPM SOCIETA' PER AZIONI,Italy,QLPCKOOKVX32FUELX240,Bank Polska Kasa Opieki S.A.,Poland,0.5120,0.0003,0.0023,0.1200,34,United Kingdom|Luxembourg|Germany,ja
2025-12-31,815600E4E6DCD2D25E30,BANCO BPM SOCIETA' PER AZIONI,Italy,R0MUWSFPU8MPRO8K5P83,BNP Paribas,France,0.5173,0.0018,0.0023,0.7931,32,United Kingdom|Germany|Luxembourg,ja
2025-12-31,815600E4E6DCD2D25E30,BANCO BPM SOCIETA' PER AZIONI,Italy,R7CQUF1DQM73HUTV1078,"Banque et Caisse d´Epargne de l´Etat, Luxembourg",Luxembourg,0.6126,0.0000,0.0023,0.0007,27,France|Netherlands|Germany,ja
2025-12-31,815600E4E6DCD2D25E30,BANCO BPM SOCIETA' PER AZIONI,Italy,TUKDD90GPC79G1KOE162,Hamburg Commercial Bank AG,Germany,0.5657,0.0000,0.0023,0.0059,18,Luxembourg|United Kingdom|Netherlands,ja
2025-12-31,815600E4E6DCD2D25E30,BANCO BPM SOCIETA' PER AZIONI,Italy,VDYMYTQGZZ6DU0912C88,Bayerische Landesbank,Germany,0.7935,0.0001,0.0023,0.0274,34,Luxembourg|United Kingdom|France,ja
2025-12-31,815600E4E6DCD2D25E30,BANCO BPM SOCIETA' PER AZIONI,Italy,WFLLPEPC7FZXENRZV188,THE BANK OF NEW YORK MELLON,Belgium,0.5317,0.0022,0.0023,0.9269,18,Netherlands|Germany|United Kingdom,ja
2025-12-31,851WYGNLUQLFZBSYGB56,COMMERZBANK Aktiengesellschaft,Germany,DIZES5CFO5K3I5R58746,Landesbank Hessen-Thüringen Girozentrale,Germany,0.3825,0.0231,0.0460,0.5023,64,France|Poland|Netherlands,nein
2025-12-31,851WYGNLUQLFZBSYGB56,COMMERZBANK Aktiengesellschaft,Germany,DSNHHQ2B9X5N6OUJ1236,Norddeutsche Landesbank - Girozentrale -,Germany,0.3308,0.0114,0.0596,0.1910,50,France|Netherlands|Poland,nein
2025-12-31,851WYGNLUQLFZBSYGB56,COMMERZBANK Aktiengesellschaft,Germany,DZZ47B9A52ZJ6LT6VV95,Deutsche Pfandbriefbank AG,Germany,0.3702,0.0016,0.0064,0.2527,24,Poland|France|Netherlands,nein
2025-12-31,851WYGNLUQLFZBSYGB56,COMMERZBANK Aktiengesellschaft,Germany,JU1U6S0DG9YLT7N8ZV32,"Banco Comercial Português, SA",Portugal,0.6647,0.0091,0.0720,0.1266,62,Poland|Switzerland|France,ja
2025-12-31,851WYGNLUQLFZBSYGB56,COMMERZBANK Aktiengesellschaft,Germany,PQOH26KWDF7CG10L6792,"Česká spořitelna, a.s.",Czech,0.3683,0.0002,0.0286,0.0067,62,Poland|Austria|Czechia,ja
2025-12-31,8I5DZWZKVSZI1NUHU748,J.P. Morgan SE,Germany,95980020140005220135,"Caja Rural de Granada, Sociedad Cooperativa de Crédito",Spain,0.5262,0.0008,0.0008,0.9971,16,France|United Kingdom|Netherlands,ja
2025-12-31,8I5DZWZKVSZI1NUHU748,J.P. Morgan SE,Germany,95980020140005439549,"Caja Rural de Navarra, S. Coop. de Crédito",Spain,0.4087,0.0003,0.0063,0.0541,18,France|Netherlands|Luxembourg,ja
2025-12-31,8I5DZWZKVSZI1NUHU748,J.P. Morgan SE,Germany,95980020140005484654,"Caja Rural de Albacete, Ciudad Real y Cuenca, Sociedad Cooperativa de Crédito",Spain,0.4081,0.0000,0.0000,,10,France|Netherlands|Luxembourg,ja
2025-12-31,8I5DZWZKVSZI1NUHU748,J.P. Morgan SE,Germany,95980020140005552166,"Eurocaja Rural, Sociedad Cooperativa de Crédito",Spain,0.4723,0.0044,0.0577,0.0755,32,France|Netherlands|Luxembourg,ja
2025-12-31,8I5DZWZKVSZI1NUHU748,J.P. Morgan SE,Germany,95980020140005881190,Banco de Crédito Social Cooperativo,Spain,0.5129,0.0003,0.0045,0.0756,25,France|United Kingdom|Netherlands,ja
2025-12-31,8I5DZWZKVSZI1NUHU748,J.P. Morgan SE,Germany,9598005U8TZQ8Q64SC71,LIBERTY PARTNERS S.L.U.,Spain,0.4853,0.0002,0.0241,0.0096,16,France|United Kingdom|Luxembourg,ja
2025-12-31,8I5DZWZKVSZI1NUHU748,J.P. Morgan SE,Germany,9695000CG7B84NLR5984,Confédération Nationale du Crédit Mutuel,France,0.3668,0.0028,0.0130,0.2147,46,United Kingdom|Luxembourg|Netherlands,ja
2025-12-31,8I5DZWZKVSZI1NUHU748,J.P. Morgan SE,Germany,9695005MSX1OYEMGDF46,Natixis,France,0.4036,0.0321,0.0781,0.4116,81,United States|Luxembourg|United Kingdom,ja
2025-12-31,8I5DZWZKVSZI1NUHU748,J.P. Morgan SE,Germany,969500F7JLTX36OUI695,RCI Banque,France,0.3345,0.0049,0.1131,0.0435,24,United Kingdom|Italy|Spain,ja
2025-12-31,8I5DZWZKVSZI1NUHU748,J.P. Morgan SE,Germany,969500TJ5KRTCJQWXH05,CRÉDIT AGRICOLE AUTO BANK S.P.A.,Italy,0.4784,0.0000,0.0020,0.0056,24,France|United Kingdom|Spain,ja
2025-12-31,8I5DZWZKVSZI1NUHU748,J.P. Morgan SE,Germany,9DJT3UXIJIZJI4WXO774,Bank of America Europe Designated Activity Company,Ireland,0.6746,0.0268,0.0753,0.3566,62,France|United Kingdom|Netherlands,ja
2025-12-31,8I5DZWZKVSZI1NUHU748,J.P. Morgan SE,Germany,A5GWLFH3KM7YV2SFQL84,Belfius Bank,Belgium,0.6679,0.0013,0.0128,0.1052,36,France|United Kingdom|Netherlands,ja
2025-12-31,8I5DZWZKVSZI1NUHU748,J.P. Morgan SE,Germany,AT0000000000043000VB,VOLKSBANK WIEN AG VB,Austria,0.3674,0.0036,0.0047,0.7747,69,France|Netherlands|United Kingdom,ja
2025-12-31,8I5DZWZKVSZI1NUHU748,J.P. Morgan SE,Germany,B64D6Y3LBJS4ANNPCU93,NIBC Bank N.V.,Netherlands,0.4708,0.0000,0.0170,0.0000,13,United Kingdom|France|Luxembourg,ja
2025-12-31,8I5DZWZKVSZI1NUHU748,J.P. Morgan SE,Germany,BFXS5XCH7N0Y05NIXW11,ABN AMRO Bank N.V.,Netherlands,0.5488,0.0102,0.0868,0.1170,43,France|United Kingdom|Luxembourg,ja
2025-12-31,8I5DZWZKVSZI1NUHU748,J.P. Morgan SE,Germany,DG3RU1DBUFHT4ZF9WN62,Coöperatieve Rabobank U.A.,Netherlands,0.4318,0.0233,0.1131,0.2061,93,United States|United Kingdom|France,ja
2025-12-31,8I5DZWZKVSZI1NUHU748,J.P. Morgan SE,Germany,DIZES5CFO5K3I5R58746,Landesbank Hessen-Thüringen Girozentrale,Germany,0.7007,0.0149,0.0460,0.3235,90,France|United Kingdom|United States,nein
2025-12-31,8I5DZWZKVSZI1NUHU748,J.P. Morgan SE,Germany,DSNHHQ2B9X5N6OUJ1236,Norddeutsche Landesbank - Girozentrale -,Germany,0.7790,0.0295,0.0596,0.4957,59,United Kingdom|France|United States,nein
2025-12-31,8I5DZWZKVSZI1NUHU748,J.P. Morgan SE,Germany,DZZ47B9A52ZJ6LT6VV95,Deutsche Pfandbriefbank AG,Germany,0.5958,0.0031,0.0064,0.4855,26,France|United Kingdom|United States,nein
2025-12-31,8I5DZWZKVSZI1NUHU748,J.P. Morgan SE,Germany,J4CP7MHCXR8DAQMKIL78,MEDIOBANCA - BANCA DI CREDITO FINANZIARIO S.P.A.,Italy,0.6330,0.0027,0.0569,0.0473,43,France|United Kingdom|Netherlands,ja
2025-12-31,8I5DZWZKVSZI1NUHU748,J.P. Morgan SE,Germany,MLU0ZO3ML4LN2LL2TL39,HSBC Continental Europe,France,0.5740,0.0227,0.1131,0.2012,81,Netherlands|United Kingdom|Luxembourg,ja
2025-12-31,8I5DZWZKVSZI1NUHU748,J.P. Morgan SE,Germany,N747OI7JINV7RUUH6190,BPER Banca S.p.A.,Italy,0.5599,0.0036,0.0209,0.1709,33,France|Netherlands|United Kingdom,ja
2025-12-31,8I5DZWZKVSZI1NUHU748,J.P. Morgan SE,Germany,NNVPP80YIZGEY2314M97,ICCREA BANCA S.P.A. - ISTITUTO CENTRALE DEL CREDITO COOPERATIVO (IN FORMA ABBREVIATA: ICCREA BANCA S.P.A.),Italy,0.3931,0.0000,0.0074,0.0002,24,France|Netherlands|Spain,ja
2025-12-31,8I5DZWZKVSZI1NUHU748,J.P. Morgan SE,Germany,O2RNE8IBXP4R0TD8PU41,Société générale S.A.,France,0.4143,0.0025,0.0264,0.0939,79,United Kingdom|Luxembourg|Netherlands,ja
2025-12-31,8I5DZWZKVSZI1NUHU748,J.P. Morgan SE,Germany,P4GTT6GF1W40CVIMFR43,Powszechna Kasa Oszczednosci Bank Polski S.A.,Poland,0.3695,0.0065,0.1131,0.0577,86,Netherlands|France|Luxembourg,ja
2025-12-31,8I5DZWZKVSZI1NUHU748,J.P. Morgan SE,Germany,QLPCKOOKVX32FUELX240,Bank Polska Kasa Opieki S.A.,Poland,0.4937,0.0097,0.0714,0.1359,74,United Kingdom|Luxembourg|Netherlands,ja
2025-12-31,8I5DZWZKVSZI1NUHU748,J.P. Morgan SE,Germany,R0MUWSFPU8MPRO8K5P83,BNP Paribas,France,0.4000,0.0030,0.0108,0.2819,87,United Kingdom|Luxembourg|Spain,ja
2025-12-31,8I5DZWZKVSZI1NUHU748,J.P. Morgan SE,Germany,R7CQUF1DQM73HUTV1078,"Banque et Caisse d´Epargne de l´Etat, Luxembourg",Luxembourg,0.4371,0.0000,0.0047,0.0001,25,France|Netherlands|United Kingdom,ja
2025-12-31,8I5DZWZKVSZI1NUHU748,J.P. Morgan SE,Germany,TUKDD90GPC79G1KOE162,Hamburg Commercial Bank AG,Germany,0.7019,0.0566,0.1131,0.5004,41,United Kingdom|United States|Netherlands,nein
2025-12-31,8I5DZWZKVSZI1NUHU748,J.P. Morgan SE,Germany,VDYMYTQGZZ6DU0912C88,Bayerische Landesbank,Germany,0.5996,0.0038,0.0041,0.9434,98,France|United Kingdom|Netherlands,nein
2025-12-31,8I5DZWZKVSZI1NUHU748,J.P. Morgan SE,Germany,WFLLPEPC7FZXENRZV188,THE BANK OF NEW YORK MELLON,Belgium,0.4545,0.0191,0.0805,0.2376,53,Netherlands|United Kingdom|Spain,ja
2025-12-31,95980020140005220135,"Caja Rural de Granada, Sociedad Cooperativa de Crédito",Spain,95980020140005439549,"Caja Rural de Navarra, S. Coop. de Crédito",Spain,0.8085,0.0000,0.0008,0.0029,15,France|Netherlands|Germany,nein
2025-12-31,95980020140005220135,"Caja Rural de Granada, Sociedad Cooperativa de Crédito",Spain,95980020140005484654,"Caja Rural de Albacete, Ciudad Real y Cuenca, Sociedad Cooperativa de Crédito",Spain,0.7839,0.0000,0.0000,,11,France|Netherlands|Germany,nein
2025-12-31,95980020140005220135,"Caja Rural de Granada, Sociedad Cooperativa de Crédito",Spain,95980020140005552166,"Eurocaja Rural, Sociedad Cooperativa de Crédito",Spain,0.6473,0.0000,0.0008,0.0000,12,France|Netherlands|Germany,nein
2025-12-31,95980020140005220135,"Caja Rural de Granada, Sociedad Cooperativa de Crédito",Spain,95980020140005881190,Banco de Crédito Social Cooperativo,Spain,0.6061,0.0000,0.0008,0.0029,16,Germany|France|United Kingdom,nein
2025-12-31,95980020140005220135,"Caja Rural de Granada, Sociedad Cooperativa de Crédito",Spain,9598005U8TZQ8Q64SC71,LIBERTY PARTNERS S.L.U.,Spain,0.3588,0.0000,0.0008,0.0000,11,France|United Kingdom|Luxembourg,nein
2025-12-31,95980020140005220135,"Caja Rural de Granada, Sociedad Cooperativa de Crédito",Spain,9695000CG7B84NLR5984,Confédération Nationale du Crédit Mutuel,France,0.4216,0.0000,0.0008,0.0029,15,Germany|United Kingdom|Luxembourg,ja
2025-12-31,95980020140005220135,"Caja Rural de Granada, Sociedad Cooperativa de Crédito",Spain,969500F7JLTX36OUI695,RCI Banque,France,0.3304,0.0000,0.0008,0.0000,9,United Kingdom|Germany|Netherlands,ja
2025-12-31,95980020140005220135,"Caja Rural de Granada, Sociedad Cooperativa de Crédito",Spain,969500STN7T9MRUMJ267,Bpifrance,France,0.3489,0.0000,0.0008,0.0000,11,Netherlands|Luxembourg|Ireland,ja
2025-12-31,95980020140005220135,"Caja Rural de Granada, Sociedad Cooperativa de Crédito",Spain,969500TJ5KRTCJQWXH05,CRÉDIT AGRICOLE AUTO BANK S.P.A.,Italy,0.5805,0.0000,0.0008,0.0000,13,France|United Kingdom|Germany,ja
2025-12-31,95980020140005220135,"Caja Rural de Granada, Sociedad Cooperativa de Crédito",Spain,9DJT3UXIJIZJI4WXO774,Bank of America Europe Designated Activity Company,Ireland,0.5898,0.0000,0.0008,0.0228,16,France|United Kingdom|Germany,ja
2025-12-31,95980020140005220135,"Caja Rural de Granada, Sociedad Cooperativa de Crédito",Spain,A5GWLFH3KM7YV2SFQL84,Belfius Bank,Belgium,0.5899,0.0000,0.0008,0.0029,15,France|United Kingdom|Netherlands,ja
2025-12-31,95980020140005220135,"Caja Rural de Granada, Sociedad Cooperativa de Crédito",Spain,AT0000000000043000VB,VOLKSBANK WIEN AG VB,Austria,0.5148,0.0000,0.0008,0.0001,16,France|Germany|Netherlands,ja
2025-12-31,95980020140005220135,"Caja Rural de Granada, Sociedad Cooperativa de Crédito",Spain,B64D6Y3LBJS4ANNPCU93,NIBC Bank N.V.,Netherlands,0.5007,0.0000,0.0008,0.0029,9,United Kingdom|Germany|France,ja
2025-12-31,95980020140005220135,"Caja Rural de Granada, Sociedad Cooperativa de Crédito",Spain,BFXS5XCH7N0Y05NIXW11,ABN AMRO Bank N.V.,Netherlands,0.5794,0.0000,0.0008,0.0029,15,France|United Kingdom|Germany,ja
2025-12-31,95980020140005220135,"Caja Rural de Granada, Sociedad Cooperativa de Crédito",Spain,DIZES5CFO5K3I5R58746,Landesbank Hessen-Thüringen Girozentrale,Germany,0.4499,0.0008,0.0008,1.0000,17,France|United Kingdom|Luxembourg,ja
2025-12-31,95980020140005220135,"Caja Rural de Granada, Sociedad Cooperativa de Crédito",Spain,DSNHHQ2B9X5N6OUJ1236,Norddeutsche Landesbank - Girozentrale -,Germany,0.5225,0.0000,0.0008,0.0000,14,United Kingdom|France|Netherlands,ja
2025-12-31,95980020140005220135,"Caja Rural de Granada, Sociedad Cooperativa de Crédito",Spain,DZZ47B9A52ZJ6LT6VV95,Deutsche Pfandbriefbank AG,Germany,0.4937,0.0000,0.0008,0.0000,11,France|United Kingdom|Netherlands,ja
2025-12-31,95980020140005220135,"Caja Rural de Granada, Sociedad Cooperativa de Crédito",Spain,I7ETN0QQO2AHZZGHJ389,KOMMUNALBANKEN AS,Norway,0.4236,0.0000,0.0000,,5,France|Germany|Netherlands,ja
2025-12-31,95980020140005220135,"Caja Rural de Granada, Sociedad Cooperativa de Crédito",Spain,J4CP7MHCXR8DAQMKIL78,MEDIOBANCA - BANCA DI CREDITO FINANZIARIO S.P.A.,Italy,0.5881,0.0000,0.0008,0.0418,17,France|United Kingdom|Netherlands,ja
2025-12-31,95980020140005220135,"Caja Rural de Granada, Sociedad Cooperativa de Crédito",Spain,MLU0ZO3ML4LN2LL2TL39,HSBC Continental Europe,France,0.4769,0.0000,0.0008,0.0190,17,Germany|Netherlands|United Kingdom,ja
2025-12-31,95980020140005220135,"Caja Rural de Granada, Sociedad Cooperativa de Crédito",Spain,N747OI7JINV7RUUH6190,BPER Banca S.p.A.,Italy,0.7557,0.0007,0.0008,0.9400,18,France|Germany|Netherlands,ja
2025-12-31,95980020140005220135,"Caja Rural de Granada, Sociedad Cooperativa de Crédito",Spain,NNVPP80YIZGEY2314M97,ICCREA BANCA S.P.A. - ISTITUTO CENTRALE DEL CREDITO COOPERATIVO (IN FORMA ABBREVIATA: ICCREA BANCA S.P.A.),Italy,0.6985,0.0000,0.0008,0.0029,14,France|Netherlands|Germany,ja
2025-12-31,95980020140005220135,"Caja Rural de Granada, Sociedad Cooperativa de Crédito",Spain,O2RNE8IBXP4R0TD8PU41,Société générale S.A.,France,0.4856,0.0000,0.0008,0.0025,17,Germany|United Kingdom|Netherlands,ja
2025-12-31,95980020140005220135,"Caja Rural de Granada, Sociedad Cooperativa de Crédito",Spain,P4GTT6GF1W40CVIMFR43,Powszechna Kasa Oszczednosci Bank Polski S.A.,Poland,0.4562,0.0000,0.0008,0.0065,18,Germany|Netherlands|France,ja
2025-12-31,95980020140005220135,"Caja Rural de Granada, Sociedad Cooperativa de Crédito",Spain,QLPCKOOKVX32FUELX240,Bank Polska Kasa Opieki S.A.,Poland,0.4175,0.0000,0.0008,0.0036,17,United Kingdom|Germany|Luxembourg,ja
2025-12-31,95980020140005220135,"Caja Rural de Granada, Sociedad Cooperativa de Crédito",Spain,R0MUWSFPU8MPRO8K5P83,BNP Paribas,France,0.4036,0.0000,0.0008,0.0051,17,United Kingdom|Germany|Luxembourg,ja
2025-12-31,95980020140005220135,"Caja Rural de Granada, Sociedad Cooperativa de Crédito",Spain,R7CQUF1DQM73HUTV1078,"Banque et Caisse d´Epargne de l´Etat, Luxembourg",Luxembourg,0.6907,0.0000,0.0008,0.0029,15,Netherlands|France|Germany,ja
2025-12-31,95980020140005220135,"Caja Rural de Granada, Sociedad Cooperativa de Crédito",Spain,TUKDD90GPC79G1KOE162,Hamburg Commercial Bank AG,Germany,0.4262,0.0000,0.0008,0.0172,12,United Kingdom|Netherlands|Luxembourg,ja
2025-12-31,95980020140005220135,"Caja Rural de Granada, Sociedad Cooperativa de Crédito",Spain,VDYMYTQGZZ6DU0912C88,Bayerische Landesbank,Germany,0.6749,0.0000,0.0008,0.0035,17,France|Netherlands|United Kingdom,ja
2025-12-31,95980020140005220135,"Caja Rural de Granada, Sociedad Cooperativa de Crédito",Spain,WFLLPEPC7FZXENRZV188,THE BANK OF NEW YORK MELLON,Belgium,0.5310,0.0008,0.0008,0.9970,12,Netherlands|Germany|United Kingdom,ja
2025-12-31,95980020140005439549,"Caja Rural de Navarra, S. Coop. de Crédito",Spain,95980020140005484654,"Caja Rural de Albacete, Ciudad Real y Cuenca, Sociedad Cooperativa de Crédito",Spain,0.8095,0.0000,0.0000,,10,France|Netherlands|Germany,nein
2025-12-31,95980020140005439549,"Caja Rural de Navarra, S. Coop. de Crédito",Spain,95980020140005552166,"Eurocaja Rural, Sociedad Cooperativa de Crédito",Spain,0.7562,0.0000,0.0063,0.0000,11,France|Netherlands|Germany,nein
2025-12-31,95980020140005439549,"Caja Rural de Navarra, S. Coop. de Crédito",Spain,95980020140005881190,Banco de Crédito Social Cooperativo,Spain,0.5072,0.0005,0.0045,0.1061,20,Germany|France|Netherlands,nein
2025-12-31,95980020140005439549,"Caja Rural de Navarra, S. Coop. de Crédito",Spain,9695000CG7B84NLR5984,Confédération Nationale du Crédit Mutuel,France,0.3666,0.0063,0.0063,1.0000,19,Germany|Netherlands|Luxembourg,ja
2025-12-31,95980020140005439549,"Caja Rural de Navarra, S. Coop. de Crédito",Spain,969500STN7T9MRUMJ267,Bpifrance,France,0.3122,0.0000,0.0063,0.0000,10,Netherlands|Luxembourg|Ireland,ja
2025-12-31,95980020140005439549,"Caja Rural de Navarra, S. Coop. de Crédito",Spain,969500TJ5KRTCJQWXH05,CRÉDIT AGRICOLE AUTO BANK S.P.A.,Italy,0.4578,0.0000,0.0020,0.0000,16,France|Germany|Netherlands,ja
2025-12-31,95980020140005439549,"Caja Rural de Navarra, S. Coop. de Crédito",Spain,9DJT3UXIJIZJI4WXO774,Bank of America Europe Designated Activity Company,Ireland,0.4734,0.0001,0.0063,0.0162,17,France|Germany|Netherlands,ja
2025-12-31,95980020140005439549,"Caja Rural de Navarra, S. Coop. de Crédito",Spain,A5GWLFH3KM7YV2SFQL84,Belfius Bank,Belgium,0.4818,0.0028,0.0063,0.4423,19,France|Netherlands|Luxembourg,ja
2025-12-31,95980020140005439549,"Caja Rural de Navarra, S. Coop. de Crédito",Spain,AT0000000000043000VB,VOLKSBANK WIEN AG VB,Austria,0.5470,0.0000,0.0047,0.0011,19,France|Germany|Netherlands,ja
2025-12-31,95980020140005439549,"Caja Rural de Navarra, S. Coop. de Crédito",Spain,B64D6Y3LBJS4ANNPCU93,NIBC Bank N.V.,Netherlands,0.3876,0.0001,0.0063,0.0139,9,Germany|France|Luxembourg,ja
2025-12-31,95980020140005439549,"Caja Rural de Navarra, S. Coop. de Crédito",Spain,BFXS5XCH7N0Y05NIXW11,ABN AMRO Bank N.V.,Netherlands,0.4706,0.0002,0.0063,0.0375,19,France|Germany|Luxembourg,ja
2025-12-31,95980020140005439549,"Caja Rural de Navarra, S. Coop. de Crédito",Spain,DIZES5CFO5K3I5R58746,Landesbank Hessen-Thüringen Girozentrale,Germany,0.3485,0.0035,0.0063,0.5643,19,France|Netherlands|Luxembourg,ja
2025-12-31,95980020140005439549,"Caja Rural de Navarra, S. Coop. de Crédito",Spain,DSNHHQ2B9X5N6OUJ1236,Norddeutsche Landesbank - Girozentrale -,Germany,0.3913,0.0002,0.0063,0.0331,16,France|Netherlands|Luxembourg,ja
2025-12-31,95980020140005439549,"Caja Rural de Navarra, S. Coop. de Crédito",Spain,DZZ47B9A52ZJ6LT6VV95,Deutsche Pfandbriefbank AG,Germany,0.4271,0.0000,0.0063,0.0000,13,France|Netherlands|United Kingdom,ja
2025-12-31,95980020140005439549,"Caja Rural de Navarra, S. Coop. de Crédito",Spain,I7ETN0QQO2AHZZGHJ389,KOMMUNALBANKEN AS,Norway,0.4472,0.0000,0.0000,,5,France|Germany|Netherlands,ja
2025-12-31,95980020140005439549,"Caja Rural de Navarra, S. Coop. de Crédito",Spain,J4CP7MHCXR8DAQMKIL78,MEDIOBANCA - BANCA DI CREDITO FINANZIARIO S.P.A.,Italy,0.4437,0.0009,0.0063,0.1428,20,France|Netherlands|Germany,ja
2025-12-31,95980020140005439549,"Caja Rural de Navarra, S. Coop. de Crédito",Spain,MLU0ZO3ML4LN2LL2TL39,HSBC Continental Europe,France,0.3921,0.0015,0.0063,0.2381,19,Germany|Netherlands|Luxembourg,ja
2025-12-31,95980020140005439549,"Caja Rural de Navarra, S. Coop. de Crédito",Spain,N747OI7JINV7RUUH6190,BPER Banca S.p.A.,Italy,0.6876,0.0013,0.0063,0.2061,20,France|Germany|Netherlands,ja
2025-12-31,95980020140005439549,"Caja Rural de Navarra, S. Coop. de Crédito",Spain,NNVPP80YIZGEY2314M97,ICCREA BANCA S.P.A. - ISTITUTO CENTRALE DEL CREDITO COOPERATIVO (IN FORMA ABBREVIATA: ICCREA BANCA S.P.A.),Italy,0.7044,0.0001,0.0063,0.0139,18,France|Netherlands|Germany,ja
2025-12-31,95980020140005439549,"Caja Rural de Navarra, S. Coop. de Crédito",Spain,O2RNE8IBXP4R0TD8PU41,Société générale S.A.,France,0.3810,0.0062,0.0063,0.9861,19,Germany|Netherlands|Luxembourg,ja
2025-12-31,95980020140005439549,"Caja Rural de Navarra, S. Coop. de Crédito",Spain,P4GTT6GF1W40CVIMFR43,Powszechna Kasa Oszczednosci Bank Polski S.A.,Poland,0.4378,0.0062,0.0063,0.9867,19,Germany|Netherlands|France,ja
2025-12-31,95980020140005439549,"Caja Rural de Navarra, S. Coop. de Crédito",Spain,R0MUWSFPU8MPRO8K5P83,BNP Paribas,France,0.3095,0.0054,0.0063,0.8629,19,Germany|Netherlands|Luxembourg,ja
2025-12-31,95980020140005439549,"Caja Rural de Navarra, S. Coop. de Crédito",Spain,R7CQUF1DQM73HUTV1078,"Banque et Caisse d´Epargne de l´Etat, Luxembourg",Luxembourg,0.6999,0.0000,0.0047,0.0055,18,Netherlands|France|Germany,ja
2025-12-31,95980020140005439549,"Caja Rural de Navarra, S. Coop. de Crédito",Spain,TUKDD90GPC79G1KOE162,Hamburg Commercial Bank AG,Germany,0.3383,0.0000,0.0063,0.0000,11,Netherlands|France|Luxembourg,ja
2025-12-31,95980020140005439549,"Caja Rural de Navarra, S. Coop. de Crédito",Spain,VDYMYTQGZZ6DU0912C88,Bayerische Landesbank,Germany,0.5328,0.0000,0.0041,0.0070,19,France|Netherlands|Luxembourg,ja
2025-12-31,95980020140005439549,"Caja Rural de Navarra, S. Coop. de Crédito",Spain,WFLLPEPC7FZXENRZV188,THE BANK OF NEW YORK MELLON,Belgium,0.4954,0.0061,0.0063,0.9790,12,Netherlands|Germany|Slovakia,ja
2025-12-31,95980020140005484654,"Caja Rural de Albacete, Ciudad Real y Cuenca, Sociedad Cooperativa de Crédito",Spain,95980020140005552166,"Eurocaja Rural, Sociedad Cooperativa de Crédito",Spain,0.6801,0.0000,0.0000,,10,France|Netherlands|Germany,nein
2025-12-31,95980020140005484654,"Caja Rural de Albacete, Ciudad Real y Cuenca, Sociedad Cooperativa de Crédito",Spain,95980020140005881190,Banco de Crédito Social Cooperativo,Spain,0.4822,0.0000,0.0000,,11,Germany|France|Netherlands,nein
2025-12-31,95980020140005484654,"Caja Rural de Albacete, Ciudad Real y Cuenca, Sociedad Cooperativa de Crédito",Spain,9598005U8TZQ8Q64SC71,LIBERTY PARTNERS S.L.U.,Spain,0.3065,0.0000,0.0000,,9,France|Luxembourg|United Kingdom,nein
2025-12-31,95980020140005484654,"Caja Rural de Albacete, Ciudad Real y Cuenca, Sociedad Cooperativa de Crédito",Spain,9695000CG7B84NLR5984,Confédération Nationale du Crédit Mutuel,France,0.3272,0.0000,0.0000,,10,Germany|Luxembourg|Netherlands,ja
2025-12-31,95980020140005484654,"Caja Rural de Albacete, Ciudad Real y Cuenca, Sociedad Cooperativa de Crédito",Spain,969500STN7T9MRUMJ267,Bpifrance,France,0.4603,0.0000,0.0000,,9,Netherlands|Luxembourg|United Kingdom,ja
2025-12-31,95980020140005484654,"Caja Rural de Albacete, Ciudad Real y Cuenca, Sociedad Cooperativa de Crédito",Spain,969500TJ5KRTCJQWXH05,CRÉDIT AGRICOLE AUTO BANK S.P.A.,Italy,0.3966,0.0000,0.0000,,10,France|Germany|United Kingdom,ja
2025-12-31,95980020140005484654,"Caja Rural de Albacete, Ciudad Real y Cuenca, Sociedad Cooperativa de Crédito",Spain,9DJT3UXIJIZJI4WXO774,Bank of America Europe Designated Activity Company,Ireland,0.4788,0.0000,0.0000,,10,France|Germany|Netherlands,ja
2025-12-31,95980020140005484654,"Caja Rural de Albacete, Ciudad Real y Cuenca, Sociedad Cooperativa de Crédito",Spain,A5GWLFH3KM7YV2SFQL84,Belfius Bank,Belgium,0.4979,0.0000,0.0000,,10,France|Netherlands|Luxembourg,ja
2025-12-31,95980020140005484654,"Caja Rural de Albacete, Ciudad Real y Cuenca, Sociedad Cooperativa de Crédito",Spain,AT0000000000043000VB,VOLKSBANK WIEN AG VB,Austria,0.4750,0.0000,0.0000,,11,France|Germany|Netherlands,ja
2025-12-31,95980020140005484654,"Caja Rural de Albacete, Ciudad Real y Cuenca, Sociedad Cooperativa de Crédito",Spain,B64D6Y3LBJS4ANNPCU93,NIBC Bank N.V.,Netherlands,0.3542,0.0000,0.0000,,7,Germany|France|Luxembourg,ja
2025-12-31,95980020140005484654,"Caja Rural de Albacete, Ciudad Real y Cuenca, Sociedad Cooperativa de Crédito",Spain,BFXS5XCH7N0Y05NIXW11,ABN AMRO Bank N.V.,Netherlands,0.4464,0.0000,0.0000,,10,France|Germany|Luxembourg,ja
2025-12-31,95980020140005484654,"Caja Rural de Albacete, Ciudad Real y Cuenca, Sociedad Cooperativa de Crédito",Spain,DIZES5CFO5K3I5R58746,Landesbank Hessen-Thüringen Girozentrale,Germany,0.3491,0.0000,0.0000,,10,France|Luxembourg|Netherlands,ja
2025-12-31,95980020140005484654,"Caja Rural de Albacete, Ciudad Real y Cuenca, Sociedad Cooperativa de Crédito",Spain,DSNHHQ2B9X5N6OUJ1236,Norddeutsche Landesbank - Girozentrale -,Germany,0.4190,0.0000,0.0000,,10,France|Netherlands|Luxembourg,ja
2025-12-31,95980020140005484654,"Caja Rural de Albacete, Ciudad Real y Cuenca, Sociedad Cooperativa de Crédito",Spain,DZZ47B9A52ZJ6LT6VV95,Deutsche Pfandbriefbank AG,Germany,0.4247,0.0000,0.0000,,8,France|Netherlands|United Kingdom,ja
2025-12-31,95980020140005484654,"Caja Rural de Albacete, Ciudad Real y Cuenca, Sociedad Cooperativa de Crédito",Spain,I7ETN0QQO2AHZZGHJ389,KOMMUNALBANKEN AS,Norway,0.4016,0.0000,0.0000,,4,France|Germany|Netherlands,ja
2025-12-31,95980020140005484654,"Caja Rural de Albacete, Ciudad Real y Cuenca, Sociedad Cooperativa de Crédito",Spain,J4CP7MHCXR8DAQMKIL78,MEDIOBANCA - BANCA DI CREDITO FINANZIARIO S.P.A.,Italy,0.4523,0.0000,0.0000,,11,France|Netherlands|Germany,ja
2025-12-31,95980020140005484654,"Caja Rural de Albacete, Ciudad Real y Cuenca, Sociedad Cooperativa de Crédito",Spain,MLU0ZO3ML4LN2LL2TL39,HSBC Continental Europe,France,0.3618,0.0000,0.0000,,10,Germany|Netherlands|Luxembourg,ja
2025-12-31,95980020140005484654,"Caja Rural de Albacete, Ciudad Real y Cuenca, Sociedad Cooperativa de Crédito",Spain,N747OI7JINV7RUUH6190,BPER Banca S.p.A.,Italy,0.6819,0.0000,0.0000,,11,France|Germany|Netherlands,ja
2025-12-31,95980020140005484654,"Caja Rural de Albacete, Ciudad Real y Cuenca, Sociedad Cooperativa de Crédito",Spain,NNVPP80YIZGEY2314M97,ICCREA BANCA S.P.A. - ISTITUTO CENTRALE DEL CREDITO COOPERATIVO (IN FORMA ABBREVIATA: ICCREA BANCA S.P.A.),Italy,0.6866,0.0000,0.0000,,9,France|Netherlands|Germany,ja
2025-12-31,95980020140005484654,"Caja Rural de Albacete, Ciudad Real y Cuenca, Sociedad Cooperativa de Crédito",Spain,O2RNE8IBXP4R0TD8PU41,Société générale S.A.,France,0.3367,0.0000,0.0000,,10,Germany|Luxembourg|Netherlands,ja
2025-12-31,95980020140005484654,"Caja Rural de Albacete, Ciudad Real y Cuenca, Sociedad Cooperativa de Crédito",Spain,P4GTT6GF1W40CVIMFR43,Powszechna Kasa Oszczednosci Bank Polski S.A.,Poland,0.3760,0.0000,0.0000,,11,Germany|Netherlands|France,ja
2025-12-31,95980020140005484654,"Caja Rural de Albacete, Ciudad Real y Cuenca, Sociedad Cooperativa de Crédito",Spain,R7CQUF1DQM73HUTV1078,"Banque et Caisse d´Epargne de l´Etat, Luxembourg",Luxembourg,0.6322,0.0000,0.0000,,10,Netherlands|France|Germany,ja
2025-12-31,95980020140005484654,"Caja Rural de Albacete, Ciudad Real y Cuenca, Sociedad Cooperativa de Crédito",Spain,TUKDD90GPC79G1KOE162,Hamburg Commercial Bank AG,Germany,0.3251,0.0000,0.0000,,9,Netherlands|Luxembourg|France,ja
2025-12-31,95980020140005484654,"Caja Rural de Albacete, Ciudad Real y Cuenca, Sociedad Cooperativa de Crédito",Spain,VDYMYTQGZZ6DU0912C88,Bayerische Landesbank,Germany,0.5265,0.0000,0.0000,,10,France|Netherlands|Luxembourg,ja
2025-12-31,95980020140005484654,"Caja Rural de Albacete, Ciudad Real y Cuenca, Sociedad Cooperativa de Crédito",Spain,WFLLPEPC7FZXENRZV188,THE BANK OF NEW YORK MELLON,Belgium,0.4139,0.0000,0.0000,,8,Netherlands|Germany|United Kingdom,ja
2025-12-31,95980020140005552166,"Eurocaja Rural, Sociedad Cooperativa de Crédito",Spain,95980020140005881190,Banco de Crédito Social Cooperativo,Spain,0.4460,0.0000,0.0045,0.0000,13,France|Netherlands|Germany,nein
2025-12-31,95980020140005552166,"Eurocaja Rural, Sociedad Cooperativa de Crédito",Spain,969500TJ5KRTCJQWXH05,CRÉDIT AGRICOLE AUTO BANK S.P.A.,Italy,0.4100,0.0000,0.0020,0.0021,16,France|Germany|Netherlands,ja
2025-12-31,95980020140005552166,"Eurocaja Rural, Sociedad Cooperativa de Crédito",Spain,9DJT3UXIJIZJI4WXO774,Bank of America Europe Designated Activity Company,Ireland,0.4915,0.0022,0.0577,0.0387,25,France|Netherlands|Germany,ja
2025-12-31,95980020140005552166,"Eurocaja Rural, Sociedad Cooperativa de Crédito",Spain,A5GWLFH3KM7YV2SFQL84,Belfius Bank,Belgium,0.5622,0.0001,0.0128,0.0087,19,France|Netherlands|Luxembourg,ja
2025-12-31,95980020140005552166,"Eurocaja Rural, Sociedad Cooperativa de Crédito",Spain,AT0000000000043000VB,VOLKSBANK WIEN AG VB,Austria,0.4839,0.0003,0.0047,0.0608,33,France|Netherlands|Germany,ja
2025-12-31,95980020140005552166,"Eurocaja Rural, Sociedad Cooperativa de Crédito",Spain,B64D6Y3LBJS4ANNPCU93,NIBC Bank N.V.,Netherlands,0.3460,0.0000,0.0170,0.0000,12,France|Germany|Luxembourg,ja
2025-12-31,95980020140005552166,"Eurocaja Rural, Sociedad Cooperativa de Crédito",Spain,BFXS5XCH7N0Y05NIXW11,ABN AMRO Bank N.V.,Netherlands,0.4750,0.0037,0.0577,0.0650,22,France|Germany|Luxembourg,ja
2025-12-31,95980020140005552166,"Eurocaja Rural, Sociedad Cooperativa de Crédito",Spain,DIZES5CFO5K3I5R58746,Landesbank Hessen-Thüringen Girozentrale,Germany,0.4197,0.0024,0.0460,0.0530,37,France|Luxembourg|Netherlands,ja
2025-12-31,95980020140005552166,"Eurocaja Rural, Sociedad Cooperativa de Crédito",Spain,DSNHHQ2B9X5N6OUJ1236,Norddeutsche Landesbank - Girozentrale -,Germany,0.4449,0.0042,0.0577,0.0729,27,France|Netherlands|Luxembourg,ja
2025-12-31,95980020140005552166,"Eurocaja Rural, Sociedad Cooperativa de Crédito",Spain,DZZ47B9A52ZJ6LT6VV95,Deutsche Pfandbriefbank AG,Germany,0.4751,0.0000,0.0064,0.0000,13,France|Netherlands|United States,ja
2025-12-31,95980020140005552166,"Eurocaja Rural, Sociedad Cooperativa de Crédito",Spain,I7ETN0QQO2AHZZGHJ389,KOMMUNALBANKEN AS,Norway,0.4192,0.0000,0.0000,,6,France|Germany|Netherlands,ja
2025-12-31,95980020140005552166,"Eurocaja Rural, Sociedad Cooperativa de Crédito",Spain,J4CP7MHCXR8DAQMKIL78,MEDIOBANCA - BANCA DI CREDITO FINANZIARIO S.P.A.,Italy,0.4840,0.0005,0.0569,0.0086,22,France|Netherlands|Germany,ja
2025-12-31,95980020140005552166,"Eurocaja Rural, Sociedad Cooperativa de Crédito",Spain,MLU0ZO3ML4LN2LL2TL39,HSBC Continental Europe,France,0.3736,0.0015,0.0577,0.0259,30,Netherlands|Germany|Luxembourg,ja
2025-12-31,95980020140005552166,"Eurocaja Rural, Sociedad Cooperativa de Crédito",Spain,N747OI7JINV7RUUH6190,BPER Banca S.p.A.,Italy,0.6234,0.0005,0.0209,0.0229,14,France|Netherlands|Germany,ja
2025-12-31,95980020140005552166,"Eurocaja Rural, Sociedad Cooperativa de Crédito",Spain,NNVPP80YIZGEY2314M97,ICCREA BANCA S.P.A. - ISTITUTO CENTRALE DEL CREDITO COOPERATIVO (IN FORMA ABBREVIATA: ICCREA BANCA S.P.A.),Italy,0.5509,0.0000,0.0074,0.0000,11,France|Netherlands|Germany,ja
2025-12-31,95980020140005552166,"Eurocaja Rural, Sociedad Cooperativa de Crédito",Spain,P4GTT6GF1W40CVIMFR43,Powszechna Kasa Oszczednosci Bank Polski S.A.,Poland,0.3323,0.0024,0.0577,0.0424,40,Netherlands|Germany|France,ja
2025-12-31,95980020140005552166,"Eurocaja Rural, Sociedad Cooperativa de Crédito",Spain,R7CQUF1DQM73HUTV1078,"Banque et Caisse d´Epargne de l´Etat, Luxembourg",Luxembourg,0.5278,0.0000,0.0047,0.0001,13,France|Netherlands|Germany,ja
2025-12-31,95980020140005552166,"Eurocaja Rural, Sociedad Cooperativa de Crédito",Spain,TUKDD90GPC79G1KOE162,Hamburg Commercial Bank AG,Germany,0.4008,0.0003,0.0577,0.0054,19,Netherlands|Luxembourg|France,ja
2025-12-31,95980020140005552166,"Eurocaja Rural, Sociedad Cooperativa de Crédito",Spain,VDYMYTQGZZ6DU0912C88,Bayerische Landesbank,Germany,0.4819,0.0003,0.0041,0.0675,39,France|Netherlands|Luxembourg,ja
2025-12-31,95980020140005552166,"Eurocaja Rural, Sociedad Cooperativa de Crédito",Spain,WFLLPEPC7FZXENRZV188,THE BANK OF NEW YORK MELLON,Belgium,0.3601,0.0015,0.0577,0.0266,26,Netherlands|Germany|Luxembourg,ja
2025-12-31,95980020140005881190,Banco de Crédito Social Cooperativo,Spain,9598005U8TZQ8Q64SC71,LIBERTY PARTNERS S.L.U.,Spain,0.5232,0.0000,0.0045,0.0000,14,Luxembourg|France|United Kingdom,nein
2025-12-31,95980020140005881190,Banco de Crédito Social Cooperativo,Spain,9695000CG7B84NLR5984,Confédération Nationale du Crédit Mutuel,France,0.6349,0.0005,0.0045,0.1123,26,Germany|United Kingdom|Luxembourg,ja
2025-12-31,95980020140005881190,Banco de Crédito Social Cooperativo,Spain,9695005MSX1OYEMGDF46,Natixis,France,0.3005,0.0004,0.0045,0.0875,26,Luxembourg|United Kingdom|Germany,ja
2025-12-31,95980020140005881190,Banco de Crédito Social Cooperativo,Spain,969500F7JLTX36OUI695,RCI Banque,France,0.4176,0.0004,0.0045,0.0866,14,Germany|United Kingdom|Netherlands,ja
2025-12-31,95980020140005881190,Banco de Crédito Social Cooperativo,Spain,969500TJ5KRTCJQWXH05,CRÉDIT AGRICOLE AUTO BANK S.P.A.,Italy,0.5412,0.0000,0.0020,0.0000,17,Germany|France|United Kingdom,ja
2025-12-31,95980020140005881190,Banco de Crédito Social Cooperativo,Spain,9DJT3UXIJIZJI4WXO774,Bank of America Europe Designated Activity Company,Ireland,0.6253,0.0001,0.0045,0.0226,20,Luxembourg|France|United Kingdom,ja
2025-12-31,95980020140005881190,Banco de Crédito Social Cooperativo,Spain,A5GWLFH3KM7YV2SFQL84,Belfius Bank,Belgium,0.4948,0.0004,0.0045,0.0959,26,France|United Kingdom|Netherlands,ja
2025-12-31,95980020140005881190,Banco de Crédito Social Cooperativo,Spain,AT0000000000043000VB,VOLKSBANK WIEN AG VB,Austria,0.6005,0.0000,0.0045,0.0011,24,Germany|France|Netherlands,ja
2025-12-31,95980020140005881190,Banco de Crédito Social Cooperativo,Spain,B64D6Y3LBJS4ANNPCU93,NIBC Bank N.V.,Netherlands,0.6199,0.0041,0.0045,0.9134,9,Germany|United Kingdom|France,ja
2025-12-31,95980020140005881190,Banco de Crédito Social Cooperativo,Spain,BFXS5XCH7N0Y05NIXW11,ABN AMRO Bank N.V.,Netherlands,0.5578,0.0002,0.0045,0.0524,26,Germany|France|United Kingdom,ja
2025-12-31,95980020140005881190,Banco de Crédito Social Cooperativo,Spain,DIZES5CFO5K3I5R58746,Landesbank Hessen-Thüringen Girozentrale,Germany,0.4402,0.0004,0.0045,0.0969,26,France|United Kingdom|Luxembourg,ja
2025-12-31,95980020140005881190,Banco de Crédito Social Cooperativo,Spain,DSNHHQ2B9X5N6OUJ1236,Norddeutsche Landesbank - Girozentrale -,Germany,0.5023,0.0002,0.0045,0.0462,23,France|United Kingdom|Netherlands,ja
2025-12-31,95980020140005881190,Banco de Crédito Social Cooperativo,Spain,DZZ47B9A52ZJ6LT6VV95,Deutsche Pfandbriefbank AG,Germany,0.3725,0.0000,0.0045,0.0000,13,France|United Kingdom|Netherlands,ja
2025-12-31,95980020140005881190,Banco de Crédito Social Cooperativo,Spain,FR9695005MSX1OYEMGDF,Groupe BPCE,France,0.4033,0.0004,0.0045,0.0887,26,Luxembourg|United Kingdom|Germany,ja
2025-12-31,95980020140005881190,Banco de Crédito Social Cooperativo,Spain,I7ETN0QQO2AHZZGHJ389,KOMMUNALBANKEN AS,Norway,0.5173,0.0000,0.0000,,5,Germany|France|Netherlands,ja
2025-12-31,95980020140005881190,Banco de Crédito Social Cooperativo,Spain,J4CP7MHCXR8DAQMKIL78,MEDIOBANCA - BANCA DI CREDITO FINANZIARIO S.P.A.,Italy,0.5794,0.0004,0.0045,0.0885,27,Luxembourg|France|United Kingdom,ja
2025-12-31,95980020140005881190,Banco de Crédito Social Cooperativo,Spain,MLU0ZO3ML4LN2LL2TL39,HSBC Continental Europe,France,0.6287,0.0004,0.0045,0.0866,26,Germany|Luxembourg|Netherlands,ja
2025-12-31,95980020140005881190,Banco de Crédito Social Cooperativo,Spain,N747OI7JINV7RUUH6190,BPER Banca S.p.A.,Italy,0.6892,0.0006,0.0045,0.1319,27,Germany|Luxembourg|France,ja
2025-12-31,95980020140005881190,Banco de Crédito Social Cooperativo,Spain,NNVPP80YIZGEY2314M97,ICCREA BANCA S.P.A. - ISTITUTO CENTRALE DEL CREDITO COOPERATIVO (IN FORMA ABBREVIATA: ICCREA BANCA S.P.A.),Italy,0.5422,0.0041,0.0045,0.9134,23,Germany|France|Netherlands,ja
2025-12-31,95980020140005881190,Banco de Crédito Social Cooperativo,Spain,O2RNE8IBXP4R0TD8PU41,Société générale S.A.,France,0.5290,0.0004,0.0045,0.0866,26,Germany|United Kingdom|Luxembourg,ja
2025-12-31,95980020140005881190,Banco de Crédito Social Cooperativo,Spain,P4GTT6GF1W40CVIMFR43,Powszechna Kasa Oszczednosci Bank Polski S.A.,Poland,0.4754,0.0004,0.0045,0.0875,26,Germany|Netherlands|France,ja
2025-12-31,95980020140005881190,Banco de Crédito Social Cooperativo,Spain,QLPCKOOKVX32FUELX240,Bank Polska Kasa Opieki S.A.,Poland,0.4832,0.0000,0.0045,0.0050,26,Luxembourg|United Kingdom|Ireland,ja
2025-12-31,95980020140005881190,Banco de Crédito Social Cooperativo,Spain,R0MUWSFPU8MPRO8K5P83,BNP Paribas,France,0.4279,0.0004,0.0045,0.0946,26,United Kingdom|Germany|Luxembourg,ja
2025-12-31,95980020140005881190,Banco de Crédito Social Cooperativo,Spain,R7CQUF1DQM73HUTV1078,"Banque et Caisse d´Epargne de l´Etat, Luxembourg",Luxembourg,0.5484,0.0000,0.0045,0.0057,25,Germany|France|Netherlands,ja
2025-12-31,95980020140005881190,Banco de Crédito Social Cooperativo,Spain,RRUN0TCQ1K2JDV7MXO75,Oberbank AG,Austria,0.3694,0.0000,0.0018,0.0000,23,Germany|Netherlands|France,ja
2025-12-31,95980020140005881190,Banco de Crédito Social Cooperativo,Spain,TUKDD90GPC79G1KOE162,Hamburg Commercial Bank AG,Germany,0.6124,0.0000,0.0045,0.0000,16,Luxembourg|United Kingdom|Netherlands,ja
2025-12-31,95980020140005881190,Banco de Crédito Social Cooperativo,Spain,VDYMYTQGZZ6DU0912C88,Bayerische Landesbank,Germany,0.5897,0.0000,0.0041,0.0070,26,Luxembourg|France|United Kingdom,ja
2025-12-31,95980020140005881190,Banco de Crédito Social Cooperativo,Spain,WFLLPEPC7FZXENRZV188,THE BANK OF NEW YORK MELLON,Belgium,0.5365,0.0004,0.0045,0.0866,15,Germany|Netherlands|United Kingdom,ja
2025-12-31,9598005U8TZQ8Q64SC71,LIBERTY PARTNERS S.L.U.,Spain,9695005MSX1OYEMGDF46,Natixis,France,0.4960,0.0138,0.0241,0.5721,16,Luxembourg|United Kingdom|Italy,ja
2025-12-31,9598005U8TZQ8Q64SC71,LIBERTY PARTNERS S.L.U.,Spain,969500F7JLTX36OUI695,RCI Banque,France,0.3302,0.0000,0.0241,0.0000,9,Italy|United Kingdom|Switzerland,ja
2025-12-31,9598005U8TZQ8Q64SC71,LIBERTY PARTNERS S.L.U.,Spain,969500TJ5KRTCJQWXH05,CRÉDIT AGRICOLE AUTO BANK S.P.A.,Italy,0.3613,0.0000,0.0020,0.0000,12,France|United Kingdom|Switzerland,ja
2025-12-31,9598005U8TZQ8Q64SC71,LIBERTY PARTNERS S.L.U.,Spain,9DJT3UXIJIZJI4WXO774,Bank of America Europe Designated Activity Company,Ireland,0.5207,0.0002,0.0241,0.0073,15,Luxembourg|France|United Kingdom,ja
2025-12-31,9598005U8TZQ8Q64SC71,LIBERTY PARTNERS S.L.U.,Spain,A5GWLFH3KM7YV2SFQL84,Belfius Bank,Belgium,0.4174,0.0000,0.0128,0.0000,15,France|United Kingdom|Luxembourg,ja
2025-12-31,9598005U8TZQ8Q64SC71,LIBERTY PARTNERS S.L.U.,Spain,B64D6Y3LBJS4ANNPCU93,NIBC Bank N.V.,Netherlands,0.3913,0.0000,0.0170,0.0000,10,United Kingdom|France|Luxembourg,ja
2025-12-31,9598005U8TZQ8Q64SC71,LIBERTY PARTNERS S.L.U.,Spain,BFXS5XCH7N0Y05NIXW11,ABN AMRO Bank N.V.,Netherlands,0.4025,0.0080,0.0241,0.3325,16,France|United Kingdom|Luxembourg,ja
2025-12-31,9598005U8TZQ8Q64SC71,LIBERTY PARTNERS S.L.U.,Spain,DIZES5CFO5K3I5R58746,Landesbank Hessen-Thüringen Girozentrale,Germany,0.4330,0.0084,0.0241,0.3494,16,France|United Kingdom|Luxembourg,ja
2025-12-31,9598005U8TZQ8Q64SC71,LIBERTY PARTNERS S.L.U.,Spain,DSNHHQ2B9X5N6OUJ1236,Norddeutsche Landesbank - Girozentrale -,Germany,0.4534,0.0007,0.0241,0.0299,16,France|United Kingdom|Luxembourg,ja
2025-12-31,9598005U8TZQ8Q64SC71,LIBERTY PARTNERS S.L.U.,Spain,DZZ47B9A52ZJ6LT6VV95,Deutsche Pfandbriefbank AG,Germany,0.3312,0.0000,0.0064,0.0000,11,France|United Kingdom|Sweden,ja
2025-12-31,9598005U8TZQ8Q64SC71,LIBERTY PARTNERS S.L.U.,Spain,FR9695005MSX1OYEMGDF,Groupe BPCE,France,0.4648,0.0000,0.0129,0.0000,13,Luxembourg|United Kingdom|Ireland,ja
2025-12-31,9598005U8TZQ8Q64SC71,LIBERTY PARTNERS S.L.U.,Spain,J4CP7MHCXR8DAQMKIL78,MEDIOBANCA - BANCA DI CREDITO FINANZIARIO S.P.A.,Italy,0.4381,0.0000,0.0241,0.0000,16,France|Luxembourg|United Kingdom,ja
2025-12-31,9598005U8TZQ8Q64SC71,LIBERTY PARTNERS S.L.U.,Spain,MLU0ZO3ML4LN2LL2TL39,HSBC Continental Europe,France,0.3709,0.0005,0.0241,0.0197,16,Luxembourg|United Kingdom|Italy,ja
2025-12-31,9598005U8TZQ8Q64SC71,LIBERTY PARTNERS S.L.U.,Spain,N747OI7JINV7RUUH6190,BPER Banca S.p.A.,Italy,0.4180,0.0000,0.0209,0.0000,14,France|Luxembourg|United Kingdom,ja
2025-12-31,9598005U8TZQ8Q64SC71,LIBERTY PARTNERS S.L.U.,Spain,QLPCKOOKVX32FUELX240,Bank Polska Kasa Opieki S.A.,Poland,0.3936,0.0000,0.0241,0.0000,16,Luxembourg|United Kingdom|Ireland,ja
2025-12-31,9598005U8TZQ8Q64SC71,LIBERTY PARTNERS S.L.U.,Spain,R7CQUF1DQM73HUTV1078,"Banque et Caisse d´Epargne de l´Etat, Luxembourg",Luxembourg,0.3011,0.0000,0.0047,0.0000,13,France|Sweden|United Kingdom,ja
2025-12-31,9598005U8TZQ8Q64SC71,LIBERTY PARTNERS S.L.U.,Spain,TUKDD90GPC79G1KOE162,Hamburg Commercial Bank AG,Germany,0.4940,0.0007,0.0241,0.0287,16,Luxembourg|United Kingdom|France,ja
2025-12-31,9598005U8TZQ8Q64SC71,LIBERTY PARTNERS S.L.U.,Spain,VDYMYTQGZZ6DU0912C88,Bayerische Landesbank,Germany,0.5283,0.0001,0.0041,0.0229,16,Luxembourg|France|United Kingdom,ja
2025-12-31,9695000CG7B84NLR5984,Confédération Nationale du Crédit Mutuel,France,969500F7JLTX36OUI695,RCI Banque,France,0.4573,0.0108,0.0130,0.8325,22,Germany|United Kingdom|Spain,nein
2025-12-31,9695000CG7B84NLR5984,Confédération Nationale du Crédit Mutuel,France,969500TJ5KRTCJQWXH05,CRÉDIT AGRICOLE AUTO BANK S.P.A.,Italy,0.4348,0.0000,0.0020,0.0000,21,Germany|United Kingdom|Spain,ja
2025-12-31,9695000CG7B84NLR5984,Confédération Nationale du Crédit Mutuel,France,9DJT3UXIJIZJI4WXO774,Bank of America Europe Designated Activity Company,Ireland,0.4204,0.0023,0.0130,0.1787,38,Germany|United Kingdom|Luxembourg,ja
2025-12-31,9695000CG7B84NLR5984,Confédération Nationale du Crédit Mutuel,France,A5GWLFH3KM7YV2SFQL84,Belfius Bank,Belgium,0.3868,0.0031,0.0128,0.2385,35,United Kingdom|Luxembourg|Netherlands,ja
2025-12-31,9695000CG7B84NLR5984,Confédération Nationale du Crédit Mutuel,France,AT0000000000043000VB,VOLKSBANK WIEN AG VB,Austria,0.5970,0.0002,0.0047,0.0362,42,Germany|Netherlands|Belgium,ja
2025-12-31,9695000CG7B84NLR5984,Confédération Nationale du Crédit Mutuel,France,B64D6Y3LBJS4ANNPCU93,NIBC Bank N.V.,Netherlands,0.5308,0.0001,0.0130,0.0089,14,Germany|United Kingdom|Luxembourg,ja
2025-12-31,9695000CG7B84NLR5984,Confédération Nationale du Crédit Mutuel,France,BFXS5XCH7N0Y05NIXW11,ABN AMRO Bank N.V.,Netherlands,0.4832,0.0008,0.0130,0.0579,37,Germany|United Kingdom|Luxembourg,ja
2025-12-31,9695000CG7B84NLR5984,Confédération Nationale du Crédit Mutuel,France,DIZES5CFO5K3I5R58746,Landesbank Hessen-Thüringen Girozentrale,Germany,0.3350,0.0049,0.0130,0.3774,47,United Kingdom|Luxembourg|Netherlands,ja
2025-12-31,9695000CG7B84NLR5984,Confédération Nationale du Crédit Mutuel,France,DSNHHQ2B9X5N6OUJ1236,Norddeutsche Landesbank - Girozentrale -,Germany,0.3409,0.0018,0.0130,0.1377,39,United Kingdom|Luxembourg|Netherlands,ja
2025-12-31,9695000CG7B84NLR5984,Confédération Nationale du Crédit Mutuel,France,FR9695005MSX1OYEMGDF,Groupe BPCE,France,0.4077,0.0049,0.0129,0.3809,29,Luxembourg|United Kingdom|Germany,nein
2025-12-31,9695000CG7B84NLR5984,Confédération Nationale du Crédit Mutuel,France,I7ETN0QQO2AHZZGHJ389,KOMMUNALBANKEN AS,Norway,0.4803,0.0000,0.0000,,5,Germany|Netherlands|Sweden,ja
2025-12-31,9695000CG7B84NLR5984,Confédération Nationale du Crédit Mutuel,France,J4CP7MHCXR8DAQMKIL78,MEDIOBANCA - BANCA DI CREDITO FINANZIARIO S.P.A.,Italy,0.4172,0.0014,0.0130,0.1072,37,United Kingdom|Luxembourg|Germany,ja
2025-12-31,9695000CG7B84NLR5984,Confédération Nationale du Crédit Mutuel,France,MLU0ZO3ML4LN2LL2TL39,HSBC Continental Europe,France,0.5743,0.0035,0.0130,0.2661,46,Germany|United Kingdom|Luxembourg,nein
2025-12-31,9695000CG7B84NLR5984,Confédération Nationale du Crédit Mutuel,France,N747OI7JINV7RUUH6190,BPER Banca S.p.A.,Italy,0.5254,0.0020,0.0130,0.1543,30,Germany|United Kingdom|Luxembourg,ja
2025-12-31,9695000CG7B84NLR5984,Confédération Nationale du Crédit Mutuel,France,NNVPP80YIZGEY2314M97,ICCREA BANCA S.P.A. - ISTITUTO CENTRALE DEL CREDITO COOPERATIVO (IN FORMA ABBREVIATA: ICCREA BANCA S.P.A.),Italy,0.4277,0.0001,0.0074,0.0155,23,Germany|Netherlands|Spain,ja
2025-12-31,9695000CG7B84NLR5984,Confédération Nationale du Crédit Mutuel,France,O2RNE8IBXP4R0TD8PU41,Société générale S.A.,France,0.5699,0.0103,0.0130,0.7899,44,Germany|United Kingdom|Luxembourg,nein
2025-12-31,9695000CG7B84NLR5984,Confédération Nationale du Crédit Mutuel,France,P4GTT6GF1W40CVIMFR43,Powszechna Kasa Oszczednosci Bank Polski S.A.,Poland,0.3979,0.0100,0.0130,0.7695,45,Germany|Netherlands|Luxembourg,ja
2025-12-31,9695000CG7B84NLR5984,Confédération Nationale du Crédit Mutuel,France,QLPCKOOKVX32FUELX240,Bank Polska Kasa Opieki S.A.,Poland,0.3925,0.0005,0.0130,0.0421,44,United Kingdom|Luxembourg|Germany,ja
2025-12-31,9695000CG7B84NLR5984,Confédération Nationale du Crédit Mutuel,France,R0MUWSFPU8MPRO8K5P83,BNP Paribas,France,0.5995,0.0058,0.0108,0.5329,46,Belgium|Germany|United Kingdom,nein
2025-12-31,9695000CG7B84NLR5984,Confédération Nationale du Crédit Mutuel,France,R7CQUF1DQM73HUTV1078,"Banque et Caisse d´Epargne de l´Etat, Luxembourg",Luxembourg,0.4774,0.0000,0.0047,0.0055,26,Germany|Belgium|Netherlands,ja
2025-12-31,9695000CG7B84NLR5984,Confédération Nationale du Crédit Mutuel,France,RRUN0TCQ1K2JDV7MXO75,Oberbank AG,Austria,0.4747,0.0002,0.0018,0.1290,37,Germany|Netherlands|Luxembourg,ja
2025-12-31,9695000CG7B84NLR5984,Confédération Nationale du Crédit Mutuel,France,TUKDD90GPC79G1KOE162,Hamburg Commercial Bank AG,Germany,0.3481,0.0012,0.0130,0.0903,28,United Kingdom|Luxembourg|Netherlands,ja
2025-12-31,9695000CG7B84NLR5984,Confédération Nationale du Crédit Mutuel,France,VDYMYTQGZZ6DU0912C88,Bayerische Landesbank,Germany,0.3428,0.0001,0.0041,0.0333,47,United Kingdom|Luxembourg|Netherlands,ja
2025-12-31,9695000CG7B84NLR5984,Confédération Nationale du Crédit Mutuel,France,WFLLPEPC7FZXENRZV188,THE BANK OF NEW YORK MELLON,Belgium,0.4552,0.0067,0.0130,0.5165,30,Germany|United Kingdom|Netherlands,ja
2025-12-31,9695005MSX1OYEMGDF46,Natixis,France,9DJT3UXIJIZJI4WXO774,Bank of America Europe Designated Activity Company,Ireland,0.3889,0.0213,0.0753,0.2827,59,Luxembourg|United Kingdom|Italy,ja
2025-12-31,9695005MSX1OYEMGDF46,Natixis,France,A5GWLFH3KM7YV2SFQL84,Belfius Bank,Belgium,0.3385,0.0050,0.0128,0.3895,37,Luxembourg|United States|United Kingdom,ja
2025-12-31,9695005MSX1OYEMGDF46,Natixis,France,DG3RU1DBUFHT4ZF9WN62,Coöperatieve Rabobank U.A.,Netherlands,0.4188,0.0405,0.0781,0.5186,94,United States|United Kingdom|Italy,ja
2025-12-31,9695005MSX1OYEMGDF46,Natixis,France,DIZES5CFO5K3I5R58746,Landesbank Hessen-Thüringen Girozentrale,Germany,0.4359,0.0256,0.0460,0.5560,94,United States|Luxembourg|United Kingdom,ja
2025-12-31,9695005MSX1OYEMGDF46,Natixis,France,DSNHHQ2B9X5N6OUJ1236,Norddeutsche Landesbank - Girozentrale -,Germany,0.4489,0.0164,0.0596,0.2754,60,United States|Luxembourg|United Kingdom,ja
2025-12-31,9695005MSX1OYEMGDF46,Natixis,France,FR9695005MSX1OYEMGDF,Groupe BPCE,France,0.7037,0.0100,0.0129,0.7774,29,Luxembourg|United Kingdom|Germany,nein
2025-12-31,9695005MSX1OYEMGDF46,Natixis,France,J4CP7MHCXR8DAQMKIL78,MEDIOBANCA - BANCA DI CREDITO FINANZIARIO S.P.A.,Italy,0.3316,0.0037,0.0569,0.0652,41,Luxembourg|United States|United Kingdom,ja
2025-12-31,9695005MSX1OYEMGDF46,Natixis,France,MLU0ZO3ML4LN2LL2TL39,HSBC Continental Europe,France,0.3888,0.0173,0.0781,0.2219,86,Luxembourg|United States|United Kingdom,nein
2025-12-31,9695005MSX1OYEMGDF46,Natixis,France,QLPCKOOKVX32FUELX240,Bank Polska Kasa Opieki S.A.,Poland,0.3415,0.0010,0.0714,0.0138,82,Luxembourg|United Kingdom|United States,ja
2025-12-31,9695005MSX1OYEMGDF46,Natixis,France,TUKDD90GPC79G1KOE162,Hamburg Commercial Bank AG,Germany,0.4546,0.0196,0.0781,0.2512,40,Luxembourg|United States|United Kingdom,ja
2025-12-31,9695005MSX1OYEMGDF46,Natixis,France,VDYMYTQGZZ6DU0912C88,Bayerische Landesbank,Germany,0.3522,0.0016,0.0041,0.3918,102,Luxembourg|United Kingdom|Netherlands,ja
2025-12-31,969500F7JLTX36OUI695,RCI Banque,France,969500TJ5KRTCJQWXH05,CRÉDIT AGRICOLE AUTO BANK S.P.A.,Italy,0.5618,0.0019,0.0020,0.9508,17,Germany|United Kingdom|Spain,ja
2025-12-31,969500F7JLTX36OUI695,RCI Banque,France,9DJT3UXIJIZJI4WXO774,Bank of America Europe Designated Activity Company,Ireland,0.4168,0.0064,0.0753,0.0853,20,United Kingdom|Germany|Italy,ja
2025-12-31,969500F7JLTX36OUI695,RCI Banque,France,A5GWLFH3KM7YV2SFQL84,Belfius Bank,Belgium,0.3443,0.0061,0.0128,0.4754,19,United Kingdom|Germany|Spain,ja
2025-12-31,969500F7JLTX36OUI695,RCI Banque,France,AT0000000000043000VB,VOLKSBANK WIEN AG VB,Austria,0.3465,0.0000,0.0047,0.0105,24,Germany|United Kingdom|Netherlands,ja
2025-12-31,969500F7JLTX36OUI695,RCI Banque,France,B64D6Y3LBJS4ANNPCU93,NIBC Bank N.V.,Netherlands,0.5223,0.0000,0.0170,0.0000,9,Germany|United Kingdom|Spain,ja
2025-12-31,969500F7JLTX36OUI695,RCI Banque,France,BFXS5XCH7N0Y05NIXW11,ABN AMRO Bank N.V.,Netherlands,0.3993,0.0004,0.0868,0.0051,19,Germany|United Kingdom|Spain,ja
2025-12-31,969500F7JLTX36OUI695,RCI Banque,France,DSNHHQ2B9X5N6OUJ1236,Norddeutsche Landesbank - Girozentrale -,Germany,0.3353,0.0012,0.0596,0.0201,22,United Kingdom|Italy|Spain,ja
2025-12-31,969500F7JLTX36OUI695,RCI Banque,France,J4CP7MHCXR8DAQMKIL78,MEDIOBANCA - BANCA DI CREDITO FINANZIARIO S.P.A.,Italy,0.4457,0.0011,0.0569,0.0191,19,United Kingdom|Spain|Germany,ja
2025-12-31,969500F7JLTX36OUI695,RCI Banque,France,MLU0ZO3ML4LN2LL2TL39,HSBC Continental Europe,France,0.5168,0.0092,0.1146,0.0800,26,Germany|United Kingdom|Spain,nein
2025-12-31,969500F7JLTX36OUI695,RCI Banque,France,N747OI7JINV7RUUH6190,BPER Banca S.p.A.,Italy,0.3810,0.0012,0.0209,0.0578,15,Germany|United Kingdom|Spain,ja
2025-12-31,969500F7JLTX36OUI695,RCI Banque,France,NNVPP80YIZGEY2314M97,ICCREA BANCA S.P.A. - ISTITUTO CENTRALE DEL CREDITO COOPERATIVO (IN FORMA ABBREVIATA: ICCREA BANCA S.P.A.),Italy,0.3996,0.0000,0.0074,0.0000,13,Germany|Spain|Poland,ja
2025-12-31,969500F7JLTX36OUI695,RCI Banque,France,O2RNE8IBXP4R0TD8PU41,Société générale S.A.,France,0.3906,0.0121,0.0264,0.4589,26,Germany|United Kingdom|Spain,nein
2025-12-31,969500F7JLTX36OUI695,RCI Banque,France,P4GTT6GF1W40CVIMFR43,Powszechna Kasa Oszczednosci Bank Polski S.A.,Poland,0.3294,0.0192,0.1146,0.1673,25,Germany|United Kingdom|Switzerland,ja
2025-12-31,969500F7JLTX36OUI695,RCI Banque,France,QLPCKOOKVX32FUELX240,Bank Polska Kasa Opieki S.A.,Poland,0.3729,0.0071,0.0714,0.0988,25,United Kingdom|Germany|Spain,ja
2025-12-31,969500F7JLTX36OUI695,RCI Banque,France,R0MUWSFPU8MPRO8K5P83,BNP Paribas,France,0.3988,0.0054,0.0108,0.4991,26,United Kingdom|Germany|Spain,nein
2025-12-31,969500F7JLTX36OUI695,RCI Banque,France,RRUN0TCQ1K2JDV7MXO75,Oberbank AG,Austria,0.3063,0.0003,0.0018,0.1485,21,Germany|Netherlands|Switzerland,ja
2025-12-31,969500F7JLTX36OUI695,RCI Banque,France,WFLLPEPC7FZXENRZV188,THE BANK OF NEW YORK MELLON,Belgium,0.4116,0.0105,0.0805,0.1299,18,Germany|United Kingdom|Spain,ja
2025-12-31,969500Q2PFTTP0Y5QL44,SFIL S.A.,France,F3JS33DEI6XQ4ZBPTN86,Skandinaviska Enskilda Banken - gruppen,Sweden,0.3260,0.0000,0.0000,,9,Finland|Norway|Germany,ja
2025-12-31,969500Q2PFTTP0Y5QL44,SFIL S.A.,France,MAES062Z21O4RZ2U7M96,Danske Bank A/S,Denmark,0.4442,0.0000,0.0000,,7,Finland|Norway|Sweden,ja
2025-12-31,969500STN7T9MRUMJ267,Bpifrance,France,DSNHHQ2B9X5N6OUJ1236,Norddeutsche Landesbank - Girozentrale -,Germany,0.3146,0.0053,0.0317,0.1673,26,Netherlands|Luxembourg|Ireland,ja
2025-12-31,969500STN7T9MRUMJ267,Bpifrance,France,NNVPP80YIZGEY2314M97,ICCREA BANCA S.P.A. - ISTITUTO CENTRALE DEL CREDITO COOPERATIVO (IN FORMA ABBREVIATA: ICCREA BANCA S.P.A.),Italy,0.3027,0.0000,0.0074,0.0000,10,Netherlands|Luxembourg|Germany,ja
2025-12-31,969500STN7T9MRUMJ267,Bpifrance,France,VDYMYTQGZZ6DU0912C88,Bayerische Landesbank,Germany,0.3021,0.0001,0.0041,0.0253,42,Netherlands|Luxembourg|Ireland,ja
2025-12-31,969500STN7T9MRUMJ267,Bpifrance,France,WFLLPEPC7FZXENRZV188,THE BANK OF NEW YORK MELLON,Belgium,0.3242,0.0014,0.0317,0.0434,27,Netherlands|Luxembourg|Ireland,ja
2025-12-31,969500TJ5KRTCJQWXH05,CRÉDIT AGRICOLE AUTO BANK S.P.A.,Italy,9DJT3UXIJIZJI4WXO774,Bank of America Europe Designated Activity Company,Ireland,0.6283,0.0000,0.0020,0.0000,20,United Kingdom|France|Germany,ja
2025-12-31,969500TJ5KRTCJQWXH05,CRÉDIT AGRICOLE AUTO BANK S.P.A.,Italy,A5GWLFH3KM7YV2SFQL84,Belfius Bank,Belgium,0.5912,0.0000,0.0020,0.0000,22,United Kingdom|France|Germany,ja
2025-12-31,969500TJ5KRTCJQWXH05,CRÉDIT AGRICOLE AUTO BANK S.P.A.,Italy,AT0000000000043000VB,VOLKSBANK WIEN AG VB,Austria,0.5471,0.0000,0.0020,0.0000,22,Germany|France|Finland,ja
2025-12-31,969500TJ5KRTCJQWXH05,CRÉDIT AGRICOLE AUTO BANK S.P.A.,Italy,B64D6Y3LBJS4ANNPCU93,NIBC Bank N.V.,Netherlands,0.6637,0.0000,0.0020,0.0000,12,United Kingdom|Germany|France,ja
2025-12-31,969500TJ5KRTCJQWXH05,CRÉDIT AGRICOLE AUTO BANK S.P.A.,Italy,BFXS5XCH7N0Y05NIXW11,ABN AMRO Bank N.V.,Netherlands,0.6713,0.0000,0.0020,0.0000,20,United Kingdom|France|Germany,ja
2025-12-31,969500TJ5KRTCJQWXH05,CRÉDIT AGRICOLE AUTO BANK S.P.A.,Italy,DIZES5CFO5K3I5R58746,Landesbank Hessen-Thüringen Girozentrale,Germany,0.4982,0.0000,0.0020,0.0009,24,France|United Kingdom|Netherlands,ja
2025-12-31,969500TJ5KRTCJQWXH05,CRÉDIT AGRICOLE AUTO BANK S.P.A.,Italy,DSNHHQ2B9X5N6OUJ1236,Norddeutsche Landesbank - Girozentrale -,Germany,0.4778,0.0000,0.0020,0.0000,21,United Kingdom|France|Spain,ja
2025-12-31,969500TJ5KRTCJQWXH05,CRÉDIT AGRICOLE AUTO BANK S.P.A.,Italy,DZZ47B9A52ZJ6LT6VV95,Deutsche Pfandbriefbank AG,Germany,0.5251,0.0000,0.0020,0.0000,16,France|United Kingdom|Spain,ja
2025-12-31,969500TJ5KRTCJQWXH05,CRÉDIT AGRICOLE AUTO BANK S.P.A.,Italy,I7ETN0QQO2AHZZGHJ389,KOMMUNALBANKEN AS,Norway,0.4662,0.0000,0.0000,,6,Germany|France|Finland,ja
2025-12-31,969500TJ5KRTCJQWXH05,CRÉDIT AGRICOLE AUTO BANK S.P.A.,Italy,J4CP7MHCXR8DAQMKIL78,MEDIOBANCA - BANCA DI CREDITO FINANZIARIO S.P.A.,Italy,0.5896,0.0000,0.0020,0.0000,23,United Kingdom|France|Spain,nein
2025-12-31,969500TJ5KRTCJQWXH05,CRÉDIT AGRICOLE AUTO BANK S.P.A.,Italy,MLU0ZO3ML4LN2LL2TL39,HSBC Continental Europe,France,0.5038,0.0000,0.0020,0.0210,23,Germany|United Kingdom|Spain,ja
2025-12-31,969500TJ5KRTCJQWXH05,CRÉDIT AGRICOLE AUTO BANK S.P.A.,Italy,N747OI7JINV7RUUH6190,BPER Banca S.p.A.,Italy,0.6079,0.0000,0.0020,0.0000,18,France|Germany|United Kingdom,nein
2025-12-31,969500TJ5KRTCJQWXH05,CRÉDIT AGRICOLE AUTO BANK S.P.A.,Italy,NHBDILHZTYCNBV5UYZ31,Svenska Handelsbanken - gruppen,Sweden,0.3057,0.0000,0.0020,0.0000,23,United Kingdom|Finland|Netherlands,ja
2025-12-31,969500TJ5KRTCJQWXH05,CRÉDIT AGRICOLE AUTO BANK S.P.A.,Italy,NNVPP80YIZGEY2314M97,ICCREA BANCA S.P.A. - ISTITUTO CENTRALE DEL CREDITO COOPERATIVO (IN FORMA ABBREVIATA: ICCREA BANCA S.P.A.),Italy,0.5669,0.0000,0.0020,0.0000,17,Germany|France|Spain,nein
2025-12-31,969500TJ5KRTCJQWXH05,CRÉDIT AGRICOLE AUTO BANK S.P.A.,Italy,O2RNE8IBXP4R0TD8PU41,Société générale S.A.,France,0.4632,0.0000,0.0020,0.0002,23,Germany|United Kingdom|Spain,ja
2025-12-31,969500TJ5KRTCJQWXH05,CRÉDIT AGRICOLE AUTO BANK S.P.A.,Italy,P4GTT6GF1W40CVIMFR43,Powszechna Kasa Oszczednosci Bank Polski S.A.,Poland,0.4324,0.0000,0.0020,0.0001,23,Germany|France|Czechia,ja
2025-12-31,969500TJ5KRTCJQWXH05,CRÉDIT AGRICOLE AUTO BANK S.P.A.,Italy,QLPCKOOKVX32FUELX240,Bank Polska Kasa Opieki S.A.,Poland,0.4081,0.0000,0.0020,0.0011,23,United Kingdom|Germany|Spain,ja
2025-12-31,969500TJ5KRTCJQWXH05,CRÉDIT AGRICOLE AUTO BANK S.P.A.,Italy,R0MUWSFPU8MPRO8K5P83,BNP Paribas,France,0.4082,0.0000,0.0020,0.0002,24,United Kingdom|Germany|Spain,ja
2025-12-31,969500TJ5KRTCJQWXH05,CRÉDIT AGRICOLE AUTO BANK S.P.A.,Italy,R7CQUF1DQM73HUTV1078,"Banque et Caisse d´Epargne de l´Etat, Luxembourg",Luxembourg,0.5452,0.0000,0.0020,0.0000,17,France|Germany|United Kingdom,ja
2025-12-31,969500TJ5KRTCJQWXH05,CRÉDIT AGRICOLE AUTO BANK S.P.A.,Italy,SI5RG2M0WQQLZCXKRM20,"Banco de Sabadell, S.A.",Spain,0.3074,0.0000,0.0005,0.0000,17,United Kingdom|France|Netherlands,ja
2025-12-31,969500TJ5KRTCJQWXH05,CRÉDIT AGRICOLE AUTO BANK S.P.A.,Italy,TUKDD90GPC79G1KOE162,Hamburg Commercial Bank AG,Germany,0.3652,0.0000,0.0020,0.0000,18,United Kingdom|France|Netherlands,ja
2025-12-31,969500TJ5KRTCJQWXH05,CRÉDIT AGRICOLE AUTO BANK S.P.A.,Italy,VDYMYTQGZZ6DU0912C88,Bayerische Landesbank,Germany,0.5116,0.0000,0.0020,0.0014,23,France|United Kingdom|Netherlands,ja
2025-12-31,969500TJ5KRTCJQWXH05,CRÉDIT AGRICOLE AUTO BANK S.P.A.,Italy,WFLLPEPC7FZXENRZV188,THE BANK OF NEW YORK MELLON,Belgium,0.4738,0.0019,0.0020,0.9508,17,Germany|United Kingdom|Spain,ja
2025-12-31,9DJT3UXIJIZJI4WXO774,Bank of America Europe Designated Activity Company,Ireland,A5GWLFH3KM7YV2SFQL84,Belfius Bank,Belgium,0.7095,0.0030,0.0128,0.2352,30,United Kingdom|France|Luxembourg,ja
2025-12-31,9DJT3UXIJIZJI4WXO774,Bank of America Europe Designated Activity Company,Ireland,AT0000000000043000VB,VOLKSBANK WIEN AG VB,Austria,0.4467,0.0008,0.0047,0.1775,53,France|Germany|Netherlands,ja
2025-12-31,9DJT3UXIJIZJI4WXO774,Bank of America Europe Designated Activity Company,Ireland,B64D6Y3LBJS4ANNPCU93,NIBC Bank N.V.,Netherlands,0.5576,0.0000,0.0170,0.0000,13,United Kingdom|Germany|France,ja
2025-12-31,9DJT3UXIJIZJI4WXO774,Bank of America Europe Designated Activity Company,Ireland,BFXS5XCH7N0Y05NIXW11,ABN AMRO Bank N.V.,Netherlands,0.6586,0.0163,0.0753,0.2165,36,United Kingdom|France|Germany,ja
2025-12-31,9DJT3UXIJIZJI4WXO774,Bank of America Europe Designated Activity Company,Ireland,DG3RU1DBUFHT4ZF9WN62,Coöperatieve Rabobank U.A.,Netherlands,0.3526,0.0146,0.0753,0.1938,61,United Kingdom|Germany|France,ja
2025-12-31,9DJT3UXIJIZJI4WXO774,Bank of America Europe Designated Activity Company,Ireland,DIZES5CFO5K3I5R58746,Landesbank Hessen-Thüringen Girozentrale,Germany,0.5751,0.0101,0.0460,0.2203,61,France|United Kingdom|Luxembourg,ja
2025-12-31,9DJT3UXIJIZJI4WXO774,Bank of America Europe Designated Activity Company,Ireland,DSNHHQ2B9X5N6OUJ1236,Norddeutsche Landesbank - Girozentrale -,Germany,0.6599,0.0186,0.0596,0.3128,47,United Kingdom|France|Luxembourg,ja
2025-12-31,9DJT3UXIJIZJI4WXO774,Bank of America Europe Designated Activity Company,Ireland,DZZ47B9A52ZJ6LT6VV95,Deutsche Pfandbriefbank AG,Germany,0.4844,0.0029,0.0064,0.4586,23,France|United Kingdom|Netherlands,ja
2025-12-31,9DJT3UXIJIZJI4WXO774,Bank of America Europe Designated Activity Company,Ireland,FR9695005MSX1OYEMGDF,Groupe BPCE,France,0.3767,0.0001,0.0129,0.0079,21,Luxembourg|United Kingdom|Germany,ja
2025-12-31,9DJT3UXIJIZJI4WXO774,Bank of America Europe Designated Activity Company,Ireland,I7ETN0QQO2AHZZGHJ389,KOMMUNALBANKEN AS,Norway,0.3495,0.0000,0.0000,,6,France|Germany|Netherlands,ja
2025-12-31,9DJT3UXIJIZJI4WXO774,Bank of America Europe Designated Activity Company,Ireland,J4CP7MHCXR8DAQMKIL78,MEDIOBANCA - BANCA DI CREDITO FINANZIARIO S.P.A.,Italy,0.6964,0.0025,0.0569,0.0438,36,United Kingdom|France|Luxembourg,ja
2025-12-31,9DJT3UXIJIZJI4WXO774,Bank of America Europe Designated Activity Company,Ireland,MLU0ZO3ML4LN2LL2TL39,HSBC Continental Europe,France,0.6052,0.0178,0.0753,0.2369,60,Luxembourg|Germany|United Kingdom,ja
2025-12-31,9DJT3UXIJIZJI4WXO774,Bank of America Europe Designated Activity Company,Ireland,N747OI7JINV7RUUH6190,BPER Banca S.p.A.,Italy,0.6451,0.0062,0.0209,0.2983,26,France|Luxembourg|Germany,ja
2025-12-31,9DJT3UXIJIZJI4WXO774,Bank of America Europe Designated Activity Company,Ireland,NHBDILHZTYCNBV5UYZ31,Svenska Handelsbanken - gruppen,Sweden,0.3273,0.0039,0.0054,0.7115,60,United Kingdom|Netherlands|United States,ja
2025-12-31,9DJT3UXIJIZJI4WXO774,Bank of America Europe Designated Activity Company,Ireland,NNVPP80YIZGEY2314M97,ICCREA BANCA S.P.A. - ISTITUTO CENTRALE DEL CREDITO COOPERATIVO (IN FORMA ABBREVIATA: ICCREA BANCA S.P.A.),Italy,0.4452,0.0000,0.0074,0.0001,18,France|Germany|Netherlands,ja
2025-12-31,9DJT3UXIJIZJI4WXO774,Bank of America Europe Designated Activity Company,Ireland,O2RNE8IBXP4R0TD8PU41,Société générale S.A.,France,0.4675,0.0001,0.0264,0.0046,52,United Kingdom|Germany|Luxembourg,ja
2025-12-31,9DJT3UXIJIZJI4WXO774,Bank of America Europe Designated Activity Company,Ireland,P4GTT6GF1W40CVIMFR43,Powszechna Kasa Oszczednosci Bank Polski S.A.,Poland,0.4067,0.0039,0.0753,0.0520,56,Germany|Netherlands|France,ja
2025-12-31,9DJT3UXIJIZJI4WXO774,Bank of America Europe Designated Activity Company,Ireland,QLPCKOOKVX32FUELX240,Bank Polska Kasa Opieki S.A.,Poland,0.5401,0.0042,0.0714,0.0593,52,United Kingdom|Luxembourg|Germany,ja
2025-12-31,9DJT3UXIJIZJI4WXO774,Bank of America Europe Designated Activity Company,Ireland,R0MUWSFPU8MPRO8K5P83,BNP Paribas,France,0.4648,0.0013,0.0108,0.1163,59,United Kingdom|Germany|Luxembourg,ja
2025-12-31,9DJT3UXIJIZJI4WXO774,Bank of America Europe Designated Activity Company,Ireland,R7CQUF1DQM73HUTV1078,"Banque et Caisse d´Epargne de l´Etat, Luxembourg",Luxembourg,0.4799,0.0000,0.0047,0.0000,20,France|Germany|Netherlands,ja
2025-12-31,9DJT3UXIJIZJI4WXO774,Bank of America Europe Designated Activity Company,Ireland,TUKDD90GPC79G1KOE162,Hamburg Commercial Bank AG,Germany,0.5839,0.0281,0.0753,0.3732,35,Luxembourg|United Kingdom|Netherlands,ja
2025-12-31,9DJT3UXIJIZJI4WXO774,Bank of America Europe Designated Activity Company,Ireland,VDYMYTQGZZ6DU0912C88,Bayerische Landesbank,Germany,0.6433,0.0007,0.0041,0.1828,61,United Kingdom|France|Luxembourg,ja
2025-12-31,9DJT3UXIJIZJI4WXO774,Bank of America Europe Designated Activity Company,Ireland,WFLLPEPC7FZXENRZV188,THE BANK OF NEW YORK MELLON,Belgium,0.4735,0.0017,0.0753,0.0231,39,Germany|United Kingdom|Netherlands,ja
2025-12-31,9ZHRYM6F437SQJ6OUG95,Raiffeisen Bank International AG,Austria,KFUXYFTU2LHQFQZDQG45,Kereskedelmi és Hitelbank csoport,Hungary,0.5020,0.0000,0.0730,0.0004,28,Slovakia|Czechia|Romania,ja
2025-12-31,9ZHRYM6F437SQJ6OUG95,Raiffeisen Bank International AG,Austria,O2RNE8IBXP4R0TD8PU41,Société générale S.A.,France,0.4166,0.0001,0.0264,0.0030,132,Czechia|Romania|Germany,ja
2025-12-31,9ZHRYM6F437SQJ6OUG95,Raiffeisen Bank International AG,Austria,P4GTT6GF1W40CVIMFR43,Powszechna Kasa Oszczednosci Bank Polski S.A.,Poland,0.3382,0.0212,0.1504,0.1412,152,Czechia|Germany|Romania,ja
2025-12-31,9ZHRYM6F437SQJ6OUG95,Raiffeisen Bank International AG,Austria,PQOH26KWDF7CG10L6792,"Česká spořitelna, a.s.",Czech,0.3620,0.0109,0.0286,0.3820,173,Czechia|Croatia|Hungary,ja
2025-12-31,9ZHRYM6F437SQJ6OUG95,Raiffeisen Bank International AG,Austria,RRUN0TCQ1K2JDV7MXO75,Oberbank AG,Austria,0.4067,0.0009,0.0018,0.5188,60,Czechia|Slovakia|Hungary,nein
2025-12-31,A5GWLFH3KM7YV2SFQL84,Belfius Bank,Belgium,AT0000000000043000VB,VOLKSBANK WIEN AG VB,Austria,0.4930,0.0000,0.0047,0.0023,33,France|Netherlands|Germany,ja
2025-12-31,A5GWLFH3KM7YV2SFQL84,Belfius Bank,Belgium,B64D6Y3LBJS4ANNPCU93,NIBC Bank N.V.,Netherlands,0.5264,0.0000,0.0128,0.0032,14,United Kingdom|France|Luxembourg,ja
2025-12-31,A5GWLFH3KM7YV2SFQL84,Belfius Bank,Belgium,BFXS5XCH7N0Y05NIXW11,ABN AMRO Bank N.V.,Netherlands,0.6557,0.0003,0.0128,0.0271,32,United Kingdom|France|Luxembourg,ja
2025-12-31,A5GWLFH3KM7YV2SFQL84,Belfius Bank,Belgium,DG3RU1DBUFHT4ZF9WN62,Coöperatieve Rabobank U.A.,Netherlands,0.4090,0.0087,0.0128,0.6809,37,United Kingdom|United States|France,ja
2025-12-31,A5GWLFH3KM7YV2SFQL84,Belfius Bank,Belgium,DIZES5CFO5K3I5R58746,Landesbank Hessen-Thüringen Girozentrale,Germany,0.5843,0.0080,0.0128,0.6241,37,France|United Kingdom|Luxembourg,ja
2025-12-31,A5GWLFH3KM7YV2SFQL84,Belfius Bank,Belgium,DSNHHQ2B9X5N6OUJ1236,Norddeutsche Landesbank - Girozentrale -,Germany,0.7001,0.0002,0.0128,0.0162,32,United Kingdom|France|Netherlands,ja
2025-12-31,A5GWLFH3KM7YV2SFQL84,Belfius Bank,Belgium,DZZ47B9A52ZJ6LT6VV95,Deutsche Pfandbriefbank AG,Germany,0.5688,0.0000,0.0064,0.0000,18,France|United Kingdom|Netherlands,ja
2025-12-31,A5GWLFH3KM7YV2SFQL84,Belfius Bank,Belgium,FR9695005MSX1OYEMGDF,Groupe BPCE,France,0.3132,0.0029,0.0128,0.2232,28,Luxembourg|United Kingdom|Germany,ja
2025-12-31,A5GWLFH3KM7YV2SFQL84,Belfius Bank,Belgium,I7ETN0QQO2AHZZGHJ389,KOMMUNALBANKEN AS,Norway,0.3245,0.0000,0.0000,,6,France|Netherlands|Germany,ja
2025-12-31,A5GWLFH3KM7YV2SFQL84,Belfius Bank,Belgium,J4CP7MHCXR8DAQMKIL78,MEDIOBANCA - BANCA DI CREDITO FINANZIARIO S.P.A.,Italy,0.6783,0.0012,0.0128,0.0946,36,United Kingdom|France|Luxembourg,ja
2025-12-31,A5GWLFH3KM7YV2SFQL84,Belfius Bank,Belgium,MLU0ZO3ML4LN2LL2TL39,HSBC Continental Europe,France,0.5022,0.0020,0.0128,0.1537,37,Netherlands|United Kingdom|Luxembourg,ja
2025-12-31,A5GWLFH3KM7YV2SFQL84,Belfius Bank,Belgium,N747OI7JINV7RUUH6190,BPER Banca S.p.A.,Italy,0.6151,0.0018,0.0128,0.1433,29,France|Netherlands|Luxembourg,ja
2025-12-31,A5GWLFH3KM7YV2SFQL84,Belfius Bank,Belgium,NHBDILHZTYCNBV5UYZ31,Svenska Handelsbanken - gruppen,Sweden,0.4109,0.0001,0.0054,0.0200,36,United Kingdom|Netherlands|Norway,ja
2025-12-31,A5GWLFH3KM7YV2SFQL84,Belfius Bank,Belgium,NNVPP80YIZGEY2314M97,ICCREA BANCA S.P.A. - ISTITUTO CENTRALE DEL CREDITO COOPERATIVO (IN FORMA ABBREVIATA: ICCREA BANCA S.P.A.),Italy,0.4908,0.0000,0.0074,0.0056,23,France|Netherlands|Germany,ja
2025-12-31,A5GWLFH3KM7YV2SFQL84,Belfius Bank,Belgium,O2RNE8IBXP4R0TD8PU41,Société générale S.A.,France,0.4434,0.0029,0.0128,0.2228,37,United Kingdom|Luxembourg|Netherlands,ja
2025-12-31,A5GWLFH3KM7YV2SFQL84,Belfius Bank,Belgium,P4GTT6GF1W40CVIMFR43,Powszechna Kasa Oszczednosci Bank Polski S.A.,Poland,0.3804,0.0027,0.0128,0.2137,37,Netherlands|France|Luxembourg,ja
2025-12-31,A5GWLFH3KM7YV2SFQL84,Belfius Bank,Belgium,QLPCKOOKVX32FUELX240,Bank Polska Kasa Opieki S.A.,Poland,0.4810,0.0001,0.0128,0.0106,37,United Kingdom|Luxembourg|Netherlands,ja
2025-12-31,A5GWLFH3KM7YV2SFQL84,Belfius Bank,Belgium,R0MUWSFPU8MPRO8K5P83,BNP Paribas,France,0.4152,0.0029,0.0108,0.2680,37,United Kingdom|Luxembourg|Netherlands,ja
2025-12-31,A5GWLFH3KM7YV2SFQL84,Belfius Bank,Belgium,R7CQUF1DQM73HUTV1078,"Banque et Caisse d´Epargne de l´Etat, Luxembourg",Luxembourg,0.5120,0.0000,0.0047,0.0055,26,France|Netherlands|United Kingdom,ja
2025-12-31,A5GWLFH3KM7YV2SFQL84,Belfius Bank,Belgium,SI5RG2M0WQQLZCXKRM20,"Banco de Sabadell, S.A.",Spain,0.3279,0.0001,0.0005,0.1193,26,United Kingdom|France|Netherlands,ja
2025-12-31,A5GWLFH3KM7YV2SFQL84,Belfius Bank,Belgium,TUKDD90GPC79G1KOE162,Hamburg Commercial Bank AG,Germany,0.5399,0.0001,0.0128,0.0094,25,United Kingdom|Netherlands|Luxembourg,ja
2025-12-31,A5GWLFH3KM7YV2SFQL84,Belfius Bank,Belgium,VDYMYTQGZZ6DU0912C88,Bayerische Landesbank,Germany,0.6659,0.0001,0.0041,0.0283,37,France|United Kingdom|Netherlands,ja
2025-12-31,A5GWLFH3KM7YV2SFQL84,Belfius Bank,Belgium,WFLLPEPC7FZXENRZV188,THE BANK OF NEW YORK MELLON,Belgium,0.4650,0.0028,0.0128,0.2219,25,Netherlands|United Kingdom|Germany,nein
2025-12-31,AT0000000000043000VB,VOLKSBANK WIEN AG VB,Austria,B64D6Y3LBJS4ANNPCU93,NIBC Bank N.V.,Netherlands,0.4936,0.0000,0.0047,0.0000,13,Germany|France|Finland,ja
2025-12-31,AT0000000000043000VB,VOLKSBANK WIEN AG VB,Austria,BFXS5XCH7N0Y05NIXW11,ABN AMRO Bank N.V.,Netherlands,0.4869,0.0002,0.0047,0.0404,38,France|Germany|Norway,ja
2025-12-31,AT0000000000043000VB,VOLKSBANK WIEN AG VB,Austria,DIZES5CFO5K3I5R58746,Landesbank Hessen-Thüringen Girozentrale,Germany,0.3386,0.0007,0.0047,0.1476,76,France|Netherlands|United Kingdom,ja
2025-12-31,AT0000000000043000VB,VOLKSBANK WIEN AG VB,Austria,DSNHHQ2B9X5N6OUJ1236,Norddeutsche Landesbank - Girozentrale -,Germany,0.3300,0.0006,0.0047,0.1257,56,France|Netherlands|United Kingdom,ja
2025-12-31,AT0000000000043000VB,VOLKSBANK WIEN AG VB,Austria,DZZ47B9A52ZJ6LT6VV95,Deutsche Pfandbriefbank AG,Germany,0.4236,0.0004,0.0047,0.0759,23,France|Netherlands|Finland,ja
2025-12-31,AT0000000000043000VB,VOLKSBANK WIEN AG VB,Austria,I7ETN0QQO2AHZZGHJ389,KOMMUNALBANKEN AS,Norway,0.7289,0.0000,0.0000,,6,Germany|France|Netherlands,ja
2025-12-31,AT0000000000043000VB,VOLKSBANK WIEN AG VB,Austria,J4CP7MHCXR8DAQMKIL78,MEDIOBANCA - BANCA DI CREDITO FINANZIARIO S.P.A.,Italy,0.4107,0.0000,0.0047,0.0097,39,France|Netherlands|Germany,ja
2025-12-31,AT0000000000043000VB,VOLKSBANK WIEN AG VB,Austria,MLU0ZO3ML4LN2LL2TL39,HSBC Continental Europe,France,0.4022,0.0040,0.0047,0.8549,68,Germany|Netherlands|United Kingdom,ja
2025-12-31,AT0000000000043000VB,VOLKSBANK WIEN AG VB,Austria,N747OI7JINV7RUUH6190,BPER Banca S.p.A.,Italy,0.5700,0.0003,0.0047,0.0580,30,France|Germany|Netherlands,ja
2025-12-31,AT0000000000043000VB,VOLKSBANK WIEN AG VB,Austria,NNVPP80YIZGEY2314M97,ICCREA BANCA S.P.A. - ISTITUTO CENTRALE DEL CREDITO COOPERATIVO (IN FORMA ABBREVIATA: ICCREA BANCA S.P.A.),Italy,0.5846,0.0000,0.0047,0.0046,22,Germany|France|Netherlands,ja
2025-12-31,AT0000000000043000VB,VOLKSBANK WIEN AG VB,Austria,O2RNE8IBXP4R0TD8PU41,Société générale S.A.,France,0.3280,0.0000,0.0047,0.0037,67,Germany|Netherlands|Belgium,ja
2025-12-31,AT0000000000043000VB,VOLKSBANK WIEN AG VB,Austria,P4GTT6GF1W40CVIMFR43,Powszechna Kasa Oszczednosci Bank Polski S.A.,Poland,0.4111,0.0001,0.0047,0.0227,74,Germany|Netherlands|France,ja
2025-12-31,AT0000000000043000VB,VOLKSBANK WIEN AG VB,Austria,R7CQUF1DQM73HUTV1078,"Banque et Caisse d´Epargne de l´Etat, Luxembourg",Luxembourg,0.6025,0.0000,0.0047,0.0001,24,France|Germany|Netherlands,ja
2025-12-31,AT0000000000043000VB,VOLKSBANK WIEN AG VB,Austria,RRUN0TCQ1K2JDV7MXO75,Oberbank AG,Austria,0.5147,0.0005,0.0018,0.2605,50,Germany|Slovakia|Netherlands,nein
2025-12-31,AT0000000000043000VB,VOLKSBANK WIEN AG VB,Austria,VDYMYTQGZZ6DU0912C88,Bayerische Landesbank,Germany,0.4005,0.0005,0.0041,0.1229,78,France|Netherlands|United Kingdom,ja
2025-12-31,AT0000000000043000VB,VOLKSBANK WIEN AG VB,Austria,WFLLPEPC7FZXENRZV188,THE BANK OF NEW YORK MELLON,Belgium,0.4125,0.0001,0.0047,0.0289,44,Germany|Netherlands|Norway,ja
2025-12-31,B64D6Y3LBJS4ANNPCU93,NIBC Bank N.V.,Netherlands,BFXS5XCH7N0Y05NIXW11,ABN AMRO Bank N.V.,Netherlands,0.6944,0.0000,0.0170,0.0002,14,United Kingdom|Germany|France,nein
2025-12-31,B64D6Y3LBJS4ANNPCU93,NIBC Bank N.V.,Netherlands,DG3RU1DBUFHT4ZF9WN62,Coöperatieve Rabobank U.A.,Netherlands,0.3052,0.0010,0.0170,0.0560,15,United Kingdom|Germany|France,nein
2025-12-31,B64D6Y3LBJS4ANNPCU93,NIBC Bank N.V.,Netherlands,DIZES5CFO5K3I5R58746,Landesbank Hessen-Thüringen Girozentrale,Germany,0.4298,0.0000,0.0170,0.0027,14,United Kingdom|France|Luxembourg,ja
2025-12-31,B64D6Y3LBJS4ANNPCU93,NIBC Bank N.V.,Netherlands,DSNHHQ2B9X5N6OUJ1236,Norddeutsche Landesbank - Girozentrale -,Germany,0.4522,0.0000,0.0170,0.0000,13,United Kingdom|France|Luxembourg,ja
2025-12-31,B64D6Y3LBJS4ANNPCU93,NIBC Bank N.V.,Netherlands,DZZ47B9A52ZJ6LT6VV95,Deutsche Pfandbriefbank AG,Germany,0.3747,0.0000,0.0064,0.0000,12,United Kingdom|France|Spain,ja
2025-12-31,B64D6Y3LBJS4ANNPCU93,NIBC Bank N.V.,Netherlands,I7ETN0QQO2AHZZGHJ389,KOMMUNALBANKEN AS,Norway,0.4107,0.0000,0.0000,,4,Germany|France|Sweden,ja
2025-12-31,B64D6Y3LBJS4ANNPCU93,NIBC Bank N.V.,Netherlands,J4CP7MHCXR8DAQMKIL78,MEDIOBANCA - BANCA DI CREDITO FINANZIARIO S.P.A.,Italy,0.5391,0.0000,0.0170,0.0005,14,United Kingdom|France|Germany,ja
2025-12-31,B64D6Y3LBJS4ANNPCU93,NIBC Bank N.V.,Netherlands,MLU0ZO3ML4LN2LL2TL39,HSBC Continental Europe,France,0.5137,0.0000,0.0170,0.0000,14,Germany|United Kingdom|Luxembourg,ja
2025-12-31,B64D6Y3LBJS4ANNPCU93,NIBC Bank N.V.,Netherlands,N747OI7JINV7RUUH6190,BPER Banca S.p.A.,Italy,0.5323,0.0002,0.0170,0.0120,10,Germany|France|United Kingdom,ja
2025-12-31,B64D6Y3LBJS4ANNPCU93,NIBC Bank N.V.,Netherlands,NHBDILHZTYCNBV5UYZ31,Svenska Handelsbanken - gruppen,Sweden,0.3524,0.0001,0.0054,0.0173,14,United Kingdom|Finland|Norway,ja
2025-12-31,B64D6Y3LBJS4ANNPCU93,NIBC Bank N.V.,Netherlands,NNVPP80YIZGEY2314M97,ICCREA BANCA S.P.A. - ISTITUTO CENTRALE DEL CREDITO COOPERATIVO (IN FORMA ABBREVIATA: ICCREA BANCA S.P.A.),Italy,0.4567,0.0072,0.0074,0.9637,9,Germany|France|Spain,ja
2025-12-31,B64D6Y3LBJS4ANNPCU93,NIBC Bank N.V.,Netherlands,O2RNE8IBXP4R0TD8PU41,Société générale S.A.,France,0.4584,0.0000,0.0170,0.0000,14,Germany|United Kingdom|Luxembourg,ja
2025-12-31,B64D6Y3LBJS4ANNPCU93,NIBC Bank N.V.,Netherlands,P4GTT6GF1W40CVIMFR43,Powszechna Kasa Oszczednosci Bank Polski S.A.,Poland,0.3851,0.0000,0.0170,0.0002,15,Germany|France|Luxembourg,ja
2025-12-31,B64D6Y3LBJS4ANNPCU93,NIBC Bank N.V.,Netherlands,QLPCKOOKVX32FUELX240,Bank Polska Kasa Opieki S.A.,Poland,0.3903,0.0000,0.0170,0.0013,15,United Kingdom|Germany|Luxembourg,ja
2025-12-31,B64D6Y3LBJS4ANNPCU93,NIBC Bank N.V.,Netherlands,R0MUWSFPU8MPRO8K5P83,BNP Paribas,France,0.4296,0.0000,0.0108,0.0033,14,United Kingdom|Germany|Luxembourg,ja
2025-12-31,B64D6Y3LBJS4ANNPCU93,NIBC Bank N.V.,Netherlands,R7CQUF1DQM73HUTV1078,"Banque et Caisse d´Epargne de l´Etat, Luxembourg",Luxembourg,0.4875,0.0000,0.0047,0.0055,9,Germany|France|Belgium,ja
2025-12-31,B64D6Y3LBJS4ANNPCU93,NIBC Bank N.V.,Netherlands,RRUN0TCQ1K2JDV7MXO75,Oberbank AG,Austria,0.3015,0.0000,0.0018,0.0000,13,Germany|France|Luxembourg,ja
2025-12-31,B64D6Y3LBJS4ANNPCU93,NIBC Bank N.V.,Netherlands,SI5RG2M0WQQLZCXKRM20,"Banco de Sabadell, S.A.",Spain,0.3934,0.0003,0.0005,0.4858,9,United Kingdom|France|Germany,ja
2025-12-31,B64D6Y3LBJS4ANNPCU93,NIBC Bank N.V.,Netherlands,TUKDD90GPC79G1KOE162,Hamburg Commercial Bank AG,Germany,0.4212,0.0000,0.0170,0.0000,13,United Kingdom|France|Luxembourg,ja
2025-12-31,B64D6Y3LBJS4ANNPCU93,NIBC Bank N.V.,Netherlands,VDYMYTQGZZ6DU0912C88,Bayerische Landesbank,Germany,0.4321,0.0000,0.0041,0.0017,14,United Kingdom|France|Luxembourg,ja
2025-12-31,B64D6Y3LBJS4ANNPCU93,NIBC Bank N.V.,Netherlands,WFLLPEPC7FZXENRZV188,THE BANK OF NEW YORK MELLON,Belgium,0.4643,0.0000,0.0170,0.0000,13,Germany|United Kingdom|Spain,ja
2025-12-31,BFXS5XCH7N0Y05NIXW11,ABN AMRO Bank N.V.,Netherlands,DG3RU1DBUFHT4ZF9WN62,Coöperatieve Rabobank U.A.,Netherlands,0.3628,0.0139,0.0868,0.1602,44,United Kingdom|United States|Germany,nein
2025-12-31,BFXS5XCH7N0Y05NIXW11,ABN AMRO Bank N.V.,Netherlands,DIZES5CFO5K3I5R58746,Landesbank Hessen-Thüringen Girozentrale,Germany,0.5148,0.0125,0.0460,0.2708,43,France|United Kingdom|Luxembourg,ja
2025-12-31,BFXS5XCH7N0Y05NIXW11,ABN AMRO Bank N.V.,Netherlands,DSNHHQ2B9X5N6OUJ1236,Norddeutsche Landesbank - Girozentrale -,Germany,0.5282,0.0062,0.0596,0.1034,38,United Kingdom|France|Luxembourg,ja
2025-12-31,BFXS5XCH7N0Y05NIXW11,ABN AMRO Bank N.V.,Netherlands,DZZ47B9A52ZJ6LT6VV95,Deutsche Pfandbriefbank AG,Germany,0.4401,0.0003,0.0064,0.0440,19,France|United Kingdom|United States,ja
2025-12-31,BFXS5XCH7N0Y05NIXW11,ABN AMRO Bank N.V.,Netherlands,FR9695005MSX1OYEMGDF,Groupe BPCE,France,0.3025,0.0015,0.0129,0.1147,27,Luxembourg|United Kingdom|Germany,ja
2025-12-31,BFXS5XCH7N0Y05NIXW11,ABN AMRO Bank N.V.,Netherlands,I7ETN0QQO2AHZZGHJ389,KOMMUNALBANKEN AS,Norway,0.3855,0.0000,0.0000,,4,France|Germany|Sweden,ja
2025-12-31,BFXS5XCH7N0Y05NIXW11,ABN AMRO Bank N.V.,Netherlands,J4CP7MHCXR8DAQMKIL78,MEDIOBANCA - BANCA DI CREDITO FINANZIARIO S.P.A.,Italy,0.6257,0.0016,0.0569,0.0273,35,United Kingdom|France|Luxembourg,ja
2025-12-31,BFXS5XCH7N0Y05NIXW11,ABN AMRO Bank N.V.,Netherlands,MLU0ZO3ML4LN2LL2TL39,HSBC Continental Europe,France,0.4963,0.0050,0.0868,0.0579,43,Germany|United Kingdom|Luxembourg,ja
2025-12-31,BFXS5XCH7N0Y05NIXW11,ABN AMRO Bank N.V.,Netherlands,N747OI7JINV7RUUH6190,BPER Banca S.p.A.,Italy,0.6066,0.0011,0.0209,0.0551,28,France|Germany|United Kingdom,ja
2025-12-31,BFXS5XCH7N0Y05NIXW11,ABN AMRO Bank N.V.,Netherlands,NNVPP80YIZGEY2314M97,ICCREA BANCA S.P.A. - ISTITUTO CENTRALE DEL CREDITO COOPERATIVO (IN FORMA ABBREVIATA: ICCREA BANCA S.P.A.),Italy,0.4689,0.0000,0.0074,0.0005,23,France|Germany|Luxembourg,ja
2025-12-31,BFXS5XCH7N0Y05NIXW11,ABN AMRO Bank N.V.,Netherlands,O2RNE8IBXP4R0TD8PU41,Société générale S.A.,France,0.4367,0.0015,0.0264,0.0560,39,Germany|United Kingdom|Luxembourg,ja
2025-12-31,BFXS5XCH7N0Y05NIXW11,ABN AMRO Bank N.V.,Netherlands,P4GTT6GF1W40CVIMFR43,Powszechna Kasa Oszczednosci Bank Polski S.A.,Poland,0.3699,0.0027,0.0868,0.0306,40,Germany|France|Luxembourg,ja
2025-12-31,BFXS5XCH7N0Y05NIXW11,ABN AMRO Bank N.V.,Netherlands,QLPCKOOKVX32FUELX240,Bank Polska Kasa Opieki S.A.,Poland,0.3887,0.0007,0.0714,0.0103,39,United Kingdom|Luxembourg|Germany,ja
2025-12-31,BFXS5XCH7N0Y05NIXW11,ABN AMRO Bank N.V.,Netherlands,R0MUWSFPU8MPRO8K5P83,BNP Paribas,France,0.4358,0.0015,0.0108,0.1389,40,United Kingdom|Germany|Luxembourg,ja
2025-12-31,BFXS5XCH7N0Y05NIXW11,ABN AMRO Bank N.V.,Netherlands,R7CQUF1DQM73HUTV1078,"Banque et Caisse d´Epargne de l´Etat, Luxembourg",Luxembourg,0.5661,0.0000,0.0047,0.0009,26,France|Germany|Belgium,ja
2025-12-31,BFXS5XCH7N0Y05NIXW11,ABN AMRO Bank N.V.,Netherlands,SI5RG2M0WQQLZCXKRM20,"Banco de Sabadell, S.A.",Spain,0.3137,0.0000,0.0005,0.0496,26,United Kingdom|France|Germany,ja
2025-12-31,BFXS5XCH7N0Y05NIXW11,ABN AMRO Bank N.V.,Netherlands,TUKDD90GPC79G1KOE162,Hamburg Commercial Bank AG,Germany,0.4940,0.0479,0.0868,0.5510,28,United Kingdom|Luxembourg|France,ja
2025-12-31,BFXS5XCH7N0Y05NIXW11,ABN AMRO Bank N.V.,Netherlands,VDYMYTQGZZ6DU0912C88,Bayerische Landesbank,Germany,0.5201,0.0003,0.0041,0.0769,42,France|United Kingdom|Luxembourg,ja
2025-12-31,BFXS5XCH7N0Y05NIXW11,ABN AMRO Bank N.V.,Netherlands,WFLLPEPC7FZXENRZV188,THE BANK OF NEW YORK MELLON,Belgium,0.4383,0.0024,0.0805,0.0293,28,Germany|United Kingdom|Luxembourg,ja
2025-12-31,DG3RU1DBUFHT4ZF9WN62,Coöperatieve Rabobank U.A.,Netherlands,DIZES5CFO5K3I5R58746,Landesbank Hessen-Thüringen Girozentrale,Germany,0.5652,0.0260,0.0460,0.5643,110,United States|United Kingdom|France,ja
2025-12-31,DG3RU1DBUFHT4ZF9WN62,Coöperatieve Rabobank U.A.,Netherlands,DSNHHQ2B9X5N6OUJ1236,Norddeutsche Landesbank - Girozentrale -,Germany,0.4530,0.0165,0.0596,0.2773,65,United States|United Kingdom|France,ja
2025-12-31,DG3RU1DBUFHT4ZF9WN62,Coöperatieve Rabobank U.A.,Netherlands,DZZ47B9A52ZJ6LT6VV95,Deutsche Pfandbriefbank AG,Germany,0.3104,0.0025,0.0064,0.3997,26,United States|United Kingdom|France,ja
2025-12-31,DG3RU1DBUFHT4ZF9WN62,Coöperatieve Rabobank U.A.,Netherlands,J4CP7MHCXR8DAQMKIL78,MEDIOBANCA - BANCA DI CREDITO FINANZIARIO S.P.A.,Italy,0.3371,0.0046,0.0569,0.0804,46,United Kingdom|Germany|United States,ja
2025-12-31,DG3RU1DBUFHT4ZF9WN62,Coöperatieve Rabobank U.A.,Netherlands,MLU0ZO3ML4LN2LL2TL39,HSBC Continental Europe,France,0.3534,0.0140,0.1276,0.1099,88,United Kingdom|United States|Germany,ja
2025-12-31,DG3RU1DBUFHT4ZF9WN62,Coöperatieve Rabobank U.A.,Netherlands,TUKDD90GPC79G1KOE162,Hamburg Commercial Bank AG,Germany,0.3738,0.0121,0.1541,0.0786,38,United States|United Kingdom|France,ja
2025-12-31,DG3RU1DBUFHT4ZF9WN62,Coöperatieve Rabobank U.A.,Netherlands,WFLLPEPC7FZXENRZV188,THE BANK OF NEW YORK MELLON,Belgium,0.3092,0.0105,0.0805,0.1305,58,United Kingdom|Germany|France,ja
2025-12-31,DIZES5CFO5K3I5R58746,Landesbank Hessen-Thüringen Girozentrale,Germany,DSNHHQ2B9X5N6OUJ1236,Norddeutsche Landesbank - Girozentrale -,Germany,0.7519,0.0096,0.0460,0.2082,66,United States|France|United Kingdom,nein
2025-12-31,DIZES5CFO5K3I5R58746,Landesbank Hessen-Thüringen Girozentrale,Germany,DZZ47B9A52ZJ6LT6VV95,Deutsche Pfandbriefbank AG,Germany,0.6244,0.0013,0.0064,0.2004,27,France|United Kingdom|United States,nein
2025-12-31,DIZES5CFO5K3I5R58746,Landesbank Hessen-Thüringen Girozentrale,Germany,J4CP7MHCXR8DAQMKIL78,MEDIOBANCA - BANCA DI CREDITO FINANZIARIO S.P.A.,Italy,0.5400,0.0039,0.0460,0.0840,46,France|United Kingdom|Luxembourg,ja
2025-12-31,DIZES5CFO5K3I5R58746,Landesbank Hessen-Thüringen Girozentrale,Germany,MLU0ZO3ML4LN2LL2TL39,HSBC Continental Europe,France,0.4552,0.0100,0.0460,0.2176,86,United Kingdom|Luxembourg|United States,ja
2025-12-31,DIZES5CFO5K3I5R58746,Landesbank Hessen-Thüringen Girozentrale,Germany,N747OI7JINV7RUUH6190,BPER Banca S.p.A.,Italy,0.4685,0.0035,0.0209,0.1691,36,France|United Kingdom|Luxembourg,ja
2025-12-31,DIZES5CFO5K3I5R58746,Landesbank Hessen-Thüringen Girozentrale,Germany,NNVPP80YIZGEY2314M97,ICCREA BANCA S.P.A. - ISTITUTO CENTRALE DEL CREDITO COOPERATIVO (IN FORMA ABBREVIATA: ICCREA BANCA S.P.A.),Italy,0.3266,0.0000,0.0074,0.0064,26,France|Netherlands|Luxembourg,ja
2025-12-31,DIZES5CFO5K3I5R58746,Landesbank Hessen-Thüringen Girozentrale,Germany,O2RNE8IBXP4R0TD8PU41,Société générale S.A.,France,0.3740,0.0044,0.0264,0.1662,102,United Kingdom|Luxembourg|Netherlands,ja
2025-12-31,DIZES5CFO5K3I5R58746,Landesbank Hessen-Thüringen Girozentrale,Germany,P4GTT6GF1W40CVIMFR43,Powszechna Kasa Oszczednosci Bank Polski S.A.,Poland,0.3238,0.0053,0.0460,0.1158,114,Netherlands|France|Luxembourg,ja
2025-12-31,DIZES5CFO5K3I5R58746,Landesbank Hessen-Thüringen Girozentrale,Germany,QLPCKOOKVX32FUELX240,Bank Polska Kasa Opieki S.A.,Poland,0.4466,0.0064,0.0460,0.1391,95,United Kingdom|Luxembourg|Netherlands,ja
2025-12-31,DIZES5CFO5K3I5R58746,Landesbank Hessen-Thüringen Girozentrale,Germany,R0MUWSFPU8MPRO8K5P83,BNP Paribas,France,0.4147,0.0048,0.0108,0.4480,107,United Kingdom|Luxembourg|Poland,ja
2025-12-31,DIZES5CFO5K3I5R58746,Landesbank Hessen-Thüringen Girozentrale,Germany,R7CQUF1DQM73HUTV1078,"Banque et Caisse d´Epargne de l´Etat, Luxembourg",Luxembourg,0.3512,0.0000,0.0047,0.0055,26,France|Netherlands|United Kingdom,ja
2025-12-31,DIZES5CFO5K3I5R58746,Landesbank Hessen-Thüringen Girozentrale,Germany,TUKDD90GPC79G1KOE162,Hamburg Commercial Bank AG,Germany,0.5822,0.0075,0.0460,0.1619,40,United Kingdom|United States|Luxembourg,nein
2025-12-31,DIZES5CFO5K3I5R58746,Landesbank Hessen-Thüringen Girozentrale,Germany,VDYMYTQGZZ6DU0912C88,Bayerische Landesbank,Germany,0.5524,0.0017,0.0041,0.4085,119,France|United Kingdom|Luxembourg,nein
2025-12-31,DIZES5CFO5K3I5R58746,Landesbank Hessen-Thüringen Girozentrale,Germany,WFLLPEPC7FZXENRZV188,THE BANK OF NEW YORK MELLON,Belgium,0.3635,0.0078,0.0460,0.1698,55,United Kingdom|Netherlands|Luxembourg,ja
2025-12-31,DSNHHQ2B9X5N6OUJ1236,Norddeutsche Landesbank - Girozentrale -,Germany,DZZ47B9A52ZJ6LT6VV95,Deutsche Pfandbriefbank AG,Germany,0.5959,0.0032,0.0064,0.4975,25,France|United Kingdom|United States,nein
2025-12-31,DSNHHQ2B9X5N6OUJ1236,Norddeutsche Landesbank - Girozentrale -,Germany,J4CP7MHCXR8DAQMKIL78,MEDIOBANCA - BANCA DI CREDITO FINANZIARIO S.P.A.,Italy,0.6377,0.0031,0.0569,0.0544,36,United Kingdom|France|Luxembourg,ja
2025-12-31,DSNHHQ2B9X5N6OUJ1236,Norddeutsche Landesbank - Girozentrale -,Germany,MLU0ZO3ML4LN2LL2TL39,HSBC Continental Europe,France,0.5475,0.0128,0.0596,0.2142,63,Netherlands|Luxembourg|United Kingdom,ja
2025-12-31,DSNHHQ2B9X5N6OUJ1236,Norddeutsche Landesbank - Girozentrale -,Germany,N747OI7JINV7RUUH6190,BPER Banca S.p.A.,Italy,0.5198,0.0002,0.0209,0.0100,25,France|Netherlands|Luxembourg,ja
2025-12-31,DSNHHQ2B9X5N6OUJ1236,Norddeutsche Landesbank - Girozentrale -,Germany,NHBDILHZTYCNBV5UYZ31,Svenska Handelsbanken - gruppen,Sweden,0.3378,0.0047,0.0054,0.8713,62,United Kingdom|Netherlands|United States,ja
2025-12-31,DSNHHQ2B9X5N6OUJ1236,Norddeutsche Landesbank - Girozentrale -,Germany,NNVPP80YIZGEY2314M97,ICCREA BANCA S.P.A. - ISTITUTO CENTRALE DEL CREDITO COOPERATIVO (IN FORMA ABBREVIATA: ICCREA BANCA S.P.A.),Italy,0.3941,0.0000,0.0074,0.0000,20,France|Netherlands|Spain,ja
2025-12-31,DSNHHQ2B9X5N6OUJ1236,Norddeutsche Landesbank - Girozentrale -,Germany,O2RNE8IBXP4R0TD8PU41,Société générale S.A.,France,0.4079,0.0002,0.0264,0.0081,58,United Kingdom|Luxembourg|Netherlands,ja
2025-12-31,DSNHHQ2B9X5N6OUJ1236,Norddeutsche Landesbank - Girozentrale -,Germany,P4GTT6GF1W40CVIMFR43,Powszechna Kasa Oszczednosci Bank Polski S.A.,Poland,0.3598,0.0027,0.0596,0.0460,62,Netherlands|France|Luxembourg,ja
2025-12-31,DSNHHQ2B9X5N6OUJ1236,Norddeutsche Landesbank - Girozentrale -,Germany,QLPCKOOKVX32FUELX240,Bank Polska Kasa Opieki S.A.,Poland,0.4945,0.0006,0.0596,0.0097,55,United Kingdom|Luxembourg|Netherlands,ja
2025-12-31,DSNHHQ2B9X5N6OUJ1236,Norddeutsche Landesbank - Girozentrale -,Germany,R0MUWSFPU8MPRO8K5P83,BNP Paribas,France,0.4208,0.0006,0.0108,0.0574,61,United Kingdom|Luxembourg|Netherlands,ja
2025-12-31,DSNHHQ2B9X5N6OUJ1236,Norddeutsche Landesbank - Girozentrale -,Germany,R7CQUF1DQM73HUTV1078,"Banque et Caisse d´Epargne de l´Etat, Luxembourg",Luxembourg,0.4081,0.0000,0.0047,0.0000,22,France|Netherlands|United Kingdom,ja
2025-12-31,DSNHHQ2B9X5N6OUJ1236,Norddeutsche Landesbank - Girozentrale -,Germany,TUKDD90GPC79G1KOE162,Hamburg Commercial Bank AG,Germany,0.6547,0.0280,0.0596,0.4703,37,United Kingdom|United States|Netherlands,nein
2025-12-31,DSNHHQ2B9X5N6OUJ1236,Norddeutsche Landesbank - Girozentrale -,Germany,VDYMYTQGZZ6DU0912C88,Bayerische Landesbank,Germany,0.6756,0.0034,0.0041,0.8384,68,United Kingdom|France|Netherlands,nein
2025-12-31,DSNHHQ2B9X5N6OUJ1236,Norddeutsche Landesbank - Girozentrale -,Germany,WFLLPEPC7FZXENRZV188,THE BANK OF NEW YORK MELLON,Belgium,0.4527,0.0019,0.0596,0.0313,39,Netherlands|United Kingdom|Ireland,ja
2025-12-31,DZZ47B9A52ZJ6LT6VV95,Deutsche Pfandbriefbank AG,Germany,GDI8P8WHFH4PS5YTU851,"HAITONG BANK, S.A.",Portugal,0.3194,0.0000,0.0064,0.0000,6,Poland|Spain|France,ja
2025-12-31,DZZ47B9A52ZJ6LT6VV95,Deutsche Pfandbriefbank AG,Germany,I7ETN0QQO2AHZZGHJ389,KOMMUNALBANKEN AS,Norway,0.3417,0.0000,0.0000,,5,France|Finland|Netherlands,ja
2025-12-31,DZZ47B9A52ZJ6LT6VV95,Deutsche Pfandbriefbank AG,Germany,J4CP7MHCXR8DAQMKIL78,MEDIOBANCA - BANCA DI CREDITO FINANZIARIO S.P.A.,Italy,0.5237,0.0001,0.0064,0.0220,19,France|United Kingdom|Netherlands,ja
2025-12-31,DZZ47B9A52ZJ6LT6VV95,Deutsche Pfandbriefbank AG,Germany,MLU0ZO3ML4LN2LL2TL39,HSBC Continental Europe,France,0.4018,0.0039,0.0064,0.6153,26,United Kingdom|Netherlands|United States,ja
2025-12-31,DZZ47B9A52ZJ6LT6VV95,Deutsche Pfandbriefbank AG,Germany,N747OI7JINV7RUUH6190,BPER Banca S.p.A.,Italy,0.5650,0.0000,0.0064,0.0000,14,France|Netherlands|United Kingdom,ja
2025-12-31,DZZ47B9A52ZJ6LT6VV95,Deutsche Pfandbriefbank AG,Germany,NNVPP80YIZGEY2314M97,ICCREA BANCA S.P.A. - ISTITUTO CENTRALE DEL CREDITO COOPERATIVO (IN FORMA ABBREVIATA: ICCREA BANCA S.P.A.),Italy,0.4955,0.0000,0.0064,0.0000,13,France|Netherlands|Spain,ja
2025-12-31,DZZ47B9A52ZJ6LT6VV95,Deutsche Pfandbriefbank AG,Germany,O2RNE8IBXP4R0TD8PU41,Société générale S.A.,France,0.3243,0.0000,0.0064,0.0000,21,United Kingdom|Netherlands|Spain,ja
2025-12-31,DZZ47B9A52ZJ6LT6VV95,Deutsche Pfandbriefbank AG,Germany,QLPCKOOKVX32FUELX240,Bank Polska Kasa Opieki S.A.,Poland,0.3742,0.0000,0.0064,0.0000,21,United Kingdom|Netherlands|Spain,ja
2025-12-31,DZZ47B9A52ZJ6LT6VV95,Deutsche Pfandbriefbank AG,Germany,R0MUWSFPU8MPRO8K5P83,BNP Paribas,France,0.3632,0.0000,0.0064,0.0010,24,United Kingdom|Poland|Spain,ja
2025-12-31,DZZ47B9A52ZJ6LT6VV95,Deutsche Pfandbriefbank AG,Germany,R7CQUF1DQM73HUTV1078,"Banque et Caisse d´Epargne de l´Etat, Luxembourg",Luxembourg,0.4525,0.0000,0.0047,0.0000,13,France|Netherlands|Sweden,ja
2025-12-31,DZZ47B9A52ZJ6LT6VV95,Deutsche Pfandbriefbank AG,Germany,TUKDD90GPC79G1KOE162,Hamburg Commercial Bank AG,Germany,0.4880,0.0031,0.0064,0.4835,20,United Kingdom|United States|Netherlands,nein
2025-12-31,DZZ47B9A52ZJ6LT6VV95,Deutsche Pfandbriefbank AG,Germany,VDYMYTQGZZ6DU0912C88,Bayerische Landesbank,Germany,0.5716,0.0002,0.0041,0.0420,27,France|United Kingdom|Netherlands,nein
2025-12-31,DZZ47B9A52ZJ6LT6VV95,Deutsche Pfandbriefbank AG,Germany,WFLLPEPC7FZXENRZV188,THE BANK OF NEW YORK MELLON,Belgium,0.3704,0.0003,0.0064,0.0541,18,United Kingdom|Netherlands|Spain,ja
2025-12-31,F3JS33DEI6XQ4ZBPTN86,Skandinaviska Enskilda Banken - gruppen,Sweden,I7ETN0QQO2AHZZGHJ389,KOMMUNALBANKEN AS,Norway,0.3106,0.0000,0.0000,,5,Finland|Germany|Denmark,ja
2025-12-31,F3JS33DEI6XQ4ZBPTN86,Skandinaviska Enskilda Banken - gruppen,Sweden,M312WZV08Y7LYUC71685,Swedbank - Grupp,Sweden,0.6303,0.0001,0.0001,1.0000,16,Lithuania|Estonia|Norway,nein
2025-12-31,F3JS33DEI6XQ4ZBPTN86,Skandinaviska Enskilda Banken - gruppen,Sweden,MAES062Z21O4RZ2U7M96,Danske Bank A/S,Denmark,0.3152,0.0000,0.0017,0.0174,15,Finland|Norway|United Kingdom,ja
2025-12-31,F3JS33DEI6XQ4ZBPTN86,Skandinaviska Enskilda Banken - gruppen,Sweden,MLU0ZO3ML4LN2LL2TL39,HSBC Continental Europe,France,0.3033,0.0164,0.0537,0.3044,92,Germany|United Kingdom|Denmark,ja
2025-12-31,FR9695005MSX1OYEMGDF,Groupe BPCE,France,J4CP7MHCXR8DAQMKIL78,MEDIOBANCA - BANCA DI CREDITO FINANZIARIO S.P.A.,Italy,0.3851,0.0014,0.0129,0.1123,29,Luxembourg|United Kingdom|Germany,ja
2025-12-31,FR9695005MSX1OYEMGDF,Groupe BPCE,France,MLU0ZO3ML4LN2LL2TL39,HSBC Continental Europe,France,0.3730,0.0024,0.0129,0.1864,29,Luxembourg|United Kingdom|Germany,nein
2025-12-31,FR9695005MSX1OYEMGDF,Groupe BPCE,France,N747OI7JINV7RUUH6190,BPER Banca S.p.A.,Italy,0.3854,0.0021,0.0129,0.1657,29,Luxembourg|United Kingdom|Germany,ja
2025-12-31,FR9695005MSX1OYEMGDF,Groupe BPCE,France,O2RNE8IBXP4R0TD8PU41,Société générale S.A.,France,0.4247,0.0129,0.0129,0.9988,29,Luxembourg|United Kingdom|Germany,nein
2025-12-31,FR9695005MSX1OYEMGDF,Groupe BPCE,France,QLPCKOOKVX32FUELX240,Bank Polska Kasa Opieki S.A.,Poland,0.3780,0.0003,0.0129,0.0234,28,Luxembourg|United Kingdom|Germany,ja
2025-12-31,FR9695005MSX1OYEMGDF,Groupe BPCE,France,R0MUWSFPU8MPRO8K5P83,BNP Paribas,France,0.4085,0.0077,0.0108,0.7152,29,Luxembourg|United Kingdom|Germany,nein
2025-12-31,FR9695005MSX1OYEMGDF,Groupe BPCE,France,TUKDD90GPC79G1KOE162,Hamburg Commercial Bank AG,Germany,0.3717,0.0000,0.0129,0.0000,16,Luxembourg|United Kingdom|Netherlands,ja
2025-12-31,FR9695005MSX1OYEMGDF,Groupe BPCE,France,VDYMYTQGZZ6DU0912C88,Bayerische Landesbank,Germany,0.4103,0.0000,0.0041,0.0119,28,Luxembourg|United Kingdom|Netherlands,ja
2025-12-31,I6USJ58BDV2BO5KP3C31,"MONETA Money Bank, a.s.",Czech,PQOH26KWDF7CG10L6792,"Česká spořitelna, a.s.",Czech,0.3723,0.0000,0.0095,0.0030,14,Czechia|Germany|Slovakia,nein
2025-12-31,I7ETN0QQO2AHZZGHJ389,KOMMUNALBANKEN AS,Norway,MLU0ZO3ML4LN2LL2TL39,HSBC Continental Europe,France,0.3038,0.0000,0.0000,,5,Germany|Netherlands|Denmark,ja
2025-12-31,I7ETN0QQO2AHZZGHJ389,KOMMUNALBANKEN AS,Norway,N747OI7JINV7RUUH6190,BPER Banca S.p.A.,Italy,0.4875,0.0000,0.0000,,5,France|Germany|Netherlands,ja
2025-12-31,I7ETN0QQO2AHZZGHJ389,KOMMUNALBANKEN AS,Norway,NNVPP80YIZGEY2314M97,ICCREA BANCA S.P.A. - ISTITUTO CENTRALE DEL CREDITO COOPERATIVO (IN FORMA ABBREVIATA: ICCREA BANCA S.P.A.),Italy,0.4991,0.0000,0.0000,,5,Germany|France|Netherlands,ja
2025-12-31,I7ETN0QQO2AHZZGHJ389,KOMMUNALBANKEN AS,Norway,R7CQUF1DQM73HUTV1078,"Banque et Caisse d´Epargne de l´Etat, Luxembourg",Luxembourg,0.4856,0.0000,0.0000,,5,France|Germany|Netherlands,ja
2025-12-31,I7ETN0QQO2AHZZGHJ389,KOMMUNALBANKEN AS,Norway,RRUN0TCQ1K2JDV7MXO75,Oberbank AG,Austria,0.4870,0.0000,0.0000,,6,Germany|Netherlands|France,ja
2025-12-31,J4CP7MHCXR8DAQMKIL78,MEDIOBANCA - BANCA DI CREDITO FINANZIARIO S.P.A.,Italy,MLU0ZO3ML4LN2LL2TL39,HSBC Continental Europe,France,0.5563,0.0039,0.0569,0.0687,43,Luxembourg|United Kingdom|Netherlands,ja
2025-12-31,J4CP7MHCXR8DAQMKIL78,MEDIOBANCA - BANCA DI CREDITO FINANZIARIO S.P.A.,Italy,N747OI7JINV7RUUH6190,BPER Banca S.p.A.,Italy,0.6213,0.0019,0.0209,0.0920,35,France|Luxembourg|United Kingdom,nein
2025-12-31,J4CP7MHCXR8DAQMKIL78,MEDIOBANCA - BANCA DI CREDITO FINANZIARIO S.P.A.,Italy,NNVPP80YIZGEY2314M97,ICCREA BANCA S.P.A. - ISTITUTO CENTRALE DEL CREDITO COOPERATIVO (IN FORMA ABBREVIATA: ICCREA BANCA S.P.A.),Italy,0.4898,0.0001,0.0074,0.0139,27,France|Spain|Netherlands,nein
2025-12-31,J4CP7MHCXR8DAQMKIL78,MEDIOBANCA - BANCA DI CREDITO FINANZIARIO S.P.A.,Italy,O2RNE8IBXP4R0TD8PU41,Société générale S.A.,France,0.5040,0.0015,0.0264,0.0551,46,United Kingdom|Luxembourg|Germany,ja
2025-12-31,J4CP7MHCXR8DAQMKIL78,MEDIOBANCA - BANCA DI CREDITO FINANZIARIO S.P.A.,Italy,P4GTT6GF1W40CVIMFR43,Powszechna Kasa Oszczednosci Bank Polski S.A.,Poland,0.3678,0.0009,0.0569,0.0166,47,Netherlands|Germany|France,ja
2025-12-31,J4CP7MHCXR8DAQMKIL78,MEDIOBANCA - BANCA DI CREDITO FINANZIARIO S.P.A.,Italy,QLPCKOOKVX32FUELX240,Bank Polska Kasa Opieki S.A.,Poland,0.5577,0.0003,0.0569,0.0061,46,United Kingdom|Luxembourg|Germany,ja
2025-12-31,J4CP7MHCXR8DAQMKIL78,MEDIOBANCA - BANCA DI CREDITO FINANZIARIO S.P.A.,Italy,R0MUWSFPU8MPRO8K5P83,BNP Paribas,France,0.4733,0.0015,0.0108,0.1355,43,United Kingdom|Luxembourg|Germany,ja
2025-12-31,J4CP7MHCXR8DAQMKIL78,MEDIOBANCA - BANCA DI CREDITO FINANZIARIO S.P.A.,Italy,R7CQUF1DQM73HUTV1078,"Banque et Caisse d´Epargne de l´Etat, Luxembourg",Luxembourg,0.4543,0.0000,0.0047,0.0018,27,France|Netherlands|Germany,ja
2025-12-31,J4CP7MHCXR8DAQMKIL78,MEDIOBANCA - BANCA DI CREDITO FINANZIARIO S.P.A.,Italy,TUKDD90GPC79G1KOE162,Hamburg Commercial Bank AG,Germany,0.5456,0.0008,0.0569,0.0149,27,Luxembourg|United Kingdom|Netherlands,ja
2025-12-31,J4CP7MHCXR8DAQMKIL78,MEDIOBANCA - BANCA DI CREDITO FINANZIARIO S.P.A.,Italy,VDYMYTQGZZ6DU0912C88,Bayerische Landesbank,Germany,0.6488,0.0001,0.0041,0.0312,47,United Kingdom|France|Luxembourg,ja
2025-12-31,J4CP7MHCXR8DAQMKIL78,MEDIOBANCA - BANCA DI CREDITO FINANZIARIO S.P.A.,Italy,WFLLPEPC7FZXENRZV188,THE BANK OF NEW YORK MELLON,Belgium,0.4524,0.0019,0.0569,0.0342,27,United Kingdom|Netherlands|Germany,ja
2025-12-31,JU1U6S0DG9YLT7N8ZV32,"Banco Comercial Português, SA",Portugal,PQOH26KWDF7CG10L6792,"Česká spořitelna, a.s.",Czech,0.3381,0.0003,0.0286,0.0107,154,Poland|Luxembourg|Netherlands,ja
2025-12-31,MAES062Z21O4RZ2U7M96,Danske Bank A/S,Denmark,NHBDILHZTYCNBV5UYZ31,Svenska Handelsbanken - gruppen,Sweden,0.3185,0.0001,0.0017,0.0539,15,Norway|United Kingdom|Finland,ja
2025-12-31,MLU0ZO3ML4LN2LL2TL39,HSBC Continental Europe,France,N747OI7JINV7RUUH6190,BPER Banca S.p.A.,Italy,0.6130,0.0026,0.0209,0.1230,33,Germany|Luxembourg|Netherlands,ja
2025-12-31,MLU0ZO3ML4LN2LL2TL39,HSBC Continental Europe,France,NNVPP80YIZGEY2314M97,ICCREA BANCA S.P.A. - ISTITUTO CENTRALE DEL CREDITO COOPERATIVO (IN FORMA ABBREVIATA: ICCREA BANCA S.P.A.),Italy,0.4761,0.0000,0.0074,0.0000,23,Germany|Netherlands|Spain,ja
2025-12-31,MLU0ZO3ML4LN2LL2TL39,HSBC Continental Europe,France,O2RNE8IBXP4R0TD8PU41,Société générale S.A.,France,0.5716,0.0024,0.0264,0.0920,75,Germany|Luxembourg|United Kingdom,nein
2025-12-31,MLU0ZO3ML4LN2LL2TL39,HSBC Continental Europe,France,P4GTT6GF1W40CVIMFR43,Powszechna Kasa Oszczednosci Bank Polski S.A.,Poland,0.5142,0.0451,0.1276,0.3532,82,Germany|Netherlands|Luxembourg,ja
2025-12-31,MLU0ZO3ML4LN2LL2TL39,HSBC Continental Europe,France,QLPCKOOKVX32FUELX240,Bank Polska Kasa Opieki S.A.,Poland,0.5756,0.0477,0.0714,0.6681,74,Luxembourg|United Kingdom|Germany,ja
2025-12-31,MLU0ZO3ML4LN2LL2TL39,HSBC Continental Europe,France,R0MUWSFPU8MPRO8K5P83,BNP Paribas,France,0.5041,0.0031,0.0108,0.2871,86,Germany|Luxembourg|United Kingdom,nein
2025-12-31,MLU0ZO3ML4LN2LL2TL39,HSBC Continental Europe,France,R7CQUF1DQM73HUTV1078,"Banque et Caisse d´Epargne de l´Etat, Luxembourg",Luxembourg,0.4419,0.0000,0.0047,0.0001,26,Germany|Netherlands|United Kingdom,ja
2025-12-31,MLU0ZO3ML4LN2LL2TL39,HSBC Continental Europe,France,TUKDD90GPC79G1KOE162,Hamburg Commercial Bank AG,Germany,0.5406,0.0199,0.1276,0.1557,40,Luxembourg|Netherlands|United Kingdom,ja
2025-12-31,MLU0ZO3ML4LN2LL2TL39,HSBC Continental Europe,France,VDYMYTQGZZ6DU0912C88,Bayerische Landesbank,Germany,0.4571,0.0015,0.0041,0.3574,90,Luxembourg|Netherlands|United Kingdom,ja
2025-12-31,MLU0ZO3ML4LN2LL2TL39,HSBC Continental Europe,France,WFLLPEPC7FZXENRZV188,THE BANK OF NEW YORK MELLON,Belgium,0.5977,0.0038,0.0805,0.0477,48,Germany|Netherlands|United Kingdom,ja
2025-12-31,N747OI7JINV7RUUH6190,BPER Banca S.p.A.,Italy,NNVPP80YIZGEY2314M97,ICCREA BANCA S.P.A. - ISTITUTO CENTRALE DEL CREDITO COOPERATIVO (IN FORMA ABBREVIATA: ICCREA BANCA S.P.A.),Italy,0.7267,0.0003,0.0074,0.0373,27,France|Germany|Netherlands,nein
2025-12-31,N747OI7JINV7RUUH6190,BPER Banca S.p.A.,Italy,O2RNE8IBXP4R0TD8PU41,Société générale S.A.,France,0.5415,0.0021,0.0209,0.1017,36,Germany|Luxembourg|United Kingdom,ja
2025-12-31,N747OI7JINV7RUUH6190,BPER Banca S.p.A.,Italy,P4GTT6GF1W40CVIMFR43,Powszechna Kasa Oszczednosci Bank Polski S.A.,Poland,0.4799,0.0013,0.0209,0.0606,36,Germany|Netherlands|France,ja
2025-12-31,N747OI7JINV7RUUH6190,BPER Banca S.p.A.,Italy,QLPCKOOKVX32FUELX240,Bank Polska Kasa Opieki S.A.,Poland,0.4480,0.0003,0.0209,0.0165,35,Luxembourg|United Kingdom|Germany,ja
2025-12-31,N747OI7JINV7RUUH6190,BPER Banca S.p.A.,Italy,R0MUWSFPU8MPRO8K5P83,BNP Paribas,France,0.4534,0.0029,0.0108,0.2675,34,Germany|Luxembourg|United Kingdom,ja
2025-12-31,N747OI7JINV7RUUH6190,BPER Banca S.p.A.,Italy,R7CQUF1DQM73HUTV1078,"Banque et Caisse d´Epargne de l´Etat, Luxembourg",Luxembourg,0.6553,0.0000,0.0047,0.0055,27,France|Germany|Netherlands,ja
2025-12-31,N747OI7JINV7RUUH6190,BPER Banca S.p.A.,Italy,TUKDD90GPC79G1KOE162,Hamburg Commercial Bank AG,Germany,0.4896,0.0000,0.0209,0.0007,18,Luxembourg|Netherlands|United Kingdom,ja
2025-12-31,N747OI7JINV7RUUH6190,BPER Banca S.p.A.,Italy,VDYMYTQGZZ6DU0912C88,Bayerische Landesbank,Germany,0.6328,0.0001,0.0041,0.0339,36,France|Luxembourg|Netherlands,ja
2025-12-31,N747OI7JINV7RUUH6190,BPER Banca S.p.A.,Italy,WFLLPEPC7FZXENRZV188,THE BANK OF NEW YORK MELLON,Belgium,0.5209,0.0029,0.0209,0.1370,18,Germany|Netherlands|United Kingdom,ja
2025-12-31,NHBDILHZTYCNBV5UYZ31,Svenska Handelsbanken - gruppen,Sweden,SI5RG2M0WQQLZCXKRM20,"Banco de Sabadell, S.A.",Spain,0.3064,0.0001,0.0005,0.1979,27,United Kingdom|Netherlands|Norway,ja
2025-12-31,NHBDILHZTYCNBV5UYZ31,Svenska Handelsbanken - gruppen,Sweden,VDYMYTQGZZ6DU0912C88,Bayerische Landesbank,Germany,0.3276,0.0013,0.0041,0.3197,115,United Kingdom|Netherlands|Norway,ja
2025-12-31,NNVPP80YIZGEY2314M97,ICCREA BANCA S.P.A. - ISTITUTO CENTRALE DEL CREDITO COOPERATIVO (IN FORMA ABBREVIATA: ICCREA BANCA S.P.A.),Italy,O2RNE8IBXP4R0TD8PU41,Société générale S.A.,France,0.3929,0.0000,0.0074,0.0001,26,Germany|Netherlands|Spain,ja
2025-12-31,NNVPP80YIZGEY2314M97,ICCREA BANCA S.P.A. - ISTITUTO CENTRALE DEL CREDITO COOPERATIVO (IN FORMA ABBREVIATA: ICCREA BANCA S.P.A.),Italy,P4GTT6GF1W40CVIMFR43,Powszechna Kasa Oszczednosci Bank Polski S.A.,Poland,0.4294,0.0000,0.0074,0.0006,26,Germany|Netherlands|France,ja
2025-12-31,NNVPP80YIZGEY2314M97,ICCREA BANCA S.P.A. - ISTITUTO CENTRALE DEL CREDITO COOPERATIVO (IN FORMA ABBREVIATA: ICCREA BANCA S.P.A.),Italy,R0MUWSFPU8MPRO8K5P83,BNP Paribas,France,0.3180,0.0000,0.0074,0.0048,24,Germany|Spain|Netherlands,ja
2025-12-31,NNVPP80YIZGEY2314M97,ICCREA BANCA S.P.A. - ISTITUTO CENTRALE DEL CREDITO COOPERATIVO (IN FORMA ABBREVIATA: ICCREA BANCA S.P.A.),Italy,R7CQUF1DQM73HUTV1078,"Banque et Caisse d´Epargne de l´Etat, Luxembourg",Luxembourg,0.6825,0.0000,0.0047,0.0055,23,Netherlands|France|Germany,ja
2025-12-31,NNVPP80YIZGEY2314M97,ICCREA BANCA S.P.A. - ISTITUTO CENTRALE DEL CREDITO COOPERATIVO (IN FORMA ABBREVIATA: ICCREA BANCA S.P.A.),Italy,VDYMYTQGZZ6DU0912C88,Bayerische Landesbank,Germany,0.5251,0.0000,0.0041,0.0025,26,France|Netherlands|Luxembourg,ja
2025-12-31,NNVPP80YIZGEY2314M97,ICCREA BANCA S.P.A. - ISTITUTO CENTRALE DEL CREDITO COOPERATIVO (IN FORMA ABBREVIATA: ICCREA BANCA S.P.A.),Italy,WFLLPEPC7FZXENRZV188,THE BANK OF NEW YORK MELLON,Belgium,0.4899,0.0000,0.0074,0.0000,12,Netherlands|Germany|Spain,ja
2025-12-31,O2RNE8IBXP4R0TD8PU41,Société générale S.A.,France,P4GTT6GF1W40CVIMFR43,Powszechna Kasa Oszczednosci Bank Polski S.A.,Poland,0.5469,0.0173,0.0264,0.6552,127,Germany|Czechia|Netherlands,ja
2025-12-31,O2RNE8IBXP4R0TD8PU41,Société générale S.A.,France,QLPCKOOKVX32FUELX240,Bank Polska Kasa Opieki S.A.,Poland,0.4984,0.0003,0.0264,0.0120,110,United Kingdom|Luxembourg|Germany,ja
2025-12-31,O2RNE8IBXP4R0TD8PU41,Société générale S.A.,France,R0MUWSFPU8MPRO8K5P83,BNP Paribas,France,0.5408,0.0086,0.0108,0.7904,109,United Kingdom|Germany|Luxembourg,nein
2025-12-31,O2RNE8IBXP4R0TD8PU41,Société générale S.A.,France,R7CQUF1DQM73HUTV1078,"Banque et Caisse d´Epargne de l´Etat, Luxembourg",Luxembourg,0.4153,0.0000,0.0047,0.0001,26,Germany|Netherlands|United Kingdom,ja
2025-12-31,O2RNE8IBXP4R0TD8PU41,Société générale S.A.,France,RRUN0TCQ1K2JDV7MXO75,Oberbank AG,Austria,0.3875,0.0000,0.0018,0.0198,56,Czechia|Germany|Netherlands,ja
2025-12-31,O2RNE8IBXP4R0TD8PU41,Société générale S.A.,France,TUKDD90GPC79G1KOE162,Hamburg Commercial Bank AG,Germany,0.4179,0.0000,0.0264,0.0005,30,United Kingdom|Luxembourg|Netherlands,ja
2025-12-31,O2RNE8IBXP4R0TD8PU41,Société générale S.A.,France,VDYMYTQGZZ6DU0912C88,Bayerische Landesbank,Germany,0.4227,0.0001,0.0041,0.0175,117,United Kingdom|Luxembourg|Netherlands,ja
2025-12-31,O2RNE8IBXP4R0TD8PU41,Société générale S.A.,France,WFLLPEPC7FZXENRZV188,THE BANK OF NEW YORK MELLON,Belgium,0.4594,0.0093,0.0264,0.3520,52,Germany|United Kingdom|Netherlands,ja
2025-12-31,P4GTT6GF1W40CVIMFR43,Powszechna Kasa Oszczednosci Bank Polski S.A.,Poland,QLPCKOOKVX32FUELX240,Bank Polska Kasa Opieki S.A.,Poland,0.4972,0.0544,0.0714,0.7618,116,Germany|Netherlands|Luxembourg,nein
2025-12-31,P4GTT6GF1W40CVIMFR43,Powszechna Kasa Oszczednosci Bank Polski S.A.,Poland,R7CQUF1DQM73HUTV1078,"Banque et Caisse d´Epargne de l´Etat, Luxembourg",Luxembourg,0.4473,0.0000,0.0047,0.0008,27,Germany|Netherlands|France,ja
2025-12-31,P4GTT6GF1W40CVIMFR43,Powszechna Kasa Oszczednosci Bank Polski S.A.,Poland,RRUN0TCQ1K2JDV7MXO75,Oberbank AG,Austria,0.3852,0.0001,0.0018,0.0565,57,Germany|Czechia|Slovakia,ja
2025-12-31,P4GTT6GF1W40CVIMFR43,Powszechna Kasa Oszczednosci Bank Polski S.A.,Poland,TUKDD90GPC79G1KOE162,Hamburg Commercial Bank AG,Germany,0.3565,0.0057,0.1541,0.0372,32,Netherlands|France|Luxembourg,ja
2025-12-31,P4GTT6GF1W40CVIMFR43,Powszechna Kasa Oszczednosci Bank Polski S.A.,Poland,VDYMYTQGZZ6DU0912C88,Bayerische Landesbank,Germany,0.3462,0.0003,0.0041,0.0620,137,Netherlands|France|Luxembourg,ja
2025-12-31,P4GTT6GF1W40CVIMFR43,Powszechna Kasa Oszczednosci Bank Polski S.A.,Poland,WFLLPEPC7FZXENRZV188,THE BANK OF NEW YORK MELLON,Belgium,0.5367,0.0062,0.0805,0.0771,58,Germany|Netherlands|Austria,ja
2025-12-31,QLPCKOOKVX32FUELX240,Bank Polska Kasa Opieki S.A.,Poland,R0MUWSFPU8MPRO8K5P83,BNP Paribas,France,0.4364,0.0005,0.0108,0.0460,99,United Kingdom|Luxembourg|Germany,ja
2025-12-31,QLPCKOOKVX32FUELX240,Bank Polska Kasa Opieki S.A.,Poland,TUKDD90GPC79G1KOE162,Hamburg Commercial Bank AG,Germany,0.5091,0.0108,0.0714,0.1510,31,Luxembourg|United Kingdom|Ireland,ja
2025-12-31,QLPCKOOKVX32FUELX240,Bank Polska Kasa Opieki S.A.,Poland,VDYMYTQGZZ6DU0912C88,Bayerische Landesbank,Germany,0.4823,0.0003,0.0041,0.0830,108,United Kingdom|Luxembourg|Netherlands,ja
2025-12-31,QLPCKOOKVX32FUELX240,Bank Polska Kasa Opieki S.A.,Poland,WFLLPEPC7FZXENRZV188,THE BANK OF NEW YORK MELLON,Belgium,0.5133,0.0012,0.0714,0.0173,48,United Kingdom|Ireland|Germany,ja
2025-12-31,R0MUWSFPU8MPRO8K5P83,BNP Paribas,France,R7CQUF1DQM73HUTV1078,"Banque et Caisse d´Epargne de l´Etat, Luxembourg",Luxembourg,0.3419,0.0000,0.0047,0.0055,26,Germany|Belgium|United Kingdom,ja
2025-12-31,R0MUWSFPU8MPRO8K5P83,BNP Paribas,France,TUKDD90GPC79G1KOE162,Hamburg Commercial Bank AG,Germany,0.3666,0.0000,0.0108,0.0037,35,United Kingdom|Luxembourg|Netherlands,ja
2025-12-31,R0MUWSFPU8MPRO8K5P83,BNP Paribas,France,VDYMYTQGZZ6DU0912C88,Bayerische Landesbank,Germany,0.4142,0.0003,0.0041,0.0636,121,United Kingdom|Luxembourg|Poland,ja
2025-12-31,R0MUWSFPU8MPRO8K5P83,BNP Paribas,France,WFLLPEPC7FZXENRZV188,THE BANK OF NEW YORK MELLON,Belgium,0.3942,0.0086,0.0108,0.7911,56,Germany|United Kingdom|Spain,ja
2025-12-31,R7CQUF1DQM73HUTV1078,"Banque et Caisse d´Epargne de l´Etat, Luxembourg",Luxembourg,TUKDD90GPC79G1KOE162,Hamburg Commercial Bank AG,Germany,0.3740,0.0000,0.0047,0.0000,16,Netherlands|France|United Kingdom,ja
2025-12-31,R7CQUF1DQM73HUTV1078,"Banque et Caisse d´Epargne de l´Etat, Luxembourg",Luxembourg,VDYMYTQGZZ6DU0912C88,Bayerische Landesbank,Germany,0.5127,0.0000,0.0041,0.0017,26,France|Netherlands|United Kingdom,ja
2025-12-31,R7CQUF1DQM73HUTV1078,"Banque et Caisse d´Epargne de l´Etat, Luxembourg",Luxembourg,WFLLPEPC7FZXENRZV188,THE BANK OF NEW YORK MELLON,Belgium,0.5439,0.0000,0.0047,0.0001,15,Netherlands|Germany|United Kingdom,ja
2025-12-31,TUKDD90GPC79G1KOE162,Hamburg Commercial Bank AG,Germany,VDYMYTQGZZ6DU0912C88,Bayerische Landesbank,Germany,0.6041,0.0031,0.0041,0.7621,38,Luxembourg|United Kingdom|Netherlands,nein
2025-12-31,TUKDD90GPC79G1KOE162,Hamburg Commercial Bank AG,Germany,WFLLPEPC7FZXENRZV188,THE BANK OF NEW YORK MELLON,Belgium,0.4574,0.0005,0.0805,0.0064,29,Netherlands|United Kingdom|Ireland,ja
2025-12-31,VDYMYTQGZZ6DU0912C88,Bayerische Landesbank,Germany,WFLLPEPC7FZXENRZV188,THE BANK OF NEW YORK MELLON,Belgium,0.4271,0.0003,0.0041,0.0733,60,Netherlands|United Kingdom|Ireland,ja
