lei,name,typ,land,signifikanz,gruppenkopf_lei,gruppenkopf_name,im_bestand,gruppe_im_bestand,einordnung,namenstreffer
0W5QHUNYV4W7GJO62R27,HYPO TIROL BANK AG,CI,Austria,LSI,,,true,false,meldet_selbst,
52990001LP4SHV9LRI48,Raiffeisenbank Tux eGen,CI,Austria,LSI,,,false,false,keine_gruppe_bekannt,
52990001X55ZFHKXU724,"Raiffeisenbank Friesach-Metnitztal, registrierte Genossenschaft mit beschränkter Haftung",CI,Austria,LSI,,,false,false,keine_gruppe_bekannt,
52990002L2FUVOJEWS11,Raiffeisenbank Graz-Straßgang eGen,CI,Austria,LSI,,,false,false,keine_gruppe_bekannt,
5299000DNBTCYOMV1W76,Raiffeisenbank Region Schallaburg eGen,CI,Austria,LSI,,,false,false,keine_gruppe_bekannt,
5299000DS6PEAJA28H06,Raiffeisenbank Großarl-Hüttschlag eGen,CI,Austria,LSI,,,false,false,keine_gruppe_bekannt,
5299000LO77G7PYWD232,Raiffeisenbank Völkermarkt-Bleiburg-Brückl eGen,CI,Austria,LSI,,,false,false,keine_gruppe_bekannt,
5299000OBYTT24O0ST84,Raiffeisenbank Weiz-Anger eGen,CI,Austria,LSI,,,false,false,keine_gruppe_bekannt,
5299000ZVON1HSFMRU07,Raiffeisenbank Straß-Spielfeld eGen,CI,Austria,LSI,,,false,false,keine_gruppe_bekannt,
52990010KATB4A736397,"Raiffeisenbank Wernberg, registrierte Genossenschaft mit beschränkter Haftung",CI,Austria,LSI,,,false,false,keine_gruppe_bekannt,
52990010T57RAF234Z30,Schelhammer Capital Bank AG,CI,Austria,LSI,,,false,false,keine_gruppe_bekannt,
52990011EY5WB0027820,Raiffeisenbank Weissachtal eGen,CI,Austria,LSI,,,false,false,keine_gruppe_bekannt,
52990015I96TLGKUIX18,Raiffeisenbank Geretsberg eGen,CI,Austria,LSI,,,false,false,keine_gruppe_bekannt,
52990017AXISC0US4773,Raiffeisenbank Tulln-Klosterneuburg eGen,CI,Austria,LSI,,,false,false,keine_gruppe_bekannt,
5299001AH9W3WV8CMJ04,Raiffeisenkasse Rum-Innsbruck/Arzl eGen,CI,Austria,LSI,,,false,false,keine_gruppe_bekannt,
5299001M22M20MLUQL39,Raiffeisenbank Ehrwald-Lermoos-Biberwier eGen,CI,Austria,LSI,,,false,false,keine_gruppe_bekannt,
5299001QR2L8V0XJTV10,Raiffeisenbank Attersee-Nord eGen,CI,Austria,LSI,,,false,false,keine_gruppe_bekannt,
5299001R65GPN5AW9T45,Raiffeisenbank Pinzgau Mitte eGen,CI,Austria,LSI,,,false,false,keine_gruppe_bekannt,
5299001U8PWEULH63086,Raiffeisenbank Laa/Thaya eGen,CI,Austria,LSI,,,false,false,keine_gruppe_bekannt,
52990020D0OVJ59CJ526,Raiffeisenbank Absam-Thaur-Volders eGen,CI,Austria,LSI,,,false,false,keine_gruppe_bekannt,
52990022SP6JDAZ2DP74,Bankhaus Denzel Aktiengesellschaft,CI,Austria,LSI,,,false,false,keine_gruppe_bekannt,
52990025MUV1CHF0Y448,Raiffeisenbank Frauenkirchen-Mönchhof-Podersdorf am See eGen,CI,Austria,LSI,,,false,false,keine_gruppe_bekannt,
52990025Y7T5V0W00H04,Raiffeisenbank Stockerau eGen,CI,Austria,LSI,,,false,false,keine_gruppe_bekannt,
529900283EG8U91F0U08,Raiffeisen Bezirksbank Kufstein eGen,CI,Austria,LSI,,,false,false,keine_gruppe_bekannt,
52990034MAUYMF1FE979,Raiffeisenbank Gampern eGen,CI,Austria,LSI,,,false,false,keine_gruppe_bekannt,
529900351GPS9WXA2C05,Raiffeisenbank Flachgau Nord eGen,CI,Austria,LSI,,,false,false,keine_gruppe_bekannt,
5299003ATVTQVPTW4735,BTV Vier Länder Bank AG,CI,Austria,LSI,,,true,false,meldet_selbst,
5299003CGERWU3RQT216,Raiffeisenbank Innkreis Mitte eGen,CI,Austria,LSI,,,false,false,keine_gruppe_bekannt,
5299003IDL6A65WOLV68,Walser Privatbank Aktiengesellschaft,CI,Austria,LSI,,,false,false,keine_gruppe_bekannt,
5299003KMEKIYNEIJN24,Raiffeisenkasse Retz-Pulkautal registrierte Genossenschaft mit beschränkter Haftung,CI,Austria,LSI,,,false,false,keine_gruppe_bekannt,
5299003XVYDWYG79FM37,"Raiffeisenkasse Stumm, Stummerberg und Umgebung registrierte Genossenschaft mit beschränkter Haftung",CI,Austria,LSI,,,false,false,keine_gruppe_bekannt,
52990045V2BWJN669Q34,Wüstenrot Wohnungswirtschaft registrierte Genossenschaft mit beschränkter Haftung,MFH,Austria,LSI,,,true,false,meldet_selbst,
52990049GGPZL58BKE94,Raiffeisenbank Tannheimertal eGen,CI,Austria,LSI,,,false,false,keine_gruppe_bekannt,
5299004HAS74KTEB3697,Wiener Spar- und Kreditinstitut - Holding eG,FH,Austria,LSI,,,false,false,keine_gruppe_bekannt,
5299004J3SBQE609PM70,Raiffeisenbank Region Rohrbach eGen,CI,Austria,LSI,,,false,false,keine_gruppe_bekannt,
5299004J5SVYYCFJ2M33,Raiffeisenbank Region Hausruck eGen,CI,Austria,LSI,,,false,false,keine_gruppe_bekannt,
5299004MQEQMFM5P7A39,Raiffeisenbank St. Florian am Inn eGen,CI,Austria,LSI,,,false,false,keine_gruppe_bekannt,
5299004ZU2QE5YME0H22,Raiffeisenbank Rauris-Bucheben registrierte Genossenschaft mit beschränkter Haftung,CI,Austria,LSI,,,false,false,keine_gruppe_bekannt,
5299005434158TH0MT43,Raiffeisen Regionalbank Fügen-Kaltenbach-Zell eGen,CI,Austria,LSI,,,false,false,keine_gruppe_bekannt,
52990056W0VDKEDYUY83,VakifBank International AG,CI,Austria,LSI,,,false,false,keine_gruppe_bekannt,
52990059EQPS5XDTSY92,Raiffeisenbank Mureck eGen,CI,Austria,LSI,,,false,false,keine_gruppe_bekannt,
5299005D7BSJAXC1U023,Raiffeisenbank Neustift-Mieders-Schönberg im Stubaital eGen,CI,Austria,LSI,,,false,false,keine_gruppe_bekannt,
5299005EA9T38I7XR654,Raiffeisenbank Pöndorf - Frankenmarkt eGen,CI,Austria,LSI,,,false,false,keine_gruppe_bekannt,
5299005FGMOKS2X2XW30,Raiffeisenbank Region Grieskirchen eGen,CI,Austria,LSI,,,false,false,keine_gruppe_bekannt,
5299005OACOC1C1OFJ11,Raiffeisen-Landesbank Tirol AG,CI,Austria,LSI,,,true,false,meldet_selbst,
5299005TKVFZBU7P6A67,Raiffeisenbank St. Marien eGen,CI,Austria,LSI,,,false,false,keine_gruppe_bekannt,
5299006CGNTOG0DLV470,Raiffeisenbank im Weinviertel eGen,CI,Austria,LSI,,,false,false,keine_gruppe_bekannt,
5299006LX0E5G7H3GA67,Raiffeisenbank Ossiacher See eG,CI,Austria,LSI,,,false,false,keine_gruppe_bekannt,
5299006QOEXB5SXL4028,Raiffeisenbank St. Martin-Lofer-Weißbach eGen,CI,Austria,LSI,,,false,false,keine_gruppe_bekannt,
5299006SI21AP8AO6N63,Raiffeisenbank Oststeiermark Nord eGen,CI,Austria,LSI,,,false,false,keine_gruppe_bekannt,
5299006VR0N8XB1AYR69,Raiffeisenbank Salzburg Liefering-Maxglan-Siezenheim eGen,CI,Austria,LSI,,,false,false,keine_gruppe_bekannt,
5299006VZVXT7MYYUM62,Raiffeisenbank Kollerschlag eGen,CI,Austria,LSI,,,false,false,keine_gruppe_bekannt,
5299006WFYWBOMDCHA64,Raiffeisenbank Gamlitz eGen,CI,Austria,LSI,,,false,false,keine_gruppe_bekannt,
52990071PNK8TE25EM38,Raiffeisenbank Grein eGen,CI,Austria,LSI,,,false,false,keine_gruppe_bekannt,
5299007BZWKYYR5NCU63,Raiffeisenbank Purbach eGen,CI,Austria,LSI,,,false,false,keine_gruppe_bekannt,
5299007D752OSBB86237,Raiffeisenbank Gratwein-Hitzendorf eGen,CI,Austria,LSI,,,false,false,keine_gruppe_bekannt,
5299007DEXXIPXREO072,Raiffeisenbank Wartberg an der Krems eGen,CI,Austria,LSI,,,false,false,keine_gruppe_bekannt,
5299007DOUWDSEQN8L36,Raiffeisenbank Kössen-Kirchdorf eGen,CI,Austria,LSI,,,false,false,keine_gruppe_bekannt,
5299007JS6F7MGJNN453,Raiffeisenbank Mühlviertler Alm eGen,CI,Austria,LSI,,,false,false,keine_gruppe_bekannt,
5299007ST2V666DOLE22,Raiffeisenbank im Ötztal und Umgebung eGen,CI,Austria,LSI,,,false,false,keine_gruppe_bekannt,
52990082FUIF8HZHY732,Raiffeisenbank Wörthersee-Landskron-Gegendtal eG,CI,Austria,LSI,,,false,false,keine_gruppe_bekannt,
5299008KTG5Y94Z10032,Raiffeisenbank Wals-Himmelreich registrierte Genossenschaft mit beschränkter Haftung,CI,Austria,LSI,,,false,false,keine_gruppe_bekannt,
5299008NEDOORP72F645,Raiffeisenbank Region Waldviertel Mitte eGen,CI,Austria,LSI,,,false,false,keine_gruppe_bekannt,
5299008SBQ9VIEKB8J49,Raiffeisenbank Lochen am See eGen,CI,Austria,LSI,,,false,false,keine_gruppe_bekannt,
5299008X2NKH3ND4EX77,Raiffeisen Regionalbank Achensee eGen,CI,Austria,LSI,,,false,false,keine_gruppe_bekannt,
52990092G3O6HWRIDF18,Raiffeisenbank Ohlsdorf eGen,CI,Austria,LSI,,,false,false,keine_gruppe_bekannt,
529900990PPI3K3RDT23,Volkskreditbank AG,CI,Austria,LSI,,,false,false,keine_gruppe_bekannt,
5299009C948WQ740IL34,Raiffeisenbank Oberes Waldviertel eGen,CI,Austria,LSI,,,false,false,keine_gruppe_bekannt,
5299009EHB4RBGMI5828,Raiffeisen Landesbank Kärnten und Revisionsverband eGen,CI,Austria,LSI,,,true,false,meldet_selbst,
5299009F7ZI3COCVHS41,"Raiffeisenbank Rosental, registrierte Genossenschaft mit beschränkter Haftung",CI,Austria,LSI,,,false,false,keine_gruppe_bekannt,
5299009I080H47W23Y06,Raiffeisenbank Region Sierning-Enns eGen,CI,Austria,LSI,,,false,false,keine_gruppe_bekannt,
5299009P3E3YVMYOMP72,Raiffeisenbank Pongau Mitte eGen,CI,Austria,LSI,,,false,false,keine_gruppe_bekannt,
5299009T4E9DGUM3SB85,Raiffeisenbank Brixen im Thale eGen,CI,Austria,LSI,,,false,false,keine_gruppe_bekannt,
5299009TR67CC0B9DH43,Raiffeisenbank Timelkam-Lenzing-Puchkirchen eGen,CI,Austria,LSI,,,false,false,keine_gruppe_bekannt,
5299009VLI8ZROIK9N78,Raiffeisenbank Region Feldbach eGen,CI,Austria,LSI,,,false,false,keine_gruppe_bekannt,
529900A1B1P6M9M0WA86,Raiffeisen Bank Lurnfeld-Mölltal eGen,CI,Austria,LSI,,,false,false,keine_gruppe_bekannt,
529900A455AYF41M8I62,Raiffeisenbank Linz-Land West eGen,CI,Austria,LSI,,,false,false,keine_gruppe_bekannt,
529900AIK6F1A360D784,Raiffeisenbank Eggenburg eGen,CI,Austria,LSI,,,false,false,keine_gruppe_bekannt,
529900AIY0IED6IR0W74,Raiffeisenbank St. Roman eGen,CI,Austria,LSI,,,false,false,keine_gruppe_bekannt,
529900ALBHVM45LNKA06,Raiffeisenbank Maria Schmolln-St. Johann eGen,CI,Austria,LSI,,,false,false,keine_gruppe_bekannt,
529900AOZMITAMK18X23,Raiffeisenbank Prambachkirchen eGen,CI,Austria,LSI,,,false,false,keine_gruppe_bekannt,
529900AUJCEJQ71UCR09,Raiffeisenbank Eberschwang-Pramet eGen,CI,Austria,LSI,,,false,false,keine_gruppe_bekannt,
529900AUL2XTLS3EM992,HYPO-BANK BURGENLAND Aktiengesellschaft,CI,Austria,LSI,,,false,false,keine_gruppe_bekannt,
529900B11OPJRIMVPA37,RaiffeisenBank St. Ulrich - Waidring eGen,CI,Austria,LSI,,,false,false,keine_gruppe_bekannt,
529900B1I234XFGXB654,Raiffeisenbank Lammertal eGen,CI,Austria,LSI,,,false,false,keine_gruppe_bekannt,
529900B7B1J8IEHUNI05,Raiffeisenbank Nockberge eGen,CI,Austria,LSI,,,false,false,keine_gruppe_bekannt,
529900B8ZPQXSPCLTD68,Raiffeisenbank Alberschwende registrierte Genossenschaft mit beschränkter Haftung,CI,Austria,LSI,,,false,false,keine_gruppe_bekannt,
529900B9P29R8W03IX88,BKS Bank AG,CI,Austria,LSI,,,true,false,meldet_selbst,
529900BE5LJFTFGTT751,Raiffeisenbank Hausmannstätten eGen,CI,Austria,LSI,,,false,false,keine_gruppe_bekannt,
529900BHW28OSHOYIN59,Raiffeisenbank Karnische Region eG,CI,Austria,LSI,,,false,false,keine_gruppe_bekannt,
529900BI5KIGX6YLX375,Oberösterreichische Landesbank Aktiengesellschaft,CI,Austria,LSI,,,true,false,meldet_selbst,
529900BIJJGJJXO33652,Raiffeisenbank Unken eGen,CI,Austria,LSI,,,false,false,keine_gruppe_bekannt,
529900BKH5J6E9QK3O80,Raiffeisenbank Draßmarkt-Kobersdorf-St. Martin eGen,CI,Austria,LSI,,,false,false,keine_gruppe_bekannt,
529900BTDS34PLCQRX17,Raiffeisenbank Turnau-St. Lorenzen eGen,CI,Austria,LSI,,,false,false,keine_gruppe_bekannt,
529900BW63FASOB0IV66,Raiffeisenbank Ybbstal eGen,CI,Austria,LSI,,,false,false,keine_gruppe_bekannt,
529900C2O38FO5AWTF91,Raiffeisen Regionalbank Hall in Tirol eGen,CI,Austria,LSI,,,false,false,keine_gruppe_bekannt,
529900C567TZ45W7GV69,A1 Bank AG,CI,Austria,LSI,,,false,false,keine_gruppe_bekannt,
529900C8IAWZ6WEV8M89,Raiffeisenbank Region Altheim eGen,CI,Austria,LSI,,,false,false,keine_gruppe_bekannt,
529900C8QKEEBKIW8L39,Raiffeisenbank Mattigtal eGen,CI,Austria,LSI,,,false,false,keine_gruppe_bekannt,
529900CCYCFJRG4F2935,Bankhaus Carl Spängler & Co. Aktiengesellschaft,CI,Austria,LSI,,,false,false,keine_gruppe_bekannt,
529900CDXQSKWSVDVH81,Raiffeisen Regionalbank Mödling eGen,CI,Austria,LSI,,,false,false,keine_gruppe_bekannt,
529900CH2SLJSZMJ0661,Raiffeisenbank Aspach-Wildenau eGen,CI,Austria,LSI,,,false,false,keine_gruppe_bekannt,
529900CN08EYK9HTYJ53,Raiffeisenbank Korneuburg eGen,CI,Austria,LSI,,,false,false,keine_gruppe_bekannt,
529900CUU4JC0MBXOU43,Raiffeisenbank Region Graz-Nord eGen,CI,Austria,LSI,,,false,false,keine_gruppe_bekannt,
529900CYGULV4U54UT27,Raiffeisenbank Gastein eGen,CI,Austria,LSI,,,false,false,keine_gruppe_bekannt,
529900D6A0T7DWDKI482,Raiffeisenbank Alpbachtal eGen,CI,Austria,LSI,,,false,false,keine_gruppe_bekannt,
529900DADVVDC7X65L89,Austrian Anadi Bank AG,CI,Austria,LSI,,,false,false,keine_gruppe_bekannt,
529900DBO0R9X5EZBF88,Raiffeisenbank Kematen-Neuhofen eGen,CI,Austria,LSI,,,false,false,keine_gruppe_bekannt,
529900DHP7HRRD2NH428,Raiffeisen-Regionalbank Gänserndorf eGen,CI,Austria,LSI,,,false,false,keine_gruppe_bekannt,
529900DUYNT6E3JH8B81,Raiffeisenbank Weißkirchen a.d. Traun eGen,CI,Austria,LSI,,,false,false,keine_gruppe_bekannt,
529900DXV1NWTZEU7N92,Raiffeisenbank Krems eGen,CI,Austria,LSI,,,false,false,keine_gruppe_bekannt,
529900E0PUOWI7LOPP89,Raiffeisenbank Gunskirchen eGen,CI,Austria,LSI,,,false,false,keine_gruppe_bekannt,
529900E207YAMW45CB47,Raiffeisenbank Mayrhofen und Umgebung eGen,CI,Austria,LSI,,,false,false,keine_gruppe_bekannt,
529900E4S292AUEPOA58,Raiffeisenbank am Hofsteig registrierte Genossenschaft mit beschränkter Haftung,CI,Austria,LSI,,,false,false,keine_gruppe_bekannt,
529900E9VBPRCM1ALD35,Raiffeisenbank Steinbach-Grünburg eGen,CI,Austria,LSI,,,false,false,keine_gruppe_bekannt,
529900EBSULTTNS1NE94,Raiffeisenbank Region Freistadt eGen,CI,Austria,LSI,,,false,false,keine_gruppe_bekannt,
529900EDACO4YT5O9K42,Raiffeisenbank Nestelbach-Eggersdorf eGen,CI,Austria,LSI,,,false,false,keine_gruppe_bekannt,
529900EE7UGTSIXNVP60,Raiffeisenbank Graz-St. Peter eGen,CI,Austria,LSI,,,false,false,keine_gruppe_bekannt,
529900EHKIU0WY56RO78,Raiffeisenbank Radstadt-Untertauern-Filzmoos-Forstau registrierte Genossenschaft mit beschränkter Haftung,CI,Austria,LSI,,,false,false,keine_gruppe_bekannt,
529900EKSYVO11PXHY85,Raiffeisenbank Gramastetten Rodltal eGen,CI,Austria,LSI,,,false,false,keine_gruppe_bekannt,
529900ELZ6BTRTP6ID16,Raiffeisenbank Wolkersdorf - Auersthal eGen,CI,Austria,LSI,,,false,false,keine_gruppe_bekannt,
529900EO4WC4F1KM1F38,Raiffeisenbank Hallein-Oberalm eGen,CI,Austria,LSI,,,false,false,keine_gruppe_bekannt,
529900EWO973VIBUH148,Raiffeisenkasse Neusiedl a.d.Zaya eGen,CI,Austria,LSI,,,false,false,keine_gruppe_bekannt,
529900EWQDZH4T7BC218,Raiffeisenbank Region Parndorf - Weiden am See eGen,CI,Austria,LSI,,,false,false,keine_gruppe_bekannt,
529900EWR06UH8ANH691,Raiffeisenbank Im Rheintal eGen,CI,Austria,LSI,,,false,false,keine_gruppe_bekannt,
529900EZ238BZ9Q5DV15,Raiffeisenbank Kleinmünchen/Linz eGen,CI,Austria,LSI,,,false,false,keine_gruppe_bekannt,
529900F4PAS0XF12N781,Raiffeisenbank Vorderland registrierte Genossenschaft mit beschränkter Haftung,CI,Austria,LSI,,,false,false,keine_gruppe_bekannt,
529900F9ZP0XDKL33R63,Raiffeisenbank Region Bad Leonfelden eGen,CI,Austria,LSI,,,false,false,keine_gruppe_bekannt,
529900FEID5L4H2T2L70,Raiffeisenlandesbank Vorarlberg Waren- und Revisionsverband registrierte Genossenschaft mit beschränkter Haftung,CI,Austria,LSI,,,true,false,meldet_selbst,
529900FPB63BJZ91F272,Raiffeisenbank Fuschlsee West eGen,CI,Austria,LSI,,,false,false,keine_gruppe_bekannt,
529900FS1NI3QY3KFM24,Raiffeisenbank Mürztal eGen,CI,Austria,LSI,,,false,false,keine_gruppe_bekannt,
529900FT8EQ3UTVPCG65,Raiffeisenbank Mittelkärnten eG,CI,Austria,LSI,,,false,false,keine_gruppe_bekannt,
529900FVKXNY159SQ550,Raiffeisenbank Region Ried i.I. eGen,CI,Austria,LSI,,,false,false,keine_gruppe_bekannt,
529900G0O4D2ZDKYAM83,Raiffeisenbank Region Hartberg eGen,CI,Austria,LSI,,,false,false,keine_gruppe_bekannt,
529900G2JDE29PD6N957,Bankholding Winter & Co. AG,FH,Austria,LSI,,,false,false,keine_gruppe_bekannt,
529900G6PA459NC9MA06,Raiffeisenbank Region Fehring eGen,CI,Austria,LSI,,,false,false,keine_gruppe_bekannt,
529900G8QD457M2SW556,Alpen Privatbank Aktiengesellschaft,CI,Austria,LSI,,,false,false,keine_gruppe_bekannt,
529900GA6PI4RR9P1615,Raiffeisenbank Attergau eGen,CI,Austria,LSI,,,false,false,keine_gruppe_bekannt,
529900GC5ZDA0LHHIK36,Raiffeisenbank Leoben-Bruck eGen,CI,Austria,LSI,,,false,false,keine_gruppe_bekannt,
529900GEAFEARYCL2131,Raiffeisenbank Steyr eGen,CI,Austria,LSI,,,false,false,keine_gruppe_bekannt,
529900GIW7IGDLAYP075,PARTNER BANK AKTIENGESELLSCHAFT,CI,Austria,LSI,,,false,false,keine_gruppe_bekannt,
529900GM7ROAY9MPT913,Raiffeisen Regionalbank Matrei i.O. eGen,CI,Austria,LSI,,,false,false,keine_gruppe_bekannt,
529900GWQUM8QE89CX95,Raiffeisenkasse Haidershofen eGen,CI,Austria,LSI,,,false,false,keine_gruppe_bekannt,
529900H4VZFCVFKLDA98,Raiffeisenbank Region Vöcklabruck eGen,CI,Austria,LSI,,,false,false,keine_gruppe_bekannt,
529900H4WKIZQYKYTF25,Raiffeisenbank Langkampfen-Thiersee eGen,CI,Austria,LSI,,,false,false,keine_gruppe_bekannt,
529900H59EKJMH0GFO68,Raiffeisenbank Region Liezen eGen,CI,Austria,LSI,,,false,false,keine_gruppe_bekannt,
529900HDXLRETP3GDZ20,Raiffeisenbank Vorderbregenzerwald registrierte Genossenschaft mit beschränkter Haftung,CI,Austria,LSI,,,false,false,keine_gruppe_bekannt,
529900HI0747ZYOLS056,Raiffeisenbank Lech am Arlberg eGen,CI,Austria,LSI,,,false,false,keine_gruppe_bekannt,
529900HO75COKM8A9M61,Raiffeisenbank Region Schärding eGen,CI,Austria,LSI,,,false,false,keine_gruppe_bekannt,
529900HQQ5B304CEBH51,Raiffeisenbank Salzburger Seenland eGen,CI,Austria,LSI,,,false,false,keine_gruppe_bekannt,
529900HUNXOFZ7HGUU35,Raiffeisenbank Gleinstätten-Leutschach-Wildon,CI,Austria,LSI,,,false,false,keine_gruppe_bekannt,
529900I4P8L3QJ7U7U57,Raiffeisenbank Pyhrn-Priel eGen,CI,Austria,LSI,,,false,false,keine_gruppe_bekannt,
529900I5VIERNMU0B764,Raiffeisenbank Drautal registrierte Genossenschaft mit beschränkter Haftung,CI,Austria,LSI,,,false,false,keine_gruppe_bekannt,
529900IE8J660F7TG961,Raiffeisenbank Wels Süd eGen,CI,Austria,LSI,,,false,false,keine_gruppe_bekannt,
529900IJ7KCTOTCIET29,Raiffeisenbank Hollabrunn eGen,CI,Austria,LSI,,,false,false,keine_gruppe_bekannt,
529900IN46275E6A7F39,Raiffeisenbank Großgmain eGen,CI,Austria,LSI,,,false,false,keine_gruppe_bekannt,
529900IQMS1E10HN8V33,Volkskredit Verwaltungsgenossenschaft registrierte Genossenschaft mit beschränkter Haftung,FH,Austria,LSI,,,false,false,keine_gruppe_bekannt,
529900IRWR9MEXI1D219,Raiffeisenbank Weyer eGen,CI,Austria,LSI,,,false,false,keine_gruppe_bekannt,
529900ISXKZVQAY6KO53,Raiffeisenbank Mittleres Lavanttal eGen,CI,Austria,LSI,,,false,false,keine_gruppe_bekannt,
529900J5TTRCNNV7T835,Raiffeisenbank Liesingtal-St.Stefan eGen,CI,Austria,LSI,,,false,false,keine_gruppe_bekannt,
529900JMI1YID6P79693,"Winter, Stern Familien Privatstiftung",FH,Austria,LSI,,,false,false,keine_gruppe_bekannt,
529900JNB0LJUQY0UH90,Raiffeisenkasse Dobersberg-Waldkirchen eGen,CI,Austria,LSI,,,false,false,keine_gruppe_bekannt,
529900JQOOP40RCT9O97,Raiffeisenbank Attersee-Süd eGen,CI,Austria,LSI,,,false,false,keine_gruppe_bekannt,
529900JRPX3ZQ025KP77,Raiffeisenbank Kundl-Münster eGen,CI,Austria,LSI,,,false,false,keine_gruppe_bekannt,
529900JSUX30WA3SLJ75,"Raiffeisenkasse für Mutters, Natters und Kreith registrierte Genossenschaft mit beschränkter Haftung",CI,Austria,LSI,,,false,false,keine_gruppe_bekannt,
529900JVEDZDVL51Z085,Raiffeisenbank Leibnitz eGen,CI,Austria,LSI,,,false,false,keine_gruppe_bekannt,
529900K1JBMMT2QTSF23,Raiffeisenbank Feldkirchen-Goldwörth eGen,CI,Austria,LSI,,,false,false,keine_gruppe_bekannt,
529900KD0L0FDTDAPJ25,Posojilnica eGen,FH,Austria,LSI,,,false,false,keine_gruppe_bekannt,
529900KELJW0X5IGKS48,Raiffeisenbank Straßwalchen eGen,CI,Austria,LSI,,,false,false,keine_gruppe_bekannt,
529900KGROBWC23LXL85,Raiffeisenbank Hippach-Hart eGen.,CI,Austria,LSI,,,false,false,keine_gruppe_bekannt,
529900KKMSLF6I7F5T86,Raiffeisenbank Aichfeld eGen,CI,Austria,LSI,,,false,false,keine_gruppe_bekannt,
529900KM8P1Q4L0HCX48,Raiffeisenbank Region Fürstenfeld eGen,CI,Austria,LSI,,,false,false,keine_gruppe_bekannt,
529900KN7BJCPCXNHH34,Raiffeisenbank Golling-Scheffau-Kellau registrierte Genossenschaft mit beschränkter Haftung,CI,Austria,LSI,,,false,false,keine_gruppe_bekannt,
529900KNDF2BG6A18Q42,Raiffeisenbank Walding-Ottensheim eGen,CI,Austria,LSI,,,false,false,keine_gruppe_bekannt,
529900KUZWNTDRVVC681,Raiffeisenbank Aist eGen,CI,Austria,LSI,,,false,false,keine_gruppe_bekannt,
529900KVZTRFYOIY3C40,Raiffeisenbank Oberes Innviertel eGen,CI,Austria,LSI,,,false,false,keine_gruppe_bekannt,
529900KYPXTATAT5ZN25,Raiffeisenbank Zirbenland eGen,CI,Austria,LSI,,,false,false,keine_gruppe_bekannt,
529900L0C41F3FUM7O57,Raiffeisenbank Hohenems registrierte Genossenschaft mit beschränkter Haftung,CI,Austria,LSI,,,false,false,keine_gruppe_bekannt,
529900L1D5CYVFE95A28,Raiffeisenbank Mittel- und Hinterbregenzerwald eGen,CI,Austria,LSI,,,false,false,keine_gruppe_bekannt,
529900L2BWCD9XBNJL68,Raiffeisenbank Taxenbach eGen,CI,Austria,LSI,,,false,false,keine_gruppe_bekannt,
529900L89TGSPV9OU151,Porsche Bank Aktiengesellschaft,CI,Austria,LSI,,,true,false,meldet_selbst,
529900LKC78RCPF4OP49,Raiffeisenbank Hohe Tauern eGen,CI,Austria,LSI,,,false,false,keine_gruppe_bekannt,
529900LU7D396TOO3B50,Raiffeisenverband Salzburg eGen,CI,Austria,LSI,,,true,false,meldet_selbst,
529900LX5BCXIMF39933,"Raiffeisenkasse Schlitters, Bruck und Straß registrierte Genossenschaft mit beschränkter Haftung",CI,Austria,LSI,,,false,false,keine_gruppe_bekannt,
529900LYICCHVV23LU18,"Raiffeisenbank Grafenstein-Magdalensberg und Umgebung, registrierte Genossenschaft mit beschränkter Haftung",CI,Austria,LSI,,,false,false,keine_gruppe_bekannt,
529900LYL30YXPC9A987,"Raiffeisen-Bezirksbank Spittal/Drau, registrierte Genossenschaft mit beschränkter Haftung",CI,Austria,LSI,,,false,false,keine_gruppe_bekannt,
529900MNB4WYVQMHEP34,Raiffeisenbank Tirol Mitte West eGen,CI,Austria,LSI,,,false,false,keine_gruppe_bekannt,
529900MOXX01XJZWOQ09,Raiffeisenbank Salzkammergut eGen,CI,Austria,LSI,,,false,false,keine_gruppe_bekannt,
529900MTQXTM5IIGOI81,Generali Bank AG,CI,Austria,LSI,,,false,false,keine_gruppe_bekannt,
529900MTWFN2HIFCZ902,Satere Beteiligungsverwaltungs GmbH,FH,Austria,LSI,,,false,false,keine_gruppe_bekannt,
529900MZNQDC3A3WSZ72,Liechtensteinische Landesbank (Österreich) AG,CI,Austria,LSI,,,false,false,keine_gruppe_bekannt,
529900N9C4Q1U8GYMT96,Raiffeisenbank Flachgau Mitte eGen,CI,Austria,LSI,,,false,false,keine_gruppe_bekannt,
529900N9DET1J9AK9J78,Raiffeisenbank Region Schwechat eGen,CI,Austria,LSI,,,false,false,keine_gruppe_bekannt,
529900NGXFVA0XEAJM19,Raiffeisenbank Langenlois eGen,CI,Austria,LSI,,,false,false,keine_gruppe_bekannt,
529900NHKL8DBSHOLY20,Raiffeisenkasse Heiligeneich eGen,CI,Austria,LSI,,,false,false,keine_gruppe_bekannt,
529900NNQW9IAE32GQ07,GRAWE-Vermögensverwaltung,FH,Austria,LSI,,,true,false,meldet_selbst,
529900NOCM598IG2HZ91,"Raiffeisenbank Moosburg-Tigring, registrierte Genossenschaft mit beschränkter Haftung",CI,Austria,LSI,,,false,false,keine_gruppe_bekannt,
529900NPXLPY9ZGPM933,Raiffeisenbank Matrei am Brenner und Umgebung eGen,CI,Austria,LSI,,,false,false,keine_gruppe_bekannt,
529900O1U4B6CE4BZD76,Raiffeisenbank Neusiedlersee-Hügelland eGen,CI,Austria,LSI,,,false,false,keine_gruppe_bekannt,
529900O280AF6DZYQG85,Raiffeisenbank Oberes Lavanttal - St. Paul eG,CI,Austria,LSI,,,false,false,keine_gruppe_bekannt,
529900OB49JFT03YO325,Raiffeisenbank Schladming-Gröbming eGen,CI,Austria,LSI,,,false,false,keine_gruppe_bekannt,
529900OCERC8S9IGQJ90,Raiffeisenbank Bezau-Mellau-Bizau registrierte Genossenschaft mit beschränkter Haftung,CI,Austria,LSI,,,false,false,keine_gruppe_bekannt,
529900OCFXUE12L42K23,Raiffeisenbank Region Amstetten eGen,CI,Austria,LSI,,,false,false,keine_gruppe_bekannt,
529900ONK58CVJYL2G05,Raiffeisenbank Region Braunau eGen,CI,Austria,LSI,,,false,false,keine_gruppe_bekannt,
529900OWAHL9U8K9E874,Raiffeisenbank Murau eGen,CI,Austria,LSI,,,false,false,keine_gruppe_bekannt,
529900P3CZ7LEADT4B05,Raiffeisenbank Sillian – Lienzer Talboden eGen,CI,Austria,LSI,,,false,false,keine_gruppe_bekannt,
529900P6ELWHYX9UA822,Raiffeisenbank St.Gilgen-Fuschl-Strobl eGen,CI,Austria,LSI,,,false,false,keine_gruppe_bekannt,
529900PAQ1Q90FL2SR40,Raiffeisenbank Wildschönau eGen.,CI,Austria,LSI,,,false,false,keine_gruppe_bekannt,
529900PE90YKMGGZMM05,Raiffeisenbank Region Traun-Alm eGen,CI,Austria,LSI,,,false,false,keine_gruppe_bekannt,
529900PI0PFKC7SJX125,Raiffeisen Regionalbank Schwaz-Wattens eGen,CI,Austria,LSI,,,false,false,keine_gruppe_bekannt,
529900PN604MO3H4BI83,Raiffeisenbank Lungau eGen,CI,Austria,LSI,,,false,false,keine_gruppe_bekannt,
529900PPVG3BDSDC4D89,Raiffeisenbank Ilz-Großsteinbach-Riegersburg eGen,CI,Austria,LSI,,,false,false,keine_gruppe_bekannt,
529900PRWY39ZU97UW60,Raiffeisenbank Serfaus-Fiss-Ried-Nauders eGen,CI,Austria,LSI,,,false,false,keine_gruppe_bekannt,
529900PUH54CHFZDH147,Raiffeisenbank Wipptal-Stubaital Mitte eGen,CI,Austria,LSI,,,false,false,keine_gruppe_bekannt,
529900PY8HJ7S90H3468,Raiffeisenbank Anthering - Elixhausen eGen,CI,Austria,LSI,,,false,false,keine_gruppe_bekannt,
529900PYOALDPA9SZA21,Raiffeisenbank Wr. Neustadt-Schneebergland eGen,CI,Austria,LSI,,,false,false,keine_gruppe_bekannt,
529900Q12376FYIQE036,Raiffeisenkasse Ernstbrunn eGen,CI,Austria,LSI,,,false,false,keine_gruppe_bekannt,
529900Q2R5PBFJM74T48,Raiffeisenbank im Thayatal eGen,CI,Austria,LSI,,,false,false,keine_gruppe_bekannt,
529900QBRRD2OSTO1J36,Raiffeisenbank Traisen-Gölsental eGen,CI,Austria,LSI,,,false,false,keine_gruppe_bekannt,
529900QC8RSY99BN3H06,DolomitenBank Osttirol-Westkärnten eG,CI,Austria,LSI,,,false,false,keine_gruppe_bekannt,
529900QGUU1U8P6VE060,Raiffeisenbank Oberland-Reutte eGen,CI,Austria,LSI,,,false,false,keine_gruppe_bekannt,
529900QKLWKZ49J6PF68,Raiffeisenbank Mondseeland eGen,CI,Austria,LSI,,,false,false,keine_gruppe_bekannt,
529900QLEC5P826ESS32,Raiffeisenbank Kalsdorf-Lieboch-Stainz eGen,CI,Austria,LSI,,,false,false,keine_gruppe_bekannt,
529900QOLXPM7KG1E873,RaiffeisenBank Going eGen,CI,Austria,LSI,,,false,false,keine_gruppe_bekannt,
529900QPSJDW4Z12VO64,Raiffeisenbank Montfort eGen,CI,Austria,LSI,,,false,false,keine_gruppe_bekannt,
529900QRFKD32R2U5K09,Raiffeisenbank Passail eGen,CI,Austria,LSI,,,false,false,keine_gruppe_bekannt,
529900QRUZGO2FG88U17,Raiffeisenbank Region Eferding eGen,CI,Austria,LSI,,,false,false,keine_gruppe_bekannt,
529900QYEJ2GYSWK1F08,RLB-Stmk Verbund eGen,FH,Austria,LSI,,,true,false,meldet_selbst,
529900R2QL3C2AINYG94,Raiffeisenbank Gratkorn eGen,CI,Austria,LSI,,,false,false,keine_gruppe_bekannt,
529900R8A17HZU8IB793,Raiffeisen Bezirksbank Neusiedl Ost,CI,Austria,LSI,,,false,false,keine_gruppe_bekannt,
529900RCLERIIXF4QM23,bank99 AG,CI,Austria,LSI,,,true,false,meldet_selbst,
529900RD4I6JQDY6HA87,Raiffeisenbank Oberpinzgau eGen,CI,Austria,LSI,,,false,false,keine_gruppe_bekannt,
529900RFVP5GLLQOIN21,Raiffeisenbank Region Wiener Alpen eGen,CI,Austria,LSI,,,false,false,keine_gruppe_bekannt,
529900RK0V6Z8BYXRO14,Raiffeisenbank Region Gallneukirchen eGen,CI,Austria,LSI,,,false,false,keine_gruppe_bekannt,
529900ROD7LCYFUHIV64,Raiffeisenbank Region Radkersburg eGen,CI,Austria,LSI,,,false,false,keine_gruppe_bekannt,
529900RQ94JHBXLQYS17,Raiffeisenbank Mittlere Südoststeiermark eGen,CI,Austria,LSI,,,false,false,keine_gruppe_bekannt,
529900RXFRWBLUILY550,"Raiffeisenbank Lavamünd, registrierte Genossenschaft mit beschränkter Haftung",CI,Austria,LSI,,,false,false,keine_gruppe_bekannt,
529900RZCTL7FS07IX41,Raiffeisenbank Saalbach-Hinterglemm-Viehhofen eGen,CI,Austria,LSI,,,false,false,keine_gruppe_bekannt,
529900S1E4L6A03YXJ15,Raiffeisenbank Lieser-Maltatal eG,CI,Austria,LSI,,,false,false,keine_gruppe_bekannt,
529900S2OJ5QFB1T2N70,Raiffeisenbank Mariazellerland eGen,CI,Austria,LSI,,,false,false,keine_gruppe_bekannt,
529900S6MFG60PNF4258,Raiffeisenbank Donau-Ameisberg eGen,CI,Austria,LSI,,,false,false,keine_gruppe_bekannt,
529900S7RDLH962SLR89,Raiffeisenbank Süd-Weststeiermark eGen,CI,Austria,LSI,,,false,false,keine_gruppe_bekannt,
529900S9TROSI3DQS421,Raiffeisenbank Großglockner-Weissensee eG,CI,Austria,LSI,,,false,false,keine_gruppe_bekannt,
529900SATWR4ODD5IU36,Raiffeisenbank Heiligenkreuz-Kirchbach -St. Georgen eGen,CI,Austria,LSI,,,false,false,keine_gruppe_bekannt,
529900SB2SZS3VO8TA36,Raiffeisenbank Eberndorf registrierte Genossenschaft mit beschränkter Haftung,CI,Austria,LSI,,,false,false,keine_gruppe_bekannt,
529900SBTI63M33ETL90,Raiffeisenbank Faistenau-Hintersee eGen,CI,Austria,LSI,,,false,false,keine_gruppe_bekannt,
529900SHKXCII9J8CF28,BMW Austria Bank GmbH,CI,Austria,LSI,,,false,false,keine_gruppe_bekannt,
529900SRZ6M5Q9BO3131,WSK Bank AG,CI,Austria,LSI,,,false,false,keine_gruppe_bekannt,
529900TC3EY5B3RLQ506,Raiffeisenbank Region Schwanenstadt eGen,CI,Austria,LSI,,,false,false,keine_gruppe_bekannt,
529900TM5Z07RGPDPP86,Raiffeisenbank St. Johann-Wagrain-Kleinarl eGen,CI,Austria,LSI,,,false,false,keine_gruppe_bekannt,
529900TN0TW2D7KQBH06,Raiffeisenbank Untersberg eGen,CI,Austria,LSI,,,false,false,keine_gruppe_bekannt,
529900TRSKXWKPSSOP03,Raiffeisenbank Handenberg - St. Georgen a. F. eGen,CI,Austria,LSI,,,false,false,keine_gruppe_bekannt,
529900TXERM62NN2XR18,Raiffeisenbank Wagram-Schmidatal eGen,CI,Austria,LSI,,,false,false,keine_gruppe_bekannt,
529900UFR4VRQYMN1D26,Raiffeisenbezirksbank Oberwart eGen,CI,Austria,LSI,,,false,false,keine_gruppe_bekannt,
529900UKPGGXLL5DS585,Raiffeisenbank Seefeld-Leutasch-Reith-Scharnitz registrierte Genossenschaft mit beschränkter Haftung,CI,Austria,LSI,,,false,false,keine_gruppe_bekannt,
529900UL1TXJ2CX4G795,Raiffeisenbank Pitztal eGen,CI,Austria,LSI,,,false,false,keine_gruppe_bekannt,
529900UNUKYZ9HND3309,Raiffeisen-Landesbank Steiermark AG,CI,Austria,LSI,,,false,false,keine_gruppe_bekannt,
529900UV9NELX3COCG58,Raiffeisenbank Sölden eGen,CI,Austria,LSI,,,false,false,keine_gruppe_bekannt,
529900UVX2XR8Y4ZUQ97,Raiffeisenbank Region Villach eG,CI,Austria,LSI,,,false,false,keine_gruppe_bekannt,
529900UY9ALV06KXQA86,Raiffeisenbank Wienerwald eGen,CI,Austria,LSI,,,false,false,keine_gruppe_bekannt,
529900V2939FDC9YKQ07,Bausparkasse Wüstenrot Aktiengesellschaft,CI,Austria,LSI,,,false,false,keine_gruppe_bekannt,
529900V3U02PY23N1L13,Raiffeisenbank Region Baden eGen,CI,Austria,LSI,,,false,false,keine_gruppe_bekannt,
529900VD28IW1IHAKM38,Raiffeisenbank Ennstal eGen,CI,Austria,LSI,,,false,false,keine_gruppe_bekannt,
529900VJCGLCR4SHRC78,Bank Winter & Co. AG,CI,Austria,LSI,,,false,false,keine_gruppe_bekannt,
529900VJJC1WXQU3Y063,ICBC Austria Bank GmbH,CI,Austria,LSI,,,false,false,keine_gruppe_bekannt,
529900VO5UQH96VLTA87,Raiffeisenbank Wilder Kaiser - Brixental West eGen,CI,Austria,LSI,,,false,false,keine_gruppe_bekannt,
529900VUMWR5RIA1I644,Raiffeisenlandesbank Burgenland und Revisionsverband eGen,CI,Austria,LSI,,,false,false,keine_gruppe_bekannt,
529900VYY1MRNR59PN57,Wiener Privatbank SE,CI,Austria,LSI,,,false,false,keine_gruppe_bekannt,
529900W1A4T0O6Z1NS59,Raiffeisenbank Weinviertel Nordost eGen,CI,Austria,LSI,,,false,false,keine_gruppe_bekannt,
529900W37B04Y1BE0215,Poso Bank AG,CI,Austria,LSI,,,false,false,keine_gruppe_bekannt,
529900W4Z3RNACRRNH50,Raiffeisenbank Bodensee-Leiblachtal eGen,CI,Austria,LSI,,,false,false,keine_gruppe_bekannt,
529900WA7GAUPFZW3G52,Raiffeisenkasse Orth a.d. Donau eGen,CI,Austria,LSI,,,false,false,keine_gruppe_bekannt,
529900WAA7HEARUX0S78,Raiffeisenbank Wallersee eGen,CI,Austria,LSI,,,false,false,keine_gruppe_bekannt,
529900WDQXD1PFX4Z714,Raiffeisenbank Seefeld-Hadres eGen,CI,Austria,LSI,,,false,false,keine_gruppe_bekannt,
529900WF4Z4DH3I27N63,Raiffeisenbank Region Peuerbach eGen,CI,Austria,LSI,,,false,false,keine_gruppe_bekannt,
529900WKMGV4YQB28F12,Raiffeisenbank Altenmarkt-Flachau-Eben eGen,CI,Austria,LSI,,,false,false,keine_gruppe_bekannt,
529900WSSQ6JIRC66D02,Banco do Brasil Aktiengesellschaft,CI,Austria,LSI,,,false,false,keine_gruppe_bekannt,
529900WWA9MN29QT8B70,Raiffeisenbank Millstättersee eG,CI,Austria,LSI,,,false,false,keine_gruppe_bekannt,
529900X0E841KVE4VX13,Raiffeisenbank Wels eGen,CI,Austria,LSI,,,false,false,keine_gruppe_bekannt,
529900X110E4BDKR0G09,Raiffeisenbank Stallhofen eGen,CI,Austria,LSI,,,false,false,keine_gruppe_bekannt,
529900XG9P1JQ1NMJ395,Raiffeisenbank Kitzbühel - St. Johann eGen,CI,Austria,LSI,,,false,false,keine_gruppe_bekannt,
529900XI27JP2V48OI16,RAIFFEISENBANK im Walgau eGen,CI,Austria,LSI,,,false,false,keine_gruppe_bekannt,
529900XS6MCV68IFRW92,Raiffeisenbank Weststeiermark eGen,CI,Austria,LSI,,,false,false,keine_gruppe_bekannt,
529900XUR3TQNOWU1A10,Raiffeisenbank Region Neufelden eGen,CI,Austria,LSI,,,false,false,keine_gruppe_bekannt,
529900XW859RR8KRJQ73,Raiffeisen Regionalbank Güssing-Jennersdorf eGen,CI,Austria,LSI,,,false,false,keine_gruppe_bekannt,
529900Y3Z5A9HLAUEP44,Raiffeisenbank Mittleres Mostviertel eGen,CI,Austria,LSI,,,false,false,keine_gruppe_bekannt,
529900Y5NUIF87YASP37,Raiffeisenbank Region Gleisdorf-Pischelsdorf eGen,CI,Austria,LSI,,,false,false,keine_gruppe_bekannt,
529900YCZ4T4BKB8PI34,Raiffeisenbank Bruck-Carnuntum eGen,CI,Austria,LSI,,,false,false,keine_gruppe_bekannt,
529900YEF6WYOHE9PX96,Raiffeisenkasse Blindenmarkt eGen,CI,Austria,LSI,,,false,false,keine_gruppe_bekannt,
529900YEZT2PSKDO2832,Raiffeisenbank Perg eGen,CI,Austria,LSI,,,false,false,keine_gruppe_bekannt,
529900YHY8PTX0T5N627,Raiffeisenbank Kreuzenstein eGen,CI,Austria,LSI,,,false,false,keine_gruppe_bekannt,
529900YKUKGMCT6COC26,Raiffeisenbank Steirisches Salzkammergut - Öblarn eGen,CI,Austria,LSI,,,false,false,keine_gruppe_bekannt,
529900YKWSR6JLGDW672,Raiffeisenbank Region St. Pölten eGen,CI,Austria,LSI,,,false,false,keine_gruppe_bekannt,
529900YQLHW3085F3J71,Raiffeisenbank Gross Gerungs eGen,CI,Austria,LSI,,,false,false,keine_gruppe_bekannt,
529900YRK4IO35RLYM24,Raiffeisenbank Arlberg Silvretta eGen,CI,Austria,LSI,,,false,false,keine_gruppe_bekannt,
529900YTBQ5AY4TZKS87,Raiffeisenbank Region Kirchdorf eGen,CI,Austria,LSI,,,false,false,keine_gruppe_bekannt,
529900YU8L8AH5QFI983,Wüstenrot Bank AG,CI,Austria,LSI,,,false,false,keine_gruppe_bekannt,
529900YXRNPC5YDM1P93,Raiffeisenbank Hüttau-St. Martin-Niedernfritz registrierte Genossenschaft mit beschränkter Haftung,CI,Austria,LSI,,,false,false,keine_gruppe_bekannt,
529900YZ7SCJRD675M60,Raiffeisenbank Bludenz-Montafon eGen,CI,Austria,LSI,,,false,false,keine_gruppe_bekannt,
529900ZBDIG1HKCZ8X35,Raiffeisenbank Grünau - St. Konrad - Scharnstein eGen,CI,Austria,LSI,,,false,false,keine_gruppe_bekannt,
529900ZF1HXFXZ5JBG77,Raiffeisenbank Inneres Salzkammergut eGen,CI,Austria,LSI,,,false,false,keine_gruppe_bekannt,
529900ZIRPCT06LI2591,Raiffeisenbank Vitis eGen,CI,Austria,LSI,,,false,false,keine_gruppe_bekannt,
529900ZLBMGIJKNXSD23,Raiffeisenkasse Villgratental eGen,CI,Austria,LSI,,,false,false,keine_gruppe_bekannt,
529900ZLDHV67QISV317,Raiffeisenbank Burgenland Mitte eGen,CI,Austria,LSI,,,false,false,keine_gruppe_bekannt,
529900ZPKTLPXOZIRG88,Raiffeisenbank Region Deutschkreutz-Horitschon eGen,CI,Austria,LSI,,,false,false,keine_gruppe_bekannt,
529900ZRHSL769NX0G06,Raiffeisenbank Kuchl-St. Koloman eGen,CI,Austria,LSI,,,false,false,keine_gruppe_bekannt,
529900ZVK4VTIS0TOT43,DenizBank AG,CI,Austria,LSI,,,true,false,meldet_selbst,
5493007BWYDPQZLZ0Y27,HYPO NOE Landesbank für Niederösterreich und Wien AG,CI,Austria,LSI,,,true,false,meldet_selbst,
549300IEVCBWVV97WC81,Kommunalkredit Austria AG,CI,Austria,LSI,,,false,false,keine_gruppe_bekannt,
549300KFLI6V2PUY8522,Bank Gutmann Aktiengesellschaft,CI,Austria,LSI,,,false,false,keine_gruppe_bekannt,
549300MD0MH7D38WOH93,Marchfelder Bank eG,CI,Austria,LSI,,,false,false,keine_gruppe_bekannt,
549300POR1VXCUOJ3V54,Western Union International Bank GmbH,CI,Austria,LSI,,,false,false,keine_gruppe_bekannt,
875500O4653L15I41209,Western Union Overseas Ltd.,FH,Austria,LSI,,,false,false,keine_gruppe_bekannt,
NS54DT27LJMDYN1YFP35,Hypo Vorarlberg Bank AG,CI,Austria,LSI,,,false,false,keine_gruppe_bekannt,
RRUN0TCQ1K2JDV7MXO75,Oberbank AG,CI,Austria,LSI,,,true,false,meldet_selbst,
54930005DD2HH36LIR91,Delen Private Bank SA,CI,Belgium,LSI,,,false,false,keine_gruppe_bekannt,
54930060Q00W1SRIUI57,vdk bank,CI,Belgium,LSI,,,true,false,meldet_selbst,
54930084TZJBK6D1AY92,VAN DE PUT & CO Private Bankers,CI,Belgium,LSI,,,false,false,keine_gruppe_bekannt,
5493008BATDQM2LE5Z97,Byblos Bank Europe,CI,Belgium,LSI,,,false,false,keine_gruppe_bekannt,
549300APOHPVL4YFCA77,Banque Eni SA,CI,Belgium,LSI,,,false,false,keine_gruppe_bekannt,
549300CBNW05DILT6870,Euroclear SA,FH,Belgium,LSI,,,false,false,keine_gruppe_bekannt,
549300EMW7AECU3N6X07,BankB,CI,Belgium,LSI,,,false,false,keine_gruppe_bekannt,
549300GFYXO0IJ3KY349,Datex,FH,Belgium,LSI,,,false,false,keine_gruppe_bekannt,
549300GN1OZCOY5S7285,Banque CPH,CI,Belgium,LSI,,,false,false,keine_gruppe_bekannt,
549300IQZVZ949N37S44,Euroclear Holding SA/NV,FH,Belgium,LSI,,,true,false,meldet_selbst,
549300OZ46BRLZ8Y6F65,Euroclear Bank,CI,Belgium,LSI,,,false,false,keine_gruppe_bekannt,
549300TDPXT0OW2AY198,FinAx NV,FH,Belgium,LSI,,,true,false,meldet_selbst,
549300UZW78KEHRUB928,United Taiwan Bank SA,CI,Belgium,LSI,,,false,false,keine_gruppe_bekannt,
549300Y3RTKH8O8DYY87,Bank J. Van Breda en C° NV,CI,Belgium,LSI,,,false,false,keine_gruppe_bekannt,
2138007DX2PGI77JX128,Municipal Bank AD,CI,Bulgaria,LSI,,,false,false,keine_gruppe_bekannt,
254900L7CVD9I5W3IH41,Bago (Luxembourg) Top Holding S.à r.l.,FH,Bulgaria,LSI,,,false,false,keine_gruppe_bekannt,
259400UB1DGSK7SCP470,Allianz Bank Bulgaria AD,CI,Bulgaria,LSI,,,false,false,keine_gruppe_bekannt,
5299002142DS5ONT5540,Central Cooperative Bank AD,CI,Bulgaria,LSI,,,false,false,keine_gruppe_bekannt,
5299005OQIUZZAFLA333,Tokuda Bank AD,CI,Bulgaria,LSI,,,false,false,keine_gruppe_bekannt,
5299007I6XULEQYH1B18,D Commerce Bank AD,CI,Bulgaria,LSI,,,false,false,keine_gruppe_bekannt,
529900EKPN8EYA3AX590,Texim Bank AD,CI,Bulgaria,LSI,,,true,false,meldet_selbst,
529900KIX7269PVMPY26,TBI Bank EAD,CI,Bulgaria,LSI,,,false,false,keine_gruppe_bekannt,
529900N42RG1Q1474762,Investbank AD,CI,Bulgaria,LSI,,,false,false,keine_gruppe_bekannt,
529900NJYUGRO908KV84,ALLIANZ BULGARIA HOLDING AD,MFH,Bulgaria,LSI,,,true,false,meldet_selbst,
529900NLNI85YIRQX052,ProCredit Bank (Bulgaria) EAD,CI,Bulgaria,LSI,,,false,false,keine_gruppe_bekannt,
529900RPGHC6DQEQL615,International Asset Bank AD,CI,Bulgaria,LSI,,,true,false,meldet_selbst,
529900UTZ5VF4APIJR57,Bulgarian-American Credit Bank AD,CI,Bulgaria,LSI,,,false,false,keine_gruppe_bekannt,
549300615CPXQO52J309,Bulgarian Development Bank,CI,Bulgaria,LSI,,,false,false,keine_gruppe_bekannt,
549300UY81ESCZJ0GR95,First Investment Bank AD,CI,Bulgaria,LSI,,,true,false,meldet_selbst,
549300V3QHO9FX7LC461,Invest Capital AD,FH,Bulgaria,LSI,,,false,false,keine_gruppe_bekannt,
9845009BE414FBF82130,Festa Holding AD,FH,Bulgaria,LSI,,,true,false,meldet_selbst,
097900BFBJ0000007250,Samoborska banka d.d.,CI,Croatia,LSI,,,false,false,keine_gruppe_bekannt,
213800SRX7OTZCOYXQ97,Istarska kreditna banka Umag d.d.,CI,Croatia,LSI,,,false,false,keine_gruppe_bekannt,
3157001H8N2Q741MIT70,Karlovačka banka d.d.,CI,Croatia,LSI,,,false,false,keine_gruppe_bekannt,
315700Q1DHHS9RDVHY29,Banka Kovanica d.d.,CI,Croatia,LSI,,,false,false,keine_gruppe_bekannt,
529900086UL2LKA05756,Croatia banka d.d.,CI,Croatia,LSI,,,false,false,keine_gruppe_bekannt,
5299005UJX6K7BQKV086,OTP banka d.d.,CI,Croatia,LSI,,,true,false,meldet_selbst,
529900B24VS047JP5859,J&T banka d.d.,CI,Croatia,LSI,,,false,false,keine_gruppe_bekannt,
529900D5G4V6THXC5P79,Hrvatska poštanska banka d.d.,CI,Croatia,LSI,,,true,false,meldet_selbst,
529900LSO9YYPL05B152,Podravska banka d.d.,CI,Croatia,LSI,,,false,false,keine_gruppe_bekannt,
529900U4BZ9LB55FWR79,Solvera stambena štedionica d.d.,CI,Croatia,LSI,,,false,false,keine_gruppe_bekannt,
54930031QFC4ME17BK12,Slatinska banka d.d.,CI,Croatia,LSI,,,false,false,keine_gruppe_bekannt,
549300GO4DX1OE3MT584,KentBank d.d.,CI,Croatia,LSI,,,false,false,keine_gruppe_bekannt,
549300MXKMPGM4KO7123,Imex banka d.d.,CI,Croatia,LSI,,,false,false,keine_gruppe_bekannt,
549300XIM24KBQS8HU64,Agram banka d.d.,CI,Croatia,LSI,,,false,false,keine_gruppe_bekannt,
549300XOV1SBR5LT5Q03,Partner banka d.d.,CI,Croatia,LSI,,,false,false,keine_gruppe_bekannt,
213800CBW4NPFP73ZK64,Ancoria Investments Plc,FH,Cyprus,LSI,,,true,false,meldet_selbst,
213800HYE2VYP5WKFI43,Housing Finance Corporation,CI,Cyprus,LSI,,,true,false,meldet_selbst,
213800J6YAAN1NRSD427,Ancoria Bank Limited,CI,Cyprus,LSI,,,false,false,keine_gruppe_bekannt,
213800P1P13ABO5R9V78,Société Générale Bank - Cyprus Ltd,CI,Cyprus,LSI,,,true,false,meldet_selbst,
549300TTZTKBUFKWH890,The Cyprus Development Bank Public Company Ltd,CI,Cyprus,LSI,,,true,false,meldet_selbst,
2138005M92IEIQVEL297,AS Inbank,CI,Estonia,LSI,,,true,false,meldet_selbst,
254900056PL2RGXTMZ91,Koduliising OÜ,FH,Estonia,LSI,,,false,false,keine_gruppe_bekannt,
25490087XKGBK7X97W87,Holm Bank AS,CI,Estonia,LSI,,,false,false,keine_gruppe_bekannt,
5493007SWCCN9S3J2748,Bigbank AS,CI,Estonia,LSI,,,true,false,meldet_selbst,
549300EHNXQVOI120S55,Coop Pank AS,CI,Estonia,LSI,,,true,false,meldet_selbst,
5493009ZDBVG2CO1O689,Suomen Hypoteekkiyhdistys,CI,Finland,LSI,,,false,false,keine_gruppe_bekannt,
7437000288KOR9QXF432,Kyrön Seudun Osuuspankki,CI,Finland,LSI,,,false,false,keine_gruppe_bekannt,
7437000I5X6LNQOW6U59,Säästöpankkien Keskuspankki Suomi Oy,CI,Finland,LSI,,,false,false,keine_gruppe_bekannt,
7437000IS2BIUOUL3547,Hetki Osuuspankki,CI,Finland,LSI,,,false,false,keine_gruppe_bekannt,
7437001BISR7R2A9KX89,SP-Kiinnitysluottopankki Oyj,CI,Finland,LSI,,,false,false,keine_gruppe_bekannt,
7437002J4NTT46IK2J75,Ekenäs Sparbank Ab,CI,Finland,LSI,,,false,false,keine_gruppe_bekannt,
7437002WC51RDNI14T18,Aito Säästöpankki Oy,CI,Finland,LSI,,,false,false,keine_gruppe_bekannt,
7437003G88EHT2TMK409,Danske Kiinnitysluottopankki Oyj,CI,Finland,LSI,,,false,false,keine_gruppe_bekannt,
7437003UA4JF4K4XWI06,Lammin Osuuspankki,CI,Finland,LSI,,,false,false,keine_gruppe_bekannt,
7437005892K69S3MW344,Säästöpankkiliitto osk,FH,Finland,LSI,,,true,false,meldet_selbst,
7437005HI4U9OS7KU258,Honkajoen Osuuspankki,CI,Finland,LSI,,,false,false,keine_gruppe_bekannt,
7437006WYM821IJ3MN73,Ålandsbanken Abp,CI,Finland,LSI,,,true,false,meldet_selbst,
743700ASHJUFQ5382C78,Nivalan Järvikylän Osuuspankki,CI,Finland,LSI,,,false,false,keine_gruppe_bekannt,
743700DJU06WXEN6YC93,Järvi-Suomen Osuuspankki,CI,Finland,LSI,,,false,false,keine_gruppe_bekannt,
743700DWED2928QN4M09,Lanneveden Osuuspankki,CI,Finland,LSI,,,false,false,keine_gruppe_bekannt,
743700EFPGKNUCZAV464,Kannonkosken Osuuspankki,CI,Finland,LSI,,,false,false,keine_gruppe_bekannt,
743700EJGEPWQ4OZX245,Avain Säästöpankki,CI,Finland,LSI,,,false,false,keine_gruppe_bekannt,
743700F57EZ90VBZ4725,Säästöpankki Kalanti-Pyhäranta,CI,Finland,LSI,,,false,false,keine_gruppe_bekannt,
743700FGFCZYI6SXEG06,Säästöpankki Helsinki Oy,CI,Finland,LSI,,,false,false,keine_gruppe_bekannt,
743700FTBNXAUN57RH30,S-Pankki Oy,CI,Finland,LSI,,,true,false,meldet_selbst,
743700GC62JLHFBUND16,Aktia Bank Abp,CI,Finland,LSI,,,true,false,meldet_selbst,
743700GCV1ER82IJO773,Lappajärven Osuuspankki,CI,Finland,LSI,,,false,false,keine_gruppe_bekannt,
743700GDTN2VVSC5WM43,Lakeuden Osuuspankki,CI,Finland,LSI,,,false,false,keine_gruppe_bekannt,
743700HMHF90W8L4RV31,Kosken Osuuspankki,CI,Finland,LSI,,,false,false,keine_gruppe_bekannt,
743700I7HTCNLUBZTZ74,POP Asuntoluottopankki Oyj,CI,Finland,LSI,,,false,false,keine_gruppe_bekannt,
743700JCAIDZZ8D42O05,Lavian Osuuspankki,CI,Finland,LSI,,,false,false,keine_gruppe_bekannt,
743700KTWGOV6OAREW30,Kvevlax Sparbank Ab,CI,Finland,LSI,,,false,false,keine_gruppe_bekannt,
743700LE1ECAPXC5UT18,Oma Säästöpankki Oyj,CI,Finland,LSI,,,false,false,keine_gruppe_bekannt,
743700ML21FGHBR6OM06,Pohjanmaan Osuuspankki,CI,Finland,LSI,,,false,false,keine_gruppe_bekannt,
743700MPOVAIXFPZRP02,Helmi Säästöpankki Oy,CI,Finland,LSI,,,false,false,keine_gruppe_bekannt,
743700N0C638JU69E472,Lammin Säästöpankki,CI,Finland,LSI,,,false,false,keine_gruppe_bekannt,
743700O8OP3QVQTM3M56,Närpes Sparbank ab,CI,Finland,LSI,,,false,false,keine_gruppe_bekannt,
743700P53RY3YAKEMX75,Myrskylän Säästöpankki,CI,Finland,LSI,,,false,false,keine_gruppe_bekannt,
743700P5K21EQSEHZK26,Suomen Asuntohypopankki Oy,CI,Finland,LSI,,,false,false,keine_gruppe_bekannt,
743700PW2HDTPU3YRJ31,POP Pankkikeskus osk,FH,Finland,LSI,,,true,false,meldet_selbst,
743700QDM17WPTRL4C19,Someron Säästöpankki,CI,Finland,LSI,,,false,false,keine_gruppe_bekannt,
743700RFAN8QA5JFA150,Bonum Pankki Oy,CI,Finland,LSI,,,false,false,keine_gruppe_bekannt,
743700RSB3R84DYYWO89,Isojoen Osuuspankki,CI,Finland,LSI,,,false,false,keine_gruppe_bekannt,
743700SUBXA0MQ6ICE95,Konneveden Osuuspankki,CI,Finland,LSI,,,false,false,keine_gruppe_bekannt,
743700VK1NB8HRGTQH74,Alisa Pankki Oyj,CI,Finland,LSI,,,false,false,keine_gruppe_bekannt,
743700WDB7OCIK2CTG24,Länsi-Uudenmaan Säästöpankki Oy,CI,Finland,LSI,,,false,false,keine_gruppe_bekannt,
743700WTQ74KR8TBX885,Kyyjärven Osuuspankki,CI,Finland,LSI,,,false,false,keine_gruppe_bekannt,
743700XLXJK9UYR43572,Säästöpankki Optia Oy,CI,Finland,LSI,,,false,false,keine_gruppe_bekannt,
743700Y6UNGVUUZC6P86,Suupohjan Osuuspankki,CI,Finland,LSI,,,false,false,keine_gruppe_bekannt,
743700YR25V763BZY011,Aalto Osuuspankki,CI,Finland,LSI,,,false,false,keine_gruppe_bekannt,
743700ZK6KUF9L40FC04,Säästöpankki Sinetti,CI,Finland,LSI,,,false,false,keine_gruppe_bekannt,
213800TKOS7J5UA3ZI07,Europe Arab bank SA,CI,France,LSI,,,true,false,meldet_selbst,
529900E2B6ZO7126FR35,Sofax Banque,CI,France,LSI,,,false,false,keine_gruppe_bekannt,
5493000IQQ05Y25L0V92,National Australia Bank Europe S.A.,CI,France,LSI,,,false,false,keine_gruppe_bekannt,
5493002KMXN8EXCRZ305,GE SCF,CI,France,LSI,,,false,false,keine_gruppe_bekannt,
549300ILF3L0BBIDPZ11,ROTHSCHILD & Co,FH,France,LSI,,,false,false,keine_gruppe_bekannt,
549300KGF2GKSYXF4A43,Banque Richelieu France S.A.,CI,France,LSI,,,false,false,keine_gruppe_bekannt,
969500090LN710HT1B25,Arab Banking Corporation SA,CI,France,LSI,,,false,false,keine_gruppe_bekannt,
9695000M4QHI54ZNC885,National Bank of Kuwait France SA (NBK France SA),CI,France,LSI,,,false,false,keine_gruppe_bekannt,
969500151TTK0D1U6N42,MEMO BANK SA,CI,France,LSI,,,false,false,keine_gruppe_bekannt,
9695001JU8NI5EHMH791,Banque SBA,CI,France,LSI,,,false,false,keine_gruppe_bekannt,
9695002I9DJHZ3449O66,Oddo BHF SCA,CI,France,LSI,,,false,false,keine_gruppe_bekannt,
9695002JOWSRCLLLNY11,Edmond de Rothschild (France),CI,France,LSI,,,true,false,meldet_selbst,
9695002K2HDLD20JU790,AGENCE France LOCALE - SOCIETE TERRITORIALE,FH,France,LSI,,,true,false,meldet_selbst,
96950038TRM0J14DBB66,Société Auxiliaire d'Etudes et d'Investissements Mobiliers – INVESTIMO,CI,France,LSI,,,false,false,keine_gruppe_bekannt,
9695003NOVMCP338KE32,Banque Cantonale de Geneve (France) S.A.,CI,France,LSI,,,false,false,keine_gruppe_bekannt,
9695003RMPRSL234WU33,Caisse de Credit Municipal de Toulon,CI,France,LSI,,,false,false,keine_gruppe_bekannt,
9695004FERWWRG5EJW74,Caisse de Credit Municipal de Lille,CI,France,LSI,,,false,false,keine_gruppe_bekannt,
9695004ON2K947Z21B87,STELLANTIS FINANCIAL SERVICES EUROPE,CI,France,LSI,,,false,false,keine_gruppe_bekannt,
96950057A0XEFOY19126,GRESHAM Banque,CI,France,LSI,,,false,false,keine_gruppe_bekannt,
9695005SKGZ20U1SK269,Banque Francaise Mutualiste,CI,France,LSI,,,false,false,keine_gruppe_bekannt,
9695005U99LCM86VVV27,BEA INTERNATIONAL S.A.,CI,France,LSI,,,false,false,keine_gruppe_bekannt,
9695007AII6XLVWZL140,Caisse de Credit Municipal de Roubaix,CI,France,LSI,,,false,false,keine_gruppe_bekannt,
9695007BB5MWMKDIJ143,LOOMIS FX GOLD and SERVICES,CI,France,LSI,,,false,false,keine_gruppe_bekannt,
9695007EQZDL89LUW373,Banque Banorient France,CI,France,LSI,,,true,false,meldet_selbst,
9695007Q51GSYUQQ0D72,Banque Fiducial,CI,France,LSI,,,false,false,keine_gruppe_bekannt,
9695008FHWHQ6RHT5K48,Lazard Freres Banque,CI,France,LSI,,,false,false,keine_gruppe_bekannt,
9695008TGGMCE0GC1Q03,Banque BIA,CI,France,LSI,,,false,false,keine_gruppe_bekannt,
9695008XJV2T8GA3P098,Al Khaliji France,CI,France,LSI,,,false,false,keine_gruppe_bekannt,
9695008Y1XGY8E11P851,Caisse de Credit Municipal de Nimes,CI,France,LSI,,,false,false,keine_gruppe_bekannt,
969500A2VE7GSFREB732,Compagnie Financiere Lazard Freres,FH,France,LSI,,,false,false,keine_gruppe_bekannt,
969500A4IPKVUBH3CA90,Banque Delubac et Cie,CI,France,LSI,,,true,false,meldet_selbst,
969500AIOJG7FHMDYZ30,AXA HOME LOAN SFH,CI,France,LSI,,,false,false,keine_gruppe_bekannt,
969500APVF0CDPMX5249,Banque Michel Inchauspe - Bami,CI,France,LSI,,,false,false,keine_gruppe_bekannt,
969500B1EE98I4QA2X57,Allianz Banque,CI,France,LSI,,,false,false,keine_gruppe_bekannt,
969500C0UVQ2V017XH96,IC Financial Services,CI,France,LSI,,,false,false,keine_gruppe_bekannt,
969500C56XB4G92XHL45,Credit Municipal De Paris,CI,France,LSI,,,false,false,keine_gruppe_bekannt,
969500C57G6FJNLACG71,COMPAGNIE FINANCIERE RICHELIEU,FH,France,LSI,,,false,false,keine_gruppe_bekannt,
969500C9N2QA9HQUM309,Financiere IDAT,FH,France,LSI,,,true,false,meldet_selbst,
969500CJCTMI93QJKK89,AXA Banque,CI,France,LSI,,,true,false,meldet_selbst,
969500COVJDY7TVT3I66,Attijariwafa Bank Europe,CI,France,LSI,,,false,false,keine_gruppe_bekannt,
969500DY151V8321LT27,Caisse de Credit Municipal de Toulouse,CI,France,LSI,,,false,false,keine_gruppe_bekannt,
969500E5TN2D2T5HX548,Caisse de Credit Municipal de Nantes,CI,France,LSI,,,false,false,keine_gruppe_bekannt,
969500EE6BC366IJA370,Enyo SA,FH,France,LSI,,,false,false,keine_gruppe_bekannt,
969500ETC4J40ORQFW66,Institut Pour Le Financement Du Cinema Et Des Industries Culturelles - I.F.C.I.C.,CI,France,LSI,,,false,false,keine_gruppe_bekannt,
969500F3KYDJBFS4XM73,Bank Audi France,CI,France,LSI,,,true,false,meldet_selbst,
969500G3CXLW0ETM1Z69,Caisse de Credit Municipal de Boulogne-Sur-Mer,CI,France,LSI,,,false,false,keine_gruppe_bekannt,
969500GVS02SJYG9S632,Carrefour Banque,CI,France,LSI,,,true,false,meldet_selbst,
969500HID5D3SBW3ZJ66,Banque D'escompte,CI,France,LSI,,,false,false,keine_gruppe_bekannt,
969500IKNV38EK1P8O50,Rothschild & Co Martin Maurel,CI,France,LSI,,,false,false,keine_gruppe_bekannt,
969500J4AQ9A8IXEBJ85,Tunisian Foreign Bank,CI,France,LSI,,,false,false,keine_gruppe_bekannt,
969500JMEZ4VXSTUMV07,Caisse Centrale du Credit Immobilier de France-3CIF,CI,France,LSI,,,false,false,keine_gruppe_bekannt,
969500JYAUD9X8Q1RN87,Caisse de Credit Municipal de Nancy,CI,France,LSI,,,false,false,keine_gruppe_bekannt,
969500K0T571BB4UAF05,Swisslife Banque Privee,CI,France,LSI,,,false,false,keine_gruppe_bekannt,
969500KUKL6QJRIL3738,BOA France,CI,France,LSI,,,false,false,keine_gruppe_bekannt,
969500KZS2O88BCAQN79,Caisse de Credit Municipal de Bordeaux,CI,France,LSI,,,false,false,keine_gruppe_bekannt,
969500LMCDZA0RTATI42,Banque Chaabi du Maroc,CI,France,LSI,,,false,false,keine_gruppe_bekannt,
969500LVBZUPXSWUFD32,Banque Saint-Olive,CI,France,LSI,,,false,false,keine_gruppe_bekannt,
969500LZ4AGNWDECVP72,Banque Chabrieres,CI,France,LSI,,,false,false,keine_gruppe_bekannt,
969500M0G4VPO0A3GL72,Bakia Sca,FH,France,LSI,,,true,false,meldet_selbst,
969500MDDK15XYDVJ261,Banque Hottinguer,CI,France,LSI,,,false,false,keine_gruppe_bekannt,
969500MEAH4AK68JBY25,Younited,CI,France,LSI,,,false,false,keine_gruppe_bekannt,
969500MPCSRZ8EHA7N14,Epargne Credit Des Militaires (E.C.M.),CI,France,LSI,,,false,false,keine_gruppe_bekannt,
969500N9MTGH5YON6N96,Caisse de Credit Municipal de Reims,CI,France,LSI,,,false,false,keine_gruppe_bekannt,
969500NMI4UP00IO8G47,AGENCE France LOCALE,CI,France,LSI,,,false,false,keine_gruppe_bekannt,
969500NV8GWWK5IVQ857,Caisse De Credit Municipal D'avignon,CI,France,LSI,,,false,false,keine_gruppe_bekannt,
969500OHL6QPAP9VW221,Banque Pouyanne,CI,France,LSI,,,false,false,keine_gruppe_bekannt,
969500P3O59G9ZKQ4O29,Caisse de Credit Municipal de Lyon,CI,France,LSI,,,false,false,keine_gruppe_bekannt,
969500Q0SLE4BZ54MM81,Caisse de Credit Municipal de Dijon,CI,France,LSI,,,false,false,keine_gruppe_bekannt,
969500Q9WTBUFNINDC18,Banque Nomura France,CI,France,LSI,,,false,false,keine_gruppe_bekannt,
969500RL9JL5GKD1DY57,Société Financière de la Nef,CI,France,LSI,,,false,false,keine_gruppe_bekannt,
969500S77ZD761SFQG67,Caisse de Credit Municipal de Strasbourg,CI,France,LSI,,,false,false,keine_gruppe_bekannt,
969500TVVZM86W7W5I94,C.R.H. - Caisse de Refinancement de l’Habitat,CI,France,LSI,,,false,false,keine_gruppe_bekannt,
969500UHHZHB67GG1S97,Fransabank France S.A.,CI,France,LSI,,,false,false,keine_gruppe_bekannt,
969500UIQWFILDF2XX33,Caisse de Credit Municipal de Nice,CI,France,LSI,,,false,false,keine_gruppe_bekannt,
969500UVVUXZXD7L6M12,MOBILIS banque,CI,France,LSI,,,false,false,keine_gruppe_bekannt,
969500V9BSEN0HWUIC23,EBI SA,CI,France,LSI,,,true,false,meldet_selbst,
969500WFNV8R6THTEZ85,Socram Banque,CI,France,LSI,,,false,false,keine_gruppe_bekannt,
969500WWCV8QFYN5D228,CIF Euromortgage,CI,France,LSI,,,false,false,keine_gruppe_bekannt,
969500XIJY3MBZBA0I30,BGFI Bank Europe,CI,France,LSI,,,false,false,keine_gruppe_bekannt,
969500Y63XYA4U930P25,Credit Immobilier De France Developpement,FH,France,LSI,,,false,false,keine_gruppe_bekannt,
969500YSZDXP9YY91J31,AXA Banque Financement,CI,France,LSI,,,false,false,keine_gruppe_bekannt,
969500ZRKC2KP0NWTO38,Caisse de Credit Municipal de Marseille,CI,France,LSI,,,false,false,keine_gruppe_bekannt,
R1IO4YJ0O79SMWVCHB58,Banque Centrale de Compensation,CI,France,LSI,,,true,false,meldet_selbst,
2138001WO21Z3B8Y8K20,Lloyds Bank GmbH,CI,Germany,LSI,,,false,false,keine_gruppe_bekannt,
213800YQ2JHZ6WV1PS06,BHF Group SA,FH,Germany,LSI,,,false,false,keine_gruppe_bekannt,
222100GEYIQQNDBR9J43,Clearstream Holding AG,FH,Germany,LSI,,,false,false,keine_gruppe_bekannt,
23ZYQ4KSBEDVYML8NC86,Donner & Reuschel Aktiengesellschaft,CI,Germany,LSI,,,false,false,keine_gruppe_bekannt,
254900HHHY2E8HR3GH21,Woori Bank Europe GmbH,CI,Germany,LSI,,,false,false,keine_gruppe_bekannt,
39120000V0MYFQN1SO81,Raiffeisenbank eG (Moormerland),CI,Germany,LSI,,,false,false,keine_gruppe_bekannt,
391200014TK600CZIE75,FNZ Bank SE,CI,Germany,LSI,,,false,false,keine_gruppe_bekannt,
39120001JPAYYPDRNN92,Deutsche Bausparkasse Badenia Aktiengesellschaft,CI,Germany,LSI,,,true,false,meldet_selbst,
391200112SIGC2LYVX31,SIGNAL IDUNA Bauspar Aktiengesellschaft,CI,Germany,LSI,,,false,false,keine_gruppe_bekannt,
3912001U0LGCBOFZHP94,Raiffeisenbank Wangen eG,CI,Germany,LSI,,,false,false,keine_gruppe_bekannt,
39120020BBOSP6DZUC29,Europäisch-Iranische Handelsbank Aktiengesellschaft,CI,Germany,LSI,,,false,false,keine_gruppe_bekannt,
39120027LPCNXTOZZI58,Raiffeisenbank Höchberg eG,CI,Germany,LSI,,,false,false,keine_gruppe_bekannt,
3912002VNY2QF3Z0BL76,Volksbank Hohenlohe eG,CI,Germany,LSI,,,false,false,keine_gruppe_bekannt,
3912003ZQPUUJQXOMV16,Raiffeisenbank Wegscheid eG,CI,Germany,LSI,,,false,false,keine_gruppe_bekannt,
3912004YOAALDKZZAO33,Volksbank Raesfeld und Erle e.G.,CI,Germany,LSI,,,false,false,keine_gruppe_bekannt,
3912006FWLWVUEXA2K55,Raiffeisenbank Kastellaun eG,CI,Germany,LSI,,,false,false,keine_gruppe_bekannt,
3912006KOLR69ZPPEZ32,Raiffeisenbank Bad Kötzting eG,CI,Germany,LSI,,,false,false,keine_gruppe_bekannt,
3912006M0FGCBALA4U22,Zweckverbandssparkasse der Stadt Bergkamen und der Gemeinde Bönen (Sparkasse Bergkamen-Bönen),CI,Germany,LSI,,,false,false,keine_gruppe_bekannt,
391200961OSXGHM8WU20,Raiffeisenbank Oberferrieden-Burgthann eG,CI,Germany,LSI,,,false,false,keine_gruppe_bekannt,
391200A8DWHFBC0GKO15,Union-Bank AG,CI,Germany,LSI,,,false,false,keine_gruppe_bekannt,
391200ABD1OLFULBLM06,Honda Bank GmbH,CI,Germany,LSI,,,false,false,keine_gruppe_bekannt,
391200ALL580C5IO6U17,Raiffeisenbank Sinzing eG,CI,Germany,LSI,,,false,false,keine_gruppe_bekannt,
391200B8C1ZD2GFPOA97,Raiffeisenbank Neustadt eG,CI,Germany,LSI,,,false,false,keine_gruppe_bekannt,
391200CC11KVFA4HGG45,Volksbank Heiden eG,CI,Germany,LSI,,,false,false,keine_gruppe_bekannt,
391200CDQ7X2QTQZL888,VR-MainBank eG,CI,Germany,LSI,,,false,false,keine_gruppe_bekannt,
391200CSQI9HI6BVQO51,Volksbank Störmede-Hörste eG,CI,Germany,LSI,,,false,false,keine_gruppe_bekannt,
391200DOLQBXF4UYLC89,ABK Allgemeine Beamten Bank AG,CI,Germany,LSI,,,false,false,keine_gruppe_bekannt,
391200DRLB1DHUMB0N77,"Raiffeisenbank Donau-Heuberg, eingetragene Genossenschaft",CI,Germany,LSI,,,false,false,keine_gruppe_bekannt,
391200DYWUNQXJRBOK91,Ritterschaftliches Kreditinstitut Stade Aktiengesellschaft,CI,Germany,LSI,,,false,false,keine_gruppe_bekannt,
391200DZOPWUHRZZM418,Spar- und Kreditbank des Bundes Freier evangelischer Gemeinden eG,CI,Germany,LSI,,,false,false,keine_gruppe_bekannt,
391200EGNWPBM3RJ5882,Raiffeisenbank Reute-Gaisbeuren eG,CI,Germany,LSI,,,false,false,keine_gruppe_bekannt,
391200EXQ8RMJF0SLW44,Raisin Bank AG,CI,Germany,LSI,,,false,false,keine_gruppe_bekannt,
391200FL6FZQJMMJVU79,TEN31 Bank AG,CI,Germany,LSI,,,false,false,keine_gruppe_bekannt,
391200GLBAFG69QGNT85,Raiffeisenbank Singoldtal eG,CI,Germany,LSI,,,false,false,keine_gruppe_bekannt,
391200GMTVGSRN2HEJ21,Volksbank Dettenhausen eG,CI,Germany,LSI,,,false,false,keine_gruppe_bekannt,
391200HOASIPGIO9YW76,Goyer & Göppel KG,CI,Germany,LSI,,,false,false,keine_gruppe_bekannt,
391200HYAMGEMIFV3145,N26 SE,FH,Germany,LSI,,,false,false,keine_gruppe_bekannt,
391200IEV1ZDPNC0US12,Sparkasse Deggendorf,CI,Germany,LSI,,,false,false,keine_gruppe_bekannt,
391200J4PA51SDPM1U90,Landbank Horlofftal eingetragene Genossenschaft,CI,Germany,LSI,,,false,false,keine_gruppe_bekannt,
391200KUCWY0JM6JYX82,Raiffeisenbank im Oberpfälzer Jura eG,CI,Germany,LSI,,,false,false,keine_gruppe_bekannt,
391200L4PK1CJTOVZU55,Sachsen-Finanzgruppe,FH,Germany,LSI,,,false,false,keine_gruppe_bekannt,
391200LCWODCJCT8VN67,Raiffeisenbank eG,CI,Germany,LSI,,,false,false,keine_gruppe_bekannt,
391200LINCNRUHLGEP55,Raiffeisenbank Alteglofsheim-Hagelstadt eG,CI,Germany,LSI,,,false,false,keine_gruppe_bekannt,
391200MAXK4O4QKB1Z13,Raiffeisenbank Mittelschwaben eG,CI,Germany,LSI,,,false,false,keine_gruppe_bekannt,
391200MCU05BLMCYSE87,Volksbank Düte-Ems eG,CI,Germany,LSI,,,false,false,keine_gruppe_bekannt,
391200MQTYA14WRXOV43,Raiffeisenbank Plankstetten AG,CI,Germany,LSI,,,true,false,meldet_selbst,
391200N0BCBVNXBRVE65,Bankhaus E. Mayer AG,CI,Germany,LSI,,,false,false,keine_gruppe_bekannt,
391200NCIUDBLHOE6C73,CB Bank GmbH,CI,Germany,LSI,,,false,false,keine_gruppe_bekannt,
391200NDSKH9BHFGEJ93,MKB Mittelstandskreditbank Aktiengesellschaft,CI,Germany,LSI,,,false,false,keine_gruppe_bekannt,
391200NXDAEIGDHEMU41,C24 Bank GmbH,CI,Germany,LSI,,,false,false,keine_gruppe_bekannt,
391200O6ONBAU17EEY94,Volksbank Lauterecken eG,CI,Germany,LSI,,,false,false,keine_gruppe_bekannt,
391200OG5RNDK1ZITM27,Stadtsparkasse Bad Pyrmont,CI,Germany,LSI,,,false,false,keine_gruppe_bekannt,
391200OIQY7GS2XGU869,VR-Bank Freudenberg-Niederfischbach eG,CI,Germany,LSI,,,false,false,keine_gruppe_bekannt,
391200OM1ASXABQTGF02,Aktivbank Aktiengesellschaft,CI,Germany,LSI,,,false,false,keine_gruppe_bekannt,
391200OVYHN1EAYWJV45,Raiffeisenbank eG (Todenbüttel),CI,Germany,LSI,,,false,false,keine_gruppe_bekannt,
391200P0TKD0PWWWFC92,Volksbank Stendal eG,CI,Germany,LSI,,,false,false,keine_gruppe_bekannt,
391200QFHKFFRLN5I553,Raiffeisenbank Bechhofen eG,CI,Germany,LSI,,,false,false,keine_gruppe_bekannt,
391200RLP67P1PLUIL60,VR SüdBank eG,CI,Germany,LSI,,,false,false,keine_gruppe_bekannt,
391200RNH9BNLRC0IL45,Raiffeisenbank Biebergrund- Petersberg eG,CI,Germany,LSI,,,false,false,keine_gruppe_bekannt,
391200RUFBR7HPS3ZD54,Vereinigte Volksbank eG Bramgau Osnabrück Wittlage,CI,Germany,LSI,,,false,false,keine_gruppe_bekannt,
391200SHJPUCG4CGZ022,Raiffeisenbank Wallgau-Krün eG,CI,Germany,LSI,,,false,false,keine_gruppe_bekannt,
391200SVHXSRYC4Y6902,Eckernförder Bank eG Volksbank-Raiffeisenbank,CI,Germany,LSI,,,false,false,keine_gruppe_bekannt,
391200T1R7CGQBXDD087,Volksbank Gebhardshain eG,CI,Germany,LSI,,,false,false,keine_gruppe_bekannt,
391200TCAVXR57UNJU39,Volksbank im Wesertal eG,CI,Germany,LSI,,,false,false,keine_gruppe_bekannt,
391200TQYSDQXVIEPY43,Misr Bank - Europe GmbH,CI,Germany,LSI,,,false,false,keine_gruppe_bekannt,
391200TWGO2RBL7WG010,Volksbank Raiffeisenbank Dachau eG,CI,Germany,LSI,,,false,false,keine_gruppe_bekannt,
391200VJXA6IHJP0RC25,Volksbank eG (Adelebsen),CI,Germany,LSI,,,false,false,keine_gruppe_bekannt,
391200VR9TMTCN12IY45,TEBA Kreditbank GmbH & Co. KG,CI,Germany,LSI,,,false,false,keine_gruppe_bekannt,
391200VW5DY1ZESKOA80,Scalable GmbH,FH,Germany,LSI,,,false,false,keine_gruppe_bekannt,
391200VXBQK0HAAE7G94,Yapi Kredi Bank Deutschland GmbH & Co.OHG,CI,Germany,LSI,,,false,false,keine_gruppe_bekannt,
391200WZWLCRZR8RPN77,Raiffeisenbank HessenNord eG,CI,Germany,LSI,,,false,false,keine_gruppe_bekannt,
391200XDMZFSD2Q2X176,Volksbank Südkirchen - Capelle - Nordkirchen eG,CI,Germany,LSI,,,false,false,keine_gruppe_bekannt,
391200XJG9QEDCAKOR61,Sparkasse Bad Kissingen,CI,Germany,LSI,,,false,false,keine_gruppe_bekannt,
391200XKWCY6V5XLLG70,Raiffeisenbank Hochfranken West eG,CI,Germany,LSI,,,false,false,keine_gruppe_bekannt,
391200Y1C3ZJT2NUUD34,Deutsche Haftungsdach GmbH,CI,Germany,LSI,,,false,false,keine_gruppe_bekannt,
391200Y3EUNL4LTXRP94,Scalable Capital Bank GmbH,CI,Germany,LSI,,,false,false,keine_gruppe_bekannt,
391200ZNJFEKQQPEIB08,VR-Bank Lichtenfels-Ebern eG,CI,Germany,LSI,,,false,false,keine_gruppe_bekannt,
391200ZTFCDHOQ7F6P07,"Volksbank eG, Friesoythe",CI,Germany,LSI,,,false,false,keine_gruppe_bekannt,
391200ZTPDO7UIOHLY51,Sparkasse Mitten im Sauerland,CI,Germany,LSI,,,false,false,keine_gruppe_bekannt,
52990000BSH4E0SCC868,Volksbank Butzbach eG,CI,Germany,LSI,,,false,false,keine_gruppe_bekannt,
5299000237YH143E2993,Sparkasse Westholstein,CI,Germany,LSI,,,false,false,keine_gruppe_bekannt,
529900025IC0FD7OPL94,"Sparkasse an Volme und Ruhr - Zweckverbandssparkasse der Städte Hagen, Halver, Herdecke und Lüdenscheid sowie der Gemeinden Herscheid und Schalksmühle",CI,Germany,LSI,,,false,false,keine_gruppe_bekannt,
52990002AOJ5QYHRDS24,Raiffeisenbank am Kulm eG,CI,Germany,LSI,,,false,false,keine_gruppe_bekannt,
52990003P069MRS9D366,Hohenzollerische Landesbank Kreissparkasse Sigmaringen,CI,Germany,LSI,,,false,false,keine_gruppe_bekannt,
529900061MKLB90PD429,Solaris SE,CI,Germany,LSI,,,false,false,keine_gruppe_bekannt,
529900075JOMI0A9N358,Volksbank Plus eG,CI,Germany,LSI,,,false,false,keine_gruppe_bekannt,
529900088909IB2EAZ74,Internationales Bankhaus Bodensee AG,CI,Germany,LSI,,,false,false,keine_gruppe_bekannt,
52990008S13HOOUKLR62,VR Bank EifelLand eG,CI,Germany,LSI,,,false,false,keine_gruppe_bekannt,
52990008SP9ETV9I7047,Kreissparkasse Ostalb,CI,Germany,LSI,,,false,false,keine_gruppe_bekannt,
529900098AT70L34V240,Sparkasse Mecklenburg-Schwerin,CI,Germany,LSI,,,false,false,keine_gruppe_bekannt,
52990009AKT3JE6A0S83,Raiffeisenbank Ostprignitz-Ruppin eG,CI,Germany,LSI,,,false,false,keine_gruppe_bekannt,
5299000AFYN2KIDKYP77,Raiffeisenbank eG (Baunatal),CI,Germany,LSI,,,false,false,keine_gruppe_bekannt,
5299000ALA5385NLDG70,St.Galler Kantonalbank Deutschland AG,CI,Germany,LSI,,,false,false,keine_gruppe_bekannt,
5299000B27VKDLQR7Z66,Volksbank Ulrichstein eG,CI,Germany,LSI,,,false,false,keine_gruppe_bekannt,
5299000CFIYPHBDCD952,Volksbank Backnang eG,CI,Germany,LSI,,,false,false,keine_gruppe_bekannt,
5299000D7XXN5PC5AF93,Spar-u.Kredit-Bank eG,CI,Germany,LSI,,,false,false,keine_gruppe_bekannt,
5299000G88VRM4ANQO92,Raiffeisenbank Buch-Eching eG,CI,Germany,LSI,,,false,false,keine_gruppe_bekannt,
5299000K05SFBDX9PV30,Kreissparkasse Saale-Orla,CI,Germany,LSI,,,false,false,keine_gruppe_bekannt,
5299000LCG7RQKQKSX46,Volksbank im Harz eG,CI,Germany,LSI,,,false,false,keine_gruppe_bekannt,
5299000M5HXDRIFSGM87,Kurhessische Landbank eG,CI,Germany,LSI,,,false,false,keine_gruppe_bekannt,
5299000NI62AJ0DGKH76,Ostfriesische Volksbank eG,CI,Germany,LSI,,,false,false,keine_gruppe_bekannt,
5299000OQOI6CXB4XL69,Volksbank eG (Osterholz-Scharmbeck),CI,Germany,LSI,,,false,false,keine_gruppe_bekannt,
5299000PQ0Q6O7SGSK31,Vereinigte Raiffeisenbank Burgstädt eG,CI,Germany,LSI,,,false,false,keine_gruppe_bekannt,
5299000R7WZOVIFHLN21,BFS SozialFinanz AG,FH,Germany,LSI,,,true,false,meldet_selbst,
5299000REI62JRPXGL18,Vereinigte Sparkassen Eschenbach i.d. OPf. Neustadt a.d. Waldnaab Vohenstrauß,CI,Germany,LSI,,,false,false,keine_gruppe_bekannt,
5299000RS7PHIZ9AQZ38,Volksbank Jerichower Land eG,CI,Germany,LSI,,,false,false,keine_gruppe_bekannt,
5299000ULPUMP4V8Y807,Volksbank Brandoberndorf eG,CI,Germany,LSI,,,false,false,keine_gruppe_bekannt,
52990013RUF1YVQ45842,Kreissparkasse Anhalt-Bitterfeld,CI,Germany,LSI,,,false,false,keine_gruppe_bekannt,
5299001470N0KBA1IN73,Volksbank Ascheberg-Herbern eG,CI,Germany,LSI,,,false,false,keine_gruppe_bekannt,
52990017DZKEH3Q6PV63,VR Bank Schleswig-Holstein Mitte eG,CI,Germany,LSI,,,false,false,keine_gruppe_bekannt,
52990017UI2F0KP9E995,Raiffeisenbank Wesermarsch-Süd eG,CI,Germany,LSI,,,false,false,keine_gruppe_bekannt,
5299001ADI8FLGT0GU28,Sparkasse KölnBonn,CI,Germany,LSI,,,true,false,meldet_selbst,
5299001BHV0GYRSE1192,Kreissparkasse Saarpfalz,CI,Germany,LSI,,,false,false,keine_gruppe_bekannt,
5299001CHU3TRRK8UZ78,Dithmarscher Volks- und Raiffeisenbank eG,CI,Germany,LSI,,,false,false,keine_gruppe_bekannt,
5299001DYPSTT2ATLX95,Bankhaus Anton Hafner KG,CI,Germany,LSI,,,false,false,keine_gruppe_bekannt,
5299001G5ZB0E3BOC654,Sparkasse Neubrandenburg-Demmin,CI,Germany,LSI,,,false,false,keine_gruppe_bekannt,
5299001KN7JTMRR7ZI39,Sparkasse Fulda,CI,Germany,LSI,,,false,false,keine_gruppe_bekannt,
5299001KO1M2237AFF59,Volks- und Raiffeisenbank Prignitz eG,CI,Germany,LSI,,,false,false,keine_gruppe_bekannt,
5299001LO40HZJF61T52,Raiffeisenbank eG (Seestermühe),CI,Germany,LSI,,,false,false,keine_gruppe_bekannt,
5299001O5S0MLDYH7A21,Volksbank Sauerland eG,CI,Germany,LSI,,,false,false,keine_gruppe_bekannt,
5299001OKQX8MIF6CX78,Harzer Volksbank eG,CI,Germany,LSI,,,false,false,keine_gruppe_bekannt,
5299001PM387GO938F16,Sparkasse Hochfranken,CI,Germany,LSI,,,false,false,keine_gruppe_bekannt,
5299001Q150B9RENR360,Sparkasse Vorderpfalz,CI,Germany,LSI,,,false,false,keine_gruppe_bekannt,
5299001R998PVUCDKR55,Bausparkasse Mainz Aktiengesellschaft,CI,Germany,LSI,,,false,false,keine_gruppe_bekannt,
5299001RBEXZCE3U5H72,Raiffeisenbank Frankenhardt-Stimpfach eG,CI,Germany,LSI,,,false,false,keine_gruppe_bekannt,
5299001SF3XLX2C2H921,Raiffeisenbank Türkheim eG,CI,Germany,LSI,,,false,false,keine_gruppe_bekannt,
5299001SSGO8MMQN8E03,Kreissparkasse Steinfurt,CI,Germany,LSI,,,false,false,keine_gruppe_bekannt,
5299001THP8063ERVG26,Raiffeisenbank Südliches Ostallgäu eG,CI,Germany,LSI,,,false,false,keine_gruppe_bekannt,
5299001U5LX7XCP9HW36,Raiffeisenbank Grävenwiesbach eG,CI,Germany,LSI,,,false,false,keine_gruppe_bekannt,
5299001UN4CS1DE1IX93,Kreissparkasse Schwalm-Eder,CI,Germany,LSI,,,false,false,keine_gruppe_bekannt,
5299001VNSWRNTNFE291,Volksbank Chemnitz eingetragene Genossenschaft,CI,Germany,LSI,,,false,false,keine_gruppe_bekannt,
5299001WJEL7NO9NI805,SABU Schuh Verbund eG,FH,Germany,LSI,,,false,false,keine_gruppe_bekannt,
5299001ZDCILHOAR7Q32,PSD Bank RheinNeckarSaar eG,CI,Germany,LSI,,,false,false,keine_gruppe_bekannt,
52990020SMIEX1JAAC63,Sparkasse Bamberg,CI,Germany,LSI,,,false,false,keine_gruppe_bekannt,
52990021HAPOILUFSF84,Sparkasse Kaiserslautern,CI,Germany,LSI,,,false,false,keine_gruppe_bekannt,
52990024G0N1T9LQAJ26,Raiffeisenbank eG (Rodenbach),CI,Germany,LSI,,,false,false,keine_gruppe_bekannt,
52990026HQOTT4AJP655,GLS Gemeinschaftsbank e.G.,CI,Germany,LSI,,,true,false,meldet_selbst,
5299002DMWV5MBDB5504,Raiffeisenbank Hardt-Bruhrain eG,CI,Germany,LSI,,,false,false,keine_gruppe_bekannt,
5299002ER8OE93VD2R07,Sparkasse Trier,CI,Germany,LSI,,,false,false,keine_gruppe_bekannt,
5299002EY9UVVABHCB26,Volksbank Wilhelmshaven e.G.,CI,Germany,LSI,,,false,false,keine_gruppe_bekannt,
5299002FB0US5WEF4O54,Volksbank eG (Seesen),CI,Germany,LSI,,,false,false,keine_gruppe_bekannt,
5299002FKF8I278KC598,VR-Bank Landshut eG,CI,Germany,LSI,,,false,false,keine_gruppe_bekannt,
5299002GDXM6JRUY4311,Sparkasse Celle-Gifhorn-Wolfsburg,CI,Germany,LSI,,,false,false,keine_gruppe_bekannt,
5299002GPM9IXQLHUC77,Sparkasse Saarbrücken,CI,Germany,LSI,,,false,false,keine_gruppe_bekannt,
5299002GX774MB1XAS02,Volksbank Kleverland eG,CI,Germany,LSI,,,false,false,keine_gruppe_bekannt,
5299002GZMVW234JRW43,Kreissparkasse Ravensburg,CI,Germany,LSI,,,false,false,keine_gruppe_bekannt,
5299002H4HNGZGLL9S48,Kreissparkasse Börde,CI,Germany,LSI,,,false,false,keine_gruppe_bekannt,
5299002HX24U7L3HT926,Sparkasse Minden-Lübbecke Zweckverbandssparkasse des Kreises Minden-Lübbecke und der Städte Minden und Petershagen,CI,Germany,LSI,,,false,false,keine_gruppe_bekannt,
5299002HYGKN2PVW0806,Raiffeisenbank eG (Leezen),CI,Germany,LSI,,,false,false,keine_gruppe_bekannt,
5299002IH923QPXQON87,Volksbank Süd-Emsland eG,CI,Germany,LSI,,,false,false,keine_gruppe_bekannt,
5299002L2ADKMUUHYE52,Volksbank Plochingen eG,CI,Germany,LSI,,,false,false,keine_gruppe_bekannt,
5299002L520EUXTD9A56,VR-Bank Uckermark-Randow eG,CI,Germany,LSI,,,false,false,keine_gruppe_bekannt,
5299002PZ7ROI71ZQW56,Wiesbadener Volksbank eG,CI,Germany,LSI,,,false,false,keine_gruppe_bekannt,
5299002Q4KTHGYTRYV23,Volksbank im Bergischen Land eG,CI,Germany,LSI,,,false,false,keine_gruppe_bekannt,
5299002RCY3D5M211G35,Volksbank Beilstein-Ilsfeld-Abstatt eG,CI,Germany,LSI,,,false,false,keine_gruppe_bekannt,
5299002RTPWNHY2DI332,EVENORD-BANK eG - KG,CI,Germany,LSI,,,false,false,keine_gruppe_bekannt,
5299002UTTT1XULL7E86,Weberbank Actiengesellschaft,CI,Germany,LSI,,,false,false,keine_gruppe_bekannt,
5299002W4E0AQ305SE62,Sparkasse Göttingen,CI,Germany,LSI,,,false,false,keine_gruppe_bekannt,
5299002XXLD8VLSX5835,VR Bank Lausitz eG,CI,Germany,LSI,,,false,false,keine_gruppe_bekannt,
5299002YPOCI02FI9X11,Raiffeisenbank Grainet eG,CI,Germany,LSI,,,false,false,keine_gruppe_bekannt,
5299002YVHLG6C9YF625,Raiffeisenbank Unteres Vilstal eG,CI,Germany,LSI,,,false,false,keine_gruppe_bekannt,
5299002YVPXVY1C71454,Vereinte Volksbank eG (Dorsten),CI,Germany,LSI,,,false,false,keine_gruppe_bekannt,
5299002Z1GJN6DXKXW83,Raiffeisen-Bank Eschweiler eG,CI,Germany,LSI,,,false,false,keine_gruppe_bekannt,
529900306OMJF3XB1F61,Volksbank Rhein-Lippe eG,CI,Germany,LSI,,,false,false,keine_gruppe_bekannt,
52990031PUC4WB4ZK445,Volksbank Dreiländereck eG,CI,Germany,LSI,,,false,false,keine_gruppe_bekannt,
529900338TU1OQMM8562,Raiffeisenbank München-Nord eG,CI,Germany,LSI,,,false,false,keine_gruppe_bekannt,
52990033D2BXTNPW8N78,Sparkasse Münsterland Ost,CI,Germany,LSI,,,false,false,keine_gruppe_bekannt,
52990037IU0Q6VO1PN63,Sparkasse Gießen,CI,Germany,LSI,,,false,false,keine_gruppe_bekannt,
52990038BWAZCOI75X10,Sparda-Bank Hessen eG,CI,Germany,LSI,,,false,false,keine_gruppe_bekannt,
5299003BM5J078AXVS43,Raiffeisenbank Lech-Donau eG,CI,Germany,LSI,,,false,false,keine_gruppe_bekannt,
5299003GUMW9P8LSKW56,Sparkasse Regen-Viechtach,CI,Germany,LSI,,,false,false,keine_gruppe_bekannt,
5299003HG8DC8Z3S9980,Sparkasse Odenwaldkreis in Erbach/Odenwald,CI,Germany,LSI,,,false,false,keine_gruppe_bekannt,
5299003IC5FPI8W8OC33,Saalesparkasse,CI,Germany,LSI,,,false,false,keine_gruppe_bekannt,
5299003IIN0MVUQTXJ55,VR Bank Südliche Weinstraße-Wasgau eG,CI,Germany,LSI,,,false,false,keine_gruppe_bekannt,
5299003JYVV58FST1U32,Raiffeisenbank Grimma eG,CI,Germany,LSI,,,false,false,keine_gruppe_bekannt,
5299003KBBDNA41Z8B94,Volksbank Mittweida eG,CI,Germany,LSI,,,false,false,keine_gruppe_bekannt,
5299003M87KP6JTOHO27,VR Bank Bad Orb-Gelnhausen eG,CI,Germany,LSI,,,false,false,keine_gruppe_bekannt,
5299003MY56ID5EB4A55,Sparkasse Rhein Neckar Nord,CI,Germany,LSI,,,false,false,keine_gruppe_bekannt,
5299003N30G9RSOTCW84,Raiffeisenbank Parkstetten eG,CI,Germany,LSI,,,false,false,keine_gruppe_bekannt,
5299003PAT5ZVJES8024,Sparkasse Lüneburg,CI,Germany,LSI,,,false,false,keine_gruppe_bekannt,
5299003PTBIXD4JWUL87,Raiffeisen-Volksbank Fresena eG,CI,Germany,LSI,,,false,false,keine_gruppe_bekannt,
5299003RJ3AQPXUXBE64,RAIFFEISENBANK WELLING eG,CI,Germany,LSI,,,false,false,keine_gruppe_bekannt,
5299003RYL0UXJ2GSW91,Spreewaldbank eG,CI,Germany,LSI,,,false,false,keine_gruppe_bekannt,
5299003TZAODBIABJG85,Stadtsparkasse Grebenstein,CI,Germany,LSI,,,false,false,keine_gruppe_bekannt,
5299003VTP6ZWXLP4P45,Sparkasse Neu-Ulm-Illertissen,CI,Germany,LSI,,,false,false,keine_gruppe_bekannt,
5299003WFWKBPJQ1M410,Raiffeisenbank Arnstorf eG,CI,Germany,LSI,,,false,false,keine_gruppe_bekannt,
52990040GV6S6DHUXU91,Bank Julius Bär Deutschland AG,CI,Germany,LSI,,,false,false,keine_gruppe_bekannt,
52990040SI7BI0JREA66,VR Bank Fulda eG,CI,Germany,LSI,,,false,false,keine_gruppe_bekannt,
52990041P1DQ40W2VL68,Vereinigte Volksbank eG Ganderkesee-Hude-Bookholzberg-Lemwerder,CI,Germany,LSI,,,false,false,keine_gruppe_bekannt,
52990041R8KZII7MRY61,BB Beteiligungs GmbH,FH,Germany,LSI,,,false,false,keine_gruppe_bekannt,
5299004234B3JPGKG462,Volksbank Dresden-Bautzen eG,CI,Germany,LSI,,,false,false,keine_gruppe_bekannt,
52990044CNI6TU104P97,Raiffeisenbank Rastede eG,CI,Germany,LSI,,,false,false,keine_gruppe_bekannt,
5299004611357MQINQ02,FIL Fondsbank GmbH,CI,Germany,LSI,,,false,false,keine_gruppe_bekannt,
52990047L72LJ1Y6U753,Sparkasse Prignitz,CI,Germany,LSI,,,false,false,keine_gruppe_bekannt,
5299004AR5IWBSY3LI40,Wirtschaftsverein Bordesholmer Sparkasse Finanzholding,FH,Germany,LSI,,,false,false,keine_gruppe_bekannt,
5299004C94OCSH482642,Volksbank eG (Grebenhain),CI,Germany,LSI,,,false,false,keine_gruppe_bekannt,
5299004CHGUXFJGS9O10,Sparkasse Rhein-Haardt,CI,Germany,LSI,,,false,false,keine_gruppe_bekannt,
5299004D2UMCDTD9JG58,Volksbank Raiffeisenbank Regensburg-Schwandorf eG,CI,Germany,LSI,,,false,false,keine_gruppe_bekannt,
5299004FBFPF6HEWPQ19,Volksbank Krefeld eG,CI,Germany,LSI,,,false,false,keine_gruppe_bekannt,
5299004HBAECUACNWN98,Sparda-Bank Baden-Württemberg eG,CI,Germany,LSI,,,false,false,keine_gruppe_bekannt,
5299004IB85Q1YRX3B03,Sparkasse Landsberg-Dießen,CI,Germany,LSI,,,false,false,keine_gruppe_bekannt,
5299004IRKN0NA0VSL09,Stadtsparkasse Wermelskirchen,CI,Germany,LSI,,,false,false,keine_gruppe_bekannt,
5299004IU009FT2HTS78,Quirin Privatbank AG,CI,Germany,LSI,,,false,false,keine_gruppe_bekannt,
5299004KRGBMRXWVS362,Sparkasse Wetzlar,CI,Germany,LSI,,,false,false,keine_gruppe_bekannt,
5299004R4U60UMXLSE36,Sparkasse Karlsruhe,CI,Germany,LSI,,,true,false,meldet_selbst,
5299004SI3IL8FGDV034,LBS Landesbausparkasse NordOst AG,CI,Germany,LSI,,,false,false,keine_gruppe_bekannt,
5299004V945VS3CN3I34,Raiffeisenbank Rosenstein eG,CI,Germany,LSI,,,false,false,keine_gruppe_bekannt,
5299004VX6J1Y7H52S80,Freikirchen.Bank eG,CI,Germany,LSI,,,false,false,keine_gruppe_bekannt,
5299004XQ9TKTTYCR270,VR Bank Bamberg-Forchheim eG,CI,Germany,LSI,,,false,false,keine_gruppe_bekannt,
5299004YJM025WNBRD88,Stadtsparkasse Bottrop,CI,Germany,LSI,,,false,false,keine_gruppe_bekannt,
52990050SU0S4QQ4Z793,Landesbank Saar,CI,Germany,LSI,,,false,false,keine_gruppe_bekannt,
52990051JDPDRCH81306,Kreissparkasse Göppingen,CI,Germany,LSI,,,false,false,keine_gruppe_bekannt,
52990051OUSIGVLQ2082,Volksbank Baumberge eG,CI,Germany,LSI,,,false,false,keine_gruppe_bekannt,
52990052OREU7XOWPN82,Raiffeisenbank Wald-Görisried eG,CI,Germany,LSI,,,false,false,keine_gruppe_bekannt,
529900533THA1UQ2HY63,Volksbank Eisenberg eG,CI,Germany,LSI,,,false,false,keine_gruppe_bekannt,
52990053QE1M1V4P6U87,VBU Volksbank im Unterland eG,CI,Germany,LSI,,,false,false,keine_gruppe_bekannt,
52990055VN3I202R2809,Taunus-Sparkasse,CI,Germany,LSI,,,false,false,keine_gruppe_bekannt,
529900563YQV1RAPJ183,VR-Bank Ludwigsburg eG,CI,Germany,LSI,,,false,false,keine_gruppe_bekannt,
529900566QCZUTPT0Z19,Sparkasse Bad Neustadt a.d. Saale,CI,Germany,LSI,,,false,false,keine_gruppe_bekannt,
52990056N76RPR4BC634,Volksbank eG (Fredenbeck),CI,Germany,LSI,,,false,false,keine_gruppe_bekannt,
52990057VEWDZZFRIJ07,Kreis- und Stadtsparkasse Erding-Dorfen,CI,Germany,LSI,,,false,false,keine_gruppe_bekannt,
529900592WLTRIGATR51,Spar- und Kreditbank Bühlertal eG,CI,Germany,LSI,,,false,false,keine_gruppe_bekannt,
5299005APEEJBVBCV708,Volksbank Halle (Saale) eG,CI,Germany,LSI,,,false,false,keine_gruppe_bekannt,
5299005CH5Q0GKJUF762,Sparkasse Olpe-Drolshagen-Wenden,CI,Germany,LSI,,,false,false,keine_gruppe_bekannt,
5299005E2F0CA1738607,Kreissparkasse Bersenbrück,CI,Germany,LSI,,,false,false,keine_gruppe_bekannt,
5299005E2JTERRY3R285,Sparkasse Pfaffenhofen,CI,Germany,LSI,,,false,false,keine_gruppe_bekannt,
5299005E4SU83YHLHL56,Volksbank Möckmühl eG,CI,Germany,LSI,,,false,false,keine_gruppe_bekannt,
5299005ESR0IPYWFYP06,Raiffeisenbank Elbmarsch eG,CI,Germany,LSI,,,false,false,keine_gruppe_bekannt,
5299005F6C3ZN303M461,Sparkasse Vogtland,CI,Germany,LSI,,,false,false,keine_gruppe_bekannt,
5299005GLFOIV7898E14,Sparkasse Ingolstadt Eichstätt,CI,Germany,LSI,,,false,false,keine_gruppe_bekannt,
5299005IN6TVN2CXFS16,Raiffeisenbank Gilching eG,CI,Germany,LSI,,,false,false,keine_gruppe_bekannt,
5299005L7MIBEBCZO533,VR-Bank in Mittelbaden eG,CI,Germany,LSI,,,false,false,keine_gruppe_bekannt,
5299005NWLM5BJ07F245,Raiffeisenbank Altschweier eG,CI,Germany,LSI,,,false,false,keine_gruppe_bekannt,
5299005O2LPWV9IP2Z21,Volksbank Raiffeisenbank Oberbayern Südost eG,CI,Germany,LSI,,,false,false,keine_gruppe_bekannt,
5299005QMSP02NYJBZ32,PSD Bank Hessen-Thüringen eG,CI,Germany,LSI,,,false,false,keine_gruppe_bekannt,
5299005R7YI2DWX7I620,Volksbank Hohenlimburg eG,CI,Germany,LSI,,,false,false,keine_gruppe_bekannt,
5299005S9J7CTFNBXH55,Niederrheinische Sparkasse Rhein-Lippe,CI,Germany,LSI,,,false,false,keine_gruppe_bekannt,
5299005T3VDFRFKEDR04,Heidenheimer Volksbank eG,CI,Germany,LSI,,,false,false,keine_gruppe_bekannt,
5299005TV0L59BVRQG23,Bankhaus Bauer Aktiengesellschaft,CI,Germany,LSI,,,false,false,keine_gruppe_bekannt,
5299005UTE037HK5XL66,Volksbank Immenstadt eG,CI,Germany,LSI,,,false,false,keine_gruppe_bekannt,
5299005V8STLXZGFYG71,Volksbank Uelzen-Salzwedel eG,CI,Germany,LSI,,,false,false,keine_gruppe_bekannt,
5299005WFRJFZHFAJN13,VR VerbundBank eG,CI,Germany,LSI,,,false,false,keine_gruppe_bekannt,
5299005X2KF59ERDLL36,VR-Bank Ostbayern-Mitte eG,CI,Germany,LSI,,,false,false,keine_gruppe_bekannt,
5299005ZC0K4R5KA5S41,Sparkasse Krefeld - Zweckverbandssparkasse der Stadt Krefeld und des Kreises Viersen -,CI,Germany,LSI,,,false,false,keine_gruppe_bekannt,
52990060FDQEI44EGQ17,VZ VermögensZentrum Bank AG,CI,Germany,LSI,,,false,false,keine_gruppe_bekannt,
52990061592SQLEJN964,"Volksbank Mittelhessen eG, based in Gießen",CI,Germany,LSI,,,true,false,meldet_selbst,
529900673O9RT0H4KR87,Raiffeisenbank Bad Saulgau eG,CI,Germany,LSI,,,false,false,keine_gruppe_bekannt,
5299006A2PPHMJUAYM46,Sparkasse Schwaben-Bodensee,CI,Germany,LSI,,,false,false,keine_gruppe_bekannt,
5299006B64J1OMUW5G62,Volks- und Raiffeisenbank Muldental eG,CI,Germany,LSI,,,false,false,keine_gruppe_bekannt,
5299006B79LKOVMTXV20,Städtische Sparkasse Offenbach a.M.,CI,Germany,LSI,,,false,false,keine_gruppe_bekannt,
5299006E6UGNN6YEPU72,Volksbank in der Region eG,CI,Germany,LSI,,,false,false,keine_gruppe_bekannt,
5299006EWDEFUDNTOW13,Sparda-Bank Berlin eG,CI,Germany,LSI,,,false,false,keine_gruppe_bekannt,
5299006FYIV16TSUGS88,Volksbank Westmünsterland eG,CI,Germany,LSI,,,false,false,keine_gruppe_bekannt,
5299006L608JYM89QP49,Bank im Bistum Essen eG,CI,Germany,LSI,,,false,false,keine_gruppe_bekannt,
5299006LRRCPLQOARH75,Sparkasse Burbach-Neunkirchen Zweckverbandssparkasse der Gemeinden Burbach und Neunkirchen,CI,Germany,LSI,,,false,false,keine_gruppe_bekannt,
5299006OIW9QJSRKHQ34,Sparkasse Pfullendorf-Meßkirch,CI,Germany,LSI,,,false,false,keine_gruppe_bekannt,
5299006OTLQDMY5MX075,VR-Bank Südwestpfalz eG Pirmasens-Zweibrücken,CI,Germany,LSI,,,false,false,keine_gruppe_bekannt,
5299006OWDQGU3FEDK86,Kasseler Sparkasse,CI,Germany,LSI,,,false,false,keine_gruppe_bekannt,
5299006QZ5OEL3C9DR28,Volksbank eG (Sangerhausen),CI,Germany,LSI,,,false,false,keine_gruppe_bekannt,
5299006Y97HSE7B5WB50,Kreissparkasse Mayen,CI,Germany,LSI,,,false,false,keine_gruppe_bekannt,
5299006YQ8L8IWN55C67,Volksbank Bochum Witten eG,CI,Germany,LSI,,,false,false,keine_gruppe_bekannt,
5299006YTQCHS2507R72,Sparkasse Kraichgau-Bruchsal-Bretten-Sinsheim,CI,Germany,LSI,,,false,false,keine_gruppe_bekannt,
52990071YX99SH321F74,Westerwald Bank eG Volks- und Raiffeisenbank,CI,Germany,LSI,,,false,false,keine_gruppe_bekannt,
52990073W025XBYL7N92,VR Bank Dreieich-Offenbach eG,CI,Germany,LSI,,,false,false,keine_gruppe_bekannt,
52990078B0A1YZ04XJ45,Raiffeisenbank Niedere Alb eG,CI,Germany,LSI,,,false,false,keine_gruppe_bekannt,
52990078RM4B6ZUC6648,Sparkasse Südholstein,CI,Germany,LSI,,,false,false,keine_gruppe_bekannt,
529900793U3P5C6YYC70,Spar- und Kreditbank Rheinstetten eG,CI,Germany,LSI,,,false,false,keine_gruppe_bekannt,
5299007BIE0JSIBS4K52,Tradegate AG,CI,Germany,LSI,,,false,false,keine_gruppe_bekannt,
5299007CKOPKK8KX5129,Rheinhessen Sparkasse,CI,Germany,LSI,,,false,false,keine_gruppe_bekannt,
5299007COP8MZ4KSJK69,Volksbank Pfullendorf eG,CI,Germany,LSI,,,false,false,keine_gruppe_bekannt,
5299007DRP3741GOZM90,Kreissparkasse Böblingen,CI,Germany,LSI,,,false,false,keine_gruppe_bekannt,
5299007GMRYEAD6PRW15,Kreissparkasse Waiblingen,CI,Germany,LSI,,,false,false,keine_gruppe_bekannt,
5299007I4FXQ3DWNYO94,Bank 1 Saar eG,CI,Germany,LSI,,,false,false,keine_gruppe_bekannt,
5299007I6FRVTRTABF45,Volksbank Bocholt eG,CI,Germany,LSI,,,false,false,keine_gruppe_bekannt,
5299007IPJG3QJK5KI24,Sparkasse Hildesheim Goslar Peine,CI,Germany,LSI,,,false,false,keine_gruppe_bekannt,
5299007M83GBOCBBUP36,Sparkasse Regensburg,CI,Germany,LSI,,,false,false,keine_gruppe_bekannt,
5299007N409BMXFOM141,Volksbank Dessau-Anhalt eG,CI,Germany,LSI,,,false,false,keine_gruppe_bekannt,
5299007O0A3MLVGRMU30,Raiffeisenbank im Breisgau eG,CI,Germany,LSI,,,false,false,keine_gruppe_bekannt,
5299007OKTDD430X9T34,Ziraat Bank International Aktiengesellschaft,CI,Germany,LSI,,,false,false,keine_gruppe_bekannt,
5299007TYCG4X9DYNJ21,Sparkasse Dortmund – Zweckverbandssparkasse der Städte Dortmund und Schwerte,CI,Germany,LSI,,,false,false,keine_gruppe_bekannt,
5299007TZF2XL15A6M69,Raiffeisenbank Tüngental eG,CI,Germany,LSI,,,false,false,keine_gruppe_bekannt,
5299007WOCT0JJUFOE98,Sparkasse Barnim,CI,Germany,LSI,,,false,false,keine_gruppe_bekannt,
5299007Y7UJE5QV9QD03,Raiffeisenbank Eifel eG,CI,Germany,LSI,,,false,false,keine_gruppe_bekannt,
5299007YNRS66KKG0810,PSD Bank Braunschweig eG,CI,Germany,LSI,,,false,false,keine_gruppe_bekannt,
5299007YYLSND8F62L79,Volksbank Nordhümmling eG,CI,Germany,LSI,,,false,false,keine_gruppe_bekannt,
5299007Z9DGHSB1PQ447,VR-Bank Bonn Rhein-Sieg eG,CI,Germany,LSI,,,false,false,keine_gruppe_bekannt,
529900806UBWPV6E0W38,VR-Bank Ellwangen eG,CI,Germany,LSI,,,false,false,keine_gruppe_bekannt,
52990080LR098K1FPZ23,Sparkasse Coburg - Lichtenfels,CI,Germany,LSI,,,false,false,keine_gruppe_bekannt,
52990080QYNLX4A3L311,Sparkasse Hochrhein,CI,Germany,LSI,,,false,false,keine_gruppe_bekannt,
52990081QE4QOV7MNK37,Volksbank an der Niers eG,CI,Germany,LSI,,,false,false,keine_gruppe_bekannt,
52990084ABYC6UAATC06,Sparkasse Altbayern,CI,Germany,LSI,,,false,false,keine_gruppe_bekannt,
52990085SMO9HN005K47,Steyler Bank GmbH,CI,Germany,LSI,,,false,false,keine_gruppe_bekannt,
52990085XZWOZNLAWJ54,Sparkasse Hannover,CI,Germany,LSI,,,false,false,keine_gruppe_bekannt,
52990086IBNN51AGC442,Sparkasse Ulm,CI,Germany,LSI,,,false,false,keine_gruppe_bekannt,
52990087JS7539BV4781,Sparkasse Altenburger Land,CI,Germany,LSI,,,false,false,keine_gruppe_bekannt,
52990087RF0LMLZ69A08,Raiffeisenbank Lorup eG,CI,Germany,LSI,,,false,false,keine_gruppe_bekannt,
52990089JN9S8OJ5KU82,Isbank AG,CI,Germany,LSI,,,false,false,keine_gruppe_bekannt,
52990089LBIKLBM8YB23,VR Bank Nord eG,CI,Germany,LSI,,,true,false,meldet_selbst,
52990089VQI5JDZGY376,Sparkasse Hohenlohekreis,CI,Germany,LSI,,,false,false,keine_gruppe_bekannt,
5299008ANE2XLKNRSR71,Sparkasse Neunkirchen,CI,Germany,LSI,,,false,false,keine_gruppe_bekannt,
5299008B0QO7XEHUSF18,Raiffeisenbank Landshuter Land eG,CI,Germany,LSI,,,false,false,keine_gruppe_bekannt,
5299008BPUFPGBJAVR28,Volksbank eG Emstek Essen Cappeln,CI,Germany,LSI,,,false,false,keine_gruppe_bekannt,
5299008BSVA4NY593212,Raiffeisenbank MEHR eG Mosel - Eifel - Hunsrück - Region,CI,Germany,LSI,,,false,false,keine_gruppe_bekannt,
5299008CO6IFREMCTY71,Volksbank Lastrup e.G.,CI,Germany,LSI,,,false,false,keine_gruppe_bekannt,
5299008DVOP2OR0Y6K77,Volksbank Überherrn eG,CI,Germany,LSI,,,false,false,keine_gruppe_bekannt,
5299008F7LLV7TEYIT04,Volksbank Düsseldorf Neuss eG,CI,Germany,LSI,,,false,false,keine_gruppe_bekannt,
5299008FMU1SJTXKE870,Volksbank Bönen eG,CI,Germany,LSI,,,false,false,keine_gruppe_bekannt,
5299008G3FGR5YOYST49,Raiffeisenbank Wiesedermeer-Wiesede-Marcardsmoor eG,CI,Germany,LSI,,,false,false,keine_gruppe_bekannt,
5299008GKJ48L49YT646,Raiffeisenbank Mittenwald eG,CI,Germany,LSI,,,false,false,keine_gruppe_bekannt,
5299008I9KIOJRP9OZ42,Sparda-Bank Nürnberg eG,CI,Germany,LSI,,,false,false,keine_gruppe_bekannt,
5299008M5D5QGM9F2M17,Geno Bank Essen eG,CI,Germany,LSI,,,false,false,keine_gruppe_bekannt,
5299008N1FFXN4XXM058,Raiffeisenbank Geiselhöring-Pfaffenberg eG,CI,Germany,LSI,,,false,false,keine_gruppe_bekannt,
5299008O3FLN6WIMX535,Raiffeisenbank Thannhausen eG,CI,Germany,LSI,,,false,false,keine_gruppe_bekannt,
5299008O4S7J239HZC62,VR Bank Westfalen-Lippe eG,CI,Germany,LSI,,,false,false,keine_gruppe_bekannt,
5299008OHEJ4GWHLOJ53,Raiffeisenbank Augsburger Land West eG,CI,Germany,LSI,,,false,false,keine_gruppe_bekannt,
5299008OPB5IT38HB189,Sparkasse Spree-Neiße,CI,Germany,LSI,,,false,false,keine_gruppe_bekannt,
5299008PIM61AXE4C673,Sparkasse Allgäu,CI,Germany,LSI,,,false,false,keine_gruppe_bekannt,
5299008PR99KLESK4L15,Volksbank Remseck eG,CI,Germany,LSI,,,false,false,keine_gruppe_bekannt,
5299008QOOWW0IUSDH15,VR Bank München Land eG,CI,Germany,LSI,,,false,false,keine_gruppe_bekannt,
5299008R860KMU2AHB89,Volksbank Rathenow eG,CI,Germany,LSI,,,false,false,keine_gruppe_bekannt,
5299008S8L7XYNXTWV38,Volksbank Lindenberg eG,CI,Germany,LSI,,,false,false,keine_gruppe_bekannt,
5299008TDNA6IM1ZZC60,Budenheimer Volksbank eG,CI,Germany,LSI,,,false,false,keine_gruppe_bekannt,
5299008UZBJ3O2AJ9O21,VR Bank Donau-Oberschwaben eG,CI,Germany,LSI,,,false,false,keine_gruppe_bekannt,
5299008VDH3PSYSKJ503,Vereinigte Volksbank eG Saarlouis - Losheim am See - Sulzbach/Saar,CI,Germany,LSI,,,false,false,keine_gruppe_bekannt,
5299008VGCLH8JYR3K70,Raiffeisenbank Isar-Loisachtal eG,CI,Germany,LSI,,,false,false,keine_gruppe_bekannt,
5299008W44I8V87F0U52,Brandenburger Bank Volksbank-Raiffeisenbank eG,CI,Germany,LSI,,,false,false,keine_gruppe_bekannt,
5299008YDNXSDRZER407,Sparda-Bank Hannover eingetragene Genossenschaft,CI,Germany,LSI,,,false,false,keine_gruppe_bekannt,
5299008YILDXW9HPVL61,Volksbank Kassel Göttingen eG,CI,Germany,LSI,,,false,false,keine_gruppe_bekannt,
52990090RE7V4X78GP56,VR Handels- und Gewerbebank eG,CI,Germany,LSI,,,false,false,keine_gruppe_bekannt,
529900923ONNWU006D14,Kyffhäusersparkasse Artern-Sondershausen,CI,Germany,LSI,,,false,false,keine_gruppe_bekannt,
52990092MV2ZVLDQAD56,Bankhaus Herzogpark AG,CI,Germany,LSI,,,false,false,keine_gruppe_bekannt,
52990093GF8L3K83HU38,Volksbank Braunlage e.G.,CI,Germany,LSI,,,false,false,keine_gruppe_bekannt,
52990093INYLJNWHQ228,Volksbank eG - Die Gestalterbank,CI,Germany,LSI,,,true,false,meldet_selbst,
52990094TGOJNBK96L42,Sparkasse Fürth,CI,Germany,LSI,,,false,false,keine_gruppe_bekannt,
5299009502R8B6S3LN39,abcbank GmbH,CI,Germany,LSI,,,false,false,keine_gruppe_bekannt,
52990095KKUU45Q9JZ34,Volksbank Delitzsch eG,CI,Germany,LSI,,,false,false,keine_gruppe_bekannt,
529900964BU9UN3S7O17,VR Bank Mecklenburg eG,CI,Germany,LSI,,,false,false,keine_gruppe_bekannt,
529900967AJZ6T29Q111,Frankfurter Volksbank Rhein/Main eG,CI,Germany,LSI,,,false,false,keine_gruppe_bekannt,
529900984Z5768JBQF32,Bankhaus Gebr. Martin Aktiengesellschaft,CI,Germany,LSI,,,false,false,keine_gruppe_bekannt,
52990098I6TY2VB6EF33,Sparkasse Donnersberg,CI,Germany,LSI,,,false,false,keine_gruppe_bekannt,
529900998XR27HVMFQ53,Raiffeisenbank Neumarkt i.d. OPf. eG,CI,Germany,LSI,,,false,false,keine_gruppe_bekannt,
5299009A1SAL2URXG283,Volksbank Mittlerer Schwarzwald eG,CI,Germany,LSI,,,false,false,keine_gruppe_bekannt,
5299009A3NNGOV6Q7Y54,Raiffeisenbank Ichenhausen eG,CI,Germany,LSI,,,false,false,keine_gruppe_bekannt,
5299009ADJ9XFQVUKZ50,Volksbank Schwarzwald-Donau-Neckar eG,CI,Germany,LSI,,,false,false,keine_gruppe_bekannt,
5299009BMCDYE59ZPA55,Sparkasse Westerwald-Sieg,CI,Germany,LSI,,,false,false,keine_gruppe_bekannt,
5299009D9BIL4D4UHT93,Die Sparkasse Bremen AG,CI,Germany,LSI,,,false,false,keine_gruppe_bekannt,
5299009DS75AR4EWFI55,VR-Bank Altenburger Land eG,CI,Germany,LSI,,,false,false,keine_gruppe_bekannt,
5299009E2Q29I9GLLN49,Volksbank Klettgau-Wutöschingen eG,CI,Germany,LSI,,,false,false,keine_gruppe_bekannt,
5299009EELDZG8AZOX61,VR-Bank Ostalb eG,CI,Germany,LSI,,,false,false,keine_gruppe_bekannt,
5299009FBWE3747S9112,Stadtsparkasse Dessau,CI,Germany,LSI,,,false,false,keine_gruppe_bekannt,
5299009GMWQ0N5ZIZI39,Sparda-Bank Südwest eG,CI,Germany,LSI,,,false,false,keine_gruppe_bekannt,
5299009IFX1XTKDY4568,Trade Republic Bank GmbH,CI,Germany,LSI,,,false,false,keine_gruppe_bekannt,
5299009KFM6C8JYR3G51,Raiffeisenbank Unteres Zusamtal eG,CI,Germany,LSI,,,false,false,keine_gruppe_bekannt,
5299009N0LNRSMTUJK98,Raiffeisenbank Lechrain eG,CI,Germany,LSI,,,false,false,keine_gruppe_bekannt,
5299009OMCNAWE2WTC71,Raiffeisenbank Anger eG,CI,Germany,LSI,,,false,false,keine_gruppe_bekannt,
5299009RFJSJRM1FIW34,VR-Bank Mittelfranken Mitte eG,CI,Germany,LSI,,,false,false,keine_gruppe_bekannt,
5299009TDMEE2DW7NF08,Sylter Bank eG,CI,Germany,LSI,,,false,false,keine_gruppe_bekannt,
5299009UC90NABGYXQ93,Sparkasse im Landkreis Neustadt a.d. Aisch-Bad Windsheim,CI,Germany,LSI,,,false,false,keine_gruppe_bekannt,
5299009V81GRDCCWG236,Volksbank Jade-Weser eG,CI,Germany,LSI,,,false,false,keine_gruppe_bekannt,
5299009W2BWIO9MJJC09,Kreissparkasse Miesbach-Tegernsee,CI,Germany,LSI,,,false,false,keine_gruppe_bekannt,
5299009WBL493K1UK415,Volksbank Rhein-Erft-Köln eG,CI,Germany,LSI,,,false,false,keine_gruppe_bekannt,
529900A1Q9DIV7G22866,Raiffeisenbank Kieselbronn eG,CI,Germany,LSI,,,false,false,keine_gruppe_bekannt,
529900A201NLMA3OK864,Sparkasse Niederlausitz mit Sitz in Senftenberg,CI,Germany,LSI,,,false,false,keine_gruppe_bekannt,
529900A3AHXLYXOH5S16,Volksbank Geeste-Nord eG,CI,Germany,LSI,,,false,false,keine_gruppe_bekannt,
529900A4VD7OJP4QV963,Sparkasse Bühl,CI,Germany,LSI,,,false,false,keine_gruppe_bekannt,
529900A4ZODYE4V0Q494,Sparkasse Attendorn-Lennestadt- Kirchhundem Zweckverbandssparkasse der Städte Attendorn und Lennestadt sowie der Gemeinde Kirchhundem,CI,Germany,LSI,,,false,false,keine_gruppe_bekannt,
529900A5E8HID9W8L033,Bank für Kirche und Diakonie eG - KD-Bank,CI,Germany,LSI,,,false,false,keine_gruppe_bekannt,
529900A6WAJVRHA90G98,Stadtsparkasse Oberhausen,CI,Germany,LSI,,,false,false,keine_gruppe_bekannt,
529900AC1I6EBNC45I23,VR Bank Amberg-Sulzbach eG,CI,Germany,LSI,,,false,false,keine_gruppe_bekannt,
529900ACUKILJMOPWO17,VR Bank Niederbayern-Oberpfalz eG,CI,Germany,LSI,,,false,false,keine_gruppe_bekannt,
529900ADKUHJUOVJRK71,"Waldeck-Frankenberger Bank eG, based in Korbach",CI,Germany,LSI,,,false,false,keine_gruppe_bekannt,
529900AE7RYFSDIIBF42,Raiffeisenbank Rupertiwinkel eG,CI,Germany,LSI,,,false,false,keine_gruppe_bekannt,
529900AJEV6BCAR42Q32,Raiffeisenbank Regensburg-Wenzenbach eG,CI,Germany,LSI,,,false,false,keine_gruppe_bekannt,
529900ALRWVJW8UUH641,Kreissparkasse Stade,CI,Germany,LSI,,,false,false,keine_gruppe_bekannt,
529900AM960BZ8LFB287,Raiffeisenbank Strücklingen-Idafehn eG,CI,Germany,LSI,,,false,false,keine_gruppe_bekannt,
529900AMQUYPTRK56V94,Sparkasse Oder-Spree,CI,Germany,LSI,,,false,false,keine_gruppe_bekannt,
529900AOIGZIIUZHID69,Volksbank Olpe-Wenden-Drolshagen eG,CI,Germany,LSI,,,false,false,keine_gruppe_bekannt,
529900AONE10IZH5SS46,Sparkasse Werra-Meißner,CI,Germany,LSI,,,false,false,keine_gruppe_bekannt,
529900AOT7DX392W5U75,Volksbank Ettlingen eG,CI,Germany,LSI,,,false,false,keine_gruppe_bekannt,
529900AP2WQOSZ9YQZ27,Raiffeisen-Volksbank Oder-Spree eG,CI,Germany,LSI,,,false,false,keine_gruppe_bekannt,
529900APW112CPUURJ66,Sparkasse Bad Tölz-Wolfratshausen,CI,Germany,LSI,,,false,false,keine_gruppe_bekannt,
529900APX10RF2PBTB22,VR-Bank Rottal-Inn eG,CI,Germany,LSI,,,false,false,keine_gruppe_bekannt,
529900AT73S3UKIMP047,OstseeSparkasse Rostock,CI,Germany,LSI,,,false,false,keine_gruppe_bekannt,
529900ATAS3PCZAMFW02,Calenberger Kreditverein Calenberg-Göttingen- Grubenhagen- Hildesheim'scher ritterschaftlicher Kreditverein,CI,Germany,LSI,,,false,false,keine_gruppe_bekannt,
529900ATTP55L2G63Z11,Raiffeisenbank Kalbe-Bismark eG,CI,Germany,LSI,,,false,false,keine_gruppe_bekannt,
529900AVLXO78SDFR886,Volksbank Hameln-Stadthagen eG,CI,Germany,LSI,,,false,false,keine_gruppe_bekannt,
529900AX2EV46G6NJS92,Spar- und Kreditbank eG (Hammah),CI,Germany,LSI,,,false,false,keine_gruppe_bekannt,
529900AYKDWWPPMU3H09,Raiffeisenbank Flachsmeer eG,CI,Germany,LSI,,,false,false,keine_gruppe_bekannt,
529900AYWQ6YJFL4WK91,Volksbank Bad Salzuflen eG,CI,Germany,LSI,,,false,false,keine_gruppe_bekannt,
529900AZX36G3T8UKI42,Sparkasse der Stadt Iserlohn,CI,Germany,LSI,,,false,false,keine_gruppe_bekannt,
529900B0CY07L22N6B17,Freisinger Bank eG Volksbank-Raiffeisenbank,CI,Germany,LSI,,,false,false,keine_gruppe_bekannt,
529900B1PFHL9HHKS119,Raiffeisenbank Uehlfeld-Dachsbach eG,CI,Germany,LSI,,,false,false,keine_gruppe_bekannt,
529900B4OR3PD4V3AQ57,Finanzholding der Sparkasse in Bremen,FH,Germany,LSI,,,true,false,meldet_selbst,
529900B6FH6DMERJCI37,Sparkasse Vorpommern,CI,Germany,LSI,,,false,false,keine_gruppe_bekannt,
529900B7MT9M8U7QEC32,Volksbank Seligenstadt eG,CI,Germany,LSI,,,false,false,keine_gruppe_bekannt,
529900B8Z6912HXOHI30,Volksbank eG Westrhauderfehn,CI,Germany,LSI,,,false,false,keine_gruppe_bekannt,
529900B909XL5B2WHV75,Raiffeisenbank Aitrang-Ruderatshofen eG,CI,Germany,LSI,,,false,false,keine_gruppe_bekannt,
529900B91AUH0YTEXN10,"National-Bank, Aktiengesellschaft",CI,Germany,LSI,,,true,false,meldet_selbst,
529900B9I2UNZF005Z76,Stadtsparkasse Bocholt,CI,Germany,LSI,,,false,false,keine_gruppe_bekannt,
529900BBD7C7JXDKE759,Kreissparkasse Kusel,CI,Germany,LSI,,,false,false,keine_gruppe_bekannt,
529900BBEBGNAA1C6176,Aachener Bank eG,CI,Germany,LSI,,,false,false,keine_gruppe_bekannt,
529900BHRYZ464GFD289,GRENKE AG,FH,Germany,LSI,,,true,false,meldet_selbst,
529900BI003BZ8N3W740,Volksbank Leonberg-Strohgäu eG,CI,Germany,LSI,,,false,false,keine_gruppe_bekannt,
529900BI9ARDF02BZ794,Raiffeisenbank München-Süd eG,CI,Germany,LSI,,,false,false,keine_gruppe_bekannt,
529900BIK4WRWS06MR52,Ascory Bank AG,CI,Germany,LSI,,,true,false,meldet_selbst,
529900BMG606CU1NGU64,Raiffeisenbank Ottenbach eG,CI,Germany,LSI,,,false,false,keine_gruppe_bekannt,
529900BML1PM7KWOMG79,VR Bank Schwäbischer Wald eG,CI,Germany,LSI,,,false,false,keine_gruppe_bekannt,
529900BQ213HK5ULK534,Raiffeisenbank im Allgäuer Land eG,CI,Germany,LSI,,,false,false,keine_gruppe_bekannt,
529900BQ2Y2140F0IC48,Volksbank Viersen e G,CI,Germany,LSI,,,false,false,keine_gruppe_bekannt,
529900BQBP4JMDPM6Q19,Max Heinr. Sutor OHG,CI,Germany,LSI,,,false,false,keine_gruppe_bekannt,
529900BQZ6X2AMSVII72,Raiffeisenbank Steingaden eG,CI,Germany,LSI,,,false,false,keine_gruppe_bekannt,
529900BR2N56KWNZOM37,Sparkasse Aschaffenburg Miltenberg,CI,Germany,LSI,,,false,false,keine_gruppe_bekannt,
529900BRWIJEHDLDIY45,Raiffeisenbank Taufkirchen-Oberneukirchen eG,CI,Germany,LSI,,,false,false,keine_gruppe_bekannt,
529900BTJFHUY90I7429,Volksbank Pirna eG,CI,Germany,LSI,,,false,false,keine_gruppe_bekannt,
529900BU2W60OCE4EA97,Kreissparkasse Limburg,CI,Germany,LSI,,,false,false,keine_gruppe_bekannt,
529900BUXQYE7T1Z4796,Volksbank Sulmtal eG,CI,Germany,LSI,,,false,false,keine_gruppe_bekannt,
529900BV5EI1UAISKK27,Sparkasse Amberg-Sulzbach,CI,Germany,LSI,,,false,false,keine_gruppe_bekannt,
529900BVQ5YZ4U2VLU24,Volksbank Heimbach eG,CI,Germany,LSI,,,false,false,keine_gruppe_bekannt,
529900BVUP40I1J7ZH60,Raiffeisenbank Burgebrach - Stegaurach eG,CI,Germany,LSI,,,false,false,keine_gruppe_bekannt,
529900BXR8FHQ0546E89,Sparkasse Düren,CI,Germany,LSI,,,false,false,keine_gruppe_bekannt,
529900BXVKDO9274NA83,Volksbank Rhein-Nahe-Hunsrück eG,CI,Germany,LSI,,,false,false,keine_gruppe_bekannt,
529900BZT0YLD8BX1C59,Sparkasse Berchtesgadener Land,CI,Germany,LSI,,,false,false,keine_gruppe_bekannt,
529900C09PDSUJ27W947,Sparkasse Neumarkt i.d. OPf.-Parsberg,CI,Germany,LSI,,,false,false,keine_gruppe_bekannt,
529900C0H5OM7TYSQK47,Raiffeisenbank im Fuldaer Land eG,CI,Germany,LSI,,,false,false,keine_gruppe_bekannt,
529900C1DU7R9H72TI55,VR Bank Mittlere Oberpfalz eG,CI,Germany,LSI,,,false,false,keine_gruppe_bekannt,
529900C1N2GMTYIKO591,Hamburger Volksbank eG,CI,Germany,LSI,,,false,false,keine_gruppe_bekannt,
529900C2A9G3SP7VPK94,Sparkasse Duisburg,CI,Germany,LSI,,,false,false,keine_gruppe_bekannt,
529900C3SHT3Q94H3W82,Bank 11 Holding GmbH,FH,Germany,LSI,,,true,false,meldet_selbst,
529900C43L4ZHDUDW754,Volksbank eG Lohne-Dinklage-Steinfeld-Mühlen,CI,Germany,LSI,,,false,false,keine_gruppe_bekannt,
529900C4A6CDUR4NBP38,Raiffeisenbank Werratal-Landeck eG,CI,Germany,LSI,,,false,false,keine_gruppe_bekannt,
529900C4BDI11BJKQ590,Vereinigte VR Bank eG,CI,Germany,LSI,,,false,false,keine_gruppe_bekannt,
529900C5ZXBJLB1D2V48,Volksbank eG Südheide - Isenhagener Land – Altmark,CI,Germany,LSI,,,false,false,keine_gruppe_bekannt,
529900C61SO23HBUWX84,Dortmunder Volksbank eingetragene Genossenschaft,CI,Germany,LSI,,,false,false,keine_gruppe_bekannt,
529900C7C1CTWJVRTA69,Sparda-Bank Ostbayern eG,CI,Germany,LSI,,,false,false,keine_gruppe_bekannt,
529900C7LGUV8N5BG037,Kreissparkasse Schlüchtern,CI,Germany,LSI,,,false,false,keine_gruppe_bekannt,
529900C850VGJ80C6E84,VR-Bank Passau eG,CI,Germany,LSI,,,false,false,keine_gruppe_bekannt,
529900C993QTFX14KV96,Kreissparkasse Herzogtum Lauenburg,CI,Germany,LSI,,,false,false,keine_gruppe_bekannt,
529900C9OP6Y0DPYSK11,VR Bank RheinAhrEifel eG,CI,Germany,LSI,,,true,false,meldet_selbst,
529900CBH0KEPWTFCA07,Volksbank Senden eG,CI,Germany,LSI,,,false,false,keine_gruppe_bekannt,
529900CDFH7GJ76LXH43,Kreissparkasse Halle-Wiedenbrück,CI,Germany,LSI,,,false,false,keine_gruppe_bekannt,
529900CG5HHEUT0AHK10,VR Bank Augsburg-Ostallgäu eG,CI,Germany,LSI,,,false,false,keine_gruppe_bekannt,
529900CHS8N7O4D0SX11,Sparkasse Rottal-Inn,CI,Germany,LSI,,,false,false,keine_gruppe_bekannt,
529900CIT57QCNF4AZ50,Sparkasse Mecklenburg-Nordwest,CI,Germany,LSI,,,false,false,keine_gruppe_bekannt,
529900CJAJ0HDPPKUI53,Nassauische Sparkasse,CI,Germany,LSI,,,true,false,meldet_selbst,
529900CK14SGH0EXOB27,"Marcard, Stein & Co AG",CI,Germany,LSI,,,false,false,keine_gruppe_bekannt,
529900CL5BVX8CKVN935,Stadt-Sparkasse Langenfeld (Rhld.),CI,Germany,LSI,,,false,false,keine_gruppe_bekannt,
529900CL75BMP071NB81,Volksbank Sprockhövel eG,CI,Germany,LSI,,,false,false,keine_gruppe_bekannt,
529900CLVK38HUKPKF71,Süd-West-Kreditbank Finanzierung GmbH,CI,Germany,LSI,,,false,false,keine_gruppe_bekannt,
529900CNHJP2Y9F6Z240,Sparkasse Oberlausitz-Niederschlesien,CI,Germany,LSI,,,false,false,keine_gruppe_bekannt,
529900CNL32BATSBXF59,VR GenoBank DonauWald eG,CI,Germany,LSI,,,false,false,keine_gruppe_bekannt,
529900COPYLMXONPTC24,PSD Bank West eG,CI,Germany,LSI,,,false,false,keine_gruppe_bekannt,
529900CR5152VSCMSA83,Volksbank Breisgau-Markgräflerland eG,CI,Germany,LSI,,,false,false,keine_gruppe_bekannt,
529900CS2DTIIVXYK804,PSD Bank Rhein-Ruhr eG,CI,Germany,LSI,,,false,false,keine_gruppe_bekannt,
529900CWI4OT4SMHQM23,Hümmlinger Volksbank eG,CI,Germany,LSI,,,false,false,keine_gruppe_bekannt,
529900CZRU19C9QD1F05,Volksbank Rot eG,CI,Germany,LSI,,,false,false,keine_gruppe_bekannt,
529900D06C9IHN6BR131,"Sparkasse im Kreis Herford -Zweckverband Sparkasse des Kreises Herford und der Städte Bünde, Herford, Löhne und Vlotho-",CI,Germany,LSI,,,false,false,keine_gruppe_bekannt,
529900D0GBT27T9NB551,Sparkasse Bielefeld,CI,Germany,LSI,,,false,false,keine_gruppe_bekannt,
529900D2IG80FW7R2H63,Volksbank Haselünne eG,CI,Germany,LSI,,,false,false,keine_gruppe_bekannt,
529900D6G1G3NN25OF80,Raiffeisenbank Oberpfalz Süd eG,CI,Germany,LSI,,,false,false,keine_gruppe_bekannt,
529900D8WKMEWASPLJ90,Volksbank Weschnitztal eG,CI,Germany,LSI,,,false,false,keine_gruppe_bekannt,
529900D8YOEHO6OEBS37,Sparkasse Kierspe-Meinerzhagen Zweckverbandssparkasse der Städte Kierspe und Meinerzhagen,CI,Germany,LSI,,,false,false,keine_gruppe_bekannt,
529900DB1FYHSPU1LN76,PSD Bank Karlsruhe-Neustadt eG,CI,Germany,LSI,,,false,false,keine_gruppe_bekannt,
529900DBKUI06S4XAS60,Dettinger Bank eG Volks- und Raiffeisenbank,CI,Germany,LSI,,,false,false,keine_gruppe_bekannt,
529900DCW7IO492RBC56,Volksbank eG (Hildesheim),CI,Germany,LSI,,,false,false,keine_gruppe_bekannt,
529900DEAYRUPP22B339,Mercedes-Benz Bank AG,CI,Germany,LSI,,,true,false,meldet_selbst,
529900DFGOXK0YLFQ697,Pax-Bank für Kirche und Caritas eG,CI,Germany,LSI,,,false,false,keine_gruppe_bekannt,
529900DFS6YI9LIZAJ72,Kreissparkasse Saalfeld-Rudolstadt,CI,Germany,LSI,,,false,false,keine_gruppe_bekannt,
529900DHO96Z2SV07S52,Volksbank Geest eG,CI,Germany,LSI,,,false,false,keine_gruppe_bekannt,
529900DID7VL60K6JG47,VR Bank Mittelhaardt eG,CI,Germany,LSI,,,false,false,keine_gruppe_bekannt,
529900DLAJ534R7YPF91,Volksbank Euskirchen eG,CI,Germany,LSI,,,false,false,keine_gruppe_bekannt,
529900DOO8VDUMU17A39,Volksbank Ruhr Mitte eG,CI,Germany,LSI,,,false,false,keine_gruppe_bekannt,
529900DPL9DTMHQAME41,Kreissparkasse St. Wendel,CI,Germany,LSI,,,false,false,keine_gruppe_bekannt,
529900DRQG5K51MKI862,Sparkasse Elmshorn,CI,Germany,LSI,,,false,false,keine_gruppe_bekannt,
529900DSIVJWCUQUMP41,AKA Ausfuhrkredit-Gesellschaft mit beschränkter Haftung,CI,Germany,LSI,,,true,false,meldet_selbst,
529900DTJBS7IK0LHB77,Raiffeisenbank Geislingen-Rosenfeld eG,CI,Germany,LSI,,,false,false,keine_gruppe_bekannt,
529900DVM1TNGSLYYC45,Raiffeisenbank Mecklenburger Seenplatte eG,CI,Germany,LSI,,,false,false,keine_gruppe_bekannt,
529900DXTOU2U9IZDY54,meine Volksbank Raiffeisenbank eG,CI,Germany,LSI,,,true,false,meldet_selbst,
529900E0KDTTAKITHC30,Kreissparkasse Rottweil,CI,Germany,LSI,,,false,false,keine_gruppe_bekannt,
529900E0WY09Z3H21393,VR Bank Rhein-Neckar eG,CI,Germany,LSI,,,true,false,meldet_selbst,
529900E12M42ZWY1DR93,Sparkasse Mainfranken Würzburg,CI,Germany,LSI,,,false,false,keine_gruppe_bekannt,
529900E15I4XYNU1NF86,Kreis-Sparkasse Northeim,CI,Germany,LSI,,,false,false,keine_gruppe_bekannt,
529900E1WHT64CB20277,Airbus Bank GmbH,CI,Germany,LSI,,,false,false,keine_gruppe_bekannt,
529900E35VZ5S83Z3F75,VR-Bank eG Osnabrücker Nordland,CI,Germany,LSI,,,false,false,keine_gruppe_bekannt,
529900E476ZMCZYZDR80,Raiffeisenbank Ortenburg - Kirchberg v.W. eG,CI,Germany,LSI,,,false,false,keine_gruppe_bekannt,
529900E5ULQQ1YHY4B13,Bezirkssparkasse Reichenau,CI,Germany,LSI,,,false,false,keine_gruppe_bekannt,
529900E73SPD4C4MI976,VR Bank Kitzingen eG,CI,Germany,LSI,,,false,false,keine_gruppe_bekannt,
529900E9AS5RG8YBF660,VR-Bank Landau-Mengkofen eG,CI,Germany,LSI,,,false,false,keine_gruppe_bekannt,
529900EAWG62TCNQBF95,Sparkasse Bonndorf-Stühlingen,CI,Germany,LSI,,,false,false,keine_gruppe_bekannt,
529900EBYBAMKPTOSI76,Raiffeisenbank eG (Mölln),CI,Germany,LSI,,,false,false,keine_gruppe_bekannt,
529900EDGJAI75AJ1J71,PSD Bank Koblenz eG,CI,Germany,LSI,,,false,false,keine_gruppe_bekannt,
529900EDWLRSBBNPOK20,Hausbank München eG Bank für Haus- und Grundbesitz,CI,Germany,LSI,,,false,false,keine_gruppe_bekannt,
529900EF55AUET52MH13,Sparkasse Aachen,CI,Germany,LSI,,,false,false,keine_gruppe_bekannt,
529900EFH95SYMREXV87,Volksbank Glan-Münchweiler eingetragene Genossenschaft,CI,Germany,LSI,,,false,false,keine_gruppe_bekannt,
529900EGI7TF9Y3BB167,Genossenschaftsbank eG München,CI,Germany,LSI,,,false,false,keine_gruppe_bekannt,
529900EH32EJNAX0EG69,Sparkasse Gummersbach,CI,Germany,LSI,,,false,false,keine_gruppe_bekannt,
529900EH66KPWU1L3N23,VR-Bank Neu-Ulm eG,CI,Germany,LSI,,,false,false,keine_gruppe_bekannt,
529900EIN2ZVA8ELCD81,mediserv Bank GmbH,CI,Germany,LSI,,,false,false,keine_gruppe_bekannt,
529900EISKP7D20UZ372,Raiffeisenbank Hengersberg-Schöllnach eG,CI,Germany,LSI,,,false,false,keine_gruppe_bekannt,
529900EJEGWOQ5WT5M65,Volksbank Staufen eG,CI,Germany,LSI,,,false,false,keine_gruppe_bekannt,
529900EKHINI3PE9J144,CRONBANK Aktiengesellschaft,CI,Germany,LSI,,,false,false,keine_gruppe_bekannt,
529900EKXZS8A6D0UB40,Raiffeisenbank eG (Niederwallmenach),CI,Germany,LSI,,,false,false,keine_gruppe_bekannt,
529900ELU0BFUDWJ9J90,Raiffeisenbank Südhardt eG,CI,Germany,LSI,,,false,false,keine_gruppe_bekannt,
529900EM0ZU25V87GD50,Alte Leipziger Bauspar AG,CI,Germany,LSI,,,true,false,meldet_selbst,
529900EME6P6R8GUSG97,Volksbank Trossingen eG,CI,Germany,LSI,,,false,false,keine_gruppe_bekannt,
529900EP541D63MYPD84,Raiffeisenbank Griesstätt-Halfing eG,CI,Germany,LSI,,,false,false,keine_gruppe_bekannt,
529900ES21I7FQKP9415,Raiffeisen Spar + Kreditbank eG,CI,Germany,LSI,,,false,false,keine_gruppe_bekannt,
529900ES946F61B1ZR12,KT Bank AG,CI,Germany,LSI,,,false,false,keine_gruppe_bekannt,
529900ESKJTEU0QF7575,Sparkasse Mittelmosel - Eifel Mosel Hunsrück,CI,Germany,LSI,,,false,false,keine_gruppe_bekannt,
529900ESVTSPIVSA2L74,Raiffeisenbank Altmühl-Jura eG,CI,Germany,LSI,,,false,false,keine_gruppe_bekannt,
529900ET3S8PSL3XSS71,Raiffeisenbank Kaarst eG,CI,Germany,LSI,,,false,false,keine_gruppe_bekannt,
529900EUTCQB5DCMA432,Sparkasse Bensheim,CI,Germany,LSI,,,false,false,keine_gruppe_bekannt,
529900EXCN8TJWH3DA29,Raiffeisenbank in Rheinhessen eG,CI,Germany,LSI,,,false,false,keine_gruppe_bekannt,
529900EXG2PM316ISO63,Deutsche WertpapierService Bank AG,CI,Germany,LSI,,,false,false,keine_gruppe_bekannt,
529900F0PSPNVJMAUL18,Volksbank Stuttgart eG,CI,Germany,LSI,,,false,false,keine_gruppe_bekannt,
529900F4IYQMTFUT5A65,Volksbank Rhein-Lahn-Limburg eG,CI,Germany,LSI,,,false,false,keine_gruppe_bekannt,
529900F6N5IVIGSR0O47,Volksbank Worpswede eG,CI,Germany,LSI,,,false,false,keine_gruppe_bekannt,
529900FAAKQAZH0OHZ82,Bankhaus Werhahn GmbH,CI,Germany,LSI,,,false,false,keine_gruppe_bekannt,
529900FB29C36LKTAW50,V-Bank AG,CI,Germany,LSI,,,false,false,keine_gruppe_bekannt,
529900FD6V055NBG4N83,Sparkasse Schweinfurt-Haßberge,CI,Germany,LSI,,,false,false,keine_gruppe_bekannt,
529900FHK3F82N7LV938,Sparkasse Muldental,CI,Germany,LSI,,,false,false,keine_gruppe_bekannt,
529900FIX1PEU96ZE617,Volksbank eG Bad Laer-Borgloh-Hilter-Melle,CI,Germany,LSI,,,false,false,keine_gruppe_bekannt,
529900FJUMZDJWF8QV72,Abtsgmünder Bank - Raiffeisen - eG,CI,Germany,LSI,,,false,false,keine_gruppe_bekannt,
529900FKU5EHFDU5P820,Raiffeisenbank Oberaudorf eG,CI,Germany,LSI,,,false,false,keine_gruppe_bekannt,
529900FL0NSEA839DU38,VR-Bank Spangenberg - Morschen eG,CI,Germany,LSI,,,false,false,keine_gruppe_bekannt,
529900FLLALM2RHDWW17,Kreissparkasse Döbeln,CI,Germany,LSI,,,false,false,keine_gruppe_bekannt,
529900FLRSBNRI6T7218,Raiffeisenbank Bad Windsheim eG,CI,Germany,LSI,,,false,false,keine_gruppe_bekannt,
529900FMPYJ0QVTBSD95,Debeka Bausparkasse Aktiengesellschaft Sitz Koblenz am Rhein,CI,Germany,LSI,,,true,false,meldet_selbst,
529900FNO3XSY10KOB97,Volksbank Demmin eG,CI,Germany,LSI,,,false,false,keine_gruppe_bekannt,
529900FPOU897IEWGV26,Kreissparkasse Biberach,CI,Germany,LSI,,,false,false,keine_gruppe_bekannt,
529900FQZL2INESW9U34,Sparkasse Freiburg - Nördlicher Breisgau,CI,Germany,LSI,,,false,false,keine_gruppe_bekannt,
529900FR6NK5ZQR5EP29,Sparkasse Vest Recklinghausen,CI,Germany,LSI,,,false,false,keine_gruppe_bekannt,
529900FR98RO8IKX3687,Gladbacher Bank AG von 1922,CI,Germany,LSI,,,false,false,keine_gruppe_bekannt,
529900FRBVLJUES39708,Sparkasse Lemgo,CI,Germany,LSI,,,false,false,keine_gruppe_bekannt,
529900FRN5DSYOGHK121,"Sparkasse Paderborn-Detmold-Höxter (Lippische Spar- und Leihekasse), Zweckverbandssparkasse der Kreise Höxter, Lippe und Paderborn und der Städte Barntrup, Blomberg, Detbrück, Detmold, Höxter, Horn-Bad Meinberg, Lage, Marsberg, Paderborn und Warburg",CI,Germany,LSI,,,false,false,keine_gruppe_bekannt,
529900FS9462U7FFUX40,Sparkasse Hanauerland,CI,Germany,LSI,,,false,false,keine_gruppe_bekannt,
529900FSZSQU0BEG7249,Sparkasse Mansfeld-Südharz,CI,Germany,LSI,,,false,false,keine_gruppe_bekannt,
529900FVNS34ENY5A496,Mendener Bank eG,CI,Germany,LSI,,,false,false,keine_gruppe_bekannt,
529900FW2HOCU1QBTN33,Volksbank Rhede eG,CI,Germany,LSI,,,false,false,keine_gruppe_bekannt,
529900FWPX4ZEDGW7972,ETRIS Bank GmbH,CI,Germany,LSI,,,false,false,keine_gruppe_bekannt,
529900FWY4LQJD1YZB60,Volksbank Lübeck eG,CI,Germany,LSI,,,false,false,keine_gruppe_bekannt,
529900FXF6F19TQ19Z36,VR-Bank in Südniedersachsen eG,CI,Germany,LSI,,,false,false,keine_gruppe_bekannt,
529900FY5DH17BMV7W36,Spar- und Darlehnskasse Börde Lamstedt-Hechthausen eG,CI,Germany,LSI,,,false,false,keine_gruppe_bekannt,
529900FY7LO3LIT6YC76,Volksbank Winsener Marsch eG,CI,Germany,LSI,,,false,false,keine_gruppe_bekannt,
529900FYNMMZVL3O2V85,Vereinigte VR Bank Kur-und Rheinpfalz eG,CI,Germany,LSI,,,false,false,keine_gruppe_bekannt,
529900G0Q60XG5UANA05,VR Bank Main-Kinzig-Büdingen eG,CI,Germany,LSI,,,false,false,keine_gruppe_bekannt,
529900G2Z6BW1S0JJS60,Volksbank Raiffeisenbank Niederschlesien eG,CI,Germany,LSI,,,false,false,keine_gruppe_bekannt,
529900G4LFOVNBML2C47,Stadtsparkasse Rheine,CI,Germany,LSI,,,false,false,keine_gruppe_bekannt,
529900G6TZXG6I9R5I04,Sparkasse Scheeßel - Zweckverbandssparkasse -,CI,Germany,LSI,,,false,false,keine_gruppe_bekannt,
529900G6UCC7ITW6FJ76,Sparkasse Dachau,CI,Germany,LSI,,,false,false,keine_gruppe_bekannt,
529900GB1AZRHCRY1V75,VR Bank Oberfranken Mitte eG,CI,Germany,LSI,,,false,false,keine_gruppe_bekannt,
529900GB9HQMO9Y9B097,Ostsächsische Sparkasse Dresden,CI,Germany,LSI,,,false,false,keine_gruppe_bekannt,
529900GCU2E34P2RPK86,Sparkasse Südwestpfalz,CI,Germany,LSI,,,false,false,keine_gruppe_bekannt,
529900GCX12IYSEEKM76,Volksbank Hellweg eG,CI,Germany,LSI,,,false,false,keine_gruppe_bekannt,
529900GCY25B7SPR3560,Bernhauser Bank eG,CI,Germany,LSI,,,false,false,keine_gruppe_bekannt,
529900GDEQOVMPFW8P55,Sparkasse Borken-Schwalmstadt,CI,Germany,LSI,,,false,false,keine_gruppe_bekannt,
529900GDURGTIB6S6B27,Raiffeisenbank im Donautal eG,CI,Germany,LSI,,,false,false,keine_gruppe_bekannt,
529900GFT28SEW1QSG52,BfW - Bank für Wohnungswirtschaft AG,CI,Germany,LSI,,,true,false,meldet_selbst,
529900GI2BGDVYNR0F68,Sparkasse Elbe-Elster,CI,Germany,LSI,,,false,false,keine_gruppe_bekannt,
529900GITAFPOFSFOP74,Volksbank-Raiffeisenbank Glauchau eG,CI,Germany,LSI,,,false,false,keine_gruppe_bekannt,
529900GJCEV5ZKNTXN91,Sparkasse Fürstenfeldbruck,CI,Germany,LSI,,,false,false,keine_gruppe_bekannt,
529900GK2AGSDVLQ0P42,Bopfinger Bank Sechta-Ries eG,CI,Germany,LSI,,,false,false,keine_gruppe_bekannt,
529900GLZAP8J2E97K54,Volksbank BRAWO eG,CI,Germany,LSI,,,false,false,keine_gruppe_bekannt,
529900GM7EERMTVWAI17,VR-Bank eG (Alsheim),CI,Germany,LSI,,,false,false,keine_gruppe_bekannt,
529900GNI3ZMT50DBG92,Volksbank Sandhofen eG,CI,Germany,LSI,,,false,false,keine_gruppe_bekannt,
529900GNYEKYXPXMOG38,Sparkasse Passau,CI,Germany,LSI,,,false,false,keine_gruppe_bekannt,
529900GP2S6AGVOZ5B71,"Sparkasse an der Lippe, Zweckverbandssparkasse der Städte Lünen, Selm und Werne",CI,Germany,LSI,,,false,false,keine_gruppe_bekannt,
529900GP93B3EF6Y1989,Kreis- und Stadtsparkasse Wasserburg am Inn,CI,Germany,LSI,,,false,false,keine_gruppe_bekannt,
529900GS01MWP4QSH807,Sparkasse Landshut,CI,Germany,LSI,,,false,false,keine_gruppe_bekannt,
529900GVT9FAV11P1I47,Raiffeisenbank Main-Spessart eG,CI,Germany,LSI,,,false,false,keine_gruppe_bekannt,
529900GZTFUU5FP9DX16,Raiffeisen-Volksbank eG (Aurich),CI,Germany,LSI,,,false,false,keine_gruppe_bekannt,
529900H24NOMGMZBCZ74,Raiffeisenbank Chiemgau - Nord - Obing eG,CI,Germany,LSI,,,false,false,keine_gruppe_bekannt,
529900H2GFWQHEDEKO08,Raiffeisenbank Oberland eG,CI,Germany,LSI,,,false,false,keine_gruppe_bekannt,
529900H4JD9LEALS6S16,Bensberger Bank eG,CI,Germany,LSI,,,false,false,keine_gruppe_bekannt,
529900H4JTLAYUEBZL09,VR PartnerBank eG Chattengau-Schwalm-Eder,CI,Germany,LSI,,,false,false,keine_gruppe_bekannt,
529900H4PR2M6WCP5971,VR - Bank Bad Salzungen Schmalkalden eG,CI,Germany,LSI,,,false,false,keine_gruppe_bekannt,
529900H5E2RA9ZV7OE85,Volksbank Raiffeisenbank eG,CI,Germany,LSI,,,false,false,keine_gruppe_bekannt,
529900H5V9U8I2K26D19,Volksbank Nordschwarzwald eG,CI,Germany,LSI,,,false,false,keine_gruppe_bekannt,
529900H6PMBEQPIEO203,Kreissparkasse Tuttlingen,CI,Germany,LSI,,,false,false,keine_gruppe_bekannt,
529900H7I4HX0LU26M70,Volksbank Zwickau eG,CI,Germany,LSI,,,false,false,keine_gruppe_bekannt,
529900H9255HSTOGDY35,ProCredit Bank AG,CI,Germany,LSI,,,false,false,keine_gruppe_bekannt,
529900HAXZJRS9O35R08,Sparkasse Siegen,CI,Germany,LSI,,,false,false,keine_gruppe_bekannt,
529900HB5JPSXLWJO138,Sparda-Bank München eingetragene Genossenschaft,CI,Germany,LSI,,,false,false,keine_gruppe_bekannt,
529900HBDL63JZQPL059,Raiffeisenbank Aschau-Samerberg eG,CI,Germany,LSI,,,false,false,keine_gruppe_bekannt,
529900HC4LDSGK0NCJ85,LBS Landesbausparkasse NordWest,CI,Germany,LSI,,,true,false,meldet_selbst,
529900HD4A78M8SVE053,Volksbank Raiffeisenbank Fürstenfeldbruck eG,CI,Germany,LSI,,,false,false,keine_gruppe_bekannt,
529900HE0GUJ93CZW756,Baader Verwaltungs GmbH,FH,Germany,LSI,,,false,false,keine_gruppe_bekannt,
529900HGXH6VMSKD1288,Raiffeisenbank Beuerberg-Eurasburg eG,CI,Germany,LSI,,,false,false,keine_gruppe_bekannt,
529900HHCMGEXXJAGA76,Volksbank Mittlerer Neckar eG,CI,Germany,LSI,,,false,false,keine_gruppe_bekannt,
529900HIPZJM9DD5IY23,Sparkasse Neckartal-Odenwald,CI,Germany,LSI,,,false,false,keine_gruppe_bekannt,
529900HJ5YK02028J735,Volksbank Bühl eG,CI,Germany,LSI,,,false,false,keine_gruppe_bekannt,
529900HKH7RM4NL4MF34,VR-Bank eG Bergisch Gladbach-Leverkusen,CI,Germany,LSI,,,false,false,keine_gruppe_bekannt,
529900HMJTUA75M2AB16,Raiffeisenbank Bibertgrund eG,CI,Germany,LSI,,,false,false,keine_gruppe_bekannt,
529900HO0W406L465O97,Volksbank Zuffenhausen eG,CI,Germany,LSI,,,false,false,keine_gruppe_bekannt,
529900HTEO31Y13DM842,Volksbank Filder eG,CI,Germany,LSI,,,false,false,keine_gruppe_bekannt,
529900HV8WMGF2BXPM03,VR Bank Thüringen eG,CI,Germany,LSI,,,false,false,keine_gruppe_bekannt,
529900HVLAH6NDAKYH16,Volksbank Kurpfalz eG,CI,Germany,LSI,,,false,false,keine_gruppe_bekannt,
529900I2X5ZY64N4C627,Volksbank Daaden eG,CI,Germany,LSI,,,false,false,keine_gruppe_bekannt,
529900I4L1Y0ODNKC686,Sparkasse Freyung-Grafenau,CI,Germany,LSI,,,false,false,keine_gruppe_bekannt,
529900I5A2T01KLWV917,Raiffeisenbank Ems-Vechte eG,CI,Germany,LSI,,,false,false,keine_gruppe_bekannt,
529900I6N5PAU6EVAN62,Fürst Fugger Privatbank Aktiengesellschaft,CI,Germany,LSI,,,false,false,keine_gruppe_bekannt,
529900I6NFVCRTLD7B50,Volksbank Raiffeisenbank Nordoberpfalz eG,CI,Germany,LSI,,,false,false,keine_gruppe_bekannt,
529900I7H3LDPWU9V939,Sparkasse Hameln-Weserbergland,CI,Germany,LSI,,,false,false,keine_gruppe_bekannt,
529900I7H5MTC4UX0890,Raiffeisenbank im Kreis Calw eG,CI,Germany,LSI,,,false,false,keine_gruppe_bekannt,
529900IAZ7K53LG7BT89,VR-Bank Erding eG,CI,Germany,LSI,,,false,false,keine_gruppe_bekannt,
529900IBJLNVLFIMJY19,Sparkasse Rotenburg Osterholz,CI,Germany,LSI,,,false,false,keine_gruppe_bekannt,
529900ICDZY7LEZHKJ46,Kreissparkasse Esslingen-Nürtingen,CI,Germany,LSI,,,false,false,keine_gruppe_bekannt,
529900IENHXJ2NGZOG87,Sparkasse Engen-Gottmadingen,CI,Germany,LSI,,,false,false,keine_gruppe_bekannt,
529900IF9B4B26OEZY66,Volksbank Eutin Raiffeisenbank eingetragene Genossenschaft,CI,Germany,LSI,,,false,false,keine_gruppe_bekannt,
529900IFA2AT4G50OJ06,Sparkasse Rastatt-Gernsbach,CI,Germany,LSI,,,false,false,keine_gruppe_bekannt,
529900IFPLMPGYEDKO59,flatex Finanz GmbH,FH,Germany,LSI,,,false,false,keine_gruppe_bekannt,
529900IKGOVVSNWFZ238,Sparkasse LeerWittmund,CI,Germany,LSI,,,false,false,keine_gruppe_bekannt,
529900ILRS3WYJB2CE90,Sparkasse Rhein-Maas,CI,Germany,LSI,,,false,false,keine_gruppe_bekannt,
529900IMTE2YBZF1VU88,Volksbank im Elbe-Weser-Dreieck eG,CI,Germany,LSI,,,false,false,keine_gruppe_bekannt,
529900IOG1ENLW4SUU53,B.Metzler seel. Sohn & Co. Aktiengesellschaft,CI,Germany,LSI,,,false,false,keine_gruppe_bekannt,
529900IONZ7XPGBINC13,Raiffeisenbank eG (Lauenburg),CI,Germany,LSI,,,false,false,keine_gruppe_bekannt,
529900IOTCXFJDFCPW74,Raiffeisenbank Oberpfalz NordWest eG,CI,Germany,LSI,,,false,false,keine_gruppe_bekannt,
529900IQ7GLKGXMX4A05,Volksbank eG Gera • Jena • Rudolstadt,CI,Germany,LSI,,,false,false,keine_gruppe_bekannt,
529900IRBZTADXJB6757,flatexDEGIRO AG,FH,Germany,LSI,,,true,false,meldet_selbst,
529900IS3SXULH78V985,Sparkasse Freising Moosburg,CI,Germany,LSI,,,false,false,keine_gruppe_bekannt,
529900IS872BKIO03403,Raiffeisenbank Hohenloher Land eG,CI,Germany,LSI,,,false,false,keine_gruppe_bekannt,
529900ISMO182CWI3610,Sparkasse Bodensee,CI,Germany,LSI,,,false,false,keine_gruppe_bekannt,
529900ISUTXV1Y6XFQ36,Sparkasse Ostprignitz-Ruppin,CI,Germany,LSI,,,false,false,keine_gruppe_bekannt,
529900ITGAKRIJ8YB966,Sparkasse MagdeBurg,CI,Germany,LSI,,,false,false,keine_gruppe_bekannt,
529900IV8YSNU2NWX627,Volks- und Raiffeisenbank Saale-Unstrut eG,CI,Germany,LSI,,,false,false,keine_gruppe_bekannt,
529900IVG1Z0C6PWC931,Raiffeisen-Volksbank Haßberge eG,CI,Germany,LSI,,,false,false,keine_gruppe_bekannt,
529900IWU96YBZ2JG374,VR Bank Neuburg-Rain eG,CI,Germany,LSI,,,false,false,keine_gruppe_bekannt,
529900IYNHP5CDKJ0H86,Sparkasse Kinzigtal,CI,Germany,LSI,,,false,false,keine_gruppe_bekannt,
529900IZPJ195088J625,Kreissparkasse Diepholz,CI,Germany,LSI,,,false,false,keine_gruppe_bekannt,
529900IZQVARX18TFQ50,RSB Retail + Service Bank GmbH,CI,Germany,LSI,,,false,false,keine_gruppe_bekannt,
529900J0QYGBLA717426,Volksbank Versmold eG,CI,Germany,LSI,,,false,false,keine_gruppe_bekannt,
529900J13PABN57GUO30,VR-Bank Taufkirchen-Dorfen eG,CI,Germany,LSI,,,false,false,keine_gruppe_bekannt,
529900J22KONHE9LUS19,Sparkasse Hochschwarzwald,CI,Germany,LSI,,,false,false,keine_gruppe_bekannt,
529900J45TMRF0BU8V05,Volksbank Lingen eG,CI,Germany,LSI,,,false,false,keine_gruppe_bekannt,
529900J7MNGH9AFRRD37,Bankhaus Ludwig Sperrer KG,CI,Germany,LSI,,,false,false,keine_gruppe_bekannt,
529900J9B4T744UG1Q06,Volks- und Raiffeisenbank Fürstenwalde Seelow Wriezen eG,CI,Germany,LSI,,,false,false,keine_gruppe_bekannt,
529900JB2S6CH38UQ526,Sparkasse Pforzheim Calw,CI,Germany,LSI,,,false,false,keine_gruppe_bekannt,
529900JB9XYZ8E87N345,N26 BANK SE,CI,Germany,LSI,,,false,false,keine_gruppe_bekannt,
529900JCAE554QUYE140,Sparkasse Westmünsterland,CI,Germany,LSI,,,true,false,meldet_selbst,
529900JDIYXTIWKTOO60,Sparkasse Hegau-Bodensee,CI,Germany,LSI,,,false,false,keine_gruppe_bekannt,
529900JDNFGNWFDT0F88,VR-Bank NordRhön eG,CI,Germany,LSI,,,false,false,keine_gruppe_bekannt,
529900JEKLBM7SSTQS98,Raiffeisenbank Aidlingen eG,CI,Germany,LSI,,,false,false,keine_gruppe_bekannt,
529900JFOPPEDUR61H13,Baader Bank Aktiengesellschaft,CI,Germany,LSI,,,false,false,keine_gruppe_bekannt,
529900JFTHKPTK4YNL22,Sparkasse Offenburg/Ortenau,CI,Germany,LSI,,,false,false,keine_gruppe_bekannt,
529900JGG5ZH6QS4X153,Volksbank Westerstede eG,CI,Germany,LSI,,,false,false,keine_gruppe_bekannt,
529900JHQ2OFFMM02038,Harzsparkasse,CI,Germany,LSI,,,false,false,keine_gruppe_bekannt,
529900JIWTBNXOL05L62,Sparkasse Nürnberg,CI,Germany,LSI,,,false,false,keine_gruppe_bekannt,
529900JKDJYUYCOZYI25,Raiffeisenbank eG Deggendorf-Plattling-Sonnenwald,CI,Germany,LSI,,,false,false,keine_gruppe_bekannt,
529900JKIXFIA5LYZN73,Bankhaus Rautenschlein AG,CI,Germany,LSI,,,false,false,keine_gruppe_bekannt,
529900JNZC8XGW2AW886,VR-Bank in Südoldenburg eG,CI,Germany,LSI,,,false,false,keine_gruppe_bekannt,
529900JONLIJEZUYT574,Raiffeisenbank Rehling eG,CI,Germany,LSI,,,false,false,keine_gruppe_bekannt,
529900JQ43BB79J1F649,VR-Bank Ehningen-Nufringen eG,CI,Germany,LSI,,,false,false,keine_gruppe_bekannt,
529900JQJNQGXQZ12459,PSD Bank Hannover eG,CI,Germany,LSI,,,false,false,keine_gruppe_bekannt,
529900JQS7IQHS1L1Q97,Raiffeisenbank Denzlingen-Sexau eG,CI,Germany,LSI,,,false,false,keine_gruppe_bekannt,
529900JR1L6WNLIJJD61,Sparkasse Emsland,CI,Germany,LSI,,,false,false,keine_gruppe_bekannt,
529900JRKG8AEYL65326,VR Bank Heilbronn Schwäbisch Hall eG,CI,Germany,LSI,,,true,false,meldet_selbst,
529900JRPSTM2K590489,Raiffeisenbank eG (Owschlag),CI,Germany,LSI,,,false,false,keine_gruppe_bekannt,
529900JSU6NM3BXV4A64,Vereinigte Volksbank Raiffeisenbank eG,CI,Germany,LSI,,,false,false,keine_gruppe_bekannt,
529900JU3NI3PH3JVH89,Raiffeisenbank i. Lkrs. Passau-Nord eG,CI,Germany,LSI,,,false,false,keine_gruppe_bekannt,
529900JVAQ2RH5LH1O53,Raiffeisenbank Westhausen eG,CI,Germany,LSI,,,false,false,keine_gruppe_bekannt,
529900JVRSMSZBR6NB58,Sparkasse Emden,CI,Germany,LSI,,,false,false,keine_gruppe_bekannt,
529900JWJU8VLNI19T55,SHINHAN BANK EUROPE GmbH,CI,Germany,LSI,,,false,false,keine_gruppe_bekannt,
529900JXM2IQSPJHMK02,VR Bank Starnberg-Zugspitze eG,CI,Germany,LSI,,,false,false,keine_gruppe_bekannt,
529900JYKMBDVBIST725,Raiffeisenbank Schrobenhausener Land eG,CI,Germany,LSI,,,false,false,keine_gruppe_bekannt,
529900K1110GFV3VUM61,Volksbank Göppingen eG,CI,Germany,LSI,,,false,false,keine_gruppe_bekannt,
529900K3OORSTIY6NH53,Raiffeisenbank Mehring-Leiwen eG,CI,Germany,LSI,,,false,false,keine_gruppe_bekannt,
529900K4NCP94LQNCG60,Raiffeisenbank Schwaben Mitte eG,CI,Germany,LSI,,,false,false,keine_gruppe_bekannt,
529900K69SO5TNSHHB31,Sparkasse Mecklenburg-Strelitz,CI,Germany,LSI,,,false,false,keine_gruppe_bekannt,
529900K6G9E0JFCFFE23,Grenke Bank AG,CI,Germany,LSI,,,false,false,keine_gruppe_bekannt,
529900K8AV0FBKQ9XA67,Volksbank Solling eG,CI,Germany,LSI,,,false,false,keine_gruppe_bekannt,
529900K9FOE0UY64YI94,Raiffeisenbank Unteres Inntal eG,CI,Germany,LSI,,,false,false,keine_gruppe_bekannt,
529900KA1X3855ZIY689,Volksbank Darmstadt Mainz eG,CI,Germany,LSI,,,false,false,keine_gruppe_bekannt,
529900KE0RXWI3Z6VU55,Bremische Volksbank Weser - Wümme eG,CI,Germany,LSI,,,false,false,keine_gruppe_bekannt,
529900KH1M4B2CNCXB28,Stadtsparkasse Wuppertal,CI,Germany,LSI,,,false,false,keine_gruppe_bekannt,
529900KHHCLCEFBG1B41,Volksbank am Württemberg eG,CI,Germany,LSI,,,false,false,keine_gruppe_bekannt,
529900KJMG5S4I0U1761,FIB Frankfurt International AG,CI,Germany,LSI,,,false,false,keine_gruppe_bekannt,
529900KKJ9XOK6WO4426,Bank Vontobel Europe AG,CI,Germany,LSI,,,false,false,keine_gruppe_bekannt,
529900KLYIW1ERXXLT61,VR-Bank Memmingen eG,CI,Germany,LSI,,,false,false,keine_gruppe_bekannt,
529900KNPI1D0Y1DGK92,PSD Bank München eG,CI,Germany,LSI,,,false,false,keine_gruppe_bekannt,
529900KO4FARHCMXNJ85,Kreissparkasse Bitburg-Prüm,CI,Germany,LSI,,,false,false,keine_gruppe_bekannt,
529900KOAGQ8XJT62A47,Volksbank Wittgenstein eG,CI,Germany,LSI,,,false,false,keine_gruppe_bekannt,
529900KP60PA0ZW0FO21,Raiffeisenbank Wyhl eG,CI,Germany,LSI,,,false,false,keine_gruppe_bekannt,
529900KQQ3U43RX70E54,Sparkasse Osterode am Harz,CI,Germany,LSI,,,false,false,keine_gruppe_bekannt,
529900KTP4LDLQ7MIR59,Volksbank Heidelberg-Neckartal eG,CI,Germany,LSI,,,false,false,keine_gruppe_bekannt,
529900KVMQWZV8UVA667,Raiffeisenbank Nördliche Bergstraße eG,CI,Germany,LSI,,,false,false,keine_gruppe_bekannt,
529900KW4GG29WO59056,Raiffeisen - meine Bank eG,CI,Germany,LSI,,,false,false,keine_gruppe_bekannt,
529900KWP4IL455GCD79,Raiffeisenbank DreiFranken eG,CI,Germany,LSI,,,false,false,keine_gruppe_bekannt,
529900L0RPGVLK4HZ757,Volksbank Börßum-Hornburg eG,CI,Germany,LSI,,,false,false,keine_gruppe_bekannt,
529900L26863H1FN4S52,Kreissparkasse Ludwigsburg,CI,Germany,LSI,,,false,false,keine_gruppe_bekannt,
529900LBRHXZFBYZBU92,Volksbank Riesa eG,CI,Germany,LSI,,,false,false,keine_gruppe_bekannt,
529900LDE3E6OBYFX311,Sparkasse Langen-Seligenstadt,CI,Germany,LSI,,,false,false,keine_gruppe_bekannt,
529900LF81A0TME61753,Raiffeisenbank Wittelsbacher Land eG,CI,Germany,LSI,,,false,false,keine_gruppe_bekannt,
529900LG0ZUI1LJU1P46,Kreissparkasse Heilbronn,CI,Germany,LSI,,,false,false,keine_gruppe_bekannt,
529900LG6H0NY5EF9I06,Bankhaus RSA eG,CI,Germany,LSI,,,false,false,keine_gruppe_bekannt,
529900LIN8L1K9MLTR09,ProCredit Holding AG & Co.KGaA,FH,Germany,LSI,,,false,false,keine_gruppe_bekannt,
529900LIZVBUANJ20E31,BBBank eG,CI,Germany,LSI,,,true,false,meldet_selbst,
529900LJ5O50S0F8P012,Volksbank in Südwestfalen eG,CI,Germany,LSI,,,false,false,keine_gruppe_bekannt,
529900LJI5C0YJDQA424,"Sparkasse am Niederrhein - Sparkasse des Kreises Wesel und der Städte Moers, Neukirchen-Vluyn und Rheinberg",CI,Germany,LSI,,,false,false,keine_gruppe_bekannt,
529900LPCBNM9R1JT191,VR-Bank Fläming-Elsterland eG,CI,Germany,LSI,,,false,false,keine_gruppe_bekannt,
529900LRRSR5G5K03873,Sparkasse Schwelm-Sprockhövel,CI,Germany,LSI,,,false,false,keine_gruppe_bekannt,
529900LS9I3Q7X20C864,Raiffeisenbank Gymnich eG,CI,Germany,LSI,,,false,false,keine_gruppe_bekannt,
529900LSSAD1RBVWHJ37,CVW-Privatbank AG,CI,Germany,LSI,,,false,false,keine_gruppe_bekannt,
529900LUBMIN39VO2E71,Sparkasse Ansbach,CI,Germany,LSI,,,false,false,keine_gruppe_bekannt,
529900LVPYUEZSNSKM72,VR Bank Bayreuth-Hof eG,CI,Germany,LSI,,,false,false,keine_gruppe_bekannt,
529900LXGM7KMLJE5H80,Erzgebirgssparkasse,CI,Germany,LSI,,,false,false,keine_gruppe_bekannt,
529900LY1N4UG9EC0610,Stadtsparkasse Cuxhaven,CI,Germany,LSI,,,false,false,keine_gruppe_bekannt,
529900LZDW2COOVSK824,Alxing-Brucker Genossenschaftsbank eG,CI,Germany,LSI,,,false,false,keine_gruppe_bekannt,
529900M25NF9TALIWQ20,MLP SE,FH,Germany,LSI,,,false,false,keine_gruppe_bekannt,
529900M6K8MY9AX8XV65,Kreissparkasse Rhein-Hunsrück,CI,Germany,LSI,,,false,false,keine_gruppe_bekannt,
529900M7DRA4N1J81L72,Sparkasse Mittelthüringen,CI,Germany,LSI,,,false,false,keine_gruppe_bekannt,
529900MARYDWJGM2GI63,VR-Bank Main-Rhön eG,CI,Germany,LSI,,,false,false,keine_gruppe_bekannt,
529900MBFU46N7U7MF46,VR Bank Südpfalz eG,CI,Germany,LSI,,,false,false,keine_gruppe_bekannt,
529900MBX1YTKVWAEZ43,Kreissparkasse Grafschaft Bentheim zu Nordhorn,CI,Germany,LSI,,,false,false,keine_gruppe_bekannt,
529900MCH0FVQ089YR60,Sparkasse Unstrut-Hainich,CI,Germany,LSI,,,false,false,keine_gruppe_bekannt,
529900MFM7UPDJPDKP91,Sparkasse Altmark West,CI,Germany,LSI,,,false,false,keine_gruppe_bekannt,
529900MGJ89DIKJFAG52,Sparkasse Osnabrück,CI,Germany,LSI,,,false,false,keine_gruppe_bekannt,
529900MHMES2JJY4T459,KEB Hana Bank (D) Aktiengesellschaft,CI,Germany,LSI,,,false,false,keine_gruppe_bekannt,
529900MKYC1FZ83V3121,flatexDEGIRO Bank AG,CI,Germany,LSI,,,false,false,keine_gruppe_bekannt,
529900MKZQHCO5WPDK50,Volksbank Ermstal-Alb eG,CI,Germany,LSI,,,false,false,keine_gruppe_bekannt,
529900MNNP2L0BZKDM04,Raiffeisenbank Kirchweihtal eG,CI,Germany,LSI,,,false,false,keine_gruppe_bekannt,
529900MOBTIT6POH8J38,Raiffeisenbank Maitis eG,CI,Germany,LSI,,,false,false,keine_gruppe_bekannt,
529900MOXBJMGOMICQ55,Volksbank Rheinböllen eG,CI,Germany,LSI,,,false,false,keine_gruppe_bekannt,
529900MP1GFULNQLG974,Volksbank Visbek eG,CI,Germany,LSI,,,false,false,keine_gruppe_bekannt,
529900MPMMYCFBVTJ234,Schrobenhausener Bank eG,CI,Germany,LSI,,,false,false,keine_gruppe_bekannt,
529900MPVCAOW4A6PE25,Kreissparkasse Birkenfeld (Birkenfelder Landesbank),CI,Germany,LSI,,,false,false,keine_gruppe_bekannt,
529900MQ8PEMY841JJ04,Kreissparkasse Gotha,CI,Germany,LSI,,,false,false,keine_gruppe_bekannt,
529900MQJ666K7NYLW12,Sparkasse Leverkusen,CI,Germany,LSI,,,false,false,keine_gruppe_bekannt,
529900MQJIQGD8N3YV53,Hannoversche Volksbank eG,CI,Germany,LSI,,,true,false,meldet_selbst,
529900MRB4F62DNHSA61,VR Bank in Holstein eG,CI,Germany,LSI,,,false,false,keine_gruppe_bekannt,
529900MSQWX4JX5R4A86,Sparkasse Markgräflerland,CI,Germany,LSI,,,false,false,keine_gruppe_bekannt,
529900MZB980KSFIR189,Raiffeisenbank Rattiszell-Konzell eG,CI,Germany,LSI,,,false,false,keine_gruppe_bekannt,
529900N0H2HE3LSN9V49,Sparkasse Schwäbisch Hall-Crailsheim,CI,Germany,LSI,,,false,false,keine_gruppe_bekannt,
529900N21YBLSSD9YT89,Raiffeisenbank Goldener Steig - Dreisessel eG,CI,Germany,LSI,,,false,false,keine_gruppe_bekannt,
529900N36KZ7EKMGY794,"Sparkasse Märkisches Sauerland, Hemer - Menden",CI,Germany,LSI,,,false,false,keine_gruppe_bekannt,
529900N7FAURLE0KS778,Sparkasse Stade-Altes Land,CI,Germany,LSI,,,false,false,keine_gruppe_bekannt,
529900N9SNY9CDSY7Y75,Raiffeisen-Volksbank Tüßling-Unterneukirchen eG,CI,Germany,LSI,,,false,false,keine_gruppe_bekannt,
529900NAPLQYW9153R51,Sparkasse Heidelberg,CI,Germany,LSI,,,false,false,keine_gruppe_bekannt,
529900NDGXZ3LYLNJ560,Sparkasse Schwarzwald-Baar,CI,Germany,LSI,,,false,false,keine_gruppe_bekannt,
529900NEY2D8BD532C51,Kreissparkasse Fallingbostel in Walsrode,CI,Germany,LSI,,,false,false,keine_gruppe_bekannt,
529900NF26TL8TI2U277,Raiffeisenbank Straubing eG,CI,Germany,LSI,,,false,false,keine_gruppe_bekannt,
529900NFJKJ2DP8JF676,Sparkasse Bad Hersfeld-Rotenburg,CI,Germany,LSI,,,false,false,keine_gruppe_bekannt,
529900NFP8CVUMHPTO39,Raiffeisenbank Bidingen eG,CI,Germany,LSI,,,false,false,keine_gruppe_bekannt,
529900NFZFYAHTEZA581,Raiffeisenbank Hirschau eG,CI,Germany,LSI,,,false,false,keine_gruppe_bekannt,
529900NGC1AZW7YPSR12,VR Bank Ihre Heimatbank eG,CI,Germany,LSI,,,false,false,keine_gruppe_bekannt,
529900NJ4Q1DCL4PDE25,Sparkasse Altötting-Mühldorf,CI,Germany,LSI,,,false,false,keine_gruppe_bekannt,
529900NK7TIIGQEJ6L07,Volksbank in der Hohen Mark eG,CI,Germany,LSI,,,false,false,keine_gruppe_bekannt,
529900NLN015HIZP3924,Raiffeisenbank Sondelfingen eG,CI,Germany,LSI,,,false,false,keine_gruppe_bekannt,
529900NPGCYRD0A7GI52,Kreissparkasse Melle,CI,Germany,LSI,,,false,false,keine_gruppe_bekannt,
529900NPL89WYDTGGZ78,Volksbank Zollernalb eG,CI,Germany,LSI,,,false,false,keine_gruppe_bekannt,
529900NR1G2B6QARQS38,Raiffeisenbank Regenstauf eG,CI,Germany,LSI,,,false,false,keine_gruppe_bekannt,
529900NU27NFOB7QPS08,VR-Bank Mittelsachsen eG,CI,Germany,LSI,,,false,false,keine_gruppe_bekannt,
529900NUOHU5B1BOYF39,Leipziger Volksbank eG,CI,Germany,LSI,,,false,false,keine_gruppe_bekannt,
529900NVTURLDRDQC652,Raiffeisenbank Wüstenselbitz eG,CI,Germany,LSI,,,false,false,keine_gruppe_bekannt,
529900NW66QSDX238D24,Sparkasse Uelzen Lüchow-Dannenberg,CI,Germany,LSI,,,false,false,keine_gruppe_bekannt,
529900NWGU0YRC0WCM09,Volksbank Marl-Recklinghausen eG,CI,Germany,LSI,,,false,false,keine_gruppe_bekannt,
529900NY4QE4LF18FA62,Kreissparkasse München Starnberg Ebersberg,CI,Germany,LSI,,,false,false,keine_gruppe_bekannt,
529900NYZV9N6UZ09F32,VerbundVolksbank OWL eG,CI,Germany,LSI,,,false,false,keine_gruppe_bekannt,
529900O03HO56749LZ13,Volksbank Trier Eifel eG,CI,Germany,LSI,,,false,false,keine_gruppe_bekannt,
529900O3AV44ZRALOK71,VR-Bank Donau-Mindel eG,CI,Germany,LSI,,,false,false,keine_gruppe_bekannt,
529900O3MJJBL4BZKX03,Kreissparkasse Märkisch-Oderland,CI,Germany,LSI,,,false,false,keine_gruppe_bekannt,
529900O41FX1BDKQGP38,Raiffeisenbank Berghülen eG,CI,Germany,LSI,,,false,false,keine_gruppe_bekannt,
529900O47SSQSL3G4L16,PEAC Holdings (Germany) GmbH & Co. KG,FH,Germany,LSI,,,false,false,keine_gruppe_bekannt,
529900O4UD74PVZ3UN92,VR-Bank Landsberg-Ammersee eG,CI,Germany,LSI,,,false,false,keine_gruppe_bekannt,
529900O69726X9LT9896,Sparkasse Uckermark,CI,Germany,LSI,,,false,false,keine_gruppe_bekannt,
529900O7YJPVJF9ZTH14,Volksbank Niedersachsen-Mitte eG,CI,Germany,LSI,,,false,false,keine_gruppe_bekannt,
529900O8CY96WQ1J1K50,Sparkasse Starkenburg,CI,Germany,LSI,,,false,false,keine_gruppe_bekannt,
529900OBUVM58249Q315,Volksbank Alb eG,CI,Germany,LSI,,,false,false,keine_gruppe_bekannt,
529900OC0J2AGDDP1J56,Sparkasse Niederbayern-Mitte,CI,Germany,LSI,,,false,false,keine_gruppe_bekannt,
529900OCRW53HI87OX61,Raiffeisenbank Holzkirchen-Otterfing eG,CI,Germany,LSI,,,false,false,keine_gruppe_bekannt,
529900OECHYN1CKQ6475,Raiffeisenbank im Grabfeld eG,CI,Germany,LSI,,,false,false,keine_gruppe_bekannt,
529900OHJ2LPDQOPSU64,Würth Finanz-Beteiligungs-GmbH,FH,Germany,LSI,,,false,false,keine_gruppe_bekannt,
529900OJUMG5RXV5MM55,Sparkasse Oberpfalz Nord,CI,Germany,LSI,,,false,false,keine_gruppe_bekannt,
529900ONEKTCQ8GTCM88,Sparkasse Wittenberg,CI,Germany,LSI,,,false,false,keine_gruppe_bekannt,
529900OO71C11UV6IX64,Volksbank Raiffeisenbank Meißen Großenhain eG,CI,Germany,LSI,,,false,false,keine_gruppe_bekannt,
529900OOXYMFGYXESU09,Volksbank im Rheinland eG,CI,Germany,LSI,,,false,false,keine_gruppe_bekannt,
529900OPEDQJAXAQT146,VR Bank zwischen den Meeren eG,CI,Germany,LSI,,,false,false,keine_gruppe_bekannt,
529900OPLFNQ83732X45,Hagnauer Volksbank eG,CI,Germany,LSI,,,false,false,keine_gruppe_bekannt,
529900OSV01JOCMF4Z23,Volksbank Oberberg eG,CI,Germany,LSI,,,false,false,keine_gruppe_bekannt,
529900OT5RO5WBRI6M32,Sparda-Bank Augsburg eG,CI,Germany,LSI,,,false,false,keine_gruppe_bekannt,
529900OTV4FX3MU97R40,Raiffeisen-Volksbank Ries eG,CI,Germany,LSI,,,false,false,keine_gruppe_bekannt,
529900OVERR058YXOB66,Kreissparkasse Nordhausen,CI,Germany,LSI,,,false,false,keine_gruppe_bekannt,
529900OVJEPTFQUFBJ30,Stadtsparkasse Mönchengladbach,CI,Germany,LSI,,,false,false,keine_gruppe_bekannt,
529900OW3BTHG11DEG06,Global Heart Beteiligungsgesellschaft mbH,FH,Germany,LSI,,,false,false,keine_gruppe_bekannt,
529900P0K9DSQNQL9L23,Berliner Effektengesellschaft AG,FH,Germany,LSI,,,false,false,keine_gruppe_bekannt,
529900P103HNI68TV259,Raiffeisenbank Baiertal eG,CI,Germany,LSI,,,false,false,keine_gruppe_bekannt,
529900P108QSOO21EE97,Hoerner-Bank Aktiengesellschaft,CI,Germany,LSI,,,false,false,keine_gruppe_bekannt,
529900P12WJ5WU3W9566,Kreissparkasse Vulkaneifel,CI,Germany,LSI,,,false,false,keine_gruppe_bekannt,
529900P5SXLD86FO1N96,levoBank eG,CI,Germany,LSI,,,false,false,keine_gruppe_bekannt,
529900P6U2PA9R0YTT15,Stadtsparkasse Remscheid,CI,Germany,LSI,,,false,false,keine_gruppe_bekannt,
529900P70FRX40Z44V62,Kreissparkasse Saarlouis,CI,Germany,LSI,,,false,false,keine_gruppe_bekannt,
529900P7CWBZI0062C32,Stadtsparkasse München,CI,Germany,LSI,,,false,false,keine_gruppe_bekannt,
529900P8BY9HZTZ82T70,Volksbank Kraichgau eG,CI,Germany,LSI,,,true,false,meldet_selbst,
529900P8OKWO25XE4251,Donau-Iller Bank eG,CI,Germany,LSI,,,false,false,keine_gruppe_bekannt,
529900P90XJRYLOJNP77,AKBANK AG,CI,Germany,LSI,,,false,false,keine_gruppe_bekannt,
529900P9NROCW7IBLI93,Volksbank Löbau-Zittau eG,CI,Germany,LSI,,,false,false,keine_gruppe_bekannt,
529900P9O3VLPTIJZQ18,VR-Bank Fichtelgebirge-Frankenwald eG,CI,Germany,LSI,,,false,false,keine_gruppe_bekannt,
529900PE29K8ZEBY9P97,Volksbank eG (Überlingen),CI,Germany,LSI,,,false,false,keine_gruppe_bekannt,
529900PEKQWL9DDI8J02,VR Bank im südlichen Franken eG,CI,Germany,LSI,,,false,false,keine_gruppe_bekannt,
529900PHRTOT9TYQUX25,VR-Bank Isar-Vils eG,CI,Germany,LSI,,,false,false,keine_gruppe_bekannt,
529900PHZ32U8QK7R083,Raiffeisenbank Haag-Gars-Maitenbeth eG,CI,Germany,LSI,,,false,false,keine_gruppe_bekannt,
529900PHZ5D6JB7VUQ39,Volksbank Kierspe eG,CI,Germany,LSI,,,false,false,keine_gruppe_bekannt,
529900PJXMMZ3I6O2U89,Raiffeisenbank Elsavatal eG,CI,Germany,LSI,,,false,false,keine_gruppe_bekannt,
529900PJZOM38SU0KJ89,SozialBank AG,CI,Germany,LSI,,,false,false,keine_gruppe_bekannt,
529900PN8G0BF33H3G31,Stadt- und Kreissparkasse Leipzig,CI,Germany,LSI,,,false,false,keine_gruppe_bekannt,
529900PNPVP5HJMZ7735,Raiffeisenbank Kirtorf eG,CI,Germany,LSI,,,false,false,keine_gruppe_bekannt,
529900PO4CDCHAP5UT66,Landessparkasse zu Oldenburg,CI,Germany,LSI,,,false,false,keine_gruppe_bekannt,
529900POEO7KMKWM0A53,UmweltBank Aktiengesellschaft,CI,Germany,LSI,,,false,false,keine_gruppe_bekannt,
529900PQWC9LJU1ESB86,Volksbank eG Oldenburg-Land Delmenhorst,CI,Germany,LSI,,,false,false,keine_gruppe_bekannt,
529900PUK9IU39VCWK54,Volksbank in Ostwestfalen eG,CI,Germany,LSI,,,true,false,meldet_selbst,
529900PUKP3ST64FSG09,Sparkasse Forchheim,CI,Germany,LSI,,,false,false,keine_gruppe_bekannt,
529900PV6NMLG7A07E74,Raiffeisenbank Baisweil-Eggenthal-Friesenried eG,CI,Germany,LSI,,,false,false,keine_gruppe_bekannt,
529900PWC05918YY6110,M.M. Warburg & CO Gruppe GmbH,FH,Germany,LSI,,,false,false,keine_gruppe_bekannt,
529900PYSG9ZGK425Z20,Stadt-Sparkasse Haan (Rheinl.),CI,Germany,LSI,,,false,false,keine_gruppe_bekannt,
529900PZGUNUKBMH0471,Sparkasse Bayreuth,CI,Germany,LSI,,,false,false,keine_gruppe_bekannt,
529900Q34WY4SPLWUU02,Sparkasse Rosenheim-Bad Aibling,CI,Germany,LSI,,,false,false,keine_gruppe_bekannt,
529900Q4W1LSVUCO8L66,Raiffeisenbank im Oberland eG,CI,Germany,LSI,,,false,false,keine_gruppe_bekannt,
529900Q6ZQU5NI3IDY98,Raiffeisenbank Mainschleife - Steigerwald eG,CI,Germany,LSI,,,false,false,keine_gruppe_bekannt,
529900Q83RF6SZIEBZ18,"Volksbank eG, Wolfenbüttel",CI,Germany,LSI,,,false,false,keine_gruppe_bekannt,
529900Q9NG75LYBEMR63,"Sparkasse an Ennepe und Ruhr - Zweckverbandssparkasse der Städte Gevelsberg, Ennepetal, Wetter (Ruhr) und Breckerfeld",CI,Germany,LSI,,,false,false,keine_gruppe_bekannt,
529900QAB0KRK7AA2H39,Bankhaus C.L. Seeliger,CI,Germany,LSI,,,false,false,keine_gruppe_bekannt,
529900QBI3R5MK9DI295,Stadtsparkasse Schwedt,CI,Germany,LSI,,,false,false,keine_gruppe_bekannt,
529900QCGTEJS0X6AA21,Volksbank Brenztal eG,CI,Germany,LSI,,,false,false,keine_gruppe_bekannt,
529900QCJ9ZPQ09F9H78,Sparkasse der Stadt Wilhelmshaven,CI,Germany,LSI,,,false,false,keine_gruppe_bekannt,
529900QD6F8OCKDH3Y95,Volksbank im Münsterland eG,CI,Germany,LSI,,,false,false,keine_gruppe_bekannt,
529900QDA09XCDSATK82,Volksbank Kaiserslautern eG,CI,Germany,LSI,,,false,false,keine_gruppe_bekannt,
529900QDBEIBLJCSQE34,LIGA Bank eG,CI,Germany,LSI,,,false,false,keine_gruppe_bekannt,
529900QEGCJHHO6UKH69,Sparkasse Baden-Baden Gaggenau,CI,Germany,LSI,,,false,false,keine_gruppe_bekannt,
529900QESV4QFQE7FQ87,Volksbank im Hochsauerland eG,CI,Germany,LSI,,,false,false,keine_gruppe_bekannt,
529900QGRCPQ350ZRW03,Kreissparkasse Weilburg,CI,Germany,LSI,,,false,false,keine_gruppe_bekannt,
529900QIQHMC6HSFBW06,Stadtsparkasse Düsseldorf,CI,Germany,LSI,,,false,false,keine_gruppe_bekannt,
529900QJM5ZMC4NOIG04,Stadtsparkasse Barsinghausen,CI,Germany,LSI,,,false,false,keine_gruppe_bekannt,
529900QQ49ZWG1OW7W89,Raiffeisenbank eG (Elztal),CI,Germany,LSI,,,false,false,keine_gruppe_bekannt,
529900QSMH3HXBJ9SL46,Sparkasse Harburg-Buxtehude,CI,Germany,LSI,,,false,false,keine_gruppe_bekannt,
529900QT5EC38D0LX010,Volksbank Spree-Neiße eG,CI,Germany,LSI,,,false,false,keine_gruppe_bekannt,
529900QUQNS1LW47DJ51,Kreissparkasse Ahrweiler,CI,Germany,LSI,,,false,false,keine_gruppe_bekannt,
529900QVA6BJDSCZMD03,Volksbank Nordharz eG,CI,Germany,LSI,,,false,false,keine_gruppe_bekannt,
529900QVDW4I1A1NMG51,Sparkasse Mittelsachsen,CI,Germany,LSI,,,false,false,keine_gruppe_bekannt,
529900QYMWEOIGC4QF63,Volksbank Rottweil eG,CI,Germany,LSI,,,false,false,keine_gruppe_bekannt,
529900R1A7TN1LM06875,Raiffeisenbank Auerbach-Freihung eG,CI,Germany,LSI,,,false,false,keine_gruppe_bekannt,
529900R1I4GVDN3WN882,VR Bank Lahn-Dill eG,CI,Germany,LSI,,,false,false,keine_gruppe_bekannt,
529900R2ND5XI26DZ328,Oyak Anker Bank GmbH,CI,Germany,LSI,,,false,false,keine_gruppe_bekannt,
529900R5ERJA9VIZHJ29,Sparkasse Hanau,CI,Germany,LSI,,,false,false,keine_gruppe_bekannt,
529900R5H5GXPKRNHH06,Raiffeisenbank Pfaffenhausen eG,CI,Germany,LSI,,,false,false,keine_gruppe_bekannt,
529900R600X5X54X0G26,Evangelische Bank eG,CI,Germany,LSI,,,false,false,keine_gruppe_bekannt,
529900R7P4DTW38HE311,Volksbank Deisslingen eG,CI,Germany,LSI,,,false,false,keine_gruppe_bekannt,
529900RA3M7K4CI4JZ35,Förde Sparkasse,CI,Germany,LSI,,,false,false,keine_gruppe_bekannt,
529900RBO6AZKV6QZU52,ABC Holding GmbH,FH,Germany,LSI,,,false,false,keine_gruppe_bekannt,
529900RBVBIDM0RMJ748,Volksbank Rhein-Ruhr eG,CI,Germany,LSI,,,false,false,keine_gruppe_bekannt,
529900RBW46HVH9PTH47,Sparkasse Uecker-Randow,CI,Germany,LSI,,,false,false,keine_gruppe_bekannt,
529900RC295I59OKXS54,Sparkasse Geseke,CI,Germany,LSI,,,false,false,keine_gruppe_bekannt,
529900RCE5M4S6CKKR96,Volksbank Enniger-Ostenfelde-Westkirchen eG,CI,Germany,LSI,,,false,false,keine_gruppe_bekannt,
529900RDAUUDGMI4M325,Volksbank Wittenberg eG,CI,Germany,LSI,,,false,false,keine_gruppe_bekannt,
529900RDFYXY4HBZ1K73,Raiffeisenbank Neumarkt-St.Veit - Reischach eG,CI,Germany,LSI,,,false,false,keine_gruppe_bekannt,
529900RDS1271MSBQ152,Volksbank Raiffeisenbank Bad Kissingen eG,CI,Germany,LSI,,,false,false,keine_gruppe_bekannt,
529900REDZ151VJNW143,Otto M. Schröder Bank Aktiengesellschaft,CI,Germany,LSI,,,false,false,keine_gruppe_bekannt,
529900RGIL5NTCWV7R66,Volksbank Gescher eG,CI,Germany,LSI,,,false,false,keine_gruppe_bekannt,
529900RH5DCK9S9XYX26,Bankhaus Max Flessa KG,CI,Germany,LSI,,,false,false,keine_gruppe_bekannt,
529900RHBE9A57LIR568,Gabler-Saliter Bankgeschäft AG,CI,Germany,LSI,,,false,false,keine_gruppe_bekannt,
529900RIAYUJ8EZ23F61,Raiffeisenbank Falkenstein-Wörth eG,CI,Germany,LSI,,,false,false,keine_gruppe_bekannt,
529900RJT960CY3TAK43,Kreissparkasse Groß-Gerau,CI,Germany,LSI,,,false,false,keine_gruppe_bekannt,
529900RKMTF8ZAPTUM88,Sparkasse Oberhessen,CI,Germany,LSI,,,false,false,keine_gruppe_bekannt,
529900RPIF2MQ90Y2Q27,Raiffeisen-Volksbank Hermsdorfer Kreuz eG,CI,Germany,LSI,,,false,false,keine_gruppe_bekannt,
529900RSKB4L1LC0HT02,DKM Darlehnskasse Münster eG,CI,Germany,LSI,,,false,false,keine_gruppe_bekannt,
529900RTSGHDD7OOSO86,Kreissparkasse Köln,CI,Germany,LSI,,,false,false,keine_gruppe_bekannt,
529900RUDAIBZV20RT60,Rheingauer Volksbank eingetragene Genossenschaft,CI,Germany,LSI,,,false,false,keine_gruppe_bekannt,
529900RW2U1C9FIB6J54,VR PLUS Altmark-Wendland eG,CI,Germany,LSI,,,false,false,keine_gruppe_bekannt,
529900RZUR7UCUPMNP12,Gemeinnützige Sparkassenstiftung zu Lübeck,FH,Germany,LSI,,,false,false,keine_gruppe_bekannt,
529900S24NBYGGVAFY08,VR-Bank Alb-Blau-Donau eG,CI,Germany,LSI,,,false,false,keine_gruppe_bekannt,
529900S333RWFYXPZ609,Sparkasse Laubach-Hungen,CI,Germany,LSI,,,false,false,keine_gruppe_bekannt,
529900S3OB921ZBBUG77,Kreissparkasse Heidenheim,CI,Germany,LSI,,,false,false,keine_gruppe_bekannt,
529900S4FXB8GFPB3K73,Volksbank Vorpommern eG,CI,Germany,LSI,,,false,false,keine_gruppe_bekannt,
529900S5CBS0GD0ZHG33,Raiffeisenbank Fränkische Schweiz eG,CI,Germany,LSI,,,false,false,keine_gruppe_bekannt,
529900S5P5N8SBXTZG56,Volksbank Vechta eG,CI,Germany,LSI,,,false,false,keine_gruppe_bekannt,
529900S7OKURHO4GME90,VR-Bank Coburg eG,CI,Germany,LSI,,,false,false,keine_gruppe_bekannt,
529900S90ZQ3HED40876,Raiffeisenbank Aresing-Gerolsbach eG,CI,Germany,LSI,,,false,false,keine_gruppe_bekannt,
529900SD1974X696ZY57,Sparkasse Nordschwaben,CI,Germany,LSI,,,false,false,keine_gruppe_bekannt,
529900SD3IGDPZNANU33,Sparkasse Dillenburg,CI,Germany,LSI,,,false,false,keine_gruppe_bekannt,
529900SFZPZTA1RCTT84,Sparda-Bank West eG,CI,Germany,LSI,,,false,false,keine_gruppe_bekannt,
529900SG2UQ5FWFMPL82,Sparkasse Bochum,CI,Germany,LSI,,,false,false,keine_gruppe_bekannt,
529900SG4HOENWNJQT06,Volksbank Alzey-Worms eG,CI,Germany,LSI,,,false,false,keine_gruppe_bekannt,
529900SH7SAVJN3TFQ06,Volksbank Niederrhein eG,CI,Germany,LSI,,,false,false,keine_gruppe_bekannt,
529900SJ58V1OLTYNP09,Kreissparkasse Eichsfeld,CI,Germany,LSI,,,false,false,keine_gruppe_bekannt,
529900SJCTAFXG6DYL72,Volksbank Bodensee-Oberschwaben eG,CI,Germany,LSI,,,false,false,keine_gruppe_bekannt,
529900SK4HV2VVV38K80,Volksbank eG (Köthen),CI,Germany,LSI,,,false,false,keine_gruppe_bekannt,
529900SM4IGDJ98ZAH52,Volksbank Emmerich-Rees eG,CI,Germany,LSI,,,false,false,keine_gruppe_bekannt,
529900SN472TILH3RM57,Raiffeisenbank im Nürnberger Land eG,CI,Germany,LSI,,,false,false,keine_gruppe_bekannt,
529900SQBP5GRV2TTK54,Herner Sparkasse,CI,Germany,LSI,,,false,false,keine_gruppe_bekannt,
529900SRTAZ0INX89X71,Sparkasse Hattingen,CI,Germany,LSI,,,false,false,keine_gruppe_bekannt,
529900SSUM5N5WQA5E16,Volksbank Börde-Bernburg eG,CI,Germany,LSI,,,false,false,keine_gruppe_bekannt,
529900SSWVMON8NEA304,Sparkasse Zollernalb,CI,Germany,LSI,,,false,false,keine_gruppe_bekannt,
529900STO6OLY9GR4D67,"Vereinigte Sparkasse im Märkischen Kreis, Zweckverbandssparkasse der Städte Altena, Balve, Neuenrade, Plettenberg und Werdohl sowie der Gemeinde Nachroth-Wiblingwerde",CI,Germany,LSI,,,false,false,keine_gruppe_bekannt,
529900SU9499SQ6N8G87,Brühler Bank eG,CI,Germany,LSI,,,false,false,keine_gruppe_bekannt,
529900SV6B61DRHMOP66,Sparkasse Hamm,CI,Germany,LSI,,,false,false,keine_gruppe_bekannt,
529900SXUGFOM8LA5Y95,Volksbank Langendernbach eG,CI,Germany,LSI,,,false,false,keine_gruppe_bekannt,
529900SZOAGFMH59A131,Sparkasse Arnstadt-Ilmenau,CI,Germany,LSI,,,false,false,keine_gruppe_bekannt,
529900T19CBEQCAZXJ82,Spar- und Darlehnskasse Bockum-Hövel e.G.,CI,Germany,LSI,,,false,false,keine_gruppe_bekannt,
529900T2FE9GA6AWW345,Volksbank in Schaumburg und Nienburg eG,CI,Germany,LSI,,,false,false,keine_gruppe_bekannt,
529900T35VSXHR9Q1Q56,Volksbank Münsingen eG,CI,Germany,LSI,,,false,false,keine_gruppe_bekannt,
529900T3Z29V78YK5Z10,VR Bank Kempten-Oberallgäu eG,CI,Germany,LSI,,,false,false,keine_gruppe_bekannt,
529900T4FLOFH8Y1IG58,Sparkasse Sonneberg,CI,Germany,LSI,,,false,false,keine_gruppe_bekannt,
529900T5ON7PES0TL534,Grafschafter Volksbank eG,CI,Germany,LSI,,,false,false,keine_gruppe_bekannt,
529900T7MYZUMMW4O176,Berliner Volksbank eG,CI,Germany,LSI,,,true,false,meldet_selbst,
529900T8TBRUEQGZCE67,Stadt-Sparkasse Solingen,CI,Germany,LSI,,,false,false,keine_gruppe_bekannt,
529900T9MJ6GH7X6QA19,Bank11 für Privatkunden und Handel GmbH,CI,Germany,LSI,,,false,false,keine_gruppe_bekannt,
529900T9WPBNVHZ7X372,Volksbank Heinsberg eG,CI,Germany,LSI,,,false,false,keine_gruppe_bekannt,
529900TBT1Z4FKTX5T93,Vereinigte Volksbank Raiffeisenbank eG (Reinheim),CI,Germany,LSI,,,false,false,keine_gruppe_bekannt,
529900TC9UQWRUUB0273,Stadtsparkasse Wedel,CI,Germany,LSI,,,false,false,keine_gruppe_bekannt,
529900TDG1TFZM39SF37,Baader Beteiligungs GmbH,FH,Germany,LSI,,,true,false,meldet_selbst,
529900TG5WKTAKF9BL36,Volksbank pur eG,CI,Germany,LSI,,,false,false,keine_gruppe_bekannt,
529900TGDHK5JPOBGW93,Raiffeisen-Volksbank Donauwörth eG,CI,Germany,LSI,,,false,false,keine_gruppe_bekannt,
529900TGONABTUJ96595,Volksbank Limbach eG,CI,Germany,LSI,,,false,false,keine_gruppe_bekannt,
529900THTJ4DYU2E5C44,Sparda-Bank Hamburg eG,CI,Germany,LSI,,,false,false,keine_gruppe_bekannt,
529900TKRAC1FVTIP419,Sparkasse Wolfach,CI,Germany,LSI,,,false,false,keine_gruppe_bekannt,
529900TLIYFNG3FNFO86,Sparkasse im Landkreis Schwandorf,CI,Germany,LSI,,,false,false,keine_gruppe_bekannt,
529900TMVLQDNAOQAJ40,Volksbank Wißmar eG,CI,Germany,LSI,,,false,false,keine_gruppe_bekannt,
529900TN4E8LNV05YJ02,Sparkasse Merzig-Wadern,CI,Germany,LSI,,,false,false,keine_gruppe_bekannt,
529900TN5F016CJ77P03,Volksbank Thüringen Mitte eG,CI,Germany,LSI,,,false,false,keine_gruppe_bekannt,
529900TP68LKVLHKNE55,TOYOTA Kreditbank GmbH,CI,Germany,LSI,,,false,false,keine_gruppe_bekannt,
529900TTA3TVKU7MBC69,Volksbank Flein-Talheim eG,CI,Germany,LSI,,,false,false,keine_gruppe_bekannt,
529900TTQ33NNFOSDF74,Onstmettinger Bank eG,CI,Germany,LSI,,,false,false,keine_gruppe_bekannt,
529900TW43QJ0F6TWD45,VR-Bank Ismaning Hallbergmoos Neufahrn eG,CI,Germany,LSI,,,false,false,keine_gruppe_bekannt,
529900TXWHPLJGQB9048,Kreissparkasse Verden,CI,Germany,LSI,,,false,false,keine_gruppe_bekannt,
529900TY7MQYSO1AE423,Volksbank Breisgau Nord eG,CI,Germany,LSI,,,false,false,keine_gruppe_bekannt,
529900TYDYSH5ELZME80,Sparkasse Meißen,CI,Germany,LSI,,,false,false,keine_gruppe_bekannt,
529900U2YWMWH2WVJA75,Volksbank Magdeburg eG,CI,Germany,LSI,,,false,false,keine_gruppe_bekannt,
529900U59PV6VXIQ9K43,Sparkasse Südpfalz,CI,Germany,LSI,,,false,false,keine_gruppe_bekannt,
529900U7HFGPGXW9JB86,Volksbank Erft eG,CI,Germany,LSI,,,false,false,keine_gruppe_bekannt,
529900U8MDA5NQP4W892,Sparkasse Wittgenstein,CI,Germany,LSI,,,false,false,keine_gruppe_bekannt,
529900UC2OD7II24Z667,"Joh. Berenberg, Gossler & Co. KG",CI,Germany,LSI,,,false,false,keine_gruppe_bekannt,
529900UCQ5HTMTVAY212,Kieler Volksbank eG,CI,Germany,LSI,,,false,false,keine_gruppe_bekannt,
529900UDT4BDTER57K89,Oldenburger Volksbank eG,CI,Germany,LSI,,,false,false,keine_gruppe_bekannt,
529900UDY9479LIZM613,Volksbank Hochrhein eG,CI,Germany,LSI,,,false,false,keine_gruppe_bekannt,
529900UELOQV2KQ0VP31,Sparkasse Darmstadt und Dieburg,CI,Germany,LSI,,,false,false,keine_gruppe_bekannt,
529900UES658BJBP8J39,Sparkasse Wiesental,CI,Germany,LSI,,,false,false,keine_gruppe_bekannt,
529900UMMBRANM3CYR20,Sparkasse Staufen - Breisach,CI,Germany,LSI,,,false,false,keine_gruppe_bekannt,
529900UNTYKKVT3TQV16,Raiffeisenbank Küps-Mitwitz-Stockheim eG,CI,Germany,LSI,,,false,false,keine_gruppe_bekannt,
529900UO78W3R97YU569,Volksbank Bremen-Nord eG,CI,Germany,LSI,,,false,false,keine_gruppe_bekannt,
529900UOB3KGY06YJ666,Volksbank Raiffeisenbank AmmerGäu eG,CI,Germany,LSI,,,false,false,keine_gruppe_bekannt,
529900UOYUJW1XI7W397,Sparkasse Marburg-Biedenkopf,CI,Germany,LSI,,,false,false,keine_gruppe_bekannt,
529900UQFAS5JRV90C11,Sparkasse Bad Oeynhausen-Porta Westfalica,CI,Germany,LSI,,,false,false,keine_gruppe_bekannt,
529900USII4H63HXLI60,Volksbank Kirnau-Krautheim eG,CI,Germany,LSI,,,false,false,keine_gruppe_bekannt,
529900UU2R8UBHFSX429,Raiffeisenbank Ersingen eG,CI,Germany,LSI,,,false,false,keine_gruppe_bekannt,
529900UUOE5945O0IA86,Volksbank Heuchelheim eG,CI,Germany,LSI,,,false,false,keine_gruppe_bekannt,
529900UV7P5CA8A2L926,Kreissparkasse Traunstein-Trostberg,CI,Germany,LSI,,,false,false,keine_gruppe_bekannt,
529900UV7UT5TCAG0G06,Märkische Bank eG,CI,Germany,LSI,,,false,false,keine_gruppe_bekannt,
529900UVSUE348K2EP04,Volksbank Schwanewede eG,CI,Germany,LSI,,,false,false,keine_gruppe_bekannt,
529900UW365APUAEKJ47,Sparkasse Gütersloh-Rietberg-Versmold,CI,Germany,LSI,,,false,false,keine_gruppe_bekannt,
529900UWNQB5DODHTT84,Kreissparkasse Freudenstadt,CI,Germany,LSI,,,false,false,keine_gruppe_bekannt,
529900UY9ICRQLT2PN79,Siemens Bank GmbH,CI,Germany,LSI,,,true,false,meldet_selbst,
529900UYPEYBLPPXEO59,Sparkasse Nienburg,CI,Germany,LSI,,,false,false,keine_gruppe_bekannt,
529900UYTAE51VW2TG15,Raiffeisenbank Kelheim eG,CI,Germany,LSI,,,false,false,keine_gruppe_bekannt,
529900UYXZMALNMJ4Z15,Raiffeisen-Volksbank Neustadt eG,CI,Germany,LSI,,,false,false,keine_gruppe_bekannt,
529900UZ4WGK38RQ1M84,Sparkasse Rhein-Nahe,CI,Germany,LSI,,,false,false,keine_gruppe_bekannt,
529900UZ5LPUOSWYC555,Echterdinger Bank eG,CI,Germany,LSI,,,false,false,keine_gruppe_bekannt,
529900V2A0LYV789YG97,Raiffeisenbank Floß eG,CI,Germany,LSI,,,false,false,keine_gruppe_bekannt,
529900V5E7HEA1LD8V54,Raiffeisen-Volksbank Ebersberg eG,CI,Germany,LSI,,,false,false,keine_gruppe_bekannt,
529900VDNOTVGR3Y3182,Volksbank Anröchte eG,CI,Germany,LSI,,,false,false,keine_gruppe_bekannt,
529900VHCXYMDIQIM016,Sparkasse Grünberg,CI,Germany,LSI,,,false,false,keine_gruppe_bekannt,
529900VHU3S8ZYAQYZ61,Münchner Bank eG,CI,Germany,LSI,,,false,false,keine_gruppe_bekannt,
529900VHY6CK4ABYPE98,Sparkasse Tauberfranken,CI,Germany,LSI,,,false,false,keine_gruppe_bekannt,
529900VJ7CMGXPGH3278,Sparkasse Mittelfranken-Süd,CI,Germany,LSI,,,false,false,keine_gruppe_bekannt,
529900VKOX7NVXBMT814,Sparkasse Lörrach-Rheinfelden,CI,Germany,LSI,,,false,false,keine_gruppe_bekannt,
529900VLJZ8W4WN4IL93,Winterbacher Bank eG,CI,Germany,LSI,,,false,false,keine_gruppe_bekannt,
529900VLOFHMB6FLZ947,Stadtsparkasse Essen,CI,Germany,LSI,,,false,false,keine_gruppe_bekannt,
529900VLSWF4DE0ON926,VR Bank eG (Monheim am Rhein),CI,Germany,LSI,,,false,false,keine_gruppe_bekannt,
529900VMWVCF2Z2YMJ36,Volksbank eG (Löningen),CI,Germany,LSI,,,false,false,keine_gruppe_bekannt,
529900VRXKZ6XE5CSK73,Sparkasse Burgenlandkreis,CI,Germany,LSI,,,false,false,keine_gruppe_bekannt,
529900VT7A7LHPOCYV70,Raiffeisenbank Aichhalden-Hardt-Sulgen eG,CI,Germany,LSI,,,false,false,keine_gruppe_bekannt,
529900VU0QU9PDVTQ128,Kreissparkasse Heinsberg - Zweckverbandssparkasse des Kreises Heinsberg und der Stadt Erkelenz -,CI,Germany,LSI,,,false,false,keine_gruppe_bekannt,
529900VUIZ6XDB24BS88,Kreissparkasse Kelheim,CI,Germany,LSI,,,false,false,keine_gruppe_bekannt,
529900VYIOMW258HE286,Sparkasse Zwickau,CI,Germany,LSI,,,false,false,keine_gruppe_bekannt,
529900VYK0S605HOZH91,Volksbank Delbrück-Rietberg eG,CI,Germany,LSI,,,false,false,keine_gruppe_bekannt,
529900VZ18VEA57VLE08,Volksbank Lahr eG,CI,Germany,LSI,,,false,false,keine_gruppe_bekannt,
529900VZ4XGS0B3IH593,Sparkasse zu Lübeck Aktiengesellschaft,CI,Germany,LSI,,,false,false,keine_gruppe_bekannt,
529900VZSHKAB0ZU6Z09,Kreissparkasse Tübingen,CI,Germany,LSI,,,false,false,keine_gruppe_bekannt,
529900W1M53OKIAJ5A09,akf bank GmbH & Co KG,CI,Germany,LSI,,,false,false,keine_gruppe_bekannt,
529900W3NTW28LTOL246,FS E&G Holding GmbH,FH,Germany,LSI,,,false,false,keine_gruppe_bekannt,
529900W4ON33WN16NN90,Volksbank Dünnwald-Holweide eG,CI,Germany,LSI,,,false,false,keine_gruppe_bekannt,
529900W5ID3PF3JBG156,Volksbank Ochtrup-Laer eG,CI,Germany,LSI,,,false,false,keine_gruppe_bekannt,
529900W5OZHQU1X13A22,Stadtsparkasse Rahden,CI,Germany,LSI,,,false,false,keine_gruppe_bekannt,
529900WC8X3A11AGMF63,Zweckverbandssparkasse Duderstadt,CI,Germany,LSI,,,false,false,keine_gruppe_bekannt,
529900WCSH33UUPXPH12,PSD Bank Nord eG,CI,Germany,LSI,,,false,false,keine_gruppe_bekannt,
529900WF3IXMJXSVJ831,Vereinigte Volksbanken eG (Sindelfingen),CI,Germany,LSI,,,true,false,meldet_selbst,
529900WG74YLU65ZKY29,Volksbank Franken eG,CI,Germany,LSI,,,false,false,keine_gruppe_bekannt,
529900WJ04VKKBLPQH25,Sparkasse Mittelholstein Aktiengesellschaft,CI,Germany,LSI,,,false,false,keine_gruppe_bekannt,
529900WJO0I2E7ERWD80,Raiffeisenbank Eschlkam-Lam-Lohberg-Neukirchen b. Hl. Blut eG,CI,Germany,LSI,,,false,false,keine_gruppe_bekannt,
529900WJYRLX4PRMQM74,GSCF Working Capital Bank GmbH,CI,Germany,LSI,,,false,false,keine_gruppe_bekannt,
529900WL0D6E1DUQVY29,Raiffeisenbank Hiltenfingen eG,CI,Germany,LSI,,,false,false,keine_gruppe_bekannt,
529900WMY8Q2ZBWJVD33,BAG Bankaktiengesellschaft,CI,Germany,LSI,,,false,false,keine_gruppe_bekannt,
529900WQ56SLB1IPWX73,"Fürstlich Castell'sche Bank, Credit-Casse Aktiengesellschaft",CI,Germany,LSI,,,false,false,keine_gruppe_bekannt,
529900WQC6ZXA1TEJU17,Volksbank Halle/Westf. eG,CI,Germany,LSI,,,false,false,keine_gruppe_bekannt,
529900WR23V1DVUYDZ68,Raiffeisenbank Westkreis Fürstenfeldbruck eG,CI,Germany,LSI,,,false,false,keine_gruppe_bekannt,
529900WRZWJ739DBZ203,Salzlandsparkasse,CI,Germany,LSI,,,false,false,keine_gruppe_bekannt,
529900WSDL80S6P1IS39,Volksbank Allgäu-Oberschwaben eG,CI,Germany,LSI,,,false,false,keine_gruppe_bekannt,
529900WTMHHSYRG84I14,Raiffeisenbank Schwabmünchen-Stauden eG,CI,Germany,LSI,,,false,false,keine_gruppe_bekannt,
529900WUQLS77L218Z90,Vereinigte Volksbank eG (Brakel),CI,Germany,LSI,,,false,false,keine_gruppe_bekannt,
529900WVTLE8OTNZY156,Hüttenberger Bank eG,CI,Germany,LSI,,,false,false,keine_gruppe_bekannt,
529900WW5XQT9K6QF767,Volksbank eG (Gardelegen),CI,Germany,LSI,,,false,false,keine_gruppe_bekannt,
529900WXHO25X50KEP54,TRUMPF Financial Services GmbH,CI,Germany,LSI,,,false,false,keine_gruppe_bekannt,
529900WXO4WJD5QY7Q80,Volksbank Selm-Bork eG,CI,Germany,LSI,,,false,false,keine_gruppe_bekannt,
529900WZ5UJMQE5EXE26,Kreissparkasse Reutlingen,CI,Germany,LSI,,,false,false,keine_gruppe_bekannt,
529900X1RCYC7HPDGT34,Sparkasse Chemnitz,CI,Germany,LSI,,,false,false,keine_gruppe_bekannt,
529900X200JCQZE8VX28,Mittelbrandenburgische Sparkasse in Potsdam,CI,Germany,LSI,,,false,false,keine_gruppe_bekannt,
529900X624BIZY01DY26,"Kreis-und Stadtsparkasse Unna-Kamen, Zweckverbandssparkasse des Kreises Unna, der Kreisstadt Unna, der Stadt Kamen, der Stadt Fröndenberg und der Gemeinde Holzwickede",CI,Germany,LSI,,,false,false,keine_gruppe_bekannt,
529900X95ZNQMQ1OTG98,Sparkasse Neuwied,CI,Germany,LSI,,,false,false,keine_gruppe_bekannt,
529900XBPDFUJS0CPK08,Raiffeisenbank Bütthard-Gaukönigshofen eG,CI,Germany,LSI,,,false,false,keine_gruppe_bekannt,
529900XBR72PUSCRF755,Sparkasse Jena-Saale-Holzland,CI,Germany,LSI,,,false,false,keine_gruppe_bekannt,
529900XBSCFQFJBYMR43,Sparkasse Gera-Greiz,CI,Germany,LSI,,,false,false,keine_gruppe_bekannt,
529900XCEXDVMKHYLO06,Volksbank Mainspitze eG,CI,Germany,LSI,,,false,false,keine_gruppe_bekannt,
529900XDLJV1P7HBAH18,Sparkasse Holstein,CI,Germany,LSI,,,true,false,meldet_selbst,
529900XEQIE8VMIDYW28,Kreissparkasse Gelnhausen,CI,Germany,LSI,,,false,false,keine_gruppe_bekannt,
529900XGIZA1FDCDQZ11,Raiffeisenbank Dietersheim und Umgebung eG,CI,Germany,LSI,,,false,false,keine_gruppe_bekannt,
529900XGLFK91I5ARA15,Volksbank Hamm/Sieg eG,CI,Germany,LSI,,,false,false,keine_gruppe_bekannt,
529900XII8B4ECFBUR04,Sparkasse Einbeck,CI,Germany,LSI,,,false,false,keine_gruppe_bekannt,
529900XIT3EBXWROPR19,"Sparkasse Neuss - Zweckverbandssparkasse des Rhein-Kreises Neuss, der Stadt Neuss und der Stadt Korschenbroich und der Stadt Kaarst",CI,Germany,LSI,,,false,false,keine_gruppe_bekannt,
529900XJ050LKAPHXM52,Müritz-Sparkasse,CI,Germany,LSI,,,false,false,keine_gruppe_bekannt,
529900XKH0809QTNWQ25,Kreissparkasse Bautzen,CI,Germany,LSI,,,false,false,keine_gruppe_bekannt,
529900XLAZ15LYK8XK27,Oddo BHF SE,CI,Germany,LSI,,,false,false,keine_gruppe_bekannt,
529900XLPRU6W0LKGA14,Raiffeisenbank Oberteuringen-Meckenbeuren eG,CI,Germany,LSI,,,false,false,keine_gruppe_bekannt,
529900XLWVQXZZ39PV75,Stadtsparkasse Gladbeck,CI,Germany,LSI,,,false,false,keine_gruppe_bekannt,
529900XLXZ4E43CYT795,Bankhaus Ellwanger & Geiger AG,CI,Germany,LSI,,,false,false,keine_gruppe_bekannt,
529900XMGWY3OLYSGD62,Volksbank Schlangen eG,CI,Germany,LSI,,,false,false,keine_gruppe_bekannt,
529900XOI1D8DFZG4P42,Genossenschaftsbank Unterallgäu eG,CI,Germany,LSI,,,false,false,keine_gruppe_bekannt,
529900XPRCSXWOJB9J74,Sparkasse Hilden Ratingen Velbert,CI,Germany,LSI,,,false,false,keine_gruppe_bekannt,
529900XQMOF3BB8ZKT64,Edekabank Aktiengesellschaft,CI,Germany,LSI,,,false,false,keine_gruppe_bekannt,
529900XQUKY370MSCE53,Sparkasse Hellweg-Lippe,CI,Germany,LSI,,,false,false,keine_gruppe_bekannt,
529900XS69W3AGFH2T52,Volksbank Oyten e.G.,CI,Germany,LSI,,,false,false,keine_gruppe_bekannt,
529900XTUA1TP4PL1M16,PEAC (Germany) GmbH,CI,Germany,LSI,,,false,false,keine_gruppe_bekannt,
529900XUBIXXFHP44185,Ihre Volksbank eG Neckar Odenwald Main-Tauber,CI,Germany,LSI,,,false,false,keine_gruppe_bekannt,
529900XVKVCOXMMY7D52,Volksbank Stade-Cuxhaven eG,CI,Germany,LSI,,,false,false,keine_gruppe_bekannt,
529900XWPESFARJQCP22,Sparkasse St. Blasien,CI,Germany,LSI,,,false,false,keine_gruppe_bekannt,
529900XWV31JAWSOSC91,Volksbank Niedergrafschaft eG,CI,Germany,LSI,,,false,false,keine_gruppe_bekannt,
529900XXZTGP63UM1323,Raiffeisenbank Bobingen eG,CI,Germany,LSI,,,false,false,keine_gruppe_bekannt,
529900XYAXTB0XN4U371,Volksbank Ulm-Biberach eG,CI,Germany,LSI,,,false,false,keine_gruppe_bekannt,
529900Y0QCPE3V0OZG62,Raiffeisenbank Gmund am Tegernsee eG,CI,Germany,LSI,,,false,false,keine_gruppe_bekannt,
529900Y13T748OVUXC90,Sparkasse Salem-Heiligenberg,CI,Germany,LSI,,,false,false,keine_gruppe_bekannt,
529900Y1AW7UA055TW89,VR-Bank Mitte eG,CI,Germany,LSI,,,false,false,keine_gruppe_bekannt,
529900Y2I953BJ8KOV45,Nord-Ostsee Sparkasse,CI,Germany,LSI,,,false,false,keine_gruppe_bekannt,
529900Y6S42D3V5X1W55,VR Bank Vilshofen-Pocking eG,CI,Germany,LSI,,,false,false,keine_gruppe_bekannt,
529900Y6T2Z7YM1O0K61,Volksbank Elsen-Wewer-Borchen eG,CI,Germany,LSI,,,false,false,keine_gruppe_bekannt,
529900Y7544GYFG3TK85,Raiffeisenbank Bühlertal eG,CI,Germany,LSI,,,false,false,keine_gruppe_bekannt,
529900Y9OIRTHDPXDD42,Sparkasse Aurich-Norden in Ostfriesland - Ostfriesische Sparkasse -,CI,Germany,LSI,,,false,false,keine_gruppe_bekannt,
529900Y9V9S4JSXJZK89,Merkur Bank KGaA,CI,Germany,LSI,,,false,false,keine_gruppe_bekannt,
529900YATY4FOPMBA696,Volksbank Nottuln eG,CI,Germany,LSI,,,false,false,keine_gruppe_bekannt,
529900YBDMFS76AQ3P82,Volksbank Lüneburger Heide eG,CI,Germany,LSI,,,false,false,keine_gruppe_bekannt,
529900YC0TR3UL05I974,Sparkasse Waldeck-Frankenberg,CI,Germany,LSI,,,false,false,keine_gruppe_bekannt,
529900YCA6KBCJUW5A94,Raiffeisenbank Schrozberg-Rot am See eG,CI,Germany,LSI,,,false,false,keine_gruppe_bekannt,
529900YFF1OOLDFE8X31,Stadt- und Kreissparkasse Erlangen Höchstadt Herzogenaurach,CI,Germany,LSI,,,false,false,keine_gruppe_bekannt,
529900YHNJHJ6HCOV883,Sparkasse Koblenz,CI,Germany,LSI,,,false,false,keine_gruppe_bekannt,
529900YHOXR8KYLSEX32,Raiffeisenbank Hallertau eG,CI,Germany,LSI,,,false,false,keine_gruppe_bekannt,
529900YI7GR9R4L1UI63,SECB Swiss Euro Clearing Bank GmbH,CI,Germany,LSI,,,false,false,keine_gruppe_bekannt,
529900YI8T6QA0JQK313,Sparkasse Weser-Elbe,CI,Germany,LSI,,,false,false,keine_gruppe_bekannt,
529900YJK5DRCFU0KC32,Volksbank Berg eG,CI,Germany,LSI,,,false,false,keine_gruppe_bekannt,
529900YKAHRQ62W8LM97,Sparkasse Witten,CI,Germany,LSI,,,false,false,keine_gruppe_bekannt,
529900YKZWR2YF6CCR74,Raiffeisenbank eG Scharrel,CI,Germany,LSI,,,false,false,keine_gruppe_bekannt,
529900YMMZ97HOH40U86,Raiffeisenbank Erlenbach eG,CI,Germany,LSI,,,false,false,keine_gruppe_bekannt,
529900YO3K11I2M6IA23,Volksbank Vogtland- Saale-Orla eG,CI,Germany,LSI,,,false,false,keine_gruppe_bekannt,
529900YOBXEE8ZYM4V56,MLP Banking AG,CI,Germany,LSI,,,false,false,keine_gruppe_bekannt,
529900YOZLXHAJRXOV38,Wartburg-Sparkasse,CI,Germany,LSI,,,false,false,keine_gruppe_bekannt,
529900YP8BRYZ4QL5W06,Volksbank Köln Bonn eG,CI,Germany,LSI,,,false,false,keine_gruppe_bekannt,
529900YPOP2D2UZUH696,Sparkasse im Landkreis Cham,CI,Germany,LSI,,,false,false,keine_gruppe_bekannt,
529900YQVTG54RAR6439,DZB Bank GmbH,CI,Germany,LSI,,,false,false,keine_gruppe_bekannt,
529900YT5VCRYQ5WI821,Volksbank Raiffeisenbank Würzburg eG,CI,Germany,LSI,,,false,false,keine_gruppe_bekannt,
529900YUH3RXW5PH6S18,Volksbank Kempen-Grefrath eG,CI,Germany,LSI,,,false,false,keine_gruppe_bekannt,
529900YUKZ4C8FPONG83,PSD Bank Nürnberg eG,CI,Germany,LSI,,,false,false,keine_gruppe_bekannt,
529900Z0C5X4H61UBM90,Volksbank Ober-Mörlen eG,CI,Germany,LSI,,,false,false,keine_gruppe_bekannt,
529900Z0OFQW6T1CPI12,Volksbank Gronau-Ahaus eG,CI,Germany,LSI,,,false,false,keine_gruppe_bekannt,
529900Z1V9UDM2YYKI87,Kreissparkasse Düsseldorf,CI,Germany,LSI,,,false,false,keine_gruppe_bekannt,
529900Z2OHMF1O4SSZ52,Raiffeisenbank Gruibingen eG,CI,Germany,LSI,,,false,false,keine_gruppe_bekannt,
529900Z2Y8487OQRMV97,Genossenschaftsbank Weil im Schönbuch eG,CI,Germany,LSI,,,false,false,keine_gruppe_bekannt,
529900Z3LP6QDJ130952,Volksbank Mittleres Erzgebirge eG,CI,Germany,LSI,,,false,false,keine_gruppe_bekannt,
529900Z3O84HYIJF5E21,Raiffeisenbank Kaiserstuhl eG,CI,Germany,LSI,,,false,false,keine_gruppe_bekannt,
529900Z51L8PCJ126K17,Raiffeisenbank 'Nahe' eG,CI,Germany,LSI,,,false,false,keine_gruppe_bekannt,
529900Z53OT4CHNVP677,Kreissparkasse Soltau,CI,Germany,LSI,,,false,false,keine_gruppe_bekannt,
529900Z5EQP61MALQB55,Zweckverbandssparkasse Rhön-Rennsteig,CI,Germany,LSI,,,false,false,keine_gruppe_bekannt,
529900Z6F7VIWUL8U594,VR Bank Weimar eG,CI,Germany,LSI,,,false,false,keine_gruppe_bekannt,
529900Z8NURZEOHKWK86,Volksbank Emstal eG,CI,Germany,LSI,,,false,false,keine_gruppe_bekannt,
529900Z8UBNQXJICNG59,Kreissparkasse Hildburghausen,CI,Germany,LSI,,,false,false,keine_gruppe_bekannt,
529900Z9LN7U0GBF2S53,VR Bank Ried-Überwald eG,CI,Germany,LSI,,,false,false,keine_gruppe_bekannt,
529900ZB4NCETE37DG53,Raiffeisenbank Böllingertal eG,CI,Germany,LSI,,,false,false,keine_gruppe_bekannt,
529900ZC0WL2F329G071,Sparkasse Schaumburg,CI,Germany,LSI,,,false,false,keine_gruppe_bekannt,
529900ZCSB2NXEMMW107,Volksbank Schermbeck e.G.,CI,Germany,LSI,,,false,false,keine_gruppe_bekannt,
529900ZDHNWPHOLBE586,Sparkasse Oberland,CI,Germany,LSI,,,false,false,keine_gruppe_bekannt,
529900ZE6IJR39Y18J76,Raiffeisenbank Chamer Land eG,CI,Germany,LSI,,,false,false,keine_gruppe_bekannt,
529900ZELDCGY9PLFN54,Raiffeisenbank Gammesfeld eingetragene Genossenschaft,CI,Germany,LSI,,,false,false,keine_gruppe_bekannt,
529900ZFCAYRV20FSC78,Kreissparkasse Stendal,CI,Germany,LSI,,,false,false,keine_gruppe_bekannt,
529900ZG2U1UNEWSWG40,Bordesholmer Sparkasse Aktiengesellschaft,CI,Germany,LSI,,,false,false,keine_gruppe_bekannt,
529900ZHPGXS033GRJ11,Stadt-Sparkasse Gelsenkirchen,CI,Germany,LSI,,,false,false,keine_gruppe_bekannt,
529900ZIXVIOE0JLVP31,Raiffeisenbank Pfaffenwinkel eG,CI,Germany,LSI,,,false,false,keine_gruppe_bekannt,
529900ZJ6N895Y958S17,Raiffeisenbank Pfaffenhofen a.d. Glonn eG,CI,Germany,LSI,,,false,false,keine_gruppe_bekannt,
529900ZJRUSVF8RF1H87,Sparkasse Kulmbach-Kronach,CI,Germany,LSI,,,false,false,keine_gruppe_bekannt,
529900ZK1S6WC7G7ZL10,Volksbank Freiburg eG,CI,Germany,LSI,,,false,false,keine_gruppe_bekannt,
529900ZKHIYCD4HX7360,Sparkasse Mülheim an der Ruhr,CI,Germany,LSI,,,false,false,keine_gruppe_bekannt,
529900ZMDTSQYEYCKL45,VR TeilhaberBank Metropolregion Nürnberg eG,CI,Germany,LSI,,,true,false,meldet_selbst,
529900ZNZD8D716HUX57,Stadtsparkasse Augsburg,CI,Germany,LSI,,,false,false,keine_gruppe_bekannt,
529900ZPVL47IVYJD518,Volksbank Dammer Berge eG,CI,Germany,LSI,,,false,false,keine_gruppe_bekannt,
529900ZTTVM08R1SB420,Volksbank Ostlippe eG,CI,Germany,LSI,,,false,false,keine_gruppe_bekannt,
529900ZTWKPCI2ATZS23,Volksbank Raiffeisenbank Obermain eG,CI,Germany,LSI,,,false,false,keine_gruppe_bekannt,
529900ZUL2DDJ2C57W97,Kreissparkasse Euskirchen,CI,Germany,LSI,,,false,false,keine_gruppe_bekannt,
529900ZW3QH424NY3959,Volksbank Raiffeisenbank Bayern Mitte eG,CI,Germany,LSI,,,true,false,meldet_selbst,
549300298FD7AS4PPU70,Clearstream Banking Aktiengesellschaft,CI,Germany,LSI,,,false,false,keine_gruppe_bekannt,
54930098DWRYF5162A68,Westpac Europe GmbH,CI,Germany,LSI,,,false,false,keine_gruppe_bekannt,
549300BZZFFS0SOWR325,Ford Bank GmbH,CI,Germany,LSI,,,true,false,meldet_selbst,
549300GSSPQ1QSKI1376,Bank Pictet & Cie (Europe) AG,CI,Germany,LSI,,,false,false,keine_gruppe_bekannt,
549300ISU0OO19LLYT70,FIL Holdings Germany GmbH,FH,Germany,LSI,,,false,false,keine_gruppe_bekannt,
549300WDT1HWUMTUW770,Standard Chartered Bank AG,CI,Germany,LSI,,,true,false,meldet_selbst,
9676007O0UF5YB3QPR03,SMBC Bank EU AG,CI,Germany,LSI,,,false,false,keine_gruppe_bekannt,
D2OIGPB6E66YOBJ9GT20,BMW Bank GmbH,CI,Germany,LSI,,,false,false,keine_gruppe_bekannt,
MZI1VDH2BQLFZGLQDO60,M.M.Warburg & CO (AG & Co.) Kommanditgesellschaft auf Aktien,CI,Germany,LSI,,,false,false,keine_gruppe_bekannt,
PWEFG14QWWESISQ84C69,IKB Deutsche Industriebank Aktiengesellschaft,CI,Germany,LSI,,,true,false,meldet_selbst,
2138008NSD1X1XFUK750,Optima bank S.A.,CI,Greece,LSI,,,false,false,keine_gruppe_bekannt,
213800A3YBCKWVF3DM64,Vivabank SA,CI,Greece,LSI,,,false,false,keine_gruppe_bekannt,
213800AXQUILVAQS3374,EPIRUS BANK S.A.,CI,Greece,LSI,,,false,false,keine_gruppe_bekannt,
213800CT2DGRLUNXMH68,Viva Wallet Holdings Software Development S.A.,FH,Greece,LSI,,,false,false,keine_gruppe_bekannt,
213800FFWYE3BQ1CU978,CrediaBank S.A.,CI,Greece,LSI,,,false,false,keine_gruppe_bekannt,
213800MXUHIUCSYV6D46,Capstone Capital Single Member S.A.,FH,Greece,LSI,,,false,false,keine_gruppe_bekannt,
213800NAAYOQNIIUIS66,Cooperative Bank of Thessaly Coop. L.L.,CI,Greece,LSI,,,false,false,keine_gruppe_bekannt,
213800SDIUJ6SG9IMB75,Capstone Investments Single Member S.A.,FH,Greece,LSI,,,false,false,keine_gruppe_bekannt,
213800TWSHPHH7ZH2P97,Aegean Baltic Bank S.A.,CI,Greece,LSI,,,false,false,keine_gruppe_bekannt,
213800WPA78FCDJEW825,Cooperative Bank of Karditsa Coop. L.L.,CI,Greece,LSI,,,false,false,keine_gruppe_bekannt,
213800ZLIZIF47DYZF66,Cooperative Bank of Chania Cooperative of Limited Liabilities,CI,Greece,LSI,,,false,false,keine_gruppe_bekannt,
984500B56B8FB41R8534,WEREALIZE.COM LIMITED,FH,Greece,LSI,,,false,false,keine_gruppe_bekannt,
213800528LR7XS7E1Z88,MBEU Designated Activity Company,CI,Ireland,LSI,,,false,false,keine_gruppe_bekannt,
5493000YPN33HF74SN02,Bank of Montreal Europe plc,CI,Ireland,LSI,,,true,false,meldet_selbst,
5493006PNNPEGIWXQK64,Hewlett-Packard International Bank Holding Limited,FH,Ireland,LSI,,,false,false,keine_gruppe_bekannt,
5493008GNQHVI377MY19,U.S. Bank Europe Designated Activity Company,CI,Ireland,LSI,,,false,false,keine_gruppe_bekannt,
549300E5ENQVY2IBLF67,Macquarie Bank Europe Designated Activity Company,CI,Ireland,LSI,,,true,false,meldet_selbst,
549300WL1M55G8FIDZ68,permanent tsb plc,CI,Ireland,LSI,,,false,false,keine_gruppe_bekannt,
635400DTNHVYGZODKQ93,permanent tsb Group Holdings plc,FH,Ireland,LSI,,,true,false,meldet_selbst,
635400LCCIYHUL6ELA34,USB European (Holdings) Limited,FH,Ireland,LSI,,,true,false,meldet_selbst,
635400V3NT3TPDFORR61,DFS BV,FH,Ireland,LSI,,,false,false,keine_gruppe_bekannt,
6RW0L752VAVTPZF36F02,Hewlett-Packard International Bank Designated Activity Company,CI,Ireland,LSI,,,false,false,keine_gruppe_bekannt,
747DLM6L5TO7LXZY5T60,Scotiabank (Ireland) Designated Activity Company,CI,Ireland,LSI,,,true,false,meldet_selbst,
9P9HXM53DT5S724JQ665,Dell Bank International Designated Activity Company,CI,Ireland,LSI,,,false,false,keine_gruppe_bekannt,
SX0CI4F7GVW5530ZMN03,Wells Fargo Bank International Unlimited Company,CI,Ireland,LSI,,,true,false,meldet_selbst,
25490067UY6VKUD21R33,SC Lowy Financial (LUX) S.à.r.l.,FH,Italy,LSI,,,false,false,keine_gruppe_bekannt,
5299000O4GKV3XL1S930,Cassa Raiffeisen Etschtal Società Cooperativa,CI,Italy,LSI,,,false,false,keine_gruppe_bekannt,
5299000U66EHK541QB51,Cassa Raiffeisen Laces - Società Cooperativa,CI,Italy,LSI,,,false,false,keine_gruppe_bekannt,
5299001LDTJ8SIMBV818,Cassa Raiffeisen Prato-Tubre - Società Cooperativa,CI,Italy,LSI,,,false,false,keine_gruppe_bekannt,
52990033C5FUEN4LMC06,Banca Popolare dell'Alto Adige S.p.A.,CI,Italy,LSI,,,true,false,meldet_selbst,
529900392D9HF1RBUQ52,Banca Cassa di Risparmio di Savigliano S.p.A.,CI,Italy,LSI,,,false,false,keine_gruppe_bekannt,
5299003GDKWU24XYY123,Cassa Raiffeisen di Brunico - Società Cooperativa,CI,Italy,LSI,,,false,false,keine_gruppe_bekannt,
5299005FLGWDF2878X45,Cassa Raiffeisen della Valle Isarco - Società Cooperativa,CI,Italy,LSI,,,false,false,keine_gruppe_bekannt,
52990073ZBGESB1SYT94,Cassa Raiffeisen Oltradige - Società Cooperativa,CI,Italy,LSI,,,false,false,keine_gruppe_bekannt,
5299007JQM7L0DGQD248,Cassa Raiffeisen Val Badia - Società Cooperativa Genossenschaft,CI,Italy,LSI,,,false,false,keine_gruppe_bekannt,
529900CPUINDSNWSU986,Cassa Raiffeisen di Monguelfo Casies Tesido - Società Cooperativa,CI,Italy,LSI,,,false,false,keine_gruppe_bekannt,
529900E1UERXN47PB924,Cassa Raiffeisen Schlern - Rosengarten - Società Cooperativa,CI,Italy,LSI,,,false,false,keine_gruppe_bekannt,
529900E7SERKQOK00B92,Cassa Raiffeisen Castelrotto - Ortisei - Società Cooperativa,CI,Italy,LSI,,,false,false,keine_gruppe_bekannt,
529900F4QCKVY8P9QQ72,Cassa Raiffeisen di Marlengo - Società Cooperativa,CI,Italy,LSI,,,false,false,keine_gruppe_bekannt,
529900GSJR3LIAD67P54,Cassa Raiffeisen Merano - Società Cooperativa,CI,Italy,LSI,,,false,false,keine_gruppe_bekannt,
529900H5L58R4R8FE538,Cassa Rurale di Salorno - Società Cooperativa,CI,Italy,LSI,,,false,false,keine_gruppe_bekannt,
529900H5SATZJTWAR773,CASSA RAIFFEISEN BASSA VENOSTA SOCIETA' COOPERATIVA,CI,Italy,LSI,,,false,false,keine_gruppe_bekannt,
529900HGCC5S5FGR5Z52,Cassa Raiffeisen di Villabassa - Società Cooperativa,CI,Italy,LSI,,,false,false,keine_gruppe_bekannt,
529900JMVRUEEGJDU667,Cassa Raiffeisen Silandro - Società Cooperativa,CI,Italy,LSI,,,false,false,keine_gruppe_bekannt,
529900K5UBMZ5A7GOS30,Cassa Raiffeisen Val Gardena - Società Cooperativa,CI,Italy,LSI,,,false,false,keine_gruppe_bekannt,
529900K6QTKF2QXL0B37,Cassa Raiffeisen di Lagundo - Società Cooperativa,CI,Italy,LSI,,,false,false,keine_gruppe_bekannt,
529900LSR2K8QCDT5A95,Cassa Raiffeisen Alta Venosta - Società Cooperativa,CI,Italy,LSI,,,false,false,keine_gruppe_bekannt,
529900N2ZB1B52JB2F83,Cassa Centrale Raiffeisen dell'Alto Adige S.p.A.,CI,Italy,LSI,,,true,false,meldet_selbst,
529900QN0AS8T501QG38,Cassa Raiffeisen di Parcines - Società Cooperativa,CI,Italy,LSI,,,false,false,keine_gruppe_bekannt,
529900RUJPDP4ZW9WB21,Cassa Raiffeisen Wipptal - Società Cooperativa,CI,Italy,LSI,,,false,false,keine_gruppe_bekannt,
529900T0LI726NSWT812,Cassa Rurale di Bolzano - Società Cooperativa,CI,Italy,LSI,,,false,false,keine_gruppe_bekannt,
529900T32UL0CP1FZA06,Allianz Bank Financial Advisors S.p.A.,CI,Italy,LSI,,,true,false,meldet_selbst,
529900VIIFB82W1OOC62,Cassa Raiffeisen Alta Pusteria - Società Cooperativa,CI,Italy,LSI,,,false,false,keine_gruppe_bekannt,
529900VXNZKW8QFXW097,Cassa Raiffeisen Tures Aurina - Società Cooperativa,CI,Italy,LSI,,,false,false,keine_gruppe_bekannt,
529900YZM0WWAZMBXW89,Cassa Raiffeisen di Vandoies - Società Cooperativa,CI,Italy,LSI,,,false,false,keine_gruppe_bekannt,
529900Z8JO8RAGTT8O04,Cassa Raiffeisen Lana - Società Cooperativa,CI,Italy,LSI,,,false,false,keine_gruppe_bekannt,
5493000G0BV36KLF7M63,Banca Patrimoni Sella & C. S.p.A.,CI,Italy,LSI,,,false,false,keine_gruppe_bekannt,
549300ABE4K96QOCEH37,Banca Sella Holding S.p.A.,CI,Italy,LSI,,,false,false,keine_gruppe_bekannt,
549300B0FLNFTFYQDJ30,BANCA DI CIVIDALE S.P.A.,CI,Italy,LSI,,,false,false,keine_gruppe_bekannt,
549300DI8RATWW2KQO25,Banca Popolare Etica - Società Cooperativa per Azioni,CI,Italy,LSI,,,false,false,keine_gruppe_bekannt,
549300FR956J8UJDWQ78,Banca Credifarma,CI,Italy,LSI,,,false,false,keine_gruppe_bekannt,
549300I7OIUB41P86L19,Banca Sella S.p.A.,CI,Italy,LSI,,,false,false,keine_gruppe_bekannt,
549300UE2ZF21B02QG64,BdM Banca S.P.A.,CI,Italy,LSI,,,false,false,keine_gruppe_bekannt,
815600097949D6B08F83,Banca Ubae S.p.A.,CI,Italy,LSI,,,false,false,keine_gruppe_bekannt,
8156000A97D8FE526634,SOLUTION BANK S.P.A.,CI,Italy,LSI,,,false,false,keine_gruppe_bekannt,
8156000B18E18BBDBB14,Cassa Raiffeisen di Lasa - Società Cooperativa,CI,Italy,LSI,,,false,false,keine_gruppe_bekannt,
8156000E676B694D1F11,Nattino Holding Srl,FH,Italy,LSI,,,false,false,keine_gruppe_bekannt,
8156000FA4166F1C2337,BANCA MACERATA S.P.A.,CI,Italy,LSI,,,false,false,keine_gruppe_bekannt,
815600154F8F91CF6B05,Banca Credito Attivo Spa,CI,Italy,LSI,,,false,false,keine_gruppe_bekannt,
81560017C4A61A529235,Cassa di Risparmio di Fermo S.p.A.,CI,Italy,LSI,,,true,false,meldet_selbst,
8156001E691ACBF5D727,Cassa Raiffeisen Campo di Trens - Società Cooperativa,CI,Italy,LSI,,,false,false,keine_gruppe_bekannt,
81560022B9E404DCD679,Banca Italiana per l'Ambiente e per l'Energia S.p.A. (in breve BIAE S.p.A.),CI,Italy,LSI,,,false,false,keine_gruppe_bekannt,
81560023A3EC94499D08,Mediocredito Trentino Alto Adige S.p.A.,CI,Italy,LSI,,,false,false,keine_gruppe_bekannt,
81560026D234790EB288,Banco di Desio e della Brianza S.p.A.,CI,Italy,LSI,,,false,false,keine_gruppe_bekannt,
81560027D07F9BDB8436,Cassa di Risparmio di Asti S.p.A.,CI,Italy,LSI,,,true,false,meldet_selbst,
81560029BA16DD501270,Cassa Raiffeisen di Nova Ponente Aldino - Società Cooperativa,CI,Italy,LSI,,,false,false,keine_gruppe_bekannt,
8156002B59DB115DFF81,Banca Popolare di Fondi - Società Cooperativa,CI,Italy,LSI,,,false,false,keine_gruppe_bekannt,
8156002BDA834C0ADF36,Banca popolare delle Province Molisane - Società Cooperativa per Azioni,CI,Italy,LSI,,,false,false,keine_gruppe_bekannt,
8156002C3FA08E482831,Finint Private Bank SpA,CI,Italy,LSI,,,false,false,keine_gruppe_bekannt,
815600304369529BF285,Suedtirol Bank Spa,CI,Italy,LSI,,,false,false,keine_gruppe_bekannt,
8156003095855CBF7E98,Banca Santa Giulia S.p.A.,CI,Italy,LSI,,,false,false,keine_gruppe_bekannt,
8156003440CAE1E23348,Banca Ifigest S.p.A.,CI,Italy,LSI,,,false,false,keine_gruppe_bekannt,
81560035485BD7DB3590,Banco di Credito Paolo Azzoaglio S.p.A.,CI,Italy,LSI,,,true,false,meldet_selbst,
8156003A4FB445454553,Cassa di Risparmio di Bolzano S.p.A.,CI,Italy,LSI,,,true,false,meldet_selbst,
8156003B4300193DC148,GUBER BANCA SPA,CI,Italy,LSI,,,false,false,keine_gruppe_bekannt,
8156003D79D064FB5360,Cassa Lombarda S.p.A.,CI,Italy,LSI,,,true,false,meldet_selbst,
8156003E6E19559C8247,Cassa Raiffeisen di Dobbiaco - Società Cooperativa,CI,Italy,LSI,,,false,false,keine_gruppe_bekannt,
8156004BBB6E6B9B6F10,Banca Popolare di Puglia e Basilicata - Società Cooperativa per Azioni,CI,Italy,LSI,,,true,false,meldet_selbst,
8156004D7FDDF887AA66,"Banca di Credito Popolare, - Società Cooperativa per Azioni",CI,Italy,LSI,,,false,false,keine_gruppe_bekannt,
81560051AAE0E0F10021,Cherry Bank S.p.A.,CI,Italy,LSI,,,true,false,meldet_selbst,
815600522538355AE429,BFF Bank SpA,CI,Italy,LSI,,,false,false,keine_gruppe_bekannt,
8156005300C1AFD13828,Imprebanca S.p.A.,CI,Italy,LSI,,,false,false,keine_gruppe_bekannt,
8156005420362AE59184,Banca Ifis S.p.A.,CI,Italy,LSI,,,true,false,meldet_selbst,
815600589495BE8A4587,Cassa Raiffeisen Bassa Atesina - Società Cooperativa,CI,Italy,LSI,,,false,false,keine_gruppe_bekannt,
8156005C22D0BF134C40,Banca Popolare Pugliese - Società Cooperativa per Azioni,CI,Italy,LSI,,,true,false,meldet_selbst,
81560062CEAE87A85C80,Arepo BP SPA,FH,Italy,LSI,,,true,false,meldet_selbst,
81560063561A562DAF14,Extrabanca S.p.A.,CI,Italy,LSI,,,false,false,keine_gruppe_bekannt,
81560064085A02B2B297,MEDIOCREDITO CENTRALE - BANCA DEL MEZZOGIORNO SPA,CI,Italy,LSI,,,true,false,meldet_selbst,
8156006B076490FF6509,Tyche Bank Spa,CI,Italy,LSI,,,false,false,keine_gruppe_bekannt,
81560071421F0C4FF002,Cassa di Sovvenzione e Risparmio fra Il Personale della Banca d'Italia Società Cooperativa per Azioni,CI,Italy,LSI,,,false,false,keine_gruppe_bekannt,
815600715D60D46ED444,Banca Più,CI,Italy,LSI,,,false,false,keine_gruppe_bekannt,
815600722FAEE18D6013,Banca del Fucino S.p.A.,CI,Italy,LSI,,,true,false,meldet_selbst,
8156007395B20763EB44,Banca Cambiano 1884 SPA,CI,Italy,LSI,,,false,false,keine_gruppe_bekannt,
815600767C6E914C7139,Banca Popolare di Lajatico - Società Cooperativa per Azioni,CI,Italy,LSI,,,false,false,keine_gruppe_bekannt,
81560079110EAB020445,Finint S.p.A.,FH,Italy,LSI,,,false,false,keine_gruppe_bekannt,
8156007C053DC07AC307,Credito Lombardo Veneto S.p.A.,CI,Italy,LSI,,,true,false,meldet_selbst,
8156008323735C1B1371,Banca Popolare del Frusinate - Società Cooperativa per Azioni,CI,Italy,LSI,,,false,false,keine_gruppe_bekannt,
815600835712F7BA2869,Banca Finnat Euramerica S.p.A.,CI,Italy,LSI,,,false,false,keine_gruppe_bekannt,
815600848DEFE160E913,Ibl Istituto Bancario del Lavoro S.p.A.,CI,Italy,LSI,,,true,false,meldet_selbst,
81560086757D5A33B226,Cassa Raiffeisen di Tesimo - Società Cooperativa,CI,Italy,LSI,,,false,false,keine_gruppe_bekannt,
8156008A10714BD8A356,Cassa Raiffeisen Tirolo - Società Cooperativa,CI,Italy,LSI,,,false,false,keine_gruppe_bekannt,
8156008B43CE788F4932,Banca Agricola Popolare di Sicilia,CI,Italy,LSI,,,true,false,meldet_selbst,
8156008B44EE7E841919,Cassa Raiffeisen di Scena - Società Cooperativa,CI,Italy,LSI,,,false,false,keine_gruppe_bekannt,
8156008C6AD59E236F76,Banca Finanziaria Internazionale S.p.A.,CI,Italy,LSI,,,false,false,keine_gruppe_bekannt,
8156008FC57F3F707049,Ente Cambiano Società Cooperativa per Azioni,FH,Italy,LSI,,,true,false,meldet_selbst,
815600903231FA2E7698,Banca Generali S.p.A.,CI,Italy,LSI,,,true,false,meldet_selbst,
815600914B5015427B51,Zurich Italy Bank Spa,CI,Italy,LSI,,,true,false,meldet_selbst,
81560091FE0AABE37693,Banca Progetto S.p.A.,CI,Italy,LSI,,,false,false,keine_gruppe_bekannt,
8156009C2617D40C6616,Banca Simetica S.p.A.,CI,Italy,LSI,,,false,false,keine_gruppe_bekannt,
8156009D703BF86C6880,Banca del Piemonte S.p.A.,CI,Italy,LSI,,,false,false,keine_gruppe_bekannt,
8156009F40F6523F7022,Blu Banca S.p.A.,CI,Italy,LSI,,,false,false,keine_gruppe_bekannt,
815600A029117B20DD63,Illimity Bank S.p.A.,CI,Italy,LSI,,,true,false,meldet_selbst,
815600A069BDDE109726,Brianza Unione di Luigi Gavazzi e Stefano Lado s.a.p.a.,FH,Italy,LSI,,,false,false,keine_gruppe_bekannt,
815600A32DA05F693F24,La Cassa di Ravenna,CI,Italy,LSI,,,true,false,meldet_selbst,
815600A7750749C5B936,Cassa Raiffeisen Bassa Vall'Isarco - Società Cooperativa,CI,Italy,LSI,,,false,false,keine_gruppe_bekannt,
815600ABAF070809E103,Next.us Investments S.p.A.,FH,Italy,LSI,,,false,false,keine_gruppe_bekannt,
815600ACC18A758ADE66,Istituto per il credito sportivo e culturale S.p.A.,CI,Italy,LSI,,,false,false,keine_gruppe_bekannt,
815600AD89DF97D4E863,Banca di Sconto e Conti Correnti di Santa Maria Capua Vetere S.p.A.,CI,Italy,LSI,,,false,false,keine_gruppe_bekannt,
815600B1404758062D36,Cassa di Risparmio di Fossano S.p.A.,CI,Italy,LSI,,,false,false,keine_gruppe_bekannt,
815600B2D418492C9810,Cassa Raiffeisen Val Sarentino - Società Cooperativa,CI,Italy,LSI,,,false,false,keine_gruppe_bekannt,
815600B43BECA3919584,Banca Promos S.p.A.,CI,Italy,LSI,,,true,false,meldet_selbst,
815600B5C61A10BBB451,Banca Sistema S.p.A.,CI,Italy,LSI,,,true,false,meldet_selbst,
815600B6B356EC776E54,Cassa di Risparmio di Volterra S.p.A.,CI,Italy,LSI,,,true,false,meldet_selbst,
815600BE39854E0C9485,Cassa Raiffeisen della Val Passiria - Società Cooperativa,CI,Italy,LSI,,,false,false,keine_gruppe_bekannt,
815600BEE9123CD92E12,Banca Valsabbina - Società Cooperativa per Azioni,CI,Italy,LSI,,,true,false,meldet_selbst,
815600C00ED59A620D80,Banca CF+ Credito Fondiario S.p.A.,CI,Italy,LSI,,,false,false,keine_gruppe_bekannt,
815600C3FCF92D6F0066,Smart Bank Spa,CI,Italy,LSI,,,false,false,keine_gruppe_bekannt,
815600C6F7496F9B4023,VIVIBANCA SOCIETA' PER AZIONI,CI,Italy,LSI,,,false,false,keine_gruppe_bekannt,
815600CCA0900A16F311,Banca di Piacenza s.c.p.a.,CI,Italy,LSI,,,false,false,keine_gruppe_bekannt,
815600CD21E818779138,Banca Popolare Commerciale Spa,CI,Italy,LSI,,,false,false,keine_gruppe_bekannt,
815600D852A98169B612,Banca Reale S.p.A.,CI,Italy,LSI,,,false,false,keine_gruppe_bekannt,
815600DA9F0ECED74912,Banca Popolare di Cortona - Società Cooperativa per Azioni,CI,Italy,LSI,,,false,false,keine_gruppe_bekannt,
815600DBB2D8C83A6490,Prader Bank S.p.A.,CI,Italy,LSI,,,false,false,keine_gruppe_bekannt,
815600DCFAAFA1726C37,Cassa Raiffeisen Ultimo San Pancrazio Lauregno - Società Cooperativa,CI,Italy,LSI,,,false,false,keine_gruppe_bekannt,
815600DEE22D520C8779,Ersel Investimenti S.p.A,FH,Italy,LSI,,,false,false,keine_gruppe_bekannt,
815600DFA5DD8CBFD155,Cassa Raiffeisen di Funes - Società Cooperativa,CI,Italy,LSI,,,false,false,keine_gruppe_bekannt,
815600E3F300B91FB996,BP Holding S.p.A.,FH,Italy,LSI,,,false,false,keine_gruppe_bekannt,
815600E5ACA8DECB5C45,Banca Stabiese S.p.A.,CI,Italy,LSI,,,false,false,keine_gruppe_bekannt,
815600E834970DF7E894,Banca Popolare del Cassinate - Società Cooperativa per Azioni,CI,Italy,LSI,,,false,false,keine_gruppe_bekannt,
815600E9517D4E7BB596,CONFIENZA PARTECIPAZIONI SPA,FH,Italy,LSI,,,false,false,keine_gruppe_bekannt,
815600EB9E6DCD050385,Banca Passadore & C S.p.A.,CI,Italy,LSI,,,false,false,keine_gruppe_bekannt,
815600F24AE25C9D1B94,MAURIZIO SELLA S.A.P.A.,FH,Italy,LSI,,,true,false,meldet_selbst,
815600F443DE75A69A95,Cassa di Risparmio di Orvieto S.p.A.,CI,Italy,LSI,,,false,false,keine_gruppe_bekannt,
815600F64EEB5857A007,Sanfelice 1893 Banca Popolare - Società Cooperativa per Azioni,CI,Italy,LSI,,,false,false,keine_gruppe_bekannt,
815600F8D9C4BCC86943,Banca di Imola S.p.A.,CI,Italy,LSI,,,false,false,keine_gruppe_bekannt,
815600FDD3EB3EA03194,Banca Popolare del Lazio - Società Cooperativa,CI,Italy,LSI,,,true,false,meldet_selbst,
815600FE947DA0D03B37,Ersel SpA,CI,Italy,LSI,,,false,false,keine_gruppe_bekannt,
815600FF506562CD6332,Banco di Lucca e del Tirreno S.p.A.,CI,Italy,LSI,,,false,false,keine_gruppe_bekannt,
894500JWA2RPQOLJEB59,Banca AideXa S.p.A.,CI,Italy,LSI,,,false,false,keine_gruppe_bekannt,
894500ZYWSAUQQNWC396,AideXa Holding Spa,FH,Italy,LSI,,,false,false,keine_gruppe_bekannt,
9845005T72ED7965EE71,Cirdan Group Spa,FH,Italy,LSI,,,false,false,keine_gruppe_bekannt,
RRAN7P32P0W0YY4XQW79,Banca Profilo S.p.A.,CI,Italy,LSI,,,false,false,keine_gruppe_bekannt,
RY3KI4Q2655O2GIL8D68,Banca Investis SpA,CI,Italy,LSI,,,true,false,meldet_selbst,
2138007F5HA5FFJROB80,Akciju sabiedrība “Rietumu Banka”,CI,Latvia,LSI,,,true,false,meldet_selbst,
213800M5SZU3KLAROZ16,"AS ""Industra Bank""",CI,Latvia,LSI,,,false,false,keine_gruppe_bekannt,
2534005A84927EKSR789,Signet Bank AS,CI,Latvia,LSI,,,true,false,meldet_selbst,
259400YE9CCQBVY41L71,AS Magnetiq Bank,CI,Latvia,LSI,,,false,false,keine_gruppe_bekannt,
54930080G2M7EJ097A27,BluOr Bank AS,CI,Latvia,LSI,,,true,false,meldet_selbst,
549300OMTXWX1144LP69,Akciju sabiedrība “Reģionālā investīciju banka”,CI,Latvia,LSI,,,true,false,meldet_selbst,
875500LY35QI0UMK4S27,AS Indexo Banka,CI,Latvia,LSI,,,false,false,keine_gruppe_bekannt,
2138009QCHFQV9RC4R40,Lietuvos centrinė kredito unija,CI,Lithuania,LSI,,,false,false,keine_gruppe_bekannt,
213800Q3LL8GBWJG4S51,"RATO bankas, UAB",CI,Lithuania,LSI,,,false,false,keine_gruppe_bekannt,
254900TRQWSAA6UDK962,European Merchant Bank UAB,CI,Lithuania,LSI,,,false,false,keine_gruppe_bekannt,
254900W0G52CQ1IR6M11,"EUROPEAN MERCHANT BANK HOLDINGS, UAB",FH,Lithuania,LSI,,,false,false,keine_gruppe_bekannt,
254900WRGB5SQ6J5AA39,Jungtinė centrinė kredito unija,CI,Lithuania,LSI,,,false,false,keine_gruppe_bekannt,
254900YVGU26JCGZZC63,"AB ""Mano bankas""",CI,Lithuania,LSI,,,false,false,keine_gruppe_bekannt,
485100FX50949IOAEH74,AS Finora Capital,FH,Lithuania,LSI,,,false,false,keine_gruppe_bekannt,
529900F2SC8ANS0A2T76,Urbo bankas UAB,CI,Lithuania,LSI,,,false,false,keine_gruppe_bekannt,
549300GGZN1RFPRZS880,UAB „General Financing“,CI,Lithuania,LSI,,,false,false,keine_gruppe_bekannt,
743700T2ONA8U8JGHQ94,Saldo Finance Oy,FH,Lithuania,LSI,,,false,false,keine_gruppe_bekannt,
9845004E0E10867HE985,AB „Fjord bank“,CI,Lithuania,LSI,,,false,false,keine_gruppe_bekannt,
98450054B3A4E77E8918,Finora Bank UAB,CI,Lithuania,LSI,,,false,false,keine_gruppe_bekannt,
9845005757A65BA03A74,UAB SME BANK,CI,Lithuania,LSI,,,false,false,keine_gruppe_bekannt,
9845006CN8E2E13FJD87,Saldo bank UAB,CI,Lithuania,LSI,,,false,false,keine_gruppe_bekannt,
2138002PVBMEHILJ1340,Mitsubishi UFJ Investor Services and Banking (Luxembourg) S.A.,CI,Luxembourg,LSI,,,true,false,meldet_selbst,
2138008NIGAE2J88SS10,Moneyball Bidco S.à.r.l.,FH,Luxembourg,LSI,,,false,false,keine_gruppe_bekannt,
213800GJ8AMH81X15R87,GGC LUX ASSET LIMITED S.À R.L.,FH,Luxembourg,LSI,,,false,false,keine_gruppe_bekannt,
213800JQ3ZED2VM5WX46,DNB Luxembourg S.A.,CI,Luxembourg,LSI,,,false,false,keine_gruppe_bekannt,
213800TSGJJYUVT63S61,GGC LUX ASSET HOLDING S.A R.L.,FH,Luxembourg,LSI,,,false,false,keine_gruppe_bekannt,
213800UIIZ6YSEQB5S26,Clearstream Fund Centre Holding S.A.,FH,Luxembourg,LSI,,,true,false,meldet_selbst,
213800W1NGBLERUS6M39,Banking Circle S.A.,CI,Luxembourg,LSI,,,false,false,keine_gruppe_bekannt,
213800WWXEKESBPXGZ44,Brown Brothers Harriman (Luxembourg) Holdings S.à r.l.,FH,Luxembourg,LSI,,,false,false,keine_gruppe_bekannt,
22210018MLEVW7CTGU78,China Everbright Bank (Europe) S.A.,CI,Luxembourg,LSI,,,false,false,keine_gruppe_bekannt,
222100F32NUKGGEIT751,Rakuten Europe Bank S.A.,CI,Luxembourg,LSI,,,false,false,keine_gruppe_bekannt,
222100OBGR5ZZKQ35B98,EFG Investment (Luxembourg) S.A.,FH,Luxembourg,LSI,,,false,false,keine_gruppe_bekannt,
222100QBJIL53AS12W25,Clearstream Fund Centre S.A.,CI,Luxembourg,LSI,,,false,false,keine_gruppe_bekannt,
222100TOUO3GLDBU6H74,RiverBank S.A.,CI,Luxembourg,LSI,,,false,false,keine_gruppe_bekannt,
222100V03Y766EM5TZ83,Brown Brothers Harriman (Luxembourg) S.C.A.,CI,Luxembourg,LSI,,,true,false,meldet_selbst,
5299000YBKNGBUB4VF56,European Depositary Bank S.A.,CI,Luxembourg,LSI,,,false,false,keine_gruppe_bekannt,
5299003Q12XE3DN7X166,BTG Pactual Europe S.A.,CI,Luxembourg,LSI,,,false,false,keine_gruppe_bekannt,
529900KX5X9VXOSTUU71,Delen Private Bank Luxembourg S.A.,CI,Luxembourg,LSI,,,false,false,keine_gruppe_bekannt,
529900LKIMB57HKF3545,Bank of China (Europe) SA,CI,Luxembourg,LSI,,,true,false,meldet_selbst,
529900NJ5WS5MV6QWA29,Bank of Communications (Luxembourg) S.A.,CI,Luxembourg,LSI,,,false,false,keine_gruppe_bekannt,
529900OKPZTTS50FXP26,Advanzia Bank S.A.,CI,Luxembourg,LSI,,,true,false,meldet_selbst,
529900Q5Z3L25N2MD382,"Industrial and Commercial Bank of China (Europe) S.A., en abrégé ICBC (Europe) S.A.",CI,Luxembourg,LSI,,,false,false,keine_gruppe_bekannt,
529900U5XAEYOT68AC40,EFG Bank (Luxembourg) S.A.,CI,Luxembourg,LSI,,,true,false,meldet_selbst,
529900VVDOKMRRAHZ894,Bank GPB International S.A.,CI,Luxembourg,LSI,,,true,false,meldet_selbst,
5493000Z65DBUM625D68,Agricultural Bank of China (Luxembourg) S.A.,CI,Luxembourg,LSI,,,false,false,keine_gruppe_bekannt,
5493002K643MZPQEK497,Banco Bradesco Europa S.A.,CI,Luxembourg,LSI,,,true,false,meldet_selbst,
5493003RJ3TPV33W0108,Union Bancaire Privée (Europe) S.A.,CI,Luxembourg,LSI,,,true,false,meldet_selbst,
5493004H6N0F0BB9H184,CIBC Capital Markets (Europe) SA,CI,Luxembourg,LSI,,,false,false,keine_gruppe_bekannt,
5493006HBFVH9VZS2619,Andbank Luxembourg,CI,Luxembourg,LSI,,,false,false,keine_gruppe_bekannt,
5493007QRSX9DS2CM858,China Construction Bank (Europe) S.A.,CI,Luxembourg,LSI,,,true,false,meldet_selbst,
5493009T9IBHZZKFR082,Edmond de Rothschild (Europe),CI,Luxembourg,LSI,,,false,false,keine_gruppe_bekannt,
549300D7SF4JSQDV7040,Mirabaud & Cie (Europe) S.A.,CI,Luxembourg,LSI,,,true,false,meldet_selbst,
549300F7FBD744MEP844,Banque Raiffeisen,CI,Luxembourg,LSI,,,true,false,meldet_selbst,
549300FKMQ4CQTPLCI28,VP Bank (Luxembourg) S.A.,CI,Luxembourg,LSI,,,false,false,keine_gruppe_bekannt,
549300M2IHOB9P5WE714,Swissquote Bank Europe S.A.,CI,Luxembourg,LSI,,,true,false,meldet_selbst,
549300OL514RA0SXJJ44,Clearstream Banking S.A.,CI,Luxembourg,LSI,,,true,false,meldet_selbst,
549300OULZAEQLPNTL63,Société Nationale de Crédit et d'Investissement,CI,Luxembourg,LSI,,,false,false,keine_gruppe_bekannt,
549300PCJ8MHC4BRHN98,J. Safra Holdings Luxembourg S.à.r.l.,FH,Luxembourg,LSI,,,false,false,keine_gruppe_bekannt,
549300Q07MBS1SDQGK54,March Capital Holding S.à. r.l.,FH,Luxembourg,LSI,,,false,false,keine_gruppe_bekannt,
549300SI0RO37NRYM538,Bemo Europe - Banque Privee,CI,Luxembourg,LSI,,,false,false,keine_gruppe_bekannt,
549300SJDJCST6RZEI60,Sumitomo Mitsui Trust Bank (Luxembourg) S.A.,CI,Luxembourg,LSI,,,false,false,keine_gruppe_bekannt,
549300Z6OB1D4ZUBD145,Banque de Patrimoines Privés,CI,Luxembourg,LSI,,,false,false,keine_gruppe_bekannt,
549300ZBZQ6M21ZGGY79,China Merchants Bank (Europe) S.A.,CI,Luxembourg,LSI,,,true,false,meldet_selbst,
549300ZOE0EU2VKF6M35,Lombard Odier (Europe) S.A.,CI,Luxembourg,LSI,,,true,false,meldet_selbst,
549300ZV1RSA9F0LU821,"PayPal (Europe) S.à r.l. et Cie, S.C.A.",CI,Luxembourg,LSI,,,false,false,keine_gruppe_bekannt,
636700P49XC3J16QRZ14,IRACE Digital Bank (Europe) S.A.,CI,Luxembourg,LSI,,,false,false,keine_gruppe_bekannt,
6Y69KXPE1SI1ZTYB3823,Nomura Bank (Luxembourg) S.A.,CI,Luxembourg,LSI,,,false,false,keine_gruppe_bekannt,
89450085BKPB2A2XZE44,Riverty Bank S.A.,CI,Luxembourg,LSI,,,false,false,keine_gruppe_bekannt,
894500X7FODWJ3XU2B44,PayPal 2 S.àr.l.,FH,Luxembourg,LSI,,,false,false,keine_gruppe_bekannt,
984500147BE0A7149841,Itaú Europe S.A.,CI,Luxembourg,LSI,,,false,false,keine_gruppe_bekannt,
HWIPDOTRM1EKRPKYKH81,Northern Trust Global Services SE,CI,Luxembourg,LSI,,,true,false,meldet_selbst,
KHCL65TP05J1HUW2D560,Quintet Private Bank (Europe) S.A.,CI,Luxembourg,LSI,,,false,false,keine_gruppe_bekannt,
NENLL5EWGF6RJIPK9Q81,SMBC Nikko Bank (Luxembourg) S.A.,CI,Luxembourg,LSI,,,false,false,keine_gruppe_bekannt,
QS3ZEAHRBZY9228Z0111,Bank Julius Baer Europe S.A.,CI,Luxembourg,LSI,,,true,false,meldet_selbst,
RUOKPID0PZ0UWJYU9J61,John Deere Bank S.A.,CI,Luxembourg,LSI,,,true,false,meldet_selbst,
VVTM7QTMTM782I8PXM66,Banque J. Safra Sarasin (Luxembourg) SA,CI,Luxembourg,LSI,,,false,false,keine_gruppe_bekannt,
21380033CFFM2V1ZCK65,Sparkasse (Holdings) Malta Ltd.,FH,Malta,LSI,,,true,false,meldet_selbst,
2138003IGGAUDLPNC244,Izola Bank plc,CI,Malta,LSI,,,true,false,meldet_selbst,
2138005G19GJFZLMU242,The Access Bank Malta Limited,CI,Malta,LSI,,,false,false,keine_gruppe_bekannt,
21380099RT73NFBYS559,Sparkasse Bank Malta plc,CI,Malta,LSI,,,false,false,keine_gruppe_bekannt,
213800A1O379I6DMCU10,APS Bank plc,CI,Malta,LSI,,,true,false,meldet_selbst,
213800AG2O5GBXZTUR16,Lidion Holding P.L.C.,FH,Malta,LSI,,,false,false,keine_gruppe_bekannt,
213800BJFRCI88UOLL93,Lidion Bank Plc,CI,Malta,LSI,,,false,false,keine_gruppe_bekannt,
213800DH6UHCSVBP7F78,Novum Bank Ltd,CI,Malta,LSI,,,false,false,keine_gruppe_bekannt,
213800P1ESY8L87G5412,The Access Group Malta Holdings Limited,FH,Malta,LSI,,,false,false,keine_gruppe_bekannt,
213800SGT5S6EKUW2987,Multitude Bank p.l.c,CI,Malta,LSI,,,true,false,meldet_selbst,
213800ZOI1EW481WPV90,FCM Bank Ltd,CI,Malta,LSI,,,true,false,meldet_selbst,
5299000F1CGJQ8NAXQ58,Merkanti Bank Limited,CI,Malta,LSI,,,true,false,meldet_selbst,
529900Q2C3I7VCILLG45,FIMBank plc,CI,Malta,LSI,,,true,false,meldet_selbst,
529900UIRB65OY6U4B21,Lombard Bank Malta plc,CI,Malta,LSI,,,true,false,meldet_selbst,
5493006Z4NTMNDDBGL49,ECCM Bank plc,CI,Malta,LSI,,,true,false,meldet_selbst,
549300KOORG6SN9LMO68,IIG Bank (Malta) Ltd,CI,Malta,LSI,,,true,false,meldet_selbst,
549300TEJKOLFN65KR76,BNF BANK PLC,CI,Malta,LSI,,,true,false,meldet_selbst,
894500RAHVAOLBIL5A27,Banasino Investments LTD,FH,Malta,LSI,,,false,false,keine_gruppe_bekannt,
54930050SE0SM7CM2G07,MUFG Securities (Europe) N.V.,CI-B,Netherlands,LSI,,,false,false,keine_gruppe_bekannt,
5493009SXBGGW7I37Y31,Yapi Kredi Bank Nederland N.V.,CI,Netherlands,LSI,,,false,false,keine_gruppe_bekannt,
549300MI5UQ6RJI14N25,DHB Bank N.V.,CI,Netherlands,LSI,,,false,false,keine_gruppe_bekannt,
549300SGF4BS54YG8M65,Citco Bank Nederland N.V.,CI,Netherlands,LSI,,,true,false,meldet_selbst,
7245002ZUXNOEJ0QPZ44,bunq B.V.,CI,Netherlands,LSI,,,false,false,keine_gruppe_bekannt,
7245003N6YDAVXGJF191,Norinchukin Europe N.V.,CI,Netherlands,LSI,,,false,false,keine_gruppe_bekannt,
724500973ODKK3IFQ447,Adyen N.V.,CI,Netherlands,LSI,,,true,false,meldet_selbst,
72450097ZHDI6WRF4669,Bank Ten Cate & Cie. N.V.,CI,Netherlands,LSI,,,false,false,keine_gruppe_bekannt,
724500AAT1DK36059L16,Commonwealth Bank of Australia (Europe) N.V.,CI,Netherlands,LSI,,,false,false,keine_gruppe_bekannt,
724500AH42V5X8BCPE49,Achmea Bank N.V.,CI,Netherlands,LSI,,,true,false,meldet_selbst,
724500BICUQ0LF1AH770,Nationale-Nederlanden Bank N.V.,CI,Netherlands,LSI,,,true,false,meldet_selbst,
724500D8WOYCL1BUCB80,Van Lanschot Kempen N.V.,CI,Netherlands,LSI,,,true,false,meldet_selbst,
724500EAW1MTCM9M1X68,ClearBank Europe N.V,CI,Netherlands,LSI,,,false,false,keine_gruppe_bekannt,
724500M1ZIQZJC3F2D30,Brand New Day Bank N.V.,CI,Netherlands,LSI,,,false,false,keine_gruppe_bekannt,
724500M4G9AVEMHMV291,bunq Holding B.V.,FH,Netherlands,LSI,,,true,false,meldet_selbst,
724500PMK2A2M1SQQ228,Triodos Bank N.V.,CI,Netherlands,LSI,,,true,false,meldet_selbst,
724500Q03K04L0479N30,MUFG Bank (Europe) N.V.,CI,Netherlands,LSI,,,true,false,meldet_selbst,
724500SF1CI8OD5AHI07,HCBG Holding B.V.,FH,Netherlands,LSI,,,true,false,meldet_selbst,
724500UA5TG3UX5EOH17,Oreades Holding B.V.,FH,Netherlands,LSI,,,false,false,keine_gruppe_bekannt,
724500XMW8FY9YNPRJ73,CEG N.V.,FH,Netherlands,LSI,,,false,false,keine_gruppe_bekannt,
724500XZ93IG66UJXZ88,Brand New Day Houdstermaatschappij N.V.,FH,Netherlands,LSI,,,false,false,keine_gruppe_bekannt,
724500ZNT2I60RYZQI38,Anadolubank Nederland N.V.,CI,Netherlands,LSI,,,true,false,meldet_selbst,
724500ZSA7ZOZHUXBS53,Mizuho Bank Europe NV,CI,Netherlands,LSI,,,false,false,keine_gruppe_bekannt,
B64D6Y3LBJS4ANNPCU93,NIBC Bank N.V.,CI,Netherlands,LSI,,,true,false,meldet_selbst,
P2HWO703XN8TPXCGU747,Nexent Bank N.V.,CI,Netherlands,LSI,,,false,false,keine_gruppe_bekannt,
XTC5E2QFTEF0435JWL77,Nederlandse Financierings-Maatschappij voor Ontwikkelingslanden N.V.,CI,Netherlands,LSI,,,true,false,meldet_selbst,
2138003Z5ZVN16GFYV70,"Banco Finantia, SA",CI,Portugal,LSI,,,true,false,meldet_selbst,
2138004FIUXU3B2MR537,"Caixa Económica Montepio Geral, Caixa Económica Bancária, SA",CI,Portugal,LSI,,,true,false,meldet_selbst,
21380061NK7EDRA9BS34,"BANCO ATLÂNTICO EUROPA, SA",CI,Portugal,LSI,,,false,false,keine_gruppe_bekannt,
213800AQ53KT5ACALQ54,"BNI - Banco de Negócios Internacional (Europa), S.A.",CI,Portugal,LSI,,,false,false,keine_gruppe_bekannt,
213800CQ92347ZCS9V73,"Atlantico Europa, SGPS, SA",FH,Portugal,LSI,,,true,false,meldet_selbst,
213800FVJ6R9N8797493,"Banco Português de Gestão, SA",CI,Portugal,LSI,,,false,false,keine_gruppe_bekannt,
213800GRWA67I8Q8O524,"Montepio Investimento, SA",CI,Portugal,LSI,,,false,false,keine_gruppe_bekannt,
213800IDTFN19XBEAA74,"321 Crédito - Instituição Financeira de Crédito, SA",CI,Portugal,LSI,,,false,false,keine_gruppe_bekannt,
213800KYUPNOQPAQL758,"Banco de Investimento Global, SA",CI,Portugal,LSI,,,true,false,meldet_selbst,
213800RDQFSFWKF4WN83,"Montepio Crédito - Instituição Financeira de Crédito, SA",CI,Portugal,LSI,,,false,false,keine_gruppe_bekannt,
213800UFLAA5SS55IZ10,"Banco L.J. Carregosa, SA",CI,Portugal,LSI,,,false,false,keine_gruppe_bekannt,
5299000ZJDP5ALCINY37,"Caixa de Crédito Agrícola Mútuo Terras do Arade, CRL",CI,Portugal,LSI,,,false,false,keine_gruppe_bekannt,
529900158NB37MKMD514,"Caixa de Crédito Agrícola Mútuo do Alto Cávado e Basto, CRL",CI,Portugal,LSI,,,false,false,keine_gruppe_bekannt,
529900193J8MGELZQH88,"Caixa de Crédito Agrícola Mútuo da Costa Azul, CRL",CI,Portugal,LSI,,,false,false,keine_gruppe_bekannt,
5299001E2RBMBR6CO685,"Caixa de Crédito Agrícola Mútuo da Região do Fundão e Sabugal, CRL",CI,Portugal,LSI,,,false,false,keine_gruppe_bekannt,
5299001SP39ZRG7YF519,"Caixa de Crédito Agrícola Mútuo de Torres Vedras, CRL",CI,Portugal,LSI,,,false,false,keine_gruppe_bekannt,
5299001VVTS0OR13UE44,"Caixa de Crédito Agrícola Mútuo de Moravis, CRL",CI,Portugal,LSI,,,false,false,keine_gruppe_bekannt,
52990028P0QXN7VA6929,"Caixa de Crédito Agrícola Mútuo do Médio Ave, CRL",CI,Portugal,LSI,,,false,false,keine_gruppe_bekannt,
529900325M28T7RZL148,"Caixa de Crédito Agrícola Mútuo de Cantanhede e Mira, CRL",CI,Portugal,LSI,,,false,false,keine_gruppe_bekannt,
5299003S1UGBUIVF4U10,"Caixa de Crédito Agrícola Mútuo de Alenquer, CRL",CI,Portugal,LSI,,,false,false,keine_gruppe_bekannt,
5299003U22HD3CJW4R79,"Caixa de Crédito Agrícola Mútuo de Terras de Santa Maria, CRL",CI,Portugal,LSI,,,false,false,keine_gruppe_bekannt,
52990043CAKJFZ4R4A67,"Caixa de Crédito Agrícola Mútuo da Batalha, CRL",CI,Portugal,LSI,,,false,false,keine_gruppe_bekannt,
5299004DR3G6E9R62Z97,"Caixa de Crédito Agrícola Mútuo da Costa Verde, CRL",CI,Portugal,LSI,,,false,false,keine_gruppe_bekannt,
5299004F22IYFGT4IX95,"Caixa de Crédito Agrícola Mútuo do Ribatejo Norte e Tramagal, CRL",CI,Portugal,LSI,,,false,false,keine_gruppe_bekannt,
5299004GUEBPVDAPHD87,"Caixa de Crédito Agrícola Mútuo de Pernes e Alcanhões, CRL",CI,Portugal,LSI,,,false,false,keine_gruppe_bekannt,
5299004OXVHH0LDR6Z86,"Caixa de Crédito Agrícola Mútuo de Oliveira do Bairro, Albergaria e Sever, CRL",CI,Portugal,LSI,,,false,false,keine_gruppe_bekannt,
5299005JQVTW9A92U126,"Caixa de Crédito Agrícola Mútuo de Albufeira, CRL",CI,Portugal,LSI,,,false,false,keine_gruppe_bekannt,
52990064L6QGPUG6UF26,"Caixa de Crédito Agrícola Mútuo do Nordeste Alentejano, CRL",CI,Portugal,LSI,,,false,false,keine_gruppe_bekannt,
529900672QYU488DPK10,"Caixa de Crédito Agrícola Mútuo de Vagos, CRL",CI,Portugal,LSI,,,false,false,keine_gruppe_bekannt,
5299006GQIG07C8AWL22,"Caixa de Crédito Agrícola Mútuo de Entre Tejo e Sado, CRL",CI,Portugal,LSI,,,false,false,keine_gruppe_bekannt,
5299006HCTM18K17F582,"Caixa de Crédito Agrícola Mútuo da Bairrada e Aguieira, CRL",CI,Portugal,LSI,,,false,false,keine_gruppe_bekannt,
5299006HIBV3ENUMQB84,"Caixa de Crédito Agrícola Mútuo da Serra da Estrela, CRL",CI,Portugal,LSI,,,false,false,keine_gruppe_bekannt,
5299007A95DA5TDM6J20,"Caixa de Crédito Agrícola Mútuo da Área Metropolitana do Porto, CRL",CI,Portugal,LSI,,,false,false,keine_gruppe_bekannt,
52990085ZBDCZFT11N42,"Caixa de Crédito Agrícola Mútuo do Vale do Távora e Douro, CRL",CI,Portugal,LSI,,,false,false,keine_gruppe_bekannt,
5299008FEH4GQXGZNP50,"Banco CTT, SA",CI,Portugal,LSI,,,true,false,meldet_selbst,
5299008LGNLFDUJTY435,"Caixa de Crédito Agrícola Mútuo de Caldas da Rainha, Óbidos e Peniche, CRL",CI,Portugal,LSI,,,false,false,keine_gruppe_bekannt,
5299009QUXAINXGG5Y38,"Caixa de Crédito Agrícola Mútuo da Beira Baixa (Sul), CRL",CI,Portugal,LSI,,,false,false,keine_gruppe_bekannt,
529900A0JXPJ13W21A35,"Caixa de Crédito Agrícola Mútuo da Zona do Pinhal, CRL",CI,Portugal,LSI,,,false,false,keine_gruppe_bekannt,
529900APHE0ZS207UT92,"Caixa de Crédito Agrícola Mútuo de Terras do Sousa, Ave, Basto e Tâmega, CRL",CI,Portugal,LSI,,,false,false,keine_gruppe_bekannt,
529900AW1JIV1SVPMP75,"Caixa de Crédito Agrícola Mútuo de Vila Verde e de Terras do Bouro, CRL",CI,Portugal,LSI,,,false,false,keine_gruppe_bekannt,
529900B0GL23LT7DB925,"Caixa de Crédito Agrícola Mútuo Beira Douro e Lafões, CRL",CI,Portugal,LSI,,,false,false,keine_gruppe_bekannt,
529900BFZ0STE7599K29,"Caixa de Crédito Agrícola Mútuo do Vale do Sousa e Baixo Tâmega, CRL",CI,Portugal,LSI,,,false,false,keine_gruppe_bekannt,
529900BRBW4RX4I7RX91,"Caixa de Crédito Agrícola Mútuo de Sobral de Monte Agraço, CRL",CI,Portugal,LSI,,,false,false,keine_gruppe_bekannt,
529900BRJ8BQOVDKRN91,"Caixa de Crédito Agrícola Mútuo de Estremoz, Monforte e Arronches, CRL",CI,Portugal,LSI,,,false,false,keine_gruppe_bekannt,
529900BV3ED04UXBGC63,"Caixa de Crédito Agrícola Mútuo de Paredes, CRL",CI,Portugal,LSI,,,false,false,keine_gruppe_bekannt,
529900CAP12S8RQR5F43,"Caixa de Crédito Agrícola Mútuo do Alentejo Central, CRL",CI,Portugal,LSI,,,false,false,keine_gruppe_bekannt,
529900CFBJM67NWEYP17,"Caixa de Crédito Agrícola Mútuo de Lourinhã, CRL",CI,Portugal,LSI,,,false,false,keine_gruppe_bekannt,
529900DGVHSAPRLW4X22,"Caixa de Crédito Agrícola Mútuo da Terra Quente, CRL",CI,Portugal,LSI,,,false,false,keine_gruppe_bekannt,
529900DZ9N4A6AHF2L51,"Alves Ribeiro - Investimentos Financeiros, SGPS, SA",FH,Portugal,LSI,,,false,false,keine_gruppe_bekannt,
529900E51UW9ASFR1M54,"Caixa de Crédito Agrícola Mútuo do Guadiana Interior, CRL",CI,Portugal,LSI,,,false,false,keine_gruppe_bekannt,
529900E9Q99QK3X48Y97,"Caixa de Crédito Agrícola Mútuo Centro Litoral, CRL",CI,Portugal,LSI,,,false,false,keine_gruppe_bekannt,
529900F8SM5DSI8SIX44,"Caixa de Crédito Agrícola Mútuo do Douro e Côa, CRL",CI,Portugal,LSI,,,false,false,keine_gruppe_bekannt,
529900FCY3D46FAV5S83,"Caixa de Crédito Agrícola Mútuo de Trás-os-Montes e Alto Douro, CRL",CI,Portugal,LSI,,,false,false,keine_gruppe_bekannt,
529900FTGNJN54EMOI32,"Caixa de Crédito Agrícola Mútuo de Cadaval, CRL",CI,Portugal,LSI,,,false,false,keine_gruppe_bekannt,
529900GZL0HS66P9SW37,"Banco Invest, SA",CI,Portugal,LSI,,,false,false,keine_gruppe_bekannt,
529900H2MBEC07BLTB26,"Caixa Central - Caixa Central de Crédito Agrícola Mútuo, CRL",CI,Portugal,LSI,,,false,false,keine_gruppe_bekannt,
529900HX3S97OG0UXI77,"Caixa de Crédito Agrícola Mútuo Beira Centro, CRL",CI,Portugal,LSI,,,false,false,keine_gruppe_bekannt,
529900IFOV8G8BM9KY92,"Caixa de Crédito Agrícola Mútuo do Vale do Dão e Alto Vouga, CRL",CI,Portugal,LSI,,,false,false,keine_gruppe_bekannt,
529900IZOGZBSRWDAF64,"Caixa de Crédito Agrícola Mútuo de Oliveira de Azeméis e Estarreja, CRL",CI,Portugal,LSI,,,false,false,keine_gruppe_bekannt,
529900JIGBOPYQZJFO73,"Caixa de Crédito Agrícola Mútuo do Baixo Mondego, CRL",CI,Portugal,LSI,,,false,false,keine_gruppe_bekannt,
529900JOIRL0FS9WLA04,"Caixa de Crédito Agrícola Mútuo do Sotavento Algarvio, CRL",CI,Portugal,LSI,,,false,false,keine_gruppe_bekannt,
529900JPEF7B80TZK038,"Caixa de Crédito Agrícola Mútuo de Aljustrel e Almodôvar, CRL",CI,Portugal,LSI,,,false,false,keine_gruppe_bekannt,
529900JU1K99OFBC8F57,"Caixa de Crédito Agrícola Mútuo dos Açores, CRL",CI,Portugal,LSI,,,false,false,keine_gruppe_bekannt,
529900K9Y446R13KIS14,"Caixa de Crédito Agrícola Mútuo de Vila Franca de Xira e Arruda dos Vinhos, CRL",CI,Portugal,LSI,,,false,false,keine_gruppe_bekannt,
529900L4HFEPY9SF3Y07,"Caixa de Crédito Agrícola Mútuo de Terras de Viriato, CRL",CI,Portugal,LSI,,,false,false,keine_gruppe_bekannt,
529900LRO0U4ZKKZ9S50,"Caixa de Crédito Agrícola Mútuo do Alto Douro, CRL",CI,Portugal,LSI,,,false,false,keine_gruppe_bekannt,
529900M49AZ8Y8SQIS61,"Caixa de Crédito Agrícola Mútuo de Porto de Mós, CRL",CI,Portugal,LSI,,,false,false,keine_gruppe_bekannt,
529900MDJGJ5U97MFO70,"Caixa de Crédito Agrícola Mútuo do Noroeste, CRL",CI,Portugal,LSI,,,false,false,keine_gruppe_bekannt,
529900NNB8N87IM0W623,"Caixa de Crédito Agrícola Mútuo de São Teotónio, CRL",CI,Portugal,LSI,,,false,false,keine_gruppe_bekannt,
529900OVLFF9N6WOIN54,"Caixa de Crédito Agrícola Mútuo de Azambuja, CRL",CI,Portugal,LSI,,,false,false,keine_gruppe_bekannt,
529900PL5BP5HJJ45R49,"Caixa de Crédito Agrícola Mútuo Douro e Sabor, CRL",CI,Portugal,LSI,,,false,false,keine_gruppe_bekannt,
529900Q7W9N5R4SFMH86,"Caixa de Crédito Agrícola Mútuo de Salvaterra de Magos, CRL",CI,Portugal,LSI,,,false,false,keine_gruppe_bekannt,
529900QDRMF6JEM32N12,"Caixa de Crédito Agrícola Mútuo de Loures, Sintra e Litoral, CRL",CI,Portugal,LSI,,,false,false,keine_gruppe_bekannt,
529900QI6CXEPAIZGR28,"Caixa de Crédito Agrícola Mútuo do Alentejo Sul, CRL",CI,Portugal,LSI,,,false,false,keine_gruppe_bekannt,
529900QXXRZWXWR8T730,"Caixa de Crédito Agrícola Mútuo de Póvoa de Varzim, Vila do Conde e Esposende, CRL",CI,Portugal,LSI,,,false,false,keine_gruppe_bekannt,
529900RM3U2U0K8WJJ72,"Caixa de Crédito Agrícola Mútuo do Baixo Vouga, CRL",CI,Portugal,LSI,,,false,false,keine_gruppe_bekannt,
529900TX65J1TBZ1CH94,"Caixa de Crédito Agrícola Mútuo de Coruche, CRL",CI,Portugal,LSI,,,false,false,keine_gruppe_bekannt,
529900V1QTDW78P98039,"Caixa de Crédito Agrícola Mútuo do Ribatejo Sul, CRL",CI,Portugal,LSI,,,false,false,keine_gruppe_bekannt,
529900X1SABCKDUTBW88,"Caixa de Crédito Agrícola Mútuo do Algarve, CRL",CI,Portugal,LSI,,,false,false,keine_gruppe_bekannt,
529900X83HR44SJCWA90,"Caixa de Crédito Agrícola Mútuo do Norte Alentejano, CRL",CI,Portugal,LSI,,,false,false,keine_gruppe_bekannt,
529900Y8SNYG5NMKUJ85,"Caixa de Crédito Agrícola Mútuo de Elvas, Campo Maior e Borba, CRL",CI,Portugal,LSI,,,false,false,keine_gruppe_bekannt,
529900YGPG60797THP43,"Caixa de Crédito Agrícola Mútuo de Coimbra, CRL",CI,Portugal,LSI,,,false,false,keine_gruppe_bekannt,
529900ZP9YIUQV5R7337,"Caixa de Crédito Agrícola Mútuo de Alcobaça, Cartaxo, Nazaré, Rio Maior e Santarém, CRL",CI,Portugal,LSI,,,false,false,keine_gruppe_bekannt,
5493003UL33RMW6J3449,"Caixa de Crédito Agrícola Mútuo de Leiria, CRL",CI,Portugal,LSI,,,false,false,keine_gruppe_bekannt,
549300B18L885HC51A38,"Caixa de Crédito Agrícola Mútuo de Mafra, CRL",CI,Portugal,LSI,,,false,false,keine_gruppe_bekannt,
549300GR6DZ97DTA7913,"Caixa Económica da Misericórdia de Angra do Heroísmo, Caixa Económica Bancária, S.A",CI,Portugal,LSI,,,false,false,keine_gruppe_bekannt,
549300HZOV3ENYNPCW61,"UNICRE - Instituição Financeira de Crédito, SA",CI,Portugal,LSI,,,false,false,keine_gruppe_bekannt,
549300K42HUHZN128246,"Caixa de Crédito Agrícola Mútuo de Bombarral, CRL",CI,Portugal,LSI,,,false,false,keine_gruppe_bekannt,
549300RMML7KXP6M1Y98,"Banco BAI Europa, SA",CI,Portugal,LSI,,,true,false,meldet_selbst,
549300V4H4USWZUCE073,"BISON BANK, S.A.",CI,Portugal,LSI,,,true,false,meldet_selbst,
635400IIHBCCQZXC3Y89,"SOFID - Sociedade para o Financiamento do Desenvolvimento, Instituição Financeira de Crédito, SA",CI,Portugal,LSI,,,false,false,keine_gruppe_bekannt,
959800M0CWNLUYGGTD17,"Caixa de Crédito Agrícola Mútuo da Chamusca, CRL",CI,Portugal,LSI,,,false,false,keine_gruppe_bekannt,
GDI8P8WHFH4PS5YTU851,"Haitong Bank, SA",CI,Portugal,LSI,,,true,false,meldet_selbst,
097900BEF50000000569,"Prvá stavebná sporiteľňa, a.s.",CI,Slovakia,LSI,,,true,false,meldet_selbst,
097900BELS0000005586,"Wüstenrot stavebná sporiteľňa, a.s.",CI,Slovakia,LSI,,,false,false,keine_gruppe_bekannt,
097900BFEJ0000024657,"Slovenská záručná a rozvojová banka, a.s.",CI,Slovakia,LSI,,,false,false,keine_gruppe_bekannt,
31570020000000004154,"Penta Bank, a.s.",CI,Slovakia,LSI,,,true,false,meldet_selbst,
315700K45LRKNGMUIW27,"Prima banka Slovensko, a.s.",CI,Slovakia,LSI,,,true,false,meldet_selbst,
315700H8AYJ52S9PQN11,Primorska hranilnica Vipava d.d.,CI,Slovenia,LSI,,,false,false,keine_gruppe_bekannt,
5299001PEMDU9N24CH60,Delavska Hranilnica d.d. Ljubljana,CI,Slovenia,LSI,,,true,false,meldet_selbst,
549300OBGOF2IVUD3L23,Deželna Banka Slovenije d.d.,CI,Slovenia,LSI,,,false,false,keine_gruppe_bekannt,
549300SOGU7U2WCM9D57,"Hranilnica Lon, d.d., Kranj",CI,Slovenia,LSI,,,false,false,keine_gruppe_bekannt,
213800IMKAUV5KW28586,"Renta 4 Banco, S.A.",CI,Spain,LSI,,,false,false,keine_gruppe_bekannt,
222100PG81CES7H3HZ28,Aneto S.A.R.L.,FH,Spain,LSI,,,true,false,meldet_selbst,
5493007LK0D8SKLLH161,"Banco de Depositos, S.A.",CI,Spain,LSI,,,false,false,keine_gruppe_bekannt,
5493007RT80TMKY7TO30,"Caixa de C. Dels Enginyers-C.C. Ingenieros, S.C.C.",CI,Spain,LSI,,,false,false,keine_gruppe_bekannt,
549300CM3R8O9D5Q9M94,"MORABANC, S.A.",CI,Spain,LSI,,,false,false,keine_gruppe_bekannt,
549300CQ9NLEHMRCU505,"Cecabank, S.A.",CI,Spain,LSI,,,true,false,meldet_selbst,
549300G3C8M0WXQCWH61,Caja Laboral Popular Coop. De Credito,CI,Spain,LSI,,,true,false,meldet_selbst,
549300LYFYVPUCG6SY25,"Banco Cooperativo Español, S.A.",CI,Spain,LSI,,,true,false,meldet_selbst,
549300Q17EOFMB1AGS79,"WiZink Bank, S.A.",CI,Spain,LSI,,,false,false,keine_gruppe_bekannt,
724500AG21Z9GIJE4735,WP XII Financial Holdings Cooperatief UA,FH,Spain,LSI,,,true,false,meldet_selbst,
95980020140005012943,Caja Rural de Aragon Soc. Coop. de Credito,CI,Spain,LSI,,,true,false,meldet_selbst,
95980020140005184148,"Banco Inversis, S.A.",CI,Spain,LSI,,,false,false,keine_gruppe_bekannt,
95980020140005212375,"Caja R. de Extremadura, S.C.C.",CI,Spain,LSI,,,false,false,keine_gruppe_bekannt,
95980020140005218292,"ANDBANK ESPAÑA BANCA PRIVADA, S.A.",CI,Spain,LSI,,,false,false,keine_gruppe_bekannt,
95980020140005219553,"Caja R. de Asturias, S.C.C.",CI,Spain,LSI,,,true,false,meldet_selbst,
95980020140005219844,"Caja R. de Zamora, C.C.",CI,Spain,LSI,,,false,false,keine_gruppe_bekannt,
95980020140005219941,"Caja R. de Utrera, S.C.A.C.",CI,Spain,LSI,,,false,false,keine_gruppe_bekannt,
95980020140005220038,"Caja R.R.S.Agustin de Fuente Alamo M., S.C.C.",CI,Spain,LSI,,,false,false,keine_gruppe_bekannt,
95980020140005220135,"Caja R. de Granada, S.C.C.",CI,Spain,LSI,,,true,false,meldet_selbst,
95980020140005310054,"Ruralnostra, Sociedad Cooperativa de crédito Valenciana",CI,Spain,LSI,,,false,false,keine_gruppe_bekannt,
95980020140005310927,"MYINVESTOR BANCO, S.A.",CI,Spain,LSI,,,false,false,keine_gruppe_bekannt,
95980020140005317135,"Banco Alcala, S.A.",CI,Spain,LSI,,,false,false,keine_gruppe_bekannt,
95980020140005350406,"Caja R. de Albal, C.C.V.",CI,Spain,LSI,,,false,false,keine_gruppe_bekannt,
95980020140005375335,"Caja R. del Sur, S. Coop. de Credito",CI,Spain,LSI,,,true,false,meldet_selbst,
95980020140005382222,"Caixa R. Vinaros, S.C.C.V.",CI,Spain,LSI,,,false,false,keine_gruppe_bekannt,
95980020140005385035,"MIRALTA FINANCE BANK, S.A.",CI,Spain,LSI,,,false,false,keine_gruppe_bekannt,
95980020140005388333,"EBN Banco de Negocios, S.A.",CI,Spain,LSI,,,false,false,keine_gruppe_bekannt,
95980020140005396869,Caja R. Baena Ntra. Sra. Guadalupe S.C.C.A.,CI,Spain,LSI,,,false,false,keine_gruppe_bekannt,
95980020140005396966,"Caja R. de Soria, S.C.C.",CI,Spain,LSI,,,false,false,keine_gruppe_bekannt,
95980020140005417336,"Caja R. de Teruel, S.C.C.",CI,Spain,LSI,,,false,false,keine_gruppe_bekannt,
95980020140005418403,"Caja R. de Jaen, Barcelona Y Madrid, S.C.C.",CI,Spain,LSI,,,false,false,keine_gruppe_bekannt,
95980020140005418791,"Caixa R. Benicarlo, S.C.C.V.",CI,Spain,LSI,,,false,false,keine_gruppe_bekannt,
95980020140005419373,"Singular Bank, S.A.U.",CI,Spain,LSI,,,false,false,keine_gruppe_bekannt,
95980020140005429655,"Caja R. de Salamanca, S.C.C.",CI,Spain,LSI,,,false,false,keine_gruppe_bekannt,
95980020140005436542,Caja de Ahorros Y M.P. De Ontinyent,CI,Spain,LSI,,,false,false,keine_gruppe_bekannt,
95980020140005439549,"Caja R. de Navarra, S.C.C.",CI,Spain,LSI,,,true,false,meldet_selbst,
95980020140005480580,"Caja R. de Gijon, C.C",CI,Spain,LSI,,,false,false,keine_gruppe_bekannt,
95980020140005480677,"Caixa Popular-Caixa Rural, S.C.C.V.",CI,Spain,LSI,,,false,false,keine_gruppe_bekannt,
95980020140005484654,"C.R. de Albacete, Ciudad Real Y Cuenca, S.C.C.",CI,Spain,LSI,,,true,false,meldet_selbst,
95980020140005485333,"Cajasiete, Caja Rural, S.C.C.",CI,Spain,LSI,,,false,false,keine_gruppe_bekannt,
95980020140005485430,Caja R. S. Jose de Alcora S.C.C.V.,CI,Spain,LSI,,,false,false,keine_gruppe_bekannt,
95980020140005485624,"C.R. Burgos, Fuentepelayo, Segovia Y Castelldans, S.C.C.",CI,Spain,LSI,,,false,false,keine_gruppe_bekannt,
95980020140005486594,"Caja R. S. Jose de Almassora, S.C.C.V.",CI,Spain,LSI,,,false,false,keine_gruppe_bekannt,
95980020140005487079,"Caja R. Central, S.C.C.",CI,Spain,LSI,,,false,false,keine_gruppe_bekannt,
95980020140005487855,"Banca Pueyo, S.A.",CI,Spain,LSI,,,false,false,keine_gruppe_bekannt,
95980020140005488437,"Caixa R. Galega, S.C.C.L.G.",CI,Spain,LSI,,,false,false,keine_gruppe_bekannt,
95980020140005523939,"Caja R. Ntra. Sra. La Esperanza de Onda, S.C.C.V.",CI,Spain,LSI,,,false,false,keine_gruppe_bekannt,
95980020140005551293,"Caixa R. De Lalcudia, S.C.V.C.",CI,Spain,LSI,,,false,false,keine_gruppe_bekannt,
95980020140005552166,"Eurocaja Rural, Sociedad Cooperativa de Crédito",CI,Spain,LSI,,,true,false,meldet_selbst,
95980020140005620357,"Caixa R. Dalgemesi, S.C.V.C.",CI,Spain,LSI,,,false,false,keine_gruppe_bekannt,
95980020140005621036,"Caixa Rural Les Coves De Vinroma, S.C.C.V.",CI,Spain,LSI,,,false,false,keine_gruppe_bekannt,
95980020140005651785,"Caixa R. La Vall S. Isidro, S.C.C.V.",CI,Spain,LSI,,,false,false,keine_gruppe_bekannt,
95980020140005658381,"Aresbank, S.A.",CI,Spain,LSI,,,true,false,meldet_selbst,
95980020140005772841,"CBNK BANCO DE COLECTIVOS, S.A.",CI,Spain,LSI,,,false,false,keine_gruppe_bekannt,
95980020140005844330,"Allfunds Bank, S.A.U.",CI,Spain,LSI,,,false,false,keine_gruppe_bekannt,
95980020140005925519,"Caja R. de Guissona, S.C.C.",CI,Spain,LSI,,,false,false,keine_gruppe_bekannt,
95980020140005937353,"Caja R. de Almendralejo, S.C.C.",CI,Spain,LSI,,,false,false,keine_gruppe_bekannt,
95980020140005952097,"Banco Pichincha España, S.A.",CI,Spain,LSI,,,false,false,keine_gruppe_bekannt,
95980020140005977802,"Caja R. de Villamalea, S.C.C.A. Castilla-La Mancha",CI,Spain,LSI,,,false,false,keine_gruppe_bekannt,
95980020140005992740,"Caja Rural de Nueva Carteya, Sociedad Cooperativa Andaluza de Crédito",CI,Spain,LSI,,,false,false,keine_gruppe_bekannt,
95980020140005993904,"Caja R. de Casas Ibañez, S.C.C.Castilla-La Mancha",CI,Spain,LSI,,,false,false,keine_gruppe_bekannt,
95980020140006025332,Colonya - Caixa Destalvis de Pollensa,CI,Spain,LSI,,,false,false,keine_gruppe_bekannt,
95980050FR4XC5F5QU23,"Caja R. de Cañete Torres Ntra.Sra.Del Campo,S.C.A.",CI,Spain,LSI,,,false,false,keine_gruppe_bekannt,
959800AQXRU3780MW094,"ARQUIA BANK, S.A.",CI,Spain,LSI,,,false,false,keine_gruppe_bekannt,
959800E6HNPJ9MAXMZ88,Asesores y Gestores Financieros S.A.,FH,Spain,LSI,,,false,false,keine_gruppe_bekannt,
959800LLUY30632W3189,MIRALTA HOLDING SLU,FH,Spain,LSI,,,false,false,keine_gruppe_bekannt,
959800LQ598A5RQASA61,"Banca March, S.A.",CI,Spain,LSI,,,true,false,meldet_selbst,
959800QKRKCC19MR2G52,"A&G Banco, S.A.",CI,Spain,LSI,,,false,false,keine_gruppe_bekannt,
959800R86KE31EAVRC30,Liberty Partners SL,FH,Spain,LSI,,,true,false,meldet_selbst,
959800SKLA6HLXZEYE37,"VALVORAC ITG, S.L",FH,Spain,LSI,,,false,false,keine_gruppe_bekannt,
959800STU2BCZ8XZG570,"Caja R. Nuestra Madre del Sol, S.C.A.C.",CI,Spain,LSI,,,false,false,keine_gruppe_bekannt,
959800VHSP2QBPNRF210,"Bank of Africa Europe, S.A.",CI,Spain,LSI,,,true,false,meldet_selbst,
5299000I7Y60A8273788,Santander Consumer Bank GmbH,CI,Austria,SI,5493006QMFDDMYWIAM13,"Banco Santander, S.A.",false,true,ueber_gruppe,
5299001G7RXMGFNQBO33,Sparkasse Rattenberg Bank AG,CI,Austria,SI,PQOH26KWDF7CG10L6792,Erste Group Bank AG,false,true,ueber_gruppe,
5299002O43DCLC2NJV75,Volksbank Oberösterreich AG,CI,Austria,SI,529900D4CD6DIB3CI904,Volksbank Wien AG,false,false,namensgleicher_melder,AT0000000000043000VB VOLKSBANK WIEN AG VB
5299002Q3XW9T7PSYJ07,Sparkasse Reutte AG,CI,Austria,SI,PQOH26KWDF7CG10L6792,Erste Group Bank AG,false,true,ueber_gruppe,
529900408LYNP1ETAV33,SPARKASSE FRANKENMARKT AKTIENGESELLSCHAFT,CI,Austria,SI,PQOH26KWDF7CG10L6792,Erste Group Bank AG,false,true,ueber_gruppe,
5299004LQR2P5LDTH233,Sparkasse Feldkirchen/Kärnten,CI,Austria,SI,PQOH26KWDF7CG10L6792,Erste Group Bank AG,false,true,ueber_gruppe,
5299004T81B4514RAQ13,Sparkasse Pottenstein N.Ö.,CI,Austria,SI,PQOH26KWDF7CG10L6792,Erste Group Bank AG,false,true,ueber_gruppe,
5299005F2A4SAXE4PE25,Sparkasse der Stadt Kitzbühel,CI,Austria,SI,PQOH26KWDF7CG10L6792,Erste Group Bank AG,false,true,ueber_gruppe,
5299006FZT79EKTMK255,Sparkasse Bludenz Bank AG,CI,Austria,SI,PQOH26KWDF7CG10L6792,Erste Group Bank AG,false,true,ueber_gruppe,
5299006ORDZE7VB1WT33,Sparkasse Salzkammergut AG,CI,Austria,SI,PQOH26KWDF7CG10L6792,Erste Group Bank AG,false,true,ueber_gruppe,
52990073IQ71941QXH68,Sparkasse Mittersill Bank AG,CI,Austria,SI,PQOH26KWDF7CG10L6792,Erste Group Bank AG,false,true,ueber_gruppe,
5299007CQAM6HN45CF82,Sparkasse der Gemeinde Egg,CI,Austria,SI,PQOH26KWDF7CG10L6792,Erste Group Bank AG,false,true,ueber_gruppe,
5299007FR13EUF82L493,Sparkasse der Stadt Feldkirch,CI,Austria,SI,PQOH26KWDF7CG10L6792,Erste Group Bank AG,false,true,ueber_gruppe,
52990080J4AQ0O07WO29,KREMSER BANK UND SPARKASSEN AKTIENGESELLSCHAFT,CI,Austria,SI,PQOH26KWDF7CG10L6792,Erste Group Bank AG,false,true,ueber_gruppe,
5299009MP8BA1UW56F78,Sparkasse Lambach Bank Aktiengesellschaft,CI,Austria,SI,PQOH26KWDF7CG10L6792,Erste Group Bank AG,false,true,ueber_gruppe,
529900A3V7234Q3DNK66,Sparkasse Pregarten - Unterweißenbach AG,CI,Austria,SI,PQOH26KWDF7CG10L6792,Erste Group Bank AG,false,true,ueber_gruppe,
529900AB1TM69EG83E75,Volksbank Steiermark AG,CI,Austria,SI,529900D4CD6DIB3CI904,Volksbank Wien AG,false,false,namensgleicher_melder,AT0000000000043000VB VOLKSBANK WIEN AG VB
529900AZFXT8865M6B67,Spar-Finanz Bank AG,CI,Austria,SI,PQOH26KWDF7CG10L6792,Erste Group Bank AG,false,true,ueber_gruppe,
529900CYHTDIZTXAFW51,Volksbank Tirol AG,CI,Austria,SI,529900D4CD6DIB3CI904,Volksbank Wien AG,false,false,namensgleicher_melder,AT0000000000043000VB VOLKSBANK WIEN AG VB
529900D4CD6DIB3CI904,Volksbank Wien AG,CI,Austria,SI,529900D4CD6DIB3CI904,Volksbank Wien AG,false,false,namensgleicher_melder,AT0000000000043000VB VOLKSBANK WIEN AG VB
529900ESWL1AEC189F69,Schoellerbank Aktiengesellschaft,CI,Austria,SI,549300TRUWO2CD2G5692,UniCredit S.p.A.,false,true,ueber_gruppe,
529900GPOO9ISPD1EE83,RAIFFEISENLANDESBANK NIEDERÖSTERREICH-WIEN AG,CI,Austria,SI,529900SXEWPJ1MRRX537,RAIFFEISEN-HOLDING NIEDERÖSTERREICH-WIEN registrierte Genossenschaft mit beschränkter Haftung,false,true,ueber_gruppe,
529900GXZM8IKP4S7O11,Volksbank Kärnten eG,CI,Austria,SI,529900D4CD6DIB3CI904,Volksbank Wien AG,false,false,namensgleicher_melder,AT0000000000043000VB VOLKSBANK WIEN AG VB
529900GZ42KYYPY7HZ06,Bausparkasse der österreichischen Sparkassen Aktiengesellschaft,CI,Austria,SI,PQOH26KWDF7CG10L6792,Erste Group Bank AG,false,true,ueber_gruppe,
529900HC8KY7N0HNY191,Dornbirner Sparkasse Bank AG,CI,Austria,SI,PQOH26KWDF7CG10L6792,Erste Group Bank AG,false,true,ueber_gruppe,
529900HFS7EV7VIALL43,Sparkasse Hainburg-Bruck-Neusiedl Aktiengesellschaft,CI,Austria,SI,PQOH26KWDF7CG10L6792,Erste Group Bank AG,false,true,ueber_gruppe,
529900HGWNOHNJP3D185,Tiroler Sparkasse Bankaktiengesellschaft Innsbruck,CI,Austria,SI,PQOH26KWDF7CG10L6792,Erste Group Bank AG,false,true,ueber_gruppe,
529900ICA8XQYGIKR372,BAWAG P.S.K. Bank für Arbeit und Wirtschaft und Österreichische Postsparkasse Aktiengesellschaft,CI,Austria,SI,529900S9YO2JHTIIDG38,BAWAG Group AG,false,true,ueber_gruppe,
529900IS5MUWJ3S06075,Sparkasse Haugsdorf AG,CI,Austria,SI,PQOH26KWDF7CG10L6792,Erste Group Bank AG,false,true,ueber_gruppe,
529900IZ69LR7SRU9V71,Sparkasse Bregenz Bank Aktiengesellschaft,CI,Austria,SI,PQOH26KWDF7CG10L6792,Erste Group Bank AG,false,true,ueber_gruppe,
529900JJ5V5FF6B1BP91,Sparkasse Mühlviertel-West Bank Aktiengesellschaft,CI,Austria,SI,PQOH26KWDF7CG10L6792,Erste Group Bank AG,false,true,ueber_gruppe,
529900JQ18IUYNKUIP97,Sparkasse Ried im Innkreis-Haag am Hausruck,CI,Austria,SI,PQOH26KWDF7CG10L6792,Erste Group Bank AG,false,true,ueber_gruppe,
529900JSHYRHGDZL1753,Sparkasse Neunkirchen,CI,Austria,SI,PQOH26KWDF7CG10L6792,Erste Group Bank AG,false,true,ueber_gruppe,
529900K5H0F7K9SBO784,Waldviertler Sparkasse Bank AG,CI,Austria,SI,PQOH26KWDF7CG10L6792,Erste Group Bank AG,false,true,ueber_gruppe,
529900L5GWPLRF3T6825,Sparkasse Korneuburg AG,CI,Austria,SI,PQOH26KWDF7CG10L6792,Erste Group Bank AG,false,true,ueber_gruppe,
529900L8FZJJC3JGYK56,Lienzer Sparkasse AG,CI,Austria,SI,PQOH26KWDF7CG10L6792,Erste Group Bank AG,false,true,ueber_gruppe,
529900LC50TXB405RY86,Sparkasse Herzogenburg-Neulengbach Bank Aktiengesellschaft,CI,Austria,SI,PQOH26KWDF7CG10L6792,Erste Group Bank AG,false,true,ueber_gruppe,
529900M2F7D5795H1A49,Raiffeisen Digital Bank AG (RDB),CI,Austria,SI,9ZHRYM6F437SQJ6OUG95,Raiffeisen Bank International AG,false,true,ueber_gruppe,
529900P1U3D3OR1TG879,Volksbank Salzburg eG,CI,Austria,SI,529900D4CD6DIB3CI904,Volksbank Wien AG,false,false,namensgleicher_melder,AT0000000000043000VB VOLKSBANK WIEN AG VB
529900P4VO14SV3AUU56,Sparkasse Schwaz AG,CI,Austria,SI,PQOH26KWDF7CG10L6792,Erste Group Bank AG,false,true,ueber_gruppe,
529900PMGP6HWEDQW939,Sparkasse Kufstein Tiroler Sparkasse von 1877,CI,Austria,SI,PQOH26KWDF7CG10L6792,Erste Group Bank AG,false,true,ueber_gruppe,
529900QU5N4XMZ1M8Y58,Sparkasse Neuhofen Bank Aktiengesellschaft,CI,Austria,SI,PQOH26KWDF7CG10L6792,Erste Group Bank AG,false,true,ueber_gruppe,
529900S9YO2JHTIIDG38,BAWAG Group AG,FH,Austria,SI,529900S9YO2JHTIIDG38,BAWAG Group AG,true,true,meldet_selbst,
529900SXEWPJ1MRRX537,RAIFFEISEN-HOLDING NIEDERÖSTERREICH-WIEN registrierte Genossenschaft mit beschränkter Haftung,FH,Austria,SI,529900SXEWPJ1MRRX537,RAIFFEISEN-HOLDING NIEDERÖSTERREICH-WIEN registrierte Genossenschaft mit beschränkter Haftung,true,true,meldet_selbst,
529900T3GEQTBTM4VF20,Sparkasse Mürzzuschlag Aktiengesellschaft,CI,Austria,SI,PQOH26KWDF7CG10L6792,Erste Group Bank AG,false,true,ueber_gruppe,
529900TJVZO6PPBYKU80,Volksbank Niederösterreich AG,CI,Austria,SI,529900D4CD6DIB3CI904,Volksbank Wien AG,false,false,namensgleicher_melder,AT0000000000043000VB VOLKSBANK WIEN AG VB
529900TKQRJNCFUQI507,Kärntner Sparkasse Aktiengesellschaft,CI,Austria,SI,PQOH26KWDF7CG10L6792,Erste Group Bank AG,false,true,ueber_gruppe,
529900TPGMMB7GRJQB55,start:bausparkasse AG,CI,Austria,SI,529900S9YO2JHTIIDG38,BAWAG Group AG,false,true,ueber_gruppe,
529900TXPMGGJR19EY42,Kathrein Privatbank Aktiengesellschaft,CI,Austria,SI,9ZHRYM6F437SQJ6OUG95,Raiffeisen Bank International AG,false,true,ueber_gruppe,
529900TZVDFQV1D69R57,Wiener Neustädter Sparkasse,CI,Austria,SI,PQOH26KWDF7CG10L6792,Erste Group Bank AG,false,true,ueber_gruppe,
529900UKZBMDBDZIXD62,Addiko Bank AG,CI,Austria,SI,529900UKZBMDBDZIXD62,Addiko Bank AG,true,true,meldet_selbst,
529900VABV69Q757MP34,Sparkasse Scheibbs AG,CI,Austria,SI,PQOH26KWDF7CG10L6792,Erste Group Bank AG,false,true,ueber_gruppe,
529900WEWTWSNCK1VE42,Raiffeisen Bausparkasse Gesellschaft m.b.H.,CI,Austria,SI,9ZHRYM6F437SQJ6OUG95,Raiffeisen Bank International AG,false,true,ueber_gruppe,
529900WIJT833AWXWQ36,Santander Consumer Holding Austria GmbH,FH,Austria,SI,5493006QMFDDMYWIAM13,"Banco Santander, S.A.",false,true,ueber_gruppe,
529900WSPO88HBNY6S36,Sparkasse Imst AG,CI,Austria,SI,PQOH26KWDF7CG10L6792,Erste Group Bank AG,false,true,ueber_gruppe,
529900X1F1MUXHHDIV43,Österreichische Ärzte- und Apothekerbank AG,CI,Austria,SI,529900D4CD6DIB3CI904,Volksbank Wien AG,false,false,namensgleicher_melder,AT0000000000043000VB VOLKSBANK WIEN AG VB
529900XA7RHLU8ECBK28,Sparkasse der Stadt Amstetten AG,CI,Austria,SI,PQOH26KWDF7CG10L6792,Erste Group Bank AG,false,true,ueber_gruppe,
529900XDISRMBH5UBL39,Sparkasse Eferding-Peuerbach-Waizenkirchen,CI,Austria,SI,PQOH26KWDF7CG10L6792,Erste Group Bank AG,false,true,ueber_gruppe,
529900XSTAE561178282,Raiffeisenbankengruppe OÖ Verbund eGen,FH,Austria,SI,529900XSTAE561178282,Raiffeisenbankengruppe OÖ Verbund eGen,true,true,meldet_selbst,
529900XW4Z6DFWK42X08,Sparkasse Pöllau AG,CI,Austria,SI,PQOH26KWDF7CG10L6792,Erste Group Bank AG,false,true,ueber_gruppe,
529900YFDTTO5R71VW86,Sparkasse Horn-Ravelsbach-Kirchberg Aktiengesellschaft,CI,Austria,SI,PQOH26KWDF7CG10L6792,Erste Group Bank AG,false,true,ueber_gruppe,
529900Z4R67VBTGVH491,Sparkasse Langenlois,CI,Austria,SI,PQOH26KWDF7CG10L6792,Erste Group Bank AG,false,true,ueber_gruppe,
529900Z809LC9QNOR649,VOLKSBANK VORARLBERG e.Gen.,CI,Austria,SI,529900D4CD6DIB3CI904,Volksbank Wien AG,false,false,namensgleicher_melder,AT0000000000043000VB VOLKSBANK WIEN AG VB
529900Z9G1PRYZSX4O63,Die Zweite Wiener Vereins-Sparcasse,CI,Austria,SI,PQOH26KWDF7CG10L6792,Erste Group Bank AG,false,true,ueber_gruppe,
529900ZKIMUP9PHZIY83,Sparkasse Poysdorf AG,CI,Austria,SI,PQOH26KWDF7CG10L6792,Erste Group Bank AG,false,true,ueber_gruppe,
529900ZOABQITI07W206,Sparkasse Voitsberg-Köflach Bankaktiengesellschaft,CI,Austria,SI,PQOH26KWDF7CG10L6792,Erste Group Bank AG,false,true,ueber_gruppe,
549300DVPJYGNF2P7B03,Steiermärkische Bank und Sparkassen Aktiengesellschaft,CI,Austria,SI,PQOH26KWDF7CG10L6792,Erste Group Bank AG,true,true,meldet_selbst,
549300FVPWXG57TWN385,SPARKASSE NIEDERÖSTERREICH MITTE WEST AKTIENGESELLSCHAFT,CI,Austria,SI,PQOH26KWDF7CG10L6792,Erste Group Bank AG,false,true,ueber_gruppe,
549300HUKIA1IZQHFZ83,Erste Bank der oesterreichischen Sparkassen AG,CI,Austria,SI,PQOH26KWDF7CG10L6792,Erste Group Bank AG,true,true,meldet_selbst,
549300X1FFW399TI1820,Sparkasse Baden,CI,Austria,SI,PQOH26KWDF7CG10L6792,Erste Group Bank AG,false,true,ueber_gruppe,
9ZHRYM6F437SQJ6OUG95,Raiffeisen Bank International AG,CI,Austria,SI,9ZHRYM6F437SQJ6OUG95,Raiffeisen Bank International AG,true,true,meldet_selbst,
D1HEB8VEU6D9M8ZUXG17,UniCredit Bank Austria AG,CI,Austria,SI,549300TRUWO2CD2G5692,UniCredit S.p.A.,true,true,meldet_selbst,
I6SS27Q1Q3385V753S50,Raiffeisenlandesbank Oberösterreich Aktiengesellschaft,CI,Austria,SI,529900XSTAE561178282,Raiffeisenbankengruppe OÖ Verbund eGen,true,true,meldet_selbst,
PQOH26KWDF7CG10L6792,Erste Group Bank AG,CI,Austria,SI,PQOH26KWDF7CG10L6792,Erste Group Bank AG,true,true,meldet_selbst,
V0VY22PV9D0HFTF8EI62,Sparkasse Oberösterreich Bank AG,CI,Austria,SI,PQOH26KWDF7CG10L6792,Erste Group Bank AG,false,true,ueber_gruppe,
2138005SP78ELT822P61,KBC Securities NV,CI-B,Belgium,SI,213800X3Q9LSAKRUWY91,KBC Group NV,false,true,ueber_gruppe,
213800X3Q9LSAKRUWY91,KBC Group NV,MFH,Belgium,SI,213800X3Q9LSAKRUWY91,KBC Group NV,true,true,meldet_selbst,
529900GQWNQZIWLG8D46,Beobank NV ; Beobank SA,CI,Belgium,SI,9695000CG7B84NLR5984,Confédération Nationale du Crédit Mutuel,false,true,ueber_gruppe,
529900MATKY89NT0U738,MeDirect Bank SA,CI,Belgium,SI,315700LT2QPI1YMTC764,CREDITAS B.V.,false,false,gruppe_meldet_teilweise,
5493007JPYB9SW6CSB23,Europabank SA ; Europabank NV,CI,Belgium,SI,549300DYPOFMXOR7XM56,Crelan SA ; Crelan NV,false,true,ueber_gruppe,
5493008QOCP58OLEN998,Investeringsmaatschappij Argenta NV ; Société d'investissements Argenta SA ; Investierungsgesellschaft Argenta AG,MFH,Belgium,SI,5493008QOCP58OLEN998,Investeringsmaatschappij Argenta NV ; Société d'investissements Argenta SA ; Investierungsgesellschaft Argenta AG,true,true,meldet_selbst,
5493009ML6YX83YHC820,Argenta Bank- en Verzekeringsgroep nv,MFH,Belgium,SI,5493008QOCP58OLEN998,Investeringsmaatschappij Argenta NV ; Société d'investissements Argenta SA ; Investierungsgesellschaft Argenta AG,true,true,meldet_selbst,
549300DYPOFMXOR7XM56,Crelan SA ; Crelan NV,CI,Belgium,SI,549300DYPOFMXOR7XM56,Crelan SA ; Crelan NV,true,true,meldet_selbst,
549300F0CVELHBU9A156,BANQUE NAGELMACKERS S.A.,CI,Belgium,SI,9695005MSX1OYEMGDF46,BPCE S.A.,false,true,ueber_gruppe,
549300NBLHT5Z7ZV1241,Banque Degroof Petercam SA ; Bank Degroof Petercam NV,CI,Belgium,SI,969500TJ5KRTCJQWXH05,Crédit Agricole S.A.,false,true,ueber_gruppe,
549300OHZQPOY65BN167,Banque Transatlantique Belgium SA,CI,Belgium,SI,9695000CG7B84NLR5984,Confédération Nationale du Crédit Mutuel,false,true,ueber_gruppe,
549300U1YXDFKMDU7D20,UniCredit NV/SA,CI,Belgium,SI,549300TRUWO2CD2G5692,UniCredit S.p.A.,false,true,ueber_gruppe,
699400S1FXIPB5VFO165,CrelanCo SC ; CrelanCo CV,CI,Belgium,SI,549300DYPOFMXOR7XM56,Crelan SA ; Crelan NV,false,true,ueber_gruppe,
6B2PBRV1FCJDMR45RZ53,KBC Bank NV,CI,Belgium,SI,213800X3Q9LSAKRUWY91,KBC Group NV,false,true,ueber_gruppe,
A5GWLFH3KM7YV2SFQL84,Belfius Banque SA ; Belfius Bank NV ; Belfius Bank SA,CI,Belgium,SI,A5GWLFH3KM7YV2SFQL84,Belfius Banque SA ; Belfius Bank NV ; Belfius Bank SA,true,true,meldet_selbst,
A6NZLYKYN1UV7VVGFX65,Argenta Spaarbank NV,CI,Belgium,SI,5493008QOCP58OLEN998,Investeringsmaatschappij Argenta NV ; Société d'investissements Argenta SA ; Investierungsgesellschaft Argenta AG,false,true,ueber_gruppe,
DVCTKZJG5QM5XGM4TR05,CBC Banque SA,CI,Belgium,SI,213800X3Q9LSAKRUWY91,KBC Group NV,false,true,ueber_gruppe,
JLS56RAMYQZECFUF2G44,ING Belgium SA ; ING België NV ; ING Belgique SA,CI,Belgium,SI,549300NYKK9MWM7GGW15,ING Groep N.V.,true,true,meldet_selbst,
KGCEPHLVVKVRZYO1T647,BNP Paribas Fortis SA ; BNP Paribas Fortis NV,CI,Belgium,SI,R0MUWSFPU8MPRO8K5P83,BNP Paribas S.A.,true,true,meldet_selbst,
MMYX0N4ZEZ13Z4XCG897,The Bank of New York Mellon SA/NV,CI,Belgium,SI,MMYX0N4ZEZ13Z4XCG897,The Bank of New York Mellon SA/NV,true,true,meldet_selbst,
5299000PCY1EP8QJFV48,United Bulgarian Bank AD,CI,Bulgaria,SI,213800X3Q9LSAKRUWY91,KBC Group NV,true,true,meldet_selbst,
529900GEH0DAUTAXUA94,DSK Bank AD,CI,Bulgaria,SI,529900GEH0DAUTAXUA94,DSK Bank AD,true,true,meldet_selbst,
549300IRGNL8Q3O8Y413,Eurobank Bulgaria AD,CI,Bulgaria,SI,213800KGF4EFNUQKAT69,Eurobank S.A.,true,true,meldet_selbst,
549300Z7V2WOFIMUEK50,UniCredit Bulbank AD,CI,Bulgaria,SI,549300TRUWO2CD2G5692,UniCredit S.p.A.,true,true,meldet_selbst,
529900I1UZV70CZRAU55,Raiffeisenbank Austria d.d.,CI,Croatia,SI,9ZHRYM6F437SQJ6OUG95,Raiffeisen Bank International AG,true,true,meldet_selbst,
549300A2F46GR0UOM390,Erste&Steiermärkische Bank d.d.,CI,Croatia,SI,PQOH26KWDF7CG10L6792,Erste Group Bank AG,true,true,meldet_selbst,
549300ZHFZ4CSK7VS460,Privredna banka Zagreb d.d.,CI,Croatia,SI,2W8N8UU78PMDQKZENC08,Intesa Sanpaolo S.p.A.,true,true,meldet_selbst,
PRNXTNXHBI0TSY1V8P17,Zagrebačka banka d.d.,CI,Croatia,SI,549300TRUWO2CD2G5692,UniCredit S.p.A.,true,true,meldet_selbst,
RG3IZJKPYQ4H6IQPIC08,Addiko Bank d.d.,CI,Croatia,SI,529900UKZBMDBDZIXD62,Addiko Bank AG,true,true,meldet_selbst,
213800HDJ876ACJXXD05,AikGroup (CY) Limited,FH,Cyprus,SI,213800HDJ876ACJXXD05,AikGroup (CY) Limited,true,true,meldet_selbst,
529900VS0F7BA91P4I60,Alpha Bank Cyprus Ltd,CI,Cyprus,SI,213800DBQIB6VBNU5C64,ALPHA BANK S.A.,true,true,meldet_selbst,
5493008QZPPHVJ8Q4F45,National Bank of Greece (Cyprus) Ltd,CI,Cyprus,SI,5UMCZOEYKCVFAW8ZLO05,National Bank of Greece S.A.,false,true,ueber_gruppe,
CXUHEGU3MADZ2CEV7C11,Eurobank Limited,CI,Cyprus,SI,213800KGF4EFNUQKAT69,Eurobank S.A.,true,true,meldet_selbst,
PQ0RAP85KK9Z75ONZW93,Bank of Cyprus Public Company Ltd,CI,Cyprus,SI,635400L14KNHZXPUZM19,Bank of Cyprus Holdings Public Limited Company,false,true,ueber_gruppe,
213800JD2L89GGG7LF07,Luminor Bank AS,CI,Estonia,SI,213800RZWHE5EUX9R444,Luminor Holding AS,true,true,meldet_selbst,
213800RZWHE5EUX9R444,Luminor Holding AS,FH,Estonia,SI,213800RZWHE5EUX9R444,Luminor Holding AS,true,true,meldet_selbst,
529900GJOSVHI055QR67,AS LHV Pank,CI,Estonia,SI,529900JG015JC10LED24,AS LHV Group,false,true,ueber_gruppe,
529900JG015JC10LED24,AS LHV Group,FH,Estonia,SI,529900JG015JC10LED24,AS LHV Group,true,true,meldet_selbst,
549300ND1MQ8SNNYMJ22,AS SEB Pank,CI,Estonia,SI,549300ND1MQ8SNNYMJ22,AS SEB Pank,true,true,meldet_selbst,
549300PHQZ4HL15HH975,Swedbank AS,CI,Estonia,SI,9845006C7B5CC707X660,Swedbank Baltics AS,false,true,ueber_gruppe,
529900HEKOENJHPNN480,Kuntarahoitus Oyj,CI,Finland,SI,529900HEKOENJHPNN480,Kuntarahoitus Oyj,true,true,meldet_selbst,
529900ODI3047E2LIV03,Nordea Bank Abp,CI,Finland,SI,529900ODI3047E2LIV03,Nordea Bank Abp,true,true,meldet_selbst,
529900Z872020RO6J884,Nordea Rahoitus Suomi Oy,CI,Finland,SI,529900ODI3047E2LIV03,Nordea Bank Abp,false,true,ueber_gruppe,
549300NQ588N7RWKBP98,OP Yrityspankki Oyj,CI,Finland,SI,7437003B5WFBOIEFY714,OP Osuuskunta,false,true,ueber_gruppe,
7437000YE37J35JJA860,Pohjois-Karjalan Osuuspankki,CI,Finland,SI,7437003B5WFBOIEFY714,OP Osuuskunta,false,true,ueber_gruppe,
74370015ZE09JO490U23,Kemin Seudun Osuuspankki,CI,Finland,SI,7437003B5WFBOIEFY714,OP Osuuskunta,false,true,ueber_gruppe,
7437001LESKGLAEOEU84,Nordea Kiinnitysluottopankki Oyj,CI,Finland,SI,529900ODI3047E2LIV03,Nordea Bank Abp,false,true,ueber_gruppe,
74370027F0X7YDR8AQ33,Andelsbanken för Åland,CI,Finland,SI,7437003B5WFBOIEFY714,OP Osuuskunta,false,true,ueber_gruppe,
7437003B5WFBOIEFY714,OP Osuuskunta,MFH,Finland,SI,7437003B5WFBOIEFY714,OP Osuuskunta,true,true,meldet_selbst,
7437004C3FH18M3RRP74,Järvimaan Osuuspankki,CI,Finland,SI,7437003B5WFBOIEFY714,OP Osuuskunta,false,true,ueber_gruppe,
74370055K4A4WHBSWC21,Janakkalan Osuuspankki,CI,Finland,SI,7437003B5WFBOIEFY714,OP Osuuskunta,false,true,ueber_gruppe,
7437005JG3Z3WOS6XW29,Haapamäen Seudun Osuuspankki,CI,Finland,SI,7437003B5WFBOIEFY714,OP Osuuskunta,false,true,ueber_gruppe,
7437005U02E0MJI4BB87,Länsirannikon Osuuspankki,CI,Finland,SI,7437003B5WFBOIEFY714,OP Osuuskunta,false,true,ueber_gruppe,
7437006A4VPAI9NZ1745,Rymättylän Osuuspankki,CI,Finland,SI,7437003B5WFBOIEFY714,OP Osuuskunta,false,true,ueber_gruppe,
7437006SV8L2TOJ65K82,Kaskimaan Osuuspankki,CI,Finland,SI,7437003B5WFBOIEFY714,OP Osuuskunta,false,true,ueber_gruppe,
7437007VWK7OVH2L9M20,Järvi-Hämeen Osuuspankki,CI,Finland,SI,7437003B5WFBOIEFY714,OP Osuuskunta,false,true,ueber_gruppe,
7437008NJB465JRJ8U12,Petäjäveden Osuuspankki,CI,Finland,SI,7437003B5WFBOIEFY714,OP Osuuskunta,false,true,ueber_gruppe,
7437008TJBCASFTJJY74,Niinijokivarren Osuuspankki,CI,Finland,SI,7437003B5WFBOIEFY714,OP Osuuskunta,false,true,ueber_gruppe,
74370097ZDC1B7CS5F05,Keski-Suomen Osuuspankki,CI,Finland,SI,7437003B5WFBOIEFY714,OP Osuuskunta,false,true,ueber_gruppe,
7437009KVZK8X0D99654,Länsi-Suomen Osuuspankki,CI,Finland,SI,7437003B5WFBOIEFY714,OP Osuuskunta,false,true,ueber_gruppe,
743700ABSYTMKL8IF439,OP Vähittäisasiakkaat Oyj,CI,Finland,SI,7437003B5WFBOIEFY714,OP Osuuskunta,false,true,ueber_gruppe,
743700APEEB4897EDQ84,Sataharjun Osuuspankki,CI,Finland,SI,7437003B5WFBOIEFY714,OP Osuuskunta,false,true,ueber_gruppe,
743700B7Q12N6S7N7X40,Etelä-Pohjanmaan Osuuspankki,CI,Finland,SI,7437003B5WFBOIEFY714,OP Osuuskunta,false,true,ueber_gruppe,
743700CYLA0M84DD0R95,Järvi-Pohjanmaan Osuuspankki,CI,Finland,SI,7437003B5WFBOIEFY714,OP Osuuskunta,false,true,ueber_gruppe,
743700GB87YRXFF28K90,Jokilaaksojen Osuuspankki,CI,Finland,SI,7437003B5WFBOIEFY714,OP Osuuskunta,false,true,ueber_gruppe,
743700GFD1LTRFQ5F539,Pohjois-Savon Osuuspankki,CI,Finland,SI,7437003B5WFBOIEFY714,OP Osuuskunta,false,true,ueber_gruppe,
743700GJ4UN7ZRKOHU29,Ylä-Hämeen Osuuspankki,CI,Finland,SI,7437003B5WFBOIEFY714,OP Osuuskunta,false,true,ueber_gruppe,
743700HC5C388KB3MP75,Satapirkan OP,CI,Finland,SI,7437003B5WFBOIEFY714,OP Osuuskunta,false,true,ueber_gruppe,
743700HPFK5TOZEID048,Kainuun Osuuspankki,CI,Finland,SI,7437003B5WFBOIEFY714,OP Osuuskunta,false,true,ueber_gruppe,
743700I70YHRWX6KNW39,Jokirannikon Osuuspankki,CI,Finland,SI,7437003B5WFBOIEFY714,OP Osuuskunta,false,true,ueber_gruppe,
743700I7CL9CIMW1BB86,Andelsbanken Raseborg,CI,Finland,SI,7437003B5WFBOIEFY714,OP Osuuskunta,false,true,ueber_gruppe,
743700IJXAGL8TGFRC33,OP-Asuntoluottopankki Oyj,CI,Finland,SI,7437003B5WFBOIEFY714,OP Osuuskunta,false,true,ueber_gruppe,
743700IV1RKODV0CZL73,Varsinais-Suomen Osuuspankki,CI,Finland,SI,7437003B5WFBOIEFY714,OP Osuuskunta,false,true,ueber_gruppe,
743700IX3V0DULG0E310,Joki-Pohjanmaan Osuuspankki,CI,Finland,SI,7437003B5WFBOIEFY714,OP Osuuskunta,false,true,ueber_gruppe,
743700JBSBLALUKAVO03,Ylä-Uudenmaan Osuuspankki,CI,Finland,SI,7437003B5WFBOIEFY714,OP Osuuskunta,false,true,ueber_gruppe,
743700JLRONKNUWLYD47,Kangasniemen Osuuspankki,CI,Finland,SI,7437003B5WFBOIEFY714,OP Osuuskunta,false,true,ueber_gruppe,
743700KC1KWMCS2BWH13,Hämeen Osuuspankki,CI,Finland,SI,7437003B5WFBOIEFY714,OP Osuuskunta,false,true,ueber_gruppe,
743700KOC7ONKBMR4525,Multian Osuuspankki,CI,Finland,SI,7437003B5WFBOIEFY714,OP Osuuskunta,false,true,ueber_gruppe,
743700KZG4DRVNYYRP06,Sydän-Savon Osuuspankki,CI,Finland,SI,7437003B5WFBOIEFY714,OP Osuuskunta,false,true,ueber_gruppe,
743700M7JFX3LTJH7K88,Uudenmaan OP,CI,Finland,SI,7437003B5WFBOIEFY714,OP Osuuskunta,false,true,ueber_gruppe,
743700M8IDLE7OUJGL97,Mouhijärven Osuuspankki,CI,Finland,SI,7437003B5WFBOIEFY714,OP Osuuskunta,false,true,ueber_gruppe,
743700MHNVY2ZL88EM50,Kaakkois-Suomen Osuuspankki,CI,Finland,SI,7437003B5WFBOIEFY714,OP Osuuskunta,false,true,ueber_gruppe,
743700OD43J9JBTF4114,Vehmersalmen Osuuspankki,CI,Finland,SI,7437003B5WFBOIEFY714,OP Osuuskunta,false,true,ueber_gruppe,
743700Q1LWZ4Y0EKR428,Lounaismaan Osuuspankki,CI,Finland,SI,7437003B5WFBOIEFY714,OP Osuuskunta,false,true,ueber_gruppe,
743700QCC7N8MCA6GD92,Botnia Andelsbank,CI,Finland,SI,7437003B5WFBOIEFY714,OP Osuuskunta,false,true,ueber_gruppe,
743700QZB28DPS5GCD07,Korpilahden Osuuspankki,CI,Finland,SI,7437003B5WFBOIEFY714,OP Osuuskunta,false,true,ueber_gruppe,
743700RBFI9Y3A2EG815,Osuuspankki Salpa,CI,Finland,SI,7437003B5WFBOIEFY714,OP Osuuskunta,false,true,ueber_gruppe,
743700TIOTHSZS7MTG50,Pirkanmaan Osuuspankki,CI,Finland,SI,7437003B5WFBOIEFY714,OP Osuuskunta,false,true,ueber_gruppe,
743700UXY2MX54OLKB86,Tervolan Osuuspankki,CI,Finland,SI,7437003B5WFBOIEFY714,OP Osuuskunta,false,true,ueber_gruppe,
743700UZ1VOLOGO1OJ70,Etelä-Pirkanmaan Osuuspankki,CI,Finland,SI,7437003B5WFBOIEFY714,OP Osuuskunta,false,true,ueber_gruppe,
743700VPGD5G0QF6TR40,Pohjolan Osuuspankki,CI,Finland,SI,7437003B5WFBOIEFY714,OP Osuuskunta,false,true,ueber_gruppe,
743700XF2UPB5Y351629,Nagu Andelsbank,CI,Finland,SI,7437003B5WFBOIEFY714,OP Osuuskunta,false,true,ueber_gruppe,
743700XQEP1UEYJUNS65,Suur-Savon Osuuspankki,CI,Finland,SI,7437003B5WFBOIEFY714,OP Osuuskunta,false,true,ueber_gruppe,
743700YIQDI229VCF807,Jokiläänin Osuuspankki,CI,Finland,SI,7437003B5WFBOIEFY714,OP Osuuskunta,false,true,ueber_gruppe,
743700ZU856U8XLQZK68,Koillismaan Osuuspankki,CI,Finland,SI,7437003B5WFBOIEFY714,OP Osuuskunta,false,true,ueber_gruppe,
1VUV7VQFKUOQSJ21A208,Crédit Agricole Corporate and Investment Bank,CI,France,SI,969500TJ5KRTCJQWXH05,Crédit Agricole S.A.,true,true,meldet_selbst,
2138008864ADTHGQP554,Milleis Banque,CI,France,SI,969500TJ5KRTCJQWXH05,Crédit Agricole S.A.,false,true,ueber_gruppe,
23B6332KMR0JIZLJG565,Caisse Fédérale du Crédit Mutuel de Maine-Anjou et Basse-Normandie,CI,France,SI,9695000CG7B84NLR5984,Confédération Nationale du Crédit Mutuel,false,true,ueber_gruppe,
549300CU9LDRDVQE5539,Stellantis Bank SA,CI,France,SI,R0MUWSFPU8MPRO8K5P83,BNP Paribas S.A.,false,true,ueber_gruppe,
549300E6W08778I4OW85,Caisse Française de Financement Local,CI,France,SI,549300HFEHJOXGE4ZE63,SFIL S.A.,false,true,ueber_gruppe,
549300FH0WJAPEHTIQ77,BofA Securities Europe SA,CI-B,France,SI,549300FH0WJAPEHTIQ77,BofA Securities Europe SA,true,true,meldet_selbst,
549300HFEHJOXGE4ZE63,SFIL S.A.,CI,France,SI,549300HFEHJOXGE4ZE63,SFIL S.A.,true,true,meldet_selbst,
549300XYJSIN9JGKDH03,My Money Bank,CI,France,SI,549300UARE5MHTBUPJ19,Promontoria 19 Coöperatie U.A.,false,true,ueber_gruppe,
6EWKU0FGVX5QQJHFGT48,BNP Paribas Financial Markets,CI-B,France,SI,R0MUWSFPU8MPRO8K5P83,BNP Paribas S.A.,false,true,ueber_gruppe,
96950000VTPII1X03R06,Société anonyme de crédit à l’industrie française (C.A.L.I.F.),CI,France,SI,O2RNE8IBXP4R0TD8PU41,Société Générale S.A.,false,true,ueber_gruppe,
96950001JKROZEF62G96,Caisse régionale de crédit agricole mutuel Centre Loire,CI,France,SI,969500TJ5KRTCJQWXH05,Crédit Agricole S.A.,false,true,ueber_gruppe,
96950001WI712W7PQG45,RCI Banque SA,CI,France,SI,96950001WI712W7PQG45,RCI Banque SA,true,true,meldet_selbst,
96950008DNO3H80I0682,Caisse régionale de crédit agricole mutuel du Finistère,CI,France,SI,969500TJ5KRTCJQWXH05,Crédit Agricole S.A.,false,true,ueber_gruppe,
9695000CG7B84NLR5984,Confédération Nationale du Crédit Mutuel,CI,France,SI,9695000CG7B84NLR5984,Confédération Nationale du Crédit Mutuel,true,true,meldet_selbst,
9695000P6V7QBJL4NW96,Caisse régionale de crédit agricole mutuel Val de France,CI,France,SI,969500TJ5KRTCJQWXH05,Crédit Agricole S.A.,false,true,ueber_gruppe,
9695000UYHNOFKRJWZ52,Créatis,CI,France,SI,9695000CG7B84NLR5984,Confédération Nationale du Crédit Mutuel,false,true,ueber_gruppe,
96950010FL2T1TJKR531,Amundi,CI,France,SI,969500TJ5KRTCJQWXH05,Crédit Agricole S.A.,false,true,ueber_gruppe,
96950015J69CVHEL3Z57,CNH Industrial Capital Europe,CI,France,SI,R0MUWSFPU8MPRO8K5P83,BNP Paribas S.A.,false,true,ueber_gruppe,
9695001BN7B574TIZH43,Caisse d’Épargne et de Prévoyance du Languedoc Roussillon,CI,France,SI,9695005MSX1OYEMGDF46,BPCE S.A.,false,true,ueber_gruppe,
9695001WIZU5SWHBP423,Caisse d’Épargne et de Prévoyance d’Auvergne et du Limousin,CI,France,SI,9695005MSX1OYEMGDF46,BPCE S.A.,false,true,ueber_gruppe,
96950023SCR9X9F3L662,CACEIS Bank,CI,France,SI,969500TJ5KRTCJQWXH05,Crédit Agricole S.A.,false,true,ueber_gruppe,
9695002ASDT3XIMLZY47,Diac,CI,France,SI,96950001WI712W7PQG45,RCI Banque SA,false,true,ueber_gruppe,
9695002BGH4R9KJFC936,Arkéa public sector SCF,CI,France,SI,9695000CG7B84NLR5984,Confédération Nationale du Crédit Mutuel,false,true,ueber_gruppe,
9695002ZQFZGWDVXU826,Arkéa ProCapital Services,CI-B,France,SI,9695000CG7B84NLR5984,Confédération Nationale du Crédit Mutuel,false,true,ueber_gruppe,
96950036L1P0BIL35D42,LixxBail,CI,France,SI,969500TJ5KRTCJQWXH05,Crédit Agricole S.A.,false,true,ueber_gruppe,
9695003BBN1S4HV82514,Caisse régionale de crédit agricole mutuel Normandie-Seine,CI,France,SI,969500TJ5KRTCJQWXH05,Crédit Agricole S.A.,false,true,ueber_gruppe,
9695003KLVYC6WLE4F19,Caisse régionale de crédit agricole mutuel de l’Anjou et du Maine,CI,France,SI,969500TJ5KRTCJQWXH05,Crédit Agricole S.A.,false,true,ueber_gruppe,
9695003KW541RB4PSS16,Société générale pour le développement des opérations de crédit-bail immobilier - Sogebail,CI,France,SI,O2RNE8IBXP4R0TD8PU41,Société Générale S.A.,false,true,ueber_gruppe,
9695003L69OAFQ15LD18,Arkéa Home Loans SFH,CI,France,SI,9695000CG7B84NLR5984,Confédération Nationale du Crédit Mutuel,false,true,ueber_gruppe,
9695003L8X241KRTAG54,Union de Banques Arabes et Françaises - U.B.A.F.,CI,France,SI,969500TJ5KRTCJQWXH05,Crédit Agricole S.A.,false,true,ueber_gruppe,
9695003SC48YQ0POQD44,BPCE Lease,CI,France,SI,9695005MSX1OYEMGDF46,BPCE S.A.,false,true,ueber_gruppe,
9695003SJ7Z9C9HIGV14,Boursorama,CI,France,SI,O2RNE8IBXP4R0TD8PU41,Société Générale S.A.,false,true,ueber_gruppe,
9695003ZGAIUXLI2B651,Société de Banque et d’Expansion - S.B.E.,CI,France,SI,9695005MSX1OYEMGDF46,BPCE S.A.,false,true,ueber_gruppe,
96950041VJ1QP0B69503,Crédit Mutuel Arkéa,CI,France,SI,9695000CG7B84NLR5984,Confédération Nationale du Crédit Mutuel,true,true,meldet_selbst,
96950046C6898GAG8P66,JCB Finance,CI,France,SI,R0MUWSFPU8MPRO8K5P83,BNP Paribas S.A.,false,true,ueber_gruppe,
9695004NR7T2BKZFQL03,Caisse régionale de crédit agricole mutuel de la Corse,CI,France,SI,969500TJ5KRTCJQWXH05,Crédit Agricole S.A.,false,true,ueber_gruppe,
9695004W30Q4EEGQ1Y09,Amundi finance,CI,France,SI,969500TJ5KRTCJQWXH05,Crédit Agricole S.A.,false,true,ueber_gruppe,
9695005B0IXNAZ11QL51,Caisse d’Épargne et de Prévoyance Côte d’Azur,CI,France,SI,9695005MSX1OYEMGDF46,BPCE S.A.,false,true,ueber_gruppe,
9695005FT3RGI6WWJ534,Caisse régionale de crédit agricole mutuel de Champagne-Bourgogne,CI,France,SI,969500TJ5KRTCJQWXH05,Crédit Agricole S.A.,false,true,ueber_gruppe,
9695005GXM695D8LUY58,Caisse régionale de crédit agricole mutuel des Côtes-D’Armor,CI,France,SI,969500TJ5KRTCJQWXH05,Crédit Agricole S.A.,false,true,ueber_gruppe,
9695005HLMTFJJDOB797,Bforbank,CI,France,SI,969500TJ5KRTCJQWXH05,Crédit Agricole S.A.,false,true,ueber_gruppe,
9695005MSX1OYEMGDF46,BPCE S.A.,CI,France,SI,9695005MSX1OYEMGDF46,BPCE S.A.,true,true,meldet_selbst,
9695005XT323C6A7GN39,BNP Paribas Réunion,CI,France,SI,R0MUWSFPU8MPRO8K5P83,BNP Paribas S.A.,false,true,ueber_gruppe,
96950066U5XAAIRCPA78,La Banque Postale,CI,France,SI,96950066U5XAAIRCPA78,La Banque Postale,true,true,meldet_selbst,
9695006OH2J2YVVCPY96,Banque Européenne du Crédit Mutuel,CI,France,SI,9695000CG7B84NLR5984,Confédération Nationale du Crédit Mutuel,false,true,ueber_gruppe,
9695006R5WWBX118FA17,Caisse régionale de crédit agricole mutuel Charente-Périgord (Crédit agricole Charente-Périgord),CI,France,SI,969500TJ5KRTCJQWXH05,Crédit Agricole S.A.,false,true,ueber_gruppe,
9695006UH4BR9VH36947,Caisse d’Épargne et de Prévoyance Loire-Drôme- Ardèche,CI,France,SI,9695005MSX1OYEMGDF46,BPCE S.A.,false,true,ueber_gruppe,
96950070V8OK5HMTM949,Banque Edel S.A.,CI,France,SI,9695005MSX1OYEMGDF46,BPCE S.A.,false,true,ueber_gruppe,
9695007N7RATI6VK7E92,Caisse d’Épargne et de Prévoyance Normandie,CI,France,SI,9695005MSX1OYEMGDF46,BPCE S.A.,false,true,ueber_gruppe,
9695007Q5MTZ4Q454M45,Génébanque,CI,France,SI,O2RNE8IBXP4R0TD8PU41,Société Générale S.A.,false,true,ueber_gruppe,
9695007YFLSFQ43HNC76,BPCE Bail,CI,France,SI,9695005MSX1OYEMGDF46,BPCE S.A.,false,true,ueber_gruppe,
96950085DHGG9K8CYV50,Louvre Banque Privée,CI,France,SI,96950066U5XAAIRCPA78,La Banque Postale,false,true,ueber_gruppe,
969500892AQHFDSWRF71,Natixis Wealth Management,CI,France,SI,9695005MSX1OYEMGDF46,BPCE S.A.,false,true,ueber_gruppe,
9695008F57RGP8WJVD09,Caisse régionale de crédit agricole mutuel du Morbihan,CI,France,SI,969500TJ5KRTCJQWXH05,Crédit Agricole S.A.,false,true,ueber_gruppe,
9695008XBRCWFEZ8B440,BNP Paribas Lease Group,CI,France,SI,R0MUWSFPU8MPRO8K5P83,BNP Paribas S.A.,false,true,ueber_gruppe,
969500901GY8ZCBR6Y85,MMB SCF,CI,France,SI,549300UARE5MHTBUPJ19,Promontoria 19 Coöperatie U.A.,false,true,ueber_gruppe,
9695009F5UPB9IITI298,Crédit lyonnais,CI,France,SI,969500TJ5KRTCJQWXH05,Crédit Agricole S.A.,false,true,ueber_gruppe,
9695009GVHASHCJ1D122,Caisse d’Épargne et de Prévoyance de Bourgogne Franche-Comté,CI,France,SI,9695005MSX1OYEMGDF46,BPCE S.A.,false,true,ueber_gruppe,
9695009KQA7MMTQL8E07,Crédit Mutuel Home Loan SFH,CI,France,SI,9695000CG7B84NLR5984,Confédération Nationale du Crédit Mutuel,false,true,ueber_gruppe,
969500A2J49LYGX9NS83,Caisse Fédérale du Crédit Mutuel Océan,CI,France,SI,9695000CG7B84NLR5984,Confédération Nationale du Crédit Mutuel,false,true,ueber_gruppe,
969500A3Y5KTGJEMDZ32,Caisse régionale de crédit agricole mutuel du Languedoc,CI,France,SI,969500TJ5KRTCJQWXH05,Crédit Agricole S.A.,true,true,meldet_selbst,
969500A9SZ8YP1810S21,Caisse d’Épargne et de Prévoyance Aquitaine Poitou- Charentes,CI,France,SI,9695005MSX1OYEMGDF46,BPCE S.A.,true,true,meldet_selbst,
969500AGACQ54Q3UF243,Caisse régionale de crédit agricole mutuel de Centre France - Crédit agricole Centre France (3ème du nom),CI,France,SI,969500TJ5KRTCJQWXH05,Crédit Agricole S.A.,true,true,meldet_selbst,
969500B5DNR7Q1ACGD23,Caisse régionale de crédit agricole mutuel Atlantique Vendée,CI,France,SI,969500TJ5KRTCJQWXH05,Crédit Agricole S.A.,true,true,meldet_selbst,
969500B8TW4VUQ7WKT96,Factofrance,CI,France,SI,9695000CG7B84NLR5984,Confédération Nationale du Crédit Mutuel,false,true,ueber_gruppe,
969500BJUHMDM3UVRK06,Taitbout Participation 3 SNC,FH,France,SI,R0MUWSFPU8MPRO8K5P83,BNP Paribas S.A.,false,true,ueber_gruppe,
969500BQ4JYX8980ZJ22,Caisse régionale de crédit agricole mutuel de la Touraine et du Poitou,CI,France,SI,969500TJ5KRTCJQWXH05,Crédit Agricole S.A.,false,true,ueber_gruppe,
969500C6V7XE6KJJW795,Compagnie Générale De Crédit Aux Particuliers - Credipar,CI,France,SI,5493006QMFDDMYWIAM13,"Banco Santander, S.A.",false,true,ueber_gruppe,
969500C9913Z7PKUGB44,Crédit Agricole home loan SFH,CI,France,SI,969500TJ5KRTCJQWXH05,Crédit Agricole S.A.,false,true,ueber_gruppe,
969500CHDIA34DPV9611,Monabanq.,CI,France,SI,9695000CG7B84NLR5984,Confédération Nationale du Crédit Mutuel,false,true,ueber_gruppe,
969500CN2FOU71HFHW51,Crédit Agricole Public Sector SCF,CI,France,SI,969500TJ5KRTCJQWXH05,Crédit Agricole S.A.,false,true,ueber_gruppe,
969500CP6UARAMYIGY51,Caisse régionale de crédit agricole mutuel Provence-Côte d’Azur (Alpes de Haute-Provence-Alpes-maritimes-Var),CI,France,SI,969500TJ5KRTCJQWXH05,Crédit Agricole S.A.,false,true,ueber_gruppe,
969500CXBDY2KMHP0J53,Caisse Centrale du Crédit Mutuel,CI,France,SI,9695000CG7B84NLR5984,Confédération Nationale du Crédit Mutuel,false,true,ueber_gruppe,
969500D5PFMTWUYSUF61,La Banque Postale Home Loan SFH,CI,France,SI,96950066U5XAAIRCPA78,La Banque Postale,false,true,ueber_gruppe,
969500DDQOQPU5PDGB36,Crédit Agricole Financement de l’Habitat SFH,CI,France,SI,969500TJ5KRTCJQWXH05,Crédit Agricole S.A.,false,true,ueber_gruppe,
969500DEM67LRGQOTV19,Portzamparc,CI-B,France,SI,R0MUWSFPU8MPRO8K5P83,BNP Paribas S.A.,false,true,ueber_gruppe,
969500DRY71IGWG0L656,Caisse régionale de crédit agricole mutuel Sud Rhône-Alpes,CI,France,SI,969500TJ5KRTCJQWXH05,Crédit Agricole S.A.,false,true,ueber_gruppe,
969500E07BR6468F5910,Oney Bank S.A.,CI,France,SI,9695005MSX1OYEMGDF46,BPCE S.A.,false,true,ueber_gruppe,
969500E6PTIKAVW46P28,Caisse régionale de crédit agricole mutuel de Franche-Comté,CI,France,SI,969500TJ5KRTCJQWXH05,Crédit Agricole S.A.,false,true,ueber_gruppe,
969500E7V019H9NP7427,Ayvens,FH,France,SI,O2RNE8IBXP4R0TD8PU41,Société Générale S.A.,false,true,ueber_gruppe,
969500EIKV8PFM8OAP16,FLOA,CI,France,SI,R0MUWSFPU8MPRO8K5P83,BNP Paribas S.A.,false,true,ueber_gruppe,
969500EJMFFRSWFDJG41,Cofidis,CI,France,SI,9695000CG7B84NLR5984,Confédération Nationale du Crédit Mutuel,false,true,ueber_gruppe,
969500EVOBAGHKZEXA33,Banque Populaire Alsace Lorraine Champagne,CI,France,SI,9695005MSX1OYEMGDF46,BPCE S.A.,true,true,meldet_selbst,
969500EYG6U339D3TI84,Crédit Foncier de France S.A.,CI,France,SI,9695005MSX1OYEMGDF46,BPCE S.A.,true,true,meldet_selbst,
969500EYUH381IUM2589,Arkéa Direct Bank,CI,France,SI,9695000CG7B84NLR5984,Confédération Nationale du Crédit Mutuel,false,true,ueber_gruppe,
969500F9HMMIJD7DJC28,Société générale SCF,CI,France,SI,O2RNE8IBXP4R0TD8PU41,Société Générale S.A.,false,true,ueber_gruppe,
969500FDN8G43HMHZM83,SG OPTION EUROPE,CI-B,France,SI,O2RNE8IBXP4R0TD8PU41,Société Générale S.A.,false,true,ueber_gruppe,
969500FE2U56EIAS1D04,Crédit Mutuel Real Estate Lease,CI,France,SI,9695000CG7B84NLR5984,Confédération Nationale du Crédit Mutuel,false,true,ueber_gruppe,
969500FF9M4SBM5VHR15,Caisse régionale de crédit agricole mutuel Nord de France,CI,France,SI,969500TJ5KRTCJQWXH05,Crédit Agricole S.A.,true,true,meldet_selbst,
969500FFSA9DO4WKVZ66,Claas Financial Services,CI,France,SI,R0MUWSFPU8MPRO8K5P83,BNP Paribas S.A.,false,true,ueber_gruppe,
969500FPMX32U8Y45C30,BPCE Payment Services,CI,France,SI,9695005MSX1OYEMGDF46,BPCE S.A.,false,true,ueber_gruppe,
969500FVXC72N72X9J71,Banque Populaire Aquitaine Centre Atlantique,CI,France,SI,9695005MSX1OYEMGDF46,BPCE S.A.,false,true,ueber_gruppe,
969500FYEXW795NPJO79,Caisse régionale de crédit agricole mutuel Brie Picardie,CI,France,SI,969500TJ5KRTCJQWXH05,Crédit Agricole S.A.,true,true,meldet_selbst,
969500FZ69MUJG4X7Z43,Banque transatlantique S.A.,CI,France,SI,9695000CG7B84NLR5984,Confédération Nationale du Crédit Mutuel,false,true,ueber_gruppe,
969500G0F6571RKIRJ92,Natiocrédibail,CI,France,SI,R0MUWSFPU8MPRO8K5P83,BNP Paribas S.A.,false,true,ueber_gruppe,
969500GB44A4V4W4SF44,GENEFINANCE,FH,France,SI,O2RNE8IBXP4R0TD8PU41,Société Générale S.A.,false,true,ueber_gruppe,
969500GCBQ50LL4N4X78,Caisse régionale de crédit agricole mutuel Sud- Méditerranée (Ariège et Pyrénées-Orientales),CI,France,SI,969500TJ5KRTCJQWXH05,Crédit Agricole S.A.,false,true,ueber_gruppe,
969500GDYGB7Y20PP765,CA Consumer Finance,CI,France,SI,969500TJ5KRTCJQWXH05,Crédit Agricole S.A.,false,true,ueber_gruppe,
969500GIRR9L94LVRP32,Lyonnaise de banque “L.B.”,CI,France,SI,9695000CG7B84NLR5984,Confédération Nationale du Crédit Mutuel,false,true,ueber_gruppe,
969500GIUTUIEDJHFL17,Caisse d’Épargne et de Prévoyance Hauts de France,CI,France,SI,9695005MSX1OYEMGDF46,BPCE S.A.,true,true,meldet_selbst,
969500GMOFJPLBESK810,Cicobail,CI,France,SI,9695005MSX1OYEMGDF46,BPCE S.A.,false,true,ueber_gruppe,
969500GRYRLGR28CAX66,Banque BCP,CI,France,SI,9695005MSX1OYEMGDF46,BPCE S.A.,false,true,ueber_gruppe,
969500H8VFKY74LBMD78,Capitole Finance - Tofinso,CI,France,SI,9695005MSX1OYEMGDF46,BPCE S.A.,false,true,ueber_gruppe,
969500HCJLWDO4YCYT40,CCF SFH,CI,France,SI,549300UARE5MHTBUPJ19,Promontoria 19 Coöperatie U.A.,false,true,ueber_gruppe,
969500HQXNML1DTRBT51,Crédit agricole leasing & factoring,CI,France,SI,969500TJ5KRTCJQWXH05,Crédit Agricole S.A.,false,true,ueber_gruppe,
969500HRT9HZF47M6584,Crédit Mutuel Factoring,CI,France,SI,9695000CG7B84NLR5984,Confédération Nationale du Crédit Mutuel,false,true,ueber_gruppe,
969500I60Z80FT66CR93,Caisse régionale de crédit agricole mutuel d’Ille-et-Vilaine,CI,France,SI,969500TJ5KRTCJQWXH05,Crédit Agricole S.A.,false,true,ueber_gruppe,
969500IHDSNRRY5LDB67,CA Indosuez,CI,France,SI,969500TJ5KRTCJQWXH05,Crédit Agricole S.A.,false,true,ueber_gruppe,
969500ITSEQFH24SE562,SGB Finance,CI,France,SI,O2RNE8IBXP4R0TD8PU41,Société Générale S.A.,false,true,ueber_gruppe,
969500JJWO4PQG0R1C58,Caisse d’Épargne et de Prévoyance Grand Est Europe,CI,France,SI,9695005MSX1OYEMGDF46,BPCE S.A.,true,true,meldet_selbst,
969500JK1O192KI3E882,Banque Stellantis France,CI,France,SI,5493006QMFDDMYWIAM13,"Banco Santander, S.A.",false,true,ueber_gruppe,
969500JM7VIGQIPZOL49,Banque Populaire Auvergne Rhône-Alpes,CI,France,SI,9695005MSX1OYEMGDF46,BPCE S.A.,true,true,meldet_selbst,
969500K8IQ975QPQKN89,Banque française commerciale Océan Indien,CI,France,SI,O2RNE8IBXP4R0TD8PU41,Société Générale S.A.,false,true,ueber_gruppe,
969500KBBNBZ7MIZAX74,Caisse régionale de crédit agricole mutuel Loire - Haute-Loire,CI,France,SI,969500TJ5KRTCJQWXH05,Crédit Agricole S.A.,false,true,ueber_gruppe,
969500KN90DZLHUN3566,Société générale SFH,CI,France,SI,O2RNE8IBXP4R0TD8PU41,Société Générale S.A.,false,true,ueber_gruppe,
969500KWT26BST7DUO80,Caisse régionale de crédit agricole mutuel Nord Midi-Pyrénées,CI,France,SI,969500TJ5KRTCJQWXH05,Crédit Agricole S.A.,false,true,ueber_gruppe,
969500L38QMPKJ554U34,Caisse d’Épargne et de Prévoyance de Midi-Pyrénées,CI,France,SI,9695005MSX1OYEMGDF46,BPCE S.A.,false,true,ueber_gruppe,
969500LC14MGH2LT8K81,Auxifip,CI,France,SI,969500TJ5KRTCJQWXH05,Crédit Agricole S.A.,false,true,ueber_gruppe,
969500LFTDNMONT2EP08,Caisse fédérale de Crédit Mutuel,CI,France,SI,9695000CG7B84NLR5984,Confédération Nationale du Crédit Mutuel,true,true,meldet_selbst,
969500LLFVCIVUFVMK94,Caisse régionale de crédit agricole mutuel du Nord Est,CI,France,SI,969500TJ5KRTCJQWXH05,Crédit Agricole S.A.,false,true,ueber_gruppe,
969500LTWFP98DC8XE44,Crédit Mutuel Leasing,CI,France,SI,9695000CG7B84NLR5984,Confédération Nationale du Crédit Mutuel,false,true,ueber_gruppe,
969500LZ8VV8HS83UI11,Arkéa banque entreprises et institutionnels,CI,France,SI,9695000CG7B84NLR5984,Confédération Nationale du Crédit Mutuel,false,true,ueber_gruppe,
969500M0I766TJINXO92,Caisse régionale de crédit agricole mutuel Pyrénées-Gascogne,CI,France,SI,969500TJ5KRTCJQWXH05,Crédit Agricole S.A.,false,true,ueber_gruppe,
969500M22JF85TPA6F83,MGF,CI,France,SI,R0MUWSFPU8MPRO8K5P83,BNP Paribas S.A.,false,true,ueber_gruppe,
969500NJ02LC5HAFDY89,Banque Populaire Méditerranée,CI,France,SI,9695005MSX1OYEMGDF46,BPCE S.A.,false,true,ueber_gruppe,
969500NUI273XLGK9751,Caisse régionale de crédit agricole mutuel de la Guadeloupe,CI,France,SI,969500TJ5KRTCJQWXH05,Crédit Agricole S.A.,false,true,ueber_gruppe,
969500O6YKL9S5XGAP98,SOCIETE GENERALE Factoring SA,CI,France,SI,O2RNE8IBXP4R0TD8PU41,Société Générale S.A.,false,true,ueber_gruppe,
969500O7DJZNM0F0Z036,BNP Paribas Home Loan SFH,CI,France,SI,R0MUWSFPU8MPRO8K5P83,BNP Paribas S.A.,false,true,ueber_gruppe,
969500O971S0I6U24G84,Compagnie Financière Holding Milléis,FH,France,SI,969500TJ5KRTCJQWXH05,Crédit Agricole S.A.,true,true,meldet_selbst,
969500OCJGH64CBUIY13,Bred Gestion,CI,France,SI,9695005MSX1OYEMGDF46,BPCE S.A.,false,true,ueber_gruppe,
969500OCY8KZTP2CB380,Natixis TradEx Solutions,CI,France,SI,9695005MSX1OYEMGDF46,BPCE S.A.,false,true,ueber_gruppe,
969500OLD4M3NDWVC189,CACEIS S.A.,FH,France,SI,969500TJ5KRTCJQWXH05,Crédit Agricole S.A.,false,true,ueber_gruppe,
969500OMKS4AIGVOBR28,Ester finance technologies,CI,France,SI,969500TJ5KRTCJQWXH05,Crédit Agricole S.A.,false,true,ueber_gruppe,
969500OQSJX6T47PZQ59,Société Centrale pour le Financement de l’Immobilier - SOCFIM,CI,France,SI,9695005MSX1OYEMGDF46,BPCE S.A.,false,true,ueber_gruppe,
969500ORP9FTJYI28L37,Caisse régionale de crédit agricole mutuel des Savoie - Crédit agricole des Savoie,CI,France,SI,969500TJ5KRTCJQWXH05,Crédit Agricole S.A.,true,true,meldet_selbst,
969500PEV9ULDOND9384,BNP Paribas Antilles Guyane,CI,France,SI,R0MUWSFPU8MPRO8K5P83,BNP Paribas S.A.,false,true,ueber_gruppe,
969500PI25OKPKTD9364,Caisse régionale de crédit agricole mutuel de Paris et d’Ile-de-France,CI,France,SI,969500TJ5KRTCJQWXH05,Crédit Agricole S.A.,true,true,meldet_selbst,
969500PLBHFXRDQ2T644,Banque CIC Nord-Ouest,CI,France,SI,9695000CG7B84NLR5984,Confédération Nationale du Crédit Mutuel,false,true,ueber_gruppe,
969500Q0AKBOIX5OK547,Banque Internationale De Commerce - BIC BRED,CI,France,SI,9695005MSX1OYEMGDF46,BPCE S.A.,false,true,ueber_gruppe,
969500Q39EWQJXXGQB80,Banque CIC Ouest,CI,France,SI,9695000CG7B84NLR5984,Confédération Nationale du Crédit Mutuel,false,true,ueber_gruppe,
969500QFU43JUMEBY949,Banque Populaire Bourgogne Franche-Comté,CI,France,SI,9695005MSX1OYEMGDF46,BPCE S.A.,false,true,ueber_gruppe,
969500QH3DQ56ELDMG12,Banque CIC Est,CI,France,SI,9695000CG7B84NLR5984,Confédération Nationale du Crédit Mutuel,false,true,ueber_gruppe,
969500QL4O0R6UCP9V20,Finamur,CI,France,SI,969500TJ5KRTCJQWXH05,Crédit Agricole S.A.,false,true,ueber_gruppe,
969500QQVZTWFHPN2O17,Unifergie - Union pour le financement des économies d’énergie,CI,France,SI,969500TJ5KRTCJQWXH05,Crédit Agricole S.A.,false,true,ueber_gruppe,
969500QUPGUHSZ2FTU81,Généfim,CI,France,SI,O2RNE8IBXP4R0TD8PU41,Société Générale S.A.,false,true,ueber_gruppe,
969500R3EA0ADWQ2II38,Monte Paschi Banque S.A.,CI,France,SI,J4CP7MHCXR8DAQMKIL78,BANCA MONTE DEI PASCHI DI SIENA S.p.A.,false,true,ueber_gruppe,
969500RJUSFHLNM8LI47,Banque du Bâtiment et des Travaux Publics - BTP Banque,CI,France,SI,9695005MSX1OYEMGDF46,BPCE S.A.,false,true,ueber_gruppe,
969500RVNUVNP6SCY284,Banque Populaire du Nord,CI,France,SI,9695005MSX1OYEMGDF46,BPCE S.A.,false,true,ueber_gruppe,
969500SAHI7IJX8TRZ82,Caisse régionale de crédit agricole mutuel de la Martinique et de la Guyane,CI,France,SI,969500TJ5KRTCJQWXH05,Crédit Agricole S.A.,false,true,ueber_gruppe,
969500SGZEL04ORYBK95,Bred Cofilease,CI,France,SI,9695005MSX1OYEMGDF46,BPCE S.A.,false,true,ueber_gruppe,
969500SJXM8MW32ZVG75,Caisse d’Épargne et de Prévoyance Bretagne-Pays de Loire,CI,France,SI,9695005MSX1OYEMGDF46,BPCE S.A.,true,true,meldet_selbst,
969500SRQKP7167VWF70,Caisse régionale de crédit agricole mutuel de la Réunion et de Mayotte,CI,France,SI,969500TJ5KRTCJQWXH05,Crédit Agricole S.A.,false,true,ueber_gruppe,
969500STN7T9MRUMJ267,Bpifrance,CI,France,SI,969500STN7T9MRUMJ267,Bpifrance,true,true,meldet_selbst,
969500SX48YEYEHYII63,Sogefimur,CI,France,SI,O2RNE8IBXP4R0TD8PU41,Société Générale S.A.,false,true,ueber_gruppe,
969500T1UBNNTYVWOS04,BPCE SFH,CI,France,SI,9695005MSX1OYEMGDF46,BPCE S.A.,false,true,ueber_gruppe,
969500T4TDGHRQWB7P58,BPCE International et Outre-Mer S.A.,CI,France,SI,9695005MSX1OYEMGDF46,BPCE S.A.,false,true,ueber_gruppe,
969500TJ5KRTCJQWXH05,Crédit Agricole S.A.,CI,France,SI,969500TJ5KRTCJQWXH05,Crédit Agricole S.A.,true,true,meldet_selbst,
969500TU5ZMYBIWP0R51,Caisse d’Épargne et de Prévoyance Provence-Alpes- Corse,CI,France,SI,9695005MSX1OYEMGDF46,BPCE S.A.,true,true,meldet_selbst,
969500U1YMTCDXPHSS10,SOFIDER,CI,France,SI,9695005MSX1OYEMGDF46,BPCE S.A.,false,true,ueber_gruppe,
969500U61BV3EB4B7I48,Banque de Savoie,CI,France,SI,9695005MSX1OYEMGDF46,BPCE S.A.,false,true,ueber_gruppe,
969500U7ESUWL7OBF125,Compagnie générale de location d’équipements ‘C.G.L.’,CI,France,SI,O2RNE8IBXP4R0TD8PU41,Société Générale S.A.,false,true,ueber_gruppe,
969500UEQ3U3P21QNJ13,Société de Bourse Gilbert DUPONT,CI-B,France,SI,O2RNE8IBXP4R0TD8PU41,Société Générale S.A.,false,true,ueber_gruppe,
969500ULNMJWJWCKM704,CCF Holding,FH,France,SI,549300UARE5MHTBUPJ19,Promontoria 19 Coöperatie U.A.,false,true,ueber_gruppe,
969500URVFX2P87A8306,Caisse régionale de crédit agricole mutuel du Centre Ouest,CI,France,SI,969500TJ5KRTCJQWXH05,Crédit Agricole S.A.,false,true,ueber_gruppe,
969500VCC5OCQHSHU906,Caisse régionale de crédit agricole mutuel Alsace Vosges,CI,France,SI,969500TJ5KRTCJQWXH05,Crédit Agricole S.A.,false,true,ueber_gruppe,
969500VFRBX1W3Y3XS80,CCF,CI,France,SI,549300UARE5MHTBUPJ19,Promontoria 19 Coöperatie U.A.,false,true,ueber_gruppe,
969500VHT1ZNPVWOYF63,BNP Paribas Personal Finance,CI,France,SI,R0MUWSFPU8MPRO8K5P83,BNP Paribas S.A.,true,true,meldet_selbst,
969500VME9AAR39CTQ60,Caisse régionale de crédit agricole mutuel Toulouse 31,CI,France,SI,969500TJ5KRTCJQWXH05,Crédit Agricole S.A.,false,true,ueber_gruppe,
969500VR2NA6ANMTXH21,Caisse d’Épargne et de Prévoyance de Rhône-Alpes,CI,France,SI,9695005MSX1OYEMGDF46,BPCE S.A.,true,true,meldet_selbst,
969500VRA7FNH5YBQJ98,Banque Populaire du Sud,CI,France,SI,9695005MSX1OYEMGDF46,BPCE S.A.,false,true,ueber_gruppe,
969500VSI0Q11PB93327,Caisse régionale de crédit agricole mutuel d’Alpes-Provence,CI,France,SI,969500TJ5KRTCJQWXH05,Crédit Agricole S.A.,false,true,ueber_gruppe,
969500W27MXOYZQRB449,Banque CIC Sud-Ouest,CI,France,SI,9695000CG7B84NLR5984,Confédération Nationale du Crédit Mutuel,false,true,ueber_gruppe,
969500W2MGVVW9OKB478,Banque Populaire Occitane,CI,France,SI,9695005MSX1OYEMGDF46,BPCE S.A.,false,true,ueber_gruppe,
969500W34S6NCZWYBV47,Caisse d’Épargne et de Prévoyance Ile-de-France,CI,France,SI,9695005MSX1OYEMGDF46,BPCE S.A.,true,true,meldet_selbst,
969500W7Y2VW04VB8943,Banque Populaire Val de France,CI,France,SI,9695005MSX1OYEMGDF46,BPCE S.A.,false,true,ueber_gruppe,
969500W8LGZQUL2KL242,CASDEN Banque Populaire,CI,France,SI,9695005MSX1OYEMGDF46,BPCE S.A.,false,true,ueber_gruppe,
969500W8SBCXNX1DG443,Banque Populaire Rives de Paris,CI,France,SI,9695005MSX1OYEMGDF46,BPCE S.A.,true,true,meldet_selbst,
969500WFZ7C2IBN9TB80,Banque Populaire Grand Ouest,CI,France,SI,9695005MSX1OYEMGDF46,BPCE S.A.,true,true,meldet_selbst,
969500WG4PW2O28P5546,Cofidis Group,FH,France,SI,9695000CG7B84NLR5984,Confédération Nationale du Crédit Mutuel,false,true,ueber_gruppe,
969500WJ4V0WNG8Q5L42,Caisse régionale de crédit agricole mutuel Centre-Est,CI,France,SI,969500TJ5KRTCJQWXH05,Crédit Agricole S.A.,true,true,meldet_selbst,
969500WME8Y1C3PFJO94,Caisse régionale de crédit agricole mutuel Charente-Maritime Deux-Sèvres,CI,France,SI,969500TJ5KRTCJQWXH05,Crédit Agricole S.A.,false,true,ueber_gruppe,
969500X4B1N5NA7VL398,BPCE Lease Immo,CI,France,SI,9695005MSX1OYEMGDF46,BPCE S.A.,false,true,ueber_gruppe,
969500X5SDIOTP2B2892,"Natiocredimurs, Société en Nom Collectif",CI,France,SI,R0MUWSFPU8MPRO8K5P83,BNP Paribas S.A.,false,true,ueber_gruppe,
969500X6PPLAEU0GBV79,Banque Chalus,CI,France,SI,969500TJ5KRTCJQWXH05,Crédit Agricole S.A.,false,true,ueber_gruppe,
969500X8MO6M37C47827,Caisse régionale de crédit agricole mutuel d’Aquitaine,CI,France,SI,969500TJ5KRTCJQWXH05,Crédit Agricole S.A.,true,true,meldet_selbst,
969500XM9XYLLPWS3X80,Caisse régionale de crédit agricole mutuel de Lorraine,CI,France,SI,969500TJ5KRTCJQWXH05,Crédit Agricole S.A.,false,true,ueber_gruppe,
969500XQTL79VHO3DZ93,BPCE Factor,CI,France,SI,9695005MSX1OYEMGDF46,BPCE S.A.,false,true,ueber_gruppe,
969500XVHN9Z1Z1Y1358,Caisse d’Épargne et de Prévoyance Loire-Centre,CI,France,SI,9695005MSX1OYEMGDF46,BPCE S.A.,false,true,ueber_gruppe,
969500Y1FC8WMV806K57,Cholet Dupont Oudart,CI,France,SI,969500TJ5KRTCJQWXH05,Crédit Agricole S.A.,false,true,ueber_gruppe,
969500Y5C0C13HQSAB09,Natixis Coficiné,CI,France,SI,9695005MSX1OYEMGDF46,BPCE S.A.,false,true,ueber_gruppe,
969500Y5YGKGKT3Q1627,Compagnie pour la Location de Véhicules (CLV),CI,France,SI,5493006QMFDDMYWIAM13,"Banco Santander, S.A.",false,true,ueber_gruppe,
969500YEPXWE78XJIB31,Crédit foncier et communal d’Alsace et de Lorraine-banque,CI,France,SI,9695000CG7B84NLR5984,Confédération Nationale du Crédit Mutuel,false,true,ueber_gruppe,
969500YOM7PBQMJLNE66,Caisse de Bretagne de Crédit Mutuel Agricole,CI,France,SI,9695000CG7B84NLR5984,Confédération Nationale du Crédit Mutuel,false,true,ueber_gruppe,
969500ZO0UK0ACQQHO98,Fédéral finance,CI,France,SI,9695000CG7B84NLR5984,Confédération Nationale du Crédit Mutuel,false,true,ueber_gruppe,
969500ZQ9ZCXKXACF956,Arkéa banking services,CI,France,SI,9695000CG7B84NLR5984,Confédération Nationale du Crédit Mutuel,false,true,ueber_gruppe,
CVRWQDHDBEPUUVU2FD09,Crelan Home Loan SCF,CI,France,SI,549300DYPOFMXOR7XM56,Crelan SA ; Crelan NV,false,true,ueber_gruppe,
DKGVVH5FKILG8R13CO13,Compagnie de Financement Foncier,CI,France,SI,9695005MSX1OYEMGDF46,BPCE S.A.,false,true,ueber_gruppe,
EJ3P8B7HPQFKAH6YME79,Banque Palatine,CI,France,SI,9695005MSX1OYEMGDF46,BPCE S.A.,false,true,ueber_gruppe,
F0HUI1NY1AZMJMD8LP67,HSBC Continental Europe,CI,France,SI,F0HUI1NY1AZMJMD8LP67,HSBC Continental Europe,true,true,meldet_selbst,
KX1WK48MPD4Y2NCUIZ63,Natixis S.A.,CI,France,SI,9695005MSX1OYEMGDF46,BPCE S.A.,true,true,meldet_selbst,
N4JDFKKH2FTD8RKFXO39,Crédit Industriel et Commercial - Cic,CI,France,SI,9695000CG7B84NLR5984,Confédération Nationale du Crédit Mutuel,true,true,meldet_selbst,
NICH5Q04ADUV9SN3Q390,BRED - Banque Populaire,CI,France,SI,9695005MSX1OYEMGDF46,BPCE S.A.,true,true,meldet_selbst,
O2RNE8IBXP4R0TD8PU41,Société Générale S.A.,CI,France,SI,O2RNE8IBXP4R0TD8PU41,Société Générale S.A.,true,true,meldet_selbst,
R0MUWSFPU8MPRO8K5P83,BNP Paribas S.A.,CI,France,SI,R0MUWSFPU8MPRO8K5P83,BNP Paribas S.A.,true,true,meldet_selbst,
SQEISV1ELQFV4EDRBN58,Caisse régionale de crédit agricole mutuel de Normandie,CI,France,SI,969500TJ5KRTCJQWXH05,Crédit Agricole S.A.,false,true,ueber_gruppe,
VBHFXSYT7OG62HNT8T76,Banque Fédérative du Crédit Mutuel,CI,France,SI,9695000CG7B84NLR5984,Confédération Nationale du Crédit Mutuel,false,true,ueber_gruppe,
W2RVX391BFSQJQAGEM62,Crédit Coopératif,CI,France,SI,9695005MSX1OYEMGDF46,BPCE S.A.,false,true,ueber_gruppe,
0W2PZJM8XOY22M4GG883,DekaBank Deutsche Girozentrale,CI,Germany,SI,0W2PZJM8XOY22M4GG883,DekaBank Deutsche Girozentrale,true,true,meldet_selbst,
213800QILIUD4ROSUO03,Deutsche Bank Europe GmbH,CI,Germany,SI,7LTWFZYICNSX8D621K86,Deutsche Bank AG,false,true,ueber_gruppe,
2ZCNRR8UK83OBTEK2170,UniCredit Bank GmbH,CI,Germany,SI,549300TRUWO2CD2G5692,UniCredit S.p.A.,true,true,meldet_selbst,
3912001VYZ4FACUQ1K19,GENO Broker GmbH,CI,Germany,SI,529900HNOAA1KXQJUQ27,DZ BANK AG Deutsche Zentral-Genossenschaftsbank,false,true,ueber_gruppe,
391200EAYM5TKNGYS461,Frankfurter Bankgesellschaft Holding AG,FH,Germany,SI,DIZES5CFO5K3I5R58746,Landesbank Hessen-Thüringen Girozentrale,false,true,ueber_gruppe,
391200EEGLNXBBCVKC73,Erwerbsgesellschaft der S-Finanzgruppe mbH & Co. KG,FH,Germany,SI,391200EEGLNXBBCVKC73,Erwerbsgesellschaft der S-Finanzgruppe mbH & Co. KG,true,true,meldet_selbst,
391200IBCEYMREHKPO13,VR Smart Finanz Bank GmbH,CI,Germany,SI,529900HNOAA1KXQJUQ27,DZ BANK AG Deutsche Zentral-Genossenschaftsbank,false,true,ueber_gruppe,
391200JSBVM7SPMPFX14,MCE Bank GmbH,CI,Germany,SI,5493006QMFDDMYWIAM13,"Banco Santander, S.A.",false,true,ueber_gruppe,
391200UZL84G59FD0D11,Hyundai Capital Bank Europe GmbH,CI,Germany,SI,5493006QMFDDMYWIAM13,"Banco Santander, S.A.",false,true,ueber_gruppe,
391200XC6WLFU5H11N05,BPCE Germany Holding GmbH,FH,Germany,SI,9695005MSX1OYEMGDF46,BPCE S.A.,false,true,ueber_gruppe,
3KXUNHVVQFIJN6RHLO76,ING-DiBa AG,CI,Germany,SI,549300NYKK9MWM7GGW15,ING Groep N.V.,false,true,ueber_gruppe,
5299002CRNX7K6KOL397,Openbank Deutschland Aktiengesellschaft,CI,Germany,SI,5493006QMFDDMYWIAM13,"Banco Santander, S.A.",false,true,ueber_gruppe,
5299002GPCR602QYJC04,KfW Beteiligungsholding GmbH,FH,Germany,SI,5299002GPCR602QYJC04,KfW Beteiligungsholding GmbH,true,true,meldet_selbst,
5299004TE2DYMKEAM814,DZ HYP AG,CI,Germany,SI,529900HNOAA1KXQJUQ27,DZ BANK AG Deutsche Zentral-Genossenschaftsbank,false,true,ueber_gruppe,
52990056C1E0V96O5B50,CreditPlus Bank Aktiengesellschaft,CI,Germany,SI,969500TJ5KRTCJQWXH05,Crédit Agricole S.A.,false,true,ueber_gruppe,
5299007QVIQ7IO64NX37,UBS Europe SE,CI,Germany,SI,5299007QVIQ7IO64NX37,UBS Europe SE,true,true,meldet_selbst,
5299007S3UH5RKUYDA52,Deutsche Apotheker- und Ärztebank eG,CI,Germany,SI,5299007S3UH5RKUYDA52,Deutsche Apotheker- und Ärztebank eG,true,true,meldet_selbst,
5299008I0TO44SUINZ71,Oldenburgische Landesbank Aktiengesellschaft,CI,Germany,SI,9695000CG7B84NLR5984,Confédération Nationale du Crédit Mutuel,true,true,meldet_selbst,
5299008RRLLP8RA53L11,Frankfurter Bankgesellschaft (Deutschland) AG,CI,Germany,SI,DIZES5CFO5K3I5R58746,Landesbank Hessen-Thüringen Girozentrale,false,true,ueber_gruppe,
529900A3P80B8TXJHR15,Targo Deutschland GmbH,FH,Germany,SI,9695000CG7B84NLR5984,Confédération Nationale du Crédit Mutuel,false,true,ueber_gruppe,
529900DSJ4S9VXG0FS94,TARGOBANK AG,CI,Germany,SI,9695000CG7B84NLR5984,Confédération Nationale du Crédit Mutuel,false,true,ueber_gruppe,
529900EVCB17C6S4D127,State Street Holdings Germany GmbH,FH,Germany,SI,529900V3O1M5IHMOSF46,State Street Europe Holdings Germany S.à.r.l. & Co. KG,false,true,ueber_gruppe,
529900F5KTT6ZUPA8N40,Hamburger Sparkasse AG,CI,Germany,SI,529900JZTYE3W7WQH904,HASPA Finanzholding,false,true,ueber_gruppe,
529900FU4WJ2XT7BVE31,LBS Landesbausparkasse Süd,CI,Germany,SI,529900FU4WJ2XT7BVE31,LBS Landesbausparkasse Süd,true,true,meldet_selbst,
529900GJD3OQLRZCKW37,Volkswagen Bank GmbH,CI,Germany,SI,529900SSGT49ZZSWYE62,Volkswagen Financial Services AG,false,true,ueber_gruppe,
529900GM944JT8YIRL63,Münchener Hypothekenbank eG,CI,Germany,SI,529900GM944JT8YIRL63,Münchener Hypothekenbank eG,true,true,meldet_selbst,
529900GXEWI4BLMXTJ81,S Broker AG & Co. KG,CI,Germany,SI,0W2PZJM8XOY22M4GG883,DekaBank Deutsche Girozentrale,false,true,ueber_gruppe,
529900HNOAA1KXQJUQ27,DZ BANK AG Deutsche Zentral-Genossenschaftsbank,CI,Germany,SI,529900HNOAA1KXQJUQ27,DZ BANK AG Deutsche Zentral-Genossenschaftsbank,true,true,meldet_selbst,
529900J6VNDBVTKV7I86,Natixis Pfandbriefbank AG,CI,Germany,SI,9695005MSX1OYEMGDF46,BPCE S.A.,false,true,ueber_gruppe,
529900JZTYE3W7WQH904,HASPA Finanzholding,FH,Germany,SI,529900JZTYE3W7WQH904,HASPA Finanzholding,true,true,meldet_selbst,
529900JZXXU699FCKK89,"Bausparkasse Schwäbisch Hall Aktiengesellschaft, Bausparkasse der Volksbanken und Raiffeisenbanken",CI,Germany,SI,529900HNOAA1KXQJUQ27,DZ BANK AG Deutsche Zentral-Genossenschaftsbank,true,true,meldet_selbst,
529900K16YGKC8BES892,Deutsche Kreditbank Aktiengesellschaft,CI,Germany,SI,VDYMYTQGZZ6DU0912C88,Bayerische Landesbank,true,true,meldet_selbst,
529900KRVTRP5RWP9K95,Open Group Deutschland Holding GmbH,FH,Germany,SI,5493006QMFDDMYWIAM13,"Banco Santander, S.A.",true,true,meldet_selbst,
529900O36LIHML9KNF05,GEFA BANK GmbH,CI,Germany,SI,9695005MSX1OYEMGDF46,BPCE S.A.,false,true,ueber_gruppe,
529900OQ9BR23GQ6MD82,MMV Bank GmbH,CI,Germany,SI,B81CK4ESI35472RHJ606,Landesbank Baden-Württemberg,false,true,ueber_gruppe,
529900Q1M1F4M8KMTM64,KfW IPEX-Bank GmbH,CI,Germany,SI,5299002GPCR602QYJC04,KfW Beteiligungsholding GmbH,false,true,ueber_gruppe,
529900RI32IU7J7VF635,BSK 1818 Holding AG,FH,Germany,SI,391200EEGLNXBBCVKC73,Erwerbsgesellschaft der S-Finanzgruppe mbH & Co. KG,false,true,ueber_gruppe,
529900RXTG7SEZWVGV30,Atlantic BidCo GmbH,FH,Germany,SI,254900RNFMDM0P11YR84,Atlantic Lux HoldCo S.à r.l.,false,true,ueber_gruppe,
529900S1KHKOEQL5CK20,Wüstenrot Bausparkasse Aktiengesellschaft,CI,Germany,SI,529900S1KHKOEQL5CK20,Wüstenrot Bausparkasse Aktiengesellschaft,true,true,meldet_selbst,
529900SSGT49ZZSWYE62,Volkswagen Financial Services AG,FH,Germany,SI,529900SSGT49ZZSWYE62,Volkswagen Financial Services AG,true,true,meldet_selbst,
529900U1VF734FP08987,Hanseatic Bank GmbH & Co KG,CI,Germany,SI,O2RNE8IBXP4R0TD8PU41,Société Générale S.A.,false,true,ueber_gruppe,
529900V3O1M5IHMOSF46,State Street Europe Holdings Germany S.à.r.l. & Co. KG,FH,Germany,SI,529900V3O1M5IHMOSF46,State Street Europe Holdings Germany S.à.r.l. & Co. KG,true,true,meldet_selbst,
529900VA5CNBWXAONR25,Frankfurter Sparkasse AdöR,CI,Germany,SI,DIZES5CFO5K3I5R58746,Landesbank Hessen-Thüringen Girozentrale,false,true,ueber_gruppe,
529900WMBOJTFWCJ6Z71,norisbank GmbH,CI,Germany,SI,7LTWFZYICNSX8D621K86,Deutsche Bank AG,false,true,ueber_gruppe,
529900XIPMQFJ8PTB895,TeamBank AG Nürnberg,CI,Germany,SI,529900HNOAA1KXQJUQ27,DZ BANK AG Deutsche Zentral-Genossenschaftsbank,false,true,ueber_gruppe,
54930056FHWP7GIWYY08,Morgan Stanley Europe SE,CI-B,Germany,SI,54930056FHWP7GIWYY08,Morgan Stanley Europe SE,true,true,meldet_selbst,
5493007S4JE930SIUE86,ING Holding Deutschland GmbH,FH,Germany,SI,549300NYKK9MWM7GGW15,ING Groep N.V.,true,true,meldet_selbst,
549300ZK53CNGEEI6A29,J.P. Morgan SE,CI,Germany,SI,549300ZK53CNGEEI6A29,J.P. Morgan SE,true,true,meldet_selbst,
6TJCK1B7E7UTXP528Y04,Citigroup Global Markets Europe AG,CI-B,Germany,SI,6TJCK1B7E7UTXP528Y04,Citigroup Global Markets Europe AG,true,true,meldet_selbst,
7CPI4ZQUQVBDH8SA1F44,Morgan Stanley Bank Aktiengesellschaft,CI,Germany,SI,54930056FHWP7GIWYY08,Morgan Stanley Europe SE,false,true,ueber_gruppe,
7D9EHZL14BBPJWTN6S08,BHW Bausparkasse AG,CI,Germany,SI,7LTWFZYICNSX8D621K86,Deutsche Bank AG,true,true,meldet_selbst,
7LTWFZYICNSX8D621K86,Deutsche Bank AG,CI,Germany,SI,7LTWFZYICNSX8D621K86,Deutsche Bank AG,true,true,meldet_selbst,
851WYGNLUQLFZBSYGB56,COMMERZBANK Aktiengesellschaft,CI,Germany,SI,851WYGNLUQLFZBSYGB56,COMMERZBANK Aktiengesellschaft,true,true,meldet_selbst,
8IBZUGJ7JPLH368JE346,Goldman Sachs Bank Europe SE,CI,Germany,SI,8IBZUGJ7JPLH368JE346,Goldman Sachs Bank Europe SE,true,true,meldet_selbst,
B81CK4ESI35472RHJ606,Landesbank Baden-Württemberg,CI,Germany,SI,B81CK4ESI35472RHJ606,Landesbank Baden-Württemberg,true,true,meldet_selbst,
DIZES5CFO5K3I5R58746,Landesbank Hessen-Thüringen Girozentrale,CI,Germany,SI,DIZES5CFO5K3I5R58746,Landesbank Hessen-Thüringen Girozentrale,true,true,meldet_selbst,
DSNHHQ2B9X5N6OUJ1236,Norddeutsche Landesbank -Girozentrale-,CI,Germany,SI,DSNHHQ2B9X5N6OUJ1236,Norddeutsche Landesbank -Girozentrale-,true,true,meldet_selbst,
DZZ47B9A52ZJ6LT6VV95,Deutsche Pfandbriefbank AG,CI,Germany,SI,DZZ47B9A52ZJ6LT6VV95,Deutsche Pfandbriefbank AG,true,true,meldet_selbst,
EZKODONU5TYHW4PP1R34,Aareal Bank AG,CI,Germany,SI,254900RNFMDM0P11YR84,Atlantic Lux HoldCo S.à r.l.,false,true,ueber_gruppe,
GTQYZJON3I7SXRNJTT73,BSK 1818 AG,CI,Germany,SI,391200EEGLNXBBCVKC73,Erwerbsgesellschaft der S-Finanzgruppe mbH & Co. KG,true,true,meldet_selbst,
SVY0KHTJZBP60K295346,DZ PRIVATBANK AG,CI,Germany,SI,529900HNOAA1KXQJUQ27,DZ BANK AG Deutsche Zentral-Genossenschaftsbank,false,true,ueber_gruppe,
TUKDD90GPC79G1KOE162,Hamburg Commercial Bank AG,CI,Germany,SI,TUKDD90GPC79G1KOE162,Hamburg Commercial Bank AG,true,true,meldet_selbst,
VDYMYTQGZZ6DU0912C88,Bayerische Landesbank,CI,Germany,SI,VDYMYTQGZZ6DU0912C88,Bayerische Landesbank,true,true,meldet_selbst,
ZMHGNT7ZPKZ3UFZ8EO46,State Street Bank International GmbH,CI,Germany,SI,529900V3O1M5IHMOSF46,State Street Europe Holdings Germany S.à.r.l. & Co. KG,false,true,ueber_gruppe,
213800DBQIB6VBNU5C64,ALPHA BANK S.A.,CI,Greece,SI,213800DBQIB6VBNU5C64,ALPHA BANK S.A.,true,true,meldet_selbst,
213800FLZB75NI6NRO92,Snappi S.A.,CI,Greece,SI,213800OYHR1MPQ5VJL60,Piraeus Bank S.A.,false,false,namensgleicher_melder,M6AD1Y1KW32H8THQ6F76 Piraeus Financial Holdings
213800KGF4EFNUQKAT69,Eurobank S.A.,CI,Greece,SI,213800KGF4EFNUQKAT69,Eurobank S.A.,true,true,meldet_selbst,
213800OYHR1MPQ5VJL60,Piraeus Bank S.A.,CI,Greece,SI,213800OYHR1MPQ5VJL60,Piraeus Bank S.A.,false,false,namensgleicher_melder,M6AD1Y1KW32H8THQ6F76 Piraeus Financial Holdings
5UMCZOEYKCVFAW8ZLO05,National Bank of Greece S.A.,CI,Greece,SI,5UMCZOEYKCVFAW8ZLO05,National Bank of Greece S.A.,true,true,meldet_selbst,
2G5BKIC2CB69PRJH1W31,Barclays Bank Ireland plc,CI,Ireland,SI,2G5BKIC2CB69PRJH1W31,Barclays Bank Ireland plc,true,true,meldet_selbst,
3U8WV1YX2VMUHH7Z1Q21,"Allied Irish Banks, plc",CI,Ireland,SI,635400AKJBGNS5WNQL34,AIB Group plc,false,true,ueber_gruppe,
549300CGO72ED3XVUZ04,AIB MORTGAGE BANK UNLIMITED COMPANY,CI,Ireland,SI,635400AKJBGNS5WNQL34,AIB Group plc,false,true,ueber_gruppe,
549300QS0R6M20VUB380,EBS Designated Activity Company,CI,Ireland,SI,635400AKJBGNS5WNQL34,AIB Group plc,false,true,ueber_gruppe,
635400AKJBGNS5WNQL34,AIB Group plc,FH,Ireland,SI,635400AKJBGNS5WNQL34,AIB Group plc,true,true,meldet_selbst,
635400C8EK6DRI12LJ39,Bank of Ireland Group plc,FH,Ireland,SI,635400C8EK6DRI12LJ39,Bank of Ireland Group plc,true,true,meldet_selbst,
635400L14KNHZXPUZM19,Bank of Cyprus Holdings Public Limited Company,FH,Ireland,SI,635400L14KNHZXPUZM19,Bank of Cyprus Holdings Public Limited Company,true,true,meldet_selbst,
635400LWGWFFKITHYD44,Bank of Ireland Mortgage Bank,CI,Ireland,SI,635400C8EK6DRI12LJ39,Bank of Ireland Group plc,false,true,ueber_gruppe,
EQYXK86SF381Q21S3020,Bank of America Europe Designated Activity Company,CI,Ireland,SI,EQYXK86SF381Q21S3020,Bank of America Europe Designated Activity Company,true,true,meldet_selbst,
N1FBEDJ5J41VKZLO2475,Citibank Europe plc,CI,Ireland,SI,N1FBEDJ5J41VKZLO2475,Citibank Europe plc,true,true,meldet_selbst,
Q2GQA2KF6XJ24W42G291,The Governor and Company of the Bank of Ireland,CI,Ireland,SI,635400C8EK6DRI12LJ39,Bank of Ireland Group plc,false,true,ueber_gruppe,
2138002ZW2HMFTRYF147,Banca di Credito Cooperativo del Metauro - Società Cooperativa,CI,Italy,SI,NNVPP80YIZGEY2314M97,ICCREA Banca S.p.A. - Istituto Centrale del Credito Cooperativo,false,true,ueber_gruppe,
2138003K4HA4JNKW7342,Banca di Credito Cooperativo di Pergola e Corinaldo - Società cooperativa,CI,Italy,SI,NNVPP80YIZGEY2314M97,ICCREA Banca S.p.A. - Istituto Centrale del Credito Cooperativo,false,true,ueber_gruppe,
2138005G7OZ24BLZMP56,Banca di Pesaro Credito Cooperativo - Società Cooperativa,CI,Italy,SI,NNVPP80YIZGEY2314M97,ICCREA Banca S.p.A. - Istituto Centrale del Credito Cooperativo,false,true,ueber_gruppe,
2138005YNZGB4JGPNL33,Banca di Credito Cooperativo di Recanati e Colmurano - Società Cooperativa,CI,Italy,SI,NNVPP80YIZGEY2314M97,ICCREA Banca S.p.A. - Istituto Centrale del Credito Cooperativo,false,true,ueber_gruppe,
2138006RZQ2Q5WP2V343,Banca di Credito Cooperativo di Fano - Società Cooperativa,CI,Italy,SI,NNVPP80YIZGEY2314M97,ICCREA Banca S.p.A. - Istituto Centrale del Credito Cooperativo,false,true,ueber_gruppe,
213800AGKVL18YKQSV51,Banco Marchigiano Credito Cooperativo,CI,Italy,SI,LOO0AWXR8GF142JCO404,Cassa Centrale Banca - Credito Cooperativo Italiano S.p.A.,false,true,ueber_gruppe,
213800BABSIOVJ9U9136,Banca di Ripatransone e del Fermano Credito Cooperativo - Società cooperativa,CI,Italy,SI,NNVPP80YIZGEY2314M97,ICCREA Banca S.p.A. - Istituto Centrale del Credito Cooperativo,false,true,ueber_gruppe,
213800E4QT6C67P9QR72,Banca di Pescia e Cascina Credito Cooperativo - Società Cooperativa S.C.,CI,Italy,SI,NNVPP80YIZGEY2314M97,ICCREA Banca S.p.A. - Istituto Centrale del Credito Cooperativo,false,true,ueber_gruppe,
213800HEAE6H2M1Q3S97,Banca del Piceno Credito Cooperativo - Società cooperativa,CI,Italy,SI,NNVPP80YIZGEY2314M97,ICCREA Banca S.p.A. - Istituto Centrale del Credito Cooperativo,false,true,ueber_gruppe,
213800HX3NN1E7FQEQ06,Banca dei Sibillini-Credito Cooperativo di Casavecchia -Società cooperativa,CI,Italy,SI,NNVPP80YIZGEY2314M97,ICCREA Banca S.p.A. - Istituto Centrale del Credito Cooperativo,false,true,ueber_gruppe,
213800J7R5S5HB56BJ48,Banca di Credito Cooperativo di Ostra e Morro d'Alba - Società Cooperativa,CI,Italy,SI,NNVPP80YIZGEY2314M97,ICCREA Banca S.p.A. - Istituto Centrale del Credito Cooperativo,false,true,ueber_gruppe,
213800OJ4LG8R54XIX88,Banca di Ancona e Falconara Marittima Credito Cooperativo - Società Cooperativa,CI,Italy,SI,NNVPP80YIZGEY2314M97,ICCREA Banca S.p.A. - Istituto Centrale del Credito Cooperativo,false,true,ueber_gruppe,
213800WWEG2ERRNV4T32,Banca di Credito Cooperativo di Ostra Vetere - Società Cooperativa,CI,Italy,SI,NNVPP80YIZGEY2314M97,ICCREA Banca S.p.A. - Istituto Centrale del Credito Cooperativo,false,true,ueber_gruppe,
213800XNM6R7H7YDYM15,BANCA DI FILOTTRANO - CREDITO COOPERATIVO DI FILOTTRANO E DI CAMERANO-SOCIETA' COOPERATIVA,CI,Italy,SI,NNVPP80YIZGEY2314M97,ICCREA Banca S.p.A. - Istituto Centrale del Credito Cooperativo,false,true,ueber_gruppe,
213800Y98OCZVJIM5C04,CASSA RURALE ED ARTIGIANA DI CANTÙ BANCA DI CREDITO COOPERATIVO - Società cooperativa,CI,Italy,SI,NNVPP80YIZGEY2314M97,ICCREA Banca S.p.A. - Istituto Centrale del Credito Cooperativo,false,true,ueber_gruppe,
213800YGLP66PQFJDE14,Emil Banca - Credito Cooperativo - Società Cooperativa,CI,Italy,SI,NNVPP80YIZGEY2314M97,ICCREA Banca S.p.A. - Istituto Centrale del Credito Cooperativo,false,true,ueber_gruppe,
2W8N8UU78PMDQKZENC08,Intesa Sanpaolo S.p.A.,CI,Italy,SI,2W8N8UU78PMDQKZENC08,Intesa Sanpaolo S.p.A.,true,true,meldet_selbst,
5299009VRTVEID33F522,VALPOLICELLA BENACO BANCA CREDITO COOPERATIVO (VERONA) - SOCIETA' COOPERATIVA,CI,Italy,SI,NNVPP80YIZGEY2314M97,ICCREA Banca S.p.A. - Istituto Centrale del Credito Cooperativo,false,true,ueber_gruppe,
529900A89KU7DB0XKP06,Cassa Rurale ed Artigiana di Boves - Banca di Credito Cooperativo (Boves - Cuneo) - Società Cooperativa,CI,Italy,SI,LOO0AWXR8GF142JCO404,Cassa Centrale Banca - Credito Cooperativo Italiano S.p.A.,false,true,ueber_gruppe,
529900ARX9C44EDFQG43,Raiffeisenkasse Ritten Genossenschaft - Cassa Rurale Renon Società Cooperativa,CI,Italy,SI,LOO0AWXR8GF142JCO404,Cassa Centrale Banca - Credito Cooperativo Italiano S.p.A.,false,true,ueber_gruppe,
529900DYXMRV3VD4O825,Banca Alpi Marittime Credito Cooperativo Carrù Società cooperativa per azioni,CI,Italy,SI,NNVPP80YIZGEY2314M97,ICCREA Banca S.p.A. - Istituto Centrale del Credito Cooperativo,false,true,ueber_gruppe,
529900NQZHRIVDUZTC59,"CentroMarca Banca - Credito Cooperativo di Treviso e Venezia, Società Cooperativa per azioni",CI,Italy,SI,NNVPP80YIZGEY2314M97,ICCREA Banca S.p.A. - Istituto Centrale del Credito Cooperativo,false,true,ueber_gruppe,
529900SCODDYH4YVYA60,Banca Veronese Credito Cooperativo di Concamarise - Società cooperativa,CI,Italy,SI,NNVPP80YIZGEY2314M97,ICCREA Banca S.p.A. - Istituto Centrale del Credito Cooperativo,false,true,ueber_gruppe,
529900SS7ZWCX82U3W60,Deutsche Bank S.p.A.,CI,Italy,SI,7LTWFZYICNSX8D621K86,Deutsche Bank AG,true,true,meldet_selbst,
529900ZYI15J69I7KK95,Banca di Credito Cooperativo Valdostana - Coopérative de Crédit Valdôtaine - Società Cooperativa,CI,Italy,SI,LOO0AWXR8GF142JCO404,Cassa Centrale Banca - Credito Cooperativo Italiano S.p.A.,false,true,ueber_gruppe,
5493000IPQ5EZ5Y4WC35,La Cassa Rurale – Credito Cooperativo Adamello Giudicarie Valsabbia Paganella - Società Cooperativa,CI,Italy,SI,LOO0AWXR8GF142JCO404,Cassa Centrale Banca - Credito Cooperativo Italiano S.p.A.,false,true,ueber_gruppe,
5493001IDJJSIDOP8024,Banca di Credito Cooperativo di Spello e del Velino – Società Cooperativa,CI,Italy,SI,LOO0AWXR8GF142JCO404,Cassa Centrale Banca - Credito Cooperativo Italiano S.p.A.,false,true,ueber_gruppe,
5493001TFWOL7W94IZ53,CHIANTIBANCA - CREDITO COOPERATIVO - S.C.,CI,Italy,SI,NNVPP80YIZGEY2314M97,ICCREA Banca S.p.A. - Istituto Centrale del Credito Cooperativo,false,true,ueber_gruppe,
549300207BR8W5FCX367,Banca 360 Credito Cooperativo FVG - Società Cooperativa,CI,Italy,SI,LOO0AWXR8GF142JCO404,Cassa Centrale Banca - Credito Cooperativo Italiano S.p.A.,false,true,ueber_gruppe,
5493002GUK42AICGG334,Banca di Credito Cooperativo Lodi - Società cooperativa,CI,Italy,SI,LOO0AWXR8GF142JCO404,Cassa Centrale Banca - Credito Cooperativo Italiano S.p.A.,false,true,ueber_gruppe,
5493002HFC6D3TA7KQ61,Banca di Credito Cooperativo di Cherasco - Società cooperativa,CI,Italy,SI,LOO0AWXR8GF142JCO404,Cassa Centrale Banca - Credito Cooperativo Italiano S.p.A.,false,true,ueber_gruppe,
5493002ZF0U0GKWZR064,Banca di Credito Cooperativo Venezia Giulia – Società cooperativa,CI,Italy,SI,NNVPP80YIZGEY2314M97,ICCREA Banca S.p.A. - Istituto Centrale del Credito Cooperativo,false,true,ueber_gruppe,
54930034BCN4UKQP6G13,Banca per il Trentino Alto Adige – Bank für Trentino-Südtirol – Credito Cooperativo Italiano Società Cooperativa,CI,Italy,SI,LOO0AWXR8GF142JCO404,Cassa Centrale Banca - Credito Cooperativo Italiano S.p.A.,false,true,ueber_gruppe,
5493004CEH2M42CLH992,BCC Leasing S.p.A.,CI,Italy,SI,NNVPP80YIZGEY2314M97,ICCREA Banca S.p.A. - Istituto Centrale del Credito Cooperativo,false,true,ueber_gruppe,
54930051952BDB4UR393,Cassa Rurale di Ledro - Banca di Credito Cooperativo - Società cooperativa,CI,Italy,SI,LOO0AWXR8GF142JCO404,Cassa Centrale Banca - Credito Cooperativo Italiano S.p.A.,false,true,ueber_gruppe,
5493005B0M5DJBZW1L20,Banca di Credito Cooperativo Pordenonese e Monsile - Società cooperativa,CI,Italy,SI,NNVPP80YIZGEY2314M97,ICCREA Banca S.p.A. - Istituto Centrale del Credito Cooperativo,false,true,ueber_gruppe,
549300627QRYTW1KIZ12,Banca di Credito Cooperativo Carate Brianza e Treviglio - Società Cooperativa,CI,Italy,SI,NNVPP80YIZGEY2314M97,ICCREA Banca S.p.A. - Istituto Centrale del Credito Cooperativo,false,true,ueber_gruppe,
5493006DF3CJAPW64Z40,Banca di Credito Cooperativo della Romagna Occidentale - Società cooperativa,CI,Italy,SI,LOO0AWXR8GF142JCO404,Cassa Centrale Banca - Credito Cooperativo Italiano S.p.A.,false,true,ueber_gruppe,
5493006IXEI238WEWX48,Cassa Rurale AltoGarda - Rovereto - Banca di Credito Cooperativo - Società Cooperativa,CI,Italy,SI,LOO0AWXR8GF142JCO404,Cassa Centrale Banca - Credito Cooperativo Italiano S.p.A.,false,true,ueber_gruppe,
54930082Z2DPUUSYXO04,BENE BANCA CREDITO COOPERATIVO DI BENE VAGIENNA (CUNEO) - SOCIETA’ COOPERATIVA,CI,Italy,SI,LOO0AWXR8GF142JCO404,Cassa Centrale Banca - Credito Cooperativo Italiano S.p.A.,false,true,ueber_gruppe,
54930090SMZ6BUH5QZ02,Banca di Credito Cooperativo di San Marco dei Cavoti e del Sannio - Calvi - Società cooperativa,CI,Italy,SI,NNVPP80YIZGEY2314M97,ICCREA Banca S.p.A. - Istituto Centrale del Credito Cooperativo,false,true,ueber_gruppe,
549300BDK2FS7ZK39197,Compass Banca S.p.A.,CI,Italy,SI,J4CP7MHCXR8DAQMKIL78,BANCA MONTE DEI PASCHI DI SIENA S.p.A.,false,true,ueber_gruppe,
549300C6L67POGOTK470,Banca di Credito Cooperativo di Milano - Società cooperativa,CI,Italy,SI,NNVPP80YIZGEY2314M97,ICCREA Banca S.p.A. - Istituto Centrale del Credito Cooperativo,false,true,ueber_gruppe,
549300CUJUUF2CK3QK26,"Banca di Credito Cooperativo di Alba, Langhe, Roero e del Canavese Società Cooperativa",CI,Italy,SI,NNVPP80YIZGEY2314M97,ICCREA Banca S.p.A. - Istituto Centrale del Credito Cooperativo,false,true,ueber_gruppe,
549300DY78U4CMKNHE48,Banca Cesare Ponti S.p.A.,CI,Italy,SI,N747OI7JINV7RUUH6190,BPER Banca S.p.A.,false,true,ueber_gruppe,
549300EJVW55HJ98V521,Banca di Credito Cooperativo di Roma - Società Cooperativa,CI,Italy,SI,NNVPP80YIZGEY2314M97,ICCREA Banca S.p.A. - Istituto Centrale del Credito Cooperativo,false,true,ueber_gruppe,
549300FO5ANZMIVPNN87,Credito Cooperativo Friuli - Società Cooperativa,CI,Italy,SI,NNVPP80YIZGEY2314M97,ICCREA Banca S.p.A. - Istituto Centrale del Credito Cooperativo,false,true,ueber_gruppe,
549300FZTQNO0EOY4Y45,Cassa Rurale Val di Non - Rotaliana e Giovo - Banca di Credito Cooperativo - Società Cooperativa,CI,Italy,SI,LOO0AWXR8GF142JCO404,Cassa Centrale Banca - Credito Cooperativo Italiano S.p.A.,false,true,ueber_gruppe,
549300GRXFI7D6PNEA68,Banca Akros S.p.A.,CI,Italy,SI,815600E4E6DCD2D25E30,Banco BPM S.p.A.,false,true,ueber_gruppe,
549300HM84IFXD1X6652,Cassa Rurale Valsugana e Tesino - Banca di Credito Cooperativo - Società cooperativa,CI,Italy,SI,LOO0AWXR8GF142JCO404,Cassa Centrale Banca - Credito Cooperativo Italiano S.p.A.,false,true,ueber_gruppe,
549300HQF0CKXWS4CJ46,BCC Financing S.p.A.,CI,Italy,SI,NNVPP80YIZGEY2314M97,ICCREA Banca S.p.A. - Istituto Centrale del Credito Cooperativo,false,true,ueber_gruppe,
549300I8FH314U10ZK71,Banca della Marca Credito Cooperativo - Società Cooperativa,CI,Italy,SI,NNVPP80YIZGEY2314M97,ICCREA Banca S.p.A. - Istituto Centrale del Credito Cooperativo,false,true,ueber_gruppe,
549300IGVRJKAFTG2F34,Banca Alta Toscana Credito Cooperativo - società cooperativa,CI,Italy,SI,NNVPP80YIZGEY2314M97,ICCREA Banca S.p.A. - Istituto Centrale del Credito Cooperativo,false,true,ueber_gruppe,
549300IMLK876H8BDA38,"Credito Cooperativo Ravennate, Forlivese e Imolese Società cooperativa",CI,Italy,SI,NNVPP80YIZGEY2314M97,ICCREA Banca S.p.A. - Istituto Centrale del Credito Cooperativo,false,true,ueber_gruppe,
549300JK0JZQU6CW3084,Banca di Credito Cooperativo Vicentino - Pojana Maggiore (Vicenza) - Società Cooperativa,CI,Italy,SI,NNVPP80YIZGEY2314M97,ICCREA Banca S.p.A. - Istituto Centrale del Credito Cooperativo,false,true,ueber_gruppe,
549300JXVNVNY1YSBO15,CASSA RURALE VAL DI SOLE - Banca di Credito Cooperativo - Società Cooperativa,CI,Italy,SI,LOO0AWXR8GF142JCO404,Cassa Centrale Banca - Credito Cooperativo Italiano S.p.A.,false,true,ueber_gruppe,
549300L4VGUHIHBN5T53,Cassa Rurale Alta Valsugana Banca di Credito Cooperativo - Società cooperativa,CI,Italy,SI,LOO0AWXR8GF142JCO404,Cassa Centrale Banca - Credito Cooperativo Italiano S.p.A.,false,true,ueber_gruppe,
549300L7YCATGO57ZE10,FinecoBank S.p.A.,CI,Italy,SI,549300L7YCATGO57ZE10,FinecoBank S.p.A.,true,true,meldet_selbst,
549300LFHTJF2OGIXL33,Cassa Rurale Vallagarina - Banca di Credito Cooperativo - Società cooperativa,CI,Italy,SI,LOO0AWXR8GF142JCO404,Cassa Centrale Banca - Credito Cooperativo Italiano S.p.A.,false,true,ueber_gruppe,
549300M8XQL2SIHLTO81,Banca di Udine Credito Cooperativo - Società Cooperativa,CI,Italy,SI,NNVPP80YIZGEY2314M97,ICCREA Banca S.p.A. - Istituto Centrale del Credito Cooperativo,false,true,ueber_gruppe,
549300MB8JNPSH0NIZ61,Banca di Credito Cooperativo di Avetrana - Società Cooperativa,CI,Italy,SI,NNVPP80YIZGEY2314M97,ICCREA Banca S.p.A. - Istituto Centrale del Credito Cooperativo,false,true,ueber_gruppe,
549300MJE0EYLRQ0SS55,Stellantis Financial Services Italia S.p.A.,CI,Italy,SI,5493006QMFDDMYWIAM13,"Banco Santander, S.A.",false,true,ueber_gruppe,
549300MZA4CBXT81MS60,Cassa Rurale ed Artigiana di Borgo San Giacomo (Brescia) - Credito Cooperativo - Società cooperativa,CI,Italy,SI,LOO0AWXR8GF142JCO404,Cassa Centrale Banca - Credito Cooperativo Italiano S.p.A.,false,true,ueber_gruppe,
549300NCMRN7QO6TPB94,FPB Cassa di Fassa Primiero Belluno – Banca di Credito Cooperativo – Società cooperativa,CI,Italy,SI,LOO0AWXR8GF142JCO404,Cassa Centrale Banca - Credito Cooperativo Italiano S.p.A.,false,true,ueber_gruppe,
549300NPPVK0H2XGQ639,Banca di Credito Cooperativo Brianza e Laghi - società cooperativa,CI,Italy,SI,NNVPP80YIZGEY2314M97,ICCREA Banca S.p.A. - Istituto Centrale del Credito Cooperativo,false,true,ueber_gruppe,
549300NQ32SRT0NWPB72,Banca Aletti S.p.A.,CI,Italy,SI,815600E4E6DCD2D25E30,Banco BPM S.p.A.,false,true,ueber_gruppe,
549300NZSH0TUJK0MP50,Banca di Credito Cooperativo di Santeramo in Colle (Bari) - Società cooperativa,CI,Italy,SI,NNVPP80YIZGEY2314M97,ICCREA Banca S.p.A. - Istituto Centrale del Credito Cooperativo,false,true,ueber_gruppe,
549300O0YQXDOJB36Y73,Santander Consumer Bank S.p.A.,CI,Italy,SI,5493006QMFDDMYWIAM13,"Banco Santander, S.A.",false,true,ueber_gruppe,
549300P123CGXBLT3M90,CASSA RURALE ED ARTIGIANA DI BINASCO - CREDITO COOPERATIVO Società cooperativa,CI,Italy,SI,NNVPP80YIZGEY2314M97,ICCREA Banca S.p.A. - Istituto Centrale del Credito Cooperativo,false,true,ueber_gruppe,
549300PHVEBLXGO8CN25,Bibanca S.p.A.,CI,Italy,SI,N747OI7JINV7RUUH6190,BPER Banca S.p.A.,false,true,ueber_gruppe,
549300PKIBU2YUNTH225,Cassa Rurale Val di Fiemme Banca di Credito Cooperativo Società Cooperativa,CI,Italy,SI,LOO0AWXR8GF142JCO404,Cassa Centrale Banca - Credito Cooperativo Italiano S.p.A.,false,true,ueber_gruppe,
549300QGFHQRB8SVPI60,Banca di Anghiari e Stia - Credito Cooperativo - Società cooperativa,CI,Italy,SI,NNVPP80YIZGEY2314M97,ICCREA Banca S.p.A. - Istituto Centrale del Credito Cooperativo,false,true,ueber_gruppe,
549300R3JXX43J09PA39,BVR Banca Veneto Centrale Credito Cooperativo Italiano – Società Cooperativa,CI,Italy,SI,LOO0AWXR8GF142JCO404,Cassa Centrale Banca - Credito Cooperativo Italiano S.p.A.,false,true,ueber_gruppe,
549300R3XR02910GZ080,CORTINABANCA - Credito Cooperativo - Società cooperativa,CI,Italy,SI,LOO0AWXR8GF142JCO404,Cassa Centrale Banca - Credito Cooperativo Italiano S.p.A.,false,true,ueber_gruppe,
549300R7VK7PAHEHQ320,BANCA CREMASCA E MANTOVANA- Credito Cooperativo- Società cooperativa,CI,Italy,SI,NNVPP80YIZGEY2314M97,ICCREA Banca S.p.A. - Istituto Centrale del Credito Cooperativo,false,true,ueber_gruppe,
549300S7C1GB2JYIKK33,Banca Territori del Monviso - Credito Cooperativo di Casalgrasso e Sant'Albano Stura Società cooperativa,CI,Italy,SI,LOO0AWXR8GF142JCO404,Cassa Centrale Banca - Credito Cooperativo Italiano S.p.A.,false,true,ueber_gruppe,
549300SAMQW7TYZ1TR74,Société Générale Securities Services S.p.A.,CI,Italy,SI,O2RNE8IBXP4R0TD8PU41,Société Générale S.A.,false,true,ueber_gruppe,
549300TCEYVHTMWRRX34,Banca di Caraglio del Cuneese e della Riviera dei Fiori - Credito Cooperativo - Società cooperativa,CI,Italy,SI,LOO0AWXR8GF142JCO404,Cassa Centrale Banca - Credito Cooperativo Italiano S.p.A.,false,true,ueber_gruppe,
549300TIUY0WVROSRF36,Banca di Credito Cooperativo Agrobresciano - Società Cooperativa,CI,Italy,SI,NNVPP80YIZGEY2314M97,ICCREA Banca S.p.A. - Istituto Centrale del Credito Cooperativo,false,true,ueber_gruppe,
549300TRUWO2CD2G5692,UniCredit S.p.A.,CI,Italy,SI,549300TRUWO2CD2G5692,UniCredit S.p.A.,true,true,meldet_selbst,
549300TUB5TU8NU5CC18,Banca di Credito Cooperativo di Pontassieve - Società Cooperativa,CI,Italy,SI,NNVPP80YIZGEY2314M97,ICCREA Banca S.p.A. - Istituto Centrale del Credito Cooperativo,false,true,ueber_gruppe,
549300V1VN70Q7PQ7234,CA Auto Bank S.p.A.,CI,Italy,SI,969500TJ5KRTCJQWXH05,Crédit Agricole S.A.,true,true,meldet_selbst,
549300VD62S16PRFF473,Banco di Sardegna S.p.A.,CI,Italy,SI,N747OI7JINV7RUUH6190,BPER Banca S.p.A.,false,true,ueber_gruppe,
549300W9LMF70M5SBS25,Banca Prealpi SanBiagio Credito Cooperativo - Società Cooperativa,CI,Italy,SI,LOO0AWXR8GF142JCO404,Cassa Centrale Banca - Credito Cooperativo Italiano S.p.A.,false,true,ueber_gruppe,
549300WHH7HQS04GS740,Banca Adria Colli Euganei - Credito Cooperativo Società Cooperativa,CI,Italy,SI,LOO0AWXR8GF142JCO404,Cassa Centrale Banca - Credito Cooperativo Italiano S.p.A.,false,true,ueber_gruppe,
549300XGJX6FOWLOI640,Fideuram - Intesa Sanpaolo Private Banking S.p.A.,CI,Italy,SI,2W8N8UU78PMDQKZENC08,Intesa Sanpaolo S.p.A.,true,true,meldet_selbst,
549300Y3SYD3R07LYS08,Banca di Credito Cooperativo di Mozzanica - Società Cooperativa,CI,Italy,SI,NNVPP80YIZGEY2314M97,ICCREA Banca S.p.A. - Istituto Centrale del Credito Cooperativo,false,true,ueber_gruppe,
549300YHNUGLS407SF83,Cassa Padana Banca di Credito Cooperativo - Società cooperativa,CI,Italy,SI,LOO0AWXR8GF142JCO404,Cassa Centrale Banca - Credito Cooperativo Italiano S.p.A.,false,true,ueber_gruppe,
549300Z8WO0USJ2GJL93,Banca di Credito Cooperativo di Triuggio e della Valle del Lambro - Società Cooperativa,CI,Italy,SI,NNVPP80YIZGEY2314M97,ICCREA Banca S.p.A. - Istituto Centrale del Credito Cooperativo,false,true,ueber_gruppe,
7LVZJ6XRIE7VNZ4UBX81,Banca Mediolanum S.p.A.,CI,Italy,SI,7LVZJ6XRIE7VNZ4UBX81,Banca Mediolanum S.p.A.,true,true,meldet_selbst,
81560000348B3B64B603,Banca di Credito Cooperativo di Sarsina - Società cooperativa,CI,Italy,SI,LOO0AWXR8GF142JCO404,Cassa Centrale Banca - Credito Cooperativo Italiano S.p.A.,false,true,ueber_gruppe,
8156000591F6D1881913,Banca di Credito Cooperativo Abruzzese - Cappelle sul Tavo società cooperativa,CI,Italy,SI,NNVPP80YIZGEY2314M97,ICCREA Banca S.p.A. - Istituto Centrale del Credito Cooperativo,false,true,ueber_gruppe,
815600060B0559175453,Banca di Credito Cooperativo di Castiglione Messer Raimondo e Pianella - Società cooperativa per azioni a responsabilità limitata,CI,Italy,SI,NNVPP80YIZGEY2314M97,ICCREA Banca S.p.A. - Istituto Centrale del Credito Cooperativo,false,true,ueber_gruppe,
8156000D231E006B3783,BCC Felsinea - Banca di Credito Cooperativo dal 1902 - Società cooperativa,CI,Italy,SI,LOO0AWXR8GF142JCO404,Cassa Centrale Banca - Credito Cooperativo Italiano S.p.A.,false,true,ueber_gruppe,
8156000E223BCDD9B355,Banca di Andria di Credito Cooperativo - Società cooperativa,CI,Italy,SI,NNVPP80YIZGEY2314M97,ICCREA Banca S.p.A. - Istituto Centrale del Credito Cooperativo,false,true,ueber_gruppe,
81560016432945B31773,PrimaCassa - Credito Cooperativo FVG - società cooperativa,CI,Italy,SI,LOO0AWXR8GF142JCO404,Cassa Centrale Banca - Credito Cooperativo Italiano S.p.A.,false,true,ueber_gruppe,
815600185B3DB18DA514,Castagneto Banca 1910 – Credito Cooperativo – S.C.,CI,Italy,SI,LOO0AWXR8GF142JCO404,Cassa Centrale Banca - Credito Cooperativo Italiano S.p.A.,false,true,ueber_gruppe,
8156001CB574B6939179,Findomestic Banca S.p.A.,CI,Italy,SI,R0MUWSFPU8MPRO8K5P83,BNP Paribas S.A.,false,true,ueber_gruppe,
8156001FAA78B9C94B89,Banca Centro - Credito Cooperativo Toscana - Umbria - società cooperativa,CI,Italy,SI,NNVPP80YIZGEY2314M97,ICCREA Banca S.p.A. - Istituto Centrale del Credito Cooperativo,false,true,ueber_gruppe,
81560021A777399C8A98,Banca di Credito Cooperativo “G. Toniolo” e San Michele di San Cataldo (Caltanissetta) Società Cooperativa,CI,Italy,SI,NNVPP80YIZGEY2314M97,ICCREA Banca S.p.A. - Istituto Centrale del Credito Cooperativo,false,true,ueber_gruppe,
81560021E7800490A761,BCC Calabria Nord – Credito Cooperativo,CI,Italy,SI,LOO0AWXR8GF142JCO404,Cassa Centrale Banca - Credito Cooperativo Italiano S.p.A.,false,true,ueber_gruppe,
81560024665B1D101E77,Banca di Credito Cooperativo della Provincia Romana - Società cooperativa,CI,Italy,SI,NNVPP80YIZGEY2314M97,ICCREA Banca S.p.A. - Istituto Centrale del Credito Cooperativo,false,true,ueber_gruppe,
81560027A3FCB64DB096,Banca di Credito Cooperativo di Flumeri - Società cooperativa,CI,Italy,SI,LOO0AWXR8GF142JCO404,Cassa Centrale Banca - Credito Cooperativo Italiano S.p.A.,false,true,ueber_gruppe,
81560027F4E51C4FBF71,Banca di Credito Cooperativo Appulo Lucana - Società cooperativa,CI,Italy,SI,NNVPP80YIZGEY2314M97,ICCREA Banca S.p.A. - Istituto Centrale del Credito Cooperativo,false,true,ueber_gruppe,
8156002B686285A23661,BANCA DI CREDITO COOPERATIVO VALLE DEL TORTO - SOCIETA' COOPERATIVA,CI,Italy,SI,NNVPP80YIZGEY2314M97,ICCREA Banca S.p.A. - Istituto Centrale del Credito Cooperativo,false,true,ueber_gruppe,
8156003073EAF2280026,Banca dell'Elba Credito Cooperativo - Società Cooperativa,CI,Italy,SI,NNVPP80YIZGEY2314M97,ICCREA Banca S.p.A. - Istituto Centrale del Credito Cooperativo,false,true,ueber_gruppe,
81560030E9DBD0D5E541,Banca del Valdarno - Credito Cooperativo - Società Cooperativa,CI,Italy,SI,NNVPP80YIZGEY2314M97,ICCREA Banca S.p.A. - Istituto Centrale del Credito Cooperativo,false,true,ueber_gruppe,
815600319098FE3E4C13,Banca di Credito Cooperativo della Valle del Fitalia - Società Cooperativa,CI,Italy,SI,NNVPP80YIZGEY2314M97,ICCREA Banca S.p.A. - Istituto Centrale del Credito Cooperativo,false,true,ueber_gruppe,
81560033FF167D891734,Banca di Credito Cooperativo delle Madonie - Società cooperativa,CI,Italy,SI,NNVPP80YIZGEY2314M97,ICCREA Banca S.p.A. - Istituto Centrale del Credito Cooperativo,false,true,ueber_gruppe,
815600359CB8809F3B57,BANCA DI CREDITO COOPERATIVO CAMPANIA CENTRO - CASSA RURALE ED ARTIGIANA - Società cooperativa,CI,Italy,SI,NNVPP80YIZGEY2314M97,ICCREA Banca S.p.A. - Istituto Centrale del Credito Cooperativo,false,true,ueber_gruppe,
8156003612CB0B67E831,Banca di Credito Cooperativo di Pachino - Società Cooperativa,CI,Italy,SI,NNVPP80YIZGEY2314M97,ICCREA Banca S.p.A. - Istituto Centrale del Credito Cooperativo,false,true,ueber_gruppe,
81560036A9D8DF50A702,Banca Versilia Lunigiana e Garfagnana - Credito Cooperativo - Società Cooperativa,CI,Italy,SI,NNVPP80YIZGEY2314M97,ICCREA Banca S.p.A. - Istituto Centrale del Credito Cooperativo,false,true,ueber_gruppe,
815600394B60C2D3BE77,Banca di Credito Cooperativo di Arborea - Società Cooperativa,CI,Italy,SI,NNVPP80YIZGEY2314M97,ICCREA Banca S.p.A. - Istituto Centrale del Credito Cooperativo,false,true,ueber_gruppe,
8156003E7C83E0E5A794,Banca Colli Albani e Nettuno Credito Cooperativo – Società Cooperativa,CI,Italy,SI,NNVPP80YIZGEY2314M97,ICCREA Banca S.p.A. - Istituto Centrale del Credito Cooperativo,false,true,ueber_gruppe,
8156004429DC523F7747,Banca di Credito Cooperativo dei Castelli e degli Iblei - Società cooperativa,CI,Italy,SI,LOO0AWXR8GF142JCO404,Cassa Centrale Banca - Credito Cooperativo Italiano S.p.A.,false,true,ueber_gruppe,
81560046D2F4157A3552,Credito Cooperativo Cassa Rurale ed Artigiana di Erchie - Società Cooperativa,CI,Italy,SI,NNVPP80YIZGEY2314M97,ICCREA Banca S.p.A. - Istituto Centrale del Credito Cooperativo,false,true,ueber_gruppe,
8156004771C4C28EB022,Banca di Credito Cooperativo di Gaudiano di Lavello - Società Cooperativa,CI,Italy,SI,NNVPP80YIZGEY2314M97,ICCREA Banca S.p.A. - Istituto Centrale del Credito Cooperativo,false,true,ueber_gruppe,
8156004B244AA70DE787,Credito Emiliano S.p.A.,CI,Italy,SI,815600AD83B2B6317788,Credito Emiliano Holding S.p.A.,false,true,ueber_gruppe,
8156004DCB878A344F61,Banca di Credito Cooperativo di Ostuni - Società Cooperativa,CI,Italy,SI,NNVPP80YIZGEY2314M97,ICCREA Banca S.p.A. - Istituto Centrale del Credito Cooperativo,false,true,ueber_gruppe,
8156004F298245FBB836,Intesa Sanpaolo Private Banking S.p.A.,CI,Italy,SI,2W8N8UU78PMDQKZENC08,Intesa Sanpaolo S.p.A.,false,true,ueber_gruppe,
815600507FA0758E6840,Banca dell'Alta Murgia Credito Cooperativo - Società cooperativa,CI,Italy,SI,LOO0AWXR8GF142JCO404,Cassa Centrale Banca - Credito Cooperativo Italiano S.p.A.,false,true,ueber_gruppe,
815600508DD477037C23,Banca Centro Emilia - Credito Cooperativo Società cooperativa,CI,Italy,SI,LOO0AWXR8GF142JCO404,Cassa Centrale Banca - Credito Cooperativo Italiano S.p.A.,false,true,ueber_gruppe,
815600516E0DFDFB1A29,CREDITO COOPERATIVO DI CARAVAGGIO ADDA E CREMASCO - CASSA RURALE - Società Cooperativa,CI,Italy,SI,NNVPP80YIZGEY2314M97,ICCREA Banca S.p.A. - Istituto Centrale del Credito Cooperativo,false,true,ueber_gruppe,
81560058B09E00E6B614,Banca delle Terre Venete Credito Cooperativo - Società Cooperativa,CI,Italy,SI,NNVPP80YIZGEY2314M97,ICCREA Banca S.p.A. - Istituto Centrale del Credito Cooperativo,false,true,ueber_gruppe,
815600592C43D4AB9174,Banca Centro Lazio Credito Cooperativo - Società Cooperativa,CI,Italy,SI,LOO0AWXR8GF142JCO404,Cassa Centrale Banca - Credito Cooperativo Italiano S.p.A.,false,true,ueber_gruppe,
81560059500B178C0F86,Banca di Credito Cooperativo di Basciano Società cooperativa,CI,Italy,SI,NNVPP80YIZGEY2314M97,ICCREA Banca S.p.A. - Istituto Centrale del Credito Cooperativo,false,true,ueber_gruppe,
8156005AF5CB138D5E62,Banca di Credito Cooperativo degli Ulivi - Terra di Bari - Società cooperativa,CI,Italy,SI,NNVPP80YIZGEY2314M97,ICCREA Banca S.p.A. - Istituto Centrale del Credito Cooperativo,false,true,ueber_gruppe,
8156005B55CF2C496C85,Credito Cooperativo Valdarno Fiorentino Banca di Cascia - Società Cooperativa,CI,Italy,SI,NNVPP80YIZGEY2314M97,ICCREA Banca S.p.A. - Istituto Centrale del Credito Cooperativo,false,true,ueber_gruppe,
8156005D33AEADD74A22,Banca di Credito Cooperativo di Canosa - Loconia Società cooperativa,CI,Italy,SI,NNVPP80YIZGEY2314M97,ICCREA Banca S.p.A. - Istituto Centrale del Credito Cooperativo,false,true,ueber_gruppe,
8156005F89D8A2777026,Banca di Credito Cooperativo di Cassano delle Murge e Tolve - Società cooperativa,CI,Italy,SI,LOO0AWXR8GF142JCO404,Cassa Centrale Banca - Credito Cooperativo Italiano S.p.A.,false,true,ueber_gruppe,
8156005FED254FE6D424,Banca di Credito Cooperativo di Pianfei e Rocca de’ Baldi - Società cooperativa,CI,Italy,SI,LOO0AWXR8GF142JCO404,Cassa Centrale Banca - Credito Cooperativo Italiano S.p.A.,false,true,ueber_gruppe,
815600609F6B88892B88,"Banca di Credito Cooperativo dell’Oglio e del Serio, Società cooperativa",CI,Italy,SI,NNVPP80YIZGEY2314M97,ICCREA Banca S.p.A. - Istituto Centrale del Credito Cooperativo,false,true,ueber_gruppe,
81560065B99BF3EEED47,"BANCA DI CREDITO COOPERATIVO Terra di Lavoro ""S. Vincenzo de' Paoli"" Società Cooperativa per Azioni",CI,Italy,SI,NNVPP80YIZGEY2314M97,ICCREA Banca S.p.A. - Istituto Centrale del Credito Cooperativo,false,true,ueber_gruppe,
8156006ACD5E92B0C985,Deutsche Bank Mutui S.p.A.,CI,Italy,SI,7LTWFZYICNSX8D621K86,Deutsche Bank AG,false,true,ueber_gruppe,
8156006B5372B27D1F97,Banca Don Rizzo Credito Cooperativo della Sicilia occidentale - Società cooperativa,CI,Italy,SI,NNVPP80YIZGEY2314M97,ICCREA Banca S.p.A. - Istituto Centrale del Credito Cooperativo,false,true,ueber_gruppe,
8156006BE70771197135,Banca di Credito Cooperativo della Valle del Trigno - Società Cooperativa,CI,Italy,SI,NNVPP80YIZGEY2314M97,ICCREA Banca S.p.A. - Istituto Centrale del Credito Cooperativo,false,true,ueber_gruppe,
8156006E5A083C759043,Credito Cooperativo - Cassa Rurale ed Artigiana del Friuli-Venezia Giulia (abbreviato Cassa Rurale FVG) - Società cooperativa,CI,Italy,SI,LOO0AWXR8GF142JCO404,Cassa Centrale Banca - Credito Cooperativo Italiano S.p.A.,false,true,ueber_gruppe,
81560072DB4C69D19464,Banca di Credito Cooperativo di Scafati e Cetara - Società Cooperativa,CI,Italy,SI,NNVPP80YIZGEY2314M97,ICCREA Banca S.p.A. - Istituto Centrale del Credito Cooperativo,false,true,ueber_gruppe,
81560076F9CF35569687,B.C.C. del Garda - Banca di Credito Cooperativo Colli Morenici del Garda - Società cooperativa,CI,Italy,SI,NNVPP80YIZGEY2314M97,ICCREA Banca S.p.A. - Istituto Centrale del Credito Cooperativo,false,true,ueber_gruppe,
8156007809B0C5D5EC30,Credito Padano Banca di Credito Cooperativo - Società Cooperativa,CI,Italy,SI,NNVPP80YIZGEY2314M97,ICCREA Banca S.p.A. - Istituto Centrale del Credito Cooperativo,false,true,ueber_gruppe,
8156007AE27B7429B185,Wise Dialog Bank S.p.A.,CI,Italy,SI,J4CP7MHCXR8DAQMKIL78,BANCA MONTE DEI PASCHI DI SIENA S.p.A.,false,true,ueber_gruppe,
8156007B431FA10DC467,Banca di Credito Cooperativo dei Castelli Romani e del Tuscolo - Società cooperativa,CI,Italy,SI,LOO0AWXR8GF142JCO404,Cassa Centrale Banca - Credito Cooperativo Italiano S.p.A.,false,true,ueber_gruppe,
8156007B79F45EC4F227,"Banca di Credito Cooperativo di Venezia, Padova e Rovigo - Banca Annia Società Cooperativa",CI,Italy,SI,NNVPP80YIZGEY2314M97,ICCREA Banca S.p.A. - Istituto Centrale del Credito Cooperativo,false,true,ueber_gruppe,
8156007B86A3EABEF937,Banca di Credito Cooperativo di Marina di Ginosa (TA) - Società cooperativa,CI,Italy,SI,NNVPP80YIZGEY2314M97,ICCREA Banca S.p.A. - Istituto Centrale del Credito Cooperativo,false,true,ueber_gruppe,
8156007CDD4F40965278,Banca di Credito Cooperativo di Pratola Peligna - Società cooperativa,CI,Italy,SI,NNVPP80YIZGEY2314M97,ICCREA Banca S.p.A. - Istituto Centrale del Credito Cooperativo,false,true,ueber_gruppe,
8156007D348794DB1690,Crédit Agricole Italia S.p.A.,CI,Italy,SI,969500TJ5KRTCJQWXH05,Crédit Agricole S.A.,true,true,meldet_selbst,
81560080DE68CD0F6B78,Banca di Credito Cooperativo La Riscossa di Regalbuto - Società cooperativa,CI,Italy,SI,LOO0AWXR8GF142JCO404,Cassa Centrale Banca - Credito Cooperativo Italiano S.p.A.,false,true,ueber_gruppe,
815600810761E5145524,Credito Cooperativo Romagnolo - BCC di Cesena e Gatteo - Società Cooperativa,CI,Italy,SI,NNVPP80YIZGEY2314M97,ICCREA Banca S.p.A. - Istituto Centrale del Credito Cooperativo,false,true,ueber_gruppe,
815600810B937CD30406,ZKB ZADRUŽNA KRAŠKA BANKA TRST GORICA Zadruga - ZKB CREDITO COOPERATIVO DI TRIESTE E GORIZIA Società Cooperativa,CI,Italy,SI,LOO0AWXR8GF142JCO404,Cassa Centrale Banca - Credito Cooperativo Italiano S.p.A.,false,true,ueber_gruppe,
81560085243C7A22D013,Banca di Credito Cooperativo di Capaccio Paestum e Serino - Società cooperativa,CI,Italy,SI,NNVPP80YIZGEY2314M97,ICCREA Banca S.p.A. - Istituto Centrale del Credito Cooperativo,false,true,ueber_gruppe,
81560085614CE4044842,Banca di Credito Cooperativo di Cagliari - Società Cooperativa,CI,Italy,SI,NNVPP80YIZGEY2314M97,ICCREA Banca S.p.A. - Istituto Centrale del Credito Cooperativo,false,true,ueber_gruppe,
81560086FC6C00CB8127,Banca di Credito Cooperativo di Bellegra - Società Cooperativa,CI,Italy,SI,NNVPP80YIZGEY2314M97,ICCREA Banca S.p.A. - Istituto Centrale del Credito Cooperativo,false,true,ueber_gruppe,
8156008AB768C360F861,"BANCA DEL TERRITORIO LOMBARDO CREDITO COOPERATIVO - Società cooperative, or, in short form, “BTL”",CI,Italy,SI,LOO0AWXR8GF142JCO404,Cassa Centrale Banca - Credito Cooperativo Italiano S.p.A.,false,true,ueber_gruppe,
81560091574B0CCEFB73,"Banca di Credito Cooperativo di Brescia - Società cooperative, or, in short form, “BCC Brescia - Società cooperativa”",CI,Italy,SI,LOO0AWXR8GF142JCO404,Cassa Centrale Banca - Credito Cooperativo Italiano S.p.A.,false,true,ueber_gruppe,
8156009499D0A080FA62,Banca di Credito Cooperativo di Barlassina - Società cooperativa,CI,Italy,SI,LOO0AWXR8GF142JCO404,Cassa Centrale Banca - Credito Cooperativo Italiano S.p.A.,false,true,ueber_gruppe,
815600949D9905878C77,CASSA RURALE ED ARTIGIANA DI RIVAROLO MANTOVANO (MANTOVA) CREDITO COOPERATIVO - Società cooperativa,CI,Italy,SI,NNVPP80YIZGEY2314M97,ICCREA Banca S.p.A. - Istituto Centrale del Credito Cooperativo,false,true,ueber_gruppe,
8156009539C883586092,Banca di Credito Cooperativo Bergamasca e Orobica - Società cooperativa,CI,Italy,SI,NNVPP80YIZGEY2314M97,ICCREA Banca S.p.A. - Istituto Centrale del Credito Cooperativo,false,true,ueber_gruppe,
8156009580A5A11D7809,Banca di Credito Cooperativo della Calabria Ulteriore - Società Cooperativa,CI,Italy,SI,NNVPP80YIZGEY2314M97,ICCREA Banca S.p.A. - Istituto Centrale del Credito Cooperativo,false,true,ueber_gruppe,
81560095BC9C22595B60,Banca della Nuova Terra S.p.A.,CI,Italy,SI,N747OI7JINV7RUUH6190,BPER Banca S.p.A.,false,true,ueber_gruppe,
81560095E5C286EA9562,Isybank S.p.A.,CI,Italy,SI,2W8N8UU78PMDQKZENC08,Intesa Sanpaolo S.p.A.,false,true,ueber_gruppe,
8156009A05D870E43030,Banca di Credito Cooperativo di Anagni - Società cooperativa,CI,Italy,SI,LOO0AWXR8GF142JCO404,Cassa Centrale Banca - Credito Cooperativo Italiano S.p.A.,false,true,ueber_gruppe,
8156009C252A56CA6782,Banca di Credito Cooperativo di San Marzano di San Giuseppe - Taranto - Società Cooperativa,CI,Italy,SI,LOO0AWXR8GF142JCO404,Cassa Centrale Banca - Credito Cooperativo Italiano S.p.A.,false,true,ueber_gruppe,
8156009F4602B5E67F66,Cassa Rurale ed Artigiana di Castellana Grotte - Credito Cooperativo - Società cooperativa,CI,Italy,SI,NNVPP80YIZGEY2314M97,ICCREA Banca S.p.A. - Istituto Centrale del Credito Cooperativo,false,true,ueber_gruppe,
815600A08DEE8E5FEF34,Banca della Valsassina Credito Cooperativo - Società Cooperativa,CI,Italy,SI,NNVPP80YIZGEY2314M97,ICCREA Banca S.p.A. - Istituto Centrale del Credito Cooperativo,false,true,ueber_gruppe,
815600A15AB095A07855,Credem - Euromobiliare Private Banking S.p.A.,CI,Italy,SI,815600AD83B2B6317788,Credito Emiliano Holding S.p.A.,false,true,ueber_gruppe,
815600A339665E59B196,Banca di Credito Cooperativo del Basso Sebino - Società Cooperativa,CI,Italy,SI,NNVPP80YIZGEY2314M97,ICCREA Banca S.p.A. - Istituto Centrale del Credito Cooperativo,false,true,ueber_gruppe,
815600A41BAE508B4978,Banca di Bari e Taranto - Credito Cooperativo - Società cooperativa,CI,Italy,SI,NNVPP80YIZGEY2314M97,ICCREA Banca S.p.A. - Istituto Centrale del Credito Cooperativo,false,true,ueber_gruppe,
815600A9CA782010F012,Raiffeisenkasse St. Martin in Passeier Genossenschaft - Cassa Raiffeisen di San Martino in Passiria Società Cooperativa,CI,Italy,SI,LOO0AWXR8GF142JCO404,Cassa Centrale Banca - Credito Cooperativo Italiano S.p.A.,false,true,ueber_gruppe,
815600AD2A7F68612621,BCC Basilicata - Credito Cooperativo di Laurenzana e Comuni Lucani - Società cooperativa,CI,Italy,SI,NNVPP80YIZGEY2314M97,ICCREA Banca S.p.A. - Istituto Centrale del Credito Cooperativo,false,true,ueber_gruppe,
815600AD83B2B6317788,Credito Emiliano Holding S.p.A.,FH,Italy,SI,815600AD83B2B6317788,Credito Emiliano Holding S.p.A.,true,true,meldet_selbst,
815600ADE74B26BBC232,Banca di Credito Cooperativo dell'Adriatico Teramano - Società Cooperativa,CI,Italy,SI,NNVPP80YIZGEY2314M97,ICCREA Banca S.p.A. - Istituto Centrale del Credito Cooperativo,false,true,ueber_gruppe,
815600B12A035CEEFD62,Banca Lazio Nord Credito Cooperativo - Società Cooperativa per azioni,CI,Italy,SI,LOO0AWXR8GF142JCO404,Cassa Centrale Banca - Credito Cooperativo Italiano S.p.A.,false,true,ueber_gruppe,
815600B13AD31D39D678,Banca di Credito Cooperativo di Aquara - Società cooperativa,CI,Italy,SI,LOO0AWXR8GF142JCO404,Cassa Centrale Banca - Credito Cooperativo Italiano S.p.A.,false,true,ueber_gruppe,
815600BCA706E397CE36,Credito Cooperativo Mediocrati - Società cooperativa,CI,Italy,SI,NNVPP80YIZGEY2314M97,ICCREA Banca S.p.A. - Istituto Centrale del Credito Cooperativo,false,true,ueber_gruppe,
815600BDB91CFF904A37,Banca di Credito Cooperativo di Putignano - Società cooperativa,CI,Italy,SI,NNVPP80YIZGEY2314M97,ICCREA Banca S.p.A. - Istituto Centrale del Credito Cooperativo,false,true,ueber_gruppe,
815600BDBBCC1431D872,"RomagnaBanca Credito Cooperativo Romagna Est e Sala di Cesenatico s.c., or, in short form, ""RomagnaBanca Credito Cooperativo s.c.""",CI,Italy,SI,LOO0AWXR8GF142JCO404,Cassa Centrale Banca - Credito Cooperativo Italiano S.p.A.,false,true,ueber_gruppe,
815600BEB84262193263,"Banca Monte Pruno - Credito Cooperativo di Fisciano, Roscigno e Laurino - Società cooperativa",CI,Italy,SI,LOO0AWXR8GF142JCO404,Cassa Centrale Banca - Credito Cooperativo Italiano S.p.A.,false,true,ueber_gruppe,
815600C101E215303625,Banca di Credito Cooperativo Magna Grecia - Società Cooperativa,CI,Italy,SI,NNVPP80YIZGEY2314M97,ICCREA Banca S.p.A. - Istituto Centrale del Credito Cooperativo,false,true,ueber_gruppe,
815600C24240F5072990,Banca San Francesco Credito Cooperativo - Società Cooperativa,CI,Italy,SI,NNVPP80YIZGEY2314M97,ICCREA Banca S.p.A. - Istituto Centrale del Credito Cooperativo,false,true,ueber_gruppe,
815600C58CB170C66887,Credito Cooperativo - Cassa Rurale ed Artigiana di Paliano - Società cooperativa,CI,Italy,SI,NNVPP80YIZGEY2314M97,ICCREA Banca S.p.A. - Istituto Centrale del Credito Cooperativo,false,true,ueber_gruppe,
815600CE8997AB730738,"Banca di Credito Cooperativo di Alberobello, Sammichele e Monopoli - Società cooperativa",CI,Italy,SI,LOO0AWXR8GF142JCO404,Cassa Centrale Banca - Credito Cooperativo Italiano S.p.A.,false,true,ueber_gruppe,
815600CEC2F5CA193226,Banca di Credito Cooperativo di San Giovanni Rotondo - Società cooperativa,CI,Italy,SI,LOO0AWXR8GF142JCO404,Cassa Centrale Banca - Credito Cooperativo Italiano S.p.A.,false,true,ueber_gruppe,
815600D2A535AB310937,BCC Veneta – Credito Cooperativo – Società cooperativa,CI,Italy,SI,NNVPP80YIZGEY2314M97,ICCREA Banca S.p.A. - Istituto Centrale del Credito Cooperativo,false,true,ueber_gruppe,
815600D2B97740C5D011,Banca di Credito Cooperativo del Circeo e Privernate - Società cooperativa,CI,Italy,SI,LOO0AWXR8GF142JCO404,Cassa Centrale Banca - Credito Cooperativo Italiano S.p.A.,false,true,ueber_gruppe,
815600DAF12F47DD1E35,Terre Etrusche di Valdichiana e di Maremma - Credito Cooperativo – S.C.,CI,Italy,SI,NNVPP80YIZGEY2314M97,ICCREA Banca S.p.A. - Istituto Centrale del Credito Cooperativo,false,true,ueber_gruppe,
815600DDCE9083CAC598,Mediobanca Premier S.p.A.,CI,Italy,SI,J4CP7MHCXR8DAQMKIL78,BANCA MONTE DEI PASCHI DI SIENA S.p.A.,true,true,meldet_selbst,
815600E0D5CF102FCB85,Banca Centropadana Credito Cooperativo - Società Cooperativa,CI,Italy,SI,NNVPP80YIZGEY2314M97,ICCREA Banca S.p.A. - Istituto Centrale del Credito Cooperativo,false,true,ueber_gruppe,
815600E124FA09C12E37,BANCA CENTRO CALABRIA – Credito cooperativo – Società cooperativa,CI,Italy,SI,LOO0AWXR8GF142JCO404,Cassa Centrale Banca - Credito Cooperativo Italiano S.p.A.,false,true,ueber_gruppe,
815600E3A78973E36F85,Banca Montepaone - Credito Cooperativo - Società cooperativa,CI,Italy,SI,NNVPP80YIZGEY2314M97,ICCREA Banca S.p.A. - Istituto Centrale del Credito Cooperativo,false,true,ueber_gruppe,
815600E3ADB5FFB01F79,Banca di Credito Cooperativo di Abruzzi e Molise – Società cooperativa,CI,Italy,SI,LOO0AWXR8GF142JCO404,Cassa Centrale Banca - Credito Cooperativo Italiano S.p.A.,false,true,ueber_gruppe,
815600E4E6DCD2D25E30,Banco BPM S.p.A.,CI,Italy,SI,815600E4E6DCD2D25E30,Banco BPM S.p.A.,true,true,meldet_selbst,
815600E568401B26FB47,RivieraBanca Credito Cooperativo di Rimini e Gradara s.c.,CI,Italy,SI,NNVPP80YIZGEY2314M97,ICCREA Banca S.p.A. - Istituto Centrale del Credito Cooperativo,false,true,ueber_gruppe,
815600E5D92770C58275,Banca di Credito Cooperativo di Locorotondo - Cassa Rurale ed Artigiana - Società cooperativa,CI,Italy,SI,LOO0AWXR8GF142JCO404,Cassa Centrale Banca - Credito Cooperativo Italiano S.p.A.,false,true,ueber_gruppe,
815600E6A5F948BED362,BANCA MALATESTIANA - Credito Cooperativo - Società Cooperativa,CI,Italy,SI,LOO0AWXR8GF142JCO404,Cassa Centrale Banca - Credito Cooperativo Italiano S.p.A.,false,true,ueber_gruppe,
815600E96158FB8FF364,Sicilbanca Credito Cooperativo Italiano - Societá Cooperativa,CI,Italy,SI,LOO0AWXR8GF142JCO404,Cassa Centrale Banca - Credito Cooperativo Italiano S.p.A.,false,true,ueber_gruppe,
815600E9E5FC140FBE91,Banca di Credito Cooperativo di Leverano Società cooperativa,CI,Italy,SI,NNVPP80YIZGEY2314M97,ICCREA Banca S.p.A. - Istituto Centrale del Credito Cooperativo,false,true,ueber_gruppe,
815600EA7F74AD0BFC07,Banca di Credito Cooperativo Agrigentino - Società Cooperativa,CI,Italy,SI,NNVPP80YIZGEY2314M97,ICCREA Banca S.p.A. - Istituto Centrale del Credito Cooperativo,false,true,ueber_gruppe,
815600ED93CC24800564,Banca di Credito Cooperativo di Napoli - Società cooperativa,CI,Italy,SI,NNVPP80YIZGEY2314M97,ICCREA Banca S.p.A. - Istituto Centrale del Credito Cooperativo,false,true,ueber_gruppe,
815600F20AB1ACA60919,Banco Fiorentino - Mugello Impruneta Signa - Credito Cooperativo - Società Cooperativa,CI,Italy,SI,NNVPP80YIZGEY2314M97,ICCREA Banca S.p.A. - Istituto Centrale del Credito Cooperativo,false,true,ueber_gruppe,
815600F340760D34C636,Banca di Credito Cooperativo di Busto Garolfo e Buguggiate - Società Cooperativa,CI,Italy,SI,NNVPP80YIZGEY2314M97,ICCREA Banca S.p.A. - Istituto Centrale del Credito Cooperativo,false,true,ueber_gruppe,
815600F426FC5A48F641,Banca di Credito Cooperativo di Altofonte e Caccamo - Società Cooperativa,CI,Italy,SI,NNVPP80YIZGEY2314M97,ICCREA Banca S.p.A. - Istituto Centrale del Credito Cooperativo,false,true,ueber_gruppe,
815600F4DEAB2DB98487,Banca di Credito Cooperativo di Conversano - Società cooperativa,CI,Italy,SI,LOO0AWXR8GF142JCO404,Cassa Centrale Banca - Credito Cooperativo Italiano S.p.A.,false,true,ueber_gruppe,
815600F588D900701610,Banca di Credito Cooperativo di Lezzeno (Como)- Società cooperativa,CI,Italy,SI,NNVPP80YIZGEY2314M97,ICCREA Banca S.p.A. - Istituto Centrale del Credito Cooperativo,false,true,ueber_gruppe,
815600F58EC991557450,Banca di Bologna Credito Cooperativo società cooperativa,CI,Italy,SI,LOO0AWXR8GF142JCO404,Cassa Centrale Banca - Credito Cooperativo Italiano S.p.A.,false,true,ueber_gruppe,
815600F7E20E33D4B595,Banca di Credito Cooperativo di Gambatesa - Società Cooperativa,CI,Italy,SI,NNVPP80YIZGEY2314M97,ICCREA Banca S.p.A. - Istituto Centrale del Credito Cooperativo,false,true,ueber_gruppe,
815600F9BAA8F7A6E161,Banca di Credito Cooperativo di Terra d'Otranto - Società Cooperativa,CI,Italy,SI,NNVPP80YIZGEY2314M97,ICCREA Banca S.p.A. - Istituto Centrale del Credito Cooperativo,false,true,ueber_gruppe,
J4CP7MHCXR8DAQMKIL78,BANCA MONTE DEI PASCHI DI SIENA S.p.A.,CI,Italy,SI,J4CP7MHCXR8DAQMKIL78,BANCA MONTE DEI PASCHI DI SIENA S.p.A.,true,true,meldet_selbst,
LOO0AWXR8GF142JCO404,Cassa Centrale Banca - Credito Cooperativo Italiano S.p.A.,CI,Italy,SI,LOO0AWXR8GF142JCO404,Cassa Centrale Banca - Credito Cooperativo Italiano S.p.A.,true,true,meldet_selbst,
N747OI7JINV7RUUH6190,BPER Banca S.p.A.,CI,Italy,SI,N747OI7JINV7RUUH6190,BPER Banca S.p.A.,true,true,meldet_selbst,
NNVPP80YIZGEY2314M97,ICCREA Banca S.p.A. - Istituto Centrale del Credito Cooperativo,CI,Italy,SI,NNVPP80YIZGEY2314M97,ICCREA Banca S.p.A. - Istituto Centrale del Credito Cooperativo,true,true,meldet_selbst,
PSNL19R2RXX5U3QWHI44,Mediobanca - Banca di Credito Finanziario S.p.A.,CI,Italy,SI,J4CP7MHCXR8DAQMKIL78,BANCA MONTE DEI PASCHI DI SIENA S.p.A.,true,true,meldet_selbst,
UI802FYJ52XDB7N4KN18,Banca Nazionale del Lavoro S.p.A.,CI,Italy,SI,R0MUWSFPU8MPRO8K5P83,BNP Paribas S.A.,true,true,meldet_selbst,
2138009Y59EAR7H1UO97,AS “Citadele banka”,CI,Latvia,SI,2138009Y59EAR7H1UO97,AS “Citadele banka”,true,true,meldet_selbst,
549300FXBIWWGK7T0Y98,"""Swedbank"" AS",CI,Latvia,SI,9845006C7B5CC707X660,Swedbank Baltics AS,false,true,ueber_gruppe,
549300YW95G1VBBGGV07,"AS ""SEB banka""",CI,Latvia,SI,549300YW95G1VBBGGV07,"AS ""SEB banka""",true,true,meldet_selbst,
9845006C7B5CC707X660,Swedbank Baltics AS,FH,Latvia,SI,9845006C7B5CC707X660,Swedbank Baltics AS,true,true,meldet_selbst,
485100FX5Y9YLAQLNP12,Revolut Holdings Europe UAB,FH,Lithuania,SI,485100FX5Y9YLAQLNP12,Revolut Holdings Europe UAB,true,true,meldet_selbst,
485100NUOK3CEDCUTW40,Revolut Bank UAB,CI,Lithuania,SI,485100FX5Y9YLAQLNP12,Revolut Holdings Europe UAB,false,true,ueber_gruppe,
549300GH3DFCXVNBHE59,"„Swedbank”, AB",CI,Lithuania,SI,9845006C7B5CC707X660,Swedbank Baltics AS,false,true,ueber_gruppe,
549300SBPFE9JX7N8J82,AB SEB bankas,CI,Lithuania,SI,549300SBPFE9JX7N8J82,AB SEB bankas,true,true,meldet_selbst,
549300TK038P6EV4YU51,AB Artea bankas,CI,Lithuania,SI,549300TK038P6EV4YU51,AB Artea bankas,true,true,meldet_selbst,
2138006FNR865VUT1Q20,RBS International Depositary Services S.A.,CI,Luxembourg,SI,724500JIWG886A9RRT57,RBS Holdings N.V.,false,true,ueber_gruppe,
213800CD235ST4TMNL94,HSBC Private Bank (Luxembourg) S.A.,CI,Luxembourg,SI,F0HUI1NY1AZMJMD8LP67,HSBC Continental Europe,false,true,ueber_gruppe,
213800PMOOCUZYCAIA03,BNP Paribas Leasing Solutions,FH,Luxembourg,SI,R0MUWSFPU8MPRO8K5P83,BNP Paribas S.A.,false,true,ueber_gruppe,
22210058UCKT3BJTCN24,OTP Luxembourg S.à.r.l.,FH,Luxembourg,SI,22210058UCKT3BJTCN24,OTP Luxembourg S.à.r.l.,true,true,meldet_selbst,
2221007YM6XY7PI28I04,CaixaBank Wealth Management Luxembourg S.A.,CI,Luxembourg,SI,7CUNS533WID6K7DGFI87,"CaixaBank, S.A.",false,true,ueber_gruppe,
222100G2HV6K1ZW7DW18,Nani Holdings S.à.r.l.,FH,Luxembourg,SI,222100K6QL2V4MLHWQ08,LSF Nani Investments S.à.r.l.,false,false,gruppe_meldet_teilweise,
222100K6QL2V4MLHWQ08,LSF Nani Investments S.à.r.l.,FH,Luxembourg,SI,222100K6QL2V4MLHWQ08,LSF Nani Investments S.à.r.l.,false,false,gruppe_meldet_teilweise,
254900RNFMDM0P11YR84,Atlantic Lux HoldCo S.à r.l.,FH,Luxembourg,SI,254900RNFMDM0P11YR84,Atlantic Lux HoldCo S.à r.l.,true,true,meldet_selbst,
529900FIAMEJDQ8C9097,Deutsche Bank Luxembourg S.A.,CI,Luxembourg,SI,7LTWFZYICNSX8D621K86,Deutsche Bank AG,true,true,meldet_selbst,
529900HB1NOUF0UAGK18,Eurobank Private Bank Luxembourg S.A.,CI,Luxembourg,SI,213800KGF4EFNUQKAT69,Eurobank S.A.,false,true,ueber_gruppe,
529900I5EWMMMCSTS175,UniCredit International Bank (Luxembourg) SA,CI,Luxembourg,SI,549300TRUWO2CD2G5692,UniCredit S.p.A.,false,true,ueber_gruppe,
5493007Q432SOF1RTC02,Société Générale Financing and Distribution,CI,Luxembourg,SI,O2RNE8IBXP4R0TD8PU41,Société Générale S.A.,false,true,ueber_gruppe,
549300AQRUHYWYR0T637,Intesa Sanpaolo Holding International S.A.,FH,Luxembourg,SI,2W8N8UU78PMDQKZENC08,Intesa Sanpaolo S.p.A.,false,true,ueber_gruppe,
549300BI9FMGBXN2I036,Société Générale Capital Market Finance S.A.,CI,Luxembourg,SI,O2RNE8IBXP4R0TD8PU41,Société Générale S.A.,false,true,ueber_gruppe,
549300BT51N3KAXDPP56,ING Luxembourg,CI,Luxembourg,SI,549300NYKK9MWM7GGW15,ING Groep N.V.,false,true,ueber_gruppe,
549300DV870NBWY5W279,Mediobanca International (Luxembourg) S.A.,CI,Luxembourg,SI,J4CP7MHCXR8DAQMKIL78,BANCA MONTE DEI PASCHI DI SIENA S.p.A.,false,true,ueber_gruppe,
549300FCO24OZMMRHE09,Bankinter Luxembourg S.A.,CI,Luxembourg,SI,VWMYAEQSTOPNV0SUGU82,"Bankinter, S.A.",false,true,ueber_gruppe,
549300FOF121DSRG5867,BPER Bank Luxembourg S.A.,CI,Luxembourg,SI,N747OI7JINV7RUUH6190,BPER Banca S.p.A.,false,true,ueber_gruppe,
549300H62SNDRT0PS319,Intesa Sanpaolo Bank Luxembourg S.A.,CI,Luxembourg,SI,2W8N8UU78PMDQKZENC08,Intesa Sanpaolo S.p.A.,false,true,ueber_gruppe,
549300N5WDXOIOYBFN31,Banque Transatlantique Luxembourg S.A.,CI,Luxembourg,SI,9695000CG7B84NLR5984,Confédération Nationale du Crédit Mutuel,false,true,ueber_gruppe,
549300OZSHE4H5BFQA66,Intesa Sanpaolo Wealth Management S.A.,CI,Luxembourg,SI,2W8N8UU78PMDQKZENC08,Intesa Sanpaolo S.p.A.,false,true,ueber_gruppe,
549300UA2M7UCJX8SE64,CA Indosuez Wealth (Europe),CI,Luxembourg,SI,969500TJ5KRTCJQWXH05,Crédit Agricole S.A.,false,true,ueber_gruppe,
9CZ7TVMR36CYD5TZBS50,Banque Internationale à Luxembourg S.A.,CI,Luxembourg,SI,9CZ7TVMR36CYD5TZBS50,Banque Internationale à Luxembourg S.A.,true,true,meldet_selbst,
9KBIXMK6BHK6T4OV3F48,Commerzbank Finance & Covered Bond S.A.,CI,Luxembourg,SI,851WYGNLUQLFZBSYGB56,COMMERZBANK Aktiengesellschaft,false,true,ueber_gruppe,
AELIZRVUG3YVEFFUVL97,Natixis Corporate and Investment Banking Luxembourg,CI,Luxembourg,SI,9695005MSX1OYEMGDF46,BPCE S.A.,false,true,ueber_gruppe,
CAF7KSNT1N0CTA93RI98,NORD/LB Luxembourg S.A. Covered Bond Bank,CI,Luxembourg,SI,DSNHHQ2B9X5N6OUJ1236,Norddeutsche Landesbank -Girozentrale-,false,true,ueber_gruppe,
PSZXLEV07O5MHRRFCW56,Banque de Luxembourg S.A.,CI,Luxembourg,SI,9695000CG7B84NLR5984,Confédération Nationale du Crédit Mutuel,false,true,ueber_gruppe,
R7CQUF1DQM73HUTV1078,"Banque et Caisse d’Epargne de l’Etat, Luxembourg",CI,Luxembourg,SI,R7CQUF1DQM73HUTV1078,"Banque et Caisse d’Epargne de l’Etat, Luxembourg",true,true,meldet_selbst,
TPS0Q8GFSZF45ZZFL873,Société Générale Luxembourg,CI,Luxembourg,SI,O2RNE8IBXP4R0TD8PU41,Société Générale S.A.,true,true,meldet_selbst,
UAIAINAJ28P30E5GWE37,BGL BNP Paribas,CI,Luxembourg,SI,R0MUWSFPU8MPRO8K5P83,BNP Paribas S.A.,true,true,meldet_selbst,
213800TC9PZRBHMJW403,MDB Group Limited,FH,Malta,SI,315700LT2QPI1YMTC764,CREDITAS B.V.,true,false,meldet_selbst,
529900RWC8ZYB066JF16,Bank of Valletta plc,CI,Malta,SI,529900RWC8ZYB066JF16,Bank of Valletta plc,true,true,meldet_selbst,
529900SYUCFQHI3JZQ05,MeDirect Bank (Malta) plc,CI,Malta,SI,315700LT2QPI1YMTC764,CREDITAS B.V.,false,false,gruppe_meldet_teilweise,
549300X34UUBDEUL1Z91,HSBC Bank Malta p.l.c.,CI,Malta,SI,F0HUI1NY1AZMJMD8LP67,HSBC Continental Europe,true,true,meldet_selbst,
315700LT2QPI1YMTC764,CREDITAS B.V.,FH,Netherlands,SI,315700LT2QPI1YMTC764,CREDITAS B.V.,false,false,gruppe_meldet_teilweise,
3TK20IVIUJ8J3ZU0QE75,ING Bank N.V.,CI,Netherlands,SI,549300NYKK9MWM7GGW15,ING Groep N.V.,true,true,meldet_selbst,
529900GGYMNGRQTDOO93,BNG Bank N.V.,CI,Netherlands,SI,529900GGYMNGRQTDOO93,BNG Bank N.V.,true,true,meldet_selbst,
5493002PZJP4MPAK2748,Promontoria Holding 101 B.V.,FH,Netherlands,SI,549300UARE5MHTBUPJ19,Promontoria 19 Coöperatie U.A.,false,true,ueber_gruppe,
549300NYKK9MWM7GGW15,ING Groep N.V.,MFH,Netherlands,SI,549300NYKK9MWM7GGW15,ING Groep N.V.,true,true,meldet_selbst,
549300UARE5MHTBUPJ19,Promontoria 19 Coöperatie U.A.,FH,Netherlands,SI,549300UARE5MHTBUPJ19,Promontoria 19 Coöperatie U.A.,true,true,meldet_selbst,
635400JLGKETPVVGPW53,De Lage Landen International B.V.,CI,Netherlands,SI,DG3RU1DBUFHT4ZF9WN62,Coöperatieve Rabobank U.A.,true,true,meldet_selbst,
72450088V7QLGDPY6W41,LP Group B.V.,FH,Netherlands,SI,O2RNE8IBXP4R0TD8PU41,Société Générale S.A.,false,true,ueber_gruppe,
724500A1FNICHSDF2I11,ASN Bank N.V.,CI,Netherlands,SI,724500A1FNICHSDF2I11,ASN Bank N.V.,true,true,meldet_selbst,
724500C60L930FVHS484,Ayvens Bank N.V.,CI,Netherlands,SI,O2RNE8IBXP4R0TD8PU41,Société Générale S.A.,false,true,ueber_gruppe,
724500CH8CC5T0YOLT90,ABN AMRO Hypotheken Groep B.V.,CI,Netherlands,SI,BFXS5XCH7N0Y05NIXW11,ABN AMRO Bank N.V.,false,true,ueber_gruppe,
724500GY4BYLAXLTAN38,International Card Services B.V.,CI,Netherlands,SI,BFXS5XCH7N0Y05NIXW11,ABN AMRO Bank N.V.,false,true,ueber_gruppe,
724500JIWG886A9RRT57,RBS Holdings N.V.,FH,Netherlands,SI,724500JIWG886A9RRT57,RBS Holdings N.V.,true,true,meldet_selbst,
724500XGC9SSQ81M6I94,Rabo Groen Bank B.V.,CI,Netherlands,SI,DG3RU1DBUFHT4ZF9WN62,Coöperatieve Rabobank U.A.,false,true,ueber_gruppe,
BFXS5XCH7N0Y05NIXW11,ABN AMRO Bank N.V.,CI,Netherlands,SI,BFXS5XCH7N0Y05NIXW11,ABN AMRO Bank N.V.,true,true,meldet_selbst,
DG3RU1DBUFHT4ZF9WN62,Coöperatieve Rabobank U.A.,CI,Netherlands,SI,DG3RU1DBUFHT4ZF9WN62,Coöperatieve Rabobank U.A.,true,true,meldet_selbst,
G8ZTNESVNKW4NN761W05,ABN AMRO Clearing Bank N.V.,CI,Netherlands,SI,BFXS5XCH7N0Y05NIXW11,ABN AMRO Bank N.V.,true,true,meldet_selbst,
JLP5FSPH9WPSHY3NIM24,Nederlandse Waterschapsbank N.V.,CI,Netherlands,SI,JLP5FSPH9WPSHY3NIM24,Nederlandse Waterschapsbank N.V.,false,false,nicht_abgedeckt,
L35YSDFOIH056VDJ2557,GarantiBank International N.V.,CI,Netherlands,SI,K8MS7FD7N5Z2WQ51AZ71,"Banco Bilbao Vizcaya Argentaria, S.A.",false,true,ueber_gruppe,
X3CZP3CK64YBHON1LE12,NatWest Markets N.V.,CI,Netherlands,SI,724500JIWG886A9RRT57,RBS Holdings N.V.,false,true,ueber_gruppe,
213800JCFD358CCSSK44,"Banco Credibom, SA",CI,Portugal,SI,969500TJ5KRTCJQWXH05,Crédit Agricole S.A.,false,true,ueber_gruppe,
3DM5DPGI3W6OU6GJ4N92,"Banco BPI, SA",CI,Portugal,SI,7CUNS533WID6K7DGFI87,"CaixaBank, S.A.",true,true,meldet_selbst,
529900GYIFZ0EH50GF42,"Banco ActivoBank, S.A.",CI,Portugal,SI,JU1U6S0DG9YLT7N8ZV32,"Banco Comercial Português, S.A.",false,true,ueber_gruppe,
5493009W2E2YDCXY6S81,"NOVO BANCO, S.A.",CI,Portugal,SI,222100K6QL2V4MLHWQ08,LSF Nani Investments S.à.r.l.,true,false,meldet_selbst,
549300EP6JOM2CY64233,"NOVO BANCO DOS AÇORES, S.A.",CI,Portugal,SI,222100K6QL2V4MLHWQ08,LSF Nani Investments S.à.r.l.,false,false,gruppe_meldet_teilweise,
549300KAXHDD341NRL28,"Caixa - Banco de Investimento, S.A.",CI,Portugal,SI,TO822O0VT80V06K0FH57,"Caixa Geral de Depósitos, S.A.",false,true,ueber_gruppe,
549300QQJ6BNALGU6806,"ABANCA Portugal, S.A.",CI,Portugal,SI,54930056IRBXK0Q1FP96,"ABANCA Corporación Bancaria, S.A.",false,true,ueber_gruppe,
549300TW29K5QURDVU59,"BEST - Banco Electrónico de Serviço Total, SA",CI,Portugal,SI,222100K6QL2V4MLHWQ08,LSF Nani Investments S.à.r.l.,false,false,gruppe_meldet_teilweise,
549300URJH9VSI58CS32,Banco Santander Totta S.A.,CI,Portugal,SI,5493006QMFDDMYWIAM13,"Banco Santander, S.A.",true,true,meldet_selbst,
549300WW40X9COOEW455,"Caixa-Participações, SGPS, S.A.",FH,Portugal,SI,TO822O0VT80V06K0FH57,"Caixa Geral de Depósitos, S.A.",false,true,ueber_gruppe,
635400VIYABUSTRYT791,"Banco Primus, S.A.",CI,Portugal,SI,9695005MSX1OYEMGDF46,BPCE S.A.,false,true,ueber_gruppe,
95980020140005997493,"BBVA Instituição Financeira de Crédito, S.A.",CI,Portugal,SI,K8MS7FD7N5Z2WQ51AZ71,"Banco Bilbao Vizcaya Argentaria, S.A.",false,true,ueber_gruppe,
JU1U6S0DG9YLT7N8ZV32,"Banco Comercial Português, S.A.",CI,Portugal,SI,JU1U6S0DG9YLT7N8ZV32,"Banco Comercial Português, S.A.",true,true,meldet_selbst,
TO822O0VT80V06K0FH57,"Caixa Geral de Depósitos, S.A.",CI,Portugal,SI,TO822O0VT80V06K0FH57,"Caixa Geral de Depósitos, S.A.",true,true,meldet_selbst,
3157002JBFAI478MD587,"Tatra banka, a.s.",CI,Slovakia,SI,9ZHRYM6F437SQJ6OUG95,Raiffeisen Bank International AG,true,true,meldet_selbst,
315700PLTAXHBHZP5J02,"365.bank, a.s.",CI,Slovakia,SI,213800X3Q9LSAKRUWY91,KBC Group NV,false,true,ueber_gruppe,
52990096Q5LMCH1WU462,"Československá obchodná banka, a.s.",CI,Slovakia,SI,213800X3Q9LSAKRUWY91,KBC Group NV,true,true,meldet_selbst,
549300JB1P61FUTPEZ75,"Všeobecná úverová banka, a.s.",CI,Slovakia,SI,2W8N8UU78PMDQKZENC08,Intesa Sanpaolo S.p.A.,true,true,meldet_selbst,
549300S2T3FWVVXWJI89,"Slovenská sporiteľňa, a.s.",CI,Slovakia,SI,PQOH26KWDF7CG10L6792,Erste Group Bank AG,true,true,meldet_selbst,
315700RO18UEKF9GP419,Banka Sparkasse d.d.,CI,Slovenia,SI,PQOH26KWDF7CG10L6792,Erste Group Bank AG,false,true,ueber_gruppe,
529900VC4WC3QO8WTL13,Addiko Bank d.d.,CI,Slovenia,SI,529900UKZBMDBDZIXD62,Addiko Bank AG,false,true,ueber_gruppe,
5493000UPYR7EEHN2R94,"Gorenjska Banka d.d., Kranj",CI,Slovenia,SI,213800HDJ876ACJXXD05,AikGroup (CY) Limited,true,true,meldet_selbst,
5493001BABFV7P27OW30,"Nova Ljubljanska banka d.d., Ljubljana",CI,Slovenia,SI,5493001BABFV7P27OW30,"Nova Ljubljanska banka d.d., Ljubljana",true,true,meldet_selbst,
549300ECJDDLOVWWL932,Banka Intesa Sanpaolo d.d.,CI,Slovenia,SI,2W8N8UU78PMDQKZENC08,Intesa Sanpaolo S.p.A.,false,true,ueber_gruppe,
549300J0GSZ83GTKBZ89,OTP banka d.d.,CI,Slovenia,SI,22210058UCKT3BJTCN24,OTP Luxembourg S.à.r.l.,true,true,meldet_selbst,
549300O2UN9JLME31F08,UniCredit Banka Slovenija d.d.,CI,Slovenia,SI,549300TRUWO2CD2G5692,UniCredit S.p.A.,true,true,meldet_selbst,
2138001YBO7CJNQOEE37,"Banco Mediolanum, S.A.",CI,Spain,SI,7LVZJ6XRIE7VNZ4UBX81,Banca Mediolanum S.p.A.,false,true,ueber_gruppe,
529900SICIK5OVMVY186,"Deutsche Bank, S.A.E.",CI,Spain,SI,7LTWFZYICNSX8D621K86,Deutsche Bank AG,false,true,ueber_gruppe,
5493000LM0MZ4JPMGM90,"Open Bank, S.A.",CI,Spain,SI,5493006QMFDDMYWIAM13,"Banco Santander, S.A.",true,true,meldet_selbst,
54930056IRBXK0Q1FP96,"ABANCA Corporación Bancaria, S.A.",CI,Spain,SI,54930056IRBXK0Q1FP96,"ABANCA Corporación Bancaria, S.A.",true,true,meldet_selbst,
5493006QMFDDMYWIAM13,"Banco Santander, S.A.",CI,Spain,SI,5493006QMFDDMYWIAM13,"Banco Santander, S.A.",true,true,meldet_selbst,
5493007SJLLCTM6J6M37,"Unicaja Banco, S.A.",CI,Spain,SI,5493007SJLLCTM6J6M37,"Unicaja Banco, S.A.",true,true,meldet_selbst,
549300OLBL49CW8CT155,"Ibercaja Banco, S.A.",CI,Spain,SI,549300OLBL49CW8CT155,"Ibercaja Banco, S.A.",true,true,meldet_selbst,
549300U4LIZV0REEQQ46,"Kutxabank, S.A.",CI,Spain,SI,549300U4LIZV0REEQQ46,"Kutxabank, S.A.",true,true,meldet_selbst,
6354007ZW5CLO6YHGK36,"Caixa R. de Turís, C.C.V.",CI,Spain,SI,95980020140005881190,"Banco de Crédito Social Cooperativo, S.A.",false,true,ueber_gruppe,
635400AAPLXTJGKCMB39,"Caixa R. Altea, C.C.V.",CI,Spain,SI,95980020140005881190,"Banco de Crédito Social Cooperativo, S.A.",false,true,ueber_gruppe,
635400AOYRRGOJUGAX32,"Caja de Crédito de Petrel, Caja Rural, C.C.V.",CI,Spain,SI,95980020140005881190,"Banco de Crédito Social Cooperativo, S.A.",false,true,ueber_gruppe,
635400AQCMGMEAGQB886,"Caja R. de Alginet, S.C.C.V.",CI,Spain,SI,95980020140005881190,"Banco de Crédito Social Cooperativo, S.A.",false,true,ueber_gruppe,
635400CE9HHFB55PEY43,Cajamar Caja Rural Sociedad Cooperativa de Crédito,CI,Spain,SI,95980020140005881190,"Banco de Crédito Social Cooperativo, S.A.",false,true,ueber_gruppe,
635400FTUWGNM6CHRI73,"Caixa Rural Torrent, C.C.V.",CI,Spain,SI,95980020140005881190,"Banco de Crédito Social Cooperativo, S.A.",false,true,ueber_gruppe,
635400GCLK5ZHSHH5B80,"Caja R. S. Isidro de Vilafames, S.C.C.V.",CI,Spain,SI,95980020140005881190,"Banco de Crédito Social Cooperativo, S.A.",false,true,ueber_gruppe,
635400J15IRJJXMI6M28,"Caixa R.S. Josep de Vilavella, S.C.C.V.",CI,Spain,SI,95980020140005881190,"Banco de Crédito Social Cooperativo, S.A.",false,true,ueber_gruppe,
635400JGUDBXA9SJAT89,"Caja R. La Junquera de Chilches, S.C.C.V.",CI,Spain,SI,95980020140005881190,"Banco de Crédito Social Cooperativo, S.A.",false,true,ueber_gruppe,
635400LATQHBDJVK2O07,Caja R. S. Roque de Almenara S.C.C.V.,CI,Spain,SI,95980020140005881190,"Banco de Crédito Social Cooperativo, S.A.",false,true,ueber_gruppe,
635400NY7IQMBTTK4D30,"Caixa R. S. Vicent Ferrer de la Vall D’Uixó, C.C.V.",CI,Spain,SI,95980020140005881190,"Banco de Crédito Social Cooperativo, S.A.",false,true,ueber_gruppe,
635400OVO6HWLUD2YY08,"Caja R. de Cheste, S.C.C.",CI,Spain,SI,95980020140005881190,"Banco de Crédito Social Cooperativo, S.A.",false,true,ueber_gruppe,
635400PG53OKXYYLRB68,Caja R. S. Jaime Alquerías Niño Perdido S.C.C.V.,CI,Spain,SI,95980020140005881190,"Banco de Crédito Social Cooperativo, S.A.",false,true,ueber_gruppe,
635400Q3SPCPIHXXGR35,Caixa Rural De Callosa D'en Sarria Cooperativa De Credito Valenciana,CI,Spain,SI,95980020140005881190,"Banco de Crédito Social Cooperativo, S.A.",false,true,ueber_gruppe,
635400QRDROC5REDLP11,"Caja R. S. José de Burriana, S.C.C.V.",CI,Spain,SI,95980020140005881190,"Banco de Crédito Social Cooperativo, S.A.",false,true,ueber_gruppe,
635400T6AXCIH7EOTO46,"Caja R. S. José de Nules, S.C.C.V.",CI,Spain,SI,95980020140005881190,"Banco de Crédito Social Cooperativo, S.A.",false,true,ueber_gruppe,
635400T8P82JKHPUBD58,"Caja R. Católico Agraria, S.C.C.V.",CI,Spain,SI,95980020140005881190,"Banco de Crédito Social Cooperativo, S.A.",false,true,ueber_gruppe,
635400TVFCZ8KWG6YZ06,"Caja R. de Villar, C.C.V.",CI,Spain,SI,95980020140005881190,"Banco de Crédito Social Cooperativo, S.A.",false,true,ueber_gruppe,
7CUNS533WID6K7DGFI87,"CaixaBank, S.A.",CI,Spain,SI,7CUNS533WID6K7DGFI87,"CaixaBank, S.A.",true,true,meldet_selbst,
95980020140005635198,"Nuevo Micro Bank, S.A.U.",CI,Spain,SI,7CUNS533WID6K7DGFI87,"CaixaBank, S.A.",false,true,ueber_gruppe,
95980020140005816006,"Banco Occidental, S.A.",CI,Spain,SI,K8MS7FD7N5Z2WQ51AZ71,"Banco Bilbao Vizcaya Argentaria, S.A.",false,true,ueber_gruppe,
95980020140005879929,Banco Cetelem S.A.,CI,Spain,SI,R0MUWSFPU8MPRO8K5P83,BNP Paribas S.A.,false,true,ueber_gruppe,
95980020140005881190,"Banco de Crédito Social Cooperativo, S.A.",CI,Spain,SI,95980020140005881190,"Banco de Crédito Social Cooperativo, S.A.",true,true,meldet_selbst,
95980020140005970915,"CACEIS Bank Spain, S.A.",CI,Spain,SI,969500TJ5KRTCJQWXH05,Crédit Agricole S.A.,false,true,ueber_gruppe,
9598006VA7CEUXXG2H60,"Santander CACEIS Latam Holding 1, S.L.",FH,Spain,SI,969500TJ5KRTCJQWXH05,Crédit Agricole S.A.,false,true,ueber_gruppe,
959800EPV2YFDAY45075,Sabadell Consumer Finance S.A.,CI,Spain,SI,SI5RG2M0WQQLZCXKRM20,"Banco de Sabadell, S.A.",false,true,ueber_gruppe,
959800MZYB6CKWA9K382,"Banco de Albacete, S.A.",CI,Spain,SI,5493006QMFDDMYWIAM13,"Banco Santander, S.A.",false,true,ueber_gruppe,
959800PF0SJV8TSAB140,"Santander Investment, S.A.",CI,Spain,SI,5493006QMFDDMYWIAM13,"Banco Santander, S.A.",false,true,ueber_gruppe,
K8MS7FD7N5Z2WQ51AZ71,"Banco Bilbao Vizcaya Argentaria, S.A.",CI,Spain,SI,K8MS7FD7N5Z2WQ51AZ71,"Banco Bilbao Vizcaya Argentaria, S.A.",true,true,meldet_selbst,
SI5RG2M0WQQLZCXKRM20,"Banco de Sabadell, S.A.",CI,Spain,SI,SI5RG2M0WQQLZCXKRM20,"Banco de Sabadell, S.A.",true,true,meldet_selbst,
VWMYAEQSTOPNV0SUGU82,"Bankinter, S.A.",CI,Spain,SI,VWMYAEQSTOPNV0SUGU82,"Bankinter, S.A.",true,true,meldet_selbst,
