lei,bank_name,country,scope,refPeriod,rahmenwerk,submission_ts,im_xbrl_bestand,paket_mb,n_pdf,n_seiten,n_zeichen,zeichen_je_seite,textebene,sprache,sprach_abstand,sprach_woerter,sprach_urteil,n_offengelegt,n_ausgelassen,quote_gegen_erwartung,trea_eur,groessenklasse,zeichen_je_template,fehler
097900BEF50000000569,"Prvá stavebná sporiteľňa, a.s.",SK,IND,2025-12-31,P3NONREMDISDOCS,20260504103000000,false,1.387,1,56,138789,2478.4,ja,sk,32.56,2027,landessprache,,,,,unbekannt,,
0W2PZJM8XOY22M4GG883,DekaBank Deutsche Girozentrale,DE,CON,2025-06-30,P3NONREMDISDOCS,20260210165930718,true,1.491,1,91,195612,2149.6,ja,de,131.38,1941,landessprache,51,43,0.0,28970000000.0,gross,3836,
0W2PZJM8XOY22M4GG883,DekaBank Deutsche Girozentrale,DE,CON,2025-09-30,P3NONREMDISDOCS,20260310165930718,true,0.702,1,20,31896,1594.8,ja,de,132.07,1946,landessprache,7,48,0.0,28010000000.0,mittel,4557,
0W2PZJM8XOY22M4GG883,DekaBank Deutsche Girozentrale,DE,CON,2025-12-31,P3NONREMDISDOCS,20260511151059001,true,3.292,2,223,678267,3041.6,ja,de,16.0,2188,landessprache,63,23,0.0,28440000000.0,gross,10766,
0W2PZJM8XOY22M4GG883,DekaBank Deutsche Girozentrale,DE,CON,2026-03-31,P3NONREMDISDOCS,20260527131259001,true,0.42,1,20,32072,1603.6,ja,de,132.34,1942,landessprache,8,46,0.0,29490000000.0,gross,4009,
0W5QHUNYV4W7GJO62R27,HYPO TIROL BANK AG,AT,CON,2025-12-31,P3NONREMDISDOCS,20260529113001003,true,0.676,1,85,216790,2550.5,ja,de,222.37,2208,landessprache,49,37,0.0,3501000000.0,klein,4424,
0W5QHUNYV4W7GJO62R27,HYPO TIROL BANK AG,AT,CON,2025-12-31,P3REMDISDOCS,20260529171001007,true,0.214,1,7,21988,3141.1,ja,de,201.82,2304,landessprache,49,37,0.0,3501000000.0,klein,449,
1FOLRR5RWTWWI397R131,Aktiebolaget Svensk Exportkredit,SE,IND,2025-06-30,P3NONREMDISDOCS,20260327160015001,true,0.965,1,55,107916,1962.1,ja,en,139.1,2394,englisch,36,50,0.0476,8716000000.0,mittel,2998,
1FOLRR5RWTWWI397R131,Aktiebolaget Svensk Exportkredit,SE,IND,2025-09-30,P3NONREMDISDOCS,20260327160015002,true,0.135,1,10,17326,1732.6,ja,en,138.15,1701,englisch,6,49,0.0,8997000000.0,mittel,2888,
1FOLRR5RWTWWI397R131,Aktiebolaget Svensk Exportkredit,SE,IND,2025-12-31,P3NONREMDISDOCS,20260415162800002,true,4.796,1,103,250187,2429.0,ja,en,184.95,3044,englisch,49,42,0.119,9233000000.0,mittel,5106,
1FOLRR5RWTWWI397R131,Aktiebolaget Svensk Exportkredit,SE,IND,2025-12-31,P3REMDISDOCS,20260511211508000,true,0.138,1,7,13578,1939.7,ja,en,238.81,1989,englisch,49,42,0.119,9233000000.0,mittel,277,
1FOLRR5RWTWWI397R131,Aktiebolaget Svensk Exportkredit,SE,IND,2026-03-31,P3NONREMDISDOCS,20260618163500002,true,0.137,1,10,16827,1682.7,ja,en,143.98,1778,englisch,6,48,0.0,9279000000.0,mittel,2804,
1VUV7VQFKUOQSJ21A208,Credit agricole corporate and investment bank,FR,CON,2025-06-30,P3NONREMDISDOCS,20260624092100000,false,2.992,2,72,172227,2392.0,ja,en,178.09,2145,englisch,,,,,unbekannt,,
1VUV7VQFKUOQSJ21A208,Credit agricole corporate and investment bank,FR,CON,2025-09-30,P3NONREMDISDOCS,20260624092100000,false,1.57,2,16,23971,1498.2,ja,en,15.95,1818,englisch,,,,,unbekannt,,
1VUV7VQFKUOQSJ21A208,Credit agricole corporate and investment bank,FR,CON,2025-12-31,P3NONREMDISDOCS,20260624092100000,false,0.784,2,78,302326,3876.0,ja,fr,83.22,2896,landessprache,,,,,unbekannt,,
1VUV7VQFKUOQSJ21A208,Credit agricole corporate and investment bank,FR,CON,2026-03-31,P3NONREMDISDOCS,20260624092100000,false,1.193,2,14,29634,2116.7,ja,en,72.87,1290,englisch,,,,,unbekannt,,
2138002PVBMEHILJ1340,Mitsubishi UFJ Investor Services and Banking (Luxembourg) S.A.,LU,IND,2025-12-31,P3NONREMDISDOCS,20260612145653977,true,4.904,1,38,49998,1315.7,ja,en,144.19,2032,englisch,6,65,0.1429,1414000000.0,klein,8333,
21380033CFFM2V1ZCK65,SPARKASSE (HOLDINGS) MALTA LIMITED,MT,CON,2025-12-31,P3NONREMDISDOCS,20260424130418037,true,0.443,1,50,146176,2923.5,ja,en,220.05,2713,landessprache,18,66,0.2,185100000.0,klein,8121,
2138003IGGAUDLPNC244,Izola Bank plc,MT,IND,2025-12-31,P3NONREMDISDOCS,20260630160802003,false,1.568,1,73,156359,2141.9,ja,en,233.42,2609,landessprache,,,,,unbekannt,,
2138003Z5ZVN16GFYV70,"Banco Finantia, SA",PT,CON,2025-12-31,P3NONREMDISDOCS,20260626080000000,false,0.899,1,55,158458,2881.1,ja,pt,176.11,2470,landessprache,,,,,unbekannt,,
21380057HUGFEAF25W84,NOBA Group,SE,CON,2025-12-31,P3NONREMDISDOCS,20260417083015001,true,8.049,1,53,225910,4262.5,ja,en,179.21,2126,englisch,43,35,0.0,9633000000.0,mittel,5254,
2138005M92IEIQVEL297,AS Inbank,EE,CON,2025-06-30,P3NONREMDISDOCS,20260218160900001,true,0.178,1,7,13567,1938.1,ja,en,117.45,1209,englisch,4,59,0.0,957000000.0,klein,3392,
2138005M92IEIQVEL297,AS Inbank,EE,CON,2025-12-31,P3NONREMDISDOCS,20260302150500001,true,1.481,1,95,282591,2974.6,ja,en,168.55,2207,englisch,42,36,0.0,1045000000.0,klein,6728,
2138005M92IEIQVEL297,AS Inbank,EE,CON,2025-12-31,P3REMDISDOCS,20260302140900001,true,0.159,1,12,20528,1710.7,ja,en,201.69,1899,englisch,42,36,0.0,1045000000.0,klein,489,
2138005MGIT3X9ZTMP37,Rønde Sparekasse,DK,IND,2025-12-31,P3NONREMDISDOCS,20260225103000000,true,12.437,1,37,70204,1897.4,ja,da,24.98,2402,landessprache,22,62,0.0,53340000.0,klein,3191,
2138007F5HA5FFJROB80,"Akciju sabiedrība ""Rietumu Banka""",LV,CON,2025-12-31,P3NONREMDISDOCS,20260526132410000,true,0.931,1,51,119832,2349.6,ja,lv,115.89,2304,landessprache,17,59,0.0,1235000000.0,klein,7049,
2138007WKF5CM2EUM824,"Citfin, spořitelní družstvo",CZ,IND,2025-12-31,P3NONREMDISDOCS,20260629090000004,true,0.534,1,71,124142,1748.5,ja,cs,22.58,3100,landessprache,13,63,0.0,,unbekannt,9549,
213800984CWACNBY8F31,Sparekassen for Nr. Nebel og Omegn,DK,IND,2025-12-31,P3NONREMDISDOCS,20260331104800000,true,5.981,1,31,64628,2084.8,ja,da,33.53,2356,landessprache,22,62,0.0,160300000.0,klein,2938,
2138009Y59EAR7H1UO97,"Akciju sabiedrība ""Citadele banka""",LV,CON,2025-06-30,P3NONREMDISDOCS,20260320172901010,true,2.801,2,123,461540,3752.4,ja,lv,73.24,2321,landessprache,35,59,0.0455,2608000000.0,klein,13187,
2138009Y59EAR7H1UO97,"Akciju sabiedrība ""Citadele banka""",LV,CON,2025-09-30,P3NONREMDISDOCS,20260320111201010,true,0.918,2,30,120103,4003.4,ja,lv,84.1,2295,landessprache,3,52,0.0,2641000000.0,klein,40034,
2138009Y59EAR7H1UO97,"Akciju sabiedrība ""Citadele banka""",LV,CON,2025-12-31,P3NONREMDISDOCS,20260320130001010,true,2.287,2,158,553091,3500.6,ja,lv,39.93,2304,landessprache,54,45,0.0682,2716000000.0,klein,10242,
2138009Y59EAR7H1UO97,"Akciju sabiedrība ""Citadele banka""",LV,CON,2025-12-31,P3NONREMDISDOCS,20260415141501010,true,2.289,2,158,553090,3500.6,ja,lv,39.93,2304,landessprache,54,45,0.0682,2716000000.0,klein,10242,
2138009Y59EAR7H1UO97,"Akciju sabiedrība ""Citadele banka""",LV,CON,2025-12-31,P3REMDISDOCS,20260529171501010,true,0.598,2,18,59244,3291.3,ja,lv,87.61,2454,landessprache,54,45,0.0682,2716000000.0,klein,1097,
2138009Y59EAR7H1UO97,"Akciju sabiedrība ""Citadele banka""",LV,CON,2026-03-31,P3NONREMDISDOCS,20260528150501010,true,0.914,2,28,111080,3967.1,ja,en,262.96,2932,englisch,3,51,0.0,2743000000.0,klein,37027,
213800A1O379I6DMCU10,APS BANK P.L.C.,MT,IND,2025-06-30,P3NONREMDISDOCS,20260127090000000,true,0.816,1,58,142877,2463.4,ja,en,214.92,2024,landessprache,29,65,0.0909,1878000000.0,klein,4927,
213800A1O379I6DMCU10,APS BANK P.L.C.,MT,IND,2025-09-30,P3NONREMDISDOCS,20260128000000000,true,0.522,1,10,21796,2179.6,ja,en,235.74,2507,landessprache,4,51,0.0,1907000000.0,klein,5449,
213800A1O379I6DMCU10,APS BANK P.L.C.,MT,IND,2025-12-31,P3NONREMDISDOCS,20260402120000000,true,1.394,1,101,258733,2561.7,ja,en,278.36,2213,landessprache,43,56,0.1818,1854000000.0,klein,6017,
213800A1O379I6DMCU10,APS BANK P.L.C.,MT,IND,2025-12-31,P3REMDISDOCS,20260402120000000,true,0.303,1,11,30616,2783.3,ja,en,263.87,2524,landessprache,43,56,0.1818,1854000000.0,klein,712,
213800C78WI8VFJCYR09,Sparekassen Bredebro,DK,IND,2025-12-31,P3NONREMDISDOCS,20260225104500000,true,11.224,1,37,67684,1829.3,ja,da,33.63,2379,landessprache,22,62,0.0,166900000.0,klein,3077,
213800C78WI8VFJCYR09,Sparekassen Bredebro,DK,IND,2025-12-31,P3NONREMDISDOCS,20260225141500000,true,11.284,1,37,67655,1828.5,ja,da,33.63,2379,landessprache,22,62,0.0,166900000.0,klein,3075,
213800CBW4NPFP73ZK64,ANCORIA INVESTMENTS PLC,CY,CON,2025-12-31,P3NONREMDISDOCS,20260427160800000,true,1.259,1,91,228326,2509.1,ja,en,258.3,1746,englisch,8,106,0.2727,199400000.0,klein,28541,
213800CBW4NPFP73ZK64,ANCORIA INVESTMENTS PLC,CY,CON,2025-12-31,P3REMDISDOCS,20260430131000000,true,0.282,1,7,18648,2664.0,ja,en,297.38,2522,englisch,8,106,0.2727,199400000.0,klein,2331,
213800CQ92347ZCS9V73,"ATLÂNTICO EUROPA, SGPS, SA",PT,CON,2025-12-31,P3NONREMDISDOCS,20260522174312463,true,1.171,1,59,192630,3264.9,ja,pt,180.23,2236,landessprache,20,56,0.0,273200000.0,klein,9632,
213800CQ92347ZCS9V73,"ATLÂNTICO EUROPA, SGPS, SA",PT,CON,2025-12-31,P3REMDISDOCS,20260522174412463,true,0.303,1,8,21850,2731.2,ja,pt,145.82,1543,landessprache,20,56,0.0,273200000.0,klein,1092,
213800DBQIB6VBNU5C64,Alpha Bank S.A.,GR,CON,2025-06-30,P3NONREMDISDOCS,20250113112642000,true,2.941,1,204,492013,2411.8,ja,en,140.05,1528,englisch,42,44,0.0,30600000000.0,gross,11715,
213800DBQIB6VBNU5C64,Alpha Bank S.A.,GR,CON,2025-09-30,P3NONREMDISDOCS,20251223164502000,true,0.483,1,23,52009,2261.3,ja,en,227.77,2485,englisch,4,51,0.0,30980000000.0,gross,13002,
213800DBQIB6VBNU5C64,Alpha Bank S.A.,GR,CON,2025-12-31,P3NONREMDISDOCS,20260625163451000,true,5.369,1,314,751921,2394.7,ja,en,168.53,985,englisch,60,26,0.0526,32480000000.0,gross,12532,
213800HDJ876ACJXXD05,AIKGROUP (CY) LIMITED,CY,CON,2025-06-30,P3NONREMDISDOCS,20251210151053074,true,1.867,1,79,337832,4276.4,ja,en,202.16,1756,englisch,48,25,0.0,6868000000.0,mittel,7038,
213800HDJ876ACJXXD05,AIKGROUP (CY) LIMITED,CY,CON,2025-09-30,P3NONREMDISDOCS,20251210151632215,true,0.455,1,8,24584,3073.0,ja,en,176.74,2150,englisch,10,45,0.0,7148000000.0,mittel,2458,
213800JF3JFF6MMR2P36,Fynske Bank A/S,DK,CON,2025-12-31,P3NONREMDISDOCS,20260303192516000,true,0.545,1,19,88538,4659.9,ja,da,15.03,1530,landessprache,32,52,0.0,732100000.0,klein,2767,
213800KGF4EFNUQKAT69,EUROBANK S.A.,GR,CON,2025-12-31,P3NONREMDISDOCS,20260626091500000,true,2.924,1,185,905769,4896.0,ja,en,188.78,1123,englisch,80,14,0.0,53650000000.0,gross,11322,
213800KOJ5JSZ6ID2R91,Sparekassen Balling,DK,IND,2025-12-31,P3NONREMDISDOCS,20260227193135000,true,0.998,1,25,41409,1656.4,ja,da,28.4,2394,landessprache,22,62,0.0,97960000.0,klein,1882,
213800KOJ5JSZ6ID2R91,Sparekassen Balling,DK,IND,2025-12-31,P3NONREMDISDOCS,20260302134535000,true,0.998,1,25,41409,1656.4,ja,da,28.4,2394,landessprache,22,62,0.0,97960000.0,klein,1882,
213800KYUPNOQPAQL758,BANCO DE INVESTIMENTO GLOBAL S.A.,PT,CON,2025-12-31,P3NONREMDISDOCS,20260616151700000,true,0.993,1,1,569,569.0,ja,,,80,unsicher,13,63,0.0,1083000.0,klein,44,
213800KYUPNOQPAQL758,BANCO DE INVESTIMENTO GLOBAL S.A.,PT,CON,2025-12-31,P3REMDISDOCS,20260619165300000,true,0.465,1,16,31681,1980.1,ja,pt,195.47,2957,landessprache,13,63,0.0,1083000.0,klein,2437,
213800M7T3CYVZ3ZRT12,Sparebanken Norge,NO,CON,2025-12-31,P3NONREMDISDOCS,20260327091500000,true,1.116,1,40,104494,2612.3,ja,en,228.76,2378,englisch,46,48,0.15,18030000000.0,mittel,2272,
213800MLL4APN9UP1J53,Rise Sparekasse,DK,IND,2025-12-31,P3NONREMDISDOCS,20260317151600000,true,1.914,1,43,85788,1995.1,ja,da,25.4,2402,landessprache,22,62,0.0,99180000.0,klein,3899,
213800P1P13ABO5R9V78,Societe Generale Bank - Cyprus Ltd,CY,IND,2025-12-31,P3REMDISDOCS,20260625153451367,true,0.999,1,67,223526,3336.2,ja,en,272.97,2612,englisch,9,67,0.0,413000.0,klein,24836,
213800RENLNKMWZV8767,Lollands Bank A/S,DK,CON,2025-12-31,P3NONREMDISDOCS,20260324161200000,true,1.672,1,28,73638,2629.9,ja,da,29.11,2130,landessprache,22,62,0.3,363200000.0,klein,3347,
213800TC9PZRBHMJW403,MDB Group Limited,MT,CON,2025-06-30,P3NONREMDISDOCS,20260128105932080,true,2.077,1,91,358117,3935.4,ja,en,213.93,2599,landessprache,38,48,0.0,1261.0,klein,9424,
213800TC9PZRBHMJW403,MDB Group Limited,MT,CON,2025-09-30,P3NONREMDISDOCS,20260128105932080,true,0.393,1,10,22877,2287.7,ja,en,191.25,2515,landessprache,3,52,0.0,1193.0,klein,7626,
213800TC9PZRBHMJW403,MDB Group Limited,MT,CON,2025-12-31,P3NONREMDISDOCS,20260625105932080,true,2.831,1,129,539470,4181.9,ja,en,217.04,2746,landessprache,38,53,0.0,1193.0,klein,14197,
213800UIIZ6YSEQB5S26,Clearstream Fund Centre Holding S.A.,LU,CON,2025-12-31,P3NONREMDISDOCS,20260520195929613,true,1.736,1,113,230121,2036.5,ja,en,90.43,1692,englisch,33,45,0.2222,605000000.0,klein,6973,
213800UK7516IBWZO445,Borbjerg Sparekasse,DK,IND,2025-12-31,P3NONREMDISDOCS,20260313153200000,true,6.401,1,34,69408,2041.4,ja,da,36.48,2385,landessprache,21,63,0.1,66040000.0,klein,3305,
213800UYAHIRLZ4NSN67,Lån & Spar Bank A/S,DK,IND,2025-06-30,P3NONREMDISDOCS,20260226113349252,true,0.285,1,4,6363,1590.8,ja,en,114.85,653,englisch,6,57,0.0,1926000000.0,klein,1060,
213800UYAHIRLZ4NSN67,Lån & Spar Bank A/S,DK,IND,2025-12-31,P3NONREMDISDOCS,20260226113039680,true,1.556,1,103,204842,1988.8,ja,da,29.67,2494,landessprache,60,26,0.0,2038000000.0,klein,3414,
213800X3Q9LSAKRUWY91,KBC Groupe,BE,CON,2025-06-30,P3NONREMDISDOCS,20250209131402001,true,1.14,1,65,204078,3139.7,ja,en,156.59,2497,englisch,9,14,0.0,,unbekannt,22675,
213800X3Q9LSAKRUWY91,KBC Groupe,BE,CON,2025-09-30,P3NONREMDISDOCS,20250202131402003,true,0.222,1,10,16928,1692.8,ja,en,147.64,1971,englisch,,,,,unbekannt,,
213800X3Q9LSAKRUWY91,KBC Groupe,BE,CON,2025-12-31,P3NONREMDISDOCS,20260414131402003,true,8.817,2,240,798319,3326.3,ja,en,163.15,2513,englisch,12,8,0.0,,unbekannt,66527,
213800X3Q9LSAKRUWY91,KBC Groupe,BE,CON,2025-12-31,P3REMDISDOCS,20260518131402003,true,0.141,1,5,6296,1259.2,ja,en,179.7,729,englisch,12,8,0.0,,unbekannt,525,
213800X3Q9LSAKRUWY91,KBC Groupe,BE,CON,2026-03-31,P3NONREMDISDOCS,20260612083030000,true,0.222,1,9,17105,1900.6,ja,en,149.15,1998,englisch,8,46,0.0,132600000000.0,gross,2138,
22210058UCKT3BJTCN24,OTP Luxembourg S.à r.l.,SI,CON,2025-06-30,P3NONREMDISDOCS,20260310104410850,true,0.515,2,20,43349,2167.4,ja,en,227.8,2669,englisch,0,55,1.0,7559000000.0,mittel,,
22210058UCKT3BJTCN24,OTP Luxembourg S.à r.l.,SI,CON,2025-12-31,P3NONREMDISDOCS,20260409054410850,true,3.39,2,406,1103626,2718.3,ja,en,252.49,2606,englisch,0,78,1.0,7881000000.0,mittel,,
22210058UCKT3BJTCN24,OTP Luxembourg S.à r.l.,SI,CON,2025-12-31,P3REMDISDOCS,20260520134410850,true,0.716,2,32,85483,2671.3,ja,en,298.44,2885,englisch,0,78,1.0,7881000000.0,mittel,,
222100PG81CES7H3HZ28,Aneto S.à r.l.,ES,CON,2025-12-31,P3NONREMDISDOCS,20260626205300000,true,1.342,1,75,207036,2760.5,ja,en,192.17,1634,englisch,11,65,0.0,1617000000.0,klein,18821,
222100PG81CES7H3HZ28,Aneto S.à r.l.,ES,CON,2025-12-31,P3REMDISDOCS,20260626205200000,true,0.353,1,11,28094,2554.0,ja,en,285.71,2842,englisch,11,65,0.0,1617000000.0,klein,2554,
222100V03Y766EM5TZ83,Brown Brothers Harriman (Luxembourg) S.C.A.,LU,IND,2025-12-31,P3NONREMDISDOCS,20260428124000000,true,0.919,7,13,32199,2476.8,ja,en,251.14,2855,englisch,13,71,,382600000.0,klein,2477,
222100V03Y766EM5TZ83,Brown Brothers Harriman (Luxembourg) S.C.A.,LU,IND,2025-12-31,P3NONREMDISDOCS,20260519110000000,true,0.971,1,47,128251,2728.7,ja,en,203.46,2541,englisch,13,71,,382600000.0,klein,9865,
222100V03Y766EM5TZ83,Brown Brothers Harriman (Luxembourg) S.C.A.,LU,IND,2025-12-31,P3REMDISDOCS,20260428124000000,true,0.194,1,2,10822,5411.0,ja,en,271.34,1570,englisch,13,71,,382600000.0,klein,832,
2534005A84927EKSR789,Signet Bank AS,LV,CON,2025-12-31,P3NONREMDISDOCS,20260528114010000,true,0.596,1,23,74372,3233.6,ja,lv,61.84,2086,landessprache,12,64,0.125,378300000.0,klein,6198,
254900RNFMDM0P11YR84,Atlantic Lux HoldCo S.à r.l.,DE,CON,2025-06-30,P3NONREMDISDOCS,20260625090843656,true,1.674,2,158,475792,3011.3,ja,de,188.17,2147,landessprache,41,45,0.0,13310000000.0,mittel,11605,
254900RNFMDM0P11YR84,Atlantic Lux HoldCo S.à r.l.,DE,CON,2025-09-30,P3NONREMDISDOCS,20260625104931354,true,0.376,2,32,71858,2245.6,ja,de,172.79,2176,landessprache,7,48,0.0,12830000000.0,mittel,10265,
2594000ZNGGQZXZKXH36,VELOBANK SA,PL,CON,2025-12-31,P3NONREMDISDOCS,20260420131241950,true,2.731,1,68,194866,2865.7,ja,pl,109.56,2227,landessprache,12,72,0.0,3584000000.0,klein,16239,
2594009RV746A68X4G95,Wschodni Bank Spoldzielczy w Chelmie,PL,IND,2025-12-31,P3NONREMDISDOCS,20260622083000000,false,0.595,1,59,132727,2249.6,ja,pl,95.28,2120,landessprache,,,,,unbekannt,,
2594009RV746A68X4G95,Wschodni Bank Spoldzielczy w Chelmie,PL,IND,2025-12-31,P3NONREMDISDOCS,20260623085500000,false,6.363,1,60,0,0.0,nein,,,0,unsicher,,,,,unbekannt,,
259400BILZFH923Q1N56,WARMINSKO - MAZURSKI BANK SPOLDZIELCZY,PL,IND,2025-12-31,P3NONREMDISDOCS,20260616124736230,true,1.055,1,75,170507,2273.4,ja,pl,128.6,2364,landessprache,18,66,0.0,143100000.0,klein,9473,
259400BILZFH923Q1N56,WARMINSKO - MAZURSKI BANK SPOLDZIELCZY,PL,IND,2025-12-31,P3NONREMDISDOCS,20260617125900000,true,1.056,1,75,173157,2308.8,ja,pl,128.6,2364,landessprache,18,66,0.0,143100000.0,klein,9620,
259400DAAAR5M4A6SI23,Bank Pocztowy S.A.,PL,IND,2025-12-31,P3NONREMDISDOCS,20260223115600000,true,0.946,1,52,133099,2559.6,ja,pl,58.34,2931,landessprache,22,54,0.0,789100000.0,klein,6050,
259400DZXF7UJKK2AY35,mBank S.A.,PL,CON,2025-06-30,P3NONREMDISDOCS,20260417135002100,true,1.291,1,54,164502,3046.3,ja,pl,83.56,2190,landessprache,29,50,0.0,28060000000.0,gross,5672,
259400DZXF7UJKK2AY35,mBank S.A.,PL,CON,2025-09-30,P3NONREMDISDOCS,20260401135002102,true,0.389,1,18,51248,2847.1,ja,pl,82.97,2037,landessprache,7,48,0.0,28370000000.0,gross,7321,
259400DZXF7UJKK2AY35,mBank S.A.,PL,CON,2025-12-31,P3NONREMDISDOCS,20260227131102101,true,2.519,1,124,386037,3113.2,ja,pl,83.06,2107,landessprache,31,48,0.0556,30060000000.0,gross,12453,
259400DZXF7UJKK2AY35,mBank S.A.,PL,CON,2026-03-31,P3NONREMDISDOCS,20260511113602100,true,0.52,1,18,52184,2899.1,ja,pl,80.42,2002,landessprache,7,47,0.0,31690000000.0,gross,7455,
259400GZKACLCASLRW25,KRAKOWSKI BANK SPOLDZIELCZY,PL,IND,2025-12-31,P3NONREMDISDOCS,20260528122800000,true,0.92,1,39,135993,3487.0,ja,pl,102.9,2274,landessprache,18,66,0.0,320000000.0,klein,7555,
259400L03ZTD1W99FZ91,BANK SPOLDZIELCZY W BRODNICY,PL,IND,2025-12-31,P3NONREMDISDOCS,20260428100018173,true,1.629,1,41,125601,3063.4,ja,pl,108.96,2221,landessprache,18,66,0.0,286500000.0,klein,6978,
259400LGXW3K0GDAG361,Santander Bank Polska S.A.,PL,CON,2025-06-30,P3NONREMDISDOCS,20260622101001003,true,1.822,2,118,583145,4941.9,ja,pl,56.12,2245,landessprache,40,52,0.0,34950000000.0,gross,14579,
259400LGXW3K0GDAG361,Santander Bank Polska S.A.,PL,CON,2025-09-30,P3NONREMDISDOCS,20260622101001003,true,7.228,2,15,0,0.0,nein,,,0,unsicher,6,57,0.0,34870000000.0,gross,,
259400LGXW3K0GDAG361,Santander Bank Polska S.A.,PL,CON,2025-12-31,P3NONREMDISDOCS,20260224101001003,true,3.56,2,219,796437,3636.7,ja,pl,71.25,1965,landessprache,55,44,0.0,31430000000.0,gross,14481,
259400LGXW3K0GDAG361,Santander Bank Polska S.A.,PL,CON,2025-12-31,P3NONREMDISDOCS,20260224101002003,true,3.56,2,219,796437,3636.7,ja,pl,71.25,1965,landessprache,55,44,0.0,31430000000.0,gross,14481,
259400LGXW3K0GDAG361,Santander Bank Polska S.A.,PL,CON,2025-12-31,P3NONREMDISDOCS,20260622101001003,true,7.228,2,15,0,0.0,nein,,,0,unsicher,55,44,0.0,31430000000.0,gross,,
259400LGXW3K0GDAG361,Santander Bank Polska S.A.,PL,CON,2025-12-31,P3REMDISDOCS,20260224112001003,true,0.801,2,28,88487,3160.2,ja,pl,115.24,2473,landessprache,55,44,0.0,31430000000.0,gross,1609,
259400LGXW3K0GDAG361,Santander Bank Polska S.A.,PL,CON,2025-12-31,P3REMDISDOCS,20260422143101005,true,0.777,2,28,88723,3168.7,ja,pl,114.32,2458,landessprache,55,44,0.0,31430000000.0,gross,1613,
259400LGXW3K0GDAG361,Santander Bank Polska S.A.,PL,CON,2026-03-31,P3NONREMDISDOCS,20260430101201003,true,0.809,2,22,59399,2700.0,ja,pl,91.0,2033,landessprache,6,56,0.0,32530000000.0,gross,9900,
259400QHDOZWMJ103294,ALIOR BANK S.A.,PL,CON,2025-06-30,P3NONREMDISDOCS,20260527093001880,true,0.825,1,14,39922,2851.6,ja,pl,84.48,2462,landessprache,13,101,0.0,13790000000.0,mittel,3071,
259400QHDOZWMJ103294,ALIOR BANK S.A.,PL,CON,2025-12-31,P3NONREMDISDOCS,20260224113101880,true,1.841,1,122,323634,2652.7,ja,pl,57.48,1009,landessprache,58,56,0.0,14130000000.0,mittel,5580,
259400WNAOMT2E4OIS38,NEST BANK S.A.,PL,CON,2025-12-31,P3NONREMDISDOCS,20260410155700000,true,0.935,1,62,188838,3045.8,ja,pl,114.01,2149,landessprache,11,65,0.0,745900.0,klein,17167,
259400YLRTOBISHBVX41,ING Bank Slaski S.A.,PL,CON,2025-06-30,P3NONREMDISDOCS,20251208111023000,true,2.621,2,73,230328,3155.2,ja,en,226.75,2677,englisch,29,65,0.6,,unbekannt,7942,
259400YLRTOBISHBVX41,ING Bank Slaski S.A.,PL,CON,2025-09-30,P3NONREMDISDOCS,20260123143854000,true,1.0,2,22,66925,3042.0,ja,en,222.22,2619,englisch,5,58,0.3333,,unbekannt,13385,
259400YLRTOBISHBVX41,ING Bank Slaski S.A.,PL,CON,2025-12-31,P3NONREMDISDOCS,20260304125853000,true,4.335,2,147,554508,3772.2,ja,en,197.31,2453,englisch,45,69,0.1667,30350000000.0,gross,12322,
259400YLRTOBISHBVX41,ING Bank Slaski S.A.,PL,CON,2025-12-31,P3REMDISDOCS,20260304125917000,true,0.988,2,22,63377,2880.8,ja,en,276.25,2838,englisch,45,69,0.1667,30350000000.0,gross,1408,
259400YLRTOBISHBVX41,ING Bank Slaski S.A.,PL,CON,2026-03-31,P3NONREMDISDOCS,20260429124615000,true,0.999,2,22,67280,3058.2,ja,en,231.91,2639,englisch,5,49,0.3333,,unbekannt,13456,
2G5BKIC2CB69PRJH1W31,Barclays Bank Ireland plc,IE,IND,2025-06-30,P3NONREMDISDOCS,20260304115512345,true,0.605,1,98,353864,3610.9,ja,en,213.13,2712,landessprache,49,45,0.0455,35650000000.0,gross,7222,
2G5BKIC2CB69PRJH1W31,Barclays Bank Ireland plc,IE,IND,2025-09-30,P3NONREMDISDOCS,20260402131155000,true,0.115,1,15,30565,2037.7,ja,en,168.53,2510,landessprache,9,54,0.0,37200000000.0,gross,3396,
2G5BKIC2CB69PRJH1W31,Barclays Bank Ireland plc,IE,IND,2025-12-31,P3NONREMDISDOCS,20260623131012345,true,1.241,1,205,750246,3659.7,ja,en,215.81,2896,landessprache,54,45,0.2727,36860000000.0,gross,13893,
2G5BKIC2CB69PRJH1W31,Barclays Bank Ireland plc,IE,IND,2025-12-31,P3REMDISDOCS,20260623131012345,true,0.111,1,9,29377,3264.1,ja,en,234.2,2912,landessprache,54,45,0.2727,36860000000.0,gross,544,
2W8N8UU78PMDQKZENC08,Intesa Sanpaolo S.p.A.,IT,CON,2025-06-30,P3NONREMDISDOCS,20251111120943223,true,5.662,2,370,1303564,3523.1,ja,en,266.59,2787,englisch,53,33,0.0,308500000000.0,gross,24596,
2W8N8UU78PMDQKZENC08,Intesa Sanpaolo S.p.A.,IT,CON,2025-09-30,P3NONREMDISDOCS,20251204120943284,true,1.927,2,96,199090,2073.9,ja,en,268.41,2798,englisch,9,46,0.0,306100000000.0,gross,22121,
2W8N8UU78PMDQKZENC08,Intesa Sanpaolo S.p.A.,IT,CON,2025-12-31,P3NONREMDISDOCS,20260512120943283,true,9.719,2,734,3061574,4171.1,ja,en,255.64,2703,englisch,75,16,0.0,310200000000.0,gross,40821,
2W8N8UU78PMDQKZENC08,Intesa Sanpaolo S.p.A.,IT,CON,2025-12-31,P3REMDISDOCS,20260512120943283,true,0.873,2,52,218461,4201.2,ja,en,294.99,2973,englisch,75,16,0.0,310200000000.0,gross,2913,
2W8N8UU78PMDQKZENC08,Intesa Sanpaolo S.p.A.,IT,CON,2026-03-31,P3NONREMDISDOCS,20260512113030123,true,1.407,1,42,94675,2254.2,ja,it,140.03,2778,landessprache,8,46,0.0,313500000000.0,gross,11834,
2W8N8UU78PMDQKZENC08,Intesa Sanpaolo S.p.A.,IT,CON,2026-03-31,P3NONREMDISDOCS,20260604090943284,true,2.608,2,84,181417,2159.7,ja,en,279.67,2764,englisch,8,46,0.0,313500000000.0,gross,22677,
2W8N8UU78PMDQKZENC08,Intesa Sanpaolo S.p.A.,IT,CON,2026-03-31,P3NONREMDISDOCS,20260610100943284,true,2.004,2,92,181501,1972.8,ja,en,279.81,2784,englisch,8,46,0.0,313500000000.0,gross,22688,
2ZCNRR8UK83OBTEK2170,UniCredit Bank GmbH,DE,CON,2025-06-30,P3NONREMDISDOCS,20260128135000000,true,1.175,1,47,124802,2655.4,ja,de,153.74,2101,landessprache,29,50,0.0,69430000000.0,gross,4304,
2ZCNRR8UK83OBTEK2170,UniCredit Bank GmbH,DE,CON,2025-09-30,P3NONREMDISDOCS,20260128135000000,true,0.546,1,19,40922,2153.8,ja,de,149.95,2094,landessprache,9,46,0.0,69310000000.0,gross,4547,
2ZCNRR8UK83OBTEK2170,UniCredit Bank GmbH,DE,CON,2025-12-31,P3NONREMDISDOCS,20260416073128107,true,1.441,1,75,214484,2859.8,ja,de,189.38,2223,landessprache,31,48,0.0,69130000000.0,gross,6919,
2ZCNRR8UK83OBTEK2170,UniCredit Bank GmbH,DE,CON,2026-03-31,P3NONREMDISDOCS,20260611090827782,true,0.314,1,19,41334,2175.5,ja,de,152.6,2097,landessprache,9,45,0.0,71170000000.0,gross,4593,
31570010000000004460,Raiffeisenbank a.s.,CZ,CON,2025-12-31,P3NONREMDISDOCS,20260625110213361,true,0.984,1,74,162952,2202.1,ja,en,150.82,2367,englisch,20,11,0.0,,unbekannt,8148,
31570014BNQ1Q99CNQ35,PPF Financial Holdings AS,CZ,CON,2025-06-30,P3NONREMDISDOCS,20261013140000000,true,0.255,1,7,13465,1923.6,ja,en,180.63,1611,englisch,0,55,1.0,11180000000.0,mittel,,
31570014BNQ1Q99CNQ35,PPF Financial Holdings AS,CZ,CON,2025-12-31,P3NONREMDISDOCS,20260630140000000,true,0.78,1,27,89783,3325.3,ja,en,189.22,1892,englisch,0,71,1.0,9767000000.0,mittel,,
31570020000000004154,"Privatbanka, a.s.",SK,IND,2025-12-31,P3NONREMDISDOCS,20260415123000000,false,0.274,1,12,32044,2670.3,ja,sk,24.05,2495,landessprache,,,,,unbekannt,,
3157002JBFAI478MD587,"Tatra banka, a.s.",SK,CON,2025-06-30,P3NONREMDISDOCS,20260127140739236,true,1.526,1,78,185797,2382.0,ja,sk,31.1,2026,landessprache,72,22,0.0,7813000000.0,mittel,2581,
3157002JBFAI478MD587,"Tatra banka, a.s.",SK,CON,2025-09-30,P3NONREMDISDOCS,20260413082504698,true,0.35,1,16,31863,1991.4,ja,sk,42.36,2101,landessprache,9,46,0.0,8131000000.0,mittel,3540,
3157002JBFAI478MD587,"Tatra banka, a.s.",SK,CON,2025-12-31,P3NONREMDISDOCS,20260326143850367,true,1.606,1,142,377459,2658.2,ja,sk,41.57,2117,landessprache,74,25,0.0417,8311000000.0,mittel,5101,
3157002JBFAI478MD587,"Tatra banka, a.s.",SK,CON,2025-12-31,P3NONREMDISDOCS,20260413081940471,true,0.35,1,16,31863,1991.4,ja,sk,42.36,2101,landessprache,74,25,0.0417,8311000000.0,mittel,431,
3157002JBFAI478MD587,"Tatra banka, a.s.",SK,CON,2025-12-31,P3NONREMDISDOCS,20260413082647165,true,1.606,1,142,377459,2658.2,ja,sk,41.57,2117,landessprache,74,25,0.0417,8311000000.0,mittel,5101,
3157002JBFAI478MD587,"Tatra banka, a.s.",SK,CON,2025-12-31,P3REMDISDOCS,20260515091836547,true,0.301,1,17,39330,2313.5,ja,sk,36.87,2604,landessprache,74,25,0.0417,8311000000.0,mittel,531,
3157002JBFAI478MD587,"Tatra banka, a.s.",SK,CON,2025-12-31,P3REMDISDOCS,20260518131130145,true,0.301,1,17,39353,2314.9,ja,sk,36.87,2604,landessprache,74,25,0.0417,8311000000.0,mittel,532,
3157002JBFAI478MD587,"Tatra banka, a.s.",SK,CON,2026-03-31,P3NONREMDISDOCS,20260515090722325,true,0.321,1,13,27903,2146.4,ja,sk,37.69,2043,landessprache,6,48,0.0,8375000000.0,mittel,4650,
3157002JBFAI478MD587,"Tatra banka, a.s.",SK,CON,2026-03-31,P3REMDISDOCS,20260611131257184,true,0.64,2,26,55815,2146.7,ja,sk,39.27,2037,landessprache,6,48,0.0,8375000000.0,mittel,9302,
315700E9POA724IWFP59,J&amp;T FINANCE GROUP SE,CZ,CON,2025-06-30,P3NONREMDISDOCS,20260622092725000,true,1.879,2,107,289126,2702.1,ja,cs,30.35,1878,landessprache,48,25,0.0,10240000000.0,mittel,6023,
315700E9POA724IWFP59,J&amp;T FINANCE GROUP SE,CZ,CON,2025-09-30,P3NONREMDISDOCS,20260622092725000,true,1.823,2,107,223725,2090.9,ja,cs,32.24,2264,landessprache,9,46,0.0,10210000000.0,mittel,24858,
315700E9POA724IWFP59,J&amp;T FINANCE GROUP SE,CZ,CON,2025-12-31,P3NONREMDISDOCS,20260622092725000,true,1.935,2,107,252292,2357.9,ja,cs,30.92,2264,landessprache,91,0,0.0,10500000000.0,mittel,2772,
315700E9POA724IWFP59,J&amp;T FINANCE GROUP SE,CZ,CON,2025-12-31,P3REMDISDOCS,20260622092725000,true,0.255,1,8,17801,2225.1,ja,cs,36.65,2128,landessprache,91,0,0.0,10500000000.0,mittel,196,
315700E9POA724IWFP59,J&amp;T FINANCE GROUP SE,CZ,CON,2026-03-31,P3REMDISDOCS,20260622092725000,true,1.824,2,107,223793,2091.5,ja,cs,32.69,2264,landessprache,9,45,0.0,9595000000.0,mittel,24866,
39120001JPAYYPDRNN92,Deutsche Bausparkasse Badenia Aktiengesellschaft,DE,IND,2025-12-31,P3NONREMDISDOCS,20260506084509217,true,0.285,1,40,94295,2357.4,ja,de,189.3,2224,landessprache,30,46,0.0,1265000000.0,klein,3143,
39120001JPAYYPDRNN92,Deutsche Bausparkasse Badenia Aktiengesellschaft,DE,IND,2025-12-31,P3REMDISDOCS,20260506084709117,true,0.071,1,12,24857,2071.4,ja,de,212.19,2347,landessprache,30,46,0.0,1265000000.0,klein,829,
391200EEGLNXBBCVKC73,Erwerbsgesellschaft der S-Finanzgruppe mbH & Co. KG,DE,CON,2025-12-31,P3NONREMDISDOCS,20260630164101958,true,3.155,1,226,513825,2273.6,ja,de,133.85,1158,landessprache,48,38,0.0789,15510000000.0,mittel,10705,
391200MQTYA14WRXOV43,Raiffeisenbank Plankstetten AG,DE,IND,2025-12-31,P3NONREMDISDOCS,20260625151511000,false,0.581,1,24,51462,2144.2,ja,de,186.89,2135,landessprache,,,,,unbekannt,,
3DM5DPGI3W6OU6GJ4N92,BANCO BPI S.A.,PT,CON,2025-12-31,P3NONREMDISDOCS,20260629112427270,true,2.778,1,258,685432,2656.7,ja,pt,117.7,1147,landessprache,59,40,0.0,20590000000.0,mittel,11617,
3DM5DPGI3W6OU6GJ4N92,BANCO BPI S.A.,PT,CON,2025-12-31,P3REMDISDOCS,20260629022254629,true,0.662,1,33,76654,2322.8,ja,pt,187.2,2922,landessprache,59,40,0.0,20590000000.0,mittel,1299,
3H0Q3U74FVFED2SHZT16,MBH bankcsoport,HU,CON,2025-06-30,P3NONREMDISDOCS,20260209180000000,true,0.91,1,18,52144,2896.9,ja,hu,75.52,2198,landessprache,42,52,0.0,13010000000.0,mittel,1242,
3H0Q3U74FVFED2SHZT16,MBH bankcsoport,HU,CON,2025-06-30,P3NONREMDISDOCS,20260326180000000,true,0.908,1,18,52374,2909.7,ja,hu,74.92,2189,landessprache,42,52,0.0,13010000000.0,mittel,1247,
3H0Q3U74FVFED2SHZT16,MBH bankcsoport,HU,CON,2025-09-30,P3NONREMDISDOCS,20260106145525000,true,0.737,1,5,8096,1619.2,ja,hu,68.0,853,landessprache,4,51,0.0,13120000000.0,mittel,2024,
3H0Q3U74FVFED2SHZT16,MBH bankcsoport,HU,CON,2025-12-31,P3NONREMDISDOCS,20260430183000000,true,3.713,1,133,460938,3465.7,ja,hu,86.46,1573,landessprache,60,39,0.0227,14020000000.0,mittel,7682,
3H0Q3U74FVFED2SHZT16,MBH bankcsoport,HU,CON,2025-12-31,P3REMDISDOCS,20260430183000000,true,0.852,1,11,34229,3111.7,ja,hu,88.61,2212,landessprache,60,39,0.0227,14020000000.0,mittel,570,
3H0Q3U74FVFED2SHZT16,MBH bankcsoport,HU,CON,2025-12-31,P3REMDISDOCS,20260609085039516,true,0.563,1,14,45463,3247.4,ja,hu,88.88,2194,landessprache,60,39,0.0227,14020000000.0,mittel,758,
3H0Q3U74FVFED2SHZT16,MBH bankcsoport,HU,CON,2026-03-31,P3NONREMDISDOCS,20260616134054261,true,0.755,1,7,17243,2463.3,ja,hu,46.2,1515,landessprache,4,50,0.0,14780000000.0,mittel,4311,
3M5E1GQGKL17HI6CPN30,Jyske Bank A/S,DK,CON,2026-03-31,P3NONREMDISDOCS,20260505133845925,true,0.712,1,19,43000,2263.2,ja,en,175.0,2440,englisch,7,55,0.0,33930000000.0,gross,6143,
3TK20IVIUJ8J3ZU0QE75,ING Bank N.V.,NL,CON,2025-12-31,P3NONREMDISDOCS,20260423173816016,true,3.295,1,127,361791,2848.7,ja,en,209.72,2756,englisch,57,37,0.2381,340200000000.0,gross,6347,
485100FX5Y9YLAQLNP12,Revolut Holdings Europe UAB,LT,CON,2025-12-31,P3NONREMDISDOCS,20260424014747999,true,74.988,1,83,172146,2074.0,ja,en,160.39,2388,englisch,57,44,0.05,6070000000.0,mittel,3020,
485100FX5Y9YLAQLNP12,Revolut Holdings Europe UAB,LT,CON,2025-12-31,P3REMDISDOCS,20260424014747999,true,12.712,1,10,11815,1181.5,ja,en,173.18,1357,englisch,57,44,0.05,6070000000.0,mittel,207,
5299000F1CGJQ8NAXQ58,MERKANTI BANK LTD,MT,IND,2025-12-31,P3NONREMDISDOCS,20260511162030530,true,0.941,1,46,148546,3229.3,ja,en,205.01,2712,landessprache,10,66,0.0,18130000.0,klein,14855,
5299000F1CGJQ8NAXQ58,MERKANTI BANK LTD,MT,IND,2025-12-31,P3REMDISDOCS,20260511162030530,true,0.941,1,46,148546,3229.3,ja,en,205.01,2712,landessprache,10,66,0.0,18130000.0,klein,14855,
5299000PCY1EP8QJFV48,United Bulgarian Bank AD,BG,CON,2025-12-31,P3NONREMDISDOCS,20260625145201022,true,2.309,1,107,194981,1822.3,ja,en,266.89,2057,englisch,16,2,0.0,,unbekannt,12186,
5299000PCY1EP8QJFV48,United Bulgarian Bank AD,BG,CON,2025-12-31,P3REMDISDOCS,20260625145201023,true,0.527,1,8,12265,1533.1,ja,en,249.07,1610,englisch,16,2,0.0,,unbekannt,767,
5299000R7WZOVIFHLN21,BFS SozialFinanz AG,DE,CON,2025-12-31,P3NONREMDISDOCS,20260512110712123,true,0.553,1,57,163528,2868.9,ja,de,227.01,2066,landessprache,11,65,0.0,5268000000.0,mittel,14866,
5299000R7WZOVIFHLN21,BFS SozialFinanz AG,DE,CON,2025-12-31,P3REMDISDOCS,20260512110919456,true,0.216,1,14,33681,2405.8,ja,de,234.18,2276,landessprache,11,65,0.0,5268000000.0,mittel,3062,
5299001ADI8FLGT0GU28,Sparkasse KölnBonn,DE,IND,2025-12-31,P3NONREMDISDOCS,20260616094800000,true,0.607,2,62,166111,2679.2,ja,de,170.78,1903,landessprache,14,70,0.0,11040000000.0,mittel,11865,
5299001ADI8FLGT0GU28,Sparkasse KölnBonn,DE,IND,2025-12-31,P3REMDISDOCS,20260616095000000,true,0.23,1,21,54840,2611.4,ja,de,225.55,2168,landessprache,14,70,0.0,11040000000.0,mittel,3917,
5299001PEMDU9N24CH60,DELAVSKA HRANILNICA d.d. LJUBLJANA,SI,CON,2025-12-31,P3NONREMDISDOCS,20260513131452510,true,2.006,7,78,238476,3057.4,ja,sl,74.98,2694,landessprache,0,76,1.0,725400000.0,klein,,
5299001PEMDU9N24CH60,DELAVSKA HRANILNICA d.d. LJUBLJANA,SI,CON,2025-12-31,P3REMDISDOCS,20260512131452512,true,0.146,1,3,10919,3639.7,ja,sl,83.33,1464,landessprache,0,76,1.0,725400000.0,klein,,
52990026HQOTT4AJP655,GLS Gemeinschaftsbank e.G.,DE,IND,2025-12-31,P3NONREMDISDOCS,20260623154837413,true,0.39,1,36,78303,2175.1,ja,de,198.92,2408,landessprache,12,64,0.0,6370000000.0,mittel,6525,
52990026HQOTT4AJP655,GLS Gemeinschaftsbank e.G.,DE,IND,2025-12-31,P3REMDISDOCS,20260623154837413,true,0.141,1,6,6137,1022.8,ja,de,102.82,603,landessprache,12,64,0.0,6370000000.0,mittel,511,
5299002GPCR602QYJC04,KfW Beteiligungsholding GmbH,DE,CON,2025-06-30,P3NONREMDISDOCS,20260127080933555,true,0.344,1,11,22340,2030.9,ja,de,178.28,2440,landessprache,2,53,0.9091,21890000000.0,mittel,11170,
5299002GPCR602QYJC04,KfW Beteiligungsholding GmbH,DE,CON,2025-12-31,P3NONREMDISDOCS,20260417153843600,true,1.354,1,217,581005,2677.4,ja,de,176.81,2234,landessprache,45,28,0.0882,23590000000.0,mittel,12911,
52990033C5FUEN4LMC06,BANCA POPOLARE DELL'ALTO ADIGE SOCIETA' PER AZIONI (IN TEDESCO SUDTIROLER VOLKSBANK A.G.),IT,IND,2025-12-31,P3NONREMDISDOCS,20260622110956869,true,1.922,1,115,399734,3475.9,ja,it,154.03,1675,landessprache,27,51,0.0,5551000000.0,mittel,14805,
52990033C5FUEN4LMC06,BANCA POPOLARE DELL'ALTO ADIGE SOCIETA' PER AZIONI (IN TEDESCO SUDTIROLER VOLKSBANK A.G.),IT,IND,2025-12-31,P3REMDISDOCS,20260622113849573,true,0.788,1,33,81013,2454.9,ja,it,136.48,2667,landessprache,27,51,0.0,5551000000.0,mittel,3000,
52990045V2BWJN669Q34,Wüstenrot Wohnungswirtschaft registrierte Genossenschaft mit beschränkter Haftung,AT,CON,2025-12-31,P3NONREMDISDOCS,20251203085544759,true,0.88,1,134,236517,1765.1,ja,en,203.65,2190,englisch,32,57,0.25,2958000000.0,klein,7391,
5299004R4U60UMXLSE36,Sparkasse Karlsruhe,DE,IND,2025-12-31,P3NONREMDISDOCS,20260623141652663,true,0.348,1,36,80694,2241.5,ja,de,167.31,2062,landessprache,7,53,0.0,8563000000.0,mittel,11528,
5299004R4U60UMXLSE36,Sparkasse Karlsruhe,DE,IND,2025-12-31,P3REMDISDOCS,20260623144132998,true,0.137,1,12,16337,1361.4,ja,de,206.6,1878,landessprache,7,53,0.0,8563000000.0,mittel,2334,
5299005743YY767PR386,Dragsholm Sparekasse,DK,IND,2025-12-31,P3NONREMDISDOCS,20260217135700000,true,1.99,1,52,83759,1610.8,ja,da,23.17,2546,landessprache,21,63,0.1,125200000.0,klein,3989,
5299005OACOC1C1OFJ11,Raiffeisen-Landesbank Tirol AG,AT,IND,2025-12-31,P3NONREMDISDOCS,20260619070652665,true,1.375,1,116,262469,2262.7,ja,de,163.04,1472,landessprache,44,42,0.0,3492000000.0,klein,5965,
5299005OACOC1C1OFJ11,Raiffeisen-Landesbank Tirol AG,AT,IND,2025-12-31,P3REMDISDOCS,20260619070652665,true,0.237,1,12,22603,1883.6,ja,de,174.35,1973,landessprache,44,42,0.0,3492000000.0,klein,514,
5299005UJX6K7BQKV086,OTP banka d.d.,HR,CON,2025-12-31,P3NONREMDISDOCS,20260619010900422,true,0.467,1,32,109276,3414.9,ja,hr,102.82,2198,landessprache,45,41,0.0,6164000000.0,mittel,2428,
5299005UJX6K7BQKV086,OTP banka d.d.,HR,CON,2025-12-31,P3REMDISDOCS,20260619010900455,true,0.205,1,7,18864,2694.9,ja,hr,86.26,2481,landessprache,45,41,0.0,6164000000.0,mittel,419,
52990061592SQLEJN964,Volksbank Mittelhessen eG,DE,IND,2025-12-31,P3NONREMDISDOCS,20260625091253000,true,0.38,1,36,89287,2480.2,ja,de,208.57,2335,landessprache,10,61,0.0,9373000000.0,mittel,8929,
5299007S3UH5RKUYDA52,DEUTSCHE APOTHEKER- UND ÄRZTEBANK EG,DE,IND,2025-06-30,P3NONREMDISDOCS,20260310111144374,true,0.467,1,106,238169,2246.9,ja,de,176.04,2028,landessprache,40,46,0.0,14530000000.0,mittel,5954,
5299007S3UH5RKUYDA52,DEUTSCHE APOTHEKER- UND ÄRZTEBANK EG,DE,IND,2025-09-30,P3NONREMDISDOCS,20260310111144374,true,0.077,1,17,25068,1474.6,ja,de,147.68,1896,landessprache,7,48,0.0,14710000000.0,mittel,3581,
5299007S3UH5RKUYDA52,DEUTSCHE APOTHEKER- UND ÄRZTEBANK EG,DE,IND,2025-12-31,P3NONREMDISDOCS,20260422151115338,true,0.649,1,152,377129,2481.1,ja,de,240.11,2174,landessprache,56,35,0.0238,14630000000.0,mittel,6734,
5299007S3UH5RKUYDA52,DEUTSCHE APOTHEKER- UND ÄRZTEBANK EG,DE,IND,2025-12-31,P3REMDISDOCS,20260618113052814,true,0.095,1,24,43114,1796.4,ja,de,250.44,2276,landessprache,56,35,0.0238,14630000000.0,mittel,770,
5299007S3UH5RKUYDA52,DEUTSCHE APOTHEKER- UND ÄRZTEBANK EG,DE,IND,2026-03-31,P3NONREMDISDOCS,20260608151115338,true,0.079,1,16,26479,1654.9,ja,de,143.99,1896,landessprache,7,47,0.0,16340000000.0,mittel,3783,
52990089LBIKLBM8YB23,VR Bank Nord eG,DE,IND,2025-12-31,P3NONREMDISDOCS,20260520000000000,true,0.286,1,29,63884,2202.9,ja,de,213.54,2407,landessprache,12,64,0.0,4291000000.0,klein,5324,
52990089LBIKLBM8YB23,VR Bank Nord eG,DE,IND,2025-12-31,P3REMDISDOCS,20260618000000000,true,0.12,1,5,6517,1303.4,ja,de,128.77,730,landessprache,12,64,0.0,4291000000.0,klein,543,
5299008I0TO44SUINZ71,Oldenburgische Landesbank Aktiengesellschaft,DE,IND,2025-12-31,P3NONREMDISDOCS,20260521120518542,true,1.609,1,140,400896,2863.5,ja,de,165.65,1316,landessprache,58,33,0.0238,12870000000.0,mittel,6912,
5299008I0TO44SUINZ71,Oldenburgische Landesbank Aktiengesellschaft,DE,IND,2025-12-31,P3REMDISDOCS,20260612090025136,true,0.374,1,16,38430,2401.9,ja,de,225.64,2176,landessprache,58,33,0.0238,12870000000.0,mittel,663,
52990093INYLJNWHQ228,Volksbank eG - Die Gestalterbank,DE,IND,2025-12-31,P3NONREMDISDOCS,20260629121210000,true,0.312,1,34,80100,2355.9,ja,de,210.91,2309,landessprache,11,65,0.0,8383000000.0,mittel,7282,
52990093INYLJNWHQ228,Volksbank eG - Die Gestalterbank,DE,IND,2025-12-31,P3REMDISDOCS,20260629121549000,true,0.072,1,5,7653,1530.6,ja,de,142.67,771,landessprache,11,65,0.0,8383000000.0,mittel,696,
52990096Q5LMCH1WU462,"Československá obchodná banka, a.s.",SK,CON,2025-12-31,P3NONREMDISDOCS,20260603145517000,true,73.546,2,214,0,0.0,nein,,,0,unsicher,41,45,0.0455,7877.0,klein,,
5299009EHB4RBGMI5828,Raiffeisen Landesbank Kärnten und Revisionsverband eGen,AT,IND,2025-12-31,P3NONREMDISDOCS,20260623103905000,true,1.435,1,61,180108,2952.6,ja,de,217.82,1919,landessprache,43,43,0.0,2053.0,klein,4189,
5299009EHB4RBGMI5828,Raiffeisen Landesbank Kärnten und Revisionsverband eGen,AT,IND,2025-12-31,P3REMDISDOCS,20260623103915000,true,0.171,1,5,14707,2941.4,ja,de,151.24,1653,landessprache,43,43,0.0,2053.0,klein,342,
529900AVGYYBVL1VNQ03,Kreditbanken A/S,DK,IND,2025-12-31,P3NONREMDISDOCS,20260619094506464,true,0.689,1,42,76971,1832.6,ja,da,43.07,2136,landessprache,31,53,0.3,446.1,klein,2483,
529900B4OR3PD4V3AQ57,Finanzholding der Sparkasse in Bremen,DE,CON,2025-12-31,P3NONREMDISDOCS,20260601124535591,true,0.501,1,50,109459,2189.2,ja,de,164.68,2180,landessprache,9,62,0.0,6460000000.0,mittel,12162,
529900B91AUH0YTEXN10,National-Bank Aktiengesellschaft,DE,IND,2025-12-31,P3NONREMDISDOCS,20260513095528386,true,5.455,1,57,137583,2413.7,ja,de,193.2,2060,landessprache,10,66,0.0,3655000000.0,klein,13758,
529900B91AUH0YTEXN10,National-Bank Aktiengesellschaft,DE,IND,2025-12-31,P3REMDISDOCS,20260513095528386,true,5.173,1,16,33543,2096.4,ja,de,224.29,2149,landessprache,10,66,0.0,3655000000.0,klein,3354,
529900B9P29R8W03IX88,BKS Bank AG,AT,CON,2025-06-30,P3NONREMDISDOCS,20250811125703003,false,0.263,1,6,10872,1812.0,ja,de,146.74,1104,landessprache,,,,,unbekannt,,
529900B9P29R8W03IX88,BKS Bank AG,AT,CON,2025-12-31,P3NONREMDISDOCS,20260630132941003,false,2.542,1,163,426160,2614.5,ja,de,174.87,1950,landessprache,,,,,unbekannt,,
529900B9P29R8W03IX88,BKS Bank AG,AT,CON,2025-12-31,P3REMDISDOCS,20260630131816123,false,0.254,1,13,25543,1964.8,ja,de,227.81,2388,landessprache,,,,,unbekannt,,
529900BHRYZ464GFD289,GRENKE AG,DE,CON,2025-06-30,P3NONREMDISDOCS,20260127090201372,true,0.229,2,16,26450,1653.1,ja,en,87.32,2611,englisch,1,54,0.0,6932000000.0,mittel,26450,
529900BHRYZ464GFD289,GRENKE AG,DE,CON,2025-12-31,P3NONREMDISDOCS,20260407085002858,true,2.683,2,162,367696,2269.7,ja,en,243.91,2423,englisch,39,39,0.0,7183000000.0,mittel,9428,
529900BHRYZ464GFD289,GRENKE AG,DE,CON,2025-12-31,P3REMDISDOCS,20260407085002858,true,2.219,2,42,106802,2542.9,ja,en,269.8,2828,englisch,39,39,0.0,7183000000.0,mittel,2739,
529900BI5KIGX6YLX375,Oberösterreichische Landesbank Aktiengesellschaft,AT,CON,2025-12-31,P3NONREMDISDOCS,20260623083840371,true,0.515,1,50,128515,2570.3,ja,de,218.47,2133,landessprache,20,64,0.0,4050000.0,klein,6426,
529900BIK4WRWS06MR52,Varengold Bank AG,DE,IND,2025-12-31,P3NONREMDISDOCS,20260521154605123,true,0.826,1,50,112999,2260.0,ja,de,174.32,1939,landessprache,9,67,0.125,402300000.0,klein,12555,
529900C3SHT3Q94H3W82,Bank11 Holding GmbH,DE,CON,2025-12-31,P3NONREMDISDOCS,20260624141955036,true,0.59,1,30,76189,2539.6,ja,de,200.87,2310,landessprache,11,65,0.0,3029000000.0,klein,6926,
529900C3SHT3Q94H3W82,Bank11 Holding GmbH,DE,CON,2025-12-31,P3REMDISDOCS,20260624141955038,true,0.45,1,16,41754,2609.6,ja,de,191.04,2345,landessprache,11,65,0.0,3029000000.0,klein,3796,
529900C9OP6Y0DPYSK11,VR Bank RheinAhrEifel eG,DE,IND,2025-12-31,P3NONREMDISDOCS,20260625100554141,true,0.521,1,33,68535,2076.8,ja,de,216.48,2439,landessprache,11,65,0.0,5112000000.0,mittel,6230,
529900C9OP6Y0DPYSK11,VR Bank RheinAhrEifel eG,DE,IND,2025-12-31,P3REMDISDOCS,20260625100454141,true,0.204,1,5,6121,1224.2,ja,de,125.37,670,landessprache,11,65,0.0,5112000000.0,mittel,556,
529900CJAJ0HDPPKUI53,Nassauische Sparkasse,DE,IND,2025-12-31,P3NONREMDISDOCS,20260602123624360,true,0.575,1,53,121765,2297.5,ja,de,140.59,1892,landessprache,9,67,0.0,8299000000.0,mittel,13529,
529900CJAJ0HDPPKUI53,Nassauische Sparkasse,DE,IND,2025-12-31,P3REMDISDOCS,20260602123624360,true,0.158,1,13,23285,1791.2,ja,de,223.41,2341,landessprache,9,67,0.0,8299000000.0,mittel,2587,
529900D5G4V6THXC5P79,Hrvatska poštanska banka d.d.,HR,IND,2025-06-30,P3NONREMDISDOCS,20251106152330987,true,1.804,1,51,164813,3231.6,ja,hr,70.05,2284,landessprache,24,57,0.1111,2632000000.0,klein,6867,
529900D5G4V6THXC5P79,Hrvatska poštanska banka d.d.,HR,IND,2025-09-30,P3NONREMDISDOCS,20260623182330987,true,0.173,1,7,16871,2410.1,ja,hr,55.36,1698,landessprache,4,51,0.0,2700000000.0,klein,4218,
529900D5G4V6THXC5P79,Hrvatska poštanska banka d.d.,HR,IND,2025-12-31,P3NONREMDISDOCS,20260625092330987,true,2.035,1,106,331041,3123.0,ja,hr,94.89,2213,landessprache,47,39,0.125,2814000000.0,klein,7043,
529900DEAYRUPP22B339,Mercedes-Benz Bank AG,DE,CON,2025-12-31,P3NONREMDISDOCS,20260625074815000,true,3.021,1,18,45861,2547.8,ja,de,208.61,2368,landessprache,7,64,0.0,13170000000.0,mittel,6552,
529900DPOQPLDSF3R482,Kaiser Partner Privatbank AG,LI,CON,2025-12-31,P3NONREMDISDOCS,20260625163227036,true,0.639,1,27,80381,2977.1,ja,de,218.33,1768,landessprache,7,69,0.125,298600000.0,klein,11483,
529900DSIVJWCUQUMP41,AKA Ausfuhrkredit-Gesellschaft mit beschränkter Haftung,DE,IND,2025-12-31,P3NONREMDISDOCS,20260520205629258,true,4.561,1,41,124237,3030.2,ja,de,35.8,2095,landessprache,12,64,0.0,1512000000.0,klein,10353,
529900DSIVJWCUQUMP41,AKA Ausfuhrkredit-Gesellschaft mit beschränkter Haftung,DE,IND,2025-12-31,P3REMDISDOCS,20260520205629258,true,0.471,1,14,25631,1830.8,ja,de,189.6,2442,landessprache,12,64,0.0,1512000000.0,klein,2136,
529900DXTOU2U9IZDY54,meine Volksbank Raiffeisenbank eG,DE,IND,2025-12-31,P3NONREMDISDOCS,20260629000000000,true,0.597,1,27,60395,2236.9,ja,de,193.0,2373,landessprache,11,65,0.0,7761000000.0,mittel,5490,
529900DXTOU2U9IZDY54,meine Volksbank Raiffeisenbank eG,DE,IND,2025-12-31,P3REMDISDOCS,20260629000000000,true,0.21,1,5,7398,1479.6,ja,de,134.31,819,landessprache,11,65,0.0,7761000000.0,mittel,673,
529900E0WY09Z3H21393,VR Bank Rhein-Neckar eG,DE,IND,2025-12-31,P3NONREMDISDOCS,20260630124400000,true,0.376,1,30,64045,2134.8,ja,de,211.58,2453,landessprache,10,61,0.0,2990000000.0,klein,6404,
529900EKPN8EYA3AX590,Texim Bank AD,BG,IND,2025-06-30,P3NONREMDISDOCS,20260428091137783,true,0.604,1,5,8129,1625.8,ja,bg,244.53,822,landessprache,1,54,0.0,191400000.0,klein,8129,
529900EKPN8EYA3AX590,Texim Bank AD,BG,IND,2025-12-31,P3NONREMDISDOCS,20260427103056770,true,2.102,2,43,178618,4153.9,ja,bg,296.24,2498,landessprache,42,36,0.0,249700000.0,klein,4253,
529900EKPN8EYA3AX590,Texim Bank AD,BG,IND,2025-12-31,P3REMDISDOCS,20260427103056770,true,0.771,2,4,9441,2360.2,ja,bg,287.36,1218,landessprache,42,36,0.0,249700000.0,klein,225,
529900EM0ZU25V87GD50,ALTE LEIPZIGER Bauspar AG,DE,IND,2025-12-31,P3NONREMDISDOCS,20260407160130123,true,1.026,4,28,94516,3375.6,ja,de,195.45,2287,landessprache,9,62,0.0,327000000.0,klein,10502,
529900EM0ZU25V87GD50,ALTE LEIPZIGER Bauspar AG,DE,IND,2025-12-31,P3REMDISDOCS,20260407160130123,true,0.504,2,10,17630,1763.0,ja,de,167.42,1995,landessprache,9,62,0.0,327000000.0,klein,1959,
529900FEID5L4H2T2L70,Raiffeisen Landesbank Vorarlberg mit Revisionsverband eGen,AT,IND,2025-12-31,P3NONREMDISDOCS,20260629110130000,true,0.556,1,33,86089,2608.8,ja,de,198.99,1990,landessprache,53,26,0.1111,2489.0,klein,1624,
529900FU4WJ2XT7BVE31,LBS Landesbausparkasse Süd,DE,IND,2025-06-30,P3NONREMDISDOCS,20260414132529393,true,0.43,1,13,18857,1450.5,ja,de,145.73,1942,landessprache,1,54,0.9091,11900000000.0,mittel,18857,
529900FZWXWNKF3O8394,Sparekassen Thy,DK,CON,2025-12-31,P3NONREMDISDOCS,20260519160000000,true,1.372,2,47,85105,1810.7,ja,da,37.48,2028,landessprache,22,64,0.0909,1101000000.0,klein,3868,
529900GEH0DAUTAXUA94,DSK Bank AD,BG,CON,2025-12-31,P3NONREMDISDOCS,20260630173535023,false,4.182,0,0,0,,,,,0,unsicher,,,,,unbekannt,,
529900GEH0DAUTAXUA94,DSK Bank AD,BG,CON,2025-12-31,P3NONREMDISDOCS,20260630173600033,false,4.248,0,0,0,,,,,0,unsicher,,,,,unbekannt,,
529900GEH0DAUTAXUA94,DSK Bank AD,BG,CON,2025-12-31,P3REMDISDOCS,20260630173535023,false,4.182,0,0,0,,,,,0,unsicher,,,,,unbekannt,,
529900GEH0DAUTAXUA94,DSK Bank AD,BG,CON,2025-12-31,P3REMDISDOCS,20260630173600033,false,4.248,0,0,0,,,,,0,unsicher,,,,,unbekannt,,
529900GFT28SEW1QSG52,BfW - Bank für Wohnungswirtschaft AG,DE,IND,2025-12-31,P3NONREMDISDOCS,20260128133800000,false,0.241,1,12,25022,2085.2,ja,de,155.18,2075,landessprache,,,,,unbekannt,,
529900GM944JT8YIRL63,Münchener Hypothekenbank eG,DE,IND,2025-12-31,P3REMDISDOCS,20260618110000000,true,0.977,1,181,471917,2607.3,ja,de,200.8,2246,landessprache,47,39,0.0526,8986000000.0,mittel,10041,
529900HC4LDSGK0NCJ85,LBS Landesbausparkasse NordWest,DE,IND,2025-12-31,P3NONREMDISDOCS,20260624145232000,true,0.471,1,60,138172,2302.9,ja,de,170.64,1969,landessprache,9,67,0.0,8695000000.0,mittel,15352,
529900HC4LDSGK0NCJ85,LBS Landesbausparkasse NordWest,DE,IND,2025-12-31,P3REMDISDOCS,20260624145233000,true,0.117,1,15,29080,1938.7,ja,de,206.59,2275,landessprache,9,67,0.0,8695000000.0,mittel,3231,
529900HEKOENJHPNN480,Kuntarahoitus Oyj,FI,CON,2025-12-31,P3NONREMDISDOCS,20260513181533766,true,1.353,2,300,694430,2314.8,ja,en,281.59,2873,englisch,73,41,0.0909,1815000000.0,klein,9513,
529900HEKOENJHPNN480,Kuntarahoitus Oyj,FI,CON,2025-12-31,P3REMDISDOCS,20260605181533766,true,0.076,1,7,26021,3717.3,ja,en,297.46,3029,englisch,73,41,0.0909,1815000000.0,klein,356,
529900HNOAA1KXQJUQ27,"DZ BANK AG Deutsche Zentral-Genossenschaftsbank, Frankfurt am Main",DE,CON,2025-06-30,P3NONREMDISDOCS,20260127162535475,true,1.401,1,123,363474,2955.1,ja,de,192.44,2250,landessprache,52,42,0.0,151500000000.0,gross,6990,
529900HNOAA1KXQJUQ27,"DZ BANK AG Deutsche Zentral-Genossenschaftsbank, Frankfurt am Main",DE,CON,2025-09-30,P3NONREMDISDOCS,20260128160235475,true,0.266,1,22,54134,2460.6,ja,de,180.2,2242,landessprache,9,54,0.0,148600000000.0,gross,6015,
529900HNOAA1KXQJUQ27,"DZ BANK AG Deutsche Zentral-Genossenschaftsbank, Frankfurt am Main",DE,CON,2025-12-31,P3NONREMDISDOCS,20260428144235475,true,2.601,1,278,913754,3286.9,ja,de,206.55,1985,landessprache,90,24,0.0227,152100000000.0,gross,10153,
529900HNOAA1KXQJUQ27,"DZ BANK AG Deutsche Zentral-Genossenschaftsbank, Frankfurt am Main",DE,CON,2025-12-31,P3REMDISDOCS,20260522092435475,true,0.586,1,42,140282,3340.0,ja,de,234.04,2350,landessprache,90,24,0.0227,152100000000.0,gross,1559,
529900HNOAA1KXQJUQ27,"DZ BANK AG Deutsche Zentral-Genossenschaftsbank, Frankfurt am Main",DE,CON,2026-03-31,P3NONREMDISDOCS,20260603131035475,true,0.27,1,20,49545,2477.2,ja,de,165.89,2140,landessprache,9,53,0.0,157600000000.0,gross,5505,
529900I1UZV70CZRAU55,Raiffeisenbank Austria d.d.,HR,CON,2025-06-30,P3NONREMDISDOCS,20260320123500000,true,1.746,1,76,155394,2044.7,ja,hr,67.37,2449,landessprache,41,51,0.0,3108000000.0,klein,3790,
529900I1UZV70CZRAU55,Raiffeisenbank Austria d.d.,HR,CON,2025-09-30,P3NONREMDISDOCS,20260309123500000,true,0.406,2,12,9149,762.4,ja,hr,47.62,945,landessprache,3,52,0.0,3227000000.0,klein,3050,
529900I1UZV70CZRAU55,Raiffeisenbank Austria d.d.,HR,CON,2025-12-31,P3NONREMDISDOCS,20260624103600000,true,3.082,1,151,162044,1073.1,ja,hr,62.05,2369,landessprache,56,41,0.0,3271000000.0,klein,2894,
529900I1UZV70CZRAU55,Raiffeisenbank Austria d.d.,HR,CON,2025-12-31,P3REMDISDOCS,20260624103600000,true,0.363,2,12,24867,2072.2,ja,hr,106.87,2620,landessprache,56,41,0.0,3271000000.0,klein,444,
529900IRBZTADXJB6757,flatexDEGIRO AG,DE,CON,2025-06-30,P3NONREMDISDOCS,20260416152120164,true,0.805,1,8,17372,2171.5,ja,de,176.29,1923,landessprache,1,54,0.0,1180000000.0,klein,17372,
529900IRBZTADXJB6757,flatexDEGIRO AG,DE,CON,2025-12-31,P3NONREMDISDOCS,20260423183642988,true,2.128,1,121,217436,1797.0,ja,de,175.84,1945,landessprache,38,40,0.0,1480000000.0,klein,5722,
529900IRBZTADXJB6757,flatexDEGIRO AG,DE,CON,2025-12-31,P3REMDISDOCS,20260423183642988,true,0.646,1,17,37431,2201.8,ja,de,206.42,2369,landessprache,38,40,0.0,1480000000.0,klein,985,
529900J35NSHS856UA68,Sparekassen Kronjylland,DK,CON,2025-12-31,P3NONREMDISDOCS,20260217115919092,true,0.278,1,24,47262,1969.2,ja,da,37.77,2436,landessprache,23,61,0.0,4217000000.0,klein,2055,
529900JG015JC10LED24,AS LHV Group,EE,CON,2025-12-31,P3NONREMDISDOCS,20260630182048000,true,1.179,1,64,248018,3875.3,ja,en,173.04,2404,englisch,65,29,0.0,3860000000.0,klein,3816,
529900JZTYE3W7WQH904,HASPA Finanzholding,DE,CON,2025-06-30,P3NONREMDISDOCS,20260307000000004,true,2.422,1,117,349718,2989.0,ja,de,135.73,1643,landessprache,34,52,0.0,28720000000.0,gross,10286,
529900JZTYE3W7WQH904,HASPA Finanzholding,DE,CON,2025-09-30,P3NONREMDISDOCS,20260318000000003,true,0.595,1,16,34696,2168.5,ja,de,170.23,1686,landessprache,4,51,0.0,28900000000.0,gross,8674,
529900JZTYE3W7WQH904,HASPA Finanzholding,DE,CON,2025-12-31,P3NONREMDISDOCS,20260622000000001,true,3.16,1,181,545287,3012.6,ja,de,169.54,1510,landessprache,51,40,0.0238,30190000000.0,gross,10692,
529900JZTYE3W7WQH904,HASPA Finanzholding,DE,CON,2025-12-31,P3REMDISDOCS,20260622000000001,true,0.73,1,11,40294,3663.1,ja,de,241.89,2282,landessprache,51,40,0.0238,30190000000.0,gross,790,
529900JZTYE3W7WQH904,HASPA Finanzholding,DE,CON,2026-03-31,P3NONREMDISDOCS,20260622000000001,true,0.593,1,16,34698,2168.6,ja,de,169.34,1683,landessprache,4,50,0.0,29970000000.0,gross,8674,
529900JZXXU699FCKK89,Bausparkasse Schwäbisch Hall Aktiengesellschaft - Bausparkasse der Volksbanken und Raiffeisenbanken,DE,IND,2025-06-30,P3NONREMDISDOCS,20260506140835135,true,1.35,1,47,114568,2437.6,ja,de,178.06,2179,landessprache,27,52,0.0,15220000000.0,mittel,4243,
529900JZXXU699FCKK89,Bausparkasse Schwäbisch Hall Aktiengesellschaft - Bausparkasse der Volksbanken und Raiffeisenbanken,DE,IND,2025-09-30,P3NONREMDISDOCS,20260428141109271,true,0.46,1,14,28422,2030.1,ja,de,169.19,2116,landessprache,5,50,0.0,14580000000.0,mittel,5684,
529900JZXXU699FCKK89,Bausparkasse Schwäbisch Hall Aktiengesellschaft - Bausparkasse der Volksbanken und Raiffeisenbanken,DE,IND,2025-12-31,P3NONREMDISDOCS,20260507102310293,true,0.728,1,69,189989,2753.5,ja,de,196.08,2193,landessprache,33,51,0.0,14550000000.0,mittel,5757,
529900JZXXU699FCKK89,Bausparkasse Schwäbisch Hall Aktiengesellschaft - Bausparkasse der Volksbanken und Raiffeisenbanken,DE,IND,2026-03-31,P3NONREMDISDOCS,20260603102310293,true,0.79,1,27,70136,2597.6,ja,de,153.12,1920,landessprache,5,49,0.0,14610000000.0,mittel,14027,
529900K16YGKC8BES892,Deutsche Kreditbank Aktiengesellschaft,DE,IND,2025-06-30,P3NONREMDISDOCS,20260421100457208,true,0.196,1,42,81881,1949.5,ja,de,172.9,2325,landessprache,21,50,0.3333,25760000000.0,mittel,3899,
529900K16YGKC8BES892,Deutsche Kreditbank Aktiengesellschaft,DE,IND,2025-09-30,P3NONREMDISDOCS,20260420135218949,true,0.062,1,12,18306,1525.5,ja,de,140.5,1815,landessprache,4,51,0.0,26650000000.0,mittel,4576,
529900K16YGKC8BES892,Deutsche Kreditbank Aktiengesellschaft,DE,IND,2025-12-31,P3NONREMDISDOCS,20260413144744180,true,0.27,1,58,119300,2056.9,ja,de,172.68,2328,landessprache,26,50,0.0952,27860000000.0,mittel,4588,
529900K16YGKC8BES892,Deutsche Kreditbank Aktiengesellschaft,DE,IND,2025-12-31,P3REMDISDOCS,20260424142844181,true,0.143,1,19,42639,2244.2,ja,de,225.36,2476,landessprache,26,50,0.0952,27860000000.0,mittel,1640,
529900K16YGKC8BES892,Deutsche Kreditbank Aktiengesellschaft,DE,IND,2025-12-31,P3REMDISDOCS,20260505143044182,true,0.143,1,19,42377,2230.4,ja,de,225.09,2479,landessprache,26,50,0.0952,27860000000.0,mittel,1630,
529900K16YGKC8BES892,Deutsche Kreditbank Aktiengesellschaft,DE,IND,2026-03-31,P3NONREMDISDOCS,20260608125115533,true,0.062,1,12,18277,1523.1,ja,de,141.2,1813,landessprache,4,50,0.0,28490000000.0,gross,4569,
529900KRVTRP5RWP9K95,Santander Consumer Holding GmbH,DE,CON,2025-12-31,P3NONREMDISDOCS,20260504123456789,true,1.937,1,85,213269,2509.0,ja,de,169.87,2031,landessprache,35,49,0.0952,24930000000.0,mittel,6093,
529900KRVTRP5RWP9K95,Santander Consumer Holding GmbH,DE,CON,2025-12-31,P3REMDISDOCS,20260626110035864,true,0.463,1,23,54841,2384.4,ja,de,208.26,1695,landessprache,35,49,0.0952,24930000000.0,mittel,1567,
529900L89TGSPV9OU151,Porsche Bank Aktiengesellschaft,AT,CON,2025-12-31,P3NONREMDISDOCS,20260626084250523,true,0.929,1,49,114296,2332.6,ja,de,102.5,2000,landessprache,8,63,0.0,8133000000.0,mittel,14287,
529900LIZVBUANJ20E31,BBBank eG,DE,IND,2025-12-31,P3NONREMDISDOCS,20260624105408372,true,4.756,1,27,48148,1783.3,ja,de,210.61,2488,landessprache,13,63,0.0,9445000000.0,mittel,3704,
529900LIZVBUANJ20E31,BBBank eG,DE,IND,2025-12-31,P3REMDISDOCS,20260624105408372,true,1.871,1,11,21875,1988.6,ja,de,191.29,2410,landessprache,13,63,0.0,9445000000.0,mittel,1683,
529900LU7D396TOO3B50,Raiffeisenverband Salzburg eGen,AT,CON,2025-12-31,P3NONREMDISDOCS,20260630160000000,true,0.752,1,66,120613,1827.5,ja,de,202.23,2245,landessprache,22,62,0.0,5535.0,klein,5482,
529900LU7D396TOO3B50,Raiffeisenverband Salzburg eGen,AT,CON,2025-12-31,P3REMDISDOCS,20260630160000000,true,0.343,1,17,23750,1397.1,ja,de,210.71,2297,landessprache,22,62,0.0,5535.0,klein,1080,
529900MQJIQGD8N3YV53,Hannoversche Volksbank eG,DE,CON,2025-12-31,P3NONREMDISDOCS,20260630075212000,true,0.424,1,36,86572,2404.8,ja,de,149.36,1955,landessprache,9,62,0.0,6286000000.0,mittel,9619,
529900N2ZB1B52JB2F83,CASSA CENTRALE RAIFFEISEN DELL'ALTO ADIGE - RAIFFEISEN-LANDESBANK SUEDTIROL A.G.,IT,IND,2025-12-31,P3NONREMDISDOCS,20260617113843282,true,3.544,2,171,519073,3035.5,ja,de,190.33,1592,abweichend,,,,,unbekannt,,
529900N2ZB1B52JB2F83,CASSA CENTRALE RAIFFEISEN DELL'ALTO ADIGE - RAIFFEISEN-LANDESBANK SUEDTIROL A.G.,IT,IND,2025-12-31,P3REMDISDOCS,20260617113843282,true,0.671,2,17,46459,2732.9,ja,de,214.29,2156,abweichend,,,,,unbekannt,,
529900NJYUGRO908KV84,ALLIANZ BULGARIA HOLDING,BG,CON,2025-12-31,P3NONREMDISDOCS,20260624173001003,true,0.504,1,59,220238,3732.8,ja,,,3725,unsicher,15,61,0.0,1005.0,klein,14683,
529900NJYUGRO908KV84,ALLIANZ BULGARIA HOLDING,BG,CON,2025-12-31,P3REMDISDOCS,20260624175242485,true,0.167,1,14,57175,4083.9,ja,hr,105.77,1560,abweichend,15,61,0.0,1005.0,klein,3812,
529900NNQW9IAE32GQ07,GRAWE-Vermögensverwaltung,AT,CON,2025-12-31,P3NONREMDISDOCS,20260527143720000,true,1.431,1,35,101272,2893.5,ja,de,187.14,2271,landessprache,17,79,0.1,4875000000.0,mittel,5957,
529900ODI3047E2LIV03,Nordea Bank Abp,FI,CON,2025-06-30,P3NONREMDISDOCS,20260323113101001,true,1.536,1,73,171305,2346.6,ja,en,158.75,2570,englisch,47,47,0.1818,158600000000.0,gross,3645,
529900ODI3047E2LIV03,Nordea Bank Abp,FI,CON,2025-09-30,P3NONREMDISDOCS,20260324111902001,true,0.888,1,12,21083,1756.9,ja,en,141.14,2331,englisch,9,46,0.0,158400000000.0,gross,2343,
529900ODI3047E2LIV03,Nordea Bank Abp,FI,CON,2025-12-31,P3NONREMDISDOCS,20260415113101001,true,3.122,1,187,566951,3031.8,ja,en,190.61,2429,englisch,66,28,0.1,159700000000.0,gross,8590,
529900ODI3047E2LIV03,Nordea Bank Abp,FI,CON,2026-03-31,P3NONREMDISDOCS,20260602144301001,true,0.315,1,12,21864,1822.0,ja,en,146.22,2380,englisch,10,44,0.0,162100000000.0,gross,2186,
529900OE1FOAM50XLP72,Liechtensteinische Landesbank AG,LI,CON,2025-06-30,P3NONREMDISDOCS,20260611133943000,true,0.688,1,8,13534,1691.8,ja,de,154.29,1400,landessprache,4,59,0.75,10760000000.0,mittel,3384,
529900OKPZTTS50FXP26,Advanzia Bank S.A.,LU,IND,2025-12-31,P3NONREMDISDOCS,20260305071632000,true,0.911,1,63,171275,2718.7,ja,en,237.14,2041,englisch,18,60,0.0,2961000000.0,klein,9515,
529900P8BY9HZTZ82T70,Volksbank Kraichgau eG,DE,IND,2025-12-31,P3NONREMDISDOCS,20260625094148488,true,0.679,1,32,67098,2096.8,ja,de,213.67,2443,landessprache,12,64,0.0,6205000000.0,mittel,5592,
529900P8BY9HZTZ82T70,Volksbank Kraichgau eG,DE,IND,2025-12-31,P3REMDISDOCS,20260625094426559,true,0.203,1,5,5903,1180.6,ja,de,118.64,649,landessprache,12,64,0.0,6205000000.0,mittel,492,
529900PR2ELW8QI1B775,DLR Kredit A/S,DK,IND,2025-12-31,P3REMDISDOCS,20260623123206825,true,2.954,1,134,247554,1847.4,ja,da,47.44,2424,landessprache,21,15,0.1579,,unbekannt,11788,
529900PR2ELW8QI1B775,DLR Kredit A/S,DK,IND,2026-03-31,P3NONREMDISDOCS,20260629123206825,true,0.885,1,17,18187,1069.8,ja,da,37.17,1722,landessprache,,,,,unbekannt,,
529900PUK9IU39VCWK54,Volksbank in Ostwestfalen eG,DE,IND,2025-12-31,P3NONREMDISDOCS,20260629084652942,true,0.337,1,28,63910,2282.5,ja,de,194.99,2354,landessprache,11,65,0.0,7710000000.0,mittel,5810,
529900PUK9IU39VCWK54,Volksbank in Ostwestfalen eG,DE,IND,2025-12-31,P3REMDISDOCS,20260629084652942,true,0.124,1,5,7910,1582.0,ja,de,100.67,745,landessprache,11,65,0.0,7710000000.0,mittel,719,
529900Q2C3I7VCILLG45,FIMBank plc,MT,CON,2025-12-31,P3NONREMDISDOCS,20260507140901003,true,0.747,0,0,0,,,,,0,unsicher,42,36,0.0,1086000000.0,klein,,
529900Q2C3I7VCILLG45,FIMBank plc,MT,CON,2025-12-31,P3REMDISDOCS,20260507140901003,true,0.343,0,0,0,,,,,0,unsicher,42,36,0.0,1086000000.0,klein,,
529900QYEJ2GYSWK1F08,RLB-Stmk Verbund eGen,AT,CON,2025-12-31,P3NONREMDISDOCS,20260610090600000,true,2.602,1,160,316258,1976.6,ja,de,215.46,2381,landessprache,48,38,0.0909,8939000000.0,mittel,6589,
529900RCLERIIXF4QM23,bank99 AG,AT,IND,2025-12-31,P3NONREMDISDOCS,20260605140901000,true,0.355,1,39,87934,2254.7,ja,de,180.23,2469,landessprache,16,80,0.1,1000.0,klein,5496,
529900RPGHC6DQEQL615,International Asset Bank AD,BG,IND,2025-12-31,P3NONREMDISDOCS,20260623140052879,true,1.303,1,119,336567,2828.3,ja,bg,263.31,1785,landessprache,47,31,0.0,512400.0,klein,7161,
529900RQOBT3ZJMDRK43,Bank Frick AG,LI,CON,2025-12-31,P3NONREMDISDOCS,20260617152300000,true,0.416,1,21,39408,1876.6,ja,en,261.36,2686,englisch,7,53,0.2,817500000.0,klein,5630,
529900RWC8ZYB066JF16,Bank of Valletta Plc,MT,CON,2025-06-30,P3NONREMDISDOCS,20251125103953689,true,1.157,1,63,377806,5996.9,ja,en,188.07,1744,landessprache,40,54,0.0,5740.0,klein,9445,
529900RWC8ZYB066JF16,Bank of Valletta Plc,MT,CON,2025-09-30,P3NONREMDISDOCS,20251125103953689,true,0.53,1,16,39501,2468.8,ja,en,191.92,1881,landessprache,4,51,0.0,5800.0,klein,9875,
529900RWC8ZYB066JF16,Bank of Valletta Plc,MT,CON,2025-12-31,P3NONREMDISDOCS,20251225103953679,true,2.051,1,120,589417,4911.8,ja,en,243.81,1817,landessprache,56,38,0.025,6273.0,klein,10525,
529900S1KHKOEQL5CK20,Wüstenrot Bausparkasse Aktiengesellschaft,DE,IND,2025-12-31,P3NONREMDISDOCS,20260609151850773,true,4.303,1,258,618265,2396.4,ja,de,157.84,2116,landessprache,50,41,0.0476,7572000000.0,mittel,12365,
529900S1KHKOEQL5CK20,Wüstenrot Bausparkasse Aktiengesellschaft,DE,IND,2025-12-31,P3REMDISDOCS,20260609151850773,true,0.691,1,22,45412,2064.2,ja,de,247.63,2322,landessprache,50,41,0.0476,7572000000.0,mittel,908,
529900SEFOTJH1MLGZ92,Lægernes Bank A/S,DK,IND,2025-12-31,P3NONREMDISDOCS,20260330090814000,true,0.785,1,39,98589,2527.9,ja,da,30.32,2012,landessprache,18,68,0.2727,712900000.0,klein,5477,
529900SS7ZWCX82U3W60,DEUTSCHE BANK S.P.A.,IT,IND,2025-12-31,P3NONREMDISDOCS,20260521102054338,true,10.218,1,58,110901,1912.1,ja,it,133.67,2813,landessprache,28,48,0.0476,20700000000.0,mittel,3961,
529900SS7ZWCX82U3W60,DEUTSCHE BANK S.P.A.,IT,IND,2025-12-31,P3REMDISDOCS,20260521102054338,true,1.031,1,14,55114,3936.7,ja,it,164.64,2794,landessprache,28,48,0.0476,20700000000.0,mittel,1968,
529900SXEWPJ1MRRX537,Raiffeisen-Holding Niederösterreich-Wien registrierte Genossenschaft mit beschränkter Haftung,AT,CON,2025-12-31,P3NONREMDISDOCS,20260508120500200,true,3.203,1,271,586881,2165.6,ja,de,206.52,2024,landessprache,42,49,0.119,16880.0,klein,13973,
529900T32UL0CP1FZA06,ALLIANZ BANK FINANCIAL ADVISORS S.P.A.,IT,CON,2025-12-31,P3NONREMDISDOCS,20260619125343283,true,13.146,1,96,236278,2461.2,ja,it,155.67,2441,landessprache,76,0,0.0,3822.0,klein,3109,
529900T32UL0CP1FZA06,ALLIANZ BANK FINANCIAL ADVISORS S.P.A.,IT,CON,2025-12-31,P3REMDISDOCS,20260619121243283,true,2.477,1,15,39718,2647.9,ja,it,145.69,2677,landessprache,76,0,0.0,3822.0,klein,523,
529900T7MYZUMMW4O176,Berliner Volksbank eG,DE,CON,2025-12-31,P3NONREMDISDOCS,20260623100853000,true,0.349,1,37,84612,2286.8,ja,de,189.53,2253,landessprache,10,61,0.0,12380000000.0,mittel,8461,
529900TDG1TFZM39SF37,Baader Beteiligungs GmbH,DE,CON,2025-12-31,P3REMDISDOCS,20260625000000001,true,6.808,1,39,119881,3073.9,ja,de,163.97,1732,landessprache,12,43,0.25,1154000000.0,klein,9990,
529900U5XAEYOT68AC40,EFG Bank (Luxembourg) S.A.,LU,IND,2025-12-31,P3NONREMDISDOCS,20260625122510004,true,6.19,1,45,13866,308.1,ja,en,9.6,2084,englisch,14,62,,707700000.0,klein,990,
529900UHDH7QLRMEJQ86,Sigma Bank AG,LI,CON,2025-12-31,P3NONREMDISDOCS,20260629091600000,true,0.655,1,31,74412,2400.4,ja,de,186.76,2115,landessprache,9,67,0.0,790400000.0,klein,8268,
529900UIRB65OY6U4B21,Lombard Bank Malta plc,MT,IND,2025-12-31,P3NONREMDISDOCS,20260521083030000,true,5.049,1,131,249637,1905.6,ja,en,201.0,2209,landessprache,29,57,0.1818,1028000000.0,klein,8608,
529900UIRB65OY6U4B21,Lombard Bank Malta plc,MT,IND,2025-12-31,P3REMDISDOCS,20260521083230000,true,2.791,1,9,6463,718.1,ja,en,255.25,905,landessprache,29,57,0.1818,1028000000.0,klein,223,
529900UKZBMDBDZIXD62,Addiko Bank AG,AT,CON,2025-06-30,P3NONREMDISDOCS,20260105040158311,true,0.554,1,6,8796,1466.0,ja,en,164.69,1178,englisch,1,54,0.0,3865.0,klein,8796,
529900UKZBMDBDZIXD62,Addiko Bank AG,AT,CON,2025-12-31,P3NONREMDISDOCS,20260317040158327,true,2.59,1,160,296418,1852.6,ja,en,230.83,2569,englisch,42,36,0.0,3892.0,klein,7058,
529900UKZBMDBDZIXD62,Addiko Bank AG,AT,CON,2025-12-31,P3REMDISDOCS,20260417050413726,true,0.642,1,19,49860,2624.2,ja,en,267.28,2806,englisch,42,36,0.0,3892.0,klein,1187,
529900V3O1M5IHMOSF46,State Street Europe Holdings Germany S.a.r.l. & Co. KG,DE,CON,2025-06-30,P3NONREMDISDOCS,20260601172140002,true,0.963,2,49,96975,1979.1,ja,en,220.57,2557,englisch,2,53,0.9091,12750000000.0,mittel,48488,
529900VS0F7BA91P4I60,Alpha Bank Cyprus Limited,CY,IND,2025-12-31,P3NONREMDISDOCS,20260630165842847,true,1.769,1,132,375796,2846.9,ja,en,199.16,1195,englisch,14,12,0.0,,unbekannt,26843,
529900VVDOKMRRAHZ894,Bank GPB International S.A.,LU,IND,2025-12-31,P3NONREMDISDOCS,20260615103245425,true,2.425,1,80,169401,2117.5,ja,en,233.02,1914,englisch,34,44,0.1111,526500000.0,klein,4982,
529900VVDOKMRRAHZ894,Bank GPB International S.A.,LU,IND,2025-12-31,P3REMDISDOCS,20260506103745425,true,0.805,1,6,17348,2891.3,ja,en,276.06,2456,englisch,34,44,0.1111,526500000.0,klein,510,
529900W3MOO00A18X956,OTP-csoport,HU,CON,2025-06-30,P3NONREMDISDOCS,20251114152447123,true,0.289,1,9,46511,5167.9,ja,en,248.12,2918,englisch,15,64,0.4706,68250000000.0,gross,3101,
529900W3MOO00A18X956,OTP-csoport,HU,CON,2025-12-31,P3NONREMDISDOCS,20260415152447123,true,1.66,1,129,301268,2335.4,ja,hu,84.18,1473,landessprache,55,44,0.0,75550000000.0,gross,5478,
529900W3MOO00A18X956,OTP-csoport,HU,CON,2025-12-31,P3NONREMDISDOCS,20260415152447124,true,1.495,1,125,275314,2202.5,ja,en,240.94,1739,englisch,55,44,0.0,75550000000.0,gross,5006,
529900W3MOO00A18X956,OTP-csoport,HU,CON,2025-12-31,P3REMDISDOCS,20260615152447124,true,0.285,1,10,21270,2127.0,ja,hu,95.88,2232,landessprache,55,44,0.0,75550000000.0,gross,387,
529900W3MOO00A18X956,OTP-csoport,HU,CON,2025-12-31,P3REMDISDOCS,20260615152447125,true,0.307,1,12,22598,1883.2,ja,en,292.73,2931,englisch,55,44,0.0,75550000000.0,gross,411,
529900XB6RQ3XCELQO62,BENDURA BANK AG,LI,IND,2025-12-31,P3NONREMDISDOCS,20260625104512345,true,0.444,1,20,53016,2650.8,ja,de,218.36,2299,landessprache,8,63,0.0,464200000.0,klein,6627,
529900XDLJV1P7HBAH18,Sparkasse Holstein,DE,IND,2025-12-31,P3NONREMDISDOCS,20260626113200000,true,0.366,1,43,99259,2308.3,ja,de,155.47,2039,landessprache,10,66,0.0,6643000000.0,mittel,9926,
529900XDLJV1P7HBAH18,Sparkasse Holstein,DE,IND,2025-12-31,P3REMDISDOCS,20260626113200000,true,0.088,1,9,18467,2051.9,ja,de,190.23,2171,landessprache,10,66,0.0,6643000000.0,mittel,1847,
529900XSTAE561178282,Raiffeisenbankengruppe OÖ Verbund eGen,AT,CON,2025-06-30,P3NONREMDISDOCS,20260306110324100,true,1.53,1,111,216012,1946.1,ja,de,153.08,1999,landessprache,38,56,0.0,30360000000.0,gross,5685,
529900XSTAE561178282,Raiffeisenbankengruppe OÖ Verbund eGen,AT,CON,2025-09-30,P3NONREMDISDOCS,20260306110324101,true,0.358,1,18,28665,1592.5,ja,de,155.82,1752,landessprache,4,51,0.0,30690000000.0,gross,7166,
529900XSTAE561178282,Raiffeisenbankengruppe OÖ Verbund eGen,AT,CON,2025-12-31,P3NONREMDISDOCS,20260306110324102,true,2.882,1,236,469774,1990.6,ja,de,193.84,2110,landessprache,56,43,0.0455,31340000000.0,gross,8389,
529900ZMDTSQYEYCKL45,VR TeilhaberBank Metropolregion Nürnberg eG,DE,IND,2025-12-31,P3NONREMDISDOCS,20260610000000000,true,0.39,1,30,59602,1986.7,ja,de,205.98,2340,landessprache,10,66,0.0,3650000000.0,klein,5960,
529900ZMDTSQYEYCKL45,VR TeilhaberBank Metropolregion Nürnberg eG,DE,IND,2025-12-31,P3REMDISDOCS,20260622000000000,true,0.107,1,5,6355,1271.0,ja,de,117.99,678,landessprache,10,66,0.0,3650000000.0,klein,636,
529900ZVK4VTIS0TOT43,DenizBank AG,AT,IND,2025-12-31,P3NONREMDISDOCS,20260605133543972,true,0.865,1,65,139603,2147.7,ja,de,179.33,842,landessprache,15,69,0.0,3255000000.0,klein,9307,
5493000LKS7B3UTF7H35,Bank Polska Kasa Opieki S.A.,PL,CON,2025-06-30,P3NONREMDISDOCS,20260218110530400,true,3.452,2,148,444049,3000.3,ja,pl,98.31,1953,landessprache,51,43,0.0,38980000000.0,gross,8707,
5493000LKS7B3UTF7H35,Bank Polska Kasa Opieki S.A.,PL,CON,2025-09-30,P3NONREMDISDOCS,20260216110530402,true,,,,,,,,,,,3,52,0.0,40110000000.0,gross,,404 Client Error: The specified blob does not exist. for url: https://
5493000LKS7B3UTF7H35,Bank Polska Kasa Opieki S.A.,PL,CON,2025-09-30,P3NONREMDISDOCS,20260216110530412,true,,,,,,,,,,,3,52,0.0,40110000000.0,gross,,404 Client Error: The specified blob does not exist. for url: https://
5493000LKS7B3UTF7H35,Bank Polska Kasa Opieki S.A.,PL,CON,2025-12-31,P3NONREMDISDOCS,20260219204530401,true,,,,,,,,,,,62,37,0.0,41960000000.0,gross,,404 Client Error: The specified blob does not exist. for url: https://
5493000LKS7B3UTF7H35,Bank Polska Kasa Opieki S.A.,PL,CON,2026-03-31,P3NONREMDISDOCS,20260429144500000,true,0.837,2,24,74647,3110.3,ja,pl,93.77,2069,landessprache,3,51,0.0,42250000000.0,gross,24882,
5493000LM0MZ4JPMGM90,"Santander Consumer Finance, S.A.",ES,CON,2025-12-31,P3NONREMDISDOCS,20260505052232264,true,2.508,2,62,167056,2694.5,ja,es,103.52,2724,landessprache,34,50,0.0,78330000000.0,gross,4913,
5493000UPYR7EEHN2R94,"Gorenjska banka d.d., Kranj",SI,CON,2025-12-31,P3NONREMDISDOCS,20260617130224384,true,1.078,1,41,132206,3224.5,ja,en,214.71,2515,englisch,23,53,0.0,1846000.0,klein,5748,
5493000UPYR7EEHN2R94,"Gorenjska banka d.d., Kranj",SI,CON,2025-12-31,P3REMDISDOCS,20260617120324717,true,0.327,1,10,30669,3066.9,ja,en,310.38,2861,englisch,23,53,0.0,1846000.0,klein,1333,
5493000YPN33HF74SN02,Bank of Montreal Europe plc,IE,IND,2025-10-31,P3NONREMDISDOCS,20260320090230579,true,1.576,1,110,321559,2923.3,ja,en,166.67,882,landessprache,17,42,,,unbekannt,18915,
5493000YPN33HF74SN02,Bank of Montreal Europe plc,IE,IND,2025-10-31,P3REMDISDOCS,20260320100530579,true,0.466,1,4,16413,4103.2,ja,en,226.5,2362,landessprache,17,42,,,unbekannt,965,
5493001BABFV7P27OW30,"Nova Ljubljanska Banka d.d., Ljubljana",SI,CON,2025-09-30,P3NONREMDISDOCS,20260309191601000,true,0.733,1,19,47880,2520.0,ja,en,197.32,2463,englisch,3,52,0.0,19120000000.0,mittel,15960,
5493001BABFV7P27OW30,"Nova Ljubljanska Banka d.d., Ljubljana",SI,CON,2026-03-31,P3NONREMDISDOCS,20260518093201000,true,0.794,1,19,46657,2455.6,ja,en,173.82,2376,englisch,3,51,0.0,20160000000.0,mittel,15552,
5493001U1K6M7JOL5W45,Raiffeisen Bank csoport,HU,CON,2025-12-31,P3NONREMDISDOCS,20260424085023312,true,0.911,1,99,233311,2356.7,ja,hu,71.73,1171,landessprache,54,32,0.0,4658000000.0,mittel,4321,
5493002DPKDEC2JN1Y86,Sparekassen Sjælland-Fyn A/S,DK,CON,2025-12-31,P3NONREMDISDOCS,20260604092530000,true,1.197,1,26,87512,3365.8,ja,da,35.39,2458,landessprache,52,47,0.0909,2628000000.0,klein,1683,
5493002DPKDEC2JN1Y86,Sparekassen Sjælland-Fyn A/S,DK,CON,2025-12-31,P3REMDISDOCS,20260604092530000,true,0.073,1,2,2421,1210.5,ja,da,48.86,307,landessprache,52,47,0.0909,2628000000.0,klein,47,
5493003BDYD5VPGUQS04,UniCredit Bank S.A.,RO,CON,2025-12-31,P3NONREMDISDOCS,20260617091742000,true,2.607,1,196,549217,2802.1,ja,en,179.56,1370,englisch,43,71,0.125,10510000000.0,mittel,12772,
5493003BDYD5VPGUQS04,UniCredit Bank S.A.,RO,CON,2025-12-31,P3REMDISDOCS,20260617091542000,true,3.148,1,9,0,0.0,nein,,,0,unsicher,43,71,0.125,10510000000.0,mittel,,
5493004D82XDFVPWQJ91,Ikano Bank AB (publ),SE,IND,2025-12-31,P3NONREMDISDOCS,20260527151100000,true,0.633,1,15,68966,4597.7,ja,en,225.96,2589,englisch,9,67,0.0,3079000000.0,klein,7663,
5493004D82XDFVPWQJ91,Ikano Bank AB (publ),SE,IND,2025-12-31,P3REMDISDOCS,20260527151100000,true,0.26,1,5,17540,3508.0,ja,en,231.52,2475,englisch,9,67,0.0,3079000000.0,klein,1949,
5493004WUGGU2BQI7F14,Landshypotek AB - gruppen,SE,CON,2025-12-31,P3NONREMDISDOCS,20260306015624368,true,1.271,1,63,150770,2393.2,ja,en,158.9,2681,englisch,51,35,0.0,3224000000.0,klein,2956,
5493004WUGGU2BQI7F14,Landshypotek AB - gruppen,SE,CON,2025-12-31,P3REMDISDOCS,20260306015624368,true,0.205,1,5,13529,2705.8,ja,en,237.97,1933,englisch,51,35,0.0,3224000000.0,klein,265,
54930056FHWP7GIWYY08,Morgan Stanley Europe SE,DE,CON,2025-09-30,P3NONREMDISDOCS,20260408181700000,true,0.136,2,19,33391,1757.4,ja,en,148.19,2409,englisch,2,6,,,unbekannt,16696,
5493006QMFDDMYWIAM13,"Banco Santander, S.A.",ES,CON,2025-06-30,P3NONREMDISDOCS,20251106094912017,true,6.95,1,185,491332,2655.8,ja,en,193.23,2453,englisch,51,43,0.0455,625800000000.0,gross,9634,
5493006QMFDDMYWIAM13,"Banco Santander, S.A.",ES,CON,2025-09-30,P3NONREMDISDOCS,20251128112200000,true,11.521,1,24,60659,2527.5,ja,en,204.8,2417,englisch,8,55,0.0,630800000000.0,gross,7582,
5493006QMFDDMYWIAM13,"Banco Santander, S.A.",ES,CON,2025-12-31,P3NONREMDISDOCS,20260225171700000,true,13.785,1,367,1024014,2790.2,ja,en,170.26,2367,englisch,72,27,0.0,629400000000.0,gross,14222,
5493006QMFDDMYWIAM13,"Banco Santander, S.A.",ES,CON,2026-03-31,P3NONREMDISDOCS,20260527223100000,true,10.886,2,76,183451,2413.8,ja,en,248.67,2827,englisch,8,54,0.0,600500000000.0,gross,22931,
5493006QMFDDMYWIAM13,"Banco Santander, S.A.",ES,CON,2026-03-31,P3NONREMDISDOCS,20260528234500000,true,10.879,2,75,182557,2434.1,ja,en,246.9,2819,englisch,8,54,0.0,600500000000.0,gross,22820,
5493006Z4NTMNDDBGL49,ECCM Bank plc,MT,IND,2025-09-30,P3NONREMDISDOCS,20260325140901003,true,1.333,1,68,204495,3007.3,ja,en,249.39,2863,landessprache,22,56,,947800000.0,klein,9295,
5493007BWYDPQZLZ0Y27,HYPO NOE Landesbank für Niederösterreich und Wien AG,AT,CON,2025-06-30,P3NONREMDISDOCS,20260504100000000,true,0.254,1,3,5901,1967.0,ja,de,52.54,571,landessprache,4,59,0.0,4683000000.0,mittel,1475,
5493007BWYDPQZLZ0Y27,HYPO NOE Landesbank für Niederösterreich und Wien AG,AT,CON,2025-06-30,P3NONREMDISDOCS,20260506100000000,true,0.228,1,3,5899,1966.3,ja,de,52.54,571,landessprache,4,59,0.0,4683000000.0,mittel,1475,
5493007BWYDPQZLZ0Y27,HYPO NOE Landesbank für Niederösterreich und Wien AG,AT,CON,2025-06-30,P3NONREMDISDOCS,20260506101000000,true,0.228,1,3,5899,1966.3,ja,de,52.54,571,landessprache,4,59,0.0,4683000000.0,mittel,1475,
5493007BWYDPQZLZ0Y27,HYPO NOE Landesbank für Niederösterreich und Wien AG,AT,CON,2025-12-31,P3NONREMDISDOCS,20260430090000000,true,2.099,2,153,412311,2694.8,ja,de,94.18,2166,landessprache,45,41,0.0909,4735000000.0,mittel,9162,
5493007BWYDPQZLZ0Y27,HYPO NOE Landesbank für Niederösterreich und Wien AG,AT,CON,2025-12-31,P3REMDISDOCS,20260617090000000,true,0.379,1,15,38885,2592.3,ja,de,223.0,2444,landessprache,45,41,0.0909,4735000000.0,mittel,864,
5493007QRSX9DS2CM858,China Construction Bank (Europe) S.A.,LU,IND,2025-12-31,P3NONREMDISDOCS,20260622140000000,true,1.391,1,58,119902,2067.3,ja,en,200.0,1740,englisch,10,61,0.0,3176000000.0,klein,11990,
5493007S4JE930SIUE86,ING Holding Deutschland GmbH,DE,CON,2025-06-30,P3NONREMDISDOCS,20260422163000000,true,1.643,1,49,135294,2761.1,ja,de,124.93,1913,landessprache,32,47,0.0,46170000000.0,gross,4228,
5493007S4JE930SIUE86,ING Holding Deutschland GmbH,DE,CON,2025-09-30,P3NONREMDISDOCS,20260423152600000,true,1.037,1,14,35698,2549.9,ja,de,109.79,1931,landessprache,7,48,0.0,47320000000.0,gross,5100,
5493007S4JE930SIUE86,ING Holding Deutschland GmbH,DE,CON,2025-12-31,P3NONREMDISDOCS,20260618154000000,true,1.902,1,99,210077,2122.0,ja,de,134.24,1989,landessprache,34,50,0.0,49080000000.0,gross,6179,
5493007S4JE930SIUE86,ING Holding Deutschland GmbH,DE,CON,2025-12-31,P3NONREMDISDOCS,20260630153300999,true,1.902,1,99,210272,2124.0,ja,de,134.17,1990,landessprache,34,50,0.0,49080000000.0,gross,6184,
5493007S4JE930SIUE86,ING Holding Deutschland GmbH,DE,CON,2025-12-31,P3REMDISDOCS,20260618161100999,true,0.176,1,18,41344,2296.9,ja,de,246.67,2404,landessprache,34,50,0.0,49080000000.0,gross,1216,
54930080G2M7EJ097A27,BluOr Bank AS,LV,CON,2025-06-30,P3NONREMDISDOCS,20260324092516000,false,0.562,1,56,105131,1877.3,ja,en,144.69,2101,englisch,,,,,unbekannt,,
54930080G2M7EJ097A27,BluOr Bank AS,LV,CON,2025-09-30,P3NONREMDISDOCS,20260324092834000,false,0.207,1,10,17064,1706.4,ja,en,169.43,1871,englisch,,,,,unbekannt,,
54930080G2M7EJ097A27,BluOr Bank AS,LV,CON,2025-09-30,P3NONREMDISDOCS,20260324093712000,false,0.971,1,44,73911,1679.8,ja,en,156.7,2208,englisch,,,,,unbekannt,,
54930080G2M7EJ097A27,BluOr Bank AS,LV,CON,2025-09-30,P3NONREMDISDOCS,20260324094513000,false,0.207,1,10,17064,1706.4,ja,en,169.43,1871,englisch,,,,,unbekannt,,
54930080G2M7EJ097A27,BluOr Bank AS,LV,CON,2025-12-31,P3NONREMDISDOCS,20260324094711000,false,0.971,1,44,73911,1679.8,ja,en,156.7,2208,englisch,,,,,unbekannt,,
54930080G2M7EJ097A27,BluOr Bank AS,LV,CON,2025-12-31,P3NONREMDISDOCS,20260601144711000,false,1.8,1,89,193573,2175.0,ja,en,133.23,2004,englisch,,,,,unbekannt,,
54930080G2M7EJ097A27,BluOr Bank AS,LV,CON,2025-12-31,P3REMDISDOCS,20260601144711000,false,0.343,1,11,27254,2477.6,ja,en,301.6,2931,englisch,,,,,unbekannt,,
5493008QOCP58OLEN998,Investeringsmaatschappij Argenta - Société d'investissements Argenta - Investierungsgesellschaft Arg,BE,CON,2025-06-30,P3NONREMDISDOCS,20260217011610585,true,0.779,1,59,163618,2773.2,ja,en,141.36,2384,englisch,43,51,0.0455,10380000000.0,mittel,3805,
5493008QOCP58OLEN998,Investeringsmaatschappij Argenta - Société d'investissements Argenta - Investierungsgesellschaft Arg,BE,CON,2025-09-30,P3NONREMDISDOCS,20260304011010583,true,0.255,1,8,19691,2461.4,ja,en,156.81,2047,englisch,7,48,0.0,10390000000.0,mittel,2813,
5493008QRHH0XCLJ4238,BRD-Groupe Société Générale SA,RO,CON,2025-06-30,P3NONREMDISDOCS,20251209222900000,true,0.903,2,54,225433,4174.7,ja,en,190.45,2137,englisch,23,56,0.0,8303000000.0,mittel,9801,
5493008QRHH0XCLJ4238,BRD-Groupe Société Générale SA,RO,CON,2025-09-30,P3NONREMDISDOCS,20260130113700000,true,0.278,1,9,27442,3049.1,ja,en,195.6,2546,englisch,5,50,0.3333,,unbekannt,5488,
5493008QRHH0XCLJ4238,BRD-Groupe Société Générale SA,RO,CON,2025-12-31,P3NONREMDISDOCS,20260526041834000,true,0.572,1,34,178253,5242.7,ja,en,216.93,1973,englisch,27,57,0.0,8756000000.0,mittel,6602,
5493008QRHH0XCLJ4238,BRD-Groupe Société Générale SA,RO,CON,2025-12-31,P3NONREMDISDOCS,20260529101048000,true,0.549,1,34,177946,5233.7,ja,en,217.15,1971,englisch,27,57,0.0,8756000000.0,mittel,6591,
5493009EIBTCB1X12G89,LGT Group Foundation,LI,CON,2025-06-30,P3NONREMDISDOCS,20260630110000000,true,0.437,1,4,6926,1731.5,ja,en,127.57,682,englisch,3,60,0.75,28080000000.0,gross,2309,
5493009EIBTCB1X12G89,LGT Group Foundation,LI,CON,2025-12-31,P3NONREMDISDOCS,20260630130000000,true,1.707,1,59,213103,3611.9,ja,en,233.4,1521,englisch,47,39,0.0,25220000000.0,mittel,4534,
5493009EIBTCB1X12G89,LGT Group Foundation,LI,CON,2025-12-31,P3REMDISDOCS,20260630130000000,true,0.588,1,9,20965,2329.4,ja,en,242.93,2721,englisch,47,39,0.0,25220000000.0,mittel,446,
5493009ML6YX83YHC820,Argenta Bank- en Verzekeringsgroep NV,BE,CON,2025-06-30,P3NONREMDISDOCS,20260217011610585,true,0.779,1,59,163618,2773.2,ja,en,141.36,2384,englisch,43,51,0.0,10380000000.0,mittel,3805,
5493009ML6YX83YHC820,Argenta Bank- en Verzekeringsgroep NV,BE,CON,2025-09-30,P3NONREMDISDOCS,20260304011010583,true,0.256,1,8,19691,2461.4,ja,en,156.81,2047,englisch,7,48,0.0,10390000000.0,mittel,2813,
5493009ML6YX83YHC820,Argenta Bank- en Verzekeringsgroep NV,BE,CON,2025-12-31,P3NONREMDISDOCS,20260310114635682,true,1.784,2,162,425922,2629.1,ja,en,116.86,2473,englisch,62,37,0.0417,10370000000.0,mittel,6870,
5493009ML6YX83YHC820,Argenta Bank- en Verzekeringsgroep NV,BE,CON,2025-12-31,P3REMDISDOCS,20260310114635680,true,0.346,1,11,31925,2902.3,ja,en,281.08,1850,englisch,62,37,0.0417,10370000000.0,mittel,515,
5493009ML6YX83YHC820,Argenta Bank- en Verzekeringsgroep NV,BE,CON,2026-03-31,P3NONREMDISDOCS,20260526114635682,true,0.362,2,9,20567,2285.2,ja,en,155.51,2077,englisch,7,47,0.0,11120000000.0,mittel,2938,
549300A2F46GR0UOM390,Erste&Steiermärkische Bank d.d.,HR,CON,2025-06-30,P3NONREMDISDOCS,20260623161232000,true,0.528,1,41,81646,1991.4,ja,en,197.64,2201,englisch,36,45,0.0,7611000000.0,mittel,2268,
549300A2F46GR0UOM390,Erste&Steiermärkische Bank d.d.,HR,CON,2025-09-30,P3NONREMDISDOCS,20260623161011000,true,0.303,1,12,20118,1676.5,ja,en,162.11,2270,englisch,7,48,0.0,7572000000.0,mittel,2874,
549300A2F46GR0UOM390,Erste&Steiermärkische Bank d.d.,HR,CON,2025-12-31,P3NONREMDISDOCS,20260623164831000,true,1.362,1,124,393288,3171.7,ja,en,194.11,1494,englisch,49,32,0.0,8068000000.0,mittel,8026,
549300BZZFFS0SOWR325,Ford Bank GmbH,DE,IND,2025-12-31,P3NONREMDISDOCS,20260603063022153,true,0.114,1,13,33848,2603.7,ja,de,216.7,2215,landessprache,6,65,0.1429,5181000000.0,mittel,5641,
549300C6TUMDXNOVXS82,Länsförsäkringar Bank AB - gruppen,SE,CON,2025-06-30,P3NONREMDISDOCS,20251202105049517,true,1.145,1,60,144706,2411.8,ja,en,134.95,1645,englisch,39,55,0.0,12520000000.0,mittel,3710,
549300C6TUMDXNOVXS82,Länsförsäkringar Bank AB - gruppen,SE,CON,2025-09-30,P3NONREMDISDOCS,20251202105049453,true,0.247,1,11,17871,1624.6,ja,en,128.96,1799,englisch,6,49,0.0,12630000000.0,mittel,2978,
549300C6TUMDXNOVXS82,Länsförsäkringar Bank AB - gruppen,SE,CON,2025-12-31,P3NONREMDISDOCS,20260309155931147,true,1.554,1,102,282824,2772.8,ja,en,146.91,987,englisch,58,41,0.0455,12990000000.0,mittel,4876,
549300C6TUMDXNOVXS82,Länsförsäkringar Bank AB - gruppen,SE,CON,2025-12-31,P3REMDISDOCS,20260310085524102,true,0.137,1,9,20121,2235.7,ja,en,231.59,2703,englisch,58,41,0.0455,12990000000.0,mittel,347,
549300C6TUMDXNOVXS82,Länsförsäkringar Bank AB - gruppen,SE,CON,2026-03-31,P3NONREMDISDOCS,20260423085524102,true,0.192,1,11,17920,1629.1,ja,en,126.88,1797,englisch,6,48,0.0,13010000000.0,mittel,2987,
549300CQ9NLEHMRCU505,"Cecabank, S.A.",ES,IND,2025-12-31,P3NONREMDISDOCS,20260420113832000,true,7.008,10,316,926669,2932.5,ja,es,103.24,2867,landessprache,19,65,0.0,2432000000.0,klein,48772,
549300D7SF4JSQDV7040,Mirabaud & Cie (Europe) S.A.,LU,IND,2025-12-31,P3NONREMDISDOCS,20260630143600000,true,0.351,1,16,59764,3735.2,ja,en,150.55,1893,englisch,2,14,0.3333,,unbekannt,29882,
549300DVPJYGNF2P7B03,Steiermärkische Bank und Sparkassen Aktiengesellschaft,AT,CON,2025-06-30,P3NONREMDISDOCS,20251216134130001,true,0.681,1,43,85744,1994.0,ja,de,113.31,1924,landessprache,26,53,0.0,11930000000.0,mittel,3298,
549300DVPJYGNF2P7B03,Steiermärkische Bank und Sparkassen Aktiengesellschaft,AT,CON,2025-06-30,P3NONREMDISDOCS,20260125134130001,true,0.681,1,43,85744,1994.0,ja,de,113.31,1924,landessprache,26,53,0.0,11930000000.0,mittel,3298,
549300DVPJYGNF2P7B03,Steiermärkische Bank und Sparkassen Aktiengesellschaft,AT,CON,2025-09-30,P3NONREMDISDOCS,20251216140150001,true,0.292,1,11,17157,1559.7,ja,de,103.14,1464,landessprache,6,49,0.0,11960000000.0,mittel,2860,
549300DVPJYGNF2P7B03,Steiermärkische Bank und Sparkassen Aktiengesellschaft,AT,CON,2025-12-31,P3NONREMDISDOCS,20260602070500001,true,0.654,1,56,165605,2957.2,ja,de,135.49,1513,landessprache,33,51,0.0,12100000000.0,mittel,5018,
549300DVPJYGNF2P7B03,Steiermärkische Bank und Sparkassen Aktiengesellschaft,AT,CON,2025-12-31,P3REMDISDOCS,20260617113000001,true,0.135,1,9,18693,2077.0,ja,de,166.24,1961,landessprache,33,51,0.0,12100000000.0,mittel,566,
549300EHNXQVOI120S55,Coop Pank AS,EE,CON,2025-06-30,P3NONREMDISDOCS,20260226050422220,true,0.413,1,33,99596,3018.1,ja,en,169.26,2505,englisch,28,58,0.0476,1310000000.0,klein,3557,
549300EHNXQVOI120S55,Coop Pank AS,EE,CON,2025-09-30,P3NONREMDISDOCS,20260309050422220,true,0.122,1,6,12191,2031.8,ja,en,152.65,1356,englisch,4,51,0.0,1329000000.0,klein,3048,
549300EHNXQVOI120S55,Coop Pank AS,EE,CON,2025-12-31,P3NONREMDISDOCS,20260528050422220,true,0.0,0,0,0,,,,,0,unsicher,37,49,0.1842,1438000000.0,klein,,
549300EHNXQVOI120S55,Coop Pank AS,EE,CON,2025-12-31,P3NONREMDISDOCS,20260528050422221,true,0.759,1,45,118681,2637.4,ja,en,156.05,2339,englisch,37,49,0.1842,1438000000.0,klein,3208,
549300EHNXQVOI120S55,Coop Pank AS,EE,CON,2025-12-31,P3REMDISDOCS,20260528050422220,true,0.216,1,3,14691,4897.0,ja,en,256.97,2117,englisch,37,49,0.1842,1438000000.0,klein,397,
549300EHNXQVOI120S55,Coop Pank AS,EE,CON,2026-03-31,P3NONREMDISDOCS,20260604050422220,true,0.32,1,6,13579,2263.2,ja,en,162.03,1475,englisch,4,50,0.0,1478000000.0,klein,3395,
549300F7FBD744MEP844,Banque Raiffeisen,LU,IND,2025-12-31,P3NONREMDISDOCS,20260630120600000,true,7.899,1,53,130499,2462.2,ja,fr,72.93,2756,landessprache,9,62,0.0,5234000000.0,mittel,14500,
549300FH0WJAPEHTIQ77,BofA Securities Europe SA,FR,IND,2025-06-30,P3NONREMDISDOCS,20260129122224000,true,0.129,1,12,21726,1810.5,ja,en,127.88,2909,englisch,5,58,0.9167,43400000000.0,gross,4345,
549300FH0WJAPEHTIQ77,BofA Securities Europe SA,FR,IND,2025-09-30,P3NONREMDISDOCS,20260129122808000,true,0.137,1,7,11057,1579.6,ja,en,227.56,1415,englisch,1,7,,,unbekannt,11057,
549300FH0WJAPEHTIQ77,BofA Securities Europe SA,FR,IND,2025-12-31,P3NONREMDISDOCS,20260511124340001,true,1.321,1,146,388366,2660.0,ja,en,124.67,1909,englisch,57,44,0.075,42220000000.0,gross,6813,
549300FH0WJAPEHTIQ77,BofA Securities Europe SA,FR,IND,2025-12-31,P3REMDISDOCS,20260511124340001,true,0.369,1,15,37568,2504.5,ja,en,267.72,2667,englisch,57,44,0.075,42220000000.0,gross,659,
549300FRBP5L0O1HY885,Sparbanken Syd,SE,IND,2025-12-31,P3NONREMDISDOCS,20260225144300000,true,2.07,3,26,88953,3421.3,ja,sv,120.98,2521,landessprache,11,65,0.375,592300000.0,klein,8087,
549300G3C8M0WXQCWH61,Caja Laboral Popular Coop. de Crédito,ES,CON,2025-12-31,P3NONREMDISDOCS,20260423172800000,true,1.351,1,92,231664,2518.1,ja,es,136.05,1867,landessprache,15,69,0.0,9121000000.0,mittel,15444,
549300G3C8M0WXQCWH61,Caja Laboral Popular Coop. de Crédito,ES,CON,2025-12-31,P3REMDISDOCS,20260423172800000,true,0.647,1,12,17561,1463.4,ja,es,153.47,2072,landessprache,15,69,0.0,9121000000.0,mittel,1171,
549300GKFG0RYRRQ1414,DNB BANK ASA,NO,CON,2025-12-31,P3NONREMDISDOCS,20260311140000000,true,1.368,1,120,363614,3030.1,ja,en,201.0,2806,englisch,62,37,0.0455,98880000000.0,gross,5865,
549300GKFG0RYRRQ1414,DNB BANK ASA,NO,CON,2025-12-31,P3REMDISDOCS,20260311140000000,true,0.031,1,3,6633,2211.0,ja,en,293.4,985,englisch,62,37,0.0455,98880000000.0,gross,107,
549300GKFG0RYRRQ1414,DNB BANK ASA,NO,CON,2026-03-31,P3NONREMDISDOCS,20260511210000000,true,0.152,1,2,788,394.0,ja,,,111,unsicher,9,53,0.0,104900000000.0,gross,88,
549300HFEHJOXGE4ZE63,SFIL S.A.,FR,CON,2025-06-30,P3NONREMDISDOCS,20260126115401003,true,0.617,1,44,93508,2125.2,ja,fr,82.13,2557,landessprache,32,54,0.0952,3349000000.0,klein,2922,
549300HFEHJOXGE4ZE63,SFIL S.A.,FR,CON,2025-09-30,P3NONREMDISDOCS,20260126115401003,true,0.864,1,8,14509,1813.6,ja,fr,16.95,1416,landessprache,4,51,0.0,3304000000.0,klein,3627,
549300HFEHJOXGE4ZE63,SFIL S.A.,FR,CON,2025-12-31,P3NONREMDISDOCS,20260126115401003,true,2.072,1,91,254415,2795.8,ja,en,216.16,2896,englisch,47,44,0.0714,3184000000.0,klein,5413,
549300HFEHJOXGE4ZE63,SFIL S.A.,FR,CON,2026-03-31,P3NONREMDISDOCS,20260526115401003,true,0.953,1,8,16465,2058.1,ja,fr,18.9,1376,landessprache,4,50,0.0,3244000000.0,klein,4116,
549300HFEHJOXGE4ZE63,SFIL S.A.,FR,CON,2026-03-31,P3NONREMDISDOCS,20260526125401003,true,0.896,1,8,14337,1792.1,ja,fr,18.9,1376,landessprache,4,50,0.0,3244000000.0,klein,3584,
549300HFEHJOXGE4ZE63,SFIL S.A.,FR,CON,2026-03-31,P3NONREMDISDOCS,20260826125401003,true,0.958,1,8,14193,1774.1,ja,fr,17.91,1340,landessprache,4,50,0.0,3244000000.0,klein,3548,
549300HUKIA1IZQHFZ83,Erste Bank der oesterreichischen Sparkassen AG,AT,IND,2025-06-30,P3NONREMDISDOCS,20260309100507000,true,0.199,1,3,9844,3281.3,ja,de,148.48,990,landessprache,2,61,0.0,11850.0,klein,4922,
549300HUKIA1IZQHFZ83,Erste Bank der oesterreichischen Sparkassen AG,AT,IND,2025-12-31,P3NONREMDISDOCS,20260626072928000,true,1.422,1,51,165645,3247.9,ja,de,135.85,1428,landessprache,29,50,0.0,14860.0,klein,5712,
549300IQZVZ949N37S44,Euroclear Holding,BE,CON,2025-06-30,P3NONREMDISDOCS,20260605112550119,true,0.591,1,84,148393,1766.6,ja,en,187.47,2155,englisch,7,79,0.8095,14390000000.0,mittel,21199,
549300IQZVZ949N37S44,Euroclear Holding,BE,CON,2025-09-30,P3NONREMDISDOCS,20260609113540348,true,0.434,1,21,29898,1423.7,ja,en,200.84,2395,englisch,0,55,1.0,14450000000.0,mittel,,
549300IQZVZ949N37S44,Euroclear Holding,BE,CON,2025-12-31,P3NONREMDISDOCS,20260605112550119,true,0.936,1,197,457854,2324.1,ja,en,171.46,1079,englisch,49,50,0.1364,15630000000.0,mittel,9344,
549300IRGNL8Q3O8Y413,Eurobank Bulgaria,BG,IND,2025-12-31,P3NONREMDISDOCS,20260630144511000,true,1.615,1,86,249870,2905.5,ja,en,197.67,2484,englisch,30,54,0.0,6783000000.0,mittel,8329,
549300J0GSZ83GTKBZ89,OTP banka d.d.,SI,CON,2025-12-31,P3NONREMDISDOCS,20260409055129453,true,3.39,2,406,1103626,2718.3,ja,en,252.49,2606,englisch,0,79,1.0,,unbekannt,,
549300JB1P61FUTPEZ75,"Všeobecná úverová banka, a.s.",SK,CON,2025-06-30,P3NONREMDISDOCS,20260527142113297,true,6.62,2,219,659118,3009.7,ja,en,249.15,2641,englisch,48,46,0.0,11100000000.0,mittel,13732,
549300JB1P61FUTPEZ75,"Všeobecná úverová banka, a.s.",SK,CON,2025-09-30,P3NONREMDISDOCS,20260521114225946,true,2.087,2,50,86739,1734.8,ja,en,248.96,2639,englisch,7,48,0.0,10970000000.0,mittel,12391,
549300JB1P61FUTPEZ75,"Všeobecná úverová banka, a.s.",SK,CON,2025-12-31,P3NONREMDISDOCS,20260527144213268,true,12.431,2,462,1395863,3021.3,ja,en,250.0,2568,englisch,68,31,0.0,10310000000.0,mittel,20527,
549300JB1P61FUTPEZ75,"Všeobecná úverová banka, a.s.",SK,CON,2025-12-31,P3NONREMDISDOCS,20260619144323267,true,14.199,2,462,1402832,3036.4,ja,en,250.0,2568,englisch,68,31,0.0,10310000000.0,mittel,20630,
549300JB1P61FUTPEZ75,"Všeobecná úverová banka, a.s.",SK,CON,2025-12-31,P3REMDISDOCS,20260610110015324,true,3.309,2,60,155920,2598.7,ja,en,300.07,3006,englisch,68,31,0.0,10310000000.0,mittel,2293,
549300JB1P61FUTPEZ75,"Všeobecná úverová banka, a.s.",SK,CON,2025-12-31,P3REMDISDOCS,20260619144115325,true,5.657,2,60,149055,2484.2,ja,en,300.2,3008,englisch,68,31,0.0,10310000000.0,mittel,2192,
549300JB1P61FUTPEZ75,"Všeobecná úverová banka, a.s.",SK,CON,2026-03-31,P3NONREMDISDOCS,20260616143917827,true,1.922,2,50,87608,1752.2,ja,en,249.91,2645,englisch,7,47,0.0,10620000000.0,mittel,12515,
549300JECLPX13NZLU57,Danske Andelskassers Bank A/S,DK,CON,2025-12-31,P3NONREMDISDOCS,20260224111116000,true,0.129,1,20,66513,3325.7,ja,da,33.55,2146,landessprache,28,58,0.0909,1299000000.0,klein,2375,
549300JSC82O1L4XV837,Nordnet - Grupp,SE,CON,2025-12-31,P3NONREMDISDOCS,20260324092001547,true,0.864,1,77,178933,2323.8,ja,sv,126.74,2446,landessprache,42,36,0.0,1893000000.0,klein,4260,
549300KOORG6SN9LMO68,IIG Bank (Malta) Ltd,MT,IND,2025-12-31,P3NONREMDISDOCS,20260601162111860,true,0.925,1,49,86124,1757.6,ja,en,220.11,2417,landessprache,8,68,0.125,77710000.0,klein,10766,
549300KOORG6SN9LMO68,IIG Bank (Malta) Ltd,MT,IND,2025-12-31,P3REMDISDOCS,20260601162111860,true,1.283,1,66,110294,1671.1,ja,en,212.72,2327,landessprache,8,68,0.125,77710000.0,klein,13787,
549300KOORG6SN9LMO68,IIG Bank (Malta) Ltd,MT,IND,2025-12-31,P3REMDISDOCS,20260603122111860,true,0.355,1,6,8916,1486.0,ja,en,224.41,1221,landessprache,8,68,0.125,77710000.0,klein,1114,
549300L1IEXJYJ2NUV45,Sparekassen Danmark,DK,IND,2025-12-31,P3NONREMDISDOCS,20260302104329000,true,3.606,1,39,93689,2402.3,ja,da,35.83,1228,landessprache,22,62,0.0,7093000000.0,mittel,4259,
549300L7YCATGO57ZE10,FINECOBANK BANCA FINECO S.P.A. (IN BREVE FINECOBANK S.P.A. OVVERO BANCA FINECO S.P.A. OVVERO FINECO BANCA S.P.A.),IT,CON,2025-06-30,P3NONREMDISDOCS,20251209165556806,true,4.67,2,208,666908,3206.3,ja,en,259.16,2566,englisch,30,64,0.0455,5805000000.0,mittel,22230,
549300L7YCATGO57ZE10,FINECOBANK BANCA FINECO S.P.A. (IN BREVE FINECOBANK S.P.A. OVVERO BANCA FINECO S.P.A. OVVERO FINECO BANCA S.P.A.),IT,CON,2025-09-30,P3NONREMDISDOCS,20260113113856807,true,1.882,2,52,119619,2300.4,ja,en,278.87,2754,englisch,3,52,0.0,5815000000.0,mittel,39873,
549300L7YCATGO57ZE10,FINECOBANK BANCA FINECO S.P.A. (IN BREVE FINECOBANK S.P.A. OVVERO BANCA FINECO S.P.A. OVVERO FINECO BANCA S.P.A.),IT,CON,2025-12-31,P3NONREMDISDOCS,20260428150237243,true,4.162,2,322,1182875,3673.5,ja,it,147.62,2371,landessprache,48,51,0.0455,6202000000.0,mittel,24643,
549300L7YCATGO57ZE10,FINECOBANK BANCA FINECO S.P.A. (IN BREVE FINECOBANK S.P.A. OVVERO BANCA FINECO S.P.A. OVVERO FINECO BANCA S.P.A.),IT,CON,2025-12-31,P3REMDISDOCS,20260428150237243,true,1.564,2,42,110388,2628.3,ja,it,153.25,2336,landessprache,48,51,0.0455,6202000000.0,mittel,2300,
549300L7YCATGO57ZE10,FINECOBANK BANCA FINECO S.P.A. (IN BREVE FINECOBANK S.P.A. OVVERO BANCA FINECO S.P.A. OVVERO FINECO BANCA S.P.A.),IT,CON,2026-03-31,P3NONREMDISDOCS,20260512150237243,true,1.17,2,44,101364,2303.7,ja,it,142.28,2495,landessprache,3,51,0.0,6299000000.0,mittel,33788,
549300LYFYVPUCG6SY25,"Banco Cooperativo Español, S.A.",ES,CON,2025-12-31,P3NONREMDISDOCS,20260630121214000,true,2.648,1,160,363088,2269.3,ja,es,175.3,2202,landessprache,36,50,0.0909,2791000000.0,klein,10086,
549300M2IHOB9P5WE714,Swissquote Bank Europe S.A,LU,IND,2025-12-31,P3NONREMDISDOCS,20260630120012001,true,0.955,1,29,156478,5395.8,ja,en,235.54,2819,englisch,24,54,0.2222,494400000.0,klein,6520,
549300MM2G2LFEPR2M50,Skandiabanken Aktiebolag (publ),SE,IND,2025-12-31,P3NONREMDISDOCS,20260319133902000,true,0.785,1,81,178363,2202.0,ja,sv,77.07,2089,landessprache,43,56,0.0909,,unbekannt,4148,
549300MSY5NIVC0BME80,CIB Bankcsoport,HU,CON,2025-06-30,P3NONREMDISDOCS,20260604085341000,true,0.266,1,9,21223,2358.1,ja,hu,44.54,1886,landessprache,3,60,0.0,3717000000.0,klein,7074,
549300ND1MQ8SNNYMJ22,AS SEB Pank,EE,CON,2025-06-30,P3NONREMDISDOCS,20260206020258135,true,0.136,2,10,15423,1542.3,ja,en,98.94,1698,englisch,1,54,0.0,3467000000.0,klein,15423,
549300ND1MQ8SNNYMJ22,AS SEB Pank,EE,CON,2025-12-31,P3NONREMDISDOCS,20260331090342500,true,1.603,2,129,432192,3350.3,ja,en,193.82,2296,englisch,31,45,0.0,3330000000.0,klein,13942,
549300ND1MQ8SNNYMJ22,AS SEB Pank,EE,CON,2025-12-31,P3REMDISDOCS,20260331120242500,true,0.166,2,20,42245,2112.2,ja,en,215.95,2783,englisch,31,45,0.0,3330000000.0,klein,1363,
549300NYKK9MWM7GGW15,ING Groep N.V.,NL,CON,2025-06-30,P3NONREMDISDOCS,20260220114621887,true,0.629,1,6,15132,2522.0,ja,en,250.8,2185,englisch,41,53,0.4091,335800000000.0,gross,369,
549300NYKK9MWM7GGW15,ING Groep N.V.,NL,CON,2025-06-30,P3NONREMDISDOCS,20260220144621887,true,0.692,1,11,30936,2812.4,ja,en,210.91,2769,englisch,41,53,0.4091,335800000000.0,gross,755,
549300NYKK9MWM7GGW15,ING Groep N.V.,NL,CON,2025-09-30,P3NONREMDISDOCS,20260220104621887,true,0.629,1,6,15132,2522.0,ja,en,250.8,2185,englisch,1,62,1.0,336200000000.0,gross,15132,
549300NYKK9MWM7GGW15,ING Groep N.V.,NL,CON,2025-09-30,P3NONREMDISDOCS,20260220154621887,true,0.629,1,6,15132,2522.0,ja,en,250.8,2185,englisch,1,62,1.0,336200000000.0,gross,15132,
549300NYKK9MWM7GGW15,ING Groep N.V.,NL,CON,2025-12-31,P3NONREMDISDOCS,20260420160346269,true,4.086,1,182,483388,2656.0,ja,en,199.93,2691,englisch,88,26,0.0,340700000000.0,gross,5493,
549300NYKK9MWM7GGW15,ING Groep N.V.,NL,CON,2025-12-31,P3REMDISDOCS,20260420160346269,true,0.194,1,8,26518,3314.8,ja,en,240.99,2859,englisch,88,26,0.0,340700000000.0,gross,301,
549300NYKK9MWM7GGW15,ING Groep N.V.,NL,CON,2026-03-31,P3NONREMDISDOCS,20260528121335100,true,6.262,1,16,33406,2087.9,ja,en,144.31,2065,englisch,9,53,0.0,344300000000.0,gross,3712,
549300O2UN9JLME31F08,UniCredit Banka Slovenija d.d.,SI,IND,2025-12-31,P3NONREMDISDOCS,20260602155600000,true,0.659,2,20,64082,3204.1,ja,en,231.18,2816,englisch,32,44,0.0,,unbekannt,2003,
549300O2UN9JLME31F08,UniCredit Banka Slovenija d.d.,SI,IND,2025-12-31,P3REMDISDOCS,20260602155600000,true,0.636,1,13,38499,2961.5,ja,en,260.85,2879,englisch,32,44,0.0,,unbekannt,1203,
549300O3HXYXXUHR0897,Klarna - Grupp,SE,CON,2025-06-30,P3NONREMDISDOCS,20260205133225300,true,0.063,1,3,5904,1968.0,ja,en,109.62,520,englisch,1,54,0.0,6814000000.0,mittel,5904,
549300O3HXYXXUHR0897,Klarna - Grupp,SE,CON,2025-12-31,P3NONREMDISDOCS,20260317104357300,true,1.242,1,70,212843,3040.6,ja,en,239.72,2165,englisch,42,36,0.0,8562000000.0,mittel,5068,
549300O3HXYXXUHR0897,Klarna - Grupp,SE,CON,2025-12-31,P3REMDISDOCS,20260317104345300,true,0.123,1,9,16961,1884.6,ja,en,210.88,1636,englisch,42,36,0.0,8562000000.0,mittel,404,
549300OL514RA0SXJJ44,Clearstream Banking S.A.,LU,IND,2025-12-31,P3NONREMDISDOCS,20260520075206453,true,5.168,1,163,387383,2376.6,ja,en,93.95,628,englisch,37,36,0.1053,3134000000.0,klein,10470,
549300OLBL49CW8CT155,"Ibercaja Banco, S.A.",ES,CON,2025-06-30,P3NONREMDISDOCS,20260211152806172,true,1.532,1,48,142066,2959.7,ja,es,219.99,2991,landessprache,35,59,0.0,18550000000.0,mittel,4059,
549300OLBL49CW8CT155,"Ibercaja Banco, S.A.",ES,CON,2025-12-31,P3NONREMDISDOCS,20260415152411276,true,4.443,1,288,821461,2852.3,ja,es,147.1,2325,landessprache,55,44,0.0682,18880000000.0,mittel,14936,
549300OLBL49CW8CT155,"Ibercaja Banco, S.A.",ES,CON,2025-12-31,P3REMDISDOCS,20260415152409276,true,0.635,1,21,56855,2707.4,ja,es,209.37,2947,landessprache,55,44,0.0682,18880000000.0,mittel,1034,
549300OMTXWX1144LP69,"Akciju sabiedrība ""Reģionālā investīciju banka""",LV,IND,2025-12-31,P3NONREMDISDOCS,20260330174911000,true,0.39,1,37,94333,2549.5,ja,en,225.85,2453,englisch,16,60,0.0,229500000.0,klein,5896,
549300OMTXWX1144LP69,"Akciju sabiedrība ""Reģionālā investīciju banka""",LV,IND,2025-12-31,P3NONREMDISDOCS,20260331122911000,true,0.336,1,29,76810,2648.6,ja,en,228.28,2475,englisch,16,60,0.0,229500000.0,klein,4801,
549300OMTXWX1144LP69,"Akciju sabiedrība ""Reģionālā investīciju banka""",LV,IND,2025-12-31,P3NONREMDISDOCS,20260410174911000,true,0.39,1,37,94333,2549.5,ja,en,225.85,2453,englisch,16,60,0.0,229500000.0,klein,5896,
549300OMTXWX1144LP69,"Akciju sabiedrība ""Reģionālā investīciju banka""",LV,IND,2025-12-31,P3REMDISDOCS,20260331121111000,true,0.142,1,10,17780,1778.0,ja,en,264.75,2440,englisch,16,60,0.0,229500000.0,klein,1111,
549300PZMFIQR79Q0T97,Íslandsbanki hf.,IS,CON,2025-12-31,P3NONREMDISDOCS,20260220094235112,true,5.469,1,121,296491,2450.3,ja,en,205.37,2683,landessprache,52,47,0.0455,7019000000.0,mittel,5702,
549300PZMFIQR79Q0T97,Íslandsbanki hf.,IS,CON,2026-03-31,P3NONREMDISDOCS,20260507105728660,true,2.262,1,9,15943,1771.4,ja,en,170.42,1819,landessprache,4,58,0.0,7304000000.0,mittel,3986,
549300Q3OIWRHQUQM052,SpareBank 1 Sør-Norge,NO,CON,2025-12-31,P3NONREMDISDOCS,20250327152029257,true,1.964,1,66,176454,2673.5,ja,en,234.88,2810,englisch,57,42,0.0909,19190000000.0,mittel,3096,
549300RFKNCOX56F8591,RAIFFEISEN BANK S.A.,RO,CON,2025-06-30,P3NONREMDISDOCS,20260629123832000,true,0.307,1,61,125514,2057.6,ja,en,248.1,2769,englisch,40,54,0.1,6692000.0,klein,3138,
549300RFKNCOX56F8591,RAIFFEISEN BANK S.A.,RO,CON,2025-12-31,P3NONREMDISDOCS,20260611123832000,true,0.551,1,118,317486,2690.6,ja,en,267.63,2780,englisch,57,42,0.0417,7014000.0,klein,5570,
549300RG3H390KEL8896,Banca Transilvania,RO,CON,2025-06-30,P3NONREMDISDOCS,20251027113824000,true,1.368,1,87,326942,3758.0,ja,en,148.45,2324,englisch,72,22,0.0,18460000000.0,mittel,4541,
549300RG3H390KEL8896,Banca Transilvania,RO,CON,2025-09-30,P3NONREMDISDOCS,20260213112739000,true,0.29,1,14,37465,2676.1,ja,en,210.78,1836,englisch,4,51,0.0,18830000000.0,mittel,9366,
549300RG3H390KEL8896,Banca Transilvania,RO,CON,2025-12-31,P3NONREMDISDOCS,20260630092624000,true,2.158,1,154,519873,3375.8,ja,en,280.0,2475,englisch,54,45,0.1364,19430000000.0,mittel,9627,
549300RG3H390KEL8896,Banca Transilvania,RO,CON,2025-12-31,P3REMDISDOCS,20260630092717000,true,0.364,1,15,35322,2354.8,ja,en,303.29,2519,englisch,54,45,0.1364,19430000000.0,mittel,654,
549300RMML7KXP6M1Y98,BANCO BAI EUROPA S.A.,PT,IND,2025-12-31,P3NONREMDISDOCS,20251210141632007,true,0.805,1,59,162015,2746.0,ja,pt,159.51,2376,landessprache,15,69,0.1,523700000.0,klein,10801,
549300S2T3FWVVXWJI89,"Slovenská sporiteľňa, a.s.",SK,CON,2025-06-30,P3NONREMDISDOCS,20260327133433405,true,1.783,2,46,131272,2853.7,ja,sk,23.62,2032,landessprache,28,51,0.0,11000000.0,klein,4688,
549300S2T3FWVVXWJI89,"Slovenská sporiteľňa, a.s.",SK,CON,2025-06-30,P3NONREMDISDOCS,20260327222412282,true,2.094,2,46,130460,2836.1,ja,sk,23.54,2039,landessprache,28,51,0.0,11000000.0,klein,4659,
549300S2T3FWVVXWJI89,"Slovenská sporiteľňa, a.s.",SK,CON,2025-06-30,P3NONREMDISDOCS,20260330100848526,true,2.094,2,46,130460,2836.1,ja,sk,23.54,2039,landessprache,28,51,0.0,11000000.0,klein,4659,
549300S2T3FWVVXWJI89,"Slovenská sporiteľňa, a.s.",SK,CON,2025-09-30,P3NONREMDISDOCS,20260330101319995,true,0.986,2,24,58488,2437.0,ja,sk,46.05,2280,landessprache,7,48,0.0,10510000.0,klein,8355,
549300S2T3FWVVXWJI89,"Slovenská sporiteľňa, a.s.",SK,CON,2025-12-31,P3NONREMDISDOCS,20260330170819995,true,1.853,1,62,186159,3002.6,ja,sk,22.12,1899,landessprache,30,49,0.0,10820000.0,klein,6205,
549300S2T3FWVVXWJI89,"Slovenská sporiteľňa, a.s.",SK,CON,2026-03-31,P3NONREMDISDOCS,20260430105715949,true,0.895,1,24,57167,2382.0,ja,sk,48.49,2289,landessprache,7,47,0.0,10810000.0,klein,8167,
549300SBPFE9JX7N8J82,AB SEB bankas,LT,IND,2025-06-30,P3NONREMDISDOCS,20260205104955299,true,0.334,2,8,18027,2253.4,ja,en,70.48,1802,englisch,2,53,0.0,5554000000.0,mittel,9014,
549300SBPFE9JX7N8J82,AB SEB bankas,LT,IND,2025-12-31,P3NONREMDISDOCS,20260330104955299,true,1.654,2,146,446558,3058.6,ja,en,190.67,1972,englisch,31,45,0.0,5071000000.0,mittel,14405,
549300SBPFE9JX7N8J82,AB SEB bankas,LT,IND,2025-12-31,P3REMDISDOCS,20260330104955299,true,0.223,2,16,45692,2855.8,ja,lt,44.44,2363,landessprache,31,45,0.0,5071000000.0,mittel,1474,
549300SGF4BS54YG8M65,Citco Bank Nederland N.V.,NL,CON,2025-12-31,P3NONREMDISDOCS,20260518085401003,true,3.239,9,9,34681,3853.4,ja,en,249.83,3002,englisch,19,95,0.3636,1389000000.0,klein,1825,
549300SGF4BS54YG8M65,Citco Bank Nederland N.V.,NL,CON,2025-12-31,P3NONREMDISDOCS,20260518155301003,true,8.787,24,43,118083,2746.1,ja,en,193.97,2954,englisch,19,95,0.3636,1389000000.0,klein,6215,
549300SGF4BS54YG8M65,Citco Bank Nederland N.V.,NL,CON,2025-12-31,P3REMDISDOCS,20260518155201003,true,2.316,6,7,26878,3839.7,ja,en,241.63,2806,englisch,19,95,0.3636,1389000000.0,klein,1415,
549300TDPXT0OW2AY198,FinAx,BE,CON,2025-12-31,P3NONREMDISDOCS,20260604111814000,true,1.021,1,40,109535,2738.4,ja,nl,161.75,2306,landessprache,7,64,0.0,6231000000.0,mittel,15648,
549300TEJKOLFN65KR76,BNF Bank plc,MT,IND,2025-12-31,P3NONREMDISDOCS,20260429151824823,true,1.631,1,81,206348,2547.5,ja,en,223.75,2467,landessprache,34,44,0.0,646600000.0,klein,6069,
549300TEJKOLFN65KR76,BNF Bank plc,MT,IND,2025-12-31,P3REMDISDOCS,20260429151824823,true,0.469,1,10,12708,1270.8,ja,en,273.65,1765,landessprache,34,44,0.0,646600000.0,klein,374,
549300TJREQ7GHIXWR36,Swedbank Hypotek AB,SE,IND,2025-06-30,P3NONREMDISDOCS,20260306111401013,true,1.151,1,25,63448,2537.9,ja,en,130.4,2247,englisch,33,46,0.0,26120000000.0,mittel,1923,
549300TJREQ7GHIXWR36,Swedbank Hypotek AB,SE,IND,2025-09-30,P3NONREMDISDOCS,20260119105025621,true,1.035,1,8,17313,2164.1,ja,en,141.72,2138,englisch,12,51,0.0,26330000000.0,mittel,1443,
549300TJREQ7GHIXWR36,Swedbank Hypotek AB,SE,IND,2025-12-31,P3NONREMDISDOCS,20260309103510678,true,1.211,1,36,99236,2756.6,ja,en,112.76,1960,englisch,46,38,0.0,26590000000.0,mittel,2157,
549300TJREQ7GHIXWR36,Swedbank Hypotek AB,SE,IND,2025-12-31,P3REMDISDOCS,20260310090101678,true,1.042,1,8,16733,2091.6,ja,en,217.07,2308,englisch,46,38,0.0,26590000000.0,mittel,364,
549300TJREQ7GHIXWR36,Swedbank Hypotek AB,SE,IND,2026-03-31,P3NONREMDISDOCS,20260521111402566,true,1.024,1,8,15462,1932.8,ja,en,147.18,1882,englisch,10,44,0.0,26470000000.0,mittel,1546,
549300TL5406IC1XKD09,Saxo Bank A/S,DK,CON,2025-12-31,P3NONREMDISDOCS,20260504093815001,true,28.998,1,38,0,0.0,nein,,,0,unsicher,55,31,0.025,19070.0,klein,,
549300TL5406IC1XKD09,Saxo Bank A/S,DK,CON,2025-12-31,P3REMDISDOCS,20260504093815000,true,1.74,1,2,0,0.0,nein,,,0,unsicher,55,31,0.025,19070.0,klein,,
549300TLZPT6JELDWM92,Landsbankinn hf.,IS,CON,2025-12-31,P3NONREMDISDOCS,20260218014859681,true,2.137,1,97,206952,2133.5,ja,en,215.15,2798,landessprache,28,27,0.0435,10000.0,klein,7391,
549300TRUWO2CD2G5692,"UNICREDIT, SOCIETA' PER AZIONI",IT,CON,2025-06-30,P3NONREMDISDOCS,20260320122512347,true,7.399,2,338,1032303,3054.2,ja,it,137.68,2789,landessprache,50,36,0.0,287700000000.0,gross,20646,
549300TRUWO2CD2G5692,"UNICREDIT, SOCIETA' PER AZIONI",IT,CON,2025-09-30,P3NONREMDISDOCS,20260320122512346,true,2.997,2,84,166823,1986.0,ja,it,141.09,2750,landessprache,10,45,0.0,291500000000.0,gross,16682,
549300TRUWO2CD2G5692,"UNICREDIT, SOCIETA' PER AZIONI",IT,CON,2025-12-31,P3NONREMDISDOCS,20260320122512345,true,5.149,1,304,1061377,3491.4,ja,en,233.2,2813,englisch,71,20,0.0,296300000000.0,gross,14949,
549300TRUWO2CD2G5692,"UNICREDIT, SOCIETA' PER AZIONI",IT,CON,2025-12-31,P3REMDISDOCS,20260320122512345,true,0.992,1,14,68447,4889.1,ja,en,250.62,2829,englisch,71,20,0.0,296300000000.0,gross,964,
549300TRUWO2CD2G5692,"UNICREDIT, SOCIETA' PER AZIONI",IT,CON,2026-03-31,P3NONREMDISDOCS,20260520122512347,true,1.224,1,41,81702,1992.7,ja,en,209.54,2830,englisch,10,44,0.0,298900000000.0,gross,8170,
549300TTZTKBUFKWH890,The Cyprus Development Bank Public Company Ltd,CY,CON,2025-12-31,P3NONREMDISDOCS,20260623115400000,true,1.719,1,76,218028,2868.8,ja,en,216.05,1583,englisch,31,83,0.1818,207900.0,klein,7033,
549300U4LIZV0REEQQ46,"Kutxabank, S.A.",ES,CON,2025-06-30,P3NONREMDISDOCS,20251202132300000,true,2.126,1,135,386680,2864.3,ja,es,192.15,2368,landessprache,37,57,0.0,30250000000.0,gross,10451,
549300U4LIZV0REEQQ46,"Kutxabank, S.A.",ES,CON,2025-12-31,P3NONREMDISDOCS,20260528105400000,true,3.029,1,369,1091220,2957.2,ja,es,158.39,966,landessprache,61,38,0.0227,29190000000.0,gross,17889,
549300U4LIZV0REEQQ46,"Kutxabank, S.A.",ES,CON,2025-12-31,P3REMDISDOCS,20260528105400000,true,0.395,1,32,91913,2872.3,ja,es,193.48,2729,landessprache,61,38,0.0227,29190000000.0,gross,1507,
549300UOX05QGUJJ5707,Stadshypotek AB,SE,IND,2025-06-30,P3NONREMDISDOCS,20260604094043173,true,0.417,1,4,3968,992.0,ja,en,71.87,487,englisch,1,54,0.0,31530000000.0,gross,3968,
549300UOX05QGUJJ5707,Stadshypotek AB,SE,IND,2025-12-31,P3NONREMDISDOCS,20260604094043173,true,3.731,1,35,107634,3075.3,ja,en,160.28,2533,englisch,25,59,0.0952,32500000000.0,gross,4305,
549300UOX05QGUJJ5707,Stadshypotek AB,SE,IND,2025-12-31,P3REMDISDOCS,20260604094043173,true,1.374,1,10,24216,2421.6,ja,en,251.93,2723,englisch,25,59,0.0952,32500000000.0,gross,969,
549300URJH9VSI58CS32,"Banco Santander Totta, SA",PT,CON,2025-06-30,P3NONREMDISDOCS,20250401102129257,true,3.476,1,214,335188,1566.3,ja,pt,153.49,2150,landessprache,26,18,0.1111,,unbekannt,12892,
549300URJH9VSI58CS32,"Banco Santander Totta, SA",PT,CON,2025-12-31,P3NONREMDISDOCS,20260601140829257,true,2.399,1,195,400087,2051.7,ja,pt,122.63,1900,landessprache,62,37,0.0417,15070000000.0,mittel,6453,
549300V1VN70Q7PQ7234,CRÉDIT AGRICOLE AUTO BANK S.P.A.,IT,CON,2025-06-30,P3NONREMDISDOCS,20260521151529000,true,2.485,2,133,274927,2067.1,ja,en,246.1,2824,englisch,21,58,0.0,24090000000.0,mittel,13092,
549300V1VN70Q7PQ7234,CRÉDIT AGRICOLE AUTO BANK S.P.A.,IT,CON,2025-09-30,P3NONREMDISDOCS,20260521161529000,true,1.085,2,30,58616,1953.9,ja,en,202.77,2308,englisch,3,52,0.0,24370000000.0,mittel,19539,
549300V1VN70Q7PQ7234,CRÉDIT AGRICOLE AUTO BANK S.P.A.,IT,CON,2025-12-31,P3NONREMDISDOCS,20260630153849573,true,1.158,1,84,166430,1981.3,ja,it,144.86,2706,landessprache,28,56,0.0,23980000000.0,mittel,5944,
549300V1VN70Q7PQ7234,CRÉDIT AGRICOLE AUTO BANK S.P.A.,IT,CON,2025-12-31,P3REMDISDOCS,20260630153849573,true,0.294,1,17,30369,1786.4,ja,it,154.96,2762,landessprache,28,56,0.0,23980000000.0,mittel,1085,
549300V4H4USWZUCE073,"BISON BANK, SA",PT,IND,2025-12-31,P3NONREMDISDOCS,20260624153333614,true,1.06,1,73,191221,2619.5,ja,pt,130.67,1676,landessprache,15,61,0.0,129400.0,klein,12748,
549300V4H4USWZUCE073,"BISON BANK, SA",PT,IND,2025-12-31,P3REMDISDOCS,20260624153333614,true,0.29,1,16,39305,2456.6,ja,pt,173.58,2604,landessprache,15,61,0.0,129400.0,klein,2620,
549300VRM6G42M8OWN49,Sparebank 1 Østlandet,NO,CON,2025-06-30,P3NONREMDISDOCS,20260130110601003,true,0.303,1,7,23864,3409.1,ja,en,146.94,2661,englisch,2,61,0.0,9511000000.0,mittel,11932,
549300VRM6G42M8OWN49,Sparebank 1 Østlandet,NO,CON,2025-12-31,P3NONREMDISDOCS,20260414110901003,true,3.215,1,42,153067,3644.5,ja,no,26.04,2304,landessprache,99,0,0.0,,unbekannt,1546,
549300X34UUBDEUL1Z91,HSBC Bank Malta p.l.c.,MT,CON,2025-06-30,P3NONREMDISDOCS,20260627212415892,true,1.08,1,89,352435,3959.9,ja,en,182.35,2561,landessprache,37,49,0.0,2212000000.0,klein,9525,
549300X34UUBDEUL1Z91,HSBC Bank Malta p.l.c.,MT,CON,2025-12-31,P3NONREMDISDOCS,20260627213424899,true,1.04,1,80,354916,4436.4,ja,en,183.34,2629,landessprache,40,51,0.0,2174000000.0,klein,8873,
549300XGJX6FOWLOI640,FIDEURAM - INTESA SANPAOLO PRIVATE BANKING S.P.A.,IT,IND,2025-12-31,P3NONREMDISDOCS,20260521120512312,true,1.184,1,100,349493,3494.9,ja,it,139.94,2594,landessprache,25,64,0.1304,,unbekannt,13980,
549300XWJHRKLHU2PS28,ERSTE csoport,HU,CON,2025-12-31,P3NONREMDISDOCS,20260630145127581,true,1.897,2,245,717053,2926.7,ja,en,225.44,1415,englisch,71,43,0.0,6356000000.0,mittel,10099,
549300XWJHRKLHU2PS28,ERSTE csoport,HU,CON,2025-12-31,P3REMDISDOCS,20260630160412976,true,0.443,1,24,88450,3685.4,ja,hu,100.94,2229,landessprache,71,43,0.0,6356000000.0,mittel,1246,
549300YV6LXRPJO3U576,Merkur Andelskasse,DK,IND,2025-12-31,P3NONREMDISDOCS,20260225120116000,true,1.186,1,30,58918,1963.9,ja,da,35.53,2477,landessprache,17,51,0.0,338500000.0,klein,3466,
549300YW95G1VBBGGV07,"AS ""SEB banka""",LV,CON,2025-06-30,P3NONREMDISDOCS,20260206091234106,true,0.119,2,8,13386,1673.2,ja,en,71.2,1573,englisch,1,54,0.0,2522000000.0,klein,13386,
549300YW95G1VBBGGV07,"AS ""SEB banka""",LV,CON,2025-12-31,P3NONREMDISDOCS,20260330091234105,true,1.453,2,131,432103,3298.5,ja,en,184.18,2465,englisch,29,47,0.0,2612000000.0,klein,14900,
549300YW95G1VBBGGV07,"AS ""SEB banka""",LV,CON,2025-12-31,P3REMDISDOCS,20260330091254105,true,0.212,2,16,44911,2806.9,ja,lv,68.7,2329,landessprache,29,47,0.0,2612000000.0,klein,1549,
549300Z7V2WOFIMUEK50,UniCredit Bulbank AD,BG,CON,2025-12-31,P3NONREMDISDOCS,20260625143717123,true,2.528,1,139,320894,2308.6,ja,en,170.82,2166,englisch,57,21,0.0,9049000000.0,mittel,5630,
549300ZBZQ6M21ZGGY79,China Merchants Bank (Europe) S.A,CO,IND,2025-06-30,P3NONREMDISDOCS,20251021141632000,true,0.972,1,68,146971,2161.3,ja,en,177.47,1172,englisch,,,,,unbekannt,,
549300ZBZQ6M21ZGGY79,China Merchants Bank (Europe) S.A,LU,IND,2025-12-31,P3REMDISDOCS,20260629170756000,true,1.134,1,76,169730,2233.3,ja,en,175.49,1020,englisch,9,67,0.125,,unbekannt,18859,
549300ZEF3QWM810M319,Ziklo Bank AB,SE,IND,2025-12-31,P3NONREMDISDOCS,20260319130611623,true,0.652,1,13,66146,5088.2,ja,sv,84.44,2700,landessprache,37,41,0.1111,2654000000.0,klein,1788,
549300ZEF3QWM810M319,Ziklo Bank AB,SE,IND,2025-12-31,P3NONREMDISDOCS,20260320100611623,true,0.652,1,13,66146,5088.2,ja,sv,84.44,2700,landessprache,37,41,0.1111,2654000000.0,klein,1788,
549300ZHFZ4CSK7VS460,Privredna Banka Zagreb d.d.,CO,CON,2025-06-30,P3NONREMDISDOCS,20250616095724000,true,0.311,1,8,11334,1416.8,ja,hr,52.46,1201,land unbekannt,3,60,0.0,12080000000.0,mittel,3778,
549300ZHFZ4CSK7VS460,Privredna Banka Zagreb d.d.,CO,CON,2025-12-31,P3NONREMDISDOCS,20250521120323000,true,2.029,1,133,364967,2744.1,ja,hr,67.27,2200,land unbekannt,70,16,0.0,12040000000.0,mittel,5214,
549300ZHFZ4CSK7VS460,Privredna Banka Zagreb d.d.,CO,CON,2025-12-31,P3NONREMDISDOCS,20250615100823000,true,1.353,1,27,69976,2591.7,ja,hr,98.78,2632,land unbekannt,70,16,0.0,12040000000.0,mittel,1000,
549300ZHFZ4CSK7VS460,Privredna Banka Zagreb d.d.,CO,CON,2025-12-31,P3NONREMDISDOCS,20250616094723000,true,2.029,1,133,364967,2744.1,ja,hr,67.27,2200,land unbekannt,70,16,0.0,12040000000.0,mittel,5214,
549300ZHFZ4CSK7VS460,Privredna Banka Zagreb d.d.,CO,CON,2025-12-31,P3REMDISDOCS,20250521133736001,true,1.351,1,27,69832,2586.4,ja,hr,97.57,2634,land unbekannt,70,16,0.0,12040000000.0,mittel,998,
549300ZHFZ4CSK7VS460,Privredna Banka Zagreb d.d.,CO,CON,2025-12-31,P3REMDISDOCS,20250615100823000,true,1.353,1,27,69976,2591.7,ja,hr,98.78,2632,land unbekannt,70,16,0.0,12040000000.0,mittel,1000,
549300ZK53CNGEEI6A29,J.P. Morgan SE,DE,IND,2025-06-30,P3NONREMDISDOCS,20260129135030000,true,0.28,1,14,24825,1773.2,ja,en,196.73,2755,englisch,3,60,0.9167,137700000000.0,gross,8275,
549300ZK53CNGEEI6A29,J.P. Morgan SE,DE,IND,2025-09-30,P3NONREMDISDOCS,20260126173230000,true,0.229,1,11,19270,1751.8,ja,en,204.67,2658,englisch,1,7,,,unbekannt,19270,
549300ZK53CNGEEI6A29,J.P. Morgan SE,DE,IND,2025-12-31,P3NONREMDISDOCS,20260616141930000,true,2.578,1,165,452704,2743.7,ja,en,159.51,1467,englisch,50,36,0.05,125200000000.0,gross,9054,
549300ZOE0EU2VKF6M35,Lombard Odier (Europe) S.A.,LU,IND,2025-12-31,P3NONREMDISDOCS,20260603091632000,true,0.269,1,34,93381,2746.5,ja,en,184.19,2644,englisch,9,51,0.0,801700000.0,klein,10376,
5967007LIEEXZX51WW28,SPAREBANKEN ØST,NO,CON,2025-12-31,P3NONREMDISDOCS,20260324093900000,true,3.037,1,81,167436,2067.1,ja,no,21.76,1930,landessprache,44,42,0.0909,1415000000.0,klein,3805,
5967007LIEEXZX51WW28,SPAREBANKEN ØST,NO,CON,2025-12-31,P3REMDISDOCS,20260326122100000,true,0.505,1,8,18831,2353.9,ja,no,33.8,2337,landessprache,44,42,0.0909,1415000000.0,klein,428,
5967007LIEEXZX5PU005,Sparebanken Møre SPA,NO,CON,2025-12-31,P3NONREMDISDOCS,20260409094650270,true,0.903,1,32,60260,1883.1,ja,no,27.71,2490,landessprache,20,59,0.5556,3509000000.0,klein,3013,
5967007LIEEXZX76AW36,OBOS-BANKEN AS,NO,CON,2025-12-31,P3NONREMDISDOCS,20260618100532789,true,0.753,2,33,93191,2824.0,ja,no,30.39,2007,landessprache,15,69,0.1,1544000000.0,klein,6213,
5967007LIEEXZX76AW36,OBOS-BANKEN AS,NO,CON,2025-12-31,P3REMDISDOCS,20260618101700000,true,0.042,1,1,3105,3105.0,ja,en,231.28,454,englisch,15,69,0.1,1544000000.0,klein,207,
5UMCZOEYKCVFAW8ZLO05,"National Bank of Greece, S.A.",GR,CON,2025-06-30,P3NONREMDISDOCS,20251121143213993,true,4.796,1,125,529599,4236.8,ja,en,169.87,989,englisch,52,42,0.0,38070000000.0,gross,10185,
5UMCZOEYKCVFAW8ZLO05,"National Bank of Greece, S.A.",GR,CON,2025-12-31,P3NONREMDISDOCS,20260429143213993,true,5.43,1,168,722266,4299.2,ja,en,177.35,733,englisch,65,29,0.0,39760000000.0,gross,11112,
5UMCZOEYKCVFAW8ZLO05,"National Bank of Greece, S.A.",GR,CON,2026-03-31,P3NONREMDISDOCS,20260629161421196,true,1.183,1,27,85232,3156.7,ja,en,237.23,2310,englisch,9,53,0.0,41100000000.0,gross,9470,
635400AKJBGNS5WNQL34,AIB Group plc,IE,CON,2025-06-30,P3NONREMDISDOCS,20260130115910200,true,1.96,1,141,576668,4089.8,ja,en,197.88,2739,landessprache,45,49,0.0,55730000000.0,gross,12815,
635400AKJBGNS5WNQL34,AIB Group plc,IE,CON,2025-09-30,P3NONREMDISDOCS,20260130115110200,true,1.28,1,38,184478,4854.7,ja,en,195.21,2715,landessprache,6,49,0.0,54750000000.0,gross,30746,
635400AKJBGNS5WNQL34,AIB Group plc,IE,CON,2025-12-31,P3NONREMDISDOCS,20260410150410200,true,1.749,1,224,850500,3796.9,ja,en,189.41,2777,landessprache,67,32,0.0,54180000000.0,gross,12694,
635400AKJBGNS5WNQL34,AIB Group plc,IE,CON,2025-12-31,P3REMDISDOCS,20260410151210200,true,0.719,1,15,40534,2702.3,ja,en,254.38,2913,landessprache,67,32,0.0,54180000000.0,gross,605,
635400AKJBGNS5WNQL34,AIB Group plc,IE,CON,2026-03-31,P3NONREMDISDOCS,20260529150410200,true,1.274,1,38,183018,4816.3,ja,en,194.21,2693,landessprache,6,48,0.0,54360000000.0,gross,30503,
635400C8EK6DRI12LJ39,Bank of Ireland Group plc,IE,CON,2025-06-30,P3NONREMDISDOCS,20260311104552001,true,2.58,1,78,513781,6586.9,ja,en,177.56,2495,landessprache,50,44,0.0,52150000000.0,gross,10276,
635400C8EK6DRI12LJ39,Bank of Ireland Group plc,IE,CON,2025-09-30,P3NONREMDISDOCS,20260304104552102,true,0.468,1,13,37660,2896.9,ja,en,173.55,2057,landessprache,7,48,0.0,52950000000.0,gross,5380,
635400C8EK6DRI12LJ39,Bank of Ireland Group plc,IE,CON,2025-12-31,P3NONREMDISDOCS,20260529104552149,true,3.835,1,127,907801,7148.0,ja,en,179.65,2644,landessprache,72,27,0.0,55820000000.0,gross,12608,
635400C8EK6DRI12LJ39,Bank of Ireland Group plc,IE,CON,2025-12-31,P3REMDISDOCS,20260529104552123,true,0.433,1,14,46344,3310.3,ja,en,241.28,2868,landessprache,72,27,0.0,55820000000.0,gross,644,
635400C8EK6DRI12LJ39,Bank of Ireland Group plc,IE,CON,2026-03-31,P3NONREMDISDOCS,20260623104552107,true,0.499,1,12,34581,2881.8,ja,en,177.12,1897,landessprache,6,48,0.0,56450000000.0,gross,5764,
635400DTNHVYGZODKQ93,Permanent TSB Group Holdings Plc,IE,CON,2025-09-30,P3NONREMDISDOCS,20260513162836347,true,0.39,1,12,25052,2087.7,ja,en,183.81,2508,landessprache,6,49,0.0,10740000000.0,mittel,4175,
635400DTNHVYGZODKQ93,Permanent TSB Group Holdings Plc,IE,CON,2026-03-31,P3NONREMDISDOCS,20260514091735112,true,0.353,1,12,23386,1948.8,ja,en,182.86,2439,landessprache,6,48,0.0,10060000000.0,mittel,3898,
635400F6HLXKXNJJX605,EXIM BANCA ROMANEASCA S.A.,RO,IND,2025-06-30,P3NONREMDISDOCS,20260602183833032,true,0.661,1,20,53934,2696.7,ja,ro,73.9,2341,landessprache,9,54,0.3333,1952000000.0,klein,5993,
635400F6HLXKXNJJX605,EXIM BANCA ROMANEASCA S.A.,RO,IND,2025-12-31,P3NONREMDISDOCS,20260624140951074,true,2.62,1,111,366441,3301.3,ja,ro,21.55,2181,landessprache,58,41,0.0682,2238000.0,klein,6318,
635400JLGKETPVVGPW53,De Lage Landen International B.V.,NL,CON,2025-12-31,P3NONREMDISDOCS,20260528142547952,true,7.205,1,43,75954,1766.4,ja,en,153.13,2377,englisch,24,52,0.1905,32010000000.0,gross,3165,
635400L14KNHZXPUZM19,Bank of Cyprus Holdings Public Limited Company,CY,CON,2025-06-30,P3NONREMDISDOCS,20260211122201025,true,2.895,2,158,679963,4303.6,ja,en,221.77,2674,englisch,36,58,0.0,10300000000.0,mittel,18888,
635400L14KNHZXPUZM19,Bank of Cyprus Holdings Public Limited Company,CY,CON,2025-09-30,P3NONREMDISDOCS,20260420134117719,true,0.327,1,13,52857,4065.9,ja,en,233.61,2624,englisch,3,52,0.0,10440000000.0,mittel,17619,
635400L14KNHZXPUZM19,Bank of Cyprus Holdings Public Limited Company,CY,CON,2025-12-31,P3NONREMDISDOCS,20260427093339771,true,4.028,1,341,1092167,3202.8,ja,en,226.98,1097,englisch,59,40,0.0227,10420000000.0,mittel,18511,
635400L14KNHZXPUZM19,Bank of Cyprus Holdings Public Limited Company,CY,CON,2025-12-31,P3REMDISDOCS,20260427093339771,true,0.487,1,20,64601,3230.1,ja,en,288.49,2929,englisch,59,40,0.0227,10420000000.0,mittel,1095,
635400L14KNHZXPUZM19,Bank of Cyprus Holdings Public Limited Company,CY,CON,2026-03-31,P3NONREMDISDOCS,20260508145716495,true,0.338,1,12,52310,4359.2,ja,en,238.42,2613,englisch,3,51,0.0,10560000000.0,mittel,17437,
635400LCCIYHUL6ELA34,USB European (Holdings) Limited,IE,CON,2025-12-31,P3NONREMDISDOCS,20260629055238001,true,0.847,1,38,92259,2427.9,ja,en,192.2,2513,landessprache,10,66,0.125,1564000000.0,klein,9226,
635400LCCIYHUL6ELA34,USB European (Holdings) Limited,IE,CON,2025-12-31,P3REMDISDOCS,20260629055238002,true,0.636,1,11,32084,2916.7,ja,en,241.24,2939,landessprache,10,66,0.125,1564000000.0,klein,3208,
6TJCK1B7E7UTXP528Y04,Citigroup Global Markets Europe AG,DE,IND,2025-06-30,P3NONREMDISDOCS,20260402061720000,true,0.002,0,0,0,,,,,0,unsicher,3,60,0.9167,19210000000.0,mittel,,
6TJCK1B7E7UTXP528Y04,Citigroup Global Markets Europe AG,DE,IND,2025-06-30,P3NONREMDISDOCS,20260402061720001,true,0.105,1,9,19070,2118.9,ja,de,71.02,1746,landessprache,3,60,0.9167,19210000000.0,mittel,6357,
6TJCK1B7E7UTXP528Y04,Citigroup Global Markets Europe AG,DE,IND,2025-06-30,P3NONREMDISDOCS,20260625154820000,true,0.002,0,0,0,,,,,0,unsicher,3,60,0.9167,19210000000.0,mittel,,
6TJCK1B7E7UTXP528Y04,Citigroup Global Markets Europe AG,DE,IND,2025-06-30,P3NONREMDISDOCS,20260629162520000,true,0.105,1,9,19070,2118.9,ja,de,71.02,1746,landessprache,3,60,0.9167,19210000000.0,mittel,6357,
6TJCK1B7E7UTXP528Y04,Citigroup Global Markets Europe AG,DE,IND,2025-09-30,P3NONREMDISDOCS,20260402061720001,true,0.085,1,7,11948,1706.9,ja,de,105.17,1141,landessprache,1,7,,,unbekannt,11948,
6TJCK1B7E7UTXP528Y04,Citigroup Global Markets Europe AG,DE,IND,2025-09-30,P3NONREMDISDOCS,20260625161020000,true,0.002,0,0,0,,,,,0,unsicher,1,7,,,unbekannt,,
6TJCK1B7E7UTXP528Y04,Citigroup Global Markets Europe AG,DE,IND,2025-12-31,P3NONREMDISDOCS,20260402061720000,true,0.002,0,0,0,,,,,0,unsicher,48,38,0.1,14850000000.0,mittel,,
6TJCK1B7E7UTXP528Y04,Citigroup Global Markets Europe AG,DE,IND,2025-12-31,P3NONREMDISDOCS,20260629162320000,true,3.911,1,67,247567,3695.0,ja,de,59.13,1167,landessprache,48,38,0.1,14850000000.0,mittel,5158,
6TJCK1B7E7UTXP528Y04,Citigroup Global Markets Europe AG,DE,IND,2025-12-31,P3REMDISDOCS,20260630130000000,true,3.452,1,15,62674,4178.3,ja,de,202.41,1991,landessprache,48,38,0.1,14850000000.0,mittel,1306,
724500973ODKK3IFQ447,Adyen N.V.,NL,CON,2025-12-31,P3NONREMDISDOCS,20260226132014508,true,0.42,1,92,180041,1957.0,ja,en,172.29,2844,englisch,39,39,0.1111,7032000000.0,mittel,4616,
724500973ODKK3IFQ447,Adyen N.V.,NL,CON,2025-12-31,P3REMDISDOCS,20260226172012017,true,0.031,2,6,9146,1524.3,ja,en,234.73,1244,englisch,39,39,0.1111,7032000000.0,mittel,235,
724500A1FNICHSDF2I11,ASN Bank N.V.,NL,CON,2025-06-30,P3NONREMDISDOCS,20251204101100000,true,2.451,1,58,188870,3256.4,ja,en,213.6,2720,englisch,39,55,0.0455,17930000000.0,mittel,4843,
724500A1FNICHSDF2I11,ASN Bank N.V.,NL,CON,2025-12-31,P3NONREMDISDOCS,20260319145000000,true,6.657,1,138,510058,3696.1,ja,en,209.92,3025,englisch,56,58,0.0455,18260000000.0,mittel,9108,
724500A1FNICHSDF2I11,ASN Bank N.V.,NL,CON,2025-12-31,P3REMDISDOCS,20260319155100000,true,0.125,1,3,11968,3989.3,ja,en,229.33,1657,englisch,56,58,0.0455,18260000000.0,mittel,214,
724500AG21Z9GIJE4735,WP XII Financial Holdings Coöperatief U.A.,ES,CON,2025-12-31,P3NONREMDISDOCS,20260624124530308,true,10.352,1,115,415815,3615.8,ja,es,151.84,1844,landessprache,12,59,0.0,323200000.0,klein,34651,
724500AH42V5X8BCPE49,Achmea Bank N.V.,NL,CON,2025-06-30,P3NONREMDISDOCS,20260602132510480,true,0.134,1,2,3191,1595.5,ja,en,90.03,311,englisch,1,87,0.0,4361000000.0,mittel,3191,
724500BICUQ0LF1AH770,Nationale-Nederlanden Bank N.V.,NL,CON,2025-12-31,P3NONREMDISDOCS,20260529111111111,true,0.863,1,29,60549,2087.9,ja,en,148.51,2626,englisch,14,70,0.0,5264000000.0,mittel,4325,
724500D8WOYCL1BUCB80,Van Lanschot Kempen N.V.,NL,CON,2025-12-31,P3NONREMDISDOCS,20260317134300000,true,1.395,19,72,111214,1544.6,ja,en,250.67,3004,englisch,53,38,0.0,4683000.0,klein,2098,
724500D8WOYCL1BUCB80,Van Lanschot Kempen N.V.,NL,CON,2025-12-31,P3REMDISDOCS,20260317140000000,true,0.196,2,9,48216,5357.3,ja,en,233.93,2458,englisch,53,38,0.0,4683000.0,klein,910,
724500JIWG886A9RRT57,RBS Holdings N.V.,NL,CON,2025-06-30,P3NONREMDISDOCS,20260317140045333,true,0.44,1,86,217224,2525.9,ja,en,149.35,2705,englisch,32,52,0.2,6714000000.0,mittel,6788,
724500JIWG886A9RRT57,RBS Holdings N.V.,NL,CON,2025-09-30,P3NONREMDISDOCS,20260903154345531,true,0.147,1,15,27180,1812.0,ja,en,145.22,2665,englisch,9,46,0.0,7015000000.0,mittel,3020,
724500JIWG886A9RRT57,RBS Holdings N.V.,NL,CON,2025-12-31,P3NONREMDISDOCS,20260903154345111,true,0.619,2,104,297402,2859.6,ja,en,156.24,2701,englisch,45,44,0.3659,7898000000.0,mittel,6609,
724500JIWG886A9RRT57,RBS Holdings N.V.,NL,CON,2025-12-31,P3REMDISDOCS,20260323104917535,true,0.146,1,5,23019,4603.8,ja,en,209.75,3056,englisch,45,44,0.3659,7898000000.0,mittel,512,
724500M4G9AVEMHMV291,bunq Holding B.V.,NL,CON,2025-12-31,P3NONREMDISDOCS,20260629225116521,true,1.939,1,38,101668,2675.5,ja,en,177.85,1968,englisch,12,64,0.0,1649000000.0,klein,8472,
724500PMK2A2M1SQQ228,Triodos Bank N.V.,NL,CON,2025-12-31,P3NONREMDISDOCS,20260312161441000,true,1.538,1,118,272705,2311.1,ja,en,159.01,2547,englisch,44,42,0.0,6600000000.0,mittel,6198,
724500ZNT2I60RYZQI38,Anadolubank Nederland N.V.,NL,IND,2025-12-31,P3NONREMDISDOCS,20260630083000002,true,0.821,1,40,89747,2243.7,ja,en,271.14,2696,englisch,33,66,0.4545,1025000000.0,klein,2720,
7437003B5WFBOIEFY714,OP Osuuskunta,FI,CON,2025-06-30,P3NONREMDISDOCS,20260113125632000,true,0.462,1,108,254735,2358.7,ja,en,159.0,2434,englisch,55,39,0.0,77300000000.0,gross,4632,
7437003B5WFBOIEFY714,OP Osuuskunta,FI,CON,2025-09-30,P3NONREMDISDOCS,20260113165721000,true,0.093,1,13,23855,1835.0,ja,en,155.55,2263,englisch,8,47,0.0,77820000000.0,gross,2982,
7437003B5WFBOIEFY714,OP Osuuskunta,FI,CON,2025-12-31,P3NONREMDISDOCS,20260424103732000,true,0.712,1,174,500428,2876.0,ja,en,151.72,2419,englisch,71,28,0.0455,78520000000.0,gross,7048,
7437003B5WFBOIEFY714,OP Osuuskunta,FI,CON,2025-12-31,P3REMDISDOCS,20260512110147024,true,0.712,1,174,500428,2876.0,ja,en,151.72,2419,englisch,71,28,0.0455,78520000000.0,gross,7048,
7437003B5WFBOIEFY714,OP Osuuskunta,FI,CON,2026-03-31,P3NONREMDISDOCS,20260513180032000,true,0.091,1,13,22633,1741.0,ja,en,167.03,2281,englisch,5,49,0.0,78350000000.0,gross,4527,
7437005892K69S3MW344,Säästöpankkiliitto osk,FI,CON,2025-06-30,P3NONREMDISDOCS,20260429104647095,true,0.682,1,10,13843,1384.3,ja,en,201.28,1873,englisch,4,59,0.0,5477000000.0,mittel,3461,
7437005892K69S3MW344,Säästöpankkiliitto osk,FI,CON,2025-12-31,P3NONREMDISDOCS,20260429104647095,true,1.734,1,71,186162,2622.0,ja,en,278.03,2604,englisch,43,38,0.0,5531000000.0,mittel,4329,
7437005892K69S3MW344,Säästöpankkiliitto osk,FI,CON,2025-12-31,P3REMDISDOCS,20260429104647095,true,0.669,1,12,15805,1317.1,ja,en,241.73,2176,englisch,43,38,0.0,5531000000.0,mittel,368,
743700FTBNXAUN57RH30,S-Pankki Oyj,FI,CON,2025-06-30,P3NONREMDISDOCS,20260602103312367,true,0.065,1,7,11014,1573.4,ja,en,202.0,1500,englisch,2,61,0.0,4037000000.0,klein,5507,
743700FTBNXAUN57RH30,S-Pankki Oyj,FI,CON,2025-12-31,P3NONREMDISDOCS,20260515102300000,true,1.47,1,118,298931,2533.3,ja,en,220.53,1968,englisch,45,41,0.0,4129000000.0,klein,6643,
743700FTBNXAUN57RH30,S-Pankki Oyj,FI,CON,2025-12-31,P3REMDISDOCS,20260515102300000,true,0.396,1,10,20363,2036.3,ja,fi,37.88,2033,landessprache,45,41,0.0,4129000000.0,klein,453,
743700GC62JLHFBUND16,Aktia Bank Abp,FI,CON,2025-12-31,P3NONREMDISDOCS,20260313142600000,true,4.292,3,172,435215,2530.3,ja,en,261.48,2941,englisch,55,31,0.0,3379000000.0,klein,7913,
743700GC62JLHFBUND16,Aktia Bank Abp,FI,CON,2025-12-31,P3REMDISDOCS,20260313144800000,true,0.193,1,12,34889,2907.4,ja,en,255.39,2549,englisch,55,31,0.0,3379000000.0,klein,634,
743700PW2HDTPU3YRJ31,POP Pankkikeskus osk,FI,CON,2025-12-31,P3NONREMDISDOCS,20260313144334491,true,0.657,1,69,177823,2577.1,ja,en,132.88,2664,englisch,46,40,0.0,2968000000.0,klein,3866,
743700PW2HDTPU3YRJ31,POP Pankkikeskus osk,FI,CON,2025-12-31,P3REMDISDOCS,20260313145056572,true,0.134,1,6,9112,1518.7,ja,en,264.64,1315,englisch,46,40,0.0,2968000000.0,klein,198,
747DLM6L5TO7LXZY5T60,Scotiabank (Ireland) Designated Activity Company,IE,IND,2025-10-31,P3NONREMDISDOCS,20260429063144500,true,2.156,1,107,430230,4020.8,ja,en,129.82,986,landessprache,46,32,,5324000000.0,mittel,9353,
747DLM6L5TO7LXZY5T60,Scotiabank (Ireland) Designated Activity Company,IE,IND,2025-10-31,P3REMDISDOCS,20260429063145600,true,0.574,1,15,47981,3198.7,ja,en,227.63,2526,landessprache,46,32,,5324000000.0,mittel,1043,
7CUNS533WID6K7DGFI87,"CaixaBank, S.A.",ES,CON,2025-06-30,P3NONREMDISDOCS,20260212083641710,true,3.212,1,83,185909,2239.9,ja,en,203.05,2620,englisch,48,38,0.0476,241800000000.0,gross,3873,
7CUNS533WID6K7DGFI87,"CaixaBank, S.A.",ES,CON,2025-09-30,P3NONREMDISDOCS,20260213083641710,true,0.008,1,1,3654,3654.0,ja,en,272.56,532,englisch,8,47,0.0,243700000000.0,gross,457,
7CUNS533WID6K7DGFI87,"CaixaBank, S.A.",ES,CON,2025-12-31,P3NONREMDISDOCS,20260402083640957,true,11.19,1,496,1107404,2232.7,ja,en,254.35,2701,englisch,90,24,0.0,244500000000.0,gross,12304,
7CUNS533WID6K7DGFI87,"CaixaBank, S.A.",ES,CON,2025-12-31,P3REMDISDOCS,20260402083640958,true,0.965,1,27,66296,2455.4,ja,en,305.58,2847,englisch,90,24,0.0,244500000000.0,gross,737,
7LTWFZYICNSX8D621K86,DEUTSCHE BANK AKTIENGESELLSCHAFT,DE,CON,2025-06-30,P3NONREMDISDOCS,20250820163623457,true,10.538,2,340,1234872,3632.0,ja,en,218.88,2563,englisch,57,37,0.0,340800000000.0,gross,21664,
7LTWFZYICNSX8D621K86,DEUTSCHE BANK AKTIENGESELLSCHAFT,DE,CON,2025-09-30,P3NONREMDISDOCS,20251126090012345,true,1.279,2,44,138923,3157.3,ja,en,219.35,2480,englisch,10,53,0.0,340400000000.0,gross,13892,
7LTWFZYICNSX8D621K86,DEUTSCHE BANK AKTIENGESELLSCHAFT,DE,CON,2025-12-31,P3NONREMDISDOCS,20260421182512345,true,4.948,2,565,2026648,3587.0,ja,en,242.06,2739,englisch,91,23,0.0,347100000000.0,gross,22271,
7LTWFZYICNSX8D621K86,DEUTSCHE BANK AKTIENGESELLSCHAFT,DE,CON,2025-12-31,P3REMDISDOCS,20260414115412345,true,1.304,2,36,106626,2961.8,ja,en,279.73,2910,englisch,91,23,0.0,347100000000.0,gross,1172,
7LTWFZYICNSX8D621K86,DEUTSCHE BANK AKTIENGESELLSCHAFT,DE,CON,2026-03-31,P3NONREMDISDOCS,20260527155112345,true,0.893,2,43,115260,2680.5,ja,en,204.71,2550,englisch,11,51,0.0,361100000000.0,gross,10478,
7LVZJ6XRIE7VNZ4UBX81,BANCA MEDIOLANUM S.P.A.,IT,CON,2025-06-30,P3NONREMDISDOCS,20260128114039180,true,3.72,2,234,689582,2946.9,ja,it,145.02,2317,landessprache,38,56,0.0,15360000000.0,mittel,18147,
7LVZJ6XRIE7VNZ4UBX81,BANCA MEDIOLANUM S.P.A.,IT,CON,2025-09-30,P3NONREMDISDOCS,20260129125039070,true,1.031,2,49,127340,2598.8,ja,en,230.63,2736,englisch,4,51,0.0,15240000000.0,mittel,31835,
7LVZJ6XRIE7VNZ4UBX81,BANCA MEDIOLANUM S.P.A.,IT,CON,2025-12-31,P3NONREMDISDOCS,20260429114415000,true,5.786,2,440,1307929,2972.6,ja,it,151.18,2679,landessprache,49,45,0.025,16680000000.0,mittel,26692,
7V6Z97IO7R1SEAO84Q32,SpareBank 1 SMN,NO,CON,2025-12-31,P3NONREMDISDOCS,20260421163504000,true,1.326,1,39,112314,2879.8,ja,no,28.84,1907,landessprache,73,0,0.0,,unbekannt,1539,
81560017C4A61A529235,CASSA DI RISPARMIO DI FERMO S.P.A. (IN FORMA ABBREVIATA CARIFERMO S.P.A.),IT,IND,2025-12-31,P3NONREMDISDOCS,20260521090020013,true,0.688,1,46,142662,3101.3,ja,it,126.02,2579,landessprache,74,2,0.0,902100000.0,klein,1928,
81560017C4A61A529235,CASSA DI RISPARMIO DI FERMO S.P.A. (IN FORMA ABBREVIATA CARIFERMO S.P.A.),IT,IND,2025-12-31,P3REMDISDOCS,20260528153435013,true,1.43,1,13,29727,2286.7,ja,it,152.39,2756,landessprache,74,2,0.0,902100000.0,klein,402,
81560027D07F9BDB8436,CASSA DI RISPARMIO DI ASTI S.P.A. (IN FORMA ABBREVIATA BANCA C.R. ASTI S.P.A.),IT,CON,2025-12-31,P3REMDISDOCS,20260522110301003,true,6.573,1,170,521909,3070.1,ja,it,159.65,2781,landessprache,15,61,0.0,5213000000.0,mittel,34794,
81560035485BD7DB3590,BANCO DI CREDITO P.AZZOAGLIO - S.P.A.,IT,IND,2025-12-31,P3NONREMDISDOCS,20260625153421345,true,1.042,2,45,200882,4464.0,ja,it,129.85,2449,landessprache,69,2,0.0,726900000.0,klein,2911,
8156003A4FB445454553,CASSA DI RISPARMIO DI BOLZANO S.P.A. - SUDTIROLER SPARKASSE AG,IT,CON,2025-12-31,P3NONREMDISDOCS,20260514163346308,true,0.99,1,99,343919,3473.9,ja,it,141.85,1988,landessprache,13,63,0.0,6741000000.0,mittel,26455,
8156003A4FB445454553,CASSA DI RISPARMIO DI BOLZANO S.P.A. - SUDTIROLER SPARKASSE AG,IT,CON,2025-12-31,P3REMDISDOCS,20260514163346308,true,0.99,1,99,343919,3473.9,ja,it,141.85,1988,landessprache,13,63,0.0,6741000000.0,mittel,26455,
8156003D79D064FB5360,CASSA LOMBARDA - S.P.A.,IT,IND,2025-12-31,P3NONREMDISDOCS,20260528154723581,true,2.773,1,82,244164,2977.6,ja,it,161.46,2688,landessprache,33,43,,438000000.0,klein,7399,
8156004BBB6E6B9B6F10,BANCA POPOLARE DI PUGLIA E BASILICATA - SOCIETA' COOPERATIVA PER AZIONI,IT,IND,2025-12-31,P3NONREMDISDOCS,20260603132424324,true,2.148,1,73,282910,3875.5,ja,it,146.98,2286,landessprache,12,64,0.0,1608000000.0,klein,23576,
8156004BBB6E6B9B6F10,BANCA POPOLARE DI PUGLIA E BASILICATA - SOCIETA' COOPERATIVA PER AZIONI,IT,IND,2025-12-31,P3REMDISDOCS,20260603132424325,true,5.629,1,36,1731,48.1,nein,it,202.02,198,landessprache,12,64,0.0,1608000000.0,klein,144,
8156005420362AE59184,BANCA IFIS S.P.A. (OVVERO IFIS BANCA S.P.A. O IN FORMA ABBREVIATA IFIS S.P.A.),IT,CON,2025-12-31,P3NONREMDISDOCS,20260513103027093,true,2.901,1,136,482293,3546.3,ja,it,190.07,1047,landessprache,50,28,0.0,13910000000.0,mittel,9646,
8156005C22D0BF134C40,BANCA POPOLARE PUGLIESE - SOCIETA' COOPERATIVA PER AZIONI,IT,IND,2025-12-31,P3NONREMDISDOCS,20260623121045285,true,1.479,1,101,261043,2584.6,ja,it,131.19,2706,landessprache,74,2,0.0,1782000.0,klein,3528,
8156005C22D0BF134C40,BANCA POPOLARE PUGLIESE - SOCIETA' COOPERATIVA PER AZIONI,IT,IND,2025-12-31,P3REMDISDOCS,20260623121045284,true,0.536,1,14,27924,1994.6,ja,it,170.18,2750,landessprache,74,2,0.0,1782000.0,klein,377,
81560062CEAE87A85C80,AREPO BP S.P.A.,IT,CON,2025-12-31,P3NONREMDISDOCS,20260424184229295,true,1.715,1,121,324296,2680.1,ja,it,170.25,2649,landessprache,74,4,0.0,472300000.0,klein,4382,
815600722FAEE18D6013,BANCA DEL FUCINO S.P.A.,IT,CON,2025-12-31,P3NONREMDISDOCS,20260529165000000,true,1.978,1,94,327480,3483.8,ja,it,143.2,2465,landessprache,17,59,0.0,2060000000.0,klein,19264,
815600722FAEE18D6013,BANCA DEL FUCINO S.P.A.,IT,CON,2025-12-31,P3REMDISDOCS,20260529164800000,true,0.742,1,20,59443,2972.2,ja,it,145.37,2614,landessprache,17,59,0.0,2060000000.0,klein,3497,
8156007C053DC07AC307,CREDITO LOMBARDO VENETO S.P.A.,IT,IND,2025-12-31,P3NONREMDISDOCS,20260527103944582,true,0.857,1,86,282710,3287.3,ja,it,152.06,2749,landessprache,13,63,0.125,126500000.0,klein,21747,
8156007C053DC07AC307,CREDITO LOMBARDO VENETO S.P.A.,IT,IND,2025-12-31,P3REMDISDOCS,20260527104245648,true,0.329,1,17,46514,2736.1,ja,it,152.31,2797,landessprache,13,63,0.125,126500000.0,klein,3578,
8156007D348794DB1690,CRÉDIT AGRICOLE ITALIA S.P.A.,IT,CON,2025-06-30,P3NONREMDISDOCS,20260326111523213,true,1.017,1,36,90803,2522.3,ja,it,152.66,2142,landessprache,25,54,0.1667,37970000000.0,gross,3632,
8156007D348794DB1690,CRÉDIT AGRICOLE ITALIA S.P.A.,IT,CON,2025-09-30,P3NONREMDISDOCS,20260312091322215,true,0.452,1,11,20787,1889.7,ja,it,146.27,2133,landessprache,6,49,0.0,37740000000.0,gross,3464,
8156007D348794DB1690,CRÉDIT AGRICOLE ITALIA S.P.A.,IT,CON,2025-12-31,P3NONREMDISDOCS,20260427141422215,true,1.49,1,91,244782,2689.9,ja,it,159.22,1991,landessprache,37,47,0.0476,43760000000.0,gross,6616,
8156007D348794DB1690,CRÉDIT AGRICOLE ITALIA S.P.A.,IT,CON,2025-12-31,P3REMDISDOCS,20260428173522126,true,1.266,1,54,232836,4311.8,ja,it,134.21,2511,landessprache,37,47,0.0476,43760000000.0,gross,6293,
815600848DEFE160E913,IBL ISTITUTO BANCARIO DEL LAVORO S.P.A. (IN FORMA ABBREVIATA IBL BANCA),IT,CON,2025-12-31,P3NONREMDISDOCS,20260518104730112,true,0.566,1,38,130073,3423.0,ja,it,159.49,2834,landessprache,24,60,0.0,3167000000.0,klein,5420,
815600848DEFE160E913,IBL ISTITUTO BANCARIO DEL LAVORO S.P.A. (IN FORMA ABBREVIATA IBL BANCA),IT,CON,2025-12-31,P3REMDISDOCS,20260518104730112,true,0.237,1,6,13827,2304.5,ja,it,162.62,1937,landessprache,24,60,0.0,3167000000.0,klein,576,
8156008B43CE788F4932,BANCA AGRICOLA POPOLARE DI SICILIA SOCIETA' COOPERATIVA PER AZIONI,IT,CON,2025-12-31,P3NONREMDISDOCS,20260605151425215,true,1.925,1,133,349961,2631.3,ja,it,166.6,2335,landessprache,17,59,0.0,2185000000.0,klein,20586,
8156008B43CE788F4932,BANCA AGRICOLA POPOLARE DI SICILIA SOCIETA' COOPERATIVA PER AZIONI,IT,CON,2025-12-31,P3REMDISDOCS,20260605151100222,true,0.168,1,12,30367,2530.6,ja,it,149.67,2766,landessprache,17,59,0.0,2185000000.0,klein,1786,
8156008FC57F3F707049,ENTE CAMBIANO SOCIETA' COOPERATIVA PER AZIONI,IT,CON,2025-12-31,P3NONREMDISDOCS,20260629184229295,true,1.429,1,94,264621,2815.1,ja,it,139.76,1567,landessprache,12,64,0.0,1691000000.0,klein,22052,
8156008FC57F3F707049,ENTE CAMBIANO SOCIETA' COOPERATIVA PER AZIONI,IT,CON,2025-12-31,P3NONREMDISDOCS,20260630184229295,true,2.192,1,95,286994,3021.0,ja,it,148.15,1998,landessprache,12,64,0.0,1691000000.0,klein,23916,
815600903231FA2E7698,BANCA GENERALI - SOCIETA' PER AZIONI (IN FORMA ABBREVIATA GENERBANCA),IT,CON,2025-06-30,P3NONREMDISDOCS,20260209140956869,true,0.359,1,16,22857,1428.6,ja,it,122.28,2715,landessprache,1,54,0.0,5086000000.0,mittel,22857,
815600903231FA2E7698,BANCA GENERALI - SOCIETA' PER AZIONI (IN FORMA ABBREVIATA GENERBANCA),IT,CON,2025-12-31,P3NONREMDISDOCS,20260525153849573,true,1.327,1,102,354311,3473.6,ja,it,125.47,2662,landessprache,44,34,0.0,5465000000.0,mittel,8053,
815600903231FA2E7698,BANCA GENERALI - SOCIETA' PER AZIONI (IN FORMA ABBREVIATA GENERBANCA),IT,CON,2025-12-31,P3REMDISDOCS,20260525153849573,true,0.986,1,24,73191,3049.6,ja,it,161.5,2836,landessprache,44,34,0.0,5465000000.0,mittel,1663,
8156009F9B6BB7745A32,PRIVATA HOLDING S.R.L.,IT,CON,2025-12-31,P3REMDISDOCS,20260626151253314,true,15.555,1,75,275266,3670.2,ja,it,149.39,2296,landessprache,69,2,0.0,246300.0,klein,3989,
815600A029117B20DD63,ILLIMITY BANK S.P.A.,IT,CON,2025-06-30,P3NONREMDISDOCS,20260216164627093,true,0.904,1,8,15221,1902.6,ja,it,127.43,1907,landessprache,1,54,0.0,4547000000.0,mittel,15221,
815600A32DA05F693F24,LA CASSA DI RAVENNA S.P.A.,CO,CON,2025-12-31,P3NONREMDISDOCS,20260608100700000,true,1.192,1,94,261408,2780.9,ja,it,169.9,2731,land unbekannt,7,64,0.0,2761000000.0,klein,37344,
815600A32DA05F693F24,LA CASSA DI RAVENNA S.P.A.,IT,CON,2025-12-31,P3NONREMDISDOCS,20260608100800000,true,1.192,1,94,261408,2780.9,ja,it,169.9,2731,landessprache,7,64,0.0,2761000000.0,klein,37344,
815600AD83B2B6317788,CREDITO EMILIANO HOLDING SOCIETA' PER AZIONI,IT,CON,2025-06-30,P3NONREMDISDOCS,20260119151529000,true,2.089,1,135,352302,2609.6,ja,it,136.62,2701,landessprache,44,50,0.0,22580000000.0,mittel,8007,
815600AD83B2B6317788,CREDITO EMILIANO HOLDING SOCIETA' PER AZIONI,IT,CON,2025-09-30,P3NONREMDISDOCS,20260119151528000,true,0.559,1,18,28816,1600.9,ja,it,136.79,2259,landessprache,6,49,0.0,22390000000.0,mittel,4803,
815600AD83B2B6317788,CREDITO EMILIANO HOLDING SOCIETA' PER AZIONI,IT,CON,2025-12-31,P3NONREMDISDOCS,20260514093320000,true,3.477,1,227,687378,3028.1,ja,it,142.86,2730,landessprache,67,32,0.0,23570000000.0,mittel,10259,
815600AD83B2B6317788,CREDITO EMILIANO HOLDING SOCIETA' PER AZIONI,IT,CON,2025-12-31,P3REMDISDOCS,20260514093320000,true,0.528,1,18,46657,2592.1,ja,it,159.3,2781,landessprache,67,32,0.0,23570000000.0,mittel,696,
815600AD83B2B6317788,CREDITO EMILIANO HOLDING SOCIETA' PER AZIONI,IT,CON,2026-03-31,P3NONREMDISDOCS,20260512151529000,true,0.687,1,17,28686,1687.4,ja,it,135.3,2269,landessprache,6,48,0.0,23190000000.0,mittel,4781,
815600B43BECA3919584,BANCA PROMOS S.P.A.,IT,IND,2025-12-31,P3NONREMDISDOCS,20260529143500628,true,2.296,1,83,209106,2519.3,ja,it,150.45,2785,landessprache,18,58,0.0,18320000.0,klein,11617,
815600B43BECA3919584,BANCA PROMOS S.P.A.,IT,IND,2025-12-31,P3REMDISDOCS,20260529143506286,true,0.596,1,20,33260,1663.0,ja,it,157.84,2775,landessprache,18,58,0.0,18320000.0,klein,1848,
815600B5C61A10BBB451,BANCA SISTEMA S.P.A.,IT,CON,2025-12-31,P3NONREMDISDOCS,20260616123022343,true,0.853,1,165,375299,2274.5,ja,it,126.36,2754,landessprache,72,6,0.0,1681000000.0,klein,5212,
815600B6B356EC776E54,CASSA DI RISPARMIO DI VOLTERRA S.P.A.,IT,IND,2025-12-31,P3NONREMDISDOCS,20260619100302000,true,0.48,1,41,112195,2736.5,ja,it,164.87,2499,landessprache,9,67,0.0,815400000.0,klein,12466,
815600B6B356EC776E54,CASSA DI RISPARMIO DI VOLTERRA S.P.A.,IT,IND,2025-12-31,P3REMDISDOCS,20260622102543000,true,7.839,1,41,87756,2140.4,ja,it,168.05,2642,landessprache,9,67,0.0,815400000.0,klein,9751,
815600BEE9123CD92E12,BANCA VALSABBINA SOCIETA' COOPERATIVA PER AZIONI (IN BREVE LA VALSABBINA),IT,CON,2025-12-31,P3NONREMDISDOCS,20260514165006286,true,0.897,1,78,223469,2865.0,ja,it,130.11,2252,landessprache,11,65,0.0,3253000000.0,klein,20315,
815600BEE9123CD92E12,BANCA VALSABBINA SOCIETA' COOPERATIVA PER AZIONI (IN BREVE LA VALSABBINA),IT,CON,2025-12-31,P3REMDISDOCS,20260514165006286,true,0.229,1,22,63171,2871.4,ja,it,159.28,2706,landessprache,11,65,0.0,3253000000.0,klein,5743,
815600DDCE9083CAC598,MEDIOBANCA PREMIER S.P.A.,IT,IND,2025-06-30,P3NONREMDISDOCS,20260211092149743,true,1.861,1,128,288618,2254.8,ja,it,158.52,1678,landessprache,45,54,0.0,3431000000.0,klein,6414,
815600DDCE9083CAC598,MEDIOBANCA PREMIER S.P.A.,IT,IND,2025-12-31,P3NONREMDISDOCS,20260625153849573,true,1.953,1,128,283151,2212.1,ja,it,170.42,1819,landessprache,42,57,0.1667,3543000000.0,klein,6742,
815600DDCE9083CAC598,MEDIOBANCA PREMIER S.P.A.,IT,IND,2025-12-31,P3NONREMDISDOCS,20260629152849573,true,1.717,1,127,284651,2241.3,ja,it,159.0,1673,landessprache,42,57,0.1667,3543000000.0,klein,6777,
815600DDCE9083CAC598,MEDIOBANCA PREMIER S.P.A.,IT,IND,2025-12-31,P3REMDISDOCS,20260625153849573,true,0.364,1,19,38600,2031.6,ja,it,180.19,2564,landessprache,42,57,0.1667,3543000000.0,klein,919,
815600E4E6DCD2D25E30,BANCO BPM SOCIETA' PER AZIONI,IT,CON,2025-06-30,P3NONREMDISDOCS,20260128110124355,true,3.059,1,198,488209,2465.7,ja,it,118.38,2585,landessprache,53,41,0.0,64280000000.0,gross,9211,
815600E4E6DCD2D25E30,BANCO BPM SOCIETA' PER AZIONI,IT,CON,2025-09-30,P3NONREMDISDOCS,20260128102953201,true,0.502,1,26,53841,2070.8,ja,it,126.48,2617,landessprache,8,47,0.0,64550000000.0,gross,6730,
815600E4E6DCD2D25E30,BANCO BPM SOCIETA' PER AZIONI,IT,CON,2025-12-31,P3NONREMDISDOCS,20260312184229295,true,4.509,1,395,1050059,2658.4,ja,it,119.11,2527,landessprache,75,24,0.0,65280000000.0,gross,14001,
815600E4E6DCD2D25E30,BANCO BPM SOCIETA' PER AZIONI,IT,CON,2025-12-31,P3REMDISDOCS,20260312184229295,true,0.438,1,32,85133,2660.4,ja,it,120.09,2723,landessprache,75,24,0.0,65280000000.0,gross,1135,
815600E4E6DCD2D25E30,BANCO BPM SOCIETA' PER AZIONI,IT,CON,2026-03-31,P3NONREMDISDOCS,20260526112016246,true,0.49,1,25,52586,2103.4,ja,it,126.31,2668,landessprache,8,46,0.0,65870000000.0,gross,6573,
815600F24AE25C9D1B94,MAURIZIO SELLA - SOCIETA' IN ACCOMANDITA PER AZIONI,IT,CON,2025-12-31,P3NONREMDISDOCS,20260504114915789,true,1.816,1,125,369090,2952.7,ja,it,140.29,2559,landessprache,35,51,0.1818,10110000000.0,mittel,10545,
815600F24AE25C9D1B94,MAURIZIO SELLA - SOCIETA' IN ACCOMANDITA PER AZIONI,IT,CON,2025-12-31,P3NONREMDISDOCS,20260504174915789,true,2.527,1,125,369357,2954.9,ja,it,134.0,2597,landessprache,35,51,0.1818,10110000000.0,mittel,10553,
815600F24AE25C9D1B94,MAURIZIO SELLA - SOCIETA' IN ACCOMANDITA PER AZIONI,IT,CON,2025-12-31,P3REMDISDOCS,20260504144915789,true,0.811,1,22,59565,2707.5,ja,it,150.32,2794,landessprache,35,51,0.1818,10110000000.0,mittel,1702,
815600F24AE25C9D1B94,MAURIZIO SELLA - SOCIETA' IN ACCOMANDITA PER AZIONI,IT,CON,2025-12-31,P3REMDISDOCS,20260505114915612,true,0.77,1,22,59765,2716.6,ja,it,139.86,2860,landessprache,35,51,0.1818,10110000000.0,mittel,1708,
815600FDD3EB3EA03194,BANCA POPOLARE DEL LAZIO SOCIETA' COOPERATIVA,IT,CON,2025-12-31,P3NONREMDISDOCS,20260522165006286,true,2.217,1,100,305927,3059.3,ja,it,179.53,2345,landessprache,18,60,0.1111,1535000000.0,klein,16996,
815600FDD3EB3EA03194,BANCA POPOLARE DEL LAZIO SOCIETA' COOPERATIVA,IT,CON,2025-12-31,P3REMDISDOCS,20260522165006286,true,0.695,1,12,42482,3540.2,ja,it,127.5,2596,landessprache,18,60,0.1111,1535000000.0,klein,2360,
851WYGNLUQLFZBSYGB56,COMMERZBANK Aktiengesellschaft,DE,CON,2025-06-30,P3NONREMDISDOCS,20260105140000124,true,2.125,1,132,382715,2899.4,ja,en,224.57,2645,englisch,54,40,0.0,176100000000.0,gross,7087,
851WYGNLUQLFZBSYGB56,COMMERZBANK Aktiengesellschaft,DE,CON,2025-09-30,P3NONREMDISDOCS,20260105140000124,true,0.213,1,18,40781,2265.6,ja,en,206.68,2603,englisch,9,46,0.0,175000000000.0,gross,4531,
851WYGNLUQLFZBSYGB56,COMMERZBANK Aktiengesellschaft,DE,CON,2025-12-31,P3NONREMDISDOCS,20260415140000000,true,7.117,2,482,1600446,3320.4,ja,de,178.19,2082,landessprache,92,22,0.0,175800000000.0,gross,17396,
851WYGNLUQLFZBSYGB56,COMMERZBANK Aktiengesellschaft,DE,CON,2025-12-31,P3REMDISDOCS,20260617000000000,true,1.105,1,77,186191,2418.1,ja,en,279.44,2369,englisch,92,22,0.0,175800000000.0,gross,2024,
851WYGNLUQLFZBSYGB56,COMMERZBANK Aktiengesellschaft,DE,CON,2026-03-31,P3NONREMDISDOCS,20260601140000001,true,0.437,2,36,84062,2335.1,ja,de,164.84,2093,landessprache,9,45,0.0,179700000000.0,gross,9340,
894500N55FUZ70ZQ1784,Green Opera Finance Invest AB,SE,CON,2025-12-31,P3NONREMDISDOCS,20260519102200000,true,2.168,3,48,157801,3287.5,ja,en,267.14,2523,englisch,43,35,0.0,4442000.0,klein,3670,
894500N55FUZ70ZQ1784,Green Opera Finance Invest AB,SE,CON,2025-12-31,P3NONREMDISDOCS,20260519102500000,true,2.168,3,48,157801,3287.5,ja,en,267.14,2523,englisch,43,35,0.0,4442000.0,klein,3670,
894500N55FUZ70ZQ1784,Green Opera Finance Invest AB,SE,CON,2025-12-31,P3REMDISDOCS,20260519140901003,true,0.266,1,2,4469,2234.5,ja,en,263.82,633,englisch,43,35,0.0,4442000.0,klein,104,
8IBZUGJ7JPLH368JE346,Goldman Sachs Bank Europe SE,DE,IND,2025-06-30,P3NONREMDISDOCS,20260211064523243,true,0.317,2,32,86050,2689.1,ja,en,210.81,2443,englisch,5,58,0.8333,56580000000.0,gross,17210,
8IBZUGJ7JPLH368JE346,Goldman Sachs Bank Europe SE,DE,IND,2025-09-30,P3NONREMDISDOCS,20260211124523234,true,0.232,2,20,42794,2139.7,ja,de,181.56,2093,landessprache,1,7,,,unbekannt,42794,
8IBZUGJ7JPLH368JE346,Goldman Sachs Bank Europe SE,DE,IND,2025-12-31,P3NONREMDISDOCS,20260430111025352,true,0.747,1,109,371203,3405.5,ja,en,120.04,908,englisch,58,28,0.05,59330000000.0,gross,6400,
8IBZUGJ7JPLH368JE346,Goldman Sachs Bank Europe SE,DE,IND,2025-12-31,P3REMDISDOCS,20260430111025352,true,0.164,1,18,52203,2900.2,ja,en,243.64,2475,englisch,58,28,0.05,59330000000.0,gross,900,
8IBZUGJ7JPLH368JE346,Goldman Sachs Bank Europe SE,DE,IND,2026-03-31,P3NONREMDISDOCS,20260610121125352,true,0.21,1,23,76064,3307.1,ja,en,218.67,2346,englisch,9,53,0.0,60200000000.0,gross,8452,
95980020140005012943,"Caja Rural de Aragón, Sociedad Cooperativa de Crédito",ES,CON,2025-12-31,P3NONREMDISDOCS,20260518081301000,true,1.62,1,80,229504,2868.8,ja,es,178.71,2283,landessprache,10,66,0.0,2289000000.0,klein,22950,
95980020140005219553,"Caja Rural de Asturias, Sociedad Cooperativa de Crédito",ES,IND,2025-12-31,P3NONREMDISDOCS,20260517105000000,true,1.876,1,101,261957,2593.6,ja,es,183.21,2358,landessprache,10,66,0.125,2842000000.0,klein,26196,
95980020140005219553,"Caja Rural de Asturias, Sociedad Cooperativa de Crédito",ES,IND,2025-12-31,P3REMDISDOCS,20260601105000000,true,0.47,1,13,28220,2170.8,ja,es,198.48,3028,landessprache,10,66,0.125,2842000000.0,klein,2822,
95980020140005220135,"Caja Rural de Granada, Sociedad Cooperativa de Crédito",ES,IND,2025-12-31,P3NONREMDISDOCS,20260609110719470,true,0.924,2,19,43335,2280.8,ja,es,208.25,2886,landessprache,36,42,0.1111,3478000000.0,klein,1204,
95980020140005220135,"Caja Rural de Granada, Sociedad Cooperativa de Crédito",ES,IND,2025-12-31,P3NONREMDISDOCS,20260616110719470,true,2.877,1,134,400372,2987.9,ja,es,183.32,1882,landessprache,36,42,0.1111,3478000000.0,klein,11121,
95980020140005220135,"Caja Rural de Granada, Sociedad Cooperativa de Crédito",ES,IND,2025-12-31,P3REMDISDOCS,20260616110719470,true,0.478,1,11,26495,2408.6,ja,es,193.42,2947,landessprache,36,42,0.1111,3478000000.0,klein,736,
95980020140005375335,"Caja Rural del Sur, S. Coop. de Crédito",ES,CON,2025-12-31,P3NONREMDISDOCS,20260528120100000,true,2.629,1,95,227358,2393.2,ja,es,180.02,2433,landessprache,9,67,0.125,5009000000.0,mittel,25262,
95980020140005375335,"Caja Rural del Sur, S. Coop. de Crédito",ES,CON,2025-12-31,P3REMDISDOCS,20260528130100000,true,1.183,1,20,34527,1726.3,ja,es,193.84,2889,landessprache,9,67,0.125,5009000000.0,mittel,3836,
95980020140005439549,"Caja Rural de Navarra, S. Coop. de Crédito",ES,IND,2025-12-31,P3NONREMDISDOCS,20260505010558282,true,2.591,1,159,361158,2271.4,ja,es,175.33,2213,landessprache,46,40,0.0909,7708000000.0,mittel,7851,
95980020140005484654,"Caja Rural de Albacete, Ciudad Real y Cuenca, Sociedad Cooperativa de Crédito",ES,CON,2025-12-31,P3NONREMDISDOCS,20260428091214000,true,3.265,1,145,358895,2475.1,ja,es,177.05,2536,landessprache,49,29,0.1111,3911000000.0,klein,7324,
95980020140005484654,"Caja Rural de Albacete, Ciudad Real y Cuenca, Sociedad Cooperativa de Crédito",ES,CON,2025-12-31,P3REMDISDOCS,20260527101500000,true,7.295,1,22,0,0.0,nein,,,0,unsicher,49,29,0.1111,3911000000.0,klein,,
95980020140005881190,Banco de Crédito Social Cooperativo,ES,CON,2025-06-30,P3NONREMDISDOCS,20260210082517633,true,1.28,2,71,222260,3130.4,ja,es,202.48,2499,landessprache,43,51,0.0,27790000000.0,mittel,5169,
95980020140005881190,Banco de Crédito Social Cooperativo,ES,CON,2025-09-30,P3NONREMDISDOCS,20260210082517633,true,0.07,1,1,3169,3169.0,ja,es,184.37,499,landessprache,4,51,0.0,28440000000.0,gross,792,
95980020140005881190,Banco de Crédito Social Cooperativo,ES,CON,2025-12-31,P3NONREMDISDOCS,20260507085744725,true,3.017,1,224,681387,3041.9,ja,es,141.28,814,landessprache,56,43,0.0455,29170000000.0,gross,12168,
95980020140005881190,Banco de Crédito Social Cooperativo,ES,CON,2025-12-31,P3REMDISDOCS,20260514103248778,true,0.781,1,21,53562,2550.6,ja,es,212.37,2571,landessprache,56,43,0.0455,29170000000.0,gross,956,
95980020140005881190,Banco de Crédito Social Cooperativo,ES,CON,2026-03-31,P3NONREMDISDOCS,20260618082517633,true,0.07,1,1,3099,3099.0,ja,es,182.0,489,landessprache,4,50,0.0,30190000000.0,gross,775,
959800R86KE31EAVRC30,LIBERTY PARTNERS S.L.U.,ES,CON,2025-12-31,P3NONREMDISDOCS,20260406120546182,true,3.895,1,177,408535,2308.1,ja,en,179.12,2462,englisch,27,51,0.1111,1721000000.0,klein,15131,
959800R86KE31EAVRC30,LIBERTY PARTNERS S.L.U.,ES,CON,2025-12-31,P3NONREMDISDOCS,20260417111108872,true,3.809,1,177,408023,2305.2,ja,en,179.12,2462,englisch,27,51,0.1111,1721000000.0,klein,15112,
959800R86KE31EAVRC30,LIBERTY PARTNERS S.L.U.,ES,CON,2025-12-31,P3REMDISDOCS,20260406120501576,true,0.377,1,17,33547,1973.4,ja,en,291.98,2918,englisch,27,51,0.1111,1721000000.0,klein,1242,
959800R86KE31EAVRC30,LIBERTY PARTNERS S.L.U.,ES,CON,2025-12-31,P3REMDISDOCS,20260417111156190,true,0.377,1,17,33547,1973.4,ja,en,291.98,2918,englisch,27,51,0.1111,1721000000.0,klein,1242,
959800VHSP2QBPNRF210,"Bank of Africa Europe, S.A.",ES,IND,2025-12-31,P3NONREMDISDOCS,20250630180929192,true,0.165,1,12,23231,1935.9,ja,es,176.14,2850,landessprache,18,66,0.0,327000000.0,klein,1291,
959800VHSP2QBPNRF210,"Bank of Africa Europe, S.A.",ES,IND,2025-12-31,P3REMDISDOCS,20250630180929192,true,0.127,1,4,5152,1288.0,ja,es,173.24,710,landessprache,18,66,0.0,327000000.0,klein,286,
96950001WI712W7PQG45,RCI Banque,FR,CON,2025-06-30,P3NONREMDISDOCS,20251218181239731,true,1.972,1,67,154049,2299.2,ja,en,178.59,2223,englisch,58,36,0.0455,48170000000.0,gross,2656,
96950001WI712W7PQG45,RCI Banque,FR,CON,2025-12-31,P3NONREMDISDOCS,20260615134253712,true,3.308,1,168,491269,2924.2,ja,en,197.37,2589,englisch,56,38,0.1,48930000000.0,gross,8773,
9695000CG7B84NLR5984,Confédération Nationale du Crédit Mutuel,FR,CON,2025-12-31,P3NONREMDISDOCS,20260630173800000,true,4.716,1,180,551509,3063.9,ja,fr,116.09,2119,landessprache,114,0,0.0,378900000000.0,gross,4838,
9695002JOWSRCLLLNY11,Edmond de Rothschild (France),FR,CON,2025-12-31,P3NONREMDISDOCS,20260520150353820,true,0.278,1,18,32755,1819.7,ja,fr,66.31,3137,landessprache,15,61,0.0,1831000000.0,klein,2184,
9695002JOWSRCLLLNY11,Edmond de Rothschild (France),FR,CON,2025-12-31,P3REMDISDOCS,20260520150353820,true,0.315,1,36,57762,1604.5,ja,fr,124.75,2998,landessprache,15,61,0.0,1831000000.0,klein,3851,
96950041VJ1QP0B69503,Crédit mutuel Arkéa,FR,CON,2025-06-30,P3NONREMDISDOCS,20260521110210089,true,16.831,2,125,141699,1133.6,ja,en,215.67,1966,englisch,43,43,0.0,48900000000.0,gross,3295,
96950041VJ1QP0B69503,Crédit mutuel Arkéa,FR,CON,2025-09-30,P3NONREMDISDOCS,20260512153705013,true,0.888,2,21,33204,1581.1,ja,en,168.74,2175,englisch,5,50,0.0,48980000000.0,gross,6641,
96950041VJ1QP0B69503,Crédit mutuel Arkéa,FR,CON,2025-12-31,P3NONREMDISDOCS,20260513100033495,true,22.168,2,275,1917951,6974.4,ja,,,0,unsicher,59,32,0.0,50610000000.0,gross,32508,
96950041VJ1QP0B69503,Crédit mutuel Arkéa,FR,CON,2025-12-31,P3REMDISDOCS,20260513100033495,true,1.427,2,43,354744,8249.9,ja,,,0,unsicher,59,32,0.0,50610000000.0,gross,6013,
96950041VJ1QP0B69503,Crédit mutuel Arkéa,FR,CON,2026-03-31,P3NONREMDISDOCS,20260608102016876,true,1.931,2,23,34219,1487.8,ja,en,175.0,2160,englisch,5,49,0.0,51030000000.0,gross,6844,
96950066U5XAAIRCPA78,La Banque Postale,FR,CON,2025-06-30,P3NONREMDISDOCS,20260429150000000,false,6.523,1,145,552882,3813.0,ja,fr,78.17,2725,landessprache,,,,,unbekannt,,
96950066U5XAAIRCPA78,La Banque Postale,FR,CON,2025-06-30,P3NONREMDISDOCS,20260526101500000,false,6.417,1,145,552882,3813.0,ja,fr,78.17,2725,landessprache,,,,,unbekannt,,
9695007EQZDL89LUW373,Banque Banorient France,FR,CON,2025-12-31,P3NONREMDISDOCS,20260630120300529,true,1.412,1,21,0,0.0,nein,,,0,unsicher,13,63,0.0,1044000000.0,klein,,
9695007EQZDL89LUW373,Banque Banorient France,FR,CON,2025-12-31,P3REMDISDOCS,20260630120433580,true,0.175,1,1,2244,2244.0,ja,fr,108.7,322,landessprache,13,63,0.0,1044000000.0,klein,173,
969500A3Y5KTGJEMDZ32,Caisse régionale de crédit agricole mutuel du Languedoc,FR,CON,2025-06-30,P3NONREMDISDOCS,20260127110000000,true,2.649,1,107,204609,1912.2,ja,fr,32.5,1969,landessprache,,,,,unbekannt,,
969500A3Y5KTGJEMDZ32,Caisse régionale de crédit agricole mutuel du Languedoc,FR,CON,2025-09-30,P3NONREMDISDOCS,20260127110000000,true,0.177,1,12,16163,1346.9,ja,fr,21.92,1688,landessprache,,,,,unbekannt,,
969500A3Y5KTGJEMDZ32,Caisse régionale de crédit agricole mutuel du Languedoc,FR,CON,2025-12-31,P3NONREMDISDOCS,20260605090000000,true,4.273,1,256,651350,2544.3,ja,fr,105.71,2611,landessprache,,,,,unbekannt,,
969500A3Y5KTGJEMDZ32,Caisse régionale de crédit agricole mutuel du Languedoc,FR,CON,2026-03-31,P3NONREMDISDOCS,20260615090000000,true,0.628,1,12,15399,1283.2,ja,fr,22.41,1651,landessprache,5,49,0.0,13530000000.0,mittel,3080,
969500A9SZ8YP1810S21,Caisse d'épargne et de prévoyance Aquitaine Poitou-Charentes,FR,CON,2025-12-31,P3NONREMDISDOCS,20260427100000003,true,8.162,1,394,1051433,2668.6,ja,fr,93.56,1165,landessprache,16,55,0.3333,,unbekannt,65715,
969500AGACQ54Q3UF243,Caisse régionale de crédit agricole mutuel de Centre France - Crédit agricole  Centre France (3ème du nom),FR,CON,2025-06-30,P3NONREMDISDOCS,20260202000000000,true,1.065,1,18,40660,2258.9,ja,fr,52.45,2002,landessprache,5,63,0.0,10640000000.0,mittel,8132,
969500AGACQ54Q3UF243,Caisse régionale de crédit agricole mutuel de Centre France - Crédit agricole  Centre France (3ème du nom),FR,CON,2025-12-31,P3NONREMDISDOCS,20260617000000000,true,4.668,1,289,760715,2632.2,ja,fr,89.15,2636,landessprache,,,,,unbekannt,,
969500B5DNR7Q1ACGD23,Caisse régionale de crédit agricole mutuel Atlantique Vendée,FR,CON,2025-06-30,P3NONREMDISDOCS,20260129141632000,true,0.435,1,12,15949,1329.1,ja,fr,15.43,1685,landessprache,,,,,unbekannt,,
969500B5DNR7Q1ACGD23,Caisse régionale de crédit agricole mutuel Atlantique Vendée,FR,CON,2025-06-30,P3NONREMDISDOCS,20260305141643000,true,2.358,1,155,379955,2451.3,ja,fr,34.14,1992,landessprache,,,,,unbekannt,,
969500B5DNR7Q1ACGD23,Caisse régionale de crédit agricole mutuel Atlantique Vendée,FR,CON,2025-09-30,P3NONREMDISDOCS,20260129141632000,true,0.432,1,12,16147,1345.6,ja,fr,17.08,1698,landessprache,,,,,unbekannt,,
969500B5DNR7Q1ACGD23,Caisse régionale de crédit agricole mutuel Atlantique Vendée,FR,CON,2025-12-31,P3NONREMDISDOCS,20260604141632000,true,3.931,1,268,686751,2562.5,ja,fr,101.87,2562,landessprache,,,,,unbekannt,,
969500B5DNR7Q1ACGD23,Caisse régionale de crédit agricole mutuel Atlantique Vendée,FR,CON,2026-03-31,P3NONREMDISDOCS,20260623141632000,true,0.22,1,1,6,6.0,nein,,,0,unsicher,5,49,0.0,9038000000.0,mittel,1,
969500B5DNR7Q1ACGD23,Caisse régionale de crédit agricole mutuel Atlantique Vendée,FR,CON,2026-03-31,P3NONREMDISDOCS,20260623151632000,true,0.652,1,13,16637,1279.8,ja,fr,34.77,1812,landessprache,5,49,0.0,9038000000.0,mittel,3327,
969500EVOBAGHKZEXA33,Banque populaire Alsace Lorraine Champagne,FR,CON,2025-12-31,P3NONREMDISDOCS,20260329100000002,true,12.016,1,369,1176697,3188.9,ja,fr,62.27,819,landessprache,27,49,0.0,,unbekannt,43581,
969500EYG6U339D3TI84,Crédit Foncier de France,FR,CON,2025-06-30,P3NONREMDISDOCS,20260126181100000,true,0.99,1,52,146345,2814.3,ja,fr,113.55,3047,landessprache,18,53,0.1667,,unbekannt,8130,
969500EYG6U339D3TI84,Crédit Foncier de France,FR,CON,2025-12-31,P3NONREMDISDOCS,20260323100000002,true,0.772,1,64,159898,2498.4,ja,fr,109.79,2951,landessprache,20,56,0.0952,,unbekannt,7995,
969500FF9M4SBM5VHR15,Caisse régionale de crédit agricole mutuel Nord de France,CO,CON,2025-06-30,P3NONREMDISDOCS,20260127090000000,true,2.501,1,109,200422,1838.7,ja,fr,27.12,2102,land unbekannt,,,,,unbekannt,,
969500FF9M4SBM5VHR15,Caisse régionale de crédit agricole mutuel Nord de France,CO,CON,2025-09-30,P3NONREMDISDOCS,20260127090400000,true,0.31,1,13,14943,1149.5,ja,,,1591,unsicher,4,51,0.0,11740000000.0,mittel,3736,
969500FF9M4SBM5VHR15,Caisse régionale de crédit agricole mutuel Nord de France,FR,CON,2025-12-31,P3NONREMDISDOCS,20260612102000000,true,4.537,1,302,769639,2548.5,ja,fr,89.35,2619,landessprache,,,,,unbekannt,,
969500FF9M4SBM5VHR15,Caisse régionale de crédit agricole mutuel Nord de France,FR,CON,2026-03-31,P3NONREMDISDOCS,20260612100100000,true,0.415,1,13,15516,1193.5,ja,,3.58,1675,unsicher,5,49,0.0,12280000000.0,mittel,3103,
969500FYEXW795NPJO79,Caisse régionale de crédit agricole mutuel Brie Picardie,FR,CON,2025-06-30,P3NONREMDISDOCS,20260115102500000,true,2.53,1,109,208691,1914.6,ja,fr,39.08,2124,landessprache,,,,,unbekannt,,
969500FYEXW795NPJO79,Caisse régionale de crédit agricole mutuel Brie Picardie,FR,CON,2025-06-30,P3NONREMDISDOCS,20260128102500000,true,2.53,1,109,208691,1914.6,ja,fr,39.08,2124,landessprache,,,,,unbekannt,,
969500FYEXW795NPJO79,Caisse régionale de crédit agricole mutuel Brie Picardie,FR,CON,2025-09-30,P3NONREMDISDOCS,20260129102500000,true,0.381,1,12,17089,1424.1,ja,fr,22.69,1895,landessprache,,,,,unbekannt,,
969500FYEXW795NPJO79,Caisse régionale de crédit agricole mutuel Brie Picardie,FR,CON,2025-12-31,P3NONREMDISDOCS,20260609112500000,true,4.561,1,236,576172,2441.4,ja,fr,97.0,2598,landessprache,,,,,unbekannt,,
969500FYEXW795NPJO79,Caisse régionale de crédit agricole mutuel Brie Picardie,FR,CON,2026-03-31,P3NONREMDISDOCS,20260623142500000,true,0.476,1,12,18012,1501.0,ja,fr,30.27,2015,landessprache,4,50,0.0,12360000000.0,mittel,4503,
969500JJWO4PQG0R1C58,CAISSE D'EPARGNE ET DE PREVOYANCE GRAND EST EUROPE,FR,CON,2025-12-31,P3NONREMDISDOCS,20260429100000002,true,3.659,1,126,380747,3021.8,ja,fr,86.37,2987,landessprache,28,48,0.0,,unbekannt,13598,
969500JM7VIGQIPZOL49,BANQUE POPULAIRE AUVERGNE RHONE ALPES,FR,CON,2025-12-31,P3NONREMDISDOCS,20260329100000006,true,3.636,1,332,1304273,3928.5,ja,fr,93.53,2224,landessprache,27,49,0.0,,unbekannt,48306,
969500ORP9FTJYI28L37,Caisse régionale de crédit agricole mutuel des Savoie,CO,CON,2025-06-30,P3NONREMDISDOCS,20260129101500000,true,1.675,1,65,227978,3507.4,ja,fr,84.49,2675,land unbekannt,5,63,0.0,12110000000.0,mittel,45596,
969500ORP9FTJYI28L37,Caisse régionale de crédit agricole mutuel des Savoie,FR,CON,2025-12-31,P3NONREMDISDOCS,20260616142700000,true,2.83,1,299,853055,2853.0,ja,fr,89.99,2567,landessprache,,,,,unbekannt,,
969500PI25OKPKTD9364,Caisse régionale de crédit agricole mutuel de Paris et d'Ile-de-France,FR,CON,2025-06-30,P3NONREMDISDOCS,20260130151500000,true,1.074,1,110,209627,1905.7,ja,fr,24.0,2000,landessprache,,,,,unbekannt,,
969500PI25OKPKTD9364,Caisse régionale de crédit agricole mutuel de Paris et d'Ile-de-France,FR,CON,2025-09-30,P3NONREMDISDOCS,20260130151700000,true,0.438,1,12,15842,1320.2,ja,fr,16.18,1730,landessprache,,,,,unbekannt,,
969500PI25OKPKTD9364,Caisse régionale de crédit agricole mutuel de Paris et d'Ile-de-France,FR,CON,2025-12-31,P3NONREMDISDOCS,20260608105800000,true,2.248,1,270,676716,2506.4,ja,fr,87.4,2620,landessprache,,,,,unbekannt,,
969500PI25OKPKTD9364,Caisse régionale de crédit agricole mutuel de Paris et d'Ile-de-France,FR,CON,2026-03-31,P3NONREMDISDOCS,20260623171200000,true,0.338,1,13,17071,1313.2,ja,fr,8.45,1894,landessprache,5,49,0.0,24620000000.0,mittel,3414,
969500SJXM8MW32ZVG75,Caisse d'épargne et de prévoyance Bretagne-Pays de Loire,FR,CON,2025-12-31,P3NONREMDISDOCS,20260424100000002,true,0.737,1,30,132996,4433.2,ja,fr,63.99,2688,landessprache,25,51,0.0952,,unbekannt,5320,
969500STN7T9MRUMJ267,Bpifrance,FR,CON,2025-06-30,P3NONREMDISDOCS,20260403100532000,true,0.749,1,18,42568,2364.9,ja,fr,59.6,2433,landessprache,7,61,0.6667,94430000000.0,gross,6081,
969500STN7T9MRUMJ267,Bpifrance,FR,CON,2025-12-31,P3NONREMDISDOCS,20260403100332000,true,3.142,1,146,488929,3348.8,ja,fr,124.68,2703,landessprache,84,7,0.0,91450000000.0,gross,5821,
969500STN7T9MRUMJ267,Bpifrance,FR,CON,2025-12-31,P3REMDISDOCS,20260403100332001,true,0.417,1,12,30246,2520.5,ja,fr,105.55,2937,landessprache,84,7,0.0,91450000000.0,gross,360,
969500TU5ZMYBIWP0R51,Caisse d'Epargne CEPAC,FR,CON,2025-12-31,P3NONREMDISDOCS,20260415060000002,true,3.447,1,139,589768,4242.9,ja,fr,25.18,556,landessprache,23,48,0.0,,unbekannt,25642,
969500V9BSEN0HWUIC23,Ebi SA,FR,CON,2025-12-31,P3NONREMDISDOCS,20260610174500000,false,10.879,1,32,0,0.0,nein,,,0,unsicher,,,,,unbekannt,,
969500VHT1ZNPVWOYF63,BNP Paribas Personal Finance,FR,CON,2025-06-30,P3NONREMDISDOCS,20260409120900000,true,0.439,1,5,3968,793.6,ja,fr,136.55,476,landessprache,3,60,0.0,62970000000.0,gross,1323,
969500VHT1ZNPVWOYF63,BNP Paribas Personal Finance,FR,CON,2025-12-31,P3NONREMDISDOCS,20260630183600000,true,2.104,1,66,202858,3073.6,ja,fr,110.23,2268,landessprache,41,45,0.0909,62700000000.0,gross,4948,
969500VR2NA6ANMTXH21,Caisse d'épargne et de prévoyance de Rhône Alpes,FR,CON,2025-12-31,P3NONREMDISDOCS,20260428100000002,true,3.505,1,137,475644,3471.9,ja,fr,82.1,3045,landessprache,22,49,0.0,,unbekannt,21620,
969500W34S6NCZWYBV47,Caisse d'épargne et de prévoyance Ile-de-France,FR,CON,2025-12-31,P3NONREMDISDOCS,20260427100000002,true,5.969,1,367,1291971,3520.4,ja,fr,90.48,1061,landessprache,23,48,0.0,,unbekannt,56173,
969500W8SBCXNX1DG443,Banque populaire Rives de Paris,FR,CON,2025-12-31,P3NONREMDISDOCS,20260610100000003,true,14.493,1,333,1142097,3429.7,ja,fr,93.67,2733,landessprache,23,53,0.1429,,unbekannt,49656,
969500WFZ7C2IBN9TB80,Banque populaire Grand Ouest,FR,CON,2025-12-31,P3NONREMDISDOCS,20260429100000001,true,5.596,1,160,1177470,7359.2,ja,fr,87.71,2474,landessprache,19,57,0.3333,,unbekannt,61972,
969500WFZ7C2IBN9TB80,Banque populaire Grand Ouest,FR,CON,2025-12-31,P3NONREMDISDOCS,20260430173800000,true,5.596,1,160,1177470,7359.2,ja,fr,87.71,2474,landessprache,19,57,0.3333,,unbekannt,61972,
969500WJ4V0WNG8Q5L42,Caisse régionale de crédit agricole mutuel Centre-Est,CO,CON,2025-06-30,P3NONREMDISDOCS,20260130101000000,true,0.648,1,17,38017,2236.3,ja,fr,53.96,2020,land unbekannt,6,62,0.0,14960000000.0,mittel,6336,
969500WJ4V0WNG8Q5L42,Caisse régionale de crédit agricole mutuel Centre-Est,CO,CON,2025-12-31,P3NONREMDISDOCS,20260604145500000,true,4.783,1,263,698881,2657.3,ja,fr,91.8,2647,land unbekannt,,,,,unbekannt,,
969500X8MO6M37C47827,Caisse régionale de crédit agricole mutuel d'Aquitaine,FR,CON,2025-06-30,P3NONREMDISDOCS,20251231092203001,true,1.689,1,60,187000,3116.7,ja,fr,85.84,2726,landessprache,5,63,0.0,13260000000.0,mittel,37400,
969500X8MO6M37C47827,Caisse régionale de crédit agricole mutuel d'Aquitaine,FR,CON,2025-12-31,P3NONREMDISDOCS,20260611164803001,true,3.755,1,235,591446,2516.8,ja,fr,84.6,2636,landessprache,,,,,unbekannt,,
9845006BAF66DZ35C849,Lunar Group A/S,DK,CON,2025-12-31,P3NONREMDISDOCS,20260520102158564,true,0.635,1,20,42432,2121.6,ja,en,213.82,2287,englisch,25,45,0.0,260500000.0,klein,1697,
9845006C7B5CC707X660,Swedbank Baltics AS,LV,CON,2025-06-30,P3NONREMDISDOCS,20260610140132001,true,0.417,1,4,8451,2112.8,ja,en,160.94,1019,englisch,2,53,0.0,18000000000.0,mittel,4226,
984500ADEE3DE4F14F51,Kompasbank A/S,DK,IND,2025-12-31,P3NONREMDISDOCS,20260430160450417,true,1.628,1,53,163576,3086.3,ja,en,169.88,2384,englisch,15,69,0.0,109000000.0,klein,10905,
984500E4D07499C10435,TBI FINANCIAL SERVICES B.V.,NL,CON,2025-12-31,P3NONREMDISDOCS,20260617155029257,true,16.54,3,92,326916,3553.4,ja,bg,217.97,2092,abweichend,49,37,0.0,1450.0,klein,6672,
984500E4D07499C10435,TBI FINANCIAL SERVICES B.V.,BG,CON,2025-12-31,P3REMDISDOCS,20260608094329257,true,0.383,1,2,13882,6941.0,ja,en,270.46,2004,englisch,49,37,0.0,1450.0,klein,283,
984500E4D07499C10435,TBI FINANCIAL SERVICES B.V.,NL,CON,2025-12-31,P3REMDISDOCS,20260608095029257,true,0.383,1,2,13882,6941.0,ja,en,270.46,2004,englisch,49,37,0.0,1450.0,klein,283,
9CZ7TVMR36CYD5TZBS50,Banque Internationale à Luxembourg,LU,CON,2025-06-30,P3NONREMDISDOCS,20260210123501001,true,2.726,1,46,207871,4518.9,ja,en,171.8,2858,englisch,43,51,0.0,10990000000.0,mittel,4834,
9CZ7TVMR36CYD5TZBS50,Banque Internationale à Luxembourg,LU,CON,2025-09-30,P3NONREMDISDOCS,20260206140901001,true,1.83,1,11,21688,1971.6,ja,en,126.31,2193,englisch,7,48,0.0,11530000000.0,mittel,3098,
9CZ7TVMR36CYD5TZBS50,Banque Internationale à Luxembourg,LU,CON,2025-12-31,P3NONREMDISDOCS,20260430170101001,true,6.616,1,125,558886,4471.1,ja,en,134.57,2794,englisch,67,32,0.0227,11730000000.0,mittel,8342,
9CZ7TVMR36CYD5TZBS50,Banque Internationale à Luxembourg,LU,CON,2025-12-31,P3NONREMDISDOCS,20260508170501002,true,6.647,1,125,559675,4477.4,ja,en,134.57,2794,englisch,67,32,0.0227,11730000000.0,mittel,8353,
9CZ7TVMR36CYD5TZBS50,Banque Internationale à Luxembourg,LU,CON,2026-03-31,P3NONREMDISDOCS,20260612103425001,true,0.596,1,10,21157,2115.7,ja,en,129.44,2225,englisch,7,47,0.0,11700000000.0,mittel,3022,
9KOGW2C2FCIOJQ7FF485,"Česká spořitelna, a.s.",CZ,CON,2025-06-30,P3NONREMDISDOCS,20260306133917605,true,0.779,1,99,119731,1209.4,ja,en,116.78,1841,englisch,30,49,0.0,29070000000.0,gross,3991,
9KOGW2C2FCIOJQ7FF485,"Česká spořitelna, a.s.",CZ,CON,2025-06-30,P3NONREMDISDOCS,20260309144934314,true,0.772,1,98,117420,1198.2,ja,en,116.12,1843,englisch,30,49,0.0,29070000000.0,gross,3914,
9KOGW2C2FCIOJQ7FF485,"Česká spořitelna, a.s.",CZ,CON,2025-09-30,P3NONREMDISDOCS,20260318150132627,true,0.569,1,28,36004,1285.9,ja,en,128.28,2175,englisch,10,45,0.0,29560000000.0,gross,3600,
9KOGW2C2FCIOJQ7FF485,"Česká spořitelna, a.s.",CZ,CON,2025-12-31,P3NONREMDISDOCS,20260505081235751,true,1.381,1,115,167289,1454.7,ja,en,116.72,1842,englisch,40,44,0.0,28130000000.0,gross,4182,
9KOGW2C2FCIOJQ7FF485,"Česká spořitelna, a.s.",CZ,CON,2025-12-31,P3REMDISDOCS,20260629140331457,true,0.286,1,12,31470,2622.5,ja,cs,30.25,2446,landessprache,40,44,0.0,28130000000.0,gross,787,
9KOGW2C2FCIOJQ7FF485,"Česká spořitelna, a.s.",CZ,CON,2026-03-31,P3NONREMDISDOCS,20260526083625083,true,0.593,1,28,33203,1185.8,ja,en,153.78,2250,englisch,10,44,0.3333,,unbekannt,3320,
9ZHRYM6F437SQJ6OUG95,Raiffeisen Bank International AG,AT,CON,2025-06-30,P3NONREMDISDOCS,20260415020446931,true,1.789,1,72,161221,2239.2,ja,en,191.91,2621,englisch,54,55,0.0455,96100000000.0,gross,2986,
9ZHRYM6F437SQJ6OUG95,Raiffeisen Bank International AG,AT,CON,2025-09-30,P3NONREMDISDOCS,20260409020455205,true,0.223,1,11,20318,1847.1,ja,en,156.71,2125,englisch,8,47,0.0,97600000000.0,gross,2540,
9ZHRYM6F437SQJ6OUG95,Raiffeisen Bank International AG,AT,CON,2025-12-31,P3NONREMDISDOCS,20260414090454969,true,5.142,1,189,459561,2431.5,ja,en,202.42,909,englisch,70,36,0.0238,100900000000.0,gross,6565,
9ZHRYM6F437SQJ6OUG95,Raiffeisen Bank International AG,AT,CON,2025-12-31,P3NONREMDISDOCS,20260619110654256,true,5.089,1,188,459550,2444.4,ja,en,202.42,909,englisch,70,36,0.0238,100900000000.0,gross,6565,
9ZHRYM6F437SQJ6OUG95,Raiffeisen Bank International AG,AT,CON,2025-12-31,P3REMDISDOCS,20260629103527000,true,0.264,1,14,40160,2868.6,ja,en,255.76,2780,englisch,70,36,0.0238,100900000000.0,gross,574,
9ZHRYM6F437SQJ6OUG95,Raiffeisen Bank International AG,AT,CON,2026-03-31,P3NONREMDISDOCS,20260605120652495,true,0.401,1,11,20476,1861.5,ja,en,153.23,2108,englisch,,,,,unbekannt,,
A5GWLFH3KM7YV2SFQL84,Belfius Bank,BE,CON,2025-06-30,P3NONREMDISDOCS,20260402114500111,true,0.21,1,9,23450,2605.6,ja,en,188.07,2414,englisch,55,39,0.0455,70580000000.0,gross,426,
A5GWLFH3KM7YV2SFQL84,Belfius Bank,BE,CON,2025-09-30,P3NONREMDISDOCS,20260402114500111,true,0.175,1,5,8699,1739.8,ja,en,214.47,1147,englisch,8,47,0.0,70880000000.0,gross,1087,
A5GWLFH3KM7YV2SFQL84,Belfius Bank,BE,CON,2025-12-31,P3NONREMDISDOCS,20260402114500111,true,0.899,1,70,238783,3411.2,ja,en,155.83,2060,englisch,75,24,0.0227,72150000000.0,gross,3184,
A5GWLFH3KM7YV2SFQL84,Belfius Bank,BE,CON,2025-12-31,P3REMDISDOCS,20260616164138000,true,0.42,1,16,38390,2399.4,ja,en,250.75,2668,englisch,75,24,0.0227,72150000000.0,gross,512,
A5GWLFH3KM7YV2SFQL84,Belfius Bank,BE,CON,2026-03-31,P3NONREMDISDOCS,20260624164600000,true,0.27,1,10,29751,2975.1,ja,en,131.1,1640,englisch,8,46,0.0,70720000000.0,gross,3719,
AT0000000000043000VB,VOLKSBANK WIEN AG VB,AT,CON,2025-12-31,P3NONREMDISDOCS,20260605120626801,true,1.962,1,188,586125,3117.7,ja,de,227.3,1597,landessprache,56,43,0.0227,16190000000.0,mittel,10467,
B64D6Y3LBJS4ANNPCU93,NIBC Bank N.V.,NL,CON,2025-12-31,P3NONREMDISDOCS,20260512165201000,true,2.441,1,93,260153,2797.3,ja,en,195.01,2646,englisch,56,58,0.1818,6783000000.0,mittel,4646,
B81CK4ESI35472RHJ606,Landesbank Baden-Württemberg,DE,CON,2026-03-31,P3NONREMDISDOCS,20260603070000000,true,0.567,1,20,38059,1903.0,ja,de,147.85,1860,landessprache,8,46,0.0,89160000000.0,gross,4757,
BB3BGO3LCED63R8R9R41,BANK POLSKIEJ SPOLDZIELCZOSCI S.A.,PL,CON,2025-12-31,P3NONREMDISDOCS,20260610092155000,true,0.482,1,6,17680,2946.7,ja,pl,116.5,1442,landessprache,50,36,0.1,1686000000.0,klein,354,
BB3BGO3LCED63R8R9R41,BANK POLSKIEJ SPOLDZIELCZOSCI S.A.,PL,CON,2025-12-31,P3NONREMDISDOCS,20260630134153000,true,1.295,1,70,250712,3581.6,ja,pl,109.9,1465,landessprache,50,36,0.1,1686000000.0,klein,5014,
BFXS5XCH7N0Y05NIXW11,ABN AMRO Bank N.V.,NL,CON,2025-06-30,P3NONREMDISDOCS,20260128140001888,true,1.095,1,121,351970,2908.8,ja,en,192.64,2798,englisch,50,44,0.0,139800000000.0,gross,7039,
BFXS5XCH7N0Y05NIXW11,ABN AMRO Bank N.V.,NL,CON,2025-09-30,P3NONREMDISDOCS,20260128140001888,true,0.421,1,14,32880,2348.6,ja,en,216.33,2732,englisch,7,48,0.0,143100000000.0,gross,4697,
BFXS5XCH7N0Y05NIXW11,ABN AMRO Bank N.V.,NL,CON,2025-12-31,P3NONREMDISDOCS,20260312140001888,true,1.57,1,174,488292,2806.3,ja,en,212.5,2913,englisch,70,29,0.0,135400000000.0,gross,6976,
BFXS5XCH7N0Y05NIXW11,ABN AMRO Bank N.V.,NL,CON,2025-12-31,P3REMDISDOCS,20260312150001888,true,0.413,1,19,53791,2831.1,ja,en,134.09,3438,englisch,70,29,0.0,135400000000.0,gross,768,
BFXS5XCH7N0Y05NIXW11,ABN AMRO Bank N.V.,NL,CON,2026-03-31,P3NONREMDISDOCS,20260602083001888,true,0.607,1,14,30531,2180.8,ja,en,207.37,2604,englisch,7,47,0.0,136600000000.0,gross,4362,
CXUHEGU3MADZ2CEV7C11,Eurobank Limited,CY,CON,2025-12-31,P3NONREMDISDOCS,20260427115155153,true,3.103,1,175,598289,3418.8,ja,en,176.33,431,englisch,44,55,0.0417,8617000000.0,mittel,13597,
CXUHEGU3MADZ2CEV7C11,Eurobank Limited,CY,CON,2025-12-31,P3REMDISDOCS,20260630145649394,true,0.587,1,25,80265,3210.6,ja,en,259.16,2184,englisch,44,55,0.0417,8617000000.0,mittel,1824,
D1HEB8VEU6D9M8ZUXG17,UniCredit Bank Austria AG,AT,CON,2025-06-30,P3NONREMDISDOCS,20260316164212345,true,2.153,1,53,130102,2454.8,ja,en,182.95,2498,englisch,30,49,0.1667,,unbekannt,4337,
D1HEB8VEU6D9M8ZUXG17,UniCredit Bank Austria AG,AT,CON,2025-09-30,P3NONREMDISDOCS,20260317132734456,true,1.342,1,13,26841,2064.7,ja,en,195.58,2577,englisch,8,47,0.3333,,unbekannt,3355,
D1HEB8VEU6D9M8ZUXG17,UniCredit Bank Austria AG,AT,CON,2025-12-31,P3NONREMDISDOCS,20260319090401000,true,1.808,1,67,178972,2671.2,ja,en,213.68,2602,englisch,37,47,0.0,,unbekannt,4837,
D1HEB8VEU6D9M8ZUXG17,UniCredit Bank Austria AG,AT,CON,2025-12-31,P3NONREMDISDOCS,20260521143717123,true,2.682,2,84,224487,2672.5,ja,en,260.26,2901,englisch,37,47,0.0,,unbekannt,6067,
D1HEB8VEU6D9M8ZUXG17,UniCredit Bank Austria AG,AT,CON,2026-03-31,P3NONREMDISDOCS,20260521192017123,true,0.963,1,13,28244,2172.6,ja,en,194.7,2604,englisch,8,46,0.3333,,unbekannt,3530,
DG3RU1DBUFHT4ZF9WN62,Coöperatieve Rabobank U.A.,NL,CON,2025-12-31,P3NONREMDISDOCS,20260310103830257,true,1.515,1,168,353092,2101.7,ja,en,164.65,2642,englisch,61,38,0.1818,239200000000.0,gross,5788,
DG3RU1DBUFHT4ZF9WN62,Coöperatieve Rabobank U.A.,NL,CON,2025-12-31,P3NONREMDISDOCS,20260323083520257,true,1.52,1,168,353083,2101.7,ja,en,164.65,2642,englisch,61,38,0.1818,239200000000.0,gross,5788,
DG3RU1DBUFHT4ZF9WN62,Coöperatieve Rabobank U.A.,NL,CON,2025-12-31,P3NONREMDISDOCS,20260526101730257,true,1.521,1,168,353116,2101.9,ja,en,164.65,2642,englisch,61,38,0.1818,239200000000.0,gross,5789,
DG3RU1DBUFHT4ZF9WN62,Coöperatieve Rabobank U.A.,NL,CON,2026-03-31,P3NONREMDISDOCS,20260521121730264,true,10.804,1,18,24835,1379.7,ja,en,153.78,2328,englisch,8,46,0.0,245700000000.0,gross,3104,
DIZES5CFO5K3I5R58746,Landesbank Hessen-Thüringen Girozentrale,DE,CON,2025-06-30,P3NONREMDISDOCS,20260423162244325,true,1.417,1,113,350441,3101.2,ja,de,186.33,2238,landessprache,54,32,0.0,56500000000.0,gross,6490,
DIZES5CFO5K3I5R58746,Landesbank Hessen-Thüringen Girozentrale,DE,CON,2025-06-30,P3NONREMDISDOCS,20260427162244325,true,1.337,1,113,350441,3101.2,ja,de,186.33,2238,landessprache,54,32,0.0,56500000000.0,gross,6490,
DIZES5CFO5K3I5R58746,Landesbank Hessen-Thüringen Girozentrale,DE,CON,2025-09-30,P3NONREMDISDOCS,20260420100844325,true,0.544,1,29,79543,2742.9,ja,de,193.9,2264,landessprache,10,45,0.0,55980000000.0,gross,7954,
DIZES5CFO5K3I5R58746,Landesbank Hessen-Thüringen Girozentrale,DE,CON,2025-12-31,P3NONREMDISDOCS,20260430103244325,true,2.517,2,264,1056463,4001.8,ja,de,196.6,2238,landessprache,86,13,0.0,55980000000.0,gross,12284,
DIZES5CFO5K3I5R58746,Landesbank Hessen-Thüringen Girozentrale,DE,CON,2026-03-31,P3NONREMDISDOCS,20260609163244325,true,0.625,1,29,85552,2950.1,ja,de,194.52,2298,landessprache,8,46,0.0,57560000000.0,gross,10694,
DSNHHQ2B9X5N6OUJ1236,Norddeutsche Landesbank - Girozentrale -,DE,CON,2025-12-31,P3NONREMDISDOCS,20260504100930211,true,0.04,0,0,0,,,,,0,unsicher,75,24,0.0,40940000000.0,gross,,
DSNHHQ2B9X5N6OUJ1236,Norddeutsche Landesbank - Girozentrale -,DE,CON,2025-12-31,P3NONREMDISDOCS,20260519085111111,true,2.133,1,248,585090,2359.2,ja,de,110.8,2121,landessprache,75,24,0.0,40940000000.0,gross,7801,
DSNHHQ2B9X5N6OUJ1236,Norddeutsche Landesbank - Girozentrale -,DE,CON,2025-12-31,P3REMDISDOCS,20260608111746222,true,0.772,1,31,81968,2644.1,ja,de,233.62,2106,landessprache,75,24,0.0,40940000000.0,gross,1093,
DSNHHQ2B9X5N6OUJ1236,Norddeutsche Landesbank - Girozentrale -,DE,CON,2026-03-31,P3NONREMDISDOCS,20260603105111222,true,0.304,1,28,40368,1441.7,ja,de,146.2,2134,landessprache,8,46,0.0,42040000000.0,gross,5046,
DZZ47B9A52ZJ6LT6VV95,Deutsche Pfandbriefbank AG,DE,CON,2025-06-30,P3NONREMDISDOCS,20260602171000000,true,3.873,2,237,710146,2996.4,ja,en,246.13,2775,englisch,42,52,0.0,17670.0,klein,16908,
DZZ47B9A52ZJ6LT6VV95,Deutsche Pfandbriefbank AG,DE,CON,2025-12-31,P3NONREMDISDOCS,20260611154000000,true,8.981,6,531,1645683,3099.2,ja,en,106.81,2584,englisch,66,33,0.0455,17500000000.0,mittel,24935,
DZZ47B9A52ZJ6LT6VV95,Deutsche Pfandbriefbank AG,DE,CON,2026-03-31,P3NONREMDISDOCS,20260626111100000,true,0.665,2,48,118391,2466.5,ja,en,245.93,2761,englisch,7,47,0.0,18000000000.0,mittel,16913,
EQYXK86SF381Q21S3020,Bank of America Europe Designated Activity Company,IE,IND,2025-06-30,P3NONREMDISDOCS,20260129124624000,true,0.251,1,14,23586,1684.7,ja,en,136.76,2625,landessprache,5,58,0.9167,55530000000.0,gross,4717,
EQYXK86SF381Q21S3020,Bank of America Europe Designated Activity Company,IE,IND,2025-09-30,P3NONREMDISDOCS,20260129124624000,true,0.196,1,8,11557,1444.6,ja,en,226.97,1498,landessprache,1,7,,,unbekannt,11557,
EQYXK86SF381Q21S3020,Bank of America Europe Designated Activity Company,IE,IND,2025-12-31,P3NONREMDISDOCS,20260511123811000,true,2.122,1,168,488932,2910.3,ja,en,144.12,1131,landessprache,58,43,0.025,60450000000.0,gross,8430,
EQYXK86SF381Q21S3020,Bank of America Europe Designated Activity Company,IE,IND,2025-12-31,P3REMDISDOCS,20260511123811000,true,0.668,1,15,37954,2530.3,ja,en,260.01,2723,landessprache,58,43,0.025,60450000000.0,gross,654,
EV2XZWMLLXF2QRX0CD47,Kommuninvest - Grupp,SE,CON,2025-06-30,P3NONREMDISDOCS,20260303151319000,true,2.656,1,52,108541,2087.3,ja,en,154.66,2554,englisch,35,51,0.1429,302300000.0,klein,3101,
EV2XZWMLLXF2QRX0CD47,Kommuninvest - Grupp,SE,CON,2025-09-30,P3NONREMDISDOCS,20260304151319000,true,0.47,1,10,23486,2348.6,ja,en,130.4,2224,englisch,4,51,0.0,276700000.0,klein,5872,
EV2XZWMLLXF2QRX0CD47,Kommuninvest - Grupp,SE,CON,2025-12-31,P3NONREMDISDOCS,20260415135319000,true,13.507,1,67,0,0.0,nein,,,0,unsicher,46,45,0.1905,312800000.0,klein,,
EV2XZWMLLXF2QRX0CD47,Kommuninvest - Grupp,SE,CON,2025-12-31,P3REMDISDOCS,20260415135319000,true,0.624,1,3,0,0.0,nein,,,0,unsicher,46,45,0.1905,312800000.0,klein,,
EV2XZWMLLXF2QRX0CD47,Kommuninvest - Grupp,SE,CON,2026-03-31,P3NONREMDISDOCS,20260528135319000,true,0.299,1,8,19486,2435.8,ja,en,123.4,2342,englisch,4,50,0.0,288900000.0,klein,4872,
F0HUI1NY1AZMJMD8LP67,HSBC Continental Europe,FR,CON,2025-06-30,P3NONREMDISDOCS,20260619170754314,true,2.106,1,107,485772,4539.9,ja,en,223.78,2784,englisch,54,32,0.0,67610000000.0,gross,8996,
F0HUI1NY1AZMJMD8LP67,HSBC Continental Europe,FR,CON,2025-12-31,P3NONREMDISDOCS,20260618051854314,true,1.945,1,110,512474,4658.9,ja,en,209.91,2744,englisch,59,32,0.119,60300000000.0,gross,8686,
F3JS33DEI6XQ4ZBPTN86,Skandinaviska Enskilda Banken - gruppen,SE,CON,2025-06-30,P3NONREMDISDOCS,20260610110900001,true,0.969,1,90,145298,1614.4,ja,en,148.43,2540,englisch,54,40,0.0,88810000000.0,gross,2691,
F3JS33DEI6XQ4ZBPTN86,Skandinaviska Enskilda Banken - gruppen,SE,CON,2025-09-30,P3NONREMDISDOCS,20260527092800001,true,0.146,1,13,17817,1370.5,ja,en,146.31,2153,englisch,10,45,0.0,88600000000.0,gross,1782,
F3JS33DEI6XQ4ZBPTN86,Skandinaviska Enskilda Banken - gruppen,SE,CON,2025-12-31,P3NONREMDISDOCS,20260527105400001,true,1.249,1,113,442187,3913.2,ja,en,185.31,2709,englisch,74,25,0.0,91130000000.0,gross,5976,
F3JS33DEI6XQ4ZBPTN86,Skandinaviska Enskilda Banken - gruppen,SE,CON,2025-12-31,P3REMDISDOCS,20260527105400001,true,1.249,1,113,442187,3913.2,ja,en,185.31,2709,englisch,74,25,0.0,91130000000.0,gross,5976,
F3JS33DEI6XQ4ZBPTN86,Skandinaviska Enskilda Banken - gruppen,SE,CON,2026-03-31,P3NONREMDISDOCS,20260506090300001,true,0.143,1,12,17258,1438.2,ja,en,144.53,2055,englisch,9,45,0.0,92410000000.0,gross,1918,
FR9695005MSX1OYEMGDF,Groupe BPCE,FR,CON,2025-06-30,P3NONREMDISDOCS,20251218060000000,true,20.819,1,236,489236,2073.0,ja,en,213.26,2579,englisch,52,42,0.0455,451900000000.0,gross,9408,
FR9695005MSX1OYEMGDF,Groupe BPCE,FR,CON,2025-06-30,P3NONREMDISDOCS,20260204060000002,true,20.98,1,236,541350,2293.9,ja,fr,62.99,2699,landessprache,52,42,0.0455,451900000000.0,gross,10411,
FR9695005MSX1OYEMGDF,Groupe BPCE,FR,CON,2025-09-30,P3NONREMDISDOCS,20251218060000000,true,1.706,1,21,41805,1990.7,ja,en,125.0,2232,englisch,5,50,0.3333,455000000000.0,gross,8361,
FR9695005MSX1OYEMGDF,Groupe BPCE,FR,CON,2025-09-30,P3NONREMDISDOCS,20260204060000002,true,1.712,1,21,46549,2216.6,ja,fr,48.6,2387,landessprache,5,50,0.3333,455000000000.0,gross,9310,
FR9695005MSX1OYEMGDF,Groupe BPCE,FR,CON,2025-12-31,P3NONREMDISDOCS,20260326100000002,true,16.712,1,338,1009454,2986.6,ja,fr,46.25,2508,landessprache,100,14,0.0227,463100000000.0,gross,10095,
FR9695005MSX1OYEMGDF,Groupe BPCE,FR,CON,2025-12-31,P3REMDISDOCS,20260520100000003,true,0.386,1,10,34442,3444.2,ja,fr,103.39,2921,landessprache,100,14,0.0227,463100000000.0,gross,344,
FR9695005MSX1OYEMGDF,Groupe BPCE,FR,CON,2026-03-31,P3NONREMDISDOCS,20260520100000002,true,3.108,1,20,40978,2048.9,ja,fr,26.88,2269,landessprache,12,50,0.0,470800000000.0,gross,3415,
G8ZTNESVNKW4NN761W05,ABN AMRO Clearing Bank N.V.,NL,CON,2025-06-30,P3NONREMDISDOCS,20260211120400000,true,1.652,1,6,0,0.0,nein,,,0,unsicher,2,61,0.0,6518000000.0,mittel,,
G8ZTNESVNKW4NN761W05,ABN AMRO Clearing Bank N.V.,NL,CON,2025-12-31,P3NONREMDISDOCS,20260601163000000,true,0.854,1,50,102888,2057.8,ja,en,144.74,3033,englisch,36,45,0.0526,6694000000.0,mittel,2858,
GDI8P8WHFH4PS5YTU851,"HAITONG BANK, S.A.",PT,CON,2025-12-31,P3NONREMDISDOCS,20260630035122286,true,1.845,1,93,251785,2707.4,ja,en,182.95,1842,englisch,45,33,0.0,2112000000.0,klein,5595,
GDI8P8WHFH4PS5YTU851,"HAITONG BANK, S.A.",PT,CON,2025-12-31,P3REMDISDOCS,20260630035122285,true,0.374,1,7,20641,2948.7,ja,en,253.33,2775,englisch,45,33,0.0,2112000000.0,klein,459,
GP5DT10VX1QRQUKVBK64,AL Sydbank A/S,DK,CON,2026-03-31,P3NONREMDISDOCS,20260505110901003,true,0.17,1,2,1316,658.0,ja,en,237.86,206,englisch,7,47,0.0,18000.0,klein,188,
H0YX5LBGKDVOWCXBZ594,SBAB Bank AB - Grupp,SE,CON,2025-06-30,P3NONREMDISDOCS,20260119171114144,true,0.876,1,46,197819,4300.4,ja,en,138.94,1785,englisch,38,48,0.0476,13650000000.0,mittel,5206,
H0YX5LBGKDVOWCXBZ594,SBAB Bank AB - Grupp,SE,CON,2026-03-31,P3NONREMDISDOCS,20260427181522233,true,0.668,1,9,32108,3567.6,ja,en,119.15,1133,englisch,8,46,0.0,13970000000.0,mittel,4014,
H8MIG1MMPR6JXUQVBM04,Bank BPH S.A.,PL,IND,2025-12-31,P3NONREMDISDOCS,20260603165836396,true,0.195,1,34,76486,2249.6,ja,pl,130.1,2452,landessprache,14,62,0.0,574600.0,klein,5463,
H8MIG1MMPR6JXUQVBM04,Bank BPH S.A.,PL,IND,2025-12-31,P3REMDISDOCS,20260601142039912,true,0.137,1,6,16042,2673.7,ja,pl,140.62,1977,landessprache,14,62,0.0,574600.0,klein,1146,
HWIPDOTRM1EKRPKYKH81,Northern Trust Global Services SE,LU,IND,2025-12-31,P3NONREMDISDOCS,20260616115945003,true,0.753,1,42,106588,2537.8,ja,en,211.01,1853,englisch,19,65,0.0,1419000000.0,klein,5610,
HWIPDOTRM1EKRPKYKH81,Northern Trust Global Services SE,LU,IND,2025-12-31,P3REMDISDOCS,20260616115945004,true,0.324,1,10,22340,2234.0,ja,en,225.06,2697,englisch,19,65,0.0,1419000000.0,klein,1176,
I6SS27Q1Q3385V753S50,Raiffeisenlandesbank Oberösterreich Aktiengesellschaft,AT,IND,2025-06-30,P3NONREMDISDOCS,20260326010348100,true,1.193,1,87,169100,1943.7,ja,de,158.59,2043,landessprache,31,55,0.0,27710000000.0,mittel,5455,
I6SS27Q1Q3385V753S50,Raiffeisenlandesbank Oberösterreich Aktiengesellschaft,AT,IND,2025-09-30,P3NONREMDISDOCS,20260326010348101,true,0.356,1,18,27746,1541.4,ja,de,149.26,1695,landessprache,4,51,0.0,27900000000.0,mittel,6936,
I6SS27Q1Q3385V753S50,Raiffeisenlandesbank Oberösterreich Aktiengesellschaft,AT,IND,2025-12-31,P3NONREMDISDOCS,20260326010348103,true,1.92,1,137,281097,2051.8,ja,de,65.13,2088,landessprache,30,59,0.087,28480000000.0,gross,9370,
I6USJ58BDV2BO5KP3C31,"MONETA Money Bank, a.s.",CZ,CON,2025-06-30,P3NONREMDISDOCS,20260319141632001,true,1.284,1,8,14209,1776.1,ja,cs,22.88,1661,landessprache,2,61,0.0,6777000000.0,mittel,7104,
I6USJ58BDV2BO5KP3C31,"MONETA Money Bank, a.s.",CZ,CON,2025-12-31,P3NONREMDISDOCS,20260428141632001,true,0.793,1,61,246474,4040.6,ja,cs,21.85,1693,landessprache,41,37,0.0,6800000000.0,mittel,6012,
J48C8PCSJVUBR8KCW529,BANCA POPOLARE DI SONDRIO SOCIETA' PER AZIONI,IT,CON,2025-06-30,P3NONREMDISDOCS,20251218164431309,true,1.142,1,234,618161,2641.7,ja,it,139.51,2559,landessprache,49,45,0.0,26460000000.0,mittel,12616,
J48C8PCSJVUBR8KCW529,BANCA POPOLARE DI SONDRIO SOCIETA' PER AZIONI,IT,CON,2025-09-30,P3NONREMDISDOCS,20251218154431309,true,0.328,1,33,79419,2406.6,ja,it,127.65,2734,landessprache,6,49,0.0,24330000000.0,mittel,13236,
J4CP7MHCXR8DAQMKIL78,Banca Monte dei Paschi di Siena S.p.A.,IT,CON,2025-06-30,P3NONREMDISDOCS,20251203140956870,true,2.315,1,106,286982,2707.4,ja,it,103.67,2151,landessprache,47,47,0.0,45860000000.0,gross,6106,
J4CP7MHCXR8DAQMKIL78,Banca Monte dei Paschi di Siena S.p.A.,IT,CON,2025-09-30,P3NONREMDISDOCS,20251203140956870,true,0.657,1,20,36025,1801.2,ja,it,118.82,2104,landessprache,6,49,0.0,85040000000.0,gross,6004,
J4CP7MHCXR8DAQMKIL78,Banca Monte dei Paschi di Siena S.p.A.,IT,CON,2025-12-31,P3NONREMDISDOCS,20251203140956869,true,4.357,1,270,791730,2932.3,ja,it,112.1,2248,landessprache,76,23,0.0227,87710000000.0,gross,10418,
J4CP7MHCXR8DAQMKIL78,Banca Monte dei Paschi di Siena S.p.A.,IT,CON,2025-12-31,P3REMDISDOCS,20251203140956871,true,0.133,1,4,14243,3560.8,ja,it,158.12,1910,landessprache,76,23,0.0227,87710000000.0,gross,187,
J4CP7MHCXR8DAQMKIL78,Banca Monte dei Paschi di Siena S.p.A.,IT,CON,2026-03-31,P3NONREMDISDOCS,20260521153602223,true,0.684,1,20,30168,1508.4,ja,it,114.63,2085,landessprache,7,47,0.0,89810000000.0,gross,4310,
JU1U6S0DG9YLT7N8ZV32,"Banco Comercial Português, SA",PT,CON,2025-12-31,P3NONREMDISDOCS,20260625143000123,true,8.093,1,249,732257,2940.8,ja,en,257.1,1268,englisch,74,25,0.0,42900000000.0,gross,9895,
JU1U6S0DG9YLT7N8ZV32,"Banco Comercial Português, SA",PT,CON,2025-12-31,P3REMDISDOCS,20260625143035456,true,0.584,1,17,40999,2411.7,ja,en,307.15,2979,englisch,74,25,0.0,42900000000.0,gross,554,
K8MS7FD7N5Z2WQ51AZ71,"Banco Bilbao Vizcaya Argentaria, S.A.",ES,CON,2025-06-30,P3NONREMDISDOCS,20251204140901003,true,9.388,1,225,721744,3207.8,ja,es,123.48,2640,landessprache,48,46,0.0455,,unbekannt,15036,
K8MS7FD7N5Z2WQ51AZ71,"Banco Bilbao Vizcaya Argentaria, S.A.",ES,CON,2025-12-31,P3NONREMDISDOCS,20260323103101003,true,8.984,1,450,1401747,3115.0,ja,es,123.85,2729,landessprache,86,15,0.0,397200000000.0,gross,16299,
K8MS7FD7N5Z2WQ51AZ71,"Banco Bilbao Vizcaya Argentaria, S.A.",ES,CON,2025-12-31,P3NONREMDISDOCS,20260623123101006,true,9.126,2,422,1302550,3086.6,ja,es,123.99,2726,landessprache,86,15,0.0,397200000000.0,gross,15146,
K8MS7FD7N5Z2WQ51AZ71,"Banco Bilbao Vizcaya Argentaria, S.A.",ES,CON,2026-03-31,P3NONREMDISDOCS,20260522145001003,true,2.181,1,45,97597,2168.8,ja,es,156.82,2506,landessprache,8,46,0.0,408900000000.0,gross,12200,
KFUXYFTU2LHQFQZDQG45,Kereskedelmi és Hitelbank csoport,HU,CON,2025-06-30,P3NONREMDISDOCS,20260623145618000,true,0.766,1,17,40145,2361.5,ja,en,231.06,2666,englisch,27,65,0.3333,7592000000.0,mittel,1487,
KFUXYFTU2LHQFQZDQG45,Kereskedelmi és Hitelbank csoport,HU,CON,2025-09-30,P3NONREMDISDOCS,20260623145518000,true,0.638,1,8,8520,1065.0,ja,en,229.96,1135,englisch,7,48,0.0,7540000000.0,mittel,1217,
KFUXYFTU2LHQFQZDQG45,Kereskedelmi és Hitelbank csoport,HU,CON,2025-12-31,P3NONREMDISDOCS,20260623145520000,true,0.562,1,27,70807,2622.5,ja,en,247.96,2569,englisch,36,61,0.1304,8332000000.0,mittel,1967,
KFUXYFTU2LHQFQZDQG45,Kereskedelmi és Hitelbank csoport,HU,CON,2025-12-31,P3REMDISDOCS,20260603145518000,true,0.242,1,5,9956,1991.2,ja,en,231.82,1458,englisch,36,61,0.1304,8332000000.0,mittel,277,
KGCEPHLVVKVRZYO1T647,BNP Paribas Fortis,BE,CON,2025-06-30,P3NONREMDISDOCS,20260401093341088,true,3.288,1,39,6326,162.2,nein,en,190.34,704,englisch,26,88,0.4,187800000000.0,gross,243,
KGCEPHLVVKVRZYO1T647,BNP Paribas Fortis,BE,CON,2025-06-30,P3REMDISDOCS,20260327104103757,true,0.0,0,0,0,,,,,0,unsicher,26,88,0.4,187800000000.0,gross,,
KGCEPHLVVKVRZYO1T647,BNP Paribas Fortis,BE,CON,2025-09-30,P3NONREMDISDOCS,20260401093341089,true,1.961,1,12,11035,919.6,ja,en,211.37,1443,englisch,8,106,0.0,184100000000.0,gross,1379,
KGCEPHLVVKVRZYO1T647,BNP Paribas Fortis,BE,CON,2025-09-30,P3REMDISDOCS,20260327104103759,true,0.0,0,0,0,,,,,0,unsicher,8,106,0.0,184100000000.0,gross,,
KGCEPHLVVKVRZYO1T647,BNP Paribas Fortis,BE,CON,2025-12-31,P3NONREMDISDOCS,20260401093341085,true,3.285,2,110,293530,2668.5,ja,en,176.1,2226,englisch,39,67,0.125,186600000000.0,gross,7526,
KGCEPHLVVKVRZYO1T647,BNP Paribas Fortis,BE,CON,2025-12-31,P3REMDISDOCS,20260327104103752,true,0.717,1,14,38766,2769.0,ja,en,262.92,2864,englisch,39,67,0.125,186600000000.0,gross,994,
KGCEPHLVVKVRZYO1T647,BNP Paribas Fortis,BE,CON,2026-03-31,P3NONREMDISDOCS,20260616093341089,true,1.168,1,12,10461,871.8,ja,en,211.44,1433,englisch,6,108,0.0,187900000000.0,gross,1744,
KGCEPHLVVKVRZYO1T647,BNP Paribas Fortis,BE,CON,2026-03-31,P3REMDISDOCS,20260616104103759,true,0.0,0,0,0,,,,,0,unsicher,6,108,0.0,187900000000.0,gross,,
KR6LSKV3BTSJRD41IF75,"UniCredit Bank Czech Republic and Slovakia, a.s.",CZ,CON,2025-06-30,P3NONREMDISDOCS,20260610092715001,true,1.101,1,73,100330,1374.4,ja,en,86.75,1902,englisch,30,49,0.0,12620000000.0,mittel,3344,
KR6LSKV3BTSJRD41IF75,"UniCredit Bank Czech Republic and Slovakia, a.s.",CZ,CON,2025-09-30,P3NONREMDISDOCS,20260601132212578,true,0.753,1,24,17919,746.6,ja,en,74.69,2102,englisch,8,47,0.3333,,unbekannt,2240,
KR6LSKV3BTSJRD41IF75,"UniCredit Bank Czech Republic and Slovakia, a.s.",CZ,CON,2025-12-31,P3NONREMDISDOCS,20260610130158607,true,1.15,1,82,140730,1716.2,ja,en,75.64,1798,englisch,35,49,0.0,12900000000.0,mittel,4021,
KR6LSKV3BTSJRD41IF75,"UniCredit Bank Czech Republic and Slovakia, a.s.",CZ,CON,2025-12-31,P3NONREMDISDOCS,20260630075928167,true,1.197,1,80,140690,1758.6,ja,en,75.64,1798,englisch,35,49,0.0,12900000000.0,mittel,4020,
KR6LSKV3BTSJRD41IF75,"UniCredit Bank Czech Republic and Slovakia, a.s.",CZ,CON,2025-12-31,P3REMDISDOCS,20260610130158608,true,1.755,1,10,15820,1582.0,ja,cs,25.6,1992,landessprache,35,49,0.0,12900000000.0,mittel,452,
KR6LSKV3BTSJRD41IF75,"UniCredit Bank Czech Republic and Slovakia, a.s.",CZ,CON,2026-03-31,P3NONREMDISDOCS,20260629083625083,true,0.256,1,23,19626,853.3,ja,en,87.74,2268,englisch,8,46,0.3333,,unbekannt,2453,
KX1WK48MPD4Y2NCUIZ63,Natixis,FR,CON,2025-06-30,P3NONREMDISDOCS,20251219170000001,true,12.03,1,620,2766048,4461.4,ja,fr,98.28,2849,landessprache,43,28,0.0,103500000000.0,gross,64327,
KX1WK48MPD4Y2NCUIZ63,Natixis,FR,CON,2025-12-31,P3NONREMDISDOCS,20260318170000001,true,7.612,1,728,2818049,3870.9,ja,fr,83.61,2703,landessprache,65,11,0.0,106800000000.0,gross,43355,
KX1WK48MPD4Y2NCUIZ63,Natixis,FR,CON,2025-12-31,P3NONREMDISDOCS,20260605150000001,true,2.745,1,19,39920,2101.1,ja,fr,104.36,2846,landessprache,65,11,0.0,106800000000.0,gross,614,
LIU16F6VZJSD6UKHD557,Nykredit Realkredit A/S,DK,CON,2025-12-31,P3NONREMDISDOCS,20260220140400000,true,6.288,2,114,564276,4949.8,ja,da,31.44,2449,landessprache,64,27,0.0,69950000000.0,gross,8817,
LOO0AWXR8GF142JCO404,CASSA CENTRALE BANCA - CREDITO COOPERATIVO ITALIANOSOCIETA' PER AZIONI (IN SIGLA CASSA CENTRALE BANCA),IT,CON,2025-06-30,P3NONREMDISDOCS,20260205152901008,true,2.112,1,157,392588,2500.6,ja,it,139.46,2775,landessprache,36,58,0.0,33030000000.0,gross,10905,
LOO0AWXR8GF142JCO404,CASSA CENTRALE BANCA - CREDITO COOPERATIVO ITALIANOSOCIETA' PER AZIONI (IN SIGLA CASSA CENTRALE BANCA),IT,CON,2025-09-30,P3NONREMDISDOCS,20260210154406008,true,0.504,1,25,54801,2192.0,ja,it,137.82,2779,landessprache,4,51,0.0,33210000000.0,gross,13700,
LOO0AWXR8GF142JCO404,CASSA CENTRALE BANCA - CREDITO COOPERATIVO ITALIANOSOCIETA' PER AZIONI (IN SIGLA CASSA CENTRALE BANCA),IT,CON,2025-12-31,P3NONREMDISDOCS,20260623103102008,true,3.313,1,341,787497,2309.4,ja,it,128.05,2624,landessprache,57,42,0.0682,33610000000.0,gross,13816,
LOO0AWXR8GF142JCO404,CASSA CENTRALE BANCA - CREDITO COOPERATIVO ITALIANOSOCIETA' PER AZIONI (IN SIGLA CASSA CENTRALE BANCA),IT,CON,2025-12-31,P3REMDISDOCS,20260623103215015,true,0.518,1,34,71342,2098.3,ja,it,136.6,2694,landessprache,57,42,0.0682,33610000000.0,gross,1252,
M312WZV08Y7LYUC71685,Swedbank - Grupp,SE,CON,2025-06-30,P3NONREMDISDOCS,20260115140132123,true,1.427,1,56,153034,2732.8,ja,en,103.29,1762,englisch,57,37,0.0,79710000000.0,gross,2685,
M312WZV08Y7LYUC71685,Swedbank - Grupp,SE,CON,2025-09-30,P3NONREMDISDOCS,20260119093405642,true,1.07,1,11,26493,2408.5,ja,en,144.66,2295,englisch,12,51,0.0,81470000000.0,gross,2208,
M312WZV08Y7LYUC71685,Swedbank - Grupp,SE,CON,2025-12-31,P3NONREMDISDOCS,20260519145203785,true,1.909,1,1,265,265.0,ja,,,42,unsicher,88,11,0.0,86130000000.0,gross,3,
M312WZV08Y7LYUC71685,Swedbank - Grupp,SE,CON,2025-12-31,P3REMDISDOCS,20260310150203456,true,0.5,1,8,21647,2705.9,ja,en,217.57,2675,englisch,88,11,0.0,86130000000.0,gross,246,
M312WZV08Y7LYUC71685,Swedbank - Grupp,SE,CON,2026-03-31,P3NONREMDISDOCS,20260521113302565,true,1.217,1,1,284,284.0,ja,,,46,unsicher,10,44,0.0,87250000000.0,gross,28,
M6AD1Y1KW32H8THQ6F76,Piraeus Financial Holdings,GR,CON,2025-06-30,P3NONREMDISDOCS,20260216115732001,true,2.756,1,165,466952,2830.0,ja,en,175.12,2010,englisch,45,41,0.0,36120000000.0,gross,10377,
M6AD1Y1KW32H8THQ6F76,Piraeus Financial Holdings,GR,CON,2025-09-30,P3NONREMDISDOCS,20260216103232001,true,0.268,1,8,23577,2947.1,ja,en,193.47,2326,englisch,3,52,0.0,36600000000.0,gross,7859,
MAES062Z21O4RZ2U7M96,Danske Bank A/S,DK,CON,2025-06-30,P3NONREMDISDOCS,20260526123456000,true,1.04,1,71,188190,2650.6,ja,en,190.06,2757,englisch,46,48,0.0,108000000000.0,gross,4091,
MAES062Z21O4RZ2U7M96,Danske Bank A/S,DK,CON,2025-09-30,P3NONREMDISDOCS,20260522144900000,true,0.237,1,15,24864,1657.6,ja,en,159.43,1888,englisch,8,47,0.0,106900000000.0,gross,3108,
MAES062Z21O4RZ2U7M96,Danske Bank A/S,DK,CON,2025-12-31,P3NONREMDISDOCS,20260527123456000,true,3.278,2,147,425589,2895.2,ja,en,185.68,2849,englisch,70,29,0.0455,110100000000.0,gross,6080,
MAES062Z21O4RZ2U7M96,Danske Bank A/S,DK,CON,2025-12-31,P3REMDISDOCS,20260519140000000,true,0.138,1,7,19793,2827.6,ja,en,253.79,2904,englisch,70,29,0.0455,110100000000.0,gross,283,
MAES062Z21O4RZ2U7M96,Danske Bank A/S,DK,CON,2026-03-31,P3NONREMDISDOCS,20260522132400000,true,0.241,1,15,25411,1694.1,ja,en,164.25,2003,englisch,8,46,0.0,112100000000.0,gross,3176,
MKP1B7E76TN04CD85Z79,BANK OCHRONY ŚRODOWISKA SA,PL,CON,2025-06-30,P3NONREMDISDOCS,20260323143524200,true,0.532,1,13,34443,2649.5,ja,pl,86.13,2264,landessprache,2,61,0.0,3309000000.0,klein,17222,
MKP1B7E76TN04CD85Z79,BANK OCHRONY ŚRODOWISKA SA,PL,CON,2025-12-31,P3NONREMDISDOCS,20260415160221563,true,2.215,1,142,464420,3270.6,ja,pl,93.04,1666,landessprache,43,43,0.0,3381000000.0,klein,10800,
MKP1B7E76TN04CD85Z79,BANK OCHRONY ŚRODOWISKA SA,PL,CON,2025-12-31,P3REMDISDOCS,20260415161821563,true,2.215,1,142,464420,3270.6,ja,pl,93.04,1666,landessprache,43,43,0.0,3381000000.0,klein,10800,
MMYX0N4ZEZ13Z4XCG897,THE BANK OF NEW YORK MELLON,BE,IND,2025-06-30,P3NONREMDISDOCS,20251203142000000,true,0.577,1,23,87264,3794.1,ja,en,245.63,2459,englisch,5,58,0.9167,6105000000.0,mittel,17453,
MMYX0N4ZEZ13Z4XCG897,THE BANK OF NEW YORK MELLON,BE,IND,2025-09-30,P3NONREMDISDOCS,20251203142000000,true,0.506,1,20,75051,3752.6,ja,en,248.15,2563,englisch,2,6,,,unbekannt,37526,
MMYX0N4ZEZ13Z4XCG897,THE BANK OF NEW YORK MELLON,BE,IND,2025-12-31,P3NONREMDISDOCS,20260526090751000,true,1.759,1,112,441583,3942.7,ja,en,138.1,630,englisch,47,39,0.125,6092000000.0,mittel,9395,
MMYX0N4ZEZ13Z4XCG897,THE BANK OF NEW YORK MELLON,BE,IND,2025-12-31,P3REMDISDOCS,20260526090751000,true,0.159,1,8,23486,2935.8,ja,en,255.13,2924,englisch,47,39,0.125,6092000000.0,mittel,500,
N1FBEDJ5J41VKZLO2475,Citibank Europe plc,IE,CON,2025-06-30,P3NONREMDISDOCS,20260611000000006,true,0.002,0,0,0,,,,,0,unsicher,39,55,0.0909,78460000000.0,gross,,
N1FBEDJ5J41VKZLO2475,Citibank Europe plc,IE,CON,2025-06-30,P3NONREMDISDOCS,20260612000000001,true,2.042,1,85,341794,4021.1,ja,en,168.4,1247,landessprache,39,55,0.0909,78460000000.0,gross,8764,
N1FBEDJ5J41VKZLO2475,Citibank Europe plc,IE,CON,2025-09-30,P3NONREMDISDOCS,20260611000000007,true,0.002,0,0,0,,,,,0,unsicher,7,56,0.0,78080000000.0,gross,,
N1FBEDJ5J41VKZLO2475,Citibank Europe plc,IE,CON,2025-09-30,P3NONREMDISDOCS,20260612000000001,true,1.527,1,16,43439,2714.9,ja,en,158.75,1915,landessprache,7,56,0.0,78080000000.0,gross,6206,
N1FBEDJ5J41VKZLO2475,Citibank Europe plc,IE,CON,2025-12-31,P3NONREMDISDOCS,20260616000000001,true,2.443,1,125,554689,4437.5,ja,en,124.7,826,landessprache,24,20,0.0952,,unbekannt,23112,
N1FBEDJ5J41VKZLO2475,Citibank Europe plc,IE,CON,2025-12-31,P3NONREMDISDOCS,20260616000000002,true,0.002,0,0,0,,,,,0,unsicher,24,20,0.0952,,unbekannt,,
N1FBEDJ5J41VKZLO2475,Citibank Europe plc,IE,CON,2025-12-31,P3NONREMDISDOCS,20260630000000003,true,2.378,1,116,503347,4339.2,ja,en,127.23,841,landessprache,24,20,0.0952,,unbekannt,20973,
N1FBEDJ5J41VKZLO2475,Citibank Europe plc,IE,CON,2025-12-31,P3REMDISDOCS,20260630130000000,true,1.501,0,0,0,,,,,0,unsicher,24,20,0.0952,,unbekannt,,
N747OI7JINV7RUUH6190,BPER Banca S.p.A.,IT,CON,2025-06-30,P3NONREMDISDOCS,20250113083647123,true,6.482,2,342,1196714,3499.2,ja,it,137.46,2808,landessprache,48,46,0.0,55600000000.0,gross,24932,
N747OI7JINV7RUUH6190,BPER Banca S.p.A.,IT,CON,2025-09-30,P3NONREMDISDOCS,20260113083647123,true,3.8,2,48,104675,2180.7,ja,it,139.12,2825,landessprache,7,48,0.0,82360000000.0,gross,14954,
N747OI7JINV7RUUH6190,BPER Banca S.p.A.,IT,CON,2025-12-31,P3NONREMDISDOCS,20260622120912619,true,6.868,2,707,2527948,3575.6,ja,en,264.92,2782,englisch,69,30,0.0,80140000000.0,gross,36637,
N747OI7JINV7RUUH6190,BPER Banca S.p.A.,IT,CON,2025-12-31,P3REMDISDOCS,20260622120912619,true,3.328,2,48,108165,2253.4,ja,en,292.46,2944,englisch,69,30,0.0,80140000000.0,gross,1568,
NHBDILHZTYCNBV5UYZ31,Svenska Handelsbanken - gruppen,SE,CON,2025-06-30,P3NONREMDISDOCS,20260618094043173,true,6.969,1,49,155531,3174.1,ja,en,139.65,2227,englisch,41,53,0.0,72520000000.0,gross,3793,
NHBDILHZTYCNBV5UYZ31,Svenska Handelsbanken - gruppen,SE,CON,2025-06-30,P3NONREMDISDOCS,20260630094043173,true,6.969,1,49,155531,3174.1,ja,en,139.65,2227,englisch,41,53,0.0,72520000000.0,gross,3793,
NHBDILHZTYCNBV5UYZ31,Svenska Handelsbanken - gruppen,SE,CON,2025-09-30,P3NONREMDISDOCS,20260604094043173,true,6.969,1,49,155531,3174.1,ja,en,139.65,2227,englisch,5,50,0.0,72490000000.0,gross,31106,
NHBDILHZTYCNBV5UYZ31,Svenska Handelsbanken - gruppen,SE,CON,2025-09-30,P3NONREMDISDOCS,20260618094043173,true,3.339,1,11,21824,1984.0,ja,en,169.05,2165,englisch,5,50,0.0,72490000000.0,gross,4365,
NHBDILHZTYCNBV5UYZ31,Svenska Handelsbanken - gruppen,SE,CON,2025-09-30,P3NONREMDISDOCS,20260630094043173,true,3.339,1,11,21824,1984.0,ja,en,169.05,2165,englisch,5,50,0.0,72490000000.0,gross,4365,
NHBDILHZTYCNBV5UYZ31,Svenska Handelsbanken - gruppen,SE,CON,2025-12-31,P3NONREMDISDOCS,20260604094043173,true,6.969,1,49,155531,3174.1,ja,en,139.65,2227,englisch,73,41,0.0227,72050000000.0,gross,2131,
NHBDILHZTYCNBV5UYZ31,Svenska Handelsbanken - gruppen,SE,CON,2025-12-31,P3NONREMDISDOCS,20260630094043173,true,2.151,1,4,955,238.8,ja,en,162.96,135,englisch,73,41,0.0227,72050000000.0,gross,13,
NHBDILHZTYCNBV5UYZ31,Svenska Handelsbanken - gruppen,SE,CON,2025-12-31,P3REMDISDOCS,20260604094043173,true,4.167,1,13,40015,3078.1,ja,en,255.27,2797,englisch,73,41,0.0227,72050000000.0,gross,548,
NHBDILHZTYCNBV5UYZ31,Svenska Handelsbanken - gruppen,SE,CON,2025-12-31,P3REMDISDOCS,20260630094043173,true,4.167,1,13,40015,3078.1,ja,en,255.27,2797,englisch,73,41,0.0227,72050000000.0,gross,548,
NHBDILHZTYCNBV5UYZ31,Svenska Handelsbanken - gruppen,SE,CON,2026-03-31,P3NONREMDISDOCS,20260604164043173,true,3.393,1,11,21065,1915.0,ja,en,168.63,2206,englisch,6,48,0.0,73320000000.0,gross,3511,
NHBDILHZTYCNBV5UYZ31,Svenska Handelsbanken - gruppen,SE,CON,2026-03-31,P3NONREMDISDOCS,20260630164043173,true,3.393,1,11,21065,1915.0,ja,en,168.63,2206,englisch,6,48,0.0,73320000000.0,gross,3511,
NICH5Q04ADUV9SN3Q390,BRED - Banque populaire,FR,CON,2025-06-30,P3NONREMDISDOCS,20260110151500360,true,2.71,1,77,198092,2572.6,ja,fr,78.49,2064,landessprache,22,49,0.1667,,unbekannt,9004,
NICH5Q04ADUV9SN3Q390,BRED - Banque populaire,FR,CON,2025-12-31,P3NONREMDISDOCS,20260520090000002,true,2.049,1,63,166876,2648.8,ja,fr,106.98,2851,landessprache,29,47,0.0,,unbekannt,5754,
NMH2KF074RKAGTH4CM63,BNP PARIBAS BANK POLSKA S.A,PL,CON,2025-06-30,P3NONREMDISDOCS,20260513150553431,true,1.781,1,38,134995,3552.5,ja,pl,91.57,1933,landessprache,31,42,0.0,23120000000.0,mittel,4355,
NMH2KF074RKAGTH4CM63,BNP PARIBAS BANK POLSKA S.A,PL,CON,2025-06-30,P3REMDISDOCS,20260513150553441,true,1.781,1,38,134995,3552.5,ja,pl,91.57,1933,landessprache,31,42,0.0,23120000000.0,mittel,4355,
NMH2KF074RKAGTH4CM63,BNP PARIBAS BANK POLSKA S.A,PL,CON,2025-09-30,P3NONREMDISDOCS,20260513152153430,true,1.254,1,14,40345,2881.8,ja,pl,71.04,1661,landessprache,5,50,0.0,23320000000.0,mittel,8069,
NMH2KF074RKAGTH4CM63,BNP PARIBAS BANK POLSKA S.A,PL,CON,2025-09-30,P3REMDISDOCS,20260513152153429,true,1.254,1,14,40345,2881.8,ja,pl,71.04,1661,landessprache,5,50,0.0,23320000000.0,mittel,8069,
NMH2KF074RKAGTH4CM63,BNP PARIBAS BANK POLSKA S.A,PL,CON,2025-12-31,P3NONREMDISDOCS,20250305135453432,true,2.921,1,92,373636,4061.3,ja,pl,88.69,1601,landessprache,50,36,0.0,24570000000.0,mittel,7473,
NMH2KF074RKAGTH4CM63,BNP PARIBAS BANK POLSKA S.A,PL,CON,2025-12-31,P3REMDISDOCS,20250305155453432,true,2.921,1,92,373636,4061.3,ja,pl,88.69,1601,landessprache,50,36,0.0,24570000000.0,mittel,7473,
NMH2KF074RKAGTH4CM63,BNP PARIBAS BANK POLSKA S.A,PL,CON,2026-03-31,P3NONREMDISDOCS,20260507093153432,true,1.215,1,12,30453,2537.8,ja,pl,75.66,1890,landessprache,3,51,0.0,23990000000.0,mittel,10151,
NMH2KF074RKAGTH4CM63,BNP PARIBAS BANK POLSKA S.A,PL,CON,2026-03-31,P3REMDISDOCS,20260507113653431,true,1.215,1,12,30453,2537.8,ja,pl,75.66,1890,landessprache,3,51,0.0,23990000000.0,mittel,10151,
NNVPP80YIZGEY2314M97,ICCREA BANCA S.P.A. - ISTITUTO CENTRALE DEL CREDITO COOPERATIVO (IN FORMA ABBREVIATA: ICCREA BANCA S.P.A.),IT,CON,2025-06-30,P3NONREMDISDOCS,20260128114039180,true,2.731,1,217,622488,2868.6,ja,it,139.41,2733,landessprache,40,54,0.0,65030000000.0,gross,15562,
NNVPP80YIZGEY2314M97,ICCREA BANCA S.P.A. - ISTITUTO CENTRALE DEL CREDITO COOPERATIVO (IN FORMA ABBREVIATA: ICCREA BANCA S.P.A.),IT,CON,2025-09-30,P3NONREMDISDOCS,20260127114039180,true,0.915,1,40,71436,1785.9,ja,it,140.66,2801,landessprache,4,51,0.0,65150000000.0,gross,17859,
NNVPP80YIZGEY2314M97,ICCREA BANCA S.P.A. - ISTITUTO CENTRALE DEL CREDITO COOPERATIVO (IN FORMA ABBREVIATA: ICCREA BANCA S.P.A.),IT,CON,2025-12-31,P3NONREMDISDOCS,20260608151343283,true,5.781,1,456,1564315,3430.5,ja,it,140.93,2675,landessprache,55,44,0.0227,66440000000.0,gross,28442,
NNVPP80YIZGEY2314M97,ICCREA BANCA S.P.A. - ISTITUTO CENTRALE DEL CREDITO COOPERATIVO (IN FORMA ABBREVIATA: ICCREA BANCA S.P.A.),IT,CON,2025-12-31,P3REMDISDOCS,20260608151354283,true,1.39,1,82,210877,2571.7,ja,it,141.58,2804,landessprache,55,44,0.0227,66440000000.0,gross,3834,
NNVPP80YIZGEY2314M97,ICCREA BANCA S.P.A. - ISTITUTO CENTRALE DEL CREDITO COOPERATIVO (IN FORMA ABBREVIATA: ICCREA BANCA S.P.A.),IT,CON,2026-03-31,P3NONREMDISDOCS,20260625140000001,true,1.015,1,35,57593,1645.5,ja,it,131.4,2694,landessprache,3,51,0.0,66450000000.0,gross,19198,
O2RNE8IBXP4R0TD8PU41,Société générale S.A.,FR,CON,2025-06-30,P3NONREMDISDOCS,20260428083647121,true,0.929,1,166,355726,2142.9,ja,en,213.35,2606,englisch,81,0,0.0,388000000000.0,gross,4392,
O2RNE8IBXP4R0TD8PU41,Société générale S.A.,FR,CON,2025-09-30,P3NONREMDISDOCS,20260428083647122,true,0.663,1,21,41440,1973.3,ja,en,131.5,2114,englisch,9,54,0.0,388500000000.0,gross,4604,
O2RNE8IBXP4R0TD8PU41,Société générale S.A.,FR,CON,2025-12-31,P3NONREMDISDOCS,20260428083647123,true,3.075,1,314,960209,3058.0,ja,en,191.81,2492,englisch,81,0,0.0,393100000000.0,gross,11854,
O2RNE8IBXP4R0TD8PU41,Société générale S.A.,FR,CON,2026-03-31,P3NONREMDISDOCS,20260608083647124,true,0.713,1,21,39915,1900.7,ja,en,132.92,2084,englisch,9,53,0.0,397200000000.0,gross,4435,
P4GTT6GF1W40CVIMFR43,Powszechna Kasa Oszczednosci Bank Polski S.A.,PL,CON,2025-06-30,P3NONREMDISDOCS,20260617154617052,true,2.512,1,59,222609,3773.0,ja,pl,80.11,1785,landessprache,35,62,0.0,64460000000.0,gross,6360,
P4GTT6GF1W40CVIMFR43,Powszechna Kasa Oszczednosci Bank Polski S.A.,PL,CON,2025-09-30,P3NONREMDISDOCS,20260210124650436,true,0.456,1,10,36780,3678.0,ja,pl,92.94,2109,landessprache,3,52,0.0,65720000000.0,gross,12260,
P4GTT6GF1W40CVIMFR43,Powszechna Kasa Oszczednosci Bank Polski S.A.,PL,CON,2025-12-31,P3NONREMDISDOCS,20260312161009537,true,2.659,1,121,607708,5022.4,ja,pl,96.62,1656,landessprache,52,45,0.0233,69420000000.0,gross,11687,
P4GTT6GF1W40CVIMFR43,Powszechna Kasa Oszczednosci Bank Polski S.A.,PL,CON,2026-03-31,P3NONREMDISDOCS,20260522123816304,true,0.227,1,9,22051,2450.1,ja,pl,92.87,2089,landessprache,3,51,0.0,70360000000.0,gross,7350,
PQOH26KWDF7CG10L6792,Erste Group Bank AG,AT,CON,2025-06-30,P3NONREMDISDOCS,20260622164222222,true,2.574,1,113,374230,3311.8,ja,en,102.71,1733,englisch,49,45,0.0,152600.0,klein,7637,
PQOH26KWDF7CG10L6792,Erste Group Bank AG,AT,CON,2025-09-30,P3NONREMDISDOCS,20260622164222222,true,0.679,1,12,22956,1913.0,ja,en,123.92,1856,englisch,7,48,0.0,151100.0,klein,3279,
PRNXTNXHBI0TSY1V8P17,Zagrebačka banka d.d.,HR,CON,2025-06-30,P3NONREMDISDOCS,20260326123841298,true,1.113,1,73,225701,3091.8,ja,hr,68.95,2248,landessprache,29,44,0.0,11670.0,klein,7783,
PRNXTNXHBI0TSY1V8P17,Zagrebačka banka d.d.,HR,CON,2025-09-30,P3NONREMDISDOCS,20260326125242298,true,0.497,1,18,37593,2088.5,ja,hr,67.29,2229,landessprache,3,52,0.0,11550.0,klein,12531,
PRNXTNXHBI0TSY1V8P17,Zagrebačka banka d.d.,HR,CON,2025-12-31,P3NONREMDISDOCS,20260427025312196,true,1.201,1,87,241964,2781.2,ja,hr,73.1,2175,landessprache,43,56,0.0,12050.0,klein,5627,
PRNXTNXHBI0TSY1V8P17,Zagrebačka banka d.d.,HR,CON,2026-03-31,P3NONREMDISDOCS,20260623095501361,true,0.384,1,16,34188,2136.8,ja,hr,72.34,2281,landessprache,3,51,0.0,12290.0,klein,11396,
PSNL19R2RXX5U3QWHI44,MEDIOBANCA - BANCA DI CREDITO FINANZIARIO S.P.A.,IT,CON,2025-09-30,P3NONREMDISDOCS,20260206110956869,true,0.473,1,26,44456,1709.8,ja,it,130.87,2277,landessprache,7,48,0.0,45220000000.0,gross,6351,
PSNL19R2RXX5U3QWHI44,MEDIOBANCA - BANCA DI CREDITO FINANZIARIO S.P.A.,IT,IND,2025-12-31,P3NONREMDISDOCS,20260624110956869,true,1.803,1,152,339342,2232.5,ja,it,110.51,2407,landessprache,36,61,0.087,34040000000.0,gross,9426,
PSNL19R2RXX5U3QWHI44,MEDIOBANCA - BANCA DI CREDITO FINANZIARIO S.P.A.,IT,IND,2025-12-31,P3REMDISDOCS,20260624113849573,true,0.312,1,19,38443,2023.3,ja,it,146.15,2737,landessprache,36,61,0.087,34040000000.0,gross,1068,
PWEFG14QWWESISQ84C69,IKB Deutsche Industriebank Aktiengesellschaft,DE,CON,2025-12-31,P3NONREMDISDOCS,20260408160000000,true,0.764,1,52,151148,2906.7,ja,de,186.74,2051,landessprache,14,62,0.0,5614000000.0,mittel,10796,
Q5BP2UEQ48R75BOTCB92,"Československá obchodní banka, a.s.",CZ,CON,2025-12-31,P3NONREMDISDOCS,20260424081500000,true,1.373,1,7,27719,3959.9,ja,en,207.95,2794,englisch,12,4,0.0,,unbekannt,2310,
Q5BP2UEQ48R75BOTCB92,"Československá obchodní banka, a.s.",CZ,CON,2025-12-31,P3REMDISDOCS,20260424084800000,true,0.09,1,1,14987,14987.0,ja,en,282.74,2260,englisch,12,4,0.0,,unbekannt,1249,
QS3ZEAHRBZY9228Z0111,Bank Julius Baer Europe S.A.,LU,IND,2025-12-31,P3NONREMDISDOCS,20260407064230000,true,0.925,1,57,123917,2174.0,ja,en,146.12,1622,englisch,7,69,0.375,673800000.0,klein,17702,
R0MUWSFPU8MPRO8K5P83,BNP Paribas,FR,CON,2025-06-30,P3NONREMDISDOCS,20260402102030123,true,3.664,1,95,254654,2680.6,ja,en,227.96,2325,englisch,54,40,0.0455,788800000000.0,gross,4716,
R0MUWSFPU8MPRO8K5P83,BNP Paribas,FR,CON,2025-09-30,P3NONREMDISDOCS,20260402102130123,true,0.676,1,17,41900,2464.7,ja,en,220.51,2408,englisch,10,53,0.0,779200000000.0,gross,4190,
R0MUWSFPU8MPRO8K5P83,BNP Paribas,FR,CON,2025-12-31,P3NONREMDISDOCS,20260320220130123,true,84.695,1,310,0,0.0,nein,,,0,unsicher,92,22,0.0,779500000000.0,gross,,
R0MUWSFPU8MPRO8K5P83,BNP Paribas,FR,CON,2026-03-31,P3NONREMDISDOCS,20260430153030123,true,0.74,1,17,42422,2495.4,ja,en,173.46,2133,englisch,11,51,0.0,783900000000.0,gross,3857,
R7CQUF1DQM73HUTV1078,"Banque et Caisse d´Epargne de l´Etat, Luxembourg",LU,IND,2025-06-30,P3NONREMDISDOCS,20260414115754732,true,0.991,1,69,166834,2417.9,ja,en,130.13,2313,englisch,40,52,0.0,21140000000.0,mittel,4171,
R7CQUF1DQM73HUTV1078,"Banque et Caisse d´Epargne de l´Etat, Luxembourg",LU,IND,2025-09-30,P3NONREMDISDOCS,20260413115754732,true,0.275,1,12,17727,1477.2,ja,en,125.39,1619,englisch,7,48,0.0,21180000000.0,mittel,2532,
R7CQUF1DQM73HUTV1078,"Banque et Caisse d´Epargne de l´Etat, Luxembourg",LU,IND,2025-12-31,P3NONREMDISDOCS,20260327151846750,true,1.487,0,0,0,,,,,0,unsicher,63,36,0.0,21600000000.0,mittel,,
R7CQUF1DQM73HUTV1078,"Banque et Caisse d´Epargne de l´Etat, Luxembourg",LU,IND,2025-12-31,P3REMDISDOCS,20260227151846750,true,0.099,0,0,0,,,,,0,unsicher,63,36,0.0,21600000000.0,mittel,,
RG3IZJKPYQ4H6IQPIC08,Addiko Bank d.d.,HR,IND,2025-06-30,P3NONREMDISDOCS,20260126153632023,true,0.834,1,9,12119,1346.6,ja,hr,68.79,1352,landessprache,2,61,0.0,1160000000.0,klein,6060,
RG3IZJKPYQ4H6IQPIC08,Addiko Bank d.d.,HR,IND,2025-12-31,P3NONREMDISDOCS,20260521141856133,true,2.357,1,132,356117,2697.9,ja,hr,43.86,2485,landessprache,43,43,0.0,1156000000.0,klein,8282,
RG3IZJKPYQ4H6IQPIC08,Addiko Bank d.d.,HR,IND,2025-12-31,P3REMDISDOCS,20260521141931233,true,0.798,1,16,40136,2508.5,ja,hr,94.14,2507,landessprache,43,43,0.0,1156000000.0,klein,933,
RRUN0TCQ1K2JDV7MXO75,Oberbank AG,AT,CON,2025-12-31,P3NONREMDISDOCS,20260625030154977,true,1.863,1,119,501039,4210.4,ja,de,188.46,1300,landessprache,45,41,0.0,19360.0,klein,11134,
RRUN0TCQ1K2JDV7MXO75,Oberbank AG,AT,CON,2025-12-31,P3REMDISDOCS,20260623030154977,true,0.787,2,10,20299,2029.9,ja,de,198.68,2114,landessprache,45,41,0.0,19360.0,klein,451,
RY3KI4Q2655O2GIL8D68,BANCA INVESTIS S.P.A.,IT,CON,2025-12-31,P3NONREMDISDOCS,20260622140956869,true,1.009,1,127,328608,2587.5,ja,it,156.25,2784,landessprache,12,64,0.0,245100000.0,klein,27384,
SI5RG2M0WQQLZCXKRM20,"Banco de Sabadell, S.A.",ES,CON,2025-12-31,P3NONREMDISDOCS,20260327125716919,true,55.47,2,835,2947920,3530.4,ja,en,124.95,2593,englisch,99,0,0.0,80110000000.0,gross,29777,
SI5RG2M0WQQLZCXKRM20,"Banco de Sabadell, S.A.",ES,CON,2025-12-31,P3REMDISDOCS,20260327125716919,true,7.008,2,61,182204,2987.0,ja,en,287.77,2846,englisch,99,0,0.0,80110000000.0,gross,1840,
SI5RG2M0WQQLZCXKRM20,"Banco de Sabadell, S.A.",ES,CON,2026-03-31,P3NONREMDISDOCS,20260529115418076,true,0.083,2,2,15941,7970.5,ja,es,53.18,2482,landessprache,10,44,0.0,80720000000.0,gross,1594,
SX0CI4F7GVW5530ZMN03,Wells Fargo Bank International Unlimited Company,IE,IND,2025-12-31,P3NONREMDISDOCS,20260628155256000,true,0.308,1,54,129219,2392.9,ja,en,200.2,1963,landessprache,11,65,0.0,6840000000.0,mittel,11747,
SX0CI4F7GVW5530ZMN03,Wells Fargo Bank International Unlimited Company,IE,IND,2025-12-31,P3REMDISDOCS,20260628035358000,true,0.068,1,9,17383,1931.4,ja,en,252.38,2314,landessprache,11,65,0.0,6840000000.0,mittel,1580,
TPS0Q8GFSZF45ZZFL873,Société Générale Luxembourg,LU,CON,2025-12-31,P3NONREMDISDOCS,20260529085505487,true,0.867,1,54,303920,5628.1,ja,en,228.57,1960,englisch,31,45,0.0,16530000.0,klein,9804,
TPS0Q8GFSZF45ZZFL873,Société Générale Luxembourg,LU,CON,2025-12-31,P3REMDISDOCS,20260602000000000,true,0.107,1,8,9941,1242.6,ja,en,175.27,1027,englisch,31,45,0.0,16530000.0,klein,321,
TUKDD90GPC79G1KOE162,Hamburg Commercial Bank AG,DE,CON,2025-06-30,P3NONREMDISDOCS,20260420132940942,true,2.736,1,88,337618,3836.6,ja,de,137.82,2155,landessprache,41,45,0.1429,14740000000.0,mittel,8235,
TUKDD90GPC79G1KOE162,Hamburg Commercial Bank AG,DE,CON,2025-09-30,P3NONREMDISDOCS,20260420133322324,true,1.559,1,16,30745,1921.6,ja,de,130.2,1997,landessprache,7,48,0.0,13970000000.0,mittel,4392,
TUKDD90GPC79G1KOE162,Hamburg Commercial Bank AG,DE,CON,2025-12-31,P3NONREMDISDOCS,20260414144619861,true,3.398,1,128,458235,3580.0,ja,de,140.08,2363,landessprache,61,30,0.0714,13050000000.0,mittel,7512,
TUKDD90GPC79G1KOE162,Hamburg Commercial Bank AG,DE,CON,2025-12-31,P3REMDISDOCS,20260414144406447,true,0.09,1,13,35180,2706.2,ja,de,247.54,2339,landessprache,61,30,0.0714,13050000000.0,mittel,577,
UI802FYJ52XDB7N4KN18,BANCA NAZIONALE DEL LAVORO S.P.A. (IN FORMA CONTRATTA BNL S.P.A.),IT,CON,2025-06-30,P3NONREMDISDOCS,20260112141632000,true,0.28,1,6,14516,2419.3,ja,it,118.0,1856,landessprache,10,104,0.6,45890000000.0,gross,1452,
UI802FYJ52XDB7N4KN18,BANCA NAZIONALE DEL LAVORO S.P.A. (IN FORMA CONTRATTA BNL S.P.A.),IT,CON,2025-12-31,P3NONREMDISDOCS,20260513151410000,true,1.687,1,69,1142953,16564.5,ja,,,0,unsicher,38,76,0.0833,46570000000.0,gross,30078,
VDYMYTQGZZ6DU0912C88,Bayerische Landesbank,DE,CON,2025-06-30,P3NONREMDISDOCS,20260518075854238,true,1.924,1,102,290213,2845.2,ja,de,181.03,1856,landessprache,44,42,0.0,63500000000.0,gross,6596,
VDYMYTQGZZ6DU0912C88,Bayerische Landesbank,DE,CON,2025-09-30,P3NONREMDISDOCS,20260512104210318,true,0.277,1,12,25100,2091.7,ja,de,144.21,1907,landessprache,6,49,0.0,64060000000.0,gross,4183,
VDYMYTQGZZ6DU0912C88,Bayerische Landesbank,DE,CON,2025-12-31,P3NONREMDISDOCS,20260515130823007,true,3.322,2,224,802187,3581.2,ja,de,64.94,2279,landessprache,59,27,0.0,65310000000.0,gross,13596,
VDYMYTQGZZ6DU0912C88,Bayerische Landesbank,DE,CON,2026-03-31,P3NONREMDISDOCS,20260615172321008,true,0.291,1,12,23791,1982.6,ja,de,131.84,1828,landessprache,6,48,0.0,66830000000.0,gross,3965,
VWMYAEQSTOPNV0SUGU82,"Bankinter, S.A.",ES,CON,2025-12-31,P3NONREMDISDOCS,20260513115719284,true,80.308,2,444,1543286,3475.9,ja,es,166.51,1093,landessprache,86,13,0.0,45450000000.0,gross,17945,
XLEZHWWOI4HFQDGL4793,BANK HANDLOWY W WARSZAWIE SA,PL,CON,2025-09-30,P3NONREMDISDOCS,20260612130142236,true,1.0,2,24,76949,3206.2,ja,pl,106.4,2124,landessprache,5,58,0.0,7611000000.0,mittel,15390,
XLEZHWWOI4HFQDGL4793,BANK HANDLOWY W WARSZAWIE SA,PL,CON,2025-12-31,P3NONREMDISDOCS,20260317121849236,true,3.326,2,259,805436,3109.8,ja,pl,117.85,2011,landessprache,60,39,0.0417,7821000000.0,mittel,13424,
XLEZHWWOI4HFQDGL4793,BANK HANDLOWY W WARSZAWIE SA,PL,CON,2026-03-31,P3NONREMDISDOCS,20260506194649236,true,0.886,2,24,78662,3277.6,ja,pl,105.89,2002,landessprache,5,57,0.0,8021000000.0,mittel,15732,
XTC5E2QFTEF0435JWL77,Nederlandse Financierings-Maatschappij voor Ontwikkelingslanden N.V.,NL,CON,2025-12-31,P3NONREMDISDOCS,20260422011704341,true,1.279,1,38,94738,2493.1,ja,en,188.79,2659,englisch,8,68,0.0,14030000000.0,mittel,11842,
XTC5E2QFTEF0435JWL77,Nederlandse Financierings-Maatschappij voor Ontwikkelingslanden N.V.,NL,CON,2025-12-31,P3REMDISDOCS,20260422011704342,true,1.335,1,14,14769,1054.9,ja,en,212.14,1928,englisch,8,68,0.0,14030000000.0,mittel,1846,
