lei,bank_name,country,institution_type,refdate,module,lag_days,lag_days_last,n_submissions,submitted_at,klasse_n,klasse_median,percentile,belastbar
097900BEF50000000569,"Prvá stavebná sporiteľňa, a.s.",Slovakia,Other highest EEA,2025-12-31,010000,124,124,1,20260504,439,141,37.8,false
0W2PZJM8XOY22M4GG883,DekaBank Deutsche Girozentrale,Germany,Large highest EEA,2025-06-30,010000,225,288,3,20260210,210,234.0,43.8,false
0W2PZJM8XOY22M4GG883,DekaBank Deutsche Girozentrale,Germany,Large highest EEA,2025-06-30,020000,226,324,3,20260211,210,234.0,45.7,false
0W2PZJM8XOY22M4GG883,DekaBank Deutsche Girozentrale,Germany,Large highest EEA,2025-09-30,010000,161,161,1,20260310,161,155,57.8,false
0W2PZJM8XOY22M4GG883,DekaBank Deutsche Girozentrale,Germany,Large highest EEA,2025-09-30,020000,134,134,1,20260211,161,155,36.3,false
0W2PZJM8XOY22M4GG883,DekaBank Deutsche Girozentrale,Germany,Large highest EEA,2025-12-31,010000,119,131,2,20260429,241,113,56.6,false
0W2PZJM8XOY22M4GG883,DekaBank Deutsche Girozentrale,Germany,Large highest EEA,2025-12-31,020000,110,140,3,20260420,241,113,44.8,false
0W2PZJM8XOY22M4GG883,DekaBank Deutsche Girozentrale,Germany,Large highest EEA,2026-03-31,010000,57,57,1,20260527,155,58,44.8,true
0W2PZJM8XOY22M4GG883,DekaBank Deutsche Girozentrale,Germany,Large highest EEA,2026-03-31,020100,41,41,1,20260511,155,58,15.8,true
0W5QHUNYV4W7GJO62R27,HYPO TIROL BANK AG,Austria,Other highest EEA,2025-12-31,010000,135,149,4,20260515,439,141,44.8,false
0W5QHUNYV4W7GJO62R27,HYPO TIROL BANK AG,Austria,Other highest EEA,2025-12-31,020000,133,146,3,20260513,439,141,42.1,false
1FOLRR5RWTWWI397R131,Aktiebolaget Svensk Exportkredit,Sweden,Large highest EEA,2025-06-30,010000,196,270,2,20260112,210,234.0,22.1,false
1FOLRR5RWTWWI397R131,Aktiebolaget Svensk Exportkredit,Sweden,Large highest EEA,2025-06-30,020000,269,333,5,20260326,210,234.0,66.7,false
1FOLRR5RWTWWI397R131,Aktiebolaget Svensk Exportkredit,Sweden,Large highest EEA,2025-09-30,010000,178,178,1,20260327,161,155,65.8,false
1FOLRR5RWTWWI397R131,Aktiebolaget Svensk Exportkredit,Sweden,Large highest EEA,2025-09-30,020000,204,204,1,20260422,161,155,81.1,false
1FOLRR5RWTWWI397R131,Aktiebolaget Svensk Exportkredit,Sweden,Large highest EEA,2025-12-31,010000,34,131,5,20260203,241,113,2.3,false
1FOLRR5RWTWWI397R131,Aktiebolaget Svensk Exportkredit,Sweden,Large highest EEA,2025-12-31,020000,49,145,7,20260218,241,113,3.7,false
1FOLRR5RWTWWI397R131,Aktiebolaget Svensk Exportkredit,Sweden,Large highest EEA,2026-03-31,010000,79,79,1,20260618,155,58,85.8,true
1FOLRR5RWTWWI397R131,Aktiebolaget Svensk Exportkredit,Sweden,Large highest EEA,2026-03-31,020100,79,79,1,20260618,155,58,85.8,true
1VUV7VQFKUOQSJ21A208,Credit agricole corporate and investment bank,France,Large subsidiaries,2025-06-30,010000,359,359,1,20260624,128,260.0,94.5,false
1VUV7VQFKUOQSJ21A208,Credit agricole corporate and investment bank,France,Large subsidiaries,2025-09-30,010000,267,267,1,20260624,72,176.0,95.1,false
1VUV7VQFKUOQSJ21A208,Credit agricole corporate and investment bank,France,Large subsidiaries,2025-12-31,010000,175,175,1,20260624,188,124.0,91.0,false
1VUV7VQFKUOQSJ21A208,Credit agricole corporate and investment bank,France,Large subsidiaries,2026-03-31,010000,85,85,1,20260624,62,69.0,87.1,true
2138002PVBMEHILJ1340,Mitsubishi UFJ Investor Services and Banking (Luxembourg) S.A.,Luxembourg,Other highest EEA,2025-12-31,010000,163,163,1,20260612,439,141,67.7,false
2138002PVBMEHILJ1340,Mitsubishi UFJ Investor Services and Banking (Luxembourg) S.A.,Luxembourg,Other highest EEA,2025-12-31,020000,163,163,2,20260612,439,141,67.7,false
21380033CFFM2V1ZCK65,SPARKASSE (HOLDINGS) MALTA LIMITED,Malta,Other highest EEA,2025-12-31,010000,114,114,3,20260424,439,141,31.7,false
21380033CFFM2V1ZCK65,SPARKASSE (HOLDINGS) MALTA LIMITED,Malta,Other highest EEA,2025-12-31,020000,86,114,4,20260327,439,141,17.8,false
2138003IGGAUDLPNC244,Izola Bank plc,Malta,Other highest EEA,2025-12-31,010000,181,181,1,20260630,439,141,97.2,false
2138003Z5ZVN16GFYV70,"Banco Finantia, SA",Portugal,Other highest EEA,2025-12-31,010000,177,177,1,20260626,439,141,88.6,false
2138004FIUXU3B2MR537,"Caixa Económica Montepio Geral, Caixa Económica Bancária, S.A.",Portugal,Large highest EEA,2025-06-30,010000,360,360,1,20260625,210,234.0,98.1,false
2138004FIUXU3B2MR537,"Caixa Económica Montepio Geral, Caixa Económica Bancária, S.A.",Portugal,Large highest EEA,2025-06-30,020000,360,360,3,20260625,210,234.0,98.1,false
2138004FIUXU3B2MR537,"Caixa Económica Montepio Geral, Caixa Económica Bancária, S.A.",Portugal,Large highest EEA,2025-09-30,020000,268,268,1,20260625,161,155,97.8,false
2138004FIUXU3B2MR537,"Caixa Económica Montepio Geral, Caixa Económica Bancária, S.A.",Portugal,Large highest EEA,2026-03-31,010100,86,86,1,20260625,155,58,93.2,true
2138004FIUXU3B2MR537,"Caixa Económica Montepio Geral, Caixa Económica Bancária, S.A.",Portugal,Large highest EEA,2026-03-31,020100,86,86,1,20260625,155,58,93.2,true
21380057HUGFEAF25W84,NOBA Group,Sweden,Other highest EEA,2025-06-30,020000,220,220,1,20260205,66,247.5,26.5,false
21380057HUGFEAF25W84,NOBA Group,Sweden,Other highest EEA,2025-12-31,010000,91,107,2,20260401,439,141,21.5,false
21380057HUGFEAF25W84,NOBA Group,Sweden,Other highest EEA,2025-12-31,020000,91,92,3,20260401,439,141,21.5,false
2138005M92IEIQVEL297,AS Inbank,Estonia,Other highest EEA,2025-06-30,010000,233,234,2,20260218,66,247.5,42.4,false
2138005M92IEIQVEL297,AS Inbank,Estonia,Other highest EEA,2025-06-30,020000,237,237,1,20260222,66,247.5,46.2,false
2138005M92IEIQVEL297,AS Inbank,Estonia,Other highest EEA,2025-12-31,010000,56,61,3,20260225,439,141,5.7,false
2138005M92IEIQVEL297,AS Inbank,Estonia,Other highest EEA,2025-12-31,020000,54,61,3,20260223,439,141,3.1,false
2138005MGIT3X9ZTMP37,Rønde Sparekasse,Denmark,Other highest EEA,2025-12-31,010000,56,69,3,20260225,439,141,5.7,false
2138005MGIT3X9ZTMP37,Rønde Sparekasse,Denmark,Other highest EEA,2025-12-31,020000,56,69,3,20260225,439,141,5.7,false
2138007F5HA5FFJROB80,"Akciju sabiedrība ""Rietumu Banka""",Latvia,Other highest EEA,2025-12-31,010000,146,146,1,20260526,439,141,53.0,false
2138007F5HA5FFJROB80,"Akciju sabiedrība ""Rietumu Banka""",Latvia,Other highest EEA,2025-12-31,020000,142,147,5,20260522,439,141,51.3,false
2138007JGI1M5YF7FJ53,Frøs Sparekasse,Denmark,Other highest EEA,2025-12-31,010000,83,83,1,20260324,439,141,16.6,false
2138007JGI1M5YF7FJ53,Frøs Sparekasse,Denmark,Other highest EEA,2025-12-31,020000,69,83,4,20260310,439,141,10.6,false
2138007WKF5CM2EUM824,"Citfin, spořitelní družstvo",Czech,Other highest EEA,2025-12-31,010000,180,180,1,20260629,439,141,92.3,false
2138007WKF5CM2EUM824,"Citfin, spořitelní družstvo",Czech,Other highest EEA,2025-12-31,020000,180,180,3,20260629,439,141,92.3,false
213800984CWACNBY8F31,Sparekassen for Nr. Nebel og Omegn,Denmark,Other highest EEA,2025-12-31,010000,90,90,2,20260331,439,141,20.4,false
213800984CWACNBY8F31,Sparekassen for Nr. Nebel og Omegn,Denmark,Other highest EEA,2025-12-31,020000,90,91,3,20260331,439,141,20.4,false
2138009Y59EAR7H1UO97,"Akciju sabiedrība ""Citadele banka""",Latvia,Large highest EEA,2025-06-30,010000,259,263,3,20260316,210,234.0,64.0,false
2138009Y59EAR7H1UO97,"Akciju sabiedrība ""Citadele banka""",Latvia,Large highest EEA,2025-06-30,020000,259,259,3,20260316,210,234.0,64.0,false
2138009Y59EAR7H1UO97,"Akciju sabiedrība ""Citadele banka""",Latvia,Large highest EEA,2025-09-30,010000,171,171,1,20260320,161,155,63.4,false
2138009Y59EAR7H1UO97,"Akciju sabiedrība ""Citadele banka""",Latvia,Large highest EEA,2025-09-30,020000,169,169,1,20260318,161,155,61.5,false
2138009Y59EAR7H1UO97,"Akciju sabiedrība ""Citadele banka""",Latvia,Large highest EEA,2025-12-31,010000,78,149,5,20260319,241,113,18.3,false
2138009Y59EAR7H1UO97,"Akciju sabiedrība ""Citadele banka""",Latvia,Large highest EEA,2025-12-31,020000,78,149,5,20260319,241,113,18.3,false
2138009Y59EAR7H1UO97,"Akciju sabiedrība ""Citadele banka""",Latvia,Large highest EEA,2026-03-31,010000,58,58,1,20260528,155,58,50.0,true
2138009Y59EAR7H1UO97,"Akciju sabiedrība ""Citadele banka""",Latvia,Large highest EEA,2026-03-31,020100,58,58,1,20260528,155,58,50.0,true
213800A1O379I6DMCU10,APS BANK P.L.C.,Malta,Large highest EEA,2025-06-30,010000,198,211,3,20260114,210,234.0,24.3,false
213800A1O379I6DMCU10,APS BANK P.L.C.,Malta,Large highest EEA,2025-06-30,020000,205,206,3,20260121,210,234.0,29.0,false
213800A1O379I6DMCU10,APS BANK P.L.C.,Malta,Large highest EEA,2025-09-30,010000,120,120,1,20260128,161,155,21.1,false
213800A1O379I6DMCU10,APS BANK P.L.C.,Malta,Large highest EEA,2025-09-30,020000,119,119,1,20260127,161,155,17.4,false
213800A1O379I6DMCU10,APS BANK P.L.C.,Malta,Large highest EEA,2025-12-31,010000,69,92,4,20260310,241,113,11.4,false
213800A1O379I6DMCU10,APS BANK P.L.C.,Malta,Large highest EEA,2025-12-31,020000,71,92,4,20260312,241,113,14.9,false
213800A1O379I6DMCU10,APS BANK P.L.C.,Malta,Large highest EEA,2026-03-31,020100,55,55,1,20260525,155,58,38.7,true
213800C78WI8VFJCYR09,Sparekassen Bredebro,Denmark,Other highest EEA,2025-12-31,010000,56,56,3,20260225,439,141,5.7,false
213800C78WI8VFJCYR09,Sparekassen Bredebro,Denmark,Other highest EEA,2025-12-31,020000,55,56,4,20260224,439,141,4.1,false
213800CBW4NPFP73ZK64,ANCORIA INVESTMENTS PLC,Cyprus,Other highest EEA,2025-12-31,010000,117,173,5,20260427,439,141,33.0,false
213800CBW4NPFP73ZK64,ANCORIA INVESTMENTS PLC,Cyprus,Other highest EEA,2025-12-31,020000,173,180,4,20260622,439,141,75.4,false
213800CQ92347ZCS9V73,"ATLÂNTICO EUROPA, SGPS, SA",Portugal,Other highest EEA,2025-12-31,010000,142,142,2,20260522,439,141,51.3,false
213800CQ92347ZCS9V73,"ATLÂNTICO EUROPA, SGPS, SA",Portugal,Other highest EEA,2025-12-31,020000,142,142,3,20260522,439,141,51.3,false
213800DBQIB6VBNU5C64,Alpha Bank S.A.,Greece,Large highest EEA,2025-06-30,010000,-168,255,2,20250113,210,234.0,0.5,false
213800DBQIB6VBNU5C64,Alpha Bank S.A.,Greece,Large highest EEA,2025-06-30,020000,249,260,3,20260306,210,234.0,58.6,false
213800DBQIB6VBNU5C64,Alpha Bank S.A.,Greece,Large highest EEA,2025-09-30,010000,84,84,1,20251223,161,155,7.8,false
213800DBQIB6VBNU5C64,Alpha Bank S.A.,Greece,Large highest EEA,2025-09-30,020000,189,189,1,20260407,161,155,72.4,false
213800DBQIB6VBNU5C64,Alpha Bank S.A.,Greece,Large highest EEA,2025-12-31,010000,170,176,2,20260619,241,113,86.5,false
213800DBQIB6VBNU5C64,Alpha Bank S.A.,Greece,Large highest EEA,2025-12-31,020000,170,176,3,20260619,241,113,86.5,false
213800GO21RWIB6O9Q29,Middelfart Sparekasse,Denmark,Other highest EEA,2025-12-31,010000,117,118,2,20260427,439,141,33.0,false
213800GO21RWIB6O9Q29,Middelfart Sparekasse,Denmark,Other highest EEA,2025-12-31,020000,117,118,2,20260427,439,141,33.0,false
213800HDJ876ACJXXD05,AIKGROUP (CY) LIMITED,Cyprus,Large highest EEA,2025-06-30,010000,163,163,2,20251210,210,234.0,13.8,false
213800HDJ876ACJXXD05,AIKGROUP (CY) LIMITED,Cyprus,Large highest EEA,2025-06-30,020000,163,163,2,20251210,210,234.0,13.8,false
213800HDJ876ACJXXD05,AIKGROUP (CY) LIMITED,Cyprus,Large highest EEA,2025-09-30,010000,71,71,1,20251210,161,155,6.2,false
213800HDJ876ACJXXD05,AIKGROUP (CY) LIMITED,Cyprus,Large highest EEA,2025-09-30,020000,71,71,1,20251210,161,155,6.2,false
213800JF3JFF6MMR2P36,Fynske Bank A/S,Denmark,Other highest EEA,2025-12-31,010000,62,63,2,20260303,439,141,8.5,false
213800JF3JFF6MMR2P36,Fynske Bank A/S,Denmark,Other highest EEA,2025-12-31,020000,63,65,3,20260304,439,141,8.9,false
213800KGF4EFNUQKAT69,EUROBANK S.A.,Greece,Large highest EEA,2025-12-31,010000,169,177,3,20260618,241,113,85.1,false
213800KGF4EFNUQKAT69,EUROBANK S.A.,Greece,Large highest EEA,2025-12-31,020000,169,169,3,20260618,241,113,85.1,false
213800KOJ5JSZ6ID2R91,Sparekassen Balling,Denmark,Other highest EEA,2025-12-31,010000,58,61,3,20260227,439,141,8.0,false
213800KOJ5JSZ6ID2R91,Sparekassen Balling,Denmark,Other highest EEA,2025-12-31,020000,58,63,3,20260227,439,141,8.0,false
213800KYUPNOQPAQL758,BANCO DE INVESTIMENTO GLOBAL S.A.,Portugal,Other highest EEA,2025-12-31,010000,167,170,2,20260616,439,141,69.1,false
213800KYUPNOQPAQL758,BANCO DE INVESTIMENTO GLOBAL S.A.,Portugal,Other highest EEA,2025-12-31,020000,138,138,3,20260518,439,141,45.9,false
213800M7T3CYVZ3ZRT12,Sparebanken Norge,Norway,Large highest EEA,2025-06-30,010000,163,324,2,20251210,210,234.0,13.8,false
213800M7T3CYVZ3ZRT12,Sparebanken Norge,Norway,Large highest EEA,2025-06-30,020000,164,326,3,20251211,210,234.0,15.2,false
213800M7T3CYVZ3ZRT12,Sparebanken Norge,Norway,Large highest EEA,2025-09-30,010000,248,248,1,20260605,161,155,89.1,false
213800M7T3CYVZ3ZRT12,Sparebanken Norge,Norway,Large highest EEA,2025-09-30,020000,252,252,1,20260609,161,155,90.1,false
213800M7T3CYVZ3ZRT12,Sparebanken Norge,Norway,Large highest EEA,2025-12-31,010000,86,139,3,20260327,241,113,25.9,false
213800M7T3CYVZ3ZRT12,Sparebanken Norge,Norway,Large highest EEA,2025-12-31,020000,127,139,3,20260507,241,113,62.4,false
213800M7T3CYVZ3ZRT12,Sparebanken Norge,Norway,Large highest EEA,2026-03-31,010100,65,65,1,20260604,155,58,65.5,true
213800M7T3CYVZ3ZRT12,Sparebanken Norge,Norway,Large highest EEA,2026-03-31,020100,66,66,1,20260605,155,58,68.1,true
213800MLL4APN9UP1J53,Rise Sparekasse,Denmark,Other highest EEA,2025-12-31,010000,76,76,2,20260317,439,141,13.3,false
213800MLL4APN9UP1J53,Rise Sparekasse,Denmark,Other highest EEA,2025-12-31,020000,76,86,3,20260317,439,141,13.3,false
213800P1P13ABO5R9V78,Societe Generale Bank - Cyprus Ltd,Cyprus,Other highest EEA,2025-12-31,010000,176,176,1,20260625,439,141,85.1,false
213800P1P13ABO5R9V78,Societe Generale Bank - Cyprus Ltd,Cyprus,Other highest EEA,2025-12-31,020000,176,176,3,20260625,439,141,85.1,false
213800RENLNKMWZV8767,Lollands Bank A/S,Denmark,Other highest EEA,2025-12-31,010000,83,90,2,20260324,439,141,16.6,false
213800RENLNKMWZV8767,Lollands Bank A/S,Denmark,Other highest EEA,2025-12-31,020000,90,90,3,20260331,439,141,20.4,false
213800RZWHE5EUX9R444,Luminor Holding AS,Estonia,Large highest EEA,2025-12-31,010000,181,181,2,20260630,241,113,99.0,false
213800RZWHE5EUX9R444,Luminor Holding AS,Estonia,Large highest EEA,2025-12-31,020000,181,181,3,20260630,241,113,99.0,false
213800TC9PZRBHMJW403,MDB Group Limited,Malta,Large subsidiaries,2025-06-30,010000,155,212,2,20251202,128,260.0,4.7,false
213800TC9PZRBHMJW403,MDB Group Limited,Malta,Large subsidiaries,2025-06-30,020000,155,155,3,20251202,128,260.0,4.7,false
213800TC9PZRBHMJW403,MDB Group Limited,Malta,Large subsidiaries,2025-09-30,010000,120,120,1,20260128,72,176.0,15.3,false
213800TC9PZRBHMJW403,MDB Group Limited,Malta,Large subsidiaries,2025-09-30,020000,63,63,1,20251202,72,176.0,0.7,false
213800TC9PZRBHMJW403,MDB Group Limited,Malta,Large subsidiaries,2025-12-31,010000,170,176,2,20260619,188,124.0,86.4,false
213800TC9PZRBHMJW403,MDB Group Limited,Malta,Large subsidiaries,2025-12-31,020000,170,177,4,20260619,188,124.0,86.4,false
213800TKOS7J5UA3ZI07,EUROPE ARAB BANK SA,France,Other highest EEA,2025-12-31,020000,181,181,3,20260630,439,141,97.2,false
213800UIIZ6YSEQB5S26,Clearstream Fund Centre Holding S.A.,Luxembourg,Other highest EEA,2025-12-31,010000,140,140,2,20260520,439,141,48.2,false
213800UIIZ6YSEQB5S26,Clearstream Fund Centre Holding S.A.,Luxembourg,Other highest EEA,2025-12-31,020000,141,146,3,20260521,439,141,49.7,false
213800UK7516IBWZO445,Borbjerg Sparekasse,Denmark,Other highest EEA,2025-12-31,010000,69,72,2,20260310,439,141,10.6,false
213800UK7516IBWZO445,Borbjerg Sparekasse,Denmark,Other highest EEA,2025-12-31,020000,69,72,3,20260310,439,141,10.6,false
213800UYAHIRLZ4NSN67,Lån & Spar Bank A/S,Denmark,Other highest EEA,2025-06-30,010000,241,241,2,20260226,66,247.5,48.5,false
213800UYAHIRLZ4NSN67,Lån & Spar Bank A/S,Denmark,Other highest EEA,2025-06-30,020000,241,241,1,20260226,66,247.5,48.5,false
213800UYAHIRLZ4NSN67,Lån & Spar Bank A/S,Denmark,Other highest EEA,2025-12-31,010000,57,57,3,20260226,439,141,7.2,false
213800UYAHIRLZ4NSN67,Lån & Spar Bank A/S,Denmark,Other highest EEA,2025-12-31,020000,57,57,3,20260226,439,141,7.2,false
213800X3Q9LSAKRUWY91,KBC Groupe,Belgium,Large highest EEA,2025-06-30,010000,-141,224,3,20250209,210,234.0,1.2,false
213800X3Q9LSAKRUWY91,KBC Groupe,Belgium,Large highest EEA,2025-06-30,020000,224,295,4,20260209,210,234.0,42.1,false
213800X3Q9LSAKRUWY91,KBC Groupe,Belgium,Large highest EEA,2025-09-30,010000,-240,-240,1,20250202,161,155,0.3,false
213800X3Q9LSAKRUWY91,KBC Groupe,Belgium,Large highest EEA,2025-09-30,020000,128,198,3,20260205,161,155,30.1,false
213800X3Q9LSAKRUWY91,KBC Groupe,Belgium,Large highest EEA,2025-12-31,010000,84,138,4,20260325,241,113,22.8,false
213800X3Q9LSAKRUWY91,KBC Groupe,Belgium,Large highest EEA,2025-12-31,020000,71,166,5,20260312,241,113,14.9,false
213800X3Q9LSAKRUWY91,KBC Groupe,Belgium,Large highest EEA,2026-03-31,010000,73,73,1,20260612,155,58,80.0,true
213800X3Q9LSAKRUWY91,KBC Groupe,Belgium,Large highest EEA,2026-03-31,020100,66,66,1,20260605,155,58,68.1,true
213800ZOI1EW481WPV90,FCM Bank Ltd,Malta,Other highest EEA,2025-12-31,020000,146,160,3,20260526,439,141,53.0,false
22210058UCKT3BJTCN24,OTP Luxembourg S.à r.l.,Luxembourg,Large subsidiaries,2025-06-30,010000,253,253,1,20260310,128,260.0,45.3,false
22210058UCKT3BJTCN24,OTP Luxembourg S.à r.l.,Luxembourg,Large subsidiaries,2025-06-30,020000,254,254,1,20260311,128,260.0,47.3,false
22210058UCKT3BJTCN24,OTP Luxembourg S.à r.l.,Luxembourg,Large subsidiaries,2025-12-31,010000,99,140,3,20260409,188,124.0,26.6,false
22210058UCKT3BJTCN24,OTP Luxembourg S.à r.l.,Luxembourg,Large subsidiaries,2025-12-31,020000,99,140,3,20260409,188,124.0,26.6,false
222100PG81CES7H3HZ28,Aneto S.à r.l.,Luxembourg,Other highest EEA,2025-12-31,010000,177,177,2,20260626,439,141,88.6,false
222100PG81CES7H3HZ28,Aneto S.à r.l.,Luxembourg,Other highest EEA,2025-12-31,020000,174,176,3,20260623,439,141,78.4,false
222100V03Y766EM5TZ83,Brown Brothers Harriman (Luxembourg) S.C.A.,Luxembourg,,2025-12-31,010000,118,139,4,20260428,7,,,false
222100V03Y766EM5TZ83,Brown Brothers Harriman (Luxembourg) S.C.A.,Luxembourg,,2025-12-31,020000,118,124,4,20260428,7,,,false
2534005A84927EKSR789,Signet Bank AS,Latvia,Other highest EEA,2025-12-31,010000,148,148,1,20260528,439,141,55.9,false
2534005A84927EKSR789,Signet Bank AS,Latvia,Other highest EEA,2025-12-31,020000,139,141,3,20260519,439,141,46.7,false
254900RNFMDM0P11YR84,Atlantic Lux HoldCo S.à r.l.,Luxembourg,Large highest EEA,2025-06-30,010000,360,360,2,20260625,210,234.0,98.1,false
254900RNFMDM0P11YR84,Atlantic Lux HoldCo S.à r.l.,Luxembourg,Large highest EEA,2025-06-30,020000,360,360,3,20260625,210,234.0,98.1,false
254900RNFMDM0P11YR84,Atlantic Lux HoldCo S.à r.l.,Luxembourg,Large highest EEA,2025-09-30,010000,268,268,1,20260625,161,155,97.8,false
254900RNFMDM0P11YR84,Atlantic Lux HoldCo S.à r.l.,Luxembourg,Large highest EEA,2025-09-30,020000,268,268,1,20260625,161,155,97.8,false
254900WR3I1Z9NPC7D84,Kvika banki hf.,Iceland,Other highest EEA,2025-12-31,010000,105,105,1,20260415,439,141,25.7,false
254900WR3I1Z9NPC7D84,Kvika banki hf.,Iceland,Other highest EEA,2025-12-31,020000,105,105,3,20260415,439,141,25.7,false
2594000ZNGGQZXZKXH36,VELOBANK SA,Poland,Other highest EEA,2025-12-31,010000,110,114,2,20260420,439,141,28.2,false
2594000ZNGGQZXZKXH36,VELOBANK SA,Poland,Other highest EEA,2025-12-31,020000,114,118,4,20260424,439,141,31.7,false
2594009RV746A68X4G95,Wschodni Bank Spoldzielczy w Chelmie,Poland,Other highest EEA,2025-12-31,010000,173,174,2,20260622,439,141,75.4,false
259400BILZFH923Q1N56,WARMINSKO - MAZURSKI BANK SPOLDZIELCZY,Poland,Other highest EEA,2025-12-31,010000,167,168,3,20260616,439,141,69.1,false
259400BILZFH923Q1N56,WARMINSKO - MAZURSKI BANK SPOLDZIELCZY,Poland,Other highest EEA,2025-12-31,020000,167,167,3,20260616,439,141,69.1,false
259400DAAAR5M4A6SI23,Bank Pocztowy S.A.,Poland,Other highest EEA,2025-12-31,010000,54,54,1,20260223,439,141,3.1,false
259400DAAAR5M4A6SI23,Bank Pocztowy S.A.,Poland,Other highest EEA,2025-12-31,020000,55,55,3,20260224,439,141,4.1,false
259400DZXF7UJKK2AY35,mBank S.A.,Poland,Large subsidiaries,2025-06-30,010000,290,291,2,20260416,128,260.0,64.5,false
259400DZXF7UJKK2AY35,mBank S.A.,Poland,Large subsidiaries,2025-06-30,020000,276,316,3,20260402,128,260.0,62.1,false
259400DZXF7UJKK2AY35,mBank S.A.,Poland,Large subsidiaries,2025-09-30,010000,183,183,1,20260401,72,176.0,57.6,false
259400DZXF7UJKK2AY35,mBank S.A.,Poland,Large subsidiaries,2025-09-30,020000,184,225,2,20260402,72,176.0,59.0,false
259400DZXF7UJKK2AY35,mBank S.A.,Poland,Large subsidiaries,2025-12-31,010000,44,58,2,20260213,188,124.0,1.3,false
259400DZXF7UJKK2AY35,mBank S.A.,Poland,Large subsidiaries,2025-12-31,020000,48,54,2,20260217,188,124.0,2.4,false
259400DZXF7UJKK2AY35,mBank S.A.,Poland,Large subsidiaries,2026-03-31,010000,41,41,1,20260511,62,69.0,23.4,true
259400DZXF7UJKK2AY35,mBank S.A.,Poland,Large subsidiaries,2026-03-31,020100,30,30,1,20260430,62,69.0,9.7,true
259400GZKACLCASLRW25,KRAKOWSKI BANK SPOLDZIELCZY,Poland,Other highest EEA,2025-12-31,010000,90,148,3,20260331,439,141,20.4,false
259400GZKACLCASLRW25,KRAKOWSKI BANK SPOLDZIELCZY,Poland,Other highest EEA,2025-12-31,020000,148,148,3,20260528,439,141,55.9,false
259400L03ZTD1W99FZ91,BANK SPOLDZIELCZY W BRODNICY,Poland,Other highest EEA,2025-12-31,010000,113,118,2,20260423,439,141,30.9,false
259400L03ZTD1W99FZ91,BANK SPOLDZIELCZY W BRODNICY,Poland,Other highest EEA,2025-12-31,020000,113,117,3,20260423,439,141,30.9,false
259400LGXW3K0GDAG361,Santander Bank Polska S.A.,Poland,Large subsidiaries,2025-06-30,010000,357,357,2,20260622,128,260.0,91.4,false
259400LGXW3K0GDAG361,Santander Bank Polska S.A.,Poland,Large subsidiaries,2025-06-30,020000,357,357,3,20260622,128,260.0,91.4,false
259400LGXW3K0GDAG361,Santander Bank Polska S.A.,Poland,Large subsidiaries,2025-09-30,010000,265,265,2,20260622,72,176.0,90.3,false
259400LGXW3K0GDAG361,Santander Bank Polska S.A.,Poland,Large subsidiaries,2025-09-30,020000,265,265,1,20260622,72,176.0,90.3,false
259400LGXW3K0GDAG361,Santander Bank Polska S.A.,Poland,Large subsidiaries,2025-12-31,010000,49,173,7,20260218,188,124.0,2.9,false
259400LGXW3K0GDAG361,Santander Bank Polska S.A.,Poland,Large subsidiaries,2025-12-31,020000,46,112,5,20260215,188,124.0,1.9,false
259400LGXW3K0GDAG361,Santander Bank Polska S.A.,Poland,Large subsidiaries,2026-03-31,010000,30,30,1,20260430,62,69.0,9.7,true
259400LGXW3K0GDAG361,Santander Bank Polska S.A.,Poland,Large subsidiaries,2026-03-31,010100,28,28,1,20260428,62,69.0,0.8,true
259400LGXW3K0GDAG361,Santander Bank Polska S.A.,Poland,Large subsidiaries,2026-03-31,020100,29,29,1,20260429,62,69.0,4.0,true
259400OFDZ9KPZEO8K78,BANK MILLENNIUM SA,Poland,Large subsidiaries,2025-06-30,010000,352,352,1,20260617,128,260.0,88.7,false
259400OFDZ9KPZEO8K78,BANK MILLENNIUM SA,Poland,Large subsidiaries,2025-06-30,020000,326,352,2,20260522,128,260.0,76.2,false
259400P9KF07OP2K5P83,SGB-Bank S.A.,Poland,Large highest EEA,2025-06-30,020000,290,290,1,20260416,210,234.0,75.5,false
259400QHDOZWMJ103294,ALIOR BANK S.A.,Poland,Other highest EEA,2025-06-30,010000,330,331,4,20260526,66,247.5,84.8,false
259400QHDOZWMJ103294,ALIOR BANK S.A.,Poland,Other highest EEA,2025-06-30,020000,330,331,4,20260526,66,247.5,84.8,false
259400QHDOZWMJ103294,ALIOR BANK S.A.,Poland,Other highest EEA,2025-12-31,010000,55,55,4,20260224,439,141,4.1,false
259400QHDOZWMJ103294,ALIOR BANK S.A.,Poland,Other highest EEA,2025-12-31,020000,55,55,4,20260224,439,141,4.1,false
259400WNAOMT2E4OIS38,NEST BANK S.A.,Poland,Other highest EEA,2025-12-31,010000,100,100,1,20260410,439,141,24.4,false
259400WNAOMT2E4OIS38,NEST BANK S.A.,Poland,Other highest EEA,2025-12-31,020000,90,91,3,20260331,439,141,20.4,false
259400YLRTOBISHBVX41,ING Bank Slaski S.A.,Poland,Large subsidiaries,2025-06-30,010000,161,232,3,20251208,128,260.0,6.6,false
259400YLRTOBISHBVX41,ING Bank Slaski S.A.,Poland,Large subsidiaries,2025-06-30,020000,163,232,4,20251210,128,260.0,8.2,false
259400YLRTOBISHBVX41,ING Bank Slaski S.A.,Poland,Large subsidiaries,2025-09-30,010000,115,140,2,20260123,72,176.0,7.6,false
259400YLRTOBISHBVX41,ING Bank Slaski S.A.,Poland,Large subsidiaries,2025-09-30,020000,140,140,1,20260217,72,176.0,29.9,false
259400YLRTOBISHBVX41,ING Bank Slaski S.A.,Poland,Large subsidiaries,2025-12-31,010000,62,63,5,20260303,188,124.0,5.3,false
259400YLRTOBISHBVX41,ING Bank Slaski S.A.,Poland,Large subsidiaries,2025-12-31,020000,62,64,4,20260303,188,124.0,5.3,false
259400YLRTOBISHBVX41,ING Bank Slaski S.A.,Poland,Large subsidiaries,2026-03-31,010000,29,29,1,20260429,62,69.0,4.0,true
259400YLRTOBISHBVX41,ING Bank Slaski S.A.,Poland,Large subsidiaries,2026-03-31,020100,30,30,1,20260430,62,69.0,9.7,true
2G5BKIC2CB69PRJH1W31,Barclays Bank Ireland plc,Ireland,Large highest EEA,2025-06-30,010000,247,247,3,20260304,210,234.0,56.7,false
2G5BKIC2CB69PRJH1W31,Barclays Bank Ireland plc,Ireland,Large highest EEA,2025-06-30,020000,247,247,3,20260304,210,234.0,56.7,false
2G5BKIC2CB69PRJH1W31,Barclays Bank Ireland plc,Ireland,Large highest EEA,2025-09-30,010000,184,184,2,20260402,161,155,68.9,false
2G5BKIC2CB69PRJH1W31,Barclays Bank Ireland plc,Ireland,Large highest EEA,2025-09-30,020000,184,184,1,20260402,161,155,68.9,false
2G5BKIC2CB69PRJH1W31,Barclays Bank Ireland plc,Ireland,Large highest EEA,2025-12-31,010000,174,174,4,20260623,241,113,89.8,false
2G5BKIC2CB69PRJH1W31,Barclays Bank Ireland plc,Ireland,Large highest EEA,2025-12-31,020000,98,174,4,20260408,241,113,33.6,false
2W8N8UU78PMDQKZENC08,Intesa Sanpaolo S.p.A.,Italy,Large highest EEA,2025-06-30,010000,134,192,2,20251111,210,234.0,4.5,false
2W8N8UU78PMDQKZENC08,Intesa Sanpaolo S.p.A.,Italy,Large highest EEA,2025-06-30,020000,197,301,3,20260113,210,234.0,23.1,false
2W8N8UU78PMDQKZENC08,Intesa Sanpaolo S.p.A.,Italy,Large highest EEA,2025-09-30,010000,65,65,1,20251204,161,155,5.0,false
2W8N8UU78PMDQKZENC08,Intesa Sanpaolo S.p.A.,Italy,Large highest EEA,2025-09-30,020000,163,163,1,20260312,161,155,59.3,false
2W8N8UU78PMDQKZENC08,Intesa Sanpaolo S.p.A.,Italy,Large highest EEA,2025-12-31,010000,72,132,3,20260313,241,113,16.4,false
2W8N8UU78PMDQKZENC08,Intesa Sanpaolo S.p.A.,Italy,Large highest EEA,2025-12-31,020000,98,131,4,20260408,241,113,33.6,false
2W8N8UU78PMDQKZENC08,Intesa Sanpaolo S.p.A.,Italy,Large highest EEA,2026-03-31,010000,42,71,3,20260512,155,58,20.0,true
2W8N8UU78PMDQKZENC08,Intesa Sanpaolo S.p.A.,Italy,Large highest EEA,2026-03-31,020100,41,41,1,20260511,155,58,15.8,true
2ZCNRR8UK83OBTEK2170,UniCredit Bank GmbH,Germany,Large subsidiaries,2025-06-30,010000,212,212,2,20260128,128,260.0,23.4,false
2ZCNRR8UK83OBTEK2170,UniCredit Bank GmbH,Germany,Large subsidiaries,2025-06-30,020000,212,212,2,20260128,128,260.0,23.4,false
2ZCNRR8UK83OBTEK2170,UniCredit Bank GmbH,Germany,Large subsidiaries,2025-09-30,010000,120,120,1,20260128,72,176.0,15.3,false
2ZCNRR8UK83OBTEK2170,UniCredit Bank GmbH,Germany,Large subsidiaries,2025-09-30,020000,121,121,1,20260129,72,176.0,18.8,false
2ZCNRR8UK83OBTEK2170,UniCredit Bank GmbH,Germany,Large subsidiaries,2025-12-31,010000,106,106,2,20260416,188,124.0,30.9,false
2ZCNRR8UK83OBTEK2170,UniCredit Bank GmbH,Germany,Large subsidiaries,2025-12-31,020000,106,106,2,20260416,188,124.0,30.9,false
2ZCNRR8UK83OBTEK2170,UniCredit Bank GmbH,Germany,Large subsidiaries,2026-03-31,010000,72,72,1,20260611,62,69.0,60.5,true
2ZCNRR8UK83OBTEK2170,UniCredit Bank GmbH,Germany,Large subsidiaries,2026-03-31,020100,85,85,1,20260624,62,69.0,87.1,true
31570010000000004460,Raiffeisenbank a.s.,Czech,Large subsidiaries,2025-12-31,010000,167,176,3,20260616,188,124.0,80.3,false
31570010000000004460,Raiffeisenbank a.s.,Czech,Large subsidiaries,2025-12-31,020000,167,167,4,20260616,188,124.0,80.3,false
31570014BNQ1Q99CNQ35,PPF Financial Holdings AS,Czech,Large highest EEA,2025-06-30,010000,470,470,1,20261013,210,234.0,99.8,false
31570014BNQ1Q99CNQ35,PPF Financial Holdings AS,Czech,Large highest EEA,2025-06-30,020000,214,214,1,20260130,210,234.0,39.0,false
31570014BNQ1Q99CNQ35,PPF Financial Holdings AS,Czech,Large highest EEA,2025-12-31,010000,181,181,1,20260630,241,113,99.0,false
31570014BNQ1Q99CNQ35,PPF Financial Holdings AS,Czech,Large highest EEA,2025-12-31,020000,177,180,2,20260626,241,113,94.8,false
31570020000000004154,"Privatbanka, a.s.",Slovakia,Other highest EEA,2025-12-31,010000,105,105,1,20260415,439,141,25.7,false
3157002JBFAI478MD587,"Tatra banka, a.s.",Slovakia,Large subsidiaries,2025-06-30,010000,151,270,5,20251128,128,260.0,3.5,false
3157002JBFAI478MD587,"Tatra banka, a.s.",Slovakia,Large subsidiaries,2025-06-30,020000,211,211,3,20260127,128,260.0,20.7,false
3157002JBFAI478MD587,"Tatra banka, a.s.",Slovakia,Large subsidiaries,2025-09-30,010000,195,195,1,20260413,72,176.0,60.4,false
3157002JBFAI478MD587,"Tatra banka, a.s.",Slovakia,Large subsidiaries,2025-09-30,020000,119,119,1,20260127,72,176.0,11.1,false
3157002JBFAI478MD587,"Tatra banka, a.s.",Slovakia,Large subsidiaries,2025-12-31,010000,85,138,7,20260326,188,124.0,16.8,false
3157002JBFAI478MD587,"Tatra banka, a.s.",Slovakia,Large subsidiaries,2025-12-31,020000,84,138,6,20260325,188,124.0,15.2,false
3157002JBFAI478MD587,"Tatra banka, a.s.",Slovakia,Large subsidiaries,2026-03-31,010000,45,72,2,20260515,62,69.0,26.6,true
3157002JBFAI478MD587,"Tatra banka, a.s.",Slovakia,Large subsidiaries,2026-03-31,020100,69,72,3,20260608,62,69.0,52.4,true
3157006K4C7PJT790450,BANCA CENTRALA COOPERATISTA CREDITCOOP,Romania,Other highest EEA,2025-12-31,020000,161,167,2,20260610,439,141,65.7,false
315700E9POA724IWFP59,J&amp;T FINANCE GROUP SE,Czech,Large highest EEA,2025-06-30,010000,352,357,2,20260617,210,234.0,92.4,false
315700E9POA724IWFP59,J&amp;T FINANCE GROUP SE,Czech,Large highest EEA,2025-06-30,020000,352,357,2,20260617,210,234.0,92.4,false
315700E9POA724IWFP59,J&amp;T FINANCE GROUP SE,Czech,Large highest EEA,2025-09-30,010000,265,265,1,20260622,161,155,94.1,false
315700E9POA724IWFP59,J&amp;T FINANCE GROUP SE,Czech,Large highest EEA,2025-09-30,020000,260,260,1,20260617,161,155,92.2,false
315700E9POA724IWFP59,J&amp;T FINANCE GROUP SE,Czech,Large highest EEA,2025-12-31,010000,140,173,3,20260520,241,113,67.8,false
315700E9POA724IWFP59,J&amp;T FINANCE GROUP SE,Czech,Large highest EEA,2025-12-31,020000,139,168,4,20260519,241,113,66.8,false
315700E9POA724IWFP59,J&amp;T FINANCE GROUP SE,Czech,Large highest EEA,2026-03-31,010000,83,83,1,20260622,155,58,88.4,true
315700E9POA724IWFP59,J&amp;T FINANCE GROUP SE,Czech,Large highest EEA,2026-03-31,020100,87,87,1,20260626,155,58,95.2,true
315700K45LRKNGMUIW27,"Prima banka Slovensko, a.s.",Slovakia,Large highest EEA,2025-06-30,010000,301,301,1,20260427,210,234.0,79.5,false
315700K45LRKNGMUIW27,"Prima banka Slovensko, a.s.",Slovakia,Large highest EEA,2025-06-30,020000,301,317,3,20260427,210,234.0,79.5,false
315700K45LRKNGMUIW27,"Prima banka Slovensko, a.s.",Slovakia,Large highest EEA,2025-09-30,020000,209,209,1,20260427,161,155,82.9,false
315700K45LRKNGMUIW27,"Prima banka Slovensko, a.s.",Slovakia,Large highest EEA,2025-12-31,010000,117,117,1,20260427,241,113,54.1,false
315700K45LRKNGMUIW27,"Prima banka Slovensko, a.s.",Slovakia,Large highest EEA,2025-12-31,020000,117,139,4,20260427,241,113,54.1,false
315700K45LRKNGMUIW27,"Prima banka Slovensko, a.s.",Slovakia,Large highest EEA,2026-03-31,020100,45,45,1,20260515,155,58,25.2,true
39120001JPAYYPDRNN92,Deutsche Bausparkasse Badenia Aktiengesellschaft,Germany,Other highest EEA,2025-12-31,010000,126,126,2,20260506,439,141,39.6,false
39120001JPAYYPDRNN92,Deutsche Bausparkasse Badenia Aktiengesellschaft,Germany,Other highest EEA,2025-12-31,020000,117,117,3,20260427,439,141,33.0,false
391200EEGLNXBBCVKC73,Erwerbsgesellschaft der S-Finanzgruppe mbH & Co. KG,Germany,Large highest EEA,2025-06-30,020000,283,311,2,20260409,210,234.0,73.6,false
391200EEGLNXBBCVKC73,Erwerbsgesellschaft der S-Finanzgruppe mbH & Co. KG,Germany,Large highest EEA,2025-12-31,010000,180,181,2,20260629,241,113,96.7,false
391200EEGLNXBBCVKC73,Erwerbsgesellschaft der S-Finanzgruppe mbH & Co. KG,Germany,Large highest EEA,2025-12-31,020000,180,181,3,20260629,241,113,96.7,false
391200MQTYA14WRXOV43,Raiffeisenbank Plankstetten AG,Germany,Other highest EEA,2025-12-31,010000,176,176,1,20260625,439,141,85.1,false
3DM5DPGI3W6OU6GJ4N92,BANCO BPI S.A.,Portugal,Large subsidiaries,2025-12-31,010000,180,180,4,20260629,188,124.0,96.3,false
3DM5DPGI3W6OU6GJ4N92,BANCO BPI S.A.,Portugal,Large subsidiaries,2025-12-31,020000,177,181,4,20260626,188,124.0,94.1,false
3H0Q3U74FVFED2SHZT16,MBH bankcsoport,Hungary,Large highest EEA,2025-06-30,010000,224,269,4,20260209,210,234.0,42.1,false
3H0Q3U74FVFED2SHZT16,MBH bankcsoport,Hungary,Large highest EEA,2025-06-30,020000,224,270,4,20260209,210,234.0,42.1,false
3H0Q3U74FVFED2SHZT16,MBH bankcsoport,Hungary,Large highest EEA,2025-09-30,010000,98,98,1,20260106,161,155,9.6,false
3H0Q3U74FVFED2SHZT16,MBH bankcsoport,Hungary,Large highest EEA,2025-09-30,020000,132,132,1,20260209,161,155,31.4,false
3H0Q3U74FVFED2SHZT16,MBH bankcsoport,Hungary,Large highest EEA,2025-12-31,010000,120,160,5,20260430,241,113,57.9,false
3H0Q3U74FVFED2SHZT16,MBH bankcsoport,Hungary,Large highest EEA,2025-12-31,020000,134,160,4,20260514,241,113,65.8,false
3H0Q3U74FVFED2SHZT16,MBH bankcsoport,Hungary,Large highest EEA,2026-03-31,010000,77,77,1,20260616,155,58,82.6,true
3H0Q3U74FVFED2SHZT16,MBH bankcsoport,Hungary,Large highest EEA,2026-03-31,020100,69,69,1,20260608,155,58,71.6,true
3M5E1GQGKL17HI6CPN30,Jyske Bank A/S,Denmark,Large highest EEA,2025-12-31,020000,125,125,1,20260505,241,113,59.8,false
3M5E1GQGKL17HI6CPN30,Jyske Bank A/S,Denmark,Large highest EEA,2026-03-31,010000,35,35,1,20260505,155,58,9.0,true
3M5E1GQGKL17HI6CPN30,Jyske Bank A/S,Denmark,Large highest EEA,2026-03-31,010100,27,27,1,20260427,155,58,1.9,true
3M5E1GQGKL17HI6CPN30,Jyske Bank A/S,Denmark,Large highest EEA,2026-03-31,020100,27,27,1,20260427,155,58,1.9,true
3TK20IVIUJ8J3ZU0QE75,ING Bank N.V.,Netherlands,Large subsidiaries,2025-12-31,010000,113,113,3,20260423,188,124.0,36.4,false
3TK20IVIUJ8J3ZU0QE75,ING Bank N.V.,Netherlands,Large subsidiaries,2025-12-31,020000,113,125,3,20260423,188,124.0,36.4,false
485100FX5Y9YLAQLNP12,Revolut Holdings Europe UAB,Lithuania,Large highest EEA,2025-12-31,010000,111,114,5,20260421,241,113,46.3,false
485100FX5Y9YLAQLNP12,Revolut Holdings Europe UAB,Lithuania,Large highest EEA,2025-12-31,020000,111,111,3,20260421,241,113,46.3,false
5299000F1CGJQ8NAXQ58,MERKANTI BANK LTD,Malta,Other highest EEA,2025-12-31,010000,131,131,2,20260511,439,141,40.4,false
5299000F1CGJQ8NAXQ58,MERKANTI BANK LTD,Malta,Other highest EEA,2025-12-31,020000,132,133,3,20260512,439,141,41.1,false
5299000PCY1EP8QJFV48,United Bulgarian Bank AD,Bulgaria,Large subsidiaries,2025-12-31,010000,169,176,4,20260618,188,124.0,84.0,false
5299000PCY1EP8QJFV48,United Bulgarian Bank AD,Bulgaria,Large subsidiaries,2025-12-31,020000,168,177,3,20260617,188,124.0,82.2,false
5299000R7WZOVIFHLN21,BFS SozialFinanz AG,Germany,Other highest EEA,2025-12-31,010000,132,132,2,20260512,439,141,41.1,false
5299000R7WZOVIFHLN21,BFS SozialFinanz AG,Germany,Other highest EEA,2025-12-31,020000,118,132,3,20260428,439,141,35.0,false
5299001ADI8FLGT0GU28,Sparkasse KölnBonn,Germany,Other highest EEA,2025-12-31,010000,162,167,3,20260611,439,141,66.9,false
5299001ADI8FLGT0GU28,Sparkasse KölnBonn,Germany,Other highest EEA,2025-12-31,020000,162,166,3,20260611,439,141,66.9,false
5299001PEMDU9N24CH60,DELAVSKA HRANILNICA d.d. LJUBLJANA,Slovenia,Other highest EEA,2025-12-31,010000,132,133,2,20260512,439,141,41.1,false
5299001PEMDU9N24CH60,DELAVSKA HRANILNICA d.d. LJUBLJANA,Slovenia,Other highest EEA,2025-12-31,020000,126,132,3,20260506,439,141,39.6,false
52990026HQOTT4AJP655,GLS Gemeinschaftsbank e.G.,Germany,Other highest EEA,2025-12-31,010000,174,174,2,20260623,439,141,78.4,false
52990026HQOTT4AJP655,GLS Gemeinschaftsbank e.G.,Germany,Other highest EEA,2025-12-31,020000,174,177,3,20260623,439,141,78.4,false
5299002GPCR602QYJC04,KfW Beteiligungsholding GmbH,Germany,Large highest EEA,2025-06-30,010000,211,211,1,20260127,210,234.0,33.6,false
5299002GPCR602QYJC04,KfW Beteiligungsholding GmbH,Germany,Large highest EEA,2025-06-30,020000,212,212,1,20260128,210,234.0,35.0,false
5299002GPCR602QYJC04,KfW Beteiligungsholding GmbH,Germany,Large highest EEA,2025-12-31,010000,107,107,2,20260417,241,113,43.6,false
5299002GPCR602QYJC04,KfW Beteiligungsholding GmbH,Germany,Large highest EEA,2025-12-31,020000,107,107,2,20260417,241,113,43.6,false
52990033C5FUEN4LMC06,BANCA POPOLARE DELL'ALTO ADIGE SOCIETA' PER AZIONI (IN TEDESCO SUDTIROLER VOLKSBANK A.G.),Italy,Other highest EEA,2025-12-31,010000,160,173,3,20260609,439,141,64.5,false
52990033C5FUEN4LMC06,BANCA POPOLARE DELL'ALTO ADIGE SOCIETA' PER AZIONI (IN TEDESCO SUDTIROLER VOLKSBANK A.G.),Italy,Other highest EEA,2025-12-31,020000,168,173,3,20260617,439,141,70.6,false
5299003ATVTQVPTW4735,BTV Vier Länder Bank AG,Austria,Other highest EEA,2025-06-30,010000,273,304,2,20260330,66,247.5,64.4,false
5299003ATVTQVPTW4735,BTV Vier Länder Bank AG,Austria,Other highest EEA,2025-06-30,020000,273,273,1,20260330,66,247.5,64.4,false
52990045V2BWJN669Q34,Wüstenrot Wohnungswirtschaft registrierte Genossenschaft mit beschränkter Haftung,Austria,Other highest EEA,2025-12-31,010000,-28,-28,1,20251203,439,141,0.3,false
52990045V2BWJN669Q34,Wüstenrot Wohnungswirtschaft registrierte Genossenschaft mit beschränkter Haftung,Austria,Other highest EEA,2025-12-31,020000,162,163,4,20260611,439,141,66.9,false
5299004R4U60UMXLSE36,Sparkasse Karlsruhe,Germany,Other highest EEA,2025-12-31,010000,174,174,2,20260623,439,141,78.4,false
5299004R4U60UMXLSE36,Sparkasse Karlsruhe,Germany,Other highest EEA,2025-12-31,020000,174,174,2,20260623,439,141,78.4,false
5299005743YY767PR386,Dragsholm Sparekasse,Denmark,Other highest EEA,2025-12-31,010000,48,49,2,20260217,439,141,1.8,false
5299005743YY767PR386,Dragsholm Sparekasse,Denmark,Other highest EEA,2025-12-31,020000,49,49,3,20260218,439,141,2.4,false
5299005OACOC1C1OFJ11,Raiffeisen-Landesbank Tirol AG,Austria,Other highest EEA,2025-06-30,010000,226,226,1,20260211,66,247.5,34.8,false
5299005OACOC1C1OFJ11,Raiffeisen-Landesbank Tirol AG,Austria,Other highest EEA,2025-06-30,020000,226,226,1,20260211,66,247.5,34.8,false
5299005OACOC1C1OFJ11,Raiffeisen-Landesbank Tirol AG,Austria,Other highest EEA,2025-12-31,010000,170,170,5,20260619,439,141,73.5,false
5299005OACOC1C1OFJ11,Raiffeisen-Landesbank Tirol AG,Austria,Other highest EEA,2025-12-31,020000,170,170,3,20260619,439,141,73.5,false
5299005UJX6K7BQKV086,OTP banka d.d.,Croatia,Large subsidiaries,2025-12-31,010000,170,170,4,20260619,188,124.0,86.4,false
5299005UJX6K7BQKV086,OTP banka d.d.,Croatia,Large subsidiaries,2025-12-31,020000,170,170,3,20260619,188,124.0,86.4,false
5299005UJX6K7BQKV086,OTP banka d.d.,Croatia,Large subsidiaries,2026-03-31,010100,90,90,1,20260629,62,69.0,96.0,true
5299005UJX6K7BQKV086,OTP banka d.d.,Croatia,Large subsidiaries,2026-03-31,020100,90,90,1,20260629,62,69.0,96.0,true
52990061592SQLEJN964,Volksbank Mittelhessen eG,Germany,Other highest EEA,2025-12-31,010000,176,176,1,20260625,439,141,85.1,false
52990061592SQLEJN964,Volksbank Mittelhessen eG,Germany,Other highest EEA,2025-12-31,020000,176,176,2,20260625,439,141,85.1,false
5299007QVIQ7IO64NX37,UBS Europe SE,Germany,Large highest EEA,2025-09-30,010000,120,120,1,20260128,161,155,21.1,false
5299007S3UH5RKUYDA52,DEUTSCHE APOTHEKER- UND ÄRZTEBANK EG,Germany,Large highest EEA,2025-06-30,010000,252,253,2,20260309,210,234.0,61.0,false
5299007S3UH5RKUYDA52,DEUTSCHE APOTHEKER- UND ÄRZTEBANK EG,Germany,Large highest EEA,2025-06-30,020000,252,252,3,20260309,210,234.0,61.0,false
5299007S3UH5RKUYDA52,DEUTSCHE APOTHEKER- UND ÄRZTEBANK EG,Germany,Large highest EEA,2025-09-30,010000,161,161,1,20260310,161,155,57.8,false
5299007S3UH5RKUYDA52,DEUTSCHE APOTHEKER- UND ÄRZTEBANK EG,Germany,Large highest EEA,2025-09-30,020000,160,160,1,20260309,161,155,55.0,false
5299007S3UH5RKUYDA52,DEUTSCHE APOTHEKER- UND ÄRZTEBANK EG,Germany,Large highest EEA,2025-12-31,010000,112,169,3,20260422,241,113,47.9,false
5299007S3UH5RKUYDA52,DEUTSCHE APOTHEKER- UND ÄRZTEBANK EG,Germany,Large highest EEA,2025-12-31,020000,112,169,4,20260422,241,113,47.9,false
5299007S3UH5RKUYDA52,DEUTSCHE APOTHEKER- UND ÄRZTEBANK EG,Germany,Large highest EEA,2026-03-31,010000,69,69,1,20260608,155,58,71.6,true
5299007S3UH5RKUYDA52,DEUTSCHE APOTHEKER- UND ÄRZTEBANK EG,Germany,Large highest EEA,2026-03-31,020100,69,69,1,20260608,155,58,71.6,true
52990089LBIKLBM8YB23,VR Bank Nord eG,Germany,Other highest EEA,2025-12-31,010000,140,169,2,20260520,439,141,48.2,false
52990089LBIKLBM8YB23,VR Bank Nord eG,Germany,Other highest EEA,2025-12-31,020000,140,173,3,20260520,439,141,48.2,false
5299008FEH4GQXGZNP50,"BANCO CTT, S.A.",Portugal,Other highest EEA,2025-12-31,020000,125,125,3,20260505,439,141,38.7,false
5299008I0TO44SUINZ71,Oldenburgische Landesbank Aktiengesellschaft,Germany,Large highest EEA,2025-12-31,010000,141,163,3,20260521,241,113,68.5,false
5299008I0TO44SUINZ71,Oldenburgische Landesbank Aktiengesellschaft,Germany,Large highest EEA,2025-12-31,020000,141,163,4,20260521,241,113,68.5,false
52990093INYLJNWHQ228,Volksbank eG - Die Gestalterbank,Germany,Other highest EEA,2025-12-31,010000,180,180,2,20260629,439,141,92.3,false
52990093INYLJNWHQ228,Volksbank eG - Die Gestalterbank,Germany,Other highest EEA,2025-12-31,020000,180,180,3,20260629,439,141,92.3,false
52990096Q5LMCH1WU462,"Československá obchodná banka, a.s.",Slovakia,Large subsidiaries,2025-12-31,010000,138,154,3,20260518,188,124.0,59.6,false
52990096Q5LMCH1WU462,"Československá obchodná banka, a.s.",Slovakia,Large subsidiaries,2025-12-31,020000,138,161,3,20260518,188,124.0,59.6,false
52990096Q5LMCH1WU462,"Československá obchodná banka, a.s.",Slovakia,Large subsidiaries,2026-03-31,020100,55,55,1,20260525,62,69.0,37.9,true
5299009EHB4RBGMI5828,Raiffeisen Landesbank Kärnten und Revisionsverband eGen,Austria,Other highest EEA,2025-06-30,010000,294,294,1,20260420,66,247.5,71.2,false
5299009EHB4RBGMI5828,Raiffeisen Landesbank Kärnten und Revisionsverband eGen,Austria,Other highest EEA,2025-06-30,020000,294,294,1,20260420,66,247.5,71.2,false
5299009EHB4RBGMI5828,Raiffeisen Landesbank Kärnten und Revisionsverband eGen,Austria,Other highest EEA,2025-12-31,010000,174,175,4,20260623,439,141,78.4,false
5299009EHB4RBGMI5828,Raiffeisen Landesbank Kärnten und Revisionsverband eGen,Austria,Other highest EEA,2025-12-31,020000,175,175,3,20260624,439,141,81.7,false
529900AVGYYBVL1VNQ03,Kreditbanken A/S,Denmark,Other highest EEA,2025-12-31,010000,159,170,2,20260608,439,141,63.4,false
529900AVGYYBVL1VNQ03,Kreditbanken A/S,Denmark,Other highest EEA,2025-12-31,020000,159,160,3,20260608,439,141,63.4,false
529900B4OR3PD4V3AQ57,Finanzholding der Sparkasse in Bremen,Germany,Other highest EEA,2025-12-31,010000,152,152,1,20260601,439,141,58.8,false
529900B4OR3PD4V3AQ57,Finanzholding der Sparkasse in Bremen,Germany,Other highest EEA,2025-12-31,020000,152,152,2,20260601,439,141,58.8,false
529900B91AUH0YTEXN10,National-Bank Aktiengesellschaft,Germany,Other highest EEA,2025-12-31,010000,133,133,2,20260513,439,141,42.1,false
529900B91AUH0YTEXN10,National-Bank Aktiengesellschaft,Germany,Other highest EEA,2025-12-31,020000,111,113,3,20260421,439,141,29.0,false
529900B9P29R8W03IX88,BKS Bank AG,Austria,Other highest EEA,2025-06-30,010000,42,42,1,20250811,66,247.5,0.8,false
529900B9P29R8W03IX88,BKS Bank AG,Austria,Other highest EEA,2025-12-31,010000,181,181,2,20260630,439,141,97.2,false
529900BHRYZ464GFD289,GRENKE AG,Germany,Other highest EEA,2025-06-30,010000,211,211,1,20260127,66,247.5,20.5,false
529900BHRYZ464GFD289,GRENKE AG,Germany,Other highest EEA,2025-06-30,020000,211,211,1,20260127,66,247.5,20.5,false
529900BHRYZ464GFD289,GRENKE AG,Germany,Other highest EEA,2025-12-31,010000,90,97,3,20260331,439,141,20.4,false
529900BHRYZ464GFD289,GRENKE AG,Germany,Other highest EEA,2025-12-31,020000,90,99,3,20260331,439,141,20.4,false
529900BI5KIGX6YLX375,Oberösterreichische Landesbank Aktiengesellschaft,Austria,Other highest EEA,2025-12-31,010000,173,176,3,20260622,439,141,75.4,false
529900BI5KIGX6YLX375,Oberösterreichische Landesbank Aktiengesellschaft,Austria,Other highest EEA,2025-12-31,020000,173,176,6,20260622,439,141,75.4,false
529900BIK4WRWS06MR52,Varengold Bank AG,Germany,Other highest EEA,2025-12-31,010000,141,141,1,20260521,439,141,49.7,false
529900BIK4WRWS06MR52,Varengold Bank AG,Germany,Other highest EEA,2025-12-31,020000,140,140,3,20260520,439,141,48.2,false
529900C3SHT3Q94H3W82,Bank11 Holding GmbH,Germany,Other highest EEA,2025-12-31,010000,175,175,2,20260624,439,141,81.7,false
529900C3SHT3Q94H3W82,Bank11 Holding GmbH,Germany,Other highest EEA,2025-12-31,020000,175,175,3,20260624,439,141,81.7,false
529900C9OP6Y0DPYSK11,VR Bank RheinAhrEifel eG,Germany,Other highest EEA,2025-12-31,010000,176,176,2,20260625,439,141,85.1,false
529900C9OP6Y0DPYSK11,VR Bank RheinAhrEifel eG,Germany,Other highest EEA,2025-12-31,020000,176,176,3,20260625,439,141,85.1,false
529900CJAJ0HDPPKUI53,Nassauische Sparkasse,Germany,Other highest EEA,2025-12-31,010000,153,153,2,20260602,439,141,59.7,false
529900CJAJ0HDPPKUI53,Nassauische Sparkasse,Germany,Other highest EEA,2025-12-31,020000,153,153,3,20260602,439,141,59.7,false
529900D5G4V6THXC5P79,Hrvatska poštanska banka d.d.,Croatia,Large highest EEA,2025-06-30,010000,129,331,3,20251106,210,234.0,3.3,false
529900D5G4V6THXC5P79,Hrvatska poštanska banka d.d.,Croatia,Large highest EEA,2025-06-30,020000,326,333,3,20260522,210,234.0,83.1,false
529900D5G4V6THXC5P79,Hrvatska poštanska banka d.d.,Croatia,Large highest EEA,2025-09-30,010000,266,266,1,20260623,161,155,95.7,false
529900D5G4V6THXC5P79,Hrvatska poštanska banka d.d.,Croatia,Large highest EEA,2025-09-30,020000,268,268,1,20260625,161,155,97.8,false
529900D5G4V6THXC5P79,Hrvatska poštanska banka d.d.,Croatia,Large highest EEA,2025-12-31,010000,147,176,3,20260527,241,113,72.0,false
529900D5G4V6THXC5P79,Hrvatska poštanska banka d.d.,Croatia,Large highest EEA,2025-12-31,020000,148,161,5,20260528,241,113,74.3,false
529900DEAYRUPP22B339,Mercedes-Benz Bank AG,Germany,Other highest EEA,2025-12-31,010000,176,176,1,20260625,439,141,85.1,false
529900DEAYRUPP22B339,Mercedes-Benz Bank AG,Germany,Other highest EEA,2025-12-31,020000,176,180,3,20260625,439,141,85.1,false
529900DPOQPLDSF3R482,Kaiser Partner Privatbank AG,Liechtenstein,Other highest EEA,2025-12-31,010000,176,176,1,20260625,439,141,85.1,false
529900DPOQPLDSF3R482,Kaiser Partner Privatbank AG,Liechtenstein,Other highest EEA,2025-12-31,020000,176,176,3,20260625,439,141,85.1,false
529900DSIVJWCUQUMP41,AKA Ausfuhrkredit-Gesellschaft mit beschränkter Haftung,Germany,Other highest EEA,2025-12-31,010000,140,140,2,20260520,439,141,48.2,false
529900DSIVJWCUQUMP41,AKA Ausfuhrkredit-Gesellschaft mit beschränkter Haftung,Germany,Other highest EEA,2025-12-31,020000,134,138,4,20260514,439,141,43.4,false
529900DXTOU2U9IZDY54,meine Volksbank Raiffeisenbank eG,Germany,Other highest EEA,2025-12-31,010000,180,180,2,20260629,439,141,92.3,false
529900DXTOU2U9IZDY54,meine Volksbank Raiffeisenbank eG,Germany,Other highest EEA,2025-12-31,020000,180,180,3,20260629,439,141,92.3,false
529900E0WY09Z3H21393,VR Bank Rhein-Neckar eG,Germany,Other highest EEA,2025-12-31,010000,181,181,1,20260630,439,141,97.2,false
529900E0WY09Z3H21393,VR Bank Rhein-Neckar eG,Germany,Other highest EEA,2025-12-31,020000,181,181,2,20260630,439,141,97.2,false
529900EKPN8EYA3AX590,Texim Bank AD,Bulgaria,Other highest EEA,2025-06-30,010000,302,302,1,20260428,66,247.5,77.3,false
529900EKPN8EYA3AX590,Texim Bank AD,Bulgaria,Other highest EEA,2025-06-30,020000,302,302,1,20260428,66,247.5,77.3,false
529900EKPN8EYA3AX590,Texim Bank AD,Bulgaria,Other highest EEA,2025-12-31,010000,117,117,3,20260427,439,141,33.0,false
529900EKPN8EYA3AX590,Texim Bank AD,Bulgaria,Other highest EEA,2025-12-31,020000,117,117,3,20260427,439,141,33.0,false
529900EM0ZU25V87GD50,ALTE LEIPZIGER Bauspar AG,Germany,Other highest EEA,2025-12-31,010000,97,97,2,20260407,439,141,22.9,false
529900EM0ZU25V87GD50,ALTE LEIPZIGER Bauspar AG,Germany,Other highest EEA,2025-12-31,020000,92,92,2,20260402,439,141,22.1,false
529900FEID5L4H2T2L70,Raiffeisen Landesbank Vorarlberg mit Revisionsverband eGen,Austria,Other highest EEA,2025-06-30,020000,273,273,1,20260330,66,247.5,64.4,false
529900FEID5L4H2T2L70,Raiffeisen Landesbank Vorarlberg mit Revisionsverband eGen,Austria,Other highest EEA,2025-12-31,010000,177,180,2,20260626,439,141,88.6,false
529900FEID5L4H2T2L70,Raiffeisen Landesbank Vorarlberg mit Revisionsverband eGen,Austria,Other highest EEA,2025-12-31,020000,177,177,2,20260626,439,141,88.6,false
529900FU4WJ2XT7BVE31,LBS Landesbausparkasse Süd,Germany,Large highest EEA,2025-06-30,010000,288,288,1,20260414,210,234.0,74.8,false
529900FU4WJ2XT7BVE31,LBS Landesbausparkasse Süd,Germany,Large highest EEA,2025-06-30,020000,288,288,1,20260414,210,234.0,74.8,false
529900FZWXWNKF3O8394,Sparekassen Thy,Denmark,Other highest EEA,2025-12-31,010000,111,139,4,20260421,439,141,29.0,false
529900FZWXWNKF3O8394,Sparekassen Thy,Denmark,Other highest EEA,2025-12-31,020000,111,139,3,20260421,439,141,29.0,false
529900GEH0DAUTAXUA94,DSK Bank AD,Bulgaria,Large subsidiaries,2025-12-31,010000,181,181,4,20260630,188,124.0,98.4,false
529900GFT28SEW1QSG52,BfW - Bank für Wohnungswirtschaft AG,Germany,,2025-12-31,010000,28,28,1,20260128,7,,,false
529900GGYMNGRQTDOO93,BNG Bank N.V.,Netherlands,Large highest EEA,2025-12-31,010000,160,161,3,20260609,241,113,79.9,false
529900GGYMNGRQTDOO93,BNG Bank N.V.,Netherlands,Large highest EEA,2025-12-31,020000,104,161,5,20260414,241,113,38.4,false
529900GM944JT8YIRL63,Münchener Hypothekenbank eG,Germany,Large highest EEA,2025-12-31,010000,139,169,2,20260519,241,113,66.8,false
529900GM944JT8YIRL63,Münchener Hypothekenbank eG,Germany,Large highest EEA,2025-12-31,020000,148,175,3,20260528,241,113,74.3,false
529900HC4LDSGK0NCJ85,LBS Landesbausparkasse NordWest,Germany,Other highest EEA,2025-12-31,010000,175,175,2,20260624,439,141,81.7,false
529900HC4LDSGK0NCJ85,LBS Landesbausparkasse NordWest,Germany,Other highest EEA,2025-12-31,020000,174,174,3,20260623,439,141,78.4,false
529900HEKOENJHPNN480,Kuntarahoitus Oyj,Finland,Large highest EEA,2025-06-30,010000,203,234,2,20260119,210,234.0,26.9,false
529900HEKOENJHPNN480,Kuntarahoitus Oyj,Finland,Large highest EEA,2025-06-30,020000,183,339,6,20251230,210,234.0,19.3,false
529900HEKOENJHPNN480,Kuntarahoitus Oyj,Finland,Large highest EEA,2025-12-31,010000,90,156,6,20260331,241,113,29.5,false
529900HEKOENJHPNN480,Kuntarahoitus Oyj,Finland,Large highest EEA,2025-12-31,020000,90,161,8,20260331,241,113,29.5,false
529900HNOAA1KXQJUQ27,"DZ BANK AG Deutsche Zentral-Genossenschaftsbank, Frankfurt am Main",Germany,Large highest EEA,2025-06-30,010000,154,211,3,20251201,210,234.0,6.4,false
529900HNOAA1KXQJUQ27,"DZ BANK AG Deutsche Zentral-Genossenschaftsbank, Frankfurt am Main",Germany,Large highest EEA,2025-06-30,020000,156,206,3,20251203,210,234.0,9.3,false
529900HNOAA1KXQJUQ27,"DZ BANK AG Deutsche Zentral-Genossenschaftsbank, Frankfurt am Main",Germany,Large highest EEA,2025-09-30,010000,120,121,2,20260128,161,155,21.1,false
529900HNOAA1KXQJUQ27,"DZ BANK AG Deutsche Zentral-Genossenschaftsbank, Frankfurt am Main",Germany,Large highest EEA,2025-09-30,020000,120,120,1,20260128,161,155,21.1,false
529900HNOAA1KXQJUQ27,"DZ BANK AG Deutsche Zentral-Genossenschaftsbank, Frankfurt am Main",Germany,Large highest EEA,2025-12-31,010000,83,142,5,20260324,241,113,22.0,false
529900HNOAA1KXQJUQ27,"DZ BANK AG Deutsche Zentral-Genossenschaftsbank, Frankfurt am Main",Germany,Large highest EEA,2025-12-31,020000,99,141,4,20260409,241,113,34.2,false
529900HNOAA1KXQJUQ27,"DZ BANK AG Deutsche Zentral-Genossenschaftsbank, Frankfurt am Main",Germany,Large highest EEA,2026-03-31,010000,64,64,1,20260603,155,58,62.9,true
529900HNOAA1KXQJUQ27,"DZ BANK AG Deutsche Zentral-Genossenschaftsbank, Frankfurt am Main",Germany,Large highest EEA,2026-03-31,010100,63,63,1,20260602,155,58,60.0,true
529900HNOAA1KXQJUQ27,"DZ BANK AG Deutsche Zentral-Genossenschaftsbank, Frankfurt am Main",Germany,Large highest EEA,2026-03-31,020100,57,57,1,20260527,155,58,44.8,true
529900I1UZV70CZRAU55,Raiffeisenbank Austria d.d.,Croatia,Large subsidiaries,2025-06-30,010000,263,263,2,20260320,128,260.0,55.5,false
529900I1UZV70CZRAU55,Raiffeisenbank Austria d.d.,Croatia,Large subsidiaries,2025-06-30,020000,263,266,3,20260320,128,260.0,55.5,false
529900I1UZV70CZRAU55,Raiffeisenbank Austria d.d.,Croatia,Large subsidiaries,2025-09-30,010000,160,160,1,20260309,72,176.0,34.7,false
529900I1UZV70CZRAU55,Raiffeisenbank Austria d.d.,Croatia,Large subsidiaries,2025-09-30,020000,162,162,1,20260311,72,176.0,38.2,false
529900I1UZV70CZRAU55,Raiffeisenbank Austria d.d.,Croatia,Large subsidiaries,2025-12-31,010000,175,175,3,20260624,188,124.0,91.0,false
529900I1UZV70CZRAU55,Raiffeisenbank Austria d.d.,Croatia,Large subsidiaries,2025-12-31,020000,175,175,4,20260624,188,124.0,91.0,false
529900IRBZTADXJB6757,flatexDEGIRO AG,Germany,Other highest EEA,2025-06-30,010000,290,290,1,20260416,66,247.5,68.2,false
529900IRBZTADXJB6757,flatexDEGIRO AG,Germany,Other highest EEA,2025-06-30,020000,290,290,1,20260416,66,247.5,68.2,false
529900IRBZTADXJB6757,flatexDEGIRO AG,Germany,Other highest EEA,2025-12-31,010000,112,113,3,20260422,439,141,30.0,false
529900IRBZTADXJB6757,flatexDEGIRO AG,Germany,Other highest EEA,2025-12-31,020000,112,112,3,20260422,439,141,30.0,false
529900J35NSHS856UA68,Sparekassen Kronjylland,Denmark,Other highest EEA,2025-12-31,010000,48,54,2,20260217,439,141,1.8,false
529900J35NSHS856UA68,Sparekassen Kronjylland,Denmark,Other highest EEA,2025-12-31,020000,48,69,4,20260217,439,141,1.8,false
529900JCAE554QUYE140,Sparkasse Westmünsterland,Germany,Other highest EEA,2025-12-31,020000,163,163,3,20260612,439,141,67.7,false
529900JG015JC10LED24,AS LHV Group,Estonia,Large highest EEA,2025-12-31,010000,126,181,3,20260506,241,113,60.8,false
529900JG015JC10LED24,AS LHV Group,Estonia,Large highest EEA,2025-12-31,020000,105,181,3,20260415,241,113,41.1,false
529900JRKG8AEYL65326,VR Bank Heilbronn Schwäbisch Hall eG,Germany,Other highest EEA,2025-12-31,020000,181,181,3,20260630,439,141,97.2,false
529900JZTYE3W7WQH904,HASPA Finanzholding,Germany,Large highest EEA,2025-06-30,010000,250,250,2,20260307,210,234.0,60.0,false
529900JZTYE3W7WQH904,HASPA Finanzholding,Germany,Large highest EEA,2025-06-30,020000,250,250,3,20260307,210,234.0,60.0,false
529900JZTYE3W7WQH904,HASPA Finanzholding,Germany,Large highest EEA,2025-09-30,010000,169,169,1,20260318,161,155,61.5,false
529900JZTYE3W7WQH904,HASPA Finanzholding,Germany,Large highest EEA,2025-09-30,020000,169,169,1,20260318,161,155,61.5,false
529900JZTYE3W7WQH904,HASPA Finanzholding,Germany,Large highest EEA,2025-12-31,010000,173,174,3,20260622,241,113,87.8,false
529900JZTYE3W7WQH904,HASPA Finanzholding,Germany,Large highest EEA,2025-12-31,020000,173,174,4,20260622,241,113,87.8,false
529900JZTYE3W7WQH904,HASPA Finanzholding,Germany,Large highest EEA,2026-03-31,010000,83,83,1,20260622,155,58,88.4,true
529900JZTYE3W7WQH904,HASPA Finanzholding,Germany,Large highest EEA,2026-03-31,020100,83,83,1,20260622,155,58,88.4,true
529900JZXXU699FCKK89,Bausparkasse Schwäbisch Hall Aktiengesellschaft - Bausparkasse der Volksbanken und Raiffeisenbanken,Germany,Large subsidiaries,2025-06-30,010000,310,310,2,20260506,128,260.0,69.5,false
529900JZXXU699FCKK89,Bausparkasse Schwäbisch Hall Aktiengesellschaft - Bausparkasse der Volksbanken und Raiffeisenbanken,Germany,Large subsidiaries,2025-06-30,020000,310,310,2,20260506,128,260.0,69.5,false
529900JZXXU699FCKK89,Bausparkasse Schwäbisch Hall Aktiengesellschaft - Bausparkasse der Volksbanken und Raiffeisenbanken,Germany,Large subsidiaries,2025-09-30,010000,210,210,1,20260428,72,176.0,68.8,false
529900JZXXU699FCKK89,Bausparkasse Schwäbisch Hall Aktiengesellschaft - Bausparkasse der Volksbanken und Raiffeisenbanken,Germany,Large subsidiaries,2025-09-30,020000,216,216,1,20260504,72,176.0,70.1,false
529900JZXXU699FCKK89,Bausparkasse Schwäbisch Hall Aktiengesellschaft - Bausparkasse der Volksbanken und Raiffeisenbanken,Germany,Large subsidiaries,2025-12-31,010000,125,127,2,20260505,188,124.0,51.9,false
529900JZXXU699FCKK89,Bausparkasse Schwäbisch Hall Aktiengesellschaft - Bausparkasse der Volksbanken und Raiffeisenbanken,Germany,Large subsidiaries,2025-12-31,020000,125,148,3,20260505,188,124.0,51.9,false
529900JZXXU699FCKK89,Bausparkasse Schwäbisch Hall Aktiengesellschaft - Bausparkasse der Volksbanken und Raiffeisenbanken,Germany,Large subsidiaries,2026-03-31,010000,64,64,1,20260603,62,69.0,47.6,true
529900JZXXU699FCKK89,Bausparkasse Schwäbisch Hall Aktiengesellschaft - Bausparkasse der Volksbanken und Raiffeisenbanken,Germany,Large subsidiaries,2026-03-31,020100,58,58,1,20260528,62,69.0,44.4,true
529900K16YGKC8BES892,Deutsche Kreditbank Aktiengesellschaft,Germany,Large subsidiaries,2025-06-30,010000,295,295,1,20260421,128,260.0,66.8,false
529900K16YGKC8BES892,Deutsche Kreditbank Aktiengesellschaft,Germany,Large subsidiaries,2025-06-30,020000,294,295,2,20260420,128,260.0,65.6,false
529900K16YGKC8BES892,Deutsche Kreditbank Aktiengesellschaft,Germany,Large subsidiaries,2025-09-30,010000,202,202,1,20260420,72,176.0,62.5,false
529900K16YGKC8BES892,Deutsche Kreditbank Aktiengesellschaft,Germany,Large subsidiaries,2025-09-30,020000,202,202,1,20260420,72,176.0,62.5,false
529900K16YGKC8BES892,Deutsche Kreditbank Aktiengesellschaft,Germany,Large subsidiaries,2025-12-31,010000,103,125,3,20260413,188,124.0,28.2,false
529900K16YGKC8BES892,Deutsche Kreditbank Aktiengesellschaft,Germany,Large subsidiaries,2025-12-31,020000,90,114,4,20260331,188,124.0,23.9,false
529900K16YGKC8BES892,Deutsche Kreditbank Aktiengesellschaft,Germany,Large subsidiaries,2026-03-31,010000,69,69,1,20260608,62,69.0,52.4,true
529900K16YGKC8BES892,Deutsche Kreditbank Aktiengesellschaft,Germany,Large subsidiaries,2026-03-31,020100,69,69,1,20260608,62,69.0,52.4,true
529900KRVTRP5RWP9K95,Santander Consumer Holding GmbH,Germany,Large subsidiaries,2025-12-31,010000,124,177,3,20260504,188,124.0,50.0,false
529900KRVTRP5RWP9K95,Santander Consumer Holding GmbH,Germany,Large subsidiaries,2025-12-31,020000,124,177,3,20260504,188,124.0,50.0,false
529900L89TGSPV9OU151,Porsche Bank Aktiengesellschaft,Austria,Other highest EEA,2025-12-31,010000,177,177,1,20260626,439,141,88.6,false
529900L89TGSPV9OU151,Porsche Bank Aktiengesellschaft,Austria,Other highest EEA,2025-12-31,020000,177,177,2,20260626,439,141,88.6,false
529900LIZVBUANJ20E31,BBBank eG,Germany,Other highest EEA,2025-12-31,010000,175,175,2,20260624,439,141,81.7,false
529900LIZVBUANJ20E31,BBBank eG,Germany,Other highest EEA,2025-12-31,020000,175,175,3,20260624,439,141,81.7,false
529900LKIMB57HKF3545,Bank of China (Europe) S.A,Luxembourg,Other highest EEA,2025-12-31,010000,181,181,1,20260630,439,141,97.2,false
529900LKIMB57HKF3545,Bank of China (Europe) S.A,Luxembourg,Other highest EEA,2025-12-31,020000,181,181,3,20260630,439,141,97.2,false
529900LU7D396TOO3B50,Raiffeisenverband Salzburg eGen,Austria,Other highest EEA,2025-06-30,010000,235,235,1,20260220,66,247.5,44.7,false
529900LU7D396TOO3B50,Raiffeisenverband Salzburg eGen,Austria,Other highest EEA,2025-12-31,010000,160,181,3,20260609,439,141,64.5,false
529900LU7D396TOO3B50,Raiffeisenverband Salzburg eGen,Austria,Other highest EEA,2025-12-31,020000,160,160,3,20260609,439,141,64.5,false
529900MQJIQGD8N3YV53,Hannoversche Volksbank eG,Germany,Other highest EEA,2025-12-31,010000,181,181,1,20260630,439,141,97.2,false
529900MQJIQGD8N3YV53,Hannoversche Volksbank eG,Germany,Other highest EEA,2025-12-31,020000,181,181,2,20260630,439,141,97.2,false
529900N2ZB1B52JB2F83,CASSA CENTRALE RAIFFEISEN DELL'ALTO ADIGE - RAIFFEISEN-LANDESBANK SUEDTIROL A.G.,Italy,Other highest EEA,2025-12-31,010000,168,168,4,20260617,439,141,70.6,false
529900N2ZB1B52JB2F83,CASSA CENTRALE RAIFFEISEN DELL'ALTO ADIGE - RAIFFEISEN-LANDESBANK SUEDTIROL A.G.,Italy,Other highest EEA,2025-12-31,020000,168,168,3,20260617,439,141,70.6,false
529900NJYUGRO908KV84,ALLIANZ BULGARIA HOLDING,Bulgaria,Other highest EEA,2025-12-31,010000,175,175,2,20260624,439,141,81.7,false
529900NJYUGRO908KV84,ALLIANZ BULGARIA HOLDING,Bulgaria,Other highest EEA,2025-12-31,020000,142,142,3,20260522,439,141,51.3,false
529900NNQW9IAE32GQ07,GRAWE-Vermögensverwaltung,Austria,Other highest EEA,2025-12-31,010000,147,147,4,20260527,439,141,54.3,false
529900NNQW9IAE32GQ07,GRAWE-Vermögensverwaltung,Austria,Other highest EEA,2025-12-31,020000,147,147,2,20260527,439,141,54.3,false
529900ODI3047E2LIV03,Nordea Bank Abp,Finland,Large highest EEA,2025-06-30,010000,130,266,3,20251107,210,234.0,4.0,false
529900ODI3047E2LIV03,Nordea Bank Abp,Finland,Large highest EEA,2025-06-30,020000,239,266,3,20260224,210,234.0,53.3,false
529900ODI3047E2LIV03,Nordea Bank Abp,Finland,Large highest EEA,2025-09-30,010000,175,175,1,20260324,161,155,64.3,false
529900ODI3047E2LIV03,Nordea Bank Abp,Finland,Large highest EEA,2025-09-30,020000,168,168,1,20260317,161,155,59.9,false
529900ODI3047E2LIV03,Nordea Bank Abp,Finland,Large highest EEA,2025-12-31,010000,76,105,3,20260317,241,113,16.8,false
529900ODI3047E2LIV03,Nordea Bank Abp,Finland,Large highest EEA,2025-12-31,020000,91,167,4,20260401,241,113,30.5,false
529900ODI3047E2LIV03,Nordea Bank Abp,Finland,Large highest EEA,2026-03-31,010000,63,63,1,20260602,155,58,60.0,true
529900ODI3047E2LIV03,Nordea Bank Abp,Finland,Large highest EEA,2026-03-31,020100,63,63,1,20260602,155,58,60.0,true
529900OE1FOAM50XLP72,Liechtensteinische Landesbank AG,Liechtenstein,Large highest EEA,2025-06-30,010000,346,357,3,20260611,210,234.0,89.0,false
529900OE1FOAM50XLP72,Liechtensteinische Landesbank AG,Liechtenstein,Large highest EEA,2025-06-30,020000,350,357,3,20260615,210,234.0,90.2,false
529900OKPZTTS50FXP26,Advanzia Bank S.A.,Luxembourg,Other highest EEA,2025-12-31,010000,51,64,3,20260220,439,141,2.6,false
529900OKPZTTS50FXP26,Advanzia Bank S.A.,Luxembourg,Other highest EEA,2025-12-31,020000,54,111,7,20260223,439,141,3.1,false
529900OLW8QPFMTBDC23,Neue Bank AG,Liechtenstein,Other highest EEA,2025-12-31,020000,169,170,2,20260618,439,141,71.9,false
529900P8BY9HZTZ82T70,Volksbank Kraichgau eG,Germany,Other highest EEA,2025-12-31,010000,176,176,2,20260625,439,141,85.1,false
529900P8BY9HZTZ82T70,Volksbank Kraichgau eG,Germany,Other highest EEA,2025-12-31,020000,176,176,3,20260625,439,141,85.1,false
529900PR2ELW8QI1B775,DLR Kredit A/S,Denmark,Large highest EEA,2025-12-31,010000,174,177,2,20260623,241,113,89.8,false
529900PR2ELW8QI1B775,DLR Kredit A/S,Denmark,Large highest EEA,2025-12-31,020000,174,181,3,20260623,241,113,89.8,false
529900PR2ELW8QI1B775,DLR Kredit A/S,Denmark,Large highest EEA,2026-03-31,010000,90,90,1,20260629,155,58,97.4,true
529900PUK9IU39VCWK54,Volksbank in Ostwestfalen eG,Germany,Other highest EEA,2025-12-31,010000,180,180,2,20260629,439,141,92.3,false
529900PUK9IU39VCWK54,Volksbank in Ostwestfalen eG,Germany,Other highest EEA,2025-12-31,020000,180,180,3,20260629,439,141,92.3,false
529900Q2C3I7VCILLG45,FIMBank plc,Malta,Other highest EEA,2025-12-31,010000,114,127,4,20260424,439,141,31.7,false
529900Q2C3I7VCILLG45,FIMBank plc,Malta,Other highest EEA,2025-12-31,020000,114,127,5,20260424,439,141,31.7,false
529900QYEJ2GYSWK1F08,RLB-Stmk Verbund eGen,Austria,Other highest EEA,2025-06-30,020000,232,242,2,20260217,66,247.5,40.2,false
529900QYEJ2GYSWK1F08,RLB-Stmk Verbund eGen,Austria,Other highest EEA,2025-12-31,010000,161,161,3,20260610,439,141,65.7,false
529900QYEJ2GYSWK1F08,RLB-Stmk Verbund eGen,Austria,Other highest EEA,2025-12-31,020000,161,161,3,20260610,439,141,65.7,false
529900RCLERIIXF4QM23,bank99 AG,Austria,Other highest EEA,2025-12-31,010000,156,169,4,20260605,439,141,62.4,false
529900RCLERIIXF4QM23,bank99 AG,Austria,Other highest EEA,2025-12-31,020000,169,169,2,20260618,439,141,71.9,false
529900RPGHC6DQEQL615,International Asset Bank AD,Bulgaria,Other highest EEA,2025-12-31,010000,174,174,2,20260623,439,141,78.4,false
529900RPGHC6DQEQL615,International Asset Bank AD,Bulgaria,Other highest EEA,2025-12-31,020000,174,174,3,20260623,439,141,78.4,false
529900RQOBT3ZJMDRK43,Bank Frick AG,Liechtenstein,Other highest EEA,2025-12-31,010000,168,168,1,20260617,439,141,70.6,false
529900RQOBT3ZJMDRK43,Bank Frick AG,Liechtenstein,Other highest EEA,2025-12-31,020000,170,173,2,20260619,439,141,73.5,false
529900RWC8ZYB066JF16,Bank of Valletta Plc,Malta,Large highest EEA,2025-06-30,010000,148,354,3,20251125,210,234.0,6.0,false
529900RWC8ZYB066JF16,Bank of Valletta Plc,Malta,Large highest EEA,2025-06-30,020000,354,354,3,20260619,210,234.0,94.3,false
529900RWC8ZYB066JF16,Bank of Valletta Plc,Malta,Large highest EEA,2025-09-30,010000,56,56,1,20251125,161,155,0.9,false
529900RWC8ZYB066JF16,Bank of Valletta Plc,Malta,Large highest EEA,2025-09-30,020000,265,265,1,20260622,161,155,94.1,false
529900RWC8ZYB066JF16,Bank of Valletta Plc,Malta,Large highest EEA,2025-12-31,010000,-6,174,3,20251225,241,113,1.0,false
529900RWC8ZYB066JF16,Bank of Valletta Plc,Malta,Large highest EEA,2025-12-31,020000,174,174,3,20260623,241,113,89.8,false
529900S1KHKOEQL5CK20,Wüstenrot Bausparkasse Aktiengesellschaft,Germany,Large highest EEA,2025-12-31,010000,160,162,3,20260609,241,113,79.9,false
529900S1KHKOEQL5CK20,Wüstenrot Bausparkasse Aktiengesellschaft,Germany,Large highest EEA,2025-12-31,020000,160,181,4,20260609,241,113,79.9,false
529900SEFOTJH1MLGZ92,Lægernes Bank A/S,Denmark,Other highest EEA,2025-12-31,010000,89,180,7,20260330,439,141,18.8,false
529900SEFOTJH1MLGZ92,Lægernes Bank A/S,Denmark,Other highest EEA,2025-12-31,020000,89,181,7,20260330,439,141,18.8,false
529900SS7ZWCX82U3W60,DEUTSCHE BANK S.P.A.,Italy,Large subsidiaries,2025-12-31,010000,141,141,2,20260521,188,124.0,62.8,false
529900SS7ZWCX82U3W60,DEUTSCHE BANK S.P.A.,Italy,Large subsidiaries,2025-12-31,020000,134,141,3,20260514,188,124.0,56.6,false
529900SSGT49ZZSWYE62,Volkswagen Financial Services AG,Germany,Large highest EEA,2025-12-31,010000,100,100,1,20260410,241,113,35.3,false
529900SSGT49ZZSWYE62,Volkswagen Financial Services AG,Germany,Large highest EEA,2025-12-31,020000,69,90,3,20260310,241,113,11.4,false
529900SSGT49ZZSWYE62,Volkswagen Financial Services AG,Germany,Large highest EEA,2026-03-31,020100,71,71,1,20260610,155,58,77.1,true
529900SXEWPJ1MRRX537,Raiffeisen-Holding Niederösterreich-Wien registrierte Genossenschaft mit beschränkter Haftung,Austria,Large highest EEA,2025-12-31,010000,128,128,2,20260508,241,113,64.1,false
529900SXEWPJ1MRRX537,Raiffeisen-Holding Niederösterreich-Wien registrierte Genossenschaft mit beschränkter Haftung,Austria,Large highest EEA,2025-12-31,020000,128,169,6,20260508,241,113,64.1,false
529900T32UL0CP1FZA06,ALLIANZ BANK FINANCIAL ADVISORS S.P.A.,Italy,Other highest EEA,2025-12-31,010000,170,170,2,20260619,439,141,73.5,false
529900T32UL0CP1FZA06,ALLIANZ BANK FINANCIAL ADVISORS S.P.A.,Italy,Other highest EEA,2025-12-31,020000,154,168,5,20260603,439,141,60.5,false
529900T7MYZUMMW4O176,Berliner Volksbank eG,Germany,Other highest EEA,2025-12-31,010000,174,174,1,20260623,439,141,78.4,false
529900T7MYZUMMW4O176,Berliner Volksbank eG,Germany,Other highest EEA,2025-12-31,020000,174,174,2,20260623,439,141,78.4,false
529900TDG1TFZM39SF37,Baader Beteiligungs GmbH,Germany,Other highest EEA,2025-12-31,010000,176,176,1,20260625,439,141,85.1,false
529900TDG1TFZM39SF37,Baader Beteiligungs GmbH,Germany,Other highest EEA,2025-12-31,020000,174,176,3,20260623,439,141,78.4,false
529900U5XAEYOT68AC40,EFG Bank (Luxembourg) S.A.,Luxembourg,,2025-12-31,010000,176,176,1,20260625,7,,,false
529900U5XAEYOT68AC40,EFG Bank (Luxembourg) S.A.,Luxembourg,,2025-12-31,020000,177,177,3,20260626,7,,,false
529900UHDH7QLRMEJQ86,Sigma Bank AG,Liechtenstein,Other highest EEA,2025-12-31,010000,180,180,1,20260629,439,141,92.3,false
529900UHDH7QLRMEJQ86,Sigma Bank AG,Liechtenstein,Other highest EEA,2025-12-31,020000,170,180,5,20260619,439,141,73.5,false
529900UIRB65OY6U4B21,Lombard Bank Malta plc,Malta,Other highest EEA,2025-12-31,010000,119,141,4,20260429,439,141,36.2,false
529900UIRB65OY6U4B21,Lombard Bank Malta plc,Malta,Other highest EEA,2025-12-31,020000,110,141,3,20260420,439,141,28.2,false
529900UKZBMDBDZIXD62,Addiko Bank AG,Austria,Other highest EEA,2025-06-30,010000,189,189,1,20260105,66,247.5,9.1,false
529900UKZBMDBDZIXD62,Addiko Bank AG,Austria,Other highest EEA,2025-06-30,020000,189,189,1,20260105,66,247.5,9.1,false
529900UKZBMDBDZIXD62,Addiko Bank AG,Austria,Other highest EEA,2025-12-31,010000,76,107,3,20260317,439,141,13.3,false
529900UKZBMDBDZIXD62,Addiko Bank AG,Austria,Other highest EEA,2025-12-31,020000,76,107,3,20260317,439,141,13.3,false
529900V3O1M5IHMOSF46,State Street Europe Holdings Germany S.a.r.l. & Co. KG,Germany,Large highest EEA,2025-06-30,010000,336,336,1,20260601,210,234.0,86.2,false
529900V3O1M5IHMOSF46,State Street Europe Holdings Germany S.a.r.l. & Co. KG,Germany,Large highest EEA,2025-06-30,020000,336,336,1,20260601,210,234.0,86.2,false
529900VS0F7BA91P4I60,Alpha Bank Cyprus Limited,Cyprus,Large subsidiaries,2025-12-31,010000,181,181,3,20260630,188,124.0,98.4,false
529900VS0F7BA91P4I60,Alpha Bank Cyprus Limited,Cyprus,Large subsidiaries,2025-12-31,020000,181,181,1,20260630,188,124.0,98.4,false
529900VVDOKMRRAHZ894,Bank GPB International S.A.,Luxembourg,Other highest EEA,2025-12-31,010000,126,166,3,20260506,439,141,39.6,false
529900VVDOKMRRAHZ894,Bank GPB International S.A.,Luxembourg,Other highest EEA,2025-12-31,020000,125,168,4,20260505,439,141,38.7,false
529900W3MOO00A18X956,OTP-csoport,Hungary,Large highest EEA,2025-06-30,010000,137,248,3,20251114,210,234.0,5.0,false
529900W3MOO00A18X956,OTP-csoport,Hungary,Large highest EEA,2025-06-30,020000,199,248,6,20260115,210,234.0,25.2,false
529900W3MOO00A18X956,OTP-csoport,Hungary,Large highest EEA,2025-09-30,020000,156,156,6,20260305,161,155,51.2,false
529900W3MOO00A18X956,OTP-csoport,Hungary,Large highest EEA,2025-12-31,010000,105,166,6,20260415,241,113,41.1,false
529900W3MOO00A18X956,OTP-csoport,Hungary,Large highest EEA,2025-12-31,020000,105,106,5,20260415,241,113,41.1,false
529900W3MOO00A18X956,OTP-csoport,Hungary,Large highest EEA,2026-03-31,020100,58,58,1,20260528,155,58,50.0,true
529900WF3IXMJXSVJ831,Vereinigte Volksbanken eG,Germany,Other highest EEA,2025-12-31,020000,181,181,1,20260630,439,141,97.2,false
529900XB6RQ3XCELQO62,BENDURA BANK AG,Liechtenstein,Other highest EEA,2025-12-31,010000,176,176,1,20260625,439,141,85.1,false
529900XB6RQ3XCELQO62,BENDURA BANK AG,Liechtenstein,Other highest EEA,2025-12-31,020000,181,181,2,20260630,439,141,97.2,false
529900XDLJV1P7HBAH18,Sparkasse Holstein,Germany,Other highest EEA,2025-12-31,010000,177,177,2,20260626,439,141,88.6,false
529900XDLJV1P7HBAH18,Sparkasse Holstein,Germany,Other highest EEA,2025-12-31,020000,177,177,3,20260626,439,141,88.6,false
529900XSTAE561178282,Raiffeisenbankengruppe OÖ Verbund eGen,Austria,Large highest EEA,2025-06-30,010000,249,249,3,20260306,210,234.0,58.6,false
529900XSTAE561178282,Raiffeisenbankengruppe OÖ Verbund eGen,Austria,Large highest EEA,2025-06-30,020000,249,249,6,20260306,210,234.0,58.6,false
529900XSTAE561178282,Raiffeisenbankengruppe OÖ Verbund eGen,Austria,Large highest EEA,2025-09-30,010000,157,157,1,20260306,161,155,52.2,false
529900XSTAE561178282,Raiffeisenbankengruppe OÖ Verbund eGen,Austria,Large highest EEA,2025-09-30,020000,136,136,2,20260213,161,155,39.8,false
529900XSTAE561178282,Raiffeisenbankengruppe OÖ Verbund eGen,Austria,Large highest EEA,2025-12-31,010000,65,124,3,20260306,241,113,9.3,false
529900XSTAE561178282,Raiffeisenbankengruppe OÖ Verbund eGen,Austria,Large highest EEA,2025-12-31,020000,114,174,5,20260424,241,113,51.9,false
529900XSTAE561178282,Raiffeisenbankengruppe OÖ Verbund eGen,Austria,Large highest EEA,2026-03-31,020100,87,87,1,20260626,155,58,95.2,true
529900ZMDTSQYEYCKL45,VR TeilhaberBank Metropolregion Nürnberg eG,Germany,Other highest EEA,2025-12-31,010000,161,173,2,20260610,439,141,65.7,false
529900ZMDTSQYEYCKL45,VR TeilhaberBank Metropolregion Nürnberg eG,Germany,Other highest EEA,2025-12-31,020000,147,175,3,20260527,439,141,54.3,false
529900ZVK4VTIS0TOT43,DenizBank AG,Austria,Other highest EEA,2025-12-31,010000,156,156,2,20260605,439,141,62.4,false
529900ZVK4VTIS0TOT43,DenizBank AG,Austria,Other highest EEA,2025-12-31,020000,156,168,3,20260605,439,141,62.4,false
5493000LKS7B3UTF7H35,Bank Polska Kasa Opieki S.A.,Poland,Large highest EEA,2025-06-30,010000,233,233,4,20260218,210,234.0,49.3,false
5493000LKS7B3UTF7H35,Bank Polska Kasa Opieki S.A.,Poland,Large highest EEA,2025-06-30,020000,235,238,3,20260220,210,234.0,51.7,false
5493000LKS7B3UTF7H35,Bank Polska Kasa Opieki S.A.,Poland,Large highest EEA,2025-09-30,010000,139,139,2,20260216,161,155,42.5,false
5493000LKS7B3UTF7H35,Bank Polska Kasa Opieki S.A.,Poland,Large highest EEA,2025-09-30,020000,141,141,1,20260218,161,155,43.8,false
5493000LKS7B3UTF7H35,Bank Polska Kasa Opieki S.A.,Poland,Large highest EEA,2025-12-31,010000,49,50,3,20260218,241,113,3.7,false
5493000LKS7B3UTF7H35,Bank Polska Kasa Opieki S.A.,Poland,Large highest EEA,2025-12-31,020000,49,50,5,20260218,241,113,3.7,false
5493000LKS7B3UTF7H35,Bank Polska Kasa Opieki S.A.,Poland,Large highest EEA,2026-03-31,010000,29,29,1,20260429,155,58,4.2,true
5493000LKS7B3UTF7H35,Bank Polska Kasa Opieki S.A.,Poland,Large highest EEA,2026-03-31,020100,29,29,1,20260429,155,58,4.2,true
5493000LM0MZ4JPMGM90,"Santander Consumer Finance, S.A.",Spain,Large subsidiaries,2025-06-30,010000,315,315,1,20260511,128,260.0,70.7,false
5493000LM0MZ4JPMGM90,"Santander Consumer Finance, S.A.",Spain,Large subsidiaries,2025-12-31,010000,54,125,2,20260223,188,124.0,3.5,false
5493000LM0MZ4JPMGM90,"Santander Consumer Finance, S.A.",Spain,Large subsidiaries,2025-12-31,020000,90,124,3,20260331,188,124.0,23.9,false
5493000UPYR7EEHN2R94,"Gorenjska banka d.d., Kranj",Slovenia,Large subsidiaries,2025-12-31,010000,168,168,2,20260617,188,124.0,82.2,false
5493000UPYR7EEHN2R94,"Gorenjska banka d.d., Kranj",Slovenia,Large subsidiaries,2025-12-31,020000,153,160,3,20260602,188,124.0,69.7,false
5493000YPN33HF74SN02,Bank of Montreal Europe plc,Ireland,Other highest EEA,2025-10-31,010000,140,143,6,20260320,5,180,20.0,false
5493000YPN33HF74SN02,Bank of Montreal Europe plc,Ireland,Other highest EEA,2025-10-31,020000,140,144,3,20260320,5,180,20.0,false
5493001BABFV7P27OW30,"Nova Ljubljanska Banka d.d., Ljubljana",Slovenia,Large highest EEA,2025-09-30,010000,160,160,1,20260309,161,155,55.0,false
5493001BABFV7P27OW30,"Nova Ljubljanska Banka d.d., Ljubljana",Slovenia,Large highest EEA,2025-09-30,020000,160,160,1,20260309,161,155,55.0,false
5493001BABFV7P27OW30,"Nova Ljubljanska Banka d.d., Ljubljana",Slovenia,Large highest EEA,2026-03-31,010000,48,48,1,20260518,155,58,26.5,true
5493001BABFV7P27OW30,"Nova Ljubljanska Banka d.d., Ljubljana",Slovenia,Large highest EEA,2026-03-31,020100,48,48,1,20260518,155,58,26.5,true
5493001U1K6M7JOL5W45,Raiffeisen Bank csoport,Hungary,Large subsidiaries,2025-12-31,010000,114,114,3,20260424,188,124.0,39.4,false
5493001U1K6M7JOL5W45,Raiffeisen Bank csoport,Hungary,Large subsidiaries,2025-12-31,020000,114,114,3,20260424,188,124.0,39.4,false
5493002DPKDEC2JN1Y86,Sparekassen Sjælland-Fyn A/S,Denmark,Other highest EEA,2025-12-31,010000,155,159,4,20260604,439,141,61.5,false
5493002DPKDEC2JN1Y86,Sparekassen Sjælland-Fyn A/S,Denmark,Other highest EEA,2025-12-31,020000,159,166,7,20260608,439,141,63.4,false
5493002K643MZPQEK497,Banco Bradesco Europa S.A.,Luxembourg,Other highest EEA,2025-12-31,020000,177,180,2,20260626,439,141,88.6,false
5493003BDYD5VPGUQS04,UniCredit Bank S.A.,Romania,Large subsidiaries,2025-12-31,010000,166,168,5,20260615,188,124.0,78.5,false
5493003BDYD5VPGUQS04,UniCredit Bank S.A.,Romania,Large subsidiaries,2025-12-31,020000,166,167,4,20260615,188,124.0,78.5,false
5493003RJ3TPV33W0108,Union Bancaire Privée (Europe) S.A.,Luxembourg,Other highest EEA,2025-12-31,010000,181,181,1,20260630,439,141,97.2,false
5493003RJ3TPV33W0108,Union Bancaire Privée (Europe) S.A.,Luxembourg,Other highest EEA,2025-12-31,020000,180,180,2,20260629,439,141,92.3,false
5493004D82XDFVPWQJ91,Ikano Bank AB (publ),Sweden,Other highest EEA,2025-06-30,020000,219,219,1,20260204,66,247.5,23.5,false
5493004D82XDFVPWQJ91,Ikano Bank AB (publ),Sweden,Other highest EEA,2025-12-31,010000,147,147,2,20260527,439,141,54.3,false
5493004D82XDFVPWQJ91,Ikano Bank AB (publ),Sweden,Other highest EEA,2025-12-31,020000,83,145,3,20260324,439,141,16.6,false
5493004WUGGU2BQI7F14,Landshypotek AB - gruppen,Sweden,Other highest EEA,2025-12-31,010000,65,65,4,20260306,439,141,9.7,false
5493004WUGGU2BQI7F14,Landshypotek AB - gruppen,Sweden,Other highest EEA,2025-12-31,020000,65,70,3,20260306,439,141,9.7,false
54930056FHWP7GIWYY08,Morgan Stanley Europe SE,Germany,Large highest EEA,2025-09-30,010000,189,190,2,20260407,161,155,72.4,false
54930056IRBXK0Q1FP96,"Abanca Corporacion Bancaria, S.A.",Spain,Large highest EEA,2025-06-30,010000,337,337,1,20260602,210,234.0,87.4,false
54930056IRBXK0Q1FP96,"Abanca Corporacion Bancaria, S.A.",Spain,Large highest EEA,2025-06-30,020000,337,337,3,20260602,210,234.0,87.4,false
54930056IRBXK0Q1FP96,"Abanca Corporacion Bancaria, S.A.",Spain,Large highest EEA,2025-09-30,020000,198,198,1,20260416,161,155,76.1,false
54930060Q00W1SRIUI57,vdk bank,Belgium,Other highest EEA,2025-12-31,010000,167,167,2,20260616,439,141,69.1,false
54930060Q00W1SRIUI57,vdk bank,Belgium,Other highest EEA,2025-12-31,020000,166,167,2,20260615,439,141,68.2,false
5493006QMFDDMYWIAM13,"Banco Santander, S.A.",Spain,Large highest EEA,2025-06-30,010000,129,214,3,20251106,210,234.0,3.3,false
5493006QMFDDMYWIAM13,"Banco Santander, S.A.",Spain,Large highest EEA,2025-06-30,020000,214,214,3,20260130,210,234.0,39.0,false
5493006QMFDDMYWIAM13,"Banco Santander, S.A.",Spain,Large highest EEA,2025-09-30,010000,59,122,2,20251128,161,155,2.2,false
5493006QMFDDMYWIAM13,"Banco Santander, S.A.",Spain,Large highest EEA,2025-09-30,020000,122,176,2,20260130,161,155,28.0,false
5493006QMFDDMYWIAM13,"Banco Santander, S.A.",Spain,Large highest EEA,2025-12-31,010000,56,56,3,20260225,241,113,6.8,false
5493006QMFDDMYWIAM13,"Banco Santander, S.A.",Spain,Large highest EEA,2025-12-31,020000,56,57,4,20260225,241,113,6.8,false
5493006QMFDDMYWIAM13,"Banco Santander, S.A.",Spain,Large highest EEA,2026-03-31,010000,57,58,2,20260527,155,58,44.8,true
5493006QMFDDMYWIAM13,"Banco Santander, S.A.",Spain,Large highest EEA,2026-03-31,010100,52,52,1,20260522,155,58,36.1,true
5493006QMFDDMYWIAM13,"Banco Santander, S.A.",Spain,Large highest EEA,2026-03-31,020100,52,58,2,20260522,155,58,36.1,true
5493006Z4NTMNDDBGL49,ECCM Bank plc,Malta,Other highest EEA,2025-09-30,010000,84,176,2,20251223,4,,,false
5493006Z4NTMNDDBGL49,ECCM Bank plc,Malta,Other highest EEA,2025-09-30,020000,84,176,3,20251223,4,,,false
5493007BWYDPQZLZ0Y27,HYPO NOE Landesbank für Niederösterreich und Wien AG,Austria,Other highest EEA,2025-06-30,010000,308,310,4,20260504,66,247.5,81.8,false
5493007BWYDPQZLZ0Y27,HYPO NOE Landesbank für Niederösterreich und Wien AG,Austria,Other highest EEA,2025-06-30,020000,308,308,1,20260504,66,247.5,81.8,false
5493007BWYDPQZLZ0Y27,HYPO NOE Landesbank für Niederösterreich und Wien AG,Austria,Other highest EEA,2025-12-31,010000,120,168,4,20260430,439,141,36.9,false
5493007BWYDPQZLZ0Y27,HYPO NOE Landesbank für Niederösterreich und Wien AG,Austria,Other highest EEA,2025-12-31,020000,120,168,4,20260430,439,141,36.9,false
5493007QRSX9DS2CM858,China Construction Bank (Europe) S.A.,Luxembourg,Other highest EEA,2025-12-31,010000,173,173,1,20260622,439,141,75.4,false
5493007QRSX9DS2CM858,China Construction Bank (Europe) S.A.,Luxembourg,Other highest EEA,2025-12-31,020000,168,168,2,20260617,439,141,70.6,false
5493007S4JE930SIUE86,ING Holding Deutschland GmbH,Germany,Large subsidiaries,2025-06-30,010000,268,296,2,20260325,128,260.0,57.4,false
5493007S4JE930SIUE86,ING Holding Deutschland GmbH,Germany,Large subsidiaries,2025-06-30,020000,296,296,2,20260422,128,260.0,67.6,false
5493007S4JE930SIUE86,ING Holding Deutschland GmbH,Germany,Large subsidiaries,2025-09-30,010000,205,205,1,20260423,72,176.0,66.7,false
5493007S4JE930SIUE86,ING Holding Deutschland GmbH,Germany,Large subsidiaries,2025-09-30,020000,205,205,1,20260423,72,176.0,66.7,false
5493007S4JE930SIUE86,ING Holding Deutschland GmbH,Germany,Large subsidiaries,2025-12-31,010000,125,181,5,20260505,188,124.0,51.9,false
5493007S4JE930SIUE86,ING Holding Deutschland GmbH,Germany,Large subsidiaries,2025-12-31,020000,170,181,6,20260619,188,124.0,86.4,false
5493007SJLLCTM6J6M37,"Unicaja Banco, S.A.",Spain,Large highest EEA,2026-03-31,010100,50,50,1,20260520,155,58,29.7,true
5493007SJLLCTM6J6M37,"Unicaja Banco, S.A.",Spain,Large highest EEA,2026-03-31,020100,58,58,1,20260528,155,58,50.0,true
5493007SWCCN9S3J2748,Bigbank AS,Estonia,Large highest EEA,2025-12-31,010000,180,180,1,20260629,241,113,96.7,false
5493007SWCCN9S3J2748,Bigbank AS,Estonia,Large highest EEA,2025-12-31,020000,181,181,4,20260630,241,113,99.0,false
54930080G2M7EJ097A27,BluOr Bank AS,Latvia,Other highest EEA,2025-06-30,010000,267,267,1,20260324,66,247.5,61.4,false
54930080G2M7EJ097A27,BluOr Bank AS,Latvia,Other highest EEA,2025-09-30,010000,175,175,3,20260324,4,,,false
54930080G2M7EJ097A27,BluOr Bank AS,Latvia,Other highest EEA,2025-12-31,010000,83,152,3,20260324,439,141,16.6,false
5493008QOCP58OLEN998,Investeringsmaatschappij Argenta - Société d'investissements Argenta - Investierungsgesellschaft Arg,Belgium,Large highest EEA,2025-06-30,010000,227,232,3,20260212,210,234.0,47.4,false
5493008QOCP58OLEN998,Investeringsmaatschappij Argenta - Société d'investissements Argenta - Investierungsgesellschaft Arg,Belgium,Large highest EEA,2025-06-30,020000,192,228,3,20260108,210,234.0,20.7,false
5493008QOCP58OLEN998,Investeringsmaatschappij Argenta - Société d'investissements Argenta - Investierungsgesellschaft Arg,Belgium,Large highest EEA,2025-09-30,010000,155,155,1,20260304,161,155,49.7,false
5493008QOCP58OLEN998,Investeringsmaatschappij Argenta - Société d'investissements Argenta - Investierungsgesellschaft Arg,Belgium,Large highest EEA,2025-09-30,020000,136,136,1,20260213,161,155,39.8,false
5493008QRHH0XCLJ4238,BRD-Groupe Société Générale SA,Romania,Large subsidiaries,2025-06-30,010000,162,214,2,20251209,128,260.0,7.4,false
5493008QRHH0XCLJ4238,BRD-Groupe Société Générale SA,Romania,Large subsidiaries,2025-06-30,020000,165,214,3,20251212,128,260.0,9.0,false
5493008QRHH0XCLJ4238,BRD-Groupe Société Générale SA,Romania,Large subsidiaries,2025-09-30,010000,122,122,1,20260130,72,176.0,22.2,false
5493008QRHH0XCLJ4238,BRD-Groupe Société Générale SA,Romania,Large subsidiaries,2025-09-30,020000,113,122,2,20260121,72,176.0,6.2,false
5493008QRHH0XCLJ4238,BRD-Groupe Société Générale SA,Romania,Large subsidiaries,2025-12-31,010000,145,149,3,20260525,188,124.0,63.8,false
5493008QRHH0XCLJ4238,BRD-Groupe Société Générale SA,Romania,Large subsidiaries,2025-12-31,020000,145,170,3,20260525,188,124.0,63.8,false
5493009EIBTCB1X12G89,LGT Group Foundation,Liechtenstein,Large highest EEA,2025-06-30,010000,357,365,2,20260622,210,234.0,95.2,false
5493009EIBTCB1X12G89,LGT Group Foundation,Liechtenstein,Large highest EEA,2025-06-30,020000,359,359,3,20260624,210,234.0,96.4,false
5493009EIBTCB1X12G89,LGT Group Foundation,Liechtenstein,Large highest EEA,2025-12-31,010000,173,181,4,20260622,241,113,87.8,false
5493009EIBTCB1X12G89,LGT Group Foundation,Liechtenstein,Large highest EEA,2025-12-31,020000,169,181,4,20260618,241,113,85.1,false
5493009ML6YX83YHC820,Argenta Bank- en Verzekeringsgroep NV,Belgium,Large subsidiaries,2025-06-30,010000,232,312,3,20260217,128,260.0,37.9,false
5493009ML6YX83YHC820,Argenta Bank- en Verzekeringsgroep NV,Belgium,Large subsidiaries,2025-06-30,020000,228,312,3,20260213,128,260.0,37.1,false
5493009ML6YX83YHC820,Argenta Bank- en Verzekeringsgroep NV,Belgium,Large subsidiaries,2025-09-30,010000,155,155,1,20260304,72,176.0,31.2,false
5493009ML6YX83YHC820,Argenta Bank- en Verzekeringsgroep NV,Belgium,Large subsidiaries,2025-09-30,020000,136,136,1,20260213,72,176.0,27.8,false
5493009ML6YX83YHC820,Argenta Bank- en Verzekeringsgroep NV,Belgium,Large subsidiaries,2025-12-31,010000,58,110,4,20260227,188,124.0,4.5,false
5493009ML6YX83YHC820,Argenta Bank- en Verzekeringsgroep NV,Belgium,Large subsidiaries,2025-12-31,020000,64,90,4,20260305,188,124.0,6.4,false
5493009ML6YX83YHC820,Argenta Bank- en Verzekeringsgroep NV,Belgium,Large subsidiaries,2026-03-31,010000,56,56,1,20260526,62,69.0,41.1,true
5493009ML6YX83YHC820,Argenta Bank- en Verzekeringsgroep NV,Belgium,Large subsidiaries,2026-03-31,020100,41,41,1,20260511,62,69.0,23.4,true
5493009VJC01E4H6HH77,Avanza - Grupp,Sweden,Other highest EEA,2025-12-31,010000,78,78,1,20260319,439,141,14.6,false
5493009VJC01E4H6HH77,Avanza - Grupp,Sweden,Other highest EEA,2025-12-31,020000,78,78,3,20260319,439,141,14.6,false
5493009W2E2YDCXY6S81,"NOVO BANCO, S.A.",Portugal,Large subsidiaries,2025-12-31,010000,148,181,2,20260528,188,124.0,66.8,false
5493009W2E2YDCXY6S81,"NOVO BANCO, S.A.",Portugal,Large subsidiaries,2025-12-31,020000,148,152,3,20260528,188,124.0,66.8,false
549300A2F46GR0UOM390,Erste&Steiermärkische Bank d.d.,Croatia,Large subsidiaries,2025-06-30,010000,358,365,3,20260623,128,260.0,93.4,false
549300A2F46GR0UOM390,Erste&Steiermärkische Bank d.d.,Croatia,Large subsidiaries,2025-06-30,020000,365,365,2,20260630,128,260.0,98.8,false
549300A2F46GR0UOM390,Erste&Steiermärkische Bank d.d.,Croatia,Large subsidiaries,2025-09-30,010000,266,266,1,20260623,72,176.0,93.1,false
549300A2F46GR0UOM390,Erste&Steiermärkische Bank d.d.,Croatia,Large subsidiaries,2025-09-30,020000,273,273,1,20260630,72,176.0,99.3,false
549300A2F46GR0UOM390,Erste&Steiermärkische Bank d.d.,Croatia,Large subsidiaries,2025-12-31,010000,174,181,3,20260623,188,124.0,88.8,false
549300A2F46GR0UOM390,Erste&Steiermärkische Bank d.d.,Croatia,Large subsidiaries,2025-12-31,020000,181,181,2,20260630,188,124.0,98.4,false
549300BZZFFS0SOWR325,Ford Bank GmbH,Germany,Other highest EEA,2025-12-31,010000,154,154,1,20260603,439,141,60.5,false
549300BZZFFS0SOWR325,Ford Bank GmbH,Germany,Other highest EEA,2025-12-31,020000,142,142,2,20260522,439,141,51.3,false
549300C6TUMDXNOVXS82,Länsförsäkringar Bank AB - gruppen,Sweden,Large highest EEA,2025-06-30,010000,155,269,3,20251202,210,234.0,7.6,false
549300C6TUMDXNOVXS82,Länsförsäkringar Bank AB - gruppen,Sweden,Large highest EEA,2025-06-30,020000,269,281,3,20260326,210,234.0,66.7,false
549300C6TUMDXNOVXS82,Länsförsäkringar Bank AB - gruppen,Sweden,Large highest EEA,2025-09-30,010000,63,63,1,20251202,161,155,2.8,false
549300C6TUMDXNOVXS82,Länsförsäkringar Bank AB - gruppen,Sweden,Large highest EEA,2025-09-30,020000,169,169,1,20260318,161,155,61.5,false
549300C6TUMDXNOVXS82,Länsförsäkringar Bank AB - gruppen,Sweden,Large highest EEA,2025-12-31,010000,68,71,4,20260309,241,113,10.0,false
549300C6TUMDXNOVXS82,Länsförsäkringar Bank AB - gruppen,Sweden,Large highest EEA,2025-12-31,020000,68,71,4,20260309,241,113,10.0,false
549300C6TUMDXNOVXS82,Länsförsäkringar Bank AB - gruppen,Sweden,Large highest EEA,2026-03-31,010000,23,23,1,20260423,155,58,0.3,true
549300C6TUMDXNOVXS82,Länsförsäkringar Bank AB - gruppen,Sweden,Large highest EEA,2026-03-31,020100,27,27,2,20260427,155,58,1.9,true
549300CQ9NLEHMRCU505,"Cecabank, S.A.",Spain,Other highest EEA,2025-12-31,010000,110,110,2,20260420,439,141,28.2,false
549300CQ9NLEHMRCU505,"Cecabank, S.A.",Spain,Other highest EEA,2025-12-31,020000,110,112,4,20260420,439,141,28.2,false
549300D7SF4JSQDV7040,Mirabaud & Cie (Europe) S.A.,Luxembourg,Other highest EEA,2025-12-31,010000,181,181,1,20260630,439,141,97.2,false
549300D7SF4JSQDV7040,Mirabaud & Cie (Europe) S.A.,Luxembourg,Other highest EEA,2025-12-31,020000,126,126,1,20260506,439,141,39.6,false
549300DVPJYGNF2P7B03,Steiermärkische Bank und Sparkassen Aktiengesellschaft,Austria,Large subsidiaries,2025-06-30,010000,169,211,3,20251216,128,260.0,10.9,false
549300DVPJYGNF2P7B03,Steiermärkische Bank und Sparkassen Aktiengesellschaft,Austria,Large subsidiaries,2025-06-30,020000,211,211,2,20260127,128,260.0,20.7,false
549300DVPJYGNF2P7B03,Steiermärkische Bank und Sparkassen Aktiengesellschaft,Austria,Large subsidiaries,2025-09-30,010000,77,77,1,20251216,72,176.0,2.1,false
549300DVPJYGNF2P7B03,Steiermärkische Bank und Sparkassen Aktiengesellschaft,Austria,Large subsidiaries,2025-09-30,020000,119,119,1,20260127,72,176.0,11.1,false
549300DVPJYGNF2P7B03,Steiermärkische Bank und Sparkassen Aktiengesellschaft,Austria,Large subsidiaries,2025-12-31,010000,110,168,3,20260420,188,124.0,33.5,false
549300DVPJYGNF2P7B03,Steiermärkische Bank und Sparkassen Aktiengesellschaft,Austria,Large subsidiaries,2025-12-31,020000,110,168,3,20260420,188,124.0,33.5,false
549300DYPOFMXOR7XM56,Crelan,Belgium,Large highest EEA,2025-06-30,010000,317,317,2,20260513,210,234.0,80.7,false
549300DYPOFMXOR7XM56,Crelan,Belgium,Large highest EEA,2025-06-30,020000,191,317,4,20260107,210,234.0,20.2,false
549300DYPOFMXOR7XM56,Crelan,Belgium,Large highest EEA,2025-12-31,010000,86,141,2,20260327,241,113,25.9,false
549300DYPOFMXOR7XM56,Crelan,Belgium,Large highest EEA,2025-12-31,020000,86,138,4,20260327,241,113,25.9,false
549300EHNXQVOI120S55,Coop Pank AS,Estonia,Large highest EEA,2025-06-30,010000,234,241,2,20260219,210,234.0,50.0,false
549300EHNXQVOI120S55,Coop Pank AS,Estonia,Large highest EEA,2025-06-30,020000,234,241,3,20260219,210,234.0,50.0,false
549300EHNXQVOI120S55,Coop Pank AS,Estonia,Large highest EEA,2025-09-30,010000,160,160,1,20260309,161,155,55.0,false
549300EHNXQVOI120S55,Coop Pank AS,Estonia,Large highest EEA,2025-09-30,020000,160,160,1,20260309,161,155,55.0,false
549300EHNXQVOI120S55,Coop Pank AS,Estonia,Large highest EEA,2025-12-31,010000,148,148,4,20260528,241,113,74.3,false
549300EHNXQVOI120S55,Coop Pank AS,Estonia,Large highest EEA,2025-12-31,020000,148,148,3,20260528,241,113,74.3,false
549300EHNXQVOI120S55,Coop Pank AS,Estonia,Large highest EEA,2026-03-31,010000,65,65,1,20260604,155,58,65.5,true
549300EHNXQVOI120S55,Coop Pank AS,Estonia,Large highest EEA,2026-03-31,020100,71,71,1,20260610,155,58,77.1,true
549300F7FBD744MEP844,Banque Raiffeisen,Luxembourg,Other highest EEA,2025-12-31,010000,181,181,1,20260630,439,141,97.2,false
549300F7FBD744MEP844,Banque Raiffeisen,Luxembourg,Other highest EEA,2025-12-31,020000,152,154,2,20260601,439,141,58.8,false
549300FH0WJAPEHTIQ77,BofA Securities Europe SA,France,Large highest EEA,2025-06-30,010000,213,213,2,20260129,210,234.0,36.9,false
549300FH0WJAPEHTIQ77,BofA Securities Europe SA,France,Large highest EEA,2025-06-30,020000,213,213,1,20260129,210,234.0,36.9,false
549300FH0WJAPEHTIQ77,BofA Securities Europe SA,France,Large highest EEA,2025-09-30,010000,121,121,2,20260129,161,155,24.8,false
549300FH0WJAPEHTIQ77,BofA Securities Europe SA,France,Large highest EEA,2025-12-31,010000,128,131,5,20260508,241,113,64.1,false
549300FH0WJAPEHTIQ77,BofA Securities Europe SA,France,Large highest EEA,2025-12-31,020000,127,131,3,20260507,241,113,62.4,false
549300FRBP5L0O1HY885,Sparbanken Syd,Sweden,Other highest EEA,2025-12-31,010000,56,56,1,20260225,439,141,5.7,false
549300FRBP5L0O1HY885,Sparbanken Syd,Sweden,Other highest EEA,2025-12-31,020000,56,56,3,20260225,439,141,5.7,false
549300G3C8M0WXQCWH61,Caja Laboral Popular Coop. de Crédito,Spain,Other highest EEA,2025-12-31,010000,113,113,3,20260423,439,141,30.9,false
549300G3C8M0WXQCWH61,Caja Laboral Popular Coop. de Crédito,Spain,Other highest EEA,2025-12-31,020000,100,113,3,20260410,439,141,24.4,false
549300GKFG0RYRRQ1414,DNB BANK ASA,Norway,Large highest EEA,2025-06-30,010000,208,240,2,20260124,210,234.0,31.2,false
549300GKFG0RYRRQ1414,DNB BANK ASA,Norway,Large highest EEA,2025-06-30,020000,240,240,3,20260225,210,234.0,54.0,false
549300GKFG0RYRRQ1414,DNB BANK ASA,Norway,Large highest EEA,2025-09-30,010000,148,148,1,20260225,161,155,47.2,false
549300GKFG0RYRRQ1414,DNB BANK ASA,Norway,Large highest EEA,2025-09-30,020000,148,148,1,20260225,161,155,47.2,false
549300GKFG0RYRRQ1414,DNB BANK ASA,Norway,Large highest EEA,2025-12-31,010000,70,70,4,20260311,241,113,13.1,false
549300GKFG0RYRRQ1414,DNB BANK ASA,Norway,Large highest EEA,2025-12-31,020000,70,70,4,20260311,241,113,13.1,false
549300GKFG0RYRRQ1414,DNB BANK ASA,Norway,Large highest EEA,2026-03-31,010000,41,41,1,20260511,155,58,15.8,true
549300GKFG0RYRRQ1414,DNB BANK ASA,Norway,Large highest EEA,2026-03-31,010100,41,41,1,20260511,155,58,15.8,true
549300GKFG0RYRRQ1414,DNB BANK ASA,Norway,Large highest EEA,2026-03-31,020100,41,63,2,20260511,155,58,15.8,true
549300HFEHJOXGE4ZE63,SFIL S.A.,France,Large highest EEA,2025-06-30,010000,210,214,2,20260126,210,234.0,32.1,false
549300HFEHJOXGE4ZE63,SFIL S.A.,France,Large highest EEA,2025-06-30,020000,214,226,4,20260130,210,234.0,39.0,false
549300HFEHJOXGE4ZE63,SFIL S.A.,France,Large highest EEA,2025-09-30,010000,118,118,1,20260126,161,155,15.8,false
549300HFEHJOXGE4ZE63,SFIL S.A.,France,Large highest EEA,2025-09-30,020000,122,122,1,20260130,161,155,28.0,false
549300HFEHJOXGE4ZE63,SFIL S.A.,France,Large highest EEA,2025-12-31,010000,26,65,2,20260126,241,113,1.9,false
549300HFEHJOXGE4ZE63,SFIL S.A.,France,Large highest EEA,2025-12-31,020000,64,77,4,20260305,241,113,8.7,false
549300HFEHJOXGE4ZE63,SFIL S.A.,France,Large highest EEA,2026-03-31,010000,56,148,3,20260526,155,58,41.0,true
549300HFEHJOXGE4ZE63,SFIL S.A.,France,Large highest EEA,2026-03-31,020100,56,64,2,20260526,155,58,41.0,true
549300HUKIA1IZQHFZ83,Erste Bank der oesterreichischen Sparkassen AG,Austria,Large subsidiaries,2025-06-30,010000,246,252,2,20260303,128,260.0,39.8,false
549300HUKIA1IZQHFZ83,Erste Bank der oesterreichischen Sparkassen AG,Austria,Large subsidiaries,2025-06-30,020000,246,246,1,20260303,128,260.0,39.8,false
549300HUKIA1IZQHFZ83,Erste Bank der oesterreichischen Sparkassen AG,Austria,Large subsidiaries,2025-12-31,010000,177,177,2,20260626,188,124.0,94.1,false
549300HUKIA1IZQHFZ83,Erste Bank der oesterreichischen Sparkassen AG,Austria,Large subsidiaries,2025-12-31,020000,177,177,2,20260626,188,124.0,94.1,false
549300IQZVZ949N37S44,Euroclear Holding,Belgium,Large highest EEA,2025-06-30,010000,158,340,2,20251205,210,234.0,11.4,false
549300IQZVZ949N37S44,Euroclear Holding,Belgium,Large highest EEA,2025-06-30,020000,157,203,3,20251204,210,234.0,10.5,false
549300IQZVZ949N37S44,Euroclear Holding,Belgium,Large highest EEA,2025-09-30,010000,252,252,1,20260609,161,155,90.1,false
549300IQZVZ949N37S44,Euroclear Holding,Belgium,Large highest EEA,2025-09-30,020000,101,101,1,20260109,161,155,10.2,false
549300IQZVZ949N37S44,Euroclear Holding,Belgium,Large highest EEA,2025-12-31,010000,156,156,3,20260605,241,113,78.4,false
549300IQZVZ949N37S44,Euroclear Holding,Belgium,Large highest EEA,2025-12-31,020000,156,156,4,20260605,241,113,78.4,false
549300IRGNL8Q3O8Y413,Eurobank Bulgaria,Bulgaria,Large subsidiaries,2025-12-31,010000,177,181,2,20260626,188,124.0,94.1,false
549300IRGNL8Q3O8Y413,Eurobank Bulgaria,Bulgaria,Large subsidiaries,2025-12-31,020000,177,181,3,20260626,188,124.0,94.1,false
549300J0GSZ83GTKBZ89,OTP banka d.d.,Slovenia,Large subsidiaries,2025-06-30,010000,253,253,1,20260310,128,260.0,45.3,false
549300J0GSZ83GTKBZ89,OTP banka d.d.,Slovenia,Large subsidiaries,2025-12-31,010000,99,99,2,20260409,188,124.0,26.6,false
549300J0GSZ83GTKBZ89,OTP banka d.d.,Slovenia,Large subsidiaries,2025-12-31,020000,99,99,2,20260409,188,124.0,26.6,false
549300JB1P61FUTPEZ75,"Všeobecná úverová banka, a.s.",Slovakia,Large subsidiaries,2025-06-30,010000,330,331,3,20260526,128,260.0,77.3,false
549300JB1P61FUTPEZ75,"Všeobecná úverová banka, a.s.",Slovakia,Large subsidiaries,2025-06-30,020000,330,331,3,20260526,128,260.0,77.3,false
549300JB1P61FUTPEZ75,"Všeobecná úverová banka, a.s.",Slovakia,Large subsidiaries,2025-09-30,010000,233,233,1,20260521,72,176.0,78.5,false
549300JB1P61FUTPEZ75,"Všeobecná úverová banka, a.s.",Slovakia,Large subsidiaries,2025-09-30,020000,233,233,1,20260521,72,176.0,78.5,false
549300JB1P61FUTPEZ75,"Všeobecná úverová banka, a.s.",Slovakia,Large subsidiaries,2025-12-31,010000,146,170,6,20260526,188,124.0,65.2,false
549300JB1P61FUTPEZ75,"Všeobecná úverová banka, a.s.",Slovakia,Large subsidiaries,2025-12-31,020000,146,161,4,20260526,188,124.0,65.2,false
549300JB1P61FUTPEZ75,"Všeobecná úverová banka, a.s.",Slovakia,Large subsidiaries,2026-03-31,010000,77,77,1,20260616,62,69.0,67.7,true
549300JB1P61FUTPEZ75,"Všeobecná úverová banka, a.s.",Slovakia,Large subsidiaries,2026-03-31,020100,77,77,1,20260616,62,69.0,67.7,true
549300JECLPX13NZLU57,Danske Andelskassers Bank A/S,Denmark,Other highest EEA,2025-12-31,010000,55,55,3,20260224,439,141,4.1,false
549300JECLPX13NZLU57,Danske Andelskassers Bank A/S,Denmark,Other highest EEA,2025-12-31,020000,55,55,3,20260224,439,141,4.1,false
549300JSC82O1L4XV837,Nordnet - Grupp,Sweden,Other highest EEA,2025-12-31,010000,82,83,2,20260323,439,141,15.4,false
549300JSC82O1L4XV837,Nordnet - Grupp,Sweden,Other highest EEA,2025-12-31,020000,82,82,3,20260323,439,141,15.4,false
549300KOORG6SN9LMO68,IIG Bank (Malta) Ltd,Malta,Other highest EEA,2025-12-31,010000,152,154,3,20260601,439,141,58.8,false
549300KOORG6SN9LMO68,IIG Bank (Malta) Ltd,Malta,Other highest EEA,2025-12-31,020000,152,152,3,20260601,439,141,58.8,false
549300L1IEXJYJ2NUV45,Sparekassen Danmark,Denmark,Other highest EEA,2025-12-31,010000,61,75,2,20260302,439,141,8.3,false
549300L1IEXJYJ2NUV45,Sparekassen Danmark,Denmark,Other highest EEA,2025-12-31,020000,75,75,3,20260316,439,141,12.4,false
549300L7YCATGO57ZE10,FINECOBANK BANCA FINECO S.P.A. (IN BREVE FINECOBANK S.P.A. OVVERO BANCA FINECO S.P.A. OVVERO FINECO BANCA S.P.A.),Italy,Large highest EEA,2025-06-30,010000,162,162,3,20251209,210,234.0,12.6,false
549300L7YCATGO57ZE10,FINECOBANK BANCA FINECO S.P.A. (IN BREVE FINECOBANK S.P.A. OVVERO BANCA FINECO S.P.A. OVVERO FINECO BANCA S.P.A.),Italy,Large highest EEA,2025-06-30,020000,165,289,3,20251212,210,234.0,16.4,false
549300L7YCATGO57ZE10,FINECOBANK BANCA FINECO S.P.A. (IN BREVE FINECOBANK S.P.A. OVVERO BANCA FINECO S.P.A. OVVERO FINECO BANCA S.P.A.),Italy,Large highest EEA,2025-09-30,010000,105,105,1,20260113,161,155,11.8,false
549300L7YCATGO57ZE10,FINECOBANK BANCA FINECO S.P.A. (IN BREVE FINECOBANK S.P.A. OVVERO BANCA FINECO S.P.A. OVVERO FINECO BANCA S.P.A.),Italy,Large highest EEA,2025-09-30,020000,105,105,1,20260113,161,155,11.8,false
549300L7YCATGO57ZE10,FINECOBANK BANCA FINECO S.P.A. (IN BREVE FINECOBANK S.P.A. OVVERO BANCA FINECO S.P.A. OVVERO FINECO BANCA S.P.A.),Italy,Large highest EEA,2025-12-31,010000,114,118,4,20260424,241,113,51.9,false
549300L7YCATGO57ZE10,FINECOBANK BANCA FINECO S.P.A. (IN BREVE FINECOBANK S.P.A. OVVERO BANCA FINECO S.P.A. OVVERO FINECO BANCA S.P.A.),Italy,Large highest EEA,2025-12-31,020000,114,138,4,20260424,241,113,51.9,false
549300L7YCATGO57ZE10,FINECOBANK BANCA FINECO S.P.A. (IN BREVE FINECOBANK S.P.A. OVVERO BANCA FINECO S.P.A. OVVERO FINECO BANCA S.P.A.),Italy,Large highest EEA,2026-03-31,010000,42,42,1,20260512,155,58,20.0,true
549300L7YCATGO57ZE10,FINECOBANK BANCA FINECO S.P.A. (IN BREVE FINECOBANK S.P.A. OVVERO BANCA FINECO S.P.A. OVVERO FINECO BANCA S.P.A.),Italy,Large highest EEA,2026-03-31,020100,42,42,1,20260512,155,58,20.0,true
549300LYFYVPUCG6SY25,"Banco Cooperativo Español, S.A.",Spain,Other highest EEA,2025-12-31,010000,170,181,3,20260619,439,141,73.5,false
549300LYFYVPUCG6SY25,"Banco Cooperativo Español, S.A.",Spain,Other highest EEA,2025-12-31,020000,170,173,3,20260619,439,141,73.5,false
549300M2IHOB9P5WE714,Swissquote Bank Europe S.A,Luxembourg,Other highest EEA,2025-12-31,010000,181,181,2,20260630,439,141,97.2,false
549300M2IHOB9P5WE714,Swissquote Bank Europe S.A,Luxembourg,Other highest EEA,2025-12-31,020000,180,181,3,20260629,439,141,92.3,false
549300M6HRHPF3NQBP83,SPAREBANK 1 BOLIGKREDITT AS,Norway,Other highest EEA,2025-12-31,010000,149,149,1,20260529,439,141,57.4,false
549300M6HRHPF3NQBP83,SPAREBANK 1 BOLIGKREDITT AS,Norway,Other highest EEA,2025-12-31,020000,149,149,2,20260529,439,141,57.4,false
549300MM2G2LFEPR2M50,Skandiabanken Aktiebolag (publ),Sweden,Other highest EEA,2025-12-31,010000,48,78,3,20260217,439,141,1.8,false
549300MM2G2LFEPR2M50,Skandiabanken Aktiebolag (publ),Sweden,Other highest EEA,2025-12-31,020000,63,78,4,20260304,439,141,8.9,false
549300MSY5NIVC0BME80,CIB Bankcsoport,Hungary,Large subsidiaries,2025-06-30,010000,339,339,2,20260604,128,260.0,79.3,false
549300MSY5NIVC0BME80,CIB Bankcsoport,Hungary,Large subsidiaries,2025-06-30,020000,339,339,1,20260604,128,260.0,79.3,false
549300ND1MQ8SNNYMJ22,AS SEB Pank,Estonia,Large subsidiaries,2025-06-30,010000,221,221,1,20260206,128,260.0,34.0,false
549300ND1MQ8SNNYMJ22,AS SEB Pank,Estonia,Large subsidiaries,2025-06-30,020000,220,220,1,20260205,128,260.0,31.6,false
549300ND1MQ8SNNYMJ22,AS SEB Pank,Estonia,Large subsidiaries,2025-12-31,010000,90,90,2,20260331,188,124.0,23.9,false
549300ND1MQ8SNNYMJ22,AS SEB Pank,Estonia,Large subsidiaries,2025-12-31,020000,90,114,4,20260331,188,124.0,23.9,false
549300NYKK9MWM7GGW15,ING Groep N.V.,Netherlands,Large highest EEA,2025-06-30,010000,235,235,4,20260220,210,234.0,51.7,false
549300NYKK9MWM7GGW15,ING Groep N.V.,Netherlands,Large highest EEA,2025-06-30,020000,235,239,3,20260220,210,234.0,51.7,false
549300NYKK9MWM7GGW15,ING Groep N.V.,Netherlands,Large highest EEA,2025-09-30,010000,135,143,3,20260212,161,155,37.6,false
549300NYKK9MWM7GGW15,ING Groep N.V.,Netherlands,Large highest EEA,2025-09-30,020000,142,142,2,20260219,161,155,44.7,false
549300NYKK9MWM7GGW15,ING Groep N.V.,Netherlands,Large highest EEA,2025-12-31,010000,110,174,6,20260420,241,113,44.8,false
549300NYKK9MWM7GGW15,ING Groep N.V.,Netherlands,Large highest EEA,2025-12-31,020000,110,125,4,20260420,241,113,44.8,false
549300NYKK9MWM7GGW15,ING Groep N.V.,Netherlands,Large highest EEA,2026-03-31,010000,58,58,1,20260528,155,58,50.0,true
549300NYKK9MWM7GGW15,ING Groep N.V.,Netherlands,Large highest EEA,2026-03-31,010100,69,69,1,20260608,155,58,71.6,true
549300NYKK9MWM7GGW15,ING Groep N.V.,Netherlands,Large highest EEA,2026-03-31,020100,69,69,1,20260608,155,58,71.6,true
549300O2UN9JLME31F08,UniCredit Banka Slovenija d.d.,Slovenia,Large subsidiaries,2025-12-31,010000,153,153,2,20260602,188,124.0,69.7,false
549300O2UN9JLME31F08,UniCredit Banka Slovenija d.d.,Slovenia,Large subsidiaries,2025-12-31,020000,56,154,9,20260225,188,124.0,4.0,false
549300O3HXYXXUHR0897,Klarna - Grupp,Sweden,Other highest EEA,2025-06-30,010000,220,220,1,20260205,66,247.5,26.5,false
549300O3HXYXXUHR0897,Klarna - Grupp,Sweden,Other highest EEA,2025-06-30,020000,220,220,1,20260205,66,247.5,26.5,false
549300O3HXYXXUHR0897,Klarna - Grupp,Sweden,Other highest EEA,2025-12-31,010000,76,76,3,20260317,439,141,13.3,false
549300O3HXYXXUHR0897,Klarna - Grupp,Sweden,Other highest EEA,2025-12-31,020000,76,76,3,20260317,439,141,13.3,false
549300OL514RA0SXJJ44,Clearstream Banking S.A.,Luxembourg,Large subsidiaries,2025-12-31,010000,124,140,2,20260504,188,124.0,50.0,false
549300OL514RA0SXJJ44,Clearstream Banking S.A.,Luxembourg,Large subsidiaries,2025-12-31,020000,139,140,2,20260519,188,124.0,60.4,false
549300OLBL49CW8CT155,"Ibercaja Banco, S.A.",Spain,Large highest EEA,2025-06-30,010000,226,238,4,20260211,210,234.0,45.7,false
549300OLBL49CW8CT155,"Ibercaja Banco, S.A.",Spain,Large highest EEA,2025-06-30,020000,235,268,3,20260220,210,234.0,51.7,false
549300OLBL49CW8CT155,"Ibercaja Banco, S.A.",Spain,Large highest EEA,2025-09-30,020000,122,122,1,20260130,161,155,28.0,false
549300OLBL49CW8CT155,"Ibercaja Banco, S.A.",Spain,Large highest EEA,2025-12-31,010000,105,110,4,20260415,241,113,41.1,false
549300OLBL49CW8CT155,"Ibercaja Banco, S.A.",Spain,Large highest EEA,2025-12-31,020000,105,118,4,20260415,241,113,41.1,false
549300OLBL49CW8CT155,"Ibercaja Banco, S.A.",Spain,Large highest EEA,2026-03-31,020100,78,78,1,20260617,155,58,84.2,true
549300OMTXWX1144LP69,"Akciju sabiedrība ""Reģionālā investīciju banka""",Latvia,Other highest EEA,2025-12-31,010000,89,100,4,20260330,439,141,18.8,false
549300OMTXWX1144LP69,"Akciju sabiedrība ""Reģionālā investīciju banka""",Latvia,Other highest EEA,2025-12-31,020000,89,100,5,20260330,439,141,18.8,false
549300PZMFIQR79Q0T97,Íslandsbanki hf.,Iceland,Large highest EEA,2025-12-31,010000,51,51,3,20260220,241,113,5.2,false
549300PZMFIQR79Q0T97,Íslandsbanki hf.,Iceland,Large highest EEA,2025-12-31,020000,51,57,7,20260220,241,113,5.2,false
549300PZMFIQR79Q0T97,Íslandsbanki hf.,Iceland,Large highest EEA,2026-03-31,010000,37,37,1,20260507,155,58,11.3,true
549300PZMFIQR79Q0T97,Íslandsbanki hf.,Iceland,Large highest EEA,2026-03-31,010100,37,37,1,20260507,155,58,11.3,true
549300PZMFIQR79Q0T97,Íslandsbanki hf.,Iceland,Large highest EEA,2026-03-31,020100,37,37,2,20260507,155,58,11.3,true
549300Q3OIWRHQUQM052,SpareBank 1 Sør-Norge,Norway,Large highest EEA,2025-12-31,010000,-279,89,3,20250327,241,113,0.2,false
549300Q3OIWRHQUQM052,SpareBank 1 Sør-Norge,Norway,Large highest EEA,2025-12-31,020000,89,97,4,20260330,241,113,28.2,false
549300Q3OIWRHQUQM052,SpareBank 1 Sør-Norge,Norway,Large highest EEA,2026-03-31,010100,41,41,1,20260511,155,58,15.8,true
549300Q3OIWRHQUQM052,SpareBank 1 Sør-Norge,Norway,Large highest EEA,2026-03-31,020100,41,41,1,20260511,155,58,15.8,true
549300RFKNCOX56F8591,RAIFFEISEN BANK S.A.,Romania,Large subsidiaries,2025-06-30,010000,360,364,3,20260625,128,260.0,96.5,false
549300RFKNCOX56F8591,RAIFFEISEN BANK S.A.,Romania,Large subsidiaries,2025-06-30,020000,361,361,3,20260626,128,260.0,98.0,false
549300RFKNCOX56F8591,RAIFFEISEN BANK S.A.,Romania,Large subsidiaries,2025-09-30,020000,268,268,1,20260625,72,176.0,97.2,false
549300RFKNCOX56F8591,RAIFFEISEN BANK S.A.,Romania,Large subsidiaries,2025-12-31,010000,162,166,3,20260611,188,124.0,76.6,false
549300RFKNCOX56F8591,RAIFFEISEN BANK S.A.,Romania,Large subsidiaries,2025-12-31,020000,166,166,4,20260615,188,124.0,78.5,false
549300RFKNCOX56F8591,RAIFFEISEN BANK S.A.,Romania,Large subsidiaries,2026-03-31,010100,50,50,2,20260520,62,69.0,29.0,true
549300RFKNCOX56F8591,RAIFFEISEN BANK S.A.,Romania,Large subsidiaries,2026-03-31,020100,50,50,3,20260520,62,69.0,29.0,true
549300RG3H390KEL8896,Banca Transilvania,Romania,Large highest EEA,2025-06-30,010000,109,136,3,20251017,210,234.0,2.4,false
549300RG3H390KEL8896,Banca Transilvania,Romania,Large highest EEA,2025-06-30,020000,109,136,3,20251017,210,234.0,2.4,false
549300RG3H390KEL8896,Banca Transilvania,Romania,Large highest EEA,2025-09-30,010000,136,136,1,20260213,161,155,39.8,false
549300RG3H390KEL8896,Banca Transilvania,Romania,Large highest EEA,2025-09-30,020000,136,136,1,20260213,161,155,39.8,false
549300RG3H390KEL8896,Banca Transilvania,Romania,Large highest EEA,2025-12-31,010000,177,181,4,20260626,241,113,94.8,false
549300RG3H390KEL8896,Banca Transilvania,Romania,Large highest EEA,2025-12-31,020000,177,177,4,20260626,241,113,94.8,false
549300RMML7KXP6M1Y98,BANCO BAI EUROPA S.A.,Portugal,Other highest EEA,2025-12-31,010000,-21,-21,2,20251210,439,141,0.7,false
549300RMML7KXP6M1Y98,BANCO BAI EUROPA S.A.,Portugal,Other highest EEA,2025-12-31,020000,-21,-21,3,20251210,439,141,0.7,false
549300S2T3FWVVXWJI89,"Slovenská sporiteľňa, a.s.",Slovakia,Large subsidiaries,2025-06-30,010000,270,273,5,20260327,128,260.0,60.5,false
549300S2T3FWVVXWJI89,"Slovenská sporiteľňa, a.s.",Slovakia,Large subsidiaries,2025-06-30,020000,270,273,7,20260327,128,260.0,60.5,false
549300S2T3FWVVXWJI89,"Slovenská sporiteľňa, a.s.",Slovakia,Large subsidiaries,2025-09-30,010000,181,181,1,20260330,72,176.0,55.6,false
549300S2T3FWVVXWJI89,"Slovenská sporiteľňa, a.s.",Slovakia,Large subsidiaries,2025-09-30,020000,181,181,1,20260330,72,176.0,55.6,false
549300S2T3FWVVXWJI89,"Slovenská sporiteľňa, a.s.",Slovakia,Large subsidiaries,2025-12-31,010000,89,89,2,20260330,188,124.0,21.0,false
549300S2T3FWVVXWJI89,"Slovenská sporiteľňa, a.s.",Slovakia,Large subsidiaries,2025-12-31,020000,89,89,2,20260330,188,124.0,21.0,false
549300S2T3FWVVXWJI89,"Slovenská sporiteľňa, a.s.",Slovakia,Large subsidiaries,2026-03-31,010000,30,30,1,20260430,62,69.0,9.7,true
549300S2T3FWVVXWJI89,"Slovenská sporiteľňa, a.s.",Slovakia,Large subsidiaries,2026-03-31,020100,29,30,4,20260429,62,69.0,4.0,true
549300SBPFE9JX7N8J82,AB SEB bankas,Lithuania,Large subsidiaries,2025-06-30,010000,220,220,1,20260205,128,260.0,31.6,false
549300SBPFE9JX7N8J82,AB SEB bankas,Lithuania,Large subsidiaries,2025-06-30,020000,220,220,1,20260205,128,260.0,31.6,false
549300SBPFE9JX7N8J82,AB SEB bankas,Lithuania,Large subsidiaries,2025-12-31,010000,89,89,2,20260330,188,124.0,21.0,false
549300SBPFE9JX7N8J82,AB SEB bankas,Lithuania,Large subsidiaries,2025-12-31,020000,89,89,3,20260330,188,124.0,21.0,false
549300SGF4BS54YG8M65,Citco Bank Nederland N.V.,Netherlands,Other highest EEA,2025-12-31,010000,134,138,6,20260514,439,141,43.4,false
549300SGF4BS54YG8M65,Citco Bank Nederland N.V.,Netherlands,Other highest EEA,2025-12-31,020000,134,138,4,20260514,439,141,43.4,false
549300SXM92LQ05OJQ76,Sparebank 1 Nord-Norge SPA,Norway,Other highest EEA,2025-06-30,020000,190,190,1,20260106,66,247.5,11.4,false
549300SXM92LQ05OJQ76,Sparebank 1 Nord-Norge SPA,Norway,Other highest EEA,2025-12-31,010000,105,105,1,20260415,439,141,25.7,false
549300SXM92LQ05OJQ76,Sparebank 1 Nord-Norge SPA,Norway,Other highest EEA,2025-12-31,020000,105,105,2,20260415,439,141,25.7,false
549300TDPXT0OW2AY198,FinAx,Belgium,Other highest EEA,2025-12-31,010000,155,155,1,20260604,439,141,61.5,false
549300TDPXT0OW2AY198,FinAx,Belgium,Other highest EEA,2025-12-31,020000,155,155,2,20260604,439,141,61.5,false
549300TEJKOLFN65KR76,BNF Bank plc,Malta,Other highest EEA,2025-12-31,010000,118,119,3,20260428,439,141,35.0,false
549300TEJKOLFN65KR76,BNF Bank plc,Malta,Other highest EEA,2025-12-31,020000,118,118,3,20260428,439,141,35.0,false
549300TJREQ7GHIXWR36,Swedbank Hypotek AB,Sweden,Large subsidiaries,2025-06-30,010000,248,249,2,20260305,128,260.0,41.4,false
549300TJREQ7GHIXWR36,Swedbank Hypotek AB,Sweden,Large subsidiaries,2025-06-30,020000,248,259,4,20260305,128,260.0,41.4,false
549300TJREQ7GHIXWR36,Swedbank Hypotek AB,Sweden,Large subsidiaries,2025-09-30,010000,111,157,2,20260119,72,176.0,4.9,false
549300TJREQ7GHIXWR36,Swedbank Hypotek AB,Sweden,Large subsidiaries,2025-09-30,020000,157,157,1,20260306,72,176.0,32.6,false
549300TJREQ7GHIXWR36,Swedbank Hypotek AB,Sweden,Large subsidiaries,2025-12-31,010000,68,69,3,20260309,188,124.0,8.2,false
549300TJREQ7GHIXWR36,Swedbank Hypotek AB,Sweden,Large subsidiaries,2025-12-31,020000,69,110,3,20260310,188,124.0,9.3,false
549300TJREQ7GHIXWR36,Swedbank Hypotek AB,Sweden,Large subsidiaries,2026-03-31,010000,51,51,1,20260521,62,69.0,33.9,true
549300TJREQ7GHIXWR36,Swedbank Hypotek AB,Sweden,Large subsidiaries,2026-03-31,020100,51,51,1,20260521,62,69.0,33.9,true
549300TK038P6EV4YU51,AB Artea bankas,Lithuania,Large highest EEA,2025-12-31,010000,92,92,2,20260402,241,113,31.3,false
549300TK038P6EV4YU51,AB Artea bankas,Lithuania,Large highest EEA,2025-12-31,020000,92,92,4,20260402,241,113,31.3,false
549300TK038P6EV4YU51,AB Artea bankas,Lithuania,Large highest EEA,2026-03-31,020100,57,57,1,20260527,155,58,44.8,true
549300TL5406IC1XKD09,Saxo Bank A/S,Denmark,Large highest EEA,2025-12-31,010000,97,134,5,20260407,241,113,32.8,false
549300TL5406IC1XKD09,Saxo Bank A/S,Denmark,Large highest EEA,2025-12-31,020000,121,138,5,20260501,241,113,58.7,false
549300TLZPT6JELDWM92,Landsbankinn hf.,Iceland,Large highest EEA,2025-12-31,010000,49,49,1,20260218,241,113,3.7,false
549300TLZPT6JELDWM92,Landsbankinn hf.,Iceland,Large highest EEA,2025-12-31,020000,79,79,1,20260320,241,113,19.7,false
549300TLZPT6JELDWM92,Landsbankinn hf.,Iceland,Large highest EEA,2026-03-31,020100,30,30,1,20260430,155,58,6.5,true
549300TRUWO2CD2G5692,"UNICREDIT, SOCIETA' PER AZIONI",Italy,Large highest EEA,2025-06-30,010000,203,263,2,20260119,210,234.0,26.9,false
549300TRUWO2CD2G5692,"UNICREDIT, SOCIETA' PER AZIONI",Italy,Large highest EEA,2025-06-30,020000,205,252,3,20260121,210,234.0,29.0,false
549300TRUWO2CD2G5692,"UNICREDIT, SOCIETA' PER AZIONI",Italy,Large highest EEA,2025-09-30,010000,171,171,1,20260320,161,155,63.4,false
549300TRUWO2CD2G5692,"UNICREDIT, SOCIETA' PER AZIONI",Italy,Large highest EEA,2025-09-30,020000,160,160,1,20260309,161,155,55.0,false
549300TRUWO2CD2G5692,"UNICREDIT, SOCIETA' PER AZIONI",Italy,Large highest EEA,2025-12-31,010000,22,79,3,20260122,241,113,1.5,false
549300TRUWO2CD2G5692,"UNICREDIT, SOCIETA' PER AZIONI",Italy,Large highest EEA,2025-12-31,020000,48,75,4,20260217,241,113,2.7,false
549300TRUWO2CD2G5692,"UNICREDIT, SOCIETA' PER AZIONI",Italy,Large highest EEA,2026-03-31,010000,50,50,1,20260520,155,58,29.7,true
549300TRUWO2CD2G5692,"UNICREDIT, SOCIETA' PER AZIONI",Italy,Large highest EEA,2026-03-31,020100,44,44,1,20260514,155,58,23.5,true
549300TTZTKBUFKWH890,The Cyprus Development Bank Public Company Ltd,Cyprus,Other highest EEA,2025-12-31,010000,174,174,4,20260623,439,141,78.4,false
549300TTZTKBUFKWH890,The Cyprus Development Bank Public Company Ltd,Cyprus,Other highest EEA,2025-12-31,020000,174,174,4,20260623,439,141,78.4,false
549300U4LIZV0REEQQ46,"Kutxabank, S.A.",Spain,Large highest EEA,2025-06-30,010000,155,239,3,20251202,210,234.0,7.6,false
549300U4LIZV0REEQQ46,"Kutxabank, S.A.",Spain,Large highest EEA,2025-06-30,020000,239,242,3,20260224,210,234.0,53.3,false
549300U4LIZV0REEQQ46,"Kutxabank, S.A.",Spain,Large highest EEA,2025-09-30,020000,147,147,1,20260224,161,155,46.0,false
549300U4LIZV0REEQQ46,"Kutxabank, S.A.",Spain,Large highest EEA,2025-12-31,010000,148,148,4,20260528,241,113,74.3,false
549300U4LIZV0REEQQ46,"Kutxabank, S.A.",Spain,Large highest EEA,2025-12-31,020000,149,154,4,20260529,241,113,76.8,false
549300U4LIZV0REEQQ46,"Kutxabank, S.A.",Spain,Large highest EEA,2026-03-31,020100,91,91,1,20260630,155,58,99.0,true
549300UARE5MHTBUPJ19,Promontoria 19 Coöperatie U.A.,Netherlands,Large highest EEA,2025-12-31,010000,180,180,1,20260629,241,113,96.7,false
549300UARE5MHTBUPJ19,Promontoria 19 Coöperatie U.A.,Netherlands,Large highest EEA,2025-12-31,020000,180,181,3,20260629,241,113,96.7,false
549300UOX05QGUJJ5707,Stadshypotek AB,Sweden,Large subsidiaries,2025-06-30,010000,339,339,1,20260604,128,260.0,79.3,false
549300UOX05QGUJJ5707,Stadshypotek AB,Sweden,Large subsidiaries,2025-06-30,020000,359,359,1,20260624,128,260.0,94.5,false
549300UOX05QGUJJ5707,Stadshypotek AB,Sweden,Large subsidiaries,2025-12-31,010000,155,175,3,20260604,188,124.0,72.1,false
549300UOX05QGUJJ5707,Stadshypotek AB,Sweden,Large subsidiaries,2025-12-31,020000,175,175,3,20260624,188,124.0,91.0,false
549300URJH9VSI58CS32,"Banco Santander Totta, SA",Portugal,Large subsidiaries,2025-06-30,010000,-90,-75,3,20250401,128,260.0,0.4,false
549300URJH9VSI58CS32,"Banco Santander Totta, SA",Portugal,Large subsidiaries,2025-06-30,020000,-75,-74,3,20250416,128,260.0,1.2,false
549300URJH9VSI58CS32,"Banco Santander Totta, SA",Portugal,Large subsidiaries,2025-12-31,010000,134,152,3,20260514,188,124.0,56.6,false
549300URJH9VSI58CS32,"Banco Santander Totta, SA",Portugal,Large subsidiaries,2025-12-31,020000,134,152,4,20260514,188,124.0,56.6,false
549300UY81ESCZJ0GR95,First Investment Bank,Bulgaria,Large highest EEA,2025-06-30,010000,282,282,1,20260408,210,234.0,72.9,false
549300UY81ESCZJ0GR95,First Investment Bank,Bulgaria,Large highest EEA,2025-06-30,020000,282,282,3,20260408,210,234.0,72.9,false
549300UY81ESCZJ0GR95,First Investment Bank,Bulgaria,Large highest EEA,2025-09-30,020000,147,182,5,20260224,161,155,46.0,false
549300UY81ESCZJ0GR95,First Investment Bank,Bulgaria,Large highest EEA,2025-12-31,010000,86,106,3,20260327,241,113,25.9,false
549300UY81ESCZJ0GR95,First Investment Bank,Bulgaria,Large highest EEA,2025-12-31,020000,86,106,7,20260327,241,113,25.9,false
549300UY81ESCZJ0GR95,First Investment Bank,Bulgaria,Large highest EEA,2026-03-31,020100,72,72,1,20260611,155,58,79.0,true
549300V1VN70Q7PQ7234,CRÉDIT AGRICOLE AUTO BANK S.P.A.,Italy,Large subsidiaries,2025-06-30,010000,325,326,2,20260521,128,260.0,74.6,false
549300V1VN70Q7PQ7234,CRÉDIT AGRICOLE AUTO BANK S.P.A.,Italy,Large subsidiaries,2025-06-30,020000,324,325,2,20260520,128,260.0,73.0,false
549300V1VN70Q7PQ7234,CRÉDIT AGRICOLE AUTO BANK S.P.A.,Italy,Large subsidiaries,2025-09-30,010000,233,233,1,20260521,72,176.0,78.5,false
549300V1VN70Q7PQ7234,CRÉDIT AGRICOLE AUTO BANK S.P.A.,Italy,Large subsidiaries,2025-09-30,020000,232,232,1,20260520,72,176.0,75.7,false
549300V1VN70Q7PQ7234,CRÉDIT AGRICOLE AUTO BANK S.P.A.,Italy,Large subsidiaries,2025-12-31,010000,154,181,3,20260603,188,124.0,70.7,false
549300V1VN70Q7PQ7234,CRÉDIT AGRICOLE AUTO BANK S.P.A.,Italy,Large subsidiaries,2025-12-31,020000,161,169,3,20260610,188,124.0,75.3,false
549300V4H4USWZUCE073,"BISON BANK, SA",Portugal,Other highest EEA,2025-12-31,010000,175,175,2,20260624,439,141,81.7,false
549300V4H4USWZUCE073,"BISON BANK, SA",Portugal,Other highest EEA,2025-12-31,020000,175,175,3,20260624,439,141,81.7,false
549300VRM6G42M8OWN49,Sparebank 1 Østlandet,Norway,Other highest EEA,2025-06-30,010000,206,214,2,20260122,66,247.5,13.6,false
549300VRM6G42M8OWN49,Sparebank 1 Østlandet,Norway,Other highest EEA,2025-06-30,020000,206,218,3,20260122,66,247.5,13.6,false
549300VRM6G42M8OWN49,Sparebank 1 Østlandet,Norway,Other highest EEA,2025-12-31,010000,104,106,3,20260414,439,141,24.7,false
549300VRM6G42M8OWN49,Sparebank 1 Østlandet,Norway,Other highest EEA,2025-12-31,020000,106,110,4,20260416,439,141,27.1,false
549300WDT1HWUMTUW770,Standard Chartered Bank AG,Germany,Other highest EEA,2025-06-30,020000,233,233,1,20260218,66,247.5,42.4,false
549300WDT1HWUMTUW770,Standard Chartered Bank AG,Germany,Other highest EEA,2025-12-31,020000,42,181,5,20260211,439,141,1.3,false
549300X34UUBDEUL1Z91,HSBC Bank Malta p.l.c.,Malta,Large subsidiaries,2025-06-30,010000,357,362,2,20260622,128,260.0,91.4,false
549300X34UUBDEUL1Z91,HSBC Bank Malta p.l.c.,Malta,Large subsidiaries,2025-06-30,020000,360,361,3,20260625,128,260.0,96.5,false
549300X34UUBDEUL1Z91,HSBC Bank Malta p.l.c.,Malta,Large subsidiaries,2025-12-31,010000,175,178,2,20260624,188,124.0,91.0,false
549300X34UUBDEUL1Z91,HSBC Bank Malta p.l.c.,Malta,Large subsidiaries,2025-12-31,020000,173,180,4,20260622,188,124.0,88.0,false
549300XGJX6FOWLOI640,FIDEURAM - INTESA SANPAOLO PRIVATE BANKING S.P.A.,Italy,Large subsidiaries,2025-12-31,010000,141,141,1,20260521,188,124.0,62.8,false
549300XGJX6FOWLOI640,FIDEURAM - INTESA SANPAOLO PRIVATE BANKING S.P.A.,Italy,Large subsidiaries,2025-12-31,020000,78,146,7,20260319,188,124.0,13.0,false
549300XWJHRKLHU2PS28,ERSTE csoport,Hungary,Large subsidiaries,2025-12-31,010000,177,181,5,20260626,188,124.0,94.1,false
549300XWJHRKLHU2PS28,ERSTE csoport,Hungary,Large subsidiaries,2025-12-31,020000,180,181,4,20260629,188,124.0,96.3,false
549300YV6LXRPJO3U576,Merkur Andelskasse,Denmark,Other highest EEA,2025-12-31,010000,56,56,2,20260225,439,141,5.7,false
549300YV6LXRPJO3U576,Merkur Andelskasse,Denmark,Other highest EEA,2025-12-31,020000,56,56,2,20260225,439,141,5.7,false
549300YW95G1VBBGGV07,"AS ""SEB banka""",Latvia,Large subsidiaries,2025-06-30,010000,221,221,1,20260206,128,260.0,34.0,false
549300YW95G1VBBGGV07,"AS ""SEB banka""",Latvia,Large subsidiaries,2025-06-30,020000,221,221,1,20260206,128,260.0,34.0,false
549300YW95G1VBBGGV07,"AS ""SEB banka""",Latvia,Large subsidiaries,2025-12-31,010000,89,89,2,20260330,188,124.0,21.0,false
549300YW95G1VBBGGV07,"AS ""SEB banka""",Latvia,Large subsidiaries,2025-12-31,020000,85,89,3,20260326,188,124.0,16.8,false
549300Z7V2WOFIMUEK50,UniCredit Bulbank AD,Bulgaria,Large subsidiaries,2025-06-30,020000,239,241,10,20260224,128,260.0,38.7,false
549300Z7V2WOFIMUEK50,UniCredit Bulbank AD,Bulgaria,Large subsidiaries,2025-12-31,010000,169,176,3,20260618,188,124.0,84.0,false
549300Z7V2WOFIMUEK50,UniCredit Bulbank AD,Bulgaria,Large subsidiaries,2025-12-31,020000,169,169,4,20260618,188,124.0,84.0,false
549300ZBZQ6M21ZGGY79,China Merchants Bank (Europe) S.A,Luxembourg,Other highest EEA,2025-06-30,010000,113,113,1,20251021,66,247.5,2.3,false
549300ZBZQ6M21ZGGY79,China Merchants Bank (Europe) S.A,Luxembourg,Other highest EEA,2025-12-31,010000,180,180,1,20260629,439,141,92.3,false
549300ZBZQ6M21ZGGY79,China Merchants Bank (Europe) S.A,Luxembourg,Other highest EEA,2025-12-31,020000,181,181,3,20260630,439,141,97.2,false
549300ZEF3QWM810M319,Ziklo Bank AB,Sweden,Other highest EEA,2025-12-31,010000,78,79,4,20260319,439,141,14.6,false
549300ZEF3QWM810M319,Ziklo Bank AB,Sweden,Other highest EEA,2025-12-31,020000,78,79,6,20260319,439,141,14.6,false
549300ZHFZ4CSK7VS460,Privredna Banka Zagreb d.d.,Croatia,Large subsidiaries,2025-06-30,010000,-14,350,2,20250616,128,260.0,2.0,false
549300ZHFZ4CSK7VS460,Privredna Banka Zagreb d.d.,Croatia,Large subsidiaries,2025-06-30,020000,350,350,1,20260615,128,260.0,87.1,false
549300ZHFZ4CSK7VS460,Privredna Banka Zagreb d.d.,Croatia,Large subsidiaries,2025-12-31,010000,-224,141,7,20250521,188,124.0,0.8,false
549300ZHFZ4CSK7VS460,Privredna Banka Zagreb d.d.,Croatia,Large subsidiaries,2025-12-31,020000,114,166,4,20260424,188,124.0,39.4,false
549300ZK53CNGEEI6A29,J.P. Morgan SE,Germany,Large highest EEA,2025-06-30,010000,207,213,2,20260123,210,234.0,30.5,false
549300ZK53CNGEEI6A29,J.P. Morgan SE,Germany,Large highest EEA,2025-06-30,020000,161,161,1,20251208,210,234.0,12.1,false
549300ZK53CNGEEI6A29,J.P. Morgan SE,Germany,Large highest EEA,2025-09-30,010000,115,118,2,20260123,161,155,15.2,false
549300ZK53CNGEEI6A29,J.P. Morgan SE,Germany,Large highest EEA,2025-12-31,010000,145,167,3,20260525,241,113,69.5,false
549300ZK53CNGEEI6A29,J.P. Morgan SE,Germany,Large highest EEA,2025-12-31,020000,145,167,3,20260525,241,113,69.5,false
549300ZOE0EU2VKF6M35,Lombard Odier (Europe) S.A.,Luxembourg,Other highest EEA,2025-12-31,010000,154,154,1,20260603,439,141,60.5,false
549300ZOE0EU2VKF6M35,Lombard Odier (Europe) S.A.,Luxembourg,Other highest EEA,2025-12-31,020000,135,138,2,20260515,439,141,44.8,false
5967007LIEEXZX51WW28,SPAREBANKEN ØST,Norway,Other highest EEA,2025-12-31,010000,83,85,4,20260324,439,141,16.6,false
5967007LIEEXZX51WW28,SPAREBANKEN ØST,Norway,Other highest EEA,2025-12-31,020000,83,83,3,20260324,439,141,16.6,false
5967007LIEEXZX5PU005,Sparebanken Møre SPA,Norway,Other highest EEA,2025-06-30,020000,225,247,5,20260210,66,247.5,32.6,false
5967007LIEEXZX5PU005,Sparebanken Møre SPA,Norway,Other highest EEA,2025-12-31,010000,98,99,2,20260408,439,141,23.6,false
5967007LIEEXZX5PU005,Sparebanken Møre SPA,Norway,Other highest EEA,2025-12-31,020000,99,100,2,20260409,439,141,24.0,false
5967007LIEEXZX659K67,DNB BOLIGKREDITT AS,Norway,Large subsidiaries,2025-12-31,020000,70,70,2,20260311,188,124.0,10.4,false
5967007LIEEXZX659K67,DNB BOLIGKREDITT AS,Norway,Large subsidiaries,2026-03-31,020100,41,41,1,20260511,62,69.0,23.4,true
5967007LIEEXZX76AW36,OBOS-BANKEN AS,Norway,Other highest EEA,2025-12-31,010000,169,169,3,20260618,439,141,71.9,false
5967007LIEEXZX76AW36,OBOS-BANKEN AS,Norway,Other highest EEA,2025-12-31,020000,169,169,3,20260618,439,141,71.9,false
5967007LIEEXZX8UHK11,SPAREBANK 1 SOGN OG FJORDANE,Norway,Other highest EEA,2025-12-31,010000,169,169,1,20260618,439,141,71.9,false
5967007LIEEXZX8UHK11,SPAREBANK 1 SOGN OG FJORDANE,Norway,Other highest EEA,2025-12-31,020000,89,169,3,20260330,439,141,18.8,false
5UMCZOEYKCVFAW8ZLO05,"National Bank of Greece, S.A.",Greece,Large highest EEA,2025-06-30,010000,144,207,3,20251121,210,234.0,5.5,false
5UMCZOEYKCVFAW8ZLO05,"National Bank of Greece, S.A.",Greece,Large highest EEA,2025-06-30,020000,200,214,3,20260116,210,234.0,26.0,false
5UMCZOEYKCVFAW8ZLO05,"National Bank of Greece, S.A.",Greece,Large highest EEA,2025-12-31,010000,119,120,3,20260429,241,113,56.6,false
5UMCZOEYKCVFAW8ZLO05,"National Bank of Greece, S.A.",Greece,Large highest EEA,2025-12-31,020000,119,119,3,20260429,241,113,56.6,false
5UMCZOEYKCVFAW8ZLO05,"National Bank of Greece, S.A.",Greece,Large highest EEA,2026-03-31,010000,90,90,1,20260629,155,58,97.4,true
5UMCZOEYKCVFAW8ZLO05,"National Bank of Greece, S.A.",Greece,Large highest EEA,2026-03-31,010100,90,90,1,20260629,155,58,97.4,true
5UMCZOEYKCVFAW8ZLO05,"National Bank of Greece, S.A.",Greece,Large highest EEA,2026-03-31,020100,90,90,1,20260629,155,58,97.4,true
635400AKJBGNS5WNQL34,AIB Group plc,Ireland,Large highest EEA,2025-06-30,010000,214,221,3,20260130,210,234.0,39.0,false
635400AKJBGNS5WNQL34,AIB Group plc,Ireland,Large highest EEA,2025-06-30,020000,221,298,6,20260206,210,234.0,41.2,false
635400AKJBGNS5WNQL34,AIB Group plc,Ireland,Large highest EEA,2025-09-30,010000,122,122,1,20260130,161,155,28.0,false
635400AKJBGNS5WNQL34,AIB Group plc,Ireland,Large highest EEA,2025-09-30,020000,122,220,2,20260130,161,155,28.0,false
635400AKJBGNS5WNQL34,AIB Group plc,Ireland,Large highest EEA,2025-12-31,010000,100,114,4,20260410,241,113,35.3,false
635400AKJBGNS5WNQL34,AIB Group plc,Ireland,Large highest EEA,2025-12-31,020000,114,138,4,20260424,241,113,51.9,false
635400AKJBGNS5WNQL34,AIB Group plc,Ireland,Large highest EEA,2026-03-31,010000,59,59,1,20260529,155,58,54.2,true
635400AKJBGNS5WNQL34,AIB Group plc,Ireland,Large highest EEA,2026-03-31,020100,59,59,1,20260529,155,58,54.2,true
635400C8EK6DRI12LJ39,Bank of Ireland Group plc,Ireland,Large highest EEA,2025-06-30,010000,254,254,3,20260311,210,234.0,62.6,false
635400C8EK6DRI12LJ39,Bank of Ireland Group plc,Ireland,Large highest EEA,2025-06-30,020000,254,254,3,20260311,210,234.0,62.6,false
635400C8EK6DRI12LJ39,Bank of Ireland Group plc,Ireland,Large highest EEA,2025-09-30,010000,155,155,1,20260304,161,155,49.7,false
635400C8EK6DRI12LJ39,Bank of Ireland Group plc,Ireland,Large highest EEA,2025-09-30,020000,155,155,1,20260304,161,155,49.7,false
635400C8EK6DRI12LJ39,Bank of Ireland Group plc,Ireland,Large highest EEA,2025-12-31,010000,147,149,4,20260527,241,113,72.0,false
635400C8EK6DRI12LJ39,Bank of Ireland Group plc,Ireland,Large highest EEA,2025-12-31,020000,147,149,4,20260527,241,113,72.0,false
635400C8EK6DRI12LJ39,Bank of Ireland Group plc,Ireland,Large highest EEA,2026-03-31,010000,84,84,1,20260623,155,58,90.3,true
635400C8EK6DRI12LJ39,Bank of Ireland Group plc,Ireland,Large highest EEA,2026-03-31,020100,85,85,1,20260624,155,58,91.6,true
635400DTNHVYGZODKQ93,Permanent TSB Group Holdings Plc,Ireland,Large highest EEA,2025-09-30,010000,225,225,1,20260513,161,155,85.1,false
635400DTNHVYGZODKQ93,Permanent TSB Group Holdings Plc,Ireland,Large highest EEA,2025-09-30,020000,225,225,1,20260513,161,155,85.1,false
635400DTNHVYGZODKQ93,Permanent TSB Group Holdings Plc,Ireland,Large highest EEA,2026-03-31,010000,44,44,1,20260514,155,58,23.5,true
635400DTNHVYGZODKQ93,Permanent TSB Group Holdings Plc,Ireland,Large highest EEA,2026-03-31,020100,49,49,1,20260519,155,58,27.7,true
635400F6HLXKXNJJX605,EXIM BANCA ROMANEASCA S.A.,Romania,Large highest EEA,2025-06-30,010000,337,358,2,20260602,210,234.0,87.4,false
635400F6HLXKXNJJX605,EXIM BANCA ROMANEASCA S.A.,Romania,Large highest EEA,2025-06-30,020000,358,358,1,20260623,210,234.0,96.0,false
635400F6HLXKXNJJX605,EXIM BANCA ROMANEASCA S.A.,Romania,Large highest EEA,2025-12-31,010000,175,175,3,20260624,241,113,92.1,false
635400F6HLXKXNJJX605,EXIM BANCA ROMANEASCA S.A.,Romania,Large highest EEA,2025-12-31,020000,175,180,4,20260624,241,113,92.1,false
635400JLGKETPVVGPW53,De Lage Landen International B.V.,Netherlands,Large subsidiaries,2025-12-31,010000,148,148,1,20260528,188,124.0,66.8,false
635400JLGKETPVVGPW53,De Lage Landen International B.V.,Netherlands,Large subsidiaries,2025-12-31,020000,146,146,3,20260526,188,124.0,65.2,false
635400L14KNHZXPUZM19,Bank of Cyprus Holdings Public Limited Company,Ireland,Large highest EEA,2025-06-30,010000,217,226,3,20260202,210,234.0,40.2,false
635400L14KNHZXPUZM19,Bank of Cyprus Holdings Public Limited Company,Ireland,Large highest EEA,2025-06-30,020000,220,282,3,20260205,210,234.0,40.7,false
635400L14KNHZXPUZM19,Bank of Cyprus Holdings Public Limited Company,Ireland,Large highest EEA,2025-09-30,010000,202,202,1,20260420,161,155,78.3,false
635400L14KNHZXPUZM19,Bank of Cyprus Holdings Public Limited Company,Ireland,Large highest EEA,2025-09-30,020000,202,202,1,20260420,161,155,78.3,false
635400L14KNHZXPUZM19,Bank of Cyprus Holdings Public Limited Company,Ireland,Large highest EEA,2025-12-31,010000,70,117,4,20260311,241,113,13.1,false
635400L14KNHZXPUZM19,Bank of Cyprus Holdings Public Limited Company,Ireland,Large highest EEA,2025-12-31,020000,106,175,4,20260416,241,113,42.9,false
635400L14KNHZXPUZM19,Bank of Cyprus Holdings Public Limited Company,Ireland,Large highest EEA,2026-03-31,010000,38,38,1,20260508,155,58,12.9,true
635400L14KNHZXPUZM19,Bank of Cyprus Holdings Public Limited Company,Ireland,Large highest EEA,2026-03-31,020100,38,38,1,20260508,155,58,12.9,true
635400LCCIYHUL6ELA34,USB European (Holdings) Limited,Ireland,Other highest EEA,2025-12-31,010000,180,180,2,20260629,439,141,92.3,false
635400LCCIYHUL6ELA34,USB European (Holdings) Limited,Ireland,Other highest EEA,2025-12-31,020000,180,181,3,20260629,439,141,92.3,false
6TJCK1B7E7UTXP528Y04,Citigroup Global Markets Europe AG,Germany,Large highest EEA,2025-06-30,010000,276,364,6,20260402,210,234.0,70.7,false
6TJCK1B7E7UTXP528Y04,Citigroup Global Markets Europe AG,Germany,Large highest EEA,2025-06-30,020000,276,364,2,20260402,210,234.0,70.7,false
6TJCK1B7E7UTXP528Y04,Citigroup Global Markets Europe AG,Germany,Large highest EEA,2025-09-30,010000,184,272,3,20260402,161,155,68.9,false
6TJCK1B7E7UTXP528Y04,Citigroup Global Markets Europe AG,Germany,Large highest EEA,2025-12-31,010000,92,181,5,20260402,241,113,31.3,false
6TJCK1B7E7UTXP528Y04,Citigroup Global Markets Europe AG,Germany,Large highest EEA,2025-12-31,020000,180,181,3,20260629,241,113,96.7,false
724500973ODKK3IFQ447,Adyen N.V.,Netherlands,Other highest EEA,2025-12-31,010000,57,57,3,20260226,439,141,7.2,false
724500973ODKK3IFQ447,Adyen N.V.,Netherlands,Other highest EEA,2025-12-31,020000,57,62,3,20260226,439,141,7.2,false
724500A1FNICHSDF2I11,ASN Bank N.V.,Netherlands,Large highest EEA,2025-06-30,010000,157,242,3,20251204,210,234.0,10.5,false
724500A1FNICHSDF2I11,ASN Bank N.V.,Netherlands,Large highest EEA,2025-06-30,020000,242,242,3,20260227,210,234.0,54.8,false
724500A1FNICHSDF2I11,ASN Bank N.V.,Netherlands,Large highest EEA,2025-12-31,010000,78,78,5,20260319,241,113,18.3,false
724500A1FNICHSDF2I11,ASN Bank N.V.,Netherlands,Large highest EEA,2025-12-31,020000,78,78,4,20260319,241,113,18.3,false
724500AG21Z9GIJE4735,WP XII Financial Holdings Coöperatief U.A.,Netherlands,Other highest EEA,2025-12-31,010000,175,175,1,20260624,439,141,81.7,false
724500AG21Z9GIJE4735,WP XII Financial Holdings Coöperatief U.A.,Netherlands,Other highest EEA,2025-12-31,020000,148,175,3,20260528,439,141,55.9,false
724500AH42V5X8BCPE49,Achmea Bank N.V.,Netherlands,Other highest EEA,2025-06-30,010000,337,337,3,20260602,66,247.5,91.7,false
724500AH42V5X8BCPE49,Achmea Bank N.V.,Netherlands,Other highest EEA,2025-06-30,020000,333,337,2,20260529,66,247.5,87.1,false
724500BICUQ0LF1AH770,Nationale-Nederlanden Bank N.V.,Netherlands,Other highest EEA,2025-12-31,010000,148,149,2,20260528,439,141,55.9,false
724500BICUQ0LF1AH770,Nationale-Nederlanden Bank N.V.,Netherlands,Other highest EEA,2025-12-31,020000,147,148,3,20260527,439,141,54.3,false
724500D8WOYCL1BUCB80,Van Lanschot Kempen N.V.,Netherlands,Other highest EEA,2025-12-31,010000,76,82,3,20260317,439,141,13.3,false
724500D8WOYCL1BUCB80,Van Lanschot Kempen N.V.,Netherlands,Other highest EEA,2025-12-31,020000,82,82,4,20260323,439,141,15.4,false
724500JIWG886A9RRT57,RBS Holdings N.V.,Netherlands,Large highest EEA,2025-06-30,010000,260,260,1,20260317,210,234.0,65.0,false
724500JIWG886A9RRT57,RBS Holdings N.V.,Netherlands,Large highest EEA,2025-06-30,020000,253,269,6,20260310,210,234.0,61.7,false
724500JIWG886A9RRT57,RBS Holdings N.V.,Netherlands,Large highest EEA,2025-09-30,010000,338,338,1,20260903,161,155,99.7,false
724500JIWG886A9RRT57,RBS Holdings N.V.,Netherlands,Large highest EEA,2025-09-30,020000,160,175,4,20260309,161,155,55.0,false
724500JIWG886A9RRT57,RBS Holdings N.V.,Netherlands,Large highest EEA,2025-12-31,010000,82,246,2,20260323,241,113,21.0,false
724500JIWG886A9RRT57,RBS Holdings N.V.,Netherlands,Large highest EEA,2025-12-31,020000,82,90,5,20260323,241,113,21.0,false
724500M4G9AVEMHMV291,bunq Holding B.V.,Netherlands,Other highest EEA,2025-12-31,010000,180,180,1,20260629,439,141,92.3,false
724500M4G9AVEMHMV291,bunq Holding B.V.,Netherlands,Other highest EEA,2025-12-31,020000,180,180,3,20260629,439,141,92.3,false
724500PMK2A2M1SQQ228,Triodos Bank N.V.,Netherlands,Other highest EEA,2025-12-31,010000,71,71,3,20260312,439,141,11.4,false
724500PMK2A2M1SQQ228,Triodos Bank N.V.,Netherlands,Other highest EEA,2025-12-31,020000,71,181,4,20260312,439,141,11.4,false
724500SF1CI8OD5AHI07,HCBG Holding B.V.,Netherlands,Other highest EEA,2025-12-31,020000,64,175,3,20260305,439,141,9.2,false
724500ZNT2I60RYZQI38,Anadolubank Nederland N.V.,Netherlands,Other highest EEA,2025-12-31,010000,124,181,5,20260504,439,141,37.8,false
724500ZNT2I60RYZQI38,Anadolubank Nederland N.V.,Netherlands,Other highest EEA,2025-12-31,020000,132,180,8,20260512,439,141,41.1,false
7437003B5WFBOIEFY714,OP Osuuskunta,Finland,Large highest EEA,2025-06-30,010000,197,297,3,20260113,210,234.0,23.1,false
7437003B5WFBOIEFY714,OP Osuuskunta,Finland,Large highest EEA,2025-06-30,020000,297,311,3,20260423,210,234.0,78.8,false
7437003B5WFBOIEFY714,OP Osuuskunta,Finland,Large highest EEA,2025-09-30,010000,105,105,1,20260113,161,155,11.8,false
7437003B5WFBOIEFY714,OP Osuuskunta,Finland,Large highest EEA,2025-09-30,020000,205,205,1,20260423,161,155,82.3,false
7437003B5WFBOIEFY714,OP Osuuskunta,Finland,Large highest EEA,2025-12-31,010000,113,132,4,20260423,241,113,49.8,false
7437003B5WFBOIEFY714,OP Osuuskunta,Finland,Large highest EEA,2025-12-31,020000,113,135,4,20260423,241,113,49.8,false
7437003B5WFBOIEFY714,OP Osuuskunta,Finland,Large highest EEA,2026-03-31,010000,43,43,1,20260513,155,58,22.3,true
7437003B5WFBOIEFY714,OP Osuuskunta,Finland,Large highest EEA,2026-03-31,020100,45,45,1,20260515,155,58,25.2,true
7437005892K69S3MW344,Säästöpankkiliitto osk,Finland,Other highest EEA,2025-06-30,010000,303,336,2,20260429,66,247.5,79.5,false
7437005892K69S3MW344,Säästöpankkiliitto osk,Finland,Other highest EEA,2025-06-30,020000,335,335,1,20260531,66,247.5,88.6,false
7437005892K69S3MW344,Säästöpankkiliitto osk,Finland,Other highest EEA,2025-12-31,010000,119,119,4,20260429,439,141,36.2,false
7437005892K69S3MW344,Säästöpankkiliitto osk,Finland,Other highest EEA,2025-12-31,020000,118,119,2,20260428,439,141,35.0,false
7437006WYM821IJ3MN73,Ålandsbanken Abp,Finland,Other highest EEA,2025-12-31,010000,71,71,1,20260312,439,141,11.4,false
7437006WYM821IJ3MN73,Ålandsbanken Abp,Finland,Other highest EEA,2025-12-31,020000,71,83,3,20260312,439,141,11.4,false
743700FTBNXAUN57RH30,S-Pankki Oyj,Finland,Other highest EEA,2025-06-30,010000,337,337,2,20260602,66,247.5,91.7,false
743700FTBNXAUN57RH30,S-Pankki Oyj,Finland,Other highest EEA,2025-06-30,020000,337,337,1,20260602,66,247.5,91.7,false
743700FTBNXAUN57RH30,S-Pankki Oyj,Finland,Other highest EEA,2025-12-31,010000,135,145,4,20260515,439,141,44.8,false
743700FTBNXAUN57RH30,S-Pankki Oyj,Finland,Other highest EEA,2025-12-31,020000,142,146,4,20260522,439,141,51.3,false
743700GC62JLHFBUND16,Aktia Bank Abp,Finland,Other highest EEA,2025-12-31,010000,65,72,4,20260306,439,141,9.7,false
743700GC62JLHFBUND16,Aktia Bank Abp,Finland,Other highest EEA,2025-12-31,020000,67,71,3,20260308,439,141,10.1,false
743700PW2HDTPU3YRJ31,POP Pankkikeskus osk,Finland,Other highest EEA,2025-12-31,010000,72,72,4,20260313,439,141,12.1,false
743700PW2HDTPU3YRJ31,POP Pankkikeskus osk,Finland,Other highest EEA,2025-12-31,020000,72,72,3,20260313,439,141,12.1,false
747DLM6L5TO7LXZY5T60,Scotiabank (Ireland) Designated Activity Company,Ireland,Other highest EEA,2025-10-31,010000,180,180,3,20260429,5,180,60.0,false
747DLM6L5TO7LXZY5T60,Scotiabank (Ireland) Designated Activity Company,Ireland,Other highest EEA,2025-10-31,020000,180,180,3,20260429,5,180,60.0,false
7CUNS533WID6K7DGFI87,"CaixaBank, S.A.",Spain,Large highest EEA,2025-06-30,010000,227,227,2,20260212,210,234.0,47.4,false
7CUNS533WID6K7DGFI87,"CaixaBank, S.A.",Spain,Large highest EEA,2025-06-30,020000,227,227,3,20260212,210,234.0,47.4,false
7CUNS533WID6K7DGFI87,"CaixaBank, S.A.",Spain,Large highest EEA,2025-09-30,010000,136,136,1,20260213,161,155,39.8,false
7CUNS533WID6K7DGFI87,"CaixaBank, S.A.",Spain,Large highest EEA,2025-09-30,020000,136,136,1,20260213,161,155,39.8,false
7CUNS533WID6K7DGFI87,"CaixaBank, S.A.",Spain,Large highest EEA,2025-12-31,010000,90,92,5,20260331,241,113,29.5,false
7CUNS533WID6K7DGFI87,"CaixaBank, S.A.",Spain,Large highest EEA,2025-12-31,020000,90,92,4,20260331,241,113,29.5,false
7CUNS533WID6K7DGFI87,"CaixaBank, S.A.",Spain,Large highest EEA,2026-03-31,020100,58,58,1,20260528,155,58,50.0,true
7LTWFZYICNSX8D621K86,DEUTSCHE BANK AKTIENGESELLSCHAFT,Germany,Large highest EEA,2025-06-30,010000,51,245,3,20250820,210,234.0,1.7,false
7LTWFZYICNSX8D621K86,DEUTSCHE BANK AKTIENGESELLSCHAFT,Germany,Large highest EEA,2025-06-30,020000,246,276,4,20260303,210,234.0,55.7,false
7LTWFZYICNSX8D621K86,DEUTSCHE BANK AKTIENGESELLSCHAFT,Germany,Large highest EEA,2025-09-30,010000,57,153,2,20251126,161,155,1.6,false
7LTWFZYICNSX8D621K86,DEUTSCHE BANK AKTIENGESELLSCHAFT,Germany,Large highest EEA,2025-09-30,020000,153,153,1,20260302,161,155,48.1,false
7LTWFZYICNSX8D621K86,DEUTSCHE BANK AKTIENGESELLSCHAFT,Germany,Large highest EEA,2025-12-31,010000,58,117,5,20260227,241,113,7.9,false
7LTWFZYICNSX8D621K86,DEUTSCHE BANK AKTIENGESELLSCHAFT,Germany,Large highest EEA,2025-12-31,020000,118,166,4,20260428,241,113,55.6,false
7LTWFZYICNSX8D621K86,DEUTSCHE BANK AKTIENGESELLSCHAFT,Germany,Large highest EEA,2026-03-31,010000,57,57,1,20260527,155,58,44.8,true
7LTWFZYICNSX8D621K86,DEUTSCHE BANK AKTIENGESELLSCHAFT,Germany,Large highest EEA,2026-03-31,010100,57,57,1,20260527,155,58,44.8,true
7LTWFZYICNSX8D621K86,DEUTSCHE BANK AKTIENGESELLSCHAFT,Germany,Large highest EEA,2026-03-31,020100,57,57,1,20260527,155,58,44.8,true
7LVZJ6XRIE7VNZ4UBX81,BANCA MEDIOLANUM S.P.A.,Italy,Large highest EEA,2025-06-30,010000,210,212,3,20260126,210,234.0,32.1,false
7LVZJ6XRIE7VNZ4UBX81,BANCA MEDIOLANUM S.P.A.,Italy,Large highest EEA,2025-06-30,020000,198,210,5,20260114,210,234.0,24.3,false
7LVZJ6XRIE7VNZ4UBX81,BANCA MEDIOLANUM S.P.A.,Italy,Large highest EEA,2025-09-30,010000,121,121,1,20260129,161,155,24.8,false
7LVZJ6XRIE7VNZ4UBX81,BANCA MEDIOLANUM S.P.A.,Italy,Large highest EEA,2025-09-30,020000,121,121,1,20260129,161,155,24.8,false
7LVZJ6XRIE7VNZ4UBX81,BANCA MEDIOLANUM S.P.A.,Italy,Large highest EEA,2025-12-31,010000,100,119,3,20260410,241,113,35.3,false
7LVZJ6XRIE7VNZ4UBX81,BANCA MEDIOLANUM S.P.A.,Italy,Large highest EEA,2025-12-31,020000,100,114,3,20260410,241,113,35.3,false
7V6Z97IO7R1SEAO84Q32,SpareBank 1 SMN,Norway,Other highest EEA,2025-12-31,010000,107,111,2,20260417,439,141,27.7,false
7V6Z97IO7R1SEAO84Q32,SpareBank 1 SMN,Norway,Other highest EEA,2025-12-31,020000,106,111,2,20260416,439,141,27.1,false
81560017C4A61A529235,CASSA DI RISPARMIO DI FERMO S.P.A. (IN FORMA ABBREVIATA CARIFERMO S.P.A.),Italy,Other highest EEA,2025-12-31,010000,141,148,2,20260521,439,141,49.7,false
81560017C4A61A529235,CASSA DI RISPARMIO DI FERMO S.P.A. (IN FORMA ABBREVIATA CARIFERMO S.P.A.),Italy,Other highest EEA,2025-12-31,020000,135,148,3,20260515,439,141,44.8,false
81560027D07F9BDB8436,CASSA DI RISPARMIO DI ASTI S.P.A. (IN FORMA ABBREVIATA BANCA C.R. ASTI S.P.A.),Italy,Other highest EEA,2025-12-31,010000,142,142,1,20260522,439,141,51.3,false
81560027D07F9BDB8436,CASSA DI RISPARMIO DI ASTI S.P.A. (IN FORMA ABBREVIATA BANCA C.R. ASTI S.P.A.),Italy,Other highest EEA,2025-12-31,020000,142,142,3,20260522,439,141,51.3,false
81560035485BD7DB3590,BANCO DI CREDITO P.AZZOAGLIO - S.P.A.,Italy,Other highest EEA,2025-12-31,010000,176,176,1,20260625,439,141,85.1,false
81560035485BD7DB3590,BANCO DI CREDITO P.AZZOAGLIO - S.P.A.,Italy,Other highest EEA,2025-12-31,020000,176,176,2,20260625,439,141,85.1,false
8156003A4FB445454553,CASSA DI RISPARMIO DI BOLZANO S.P.A. - SUDTIROLER SPARKASSE AG,Italy,Other highest EEA,2025-12-31,010000,134,134,2,20260514,439,141,43.4,false
8156003A4FB445454553,CASSA DI RISPARMIO DI BOLZANO S.P.A. - SUDTIROLER SPARKASSE AG,Italy,Other highest EEA,2025-12-31,020000,134,135,3,20260514,439,141,43.4,false
8156003D79D064FB5360,CASSA LOMBARDA - S.P.A.,Italy,,2025-12-31,010000,148,148,1,20260528,7,,,false
8156003D79D064FB5360,CASSA LOMBARDA - S.P.A.,Italy,,2025-12-31,020000,132,148,3,20260512,7,,,false
8156004BBB6E6B9B6F10,BANCA POPOLARE DI PUGLIA E BASILICATA - SOCIETA' COOPERATIVA PER AZIONI,Italy,Other highest EEA,2025-12-31,010000,154,154,2,20260603,439,141,60.5,false
8156004BBB6E6B9B6F10,BANCA POPOLARE DI PUGLIA E BASILICATA - SOCIETA' COOPERATIVA PER AZIONI,Italy,Other highest EEA,2025-12-31,020000,139,147,3,20260519,439,141,46.7,false
81560051AAE0E0F10021,CHERRY BANK S.P.A. (CON ACRONIMO CHERRY BANK O CHERRY),Italy,Other highest EEA,2025-12-31,020000,148,148,1,20260528,439,141,55.9,false
8156005420362AE59184,BANCA IFIS S.P.A. (OVVERO IFIS BANCA S.P.A. O IN FORMA ABBREVIATA IFIS S.P.A.),Italy,Other highest EEA,2025-06-30,020000,343,343,1,20260608,66,247.5,94.7,false
8156005420362AE59184,BANCA IFIS S.P.A. (OVVERO IFIS BANCA S.P.A. O IN FORMA ABBREVIATA IFIS S.P.A.),Italy,Other highest EEA,2025-12-31,010000,92,133,2,20260402,439,141,22.1,false
8156005420362AE59184,BANCA IFIS S.P.A. (OVVERO IFIS BANCA S.P.A. O IN FORMA ABBREVIATA IFIS S.P.A.),Italy,Other highest EEA,2025-12-31,020000,86,125,3,20260327,439,141,17.8,false
8156005C22D0BF134C40,BANCA POPOLARE PUGLIESE - SOCIETA' COOPERATIVA PER AZIONI,Italy,Other highest EEA,2025-12-31,010000,174,174,2,20260623,439,141,78.4,false
8156005C22D0BF134C40,BANCA POPOLARE PUGLIESE - SOCIETA' COOPERATIVA PER AZIONI,Italy,Other highest EEA,2025-12-31,020000,174,174,3,20260623,439,141,78.4,false
81560062CEAE87A85C80,AREPO BP S.P.A.,Italy,Other highest EEA,2025-12-31,010000,89,114,3,20260330,439,141,18.8,false
81560062CEAE87A85C80,AREPO BP S.P.A.,Italy,Other highest EEA,2025-12-31,020000,89,113,5,20260330,439,141,18.8,false
81560064085A02B2B297,MEDIOCREDITO CENTRALE - BANCA DEL MEZZOGIORNO SPA,Italy,Other highest EEA,2025-12-31,010000,173,173,1,20260622,439,141,75.4,false
81560064085A02B2B297,MEDIOCREDITO CENTRALE - BANCA DEL MEZZOGIORNO SPA,Italy,Other highest EEA,2025-12-31,020000,163,168,2,20260612,439,141,67.7,false
815600722FAEE18D6013,BANCA DEL FUCINO S.P.A.,Italy,Other highest EEA,2025-12-31,010000,149,149,2,20260529,439,141,57.4,false
815600722FAEE18D6013,BANCA DEL FUCINO S.P.A.,Italy,Other highest EEA,2025-12-31,020000,149,149,3,20260529,439,141,57.4,false
8156007C053DC07AC307,CREDITO LOMBARDO VENETO S.P.A.,Italy,Other highest EEA,2025-12-31,010000,147,147,2,20260527,439,141,54.3,false
8156007C053DC07AC307,CREDITO LOMBARDO VENETO S.P.A.,Italy,Other highest EEA,2025-12-31,020000,147,147,3,20260527,439,141,54.3,false
8156007D348794DB1690,CRÉDIT AGRICOLE ITALIA S.P.A.,Italy,Large subsidiaries,2025-06-30,010000,262,269,2,20260319,128,260.0,53.9,false
8156007D348794DB1690,CRÉDIT AGRICOLE ITALIA S.P.A.,Italy,Large subsidiaries,2025-06-30,020000,262,262,2,20260319,128,260.0,53.9,false
8156007D348794DB1690,CRÉDIT AGRICOLE ITALIA S.P.A.,Italy,Large subsidiaries,2025-09-30,010000,163,163,1,20260312,72,176.0,40.3,false
8156007D348794DB1690,CRÉDIT AGRICOLE ITALIA S.P.A.,Italy,Large subsidiaries,2025-09-30,020000,163,163,1,20260312,72,176.0,40.3,false
8156007D348794DB1690,CRÉDIT AGRICOLE ITALIA S.P.A.,Italy,Large subsidiaries,2025-12-31,010000,106,118,3,20260416,188,124.0,30.9,false
8156007D348794DB1690,CRÉDIT AGRICOLE ITALIA S.P.A.,Italy,Large subsidiaries,2025-12-31,020000,106,117,3,20260416,188,124.0,30.9,false
815600848DEFE160E913,IBL ISTITUTO BANCARIO DEL LAVORO S.P.A. (IN FORMA ABBREVIATA IBL BANCA),Italy,Other highest EEA,2025-12-31,010000,138,141,4,20260518,439,141,45.9,false
815600848DEFE160E913,IBL ISTITUTO BANCARIO DEL LAVORO S.P.A. (IN FORMA ABBREVIATA IBL BANCA),Italy,Other highest EEA,2025-12-31,020000,139,140,4,20260519,439,141,46.7,false
8156008B43CE788F4932,BANCA AGRICOLA POPOLARE DI SICILIA SOCIETA' COOPERATIVA PER AZIONI,Italy,Other highest EEA,2025-12-31,010000,156,156,2,20260605,439,141,62.4,false
8156008B43CE788F4932,BANCA AGRICOLA POPOLARE DI SICILIA SOCIETA' COOPERATIVA PER AZIONI,Italy,Other highest EEA,2025-12-31,020000,155,156,3,20260604,439,141,61.5,false
8156008FC57F3F707049,ENTE CAMBIANO SOCIETA' COOPERATIVA PER AZIONI,Italy,Other highest EEA,2025-12-31,010000,180,181,2,20260629,439,141,92.3,false
8156008FC57F3F707049,ENTE CAMBIANO SOCIETA' COOPERATIVA PER AZIONI,Italy,Other highest EEA,2025-12-31,020000,175,180,3,20260624,439,141,81.7,false
815600903231FA2E7698,BANCA GENERALI - SOCIETA' PER AZIONI (IN FORMA ABBREVIATA GENERBANCA),Italy,Other highest EEA,2025-06-30,010000,224,224,1,20260209,66,247.5,31.1,false
815600903231FA2E7698,BANCA GENERALI - SOCIETA' PER AZIONI (IN FORMA ABBREVIATA GENERBANCA),Italy,Other highest EEA,2025-06-30,020000,221,221,1,20260206,66,247.5,29.5,false
815600903231FA2E7698,BANCA GENERALI - SOCIETA' PER AZIONI (IN FORMA ABBREVIATA GENERBANCA),Italy,Other highest EEA,2025-12-31,010000,133,145,3,20260513,439,141,42.1,false
815600903231FA2E7698,BANCA GENERALI - SOCIETA' PER AZIONI (IN FORMA ABBREVIATA GENERBANCA),Italy,Other highest EEA,2025-12-31,020000,133,141,3,20260513,439,141,42.1,false
815600914B5015427B51,ZURICH ITALY BANK S.P.A.,Italy,Other highest EEA,2025-12-31,020000,181,181,3,20260630,439,141,97.2,false
8156009F9B6BB7745A32,PRIVATA HOLDING S.R.L.,Italy,Other highest EEA,2025-12-31,010000,177,177,1,20260626,439,141,88.6,false
8156009F9B6BB7745A32,PRIVATA HOLDING S.R.L.,Italy,Other highest EEA,2025-12-31,020000,177,177,2,20260626,439,141,88.6,false
815600A029117B20DD63,ILLIMITY BANK S.P.A.,Italy,Other highest EEA,2025-06-30,010000,231,231,1,20260216,66,247.5,37.9,false
815600A029117B20DD63,ILLIMITY BANK S.P.A.,Italy,Other highest EEA,2025-06-30,020000,231,231,1,20260216,66,247.5,37.9,false
815600A32DA05F693F24,LA CASSA DI RAVENNA S.P.A.,Italy,Other highest EEA,2025-12-31,010000,159,159,2,20260608,439,141,63.4,false
815600A32DA05F693F24,LA CASSA DI RAVENNA S.P.A.,Italy,Other highest EEA,2025-12-31,020000,159,160,2,20260608,439,141,63.4,false
815600AD83B2B6317788,CREDITO EMILIANO HOLDING SOCIETA' PER AZIONI,Italy,Large highest EEA,2025-06-30,010000,203,211,3,20260119,210,234.0,26.9,false
815600AD83B2B6317788,CREDITO EMILIANO HOLDING SOCIETA' PER AZIONI,Italy,Large highest EEA,2025-06-30,020000,175,287,5,20251222,210,234.0,18.3,false
815600AD83B2B6317788,CREDITO EMILIANO HOLDING SOCIETA' PER AZIONI,Italy,Large highest EEA,2025-09-30,010000,111,111,1,20260119,161,155,13.7,false
815600AD83B2B6317788,CREDITO EMILIANO HOLDING SOCIETA' PER AZIONI,Italy,Large highest EEA,2025-09-30,020000,119,164,2,20260127,161,155,17.4,false
815600AD83B2B6317788,CREDITO EMILIANO HOLDING SOCIETA' PER AZIONI,Italy,Large highest EEA,2025-12-31,010000,126,134,4,20260506,241,113,60.8,false
815600AD83B2B6317788,CREDITO EMILIANO HOLDING SOCIETA' PER AZIONI,Italy,Large highest EEA,2025-12-31,020000,126,128,4,20260506,241,113,60.8,false
815600AD83B2B6317788,CREDITO EMILIANO HOLDING SOCIETA' PER AZIONI,Italy,Large highest EEA,2026-03-31,010000,42,42,1,20260512,155,58,20.0,true
815600AD83B2B6317788,CREDITO EMILIANO HOLDING SOCIETA' PER AZIONI,Italy,Large highest EEA,2026-03-31,020100,42,42,1,20260512,155,58,20.0,true
815600B43BECA3919584,BANCA PROMOS S.P.A.,Italy,Other highest EEA,2025-12-31,010000,149,149,2,20260529,439,141,57.4,false
815600B43BECA3919584,BANCA PROMOS S.P.A.,Italy,Other highest EEA,2025-12-31,020000,149,149,3,20260529,439,141,57.4,false
815600B5C61A10BBB451,BANCA SISTEMA S.P.A.,Italy,Other highest EEA,2025-12-31,010000,167,167,2,20260616,439,141,69.1,false
815600B5C61A10BBB451,BANCA SISTEMA S.P.A.,Italy,Other highest EEA,2025-12-31,020000,167,180,3,20260616,439,141,69.1,false
815600B6B356EC776E54,CASSA DI RISPARMIO DI VOLTERRA S.P.A.,Italy,Other highest EEA,2025-12-31,010000,170,173,2,20260619,439,141,73.5,false
815600B6B356EC776E54,CASSA DI RISPARMIO DI VOLTERRA S.P.A.,Italy,Other highest EEA,2025-12-31,020000,168,181,7,20260617,439,141,70.6,false
815600BEE9123CD92E12,BANCA VALSABBINA SOCIETA' COOPERATIVA PER AZIONI (IN BREVE LA VALSABBINA),Italy,Other highest EEA,2025-12-31,010000,134,134,2,20260514,439,141,43.4,false
815600BEE9123CD92E12,BANCA VALSABBINA SOCIETA' COOPERATIVA PER AZIONI (IN BREVE LA VALSABBINA),Italy,Other highest EEA,2025-12-31,020000,134,145,3,20260514,439,141,43.4,false
815600DDCE9083CAC598,MEDIOBANCA PREMIER S.P.A.,Italy,Large subsidiaries,2025-06-30,010000,226,228,3,20260211,128,260.0,35.9,false
815600DDCE9083CAC598,MEDIOBANCA PREMIER S.P.A.,Italy,Large subsidiaries,2025-06-30,020000,213,261,7,20260129,128,260.0,25.4,false
815600DDCE9083CAC598,MEDIOBANCA PREMIER S.P.A.,Italy,Large subsidiaries,2025-12-31,010000,65,180,5,20260306,188,124.0,7.4,false
815600DDCE9083CAC598,MEDIOBANCA PREMIER S.P.A.,Italy,Large subsidiaries,2025-12-31,020000,65,176,4,20260306,188,124.0,7.4,false
815600E4E6DCD2D25E30,BANCO BPM SOCIETA' PER AZIONI,Italy,Large highest EEA,2025-06-30,010000,205,212,3,20260121,210,234.0,29.0,false
815600E4E6DCD2D25E30,BANCO BPM SOCIETA' PER AZIONI,Italy,Large highest EEA,2025-06-30,020000,205,212,3,20260121,210,234.0,29.0,false
815600E4E6DCD2D25E30,BANCO BPM SOCIETA' PER AZIONI,Italy,Large highest EEA,2025-09-30,010000,120,120,1,20260128,161,155,21.1,false
815600E4E6DCD2D25E30,BANCO BPM SOCIETA' PER AZIONI,Italy,Large highest EEA,2025-09-30,020000,120,120,1,20260128,161,155,21.1,false
815600E4E6DCD2D25E30,BANCO BPM SOCIETA' PER AZIONI,Italy,Large highest EEA,2025-12-31,010000,56,71,4,20260225,241,113,6.8,false
815600E4E6DCD2D25E30,BANCO BPM SOCIETA' PER AZIONI,Italy,Large highest EEA,2025-12-31,020000,54,71,4,20260223,241,113,6.0,false
815600E4E6DCD2D25E30,BANCO BPM SOCIETA' PER AZIONI,Italy,Large highest EEA,2026-03-31,010000,56,56,1,20260526,155,58,41.0,true
815600E4E6DCD2D25E30,BANCO BPM SOCIETA' PER AZIONI,Italy,Large highest EEA,2026-03-31,020100,56,56,1,20260526,155,58,41.0,true
815600F24AE25C9D1B94,MAURIZIO SELLA - SOCIETA' IN ACCOMANDITA PER AZIONI,Italy,Other highest EEA,2025-12-31,010000,124,125,8,20260504,439,141,37.8,false
815600F24AE25C9D1B94,MAURIZIO SELLA - SOCIETA' IN ACCOMANDITA PER AZIONI,Italy,Other highest EEA,2025-12-31,020000,124,126,3,20260504,439,141,37.8,false
815600FDD3EB3EA03194,BANCA POPOLARE DEL LAZIO SOCIETA' COOPERATIVA,Italy,Other highest EEA,2025-12-31,010000,142,142,3,20260522,439,141,51.3,false
815600FDD3EB3EA03194,BANCA POPOLARE DEL LAZIO SOCIETA' COOPERATIVA,Italy,Other highest EEA,2025-12-31,020000,142,168,3,20260522,439,141,51.3,false
851WYGNLUQLFZBSYGB56,COMMERZBANK Aktiengesellschaft,Germany,Large highest EEA,2025-06-30,010000,189,211,3,20260105,210,234.0,19.8,false
851WYGNLUQLFZBSYGB56,COMMERZBANK Aktiengesellschaft,Germany,Large highest EEA,2025-06-30,020000,211,261,7,20260127,210,234.0,33.6,false
851WYGNLUQLFZBSYGB56,COMMERZBANK Aktiengesellschaft,Germany,Large highest EEA,2025-09-30,010000,97,97,1,20260105,161,155,9.0,false
851WYGNLUQLFZBSYGB56,COMMERZBANK Aktiengesellschaft,Germany,Large highest EEA,2025-09-30,020000,122,122,2,20260130,161,155,28.0,false
851WYGNLUQLFZBSYGB56,COMMERZBANK Aktiengesellschaft,Germany,Large highest EEA,2025-12-31,010000,105,168,5,20260415,241,113,41.1,false
851WYGNLUQLFZBSYGB56,COMMERZBANK Aktiengesellschaft,Germany,Large highest EEA,2025-12-31,020000,112,168,6,20260422,241,113,47.9,false
851WYGNLUQLFZBSYGB56,COMMERZBANK Aktiengesellschaft,Germany,Large highest EEA,2026-03-31,010000,62,62,1,20260601,155,58,56.8,true
851WYGNLUQLFZBSYGB56,COMMERZBANK Aktiengesellschaft,Germany,Large highest EEA,2026-03-31,020100,62,62,1,20260601,155,58,56.8,true
894500N55FUZ70ZQ1784,Green Opera Finance Invest AB,Sweden,Other highest EEA,2025-12-31,010000,139,142,4,20260519,439,141,46.7,false
894500N55FUZ70ZQ1784,Green Opera Finance Invest AB,Sweden,Other highest EEA,2025-12-31,020000,146,146,3,20260526,439,141,53.0,false
8IBZUGJ7JPLH368JE346,Goldman Sachs Bank Europe SE,Germany,Large highest EEA,2025-06-30,010000,226,226,2,20260211,210,234.0,45.7,false
8IBZUGJ7JPLH368JE346,Goldman Sachs Bank Europe SE,Germany,Large highest EEA,2025-06-30,020000,226,226,1,20260211,210,234.0,45.7,false
8IBZUGJ7JPLH368JE346,Goldman Sachs Bank Europe SE,Germany,Large highest EEA,2025-09-30,010000,134,134,2,20260211,161,155,36.3,false
8IBZUGJ7JPLH368JE346,Goldman Sachs Bank Europe SE,Germany,Large highest EEA,2025-12-31,010000,120,120,4,20260430,241,113,57.9,false
8IBZUGJ7JPLH368JE346,Goldman Sachs Bank Europe SE,Germany,Large highest EEA,2025-12-31,020000,120,120,3,20260430,241,113,57.9,false
8IBZUGJ7JPLH368JE346,Goldman Sachs Bank Europe SE,Germany,Large highest EEA,2026-03-31,010000,71,71,1,20260610,155,58,77.1,true
8IBZUGJ7JPLH368JE346,Goldman Sachs Bank Europe SE,Germany,Large highest EEA,2026-03-31,010100,71,71,1,20260610,155,58,77.1,true
8IBZUGJ7JPLH368JE346,Goldman Sachs Bank Europe SE,Germany,Large highest EEA,2026-03-31,020100,71,71,1,20260610,155,58,77.1,true
95980020140005012943,"Caja Rural de Aragón, Sociedad Cooperativa de Crédito",Spain,Other highest EEA,2025-12-31,010000,138,138,1,20260518,439,141,45.9,false
95980020140005012943,"Caja Rural de Aragón, Sociedad Cooperativa de Crédito",Spain,Other highest EEA,2025-12-31,020000,118,119,4,20260428,439,141,35.0,false
95980020140005219553,"Caja Rural de Asturias, Sociedad Cooperativa de Crédito",Spain,Other highest EEA,2025-12-31,010000,137,152,2,20260517,439,141,45.4,false
95980020140005219553,"Caja Rural de Asturias, Sociedad Cooperativa de Crédito",Spain,Other highest EEA,2025-12-31,020000,135,152,5,20260515,439,141,44.8,false
95980020140005220135,"Caja Rural de Granada, Sociedad Cooperativa de Crédito",Spain,Other highest EEA,2025-06-30,020000,163,252,3,20251210,66,247.5,3.8,false
95980020140005220135,"Caja Rural de Granada, Sociedad Cooperativa de Crédito",Spain,Other highest EEA,2025-12-31,010000,160,167,4,20260609,439,141,64.5,false
95980020140005220135,"Caja Rural de Granada, Sociedad Cooperativa de Crédito",Spain,Other highest EEA,2025-12-31,020000,57,161,5,20260226,439,141,7.2,false
95980020140005375335,"Caja Rural del Sur, S. Coop. de Crédito",Spain,Other highest EEA,2025-12-31,010000,148,148,2,20260528,439,141,55.9,false
95980020140005375335,"Caja Rural del Sur, S. Coop. de Crédito",Spain,Other highest EEA,2025-12-31,020000,148,153,3,20260528,439,141,55.9,false
95980020140005439549,"Caja Rural de Navarra, S. Coop. de Crédito",Spain,Other highest EEA,2025-06-30,010000,170,170,1,20251217,66,247.5,5.3,false
95980020140005439549,"Caja Rural de Navarra, S. Coop. de Crédito",Spain,Other highest EEA,2025-12-31,010000,125,138,3,20260505,439,141,38.7,false
95980020140005439549,"Caja Rural de Navarra, S. Coop. de Crédito",Spain,Other highest EEA,2025-12-31,020000,127,138,3,20260507,439,141,40.2,false
95980020140005484654,"Caja Rural de Albacete, Ciudad Real y Cuenca, Sociedad Cooperativa de Crédito",Spain,Other highest EEA,2025-06-30,020000,171,217,2,20251218,66,247.5,6.8,false
95980020140005484654,"Caja Rural de Albacete, Ciudad Real y Cuenca, Sociedad Cooperativa de Crédito",Spain,Other highest EEA,2025-12-31,010000,118,147,3,20260428,439,141,35.0,false
95980020140005484654,"Caja Rural de Albacete, Ciudad Real y Cuenca, Sociedad Cooperativa de Crédito",Spain,Other highest EEA,2025-12-31,020000,125,161,5,20260505,439,141,38.7,false
95980020140005552166,"Eurocaja Rural, Sociedad Cooperativa de Crédito",Spain,Other highest EEA,2025-06-30,020000,266,302,2,20260323,66,247.5,58.3,false
95980020140005552166,"Eurocaja Rural, Sociedad Cooperativa de Crédito",Spain,Other highest EEA,2025-12-31,010000,117,117,1,20260427,439,141,33.0,false
95980020140005552166,"Eurocaja Rural, Sociedad Cooperativa de Crédito",Spain,Other highest EEA,2025-12-31,020000,117,118,3,20260427,439,141,33.0,false
95980020140005658381,"Aresbank, S.A.",Spain,Other highest EEA,2025-06-30,010000,351,351,1,20260616,66,247.5,96.2,false
95980020140005658381,"Aresbank, S.A.",Spain,Other highest EEA,2025-06-30,020000,358,364,2,20260623,66,247.5,97.7,false
95980020140005658381,"Aresbank, S.A.",Spain,Other highest EEA,2025-12-31,010000,176,176,1,20260625,439,141,85.1,false
95980020140005658381,"Aresbank, S.A.",Spain,Other highest EEA,2025-12-31,020000,181,181,1,20260630,439,141,97.2,false
95980020140005881190,Banco de Crédito Social Cooperativo,Spain,Large highest EEA,2025-06-30,010000,225,225,3,20260210,210,234.0,43.8,false
95980020140005881190,Banco de Crédito Social Cooperativo,Spain,Large highest EEA,2025-06-30,020000,225,226,3,20260210,210,234.0,43.8,false
95980020140005881190,Banco de Crédito Social Cooperativo,Spain,Large highest EEA,2025-09-30,010000,133,133,1,20260210,161,155,33.5,false
95980020140005881190,Banco de Crédito Social Cooperativo,Spain,Large highest EEA,2025-09-30,020000,134,134,1,20260211,161,155,36.3,false
95980020140005881190,Banco de Crédito Social Cooperativo,Spain,Large highest EEA,2025-12-31,010000,127,134,4,20260507,241,113,62.4,false
95980020140005881190,Banco de Crédito Social Cooperativo,Spain,Large highest EEA,2025-12-31,020000,125,135,4,20260505,241,113,59.8,false
95980020140005881190,Banco de Crédito Social Cooperativo,Spain,Large highest EEA,2026-03-31,010000,79,79,1,20260618,155,58,85.8,true
95980020140005881190,Banco de Crédito Social Cooperativo,Spain,Large highest EEA,2026-03-31,020100,84,84,1,20260623,155,58,90.3,true
9598002AYDQER7DXLR16,GRUCAJRURAL INVERSIONES SL,Spain,Other highest EEA,2025-06-30,010000,254,254,1,20260311,66,247.5,50.8,false
9598002AYDQER7DXLR16,GRUCAJRURAL INVERSIONES SL,Spain,Other highest EEA,2025-06-30,020000,255,255,1,20260312,66,247.5,52.3,false
959800LQ598A5RQASA61,"Banca March, S.A.",Spain,Other highest EEA,2025-06-30,010000,298,301,2,20260424,66,247.5,73.5,false
959800LQ598A5RQASA61,"Banca March, S.A.",Spain,Other highest EEA,2025-06-30,020000,301,301,1,20260427,66,247.5,75.0,false
959800LQ598A5RQASA61,"Banca March, S.A.",Spain,Other highest EEA,2025-09-30,010000,209,209,1,20260427,4,,,false
959800LQ598A5RQASA61,"Banca March, S.A.",Spain,Other highest EEA,2025-12-31,010000,106,106,2,20260416,439,141,27.1,false
959800LQ598A5RQASA61,"Banca March, S.A.",Spain,Other highest EEA,2025-12-31,020000,106,119,2,20260416,439,141,27.1,false
959800LQ598A5RQASA61,"Banca March, S.A.",Spain,Other highest EEA,2026-03-31,010100,66,66,1,20260605,1,,,true
959800R86KE31EAVRC30,LIBERTY PARTNERS S.L.U.,Spain,Other highest EEA,2025-12-31,010000,96,107,5,20260406,439,141,22.4,false
959800R86KE31EAVRC30,LIBERTY PARTNERS S.L.U.,Spain,Other highest EEA,2025-12-31,020000,105,106,3,20260415,439,141,25.7,false
959800VHSP2QBPNRF210,"Bank of Africa Europe, S.A.",Spain,Other highest EEA,2025-12-31,010000,-184,181,3,20250630,439,141,0.1,false
959800VHSP2QBPNRF210,"Bank of Africa Europe, S.A.",Spain,Other highest EEA,2025-12-31,020000,181,181,3,20260630,439,141,97.2,false
96950001WI712W7PQG45,RCI Banque,France,Large highest EEA,2025-06-30,010000,165,218,5,20251212,210,234.0,16.4,false
96950001WI712W7PQG45,RCI Banque,France,Large highest EEA,2025-06-30,020000,165,218,10,20251212,210,234.0,16.4,false
96950001WI712W7PQG45,RCI Banque,France,Large highest EEA,2025-12-31,010000,166,166,3,20260615,241,113,82.6,false
96950001WI712W7PQG45,RCI Banque,France,Large highest EEA,2025-12-31,020000,166,166,3,20260615,241,113,82.6,false
9695000CG7B84NLR5984,Confédération Nationale du Crédit Mutuel,France,Large highest EEA,2025-06-30,010000,259,259,1,20260316,210,234.0,64.0,false
9695000CG7B84NLR5984,Confédération Nationale du Crédit Mutuel,France,Large highest EEA,2025-06-30,020000,266,269,2,20260323,210,234.0,66.0,false
9695000CG7B84NLR5984,Confédération Nationale du Crédit Mutuel,France,Large highest EEA,2025-12-31,010000,113,181,4,20260423,241,113,49.8,false
9695000CG7B84NLR5984,Confédération Nationale du Crédit Mutuel,France,Large highest EEA,2025-12-31,020000,113,181,5,20260423,241,113,49.8,false
9695002JOWSRCLLLNY11,Edmond de Rothschild (France),France,Other highest EEA,2025-12-31,010000,140,140,2,20260520,439,141,48.2,false
9695002JOWSRCLLLNY11,Edmond de Rothschild (France),France,Other highest EEA,2025-12-31,020000,140,140,3,20260520,439,141,48.2,false
9695002K2HDLD20JU790,AGENCE FRANCE LOCALE - SOCIETE TERRITORIALE,France,Other highest EEA,2025-06-30,020000,211,211,1,20260127,66,247.5,20.5,false
9695002K2HDLD20JU790,AGENCE FRANCE LOCALE - SOCIETE TERRITORIALE,France,Other highest EEA,2025-12-31,010000,83,83,1,20260324,439,141,16.6,false
9695002K2HDLD20JU790,AGENCE FRANCE LOCALE - SOCIETE TERRITORIALE,France,Other highest EEA,2025-12-31,020000,83,83,3,20260324,439,141,16.6,false
96950041VJ1QP0B69503,Crédit mutuel Arkéa,France,Large subsidiaries,2025-06-30,010000,325,325,2,20260521,128,260.0,74.6,false
96950041VJ1QP0B69503,Crédit mutuel Arkéa,France,Large subsidiaries,2025-06-30,020000,325,325,3,20260521,128,260.0,74.6,false
96950041VJ1QP0B69503,Crédit mutuel Arkéa,France,Large subsidiaries,2025-09-30,010000,224,224,1,20260512,72,176.0,71.5,false
96950041VJ1QP0B69503,Crédit mutuel Arkéa,France,Large subsidiaries,2025-09-30,020000,225,225,1,20260513,72,176.0,73.6,false
96950041VJ1QP0B69503,Crédit mutuel Arkéa,France,Large subsidiaries,2025-12-31,010000,133,133,3,20260513,188,124.0,54.8,false
96950041VJ1QP0B69503,Crédit mutuel Arkéa,France,Large subsidiaries,2025-12-31,020000,133,139,4,20260513,188,124.0,54.8,false
96950041VJ1QP0B69503,Crédit mutuel Arkéa,France,Large subsidiaries,2026-03-31,010000,69,69,1,20260608,62,69.0,52.4,true
96950041VJ1QP0B69503,Crédit mutuel Arkéa,France,Large subsidiaries,2026-03-31,020100,69,69,1,20260608,62,69.0,52.4,true
96950066U5XAAIRCPA78,La Banque Postale,France,Large highest EEA,2025-06-30,010000,303,330,2,20260429,210,234.0,80.2,false
9695007EQZDL89LUW373,Banque Banorient France,France,Other highest EEA,2025-12-31,010000,181,181,2,20260630,439,141,97.2,false
9695007EQZDL89LUW373,Banque Banorient France,France,Other highest EEA,2025-12-31,020000,176,176,3,20260625,439,141,85.1,false
969500A3Y5KTGJEMDZ32,Caisse régionale de crédit agricole mutuel du Languedoc,France,Large subsidiaries,2025-06-30,010000,211,211,1,20260127,128,260.0,20.7,false
969500A3Y5KTGJEMDZ32,Caisse régionale de crédit agricole mutuel du Languedoc,France,Large subsidiaries,2025-09-30,010000,119,119,1,20260127,72,176.0,11.1,false
969500A3Y5KTGJEMDZ32,Caisse régionale de crédit agricole mutuel du Languedoc,France,Large subsidiaries,2025-12-31,010000,156,156,1,20260605,188,124.0,73.1,false
969500A3Y5KTGJEMDZ32,Caisse régionale de crédit agricole mutuel du Languedoc,France,Large subsidiaries,2026-03-31,010000,76,76,1,20260615,62,69.0,63.7,true
969500A3Y5KTGJEMDZ32,Caisse régionale de crédit agricole mutuel du Languedoc,France,Large subsidiaries,2026-03-31,020100,79,79,1,20260618,62,69.0,72.6,true
969500A4IPKVUBH3CA90,Banque Delubac et Cie,France,Other highest EEA,2025-12-31,020000,181,181,1,20260630,439,141,97.2,false
969500A9SZ8YP1810S21,Caisse d'épargne et de prévoyance Aquitaine Poitou-Charentes,France,Large subsidiaries,2025-12-31,010000,117,117,1,20260427,188,124.0,42.6,false
969500A9SZ8YP1810S21,Caisse d'épargne et de prévoyance Aquitaine Poitou-Charentes,France,Large subsidiaries,2025-12-31,020000,140,142,2,20260520,188,124.0,61.4,false
969500AGACQ54Q3UF243,Caisse régionale de crédit agricole mutuel de Centre France - Crédit agricole  Centre France (3ème du nom),France,Large subsidiaries,2025-06-30,010000,217,217,1,20260202,128,260.0,29.3,false
969500AGACQ54Q3UF243,Caisse régionale de crédit agricole mutuel de Centre France - Crédit agricole  Centre France (3ème du nom),France,Large subsidiaries,2025-06-30,020000,346,353,2,20260611,128,260.0,85.9,false
969500AGACQ54Q3UF243,Caisse régionale de crédit agricole mutuel de Centre France - Crédit agricole  Centre France (3ème du nom),France,Large subsidiaries,2025-12-31,010000,168,168,1,20260617,188,124.0,82.2,false
969500B5DNR7Q1ACGD23,Caisse régionale de crédit agricole mutuel Atlantique Vendée,France,Large subsidiaries,2025-06-30,010000,213,248,2,20260129,128,260.0,25.4,false
969500B5DNR7Q1ACGD23,Caisse régionale de crédit agricole mutuel Atlantique Vendée,France,Large subsidiaries,2025-09-30,010000,121,121,1,20260129,72,176.0,18.8,false
969500B5DNR7Q1ACGD23,Caisse régionale de crédit agricole mutuel Atlantique Vendée,France,Large subsidiaries,2025-12-31,010000,155,155,1,20260604,188,124.0,72.1,false
969500B5DNR7Q1ACGD23,Caisse régionale de crédit agricole mutuel Atlantique Vendée,France,Large subsidiaries,2026-03-31,010000,84,84,2,20260623,62,69.0,80.6,true
969500B5DNR7Q1ACGD23,Caisse régionale de crédit agricole mutuel Atlantique Vendée,France,Large subsidiaries,2026-03-31,020100,80,80,1,20260619,62,69.0,75.0,true
969500CJCTMI93QJKK89,Axa banque,France,Other highest EEA,2025-12-31,020000,112,168,6,20260422,439,141,30.0,false
969500EVOBAGHKZEXA33,Banque populaire Alsace Lorraine Champagne,France,Large subsidiaries,2025-12-31,010000,88,88,1,20260329,188,124.0,19.1,false
969500EVOBAGHKZEXA33,Banque populaire Alsace Lorraine Champagne,France,Large subsidiaries,2025-12-31,020000,117,120,3,20260427,188,124.0,42.6,false
969500EYG6U339D3TI84,Crédit Foncier de France,France,Large subsidiaries,2025-06-30,010000,210,210,1,20260126,128,260.0,18.4,false
969500EYG6U339D3TI84,Crédit Foncier de France,France,Large subsidiaries,2025-06-30,020000,169,196,2,20251216,128,260.0,10.9,false
969500EYG6U339D3TI84,Crédit Foncier de France,France,Large subsidiaries,2025-12-31,010000,82,82,1,20260323,188,124.0,13.8,false
969500EYG6U339D3TI84,Crédit Foncier de France,France,Large subsidiaries,2025-12-31,020000,82,135,5,20260323,188,124.0,13.8,false
969500F3KYDJBFS4XM73,Bank Audi France,France,Other highest EEA,2025-12-31,010000,174,174,1,20260623,439,141,78.4,false
969500F3KYDJBFS4XM73,Bank Audi France,France,Other highest EEA,2025-12-31,020000,170,175,3,20260619,439,141,73.5,false
969500FF9M4SBM5VHR15,Caisse régionale de crédit agricole mutuel Nord de France,France,Large subsidiaries,2025-06-30,010000,211,211,1,20260127,128,260.0,20.7,false
969500FF9M4SBM5VHR15,Caisse régionale de crédit agricole mutuel Nord de France,France,Large subsidiaries,2025-09-30,010000,119,119,1,20260127,72,176.0,11.1,false
969500FF9M4SBM5VHR15,Caisse régionale de crédit agricole mutuel Nord de France,France,Large subsidiaries,2025-09-30,020000,261,261,1,20260618,72,176.0,86.8,false
969500FF9M4SBM5VHR15,Caisse régionale de crédit agricole mutuel Nord de France,France,Large subsidiaries,2025-12-31,010000,163,163,1,20260612,188,124.0,77.4,false
969500FF9M4SBM5VHR15,Caisse régionale de crédit agricole mutuel Nord de France,France,Large subsidiaries,2026-03-31,010000,73,73,1,20260612,62,69.0,62.1,true
969500FF9M4SBM5VHR15,Caisse régionale de crédit agricole mutuel Nord de France,France,Large subsidiaries,2026-03-31,020100,79,79,1,20260618,62,69.0,72.6,true
969500FYEXW795NPJO79,Caisse régionale de crédit agricole mutuel Brie Picardie,France,Large subsidiaries,2025-06-30,010000,199,212,2,20260115,128,260.0,17.6,false
969500FYEXW795NPJO79,Caisse régionale de crédit agricole mutuel Brie Picardie,France,Large subsidiaries,2025-09-30,010000,121,121,1,20260129,72,176.0,18.8,false
969500FYEXW795NPJO79,Caisse régionale de crédit agricole mutuel Brie Picardie,France,Large subsidiaries,2025-12-31,010000,160,160,1,20260609,188,124.0,74.2,false
969500FYEXW795NPJO79,Caisse régionale de crédit agricole mutuel Brie Picardie,France,Large subsidiaries,2026-03-31,010000,84,84,1,20260623,62,69.0,80.6,true
969500FYEXW795NPJO79,Caisse régionale de crédit agricole mutuel Brie Picardie,France,Large subsidiaries,2026-03-31,020100,77,77,1,20260616,62,69.0,67.7,true
969500GVS02SJYG9S632,Carrefour banque,France,Other highest EEA,2025-12-31,010000,180,180,1,20260629,439,141,92.3,false
969500GVS02SJYG9S632,Carrefour banque,France,Other highest EEA,2025-12-31,020000,181,181,3,20260630,439,141,97.2,false
969500JJWO4PQG0R1C58,CAISSE D'EPARGNE ET DE PREVOYANCE GRAND EST EUROPE,France,Large subsidiaries,2025-12-31,010000,119,119,1,20260429,188,124.0,46.8,false
969500JJWO4PQG0R1C58,CAISSE D'EPARGNE ET DE PREVOYANCE GRAND EST EUROPE,France,Large subsidiaries,2025-12-31,020000,119,119,3,20260429,188,124.0,46.8,false
969500JM7VIGQIPZOL49,BANQUE POPULAIRE AUVERGNE RHONE ALPES,France,Large subsidiaries,2025-12-31,010000,88,88,1,20260329,188,124.0,19.1,false
969500JM7VIGQIPZOL49,BANQUE POPULAIRE AUVERGNE RHONE ALPES,France,Large subsidiaries,2025-12-31,020000,126,126,3,20260506,188,124.0,53.2,false
969500LFTDNMONT2EP08,Caisse fédérale de crédit mutuel,France,Large subsidiaries,2025-06-30,010000,260,260,1,20260317,128,260.0,50.0,false
969500LFTDNMONT2EP08,Caisse fédérale de crédit mutuel,France,Large subsidiaries,2025-06-30,020000,260,261,3,20260317,128,260.0,50.0,false
969500LFTDNMONT2EP08,Caisse fédérale de crédit mutuel,France,Large subsidiaries,2025-09-30,020000,168,168,2,20260317,72,176.0,43.1,false
969500LFTDNMONT2EP08,Caisse fédérale de crédit mutuel,France,Large subsidiaries,2025-12-31,010000,113,113,1,20260423,188,124.0,36.4,false
969500LFTDNMONT2EP08,Caisse fédérale de crédit mutuel,France,Large subsidiaries,2025-12-31,020000,113,124,4,20260423,188,124.0,36.4,false
969500LFTDNMONT2EP08,Caisse fédérale de crédit mutuel,France,Large subsidiaries,2026-03-31,020100,87,87,1,20260626,62,69.0,90.3,true
969500O971S0I6U24G84,Compagnie Financière Holding Mixte Milleis,France,Other highest EEA,2025-12-31,020000,27,84,2,20260127,439,141,1.0,false
969500ORP9FTJYI28L37,Caisse régionale de crédit agricole mutuel des Savoie,France,Large subsidiaries,2025-06-30,010000,213,213,1,20260129,128,260.0,25.4,false
969500ORP9FTJYI28L37,Caisse régionale de crédit agricole mutuel des Savoie,France,Large subsidiaries,2025-06-30,020000,351,351,2,20260616,128,260.0,87.9,false
969500ORP9FTJYI28L37,Caisse régionale de crédit agricole mutuel des Savoie,France,Large subsidiaries,2025-12-31,010000,167,167,1,20260616,188,124.0,80.3,false
969500PI25OKPKTD9364,Caisse régionale de crédit agricole mutuel de Paris et d'Ile-de-France,France,Large subsidiaries,2025-06-30,010000,214,214,1,20260130,128,260.0,27.7,false
969500PI25OKPKTD9364,Caisse régionale de crédit agricole mutuel de Paris et d'Ile-de-France,France,Large subsidiaries,2025-09-30,010000,122,122,1,20260130,72,176.0,22.2,false
969500PI25OKPKTD9364,Caisse régionale de crédit agricole mutuel de Paris et d'Ile-de-France,France,Large subsidiaries,2025-12-31,010000,159,159,1,20260608,188,124.0,73.7,false
969500PI25OKPKTD9364,Caisse régionale de crédit agricole mutuel de Paris et d'Ile-de-France,France,Large subsidiaries,2026-03-31,010000,84,84,1,20260623,62,69.0,80.6,true
969500PI25OKPKTD9364,Caisse régionale de crédit agricole mutuel de Paris et d'Ile-de-France,France,Large subsidiaries,2026-03-31,020100,84,84,1,20260623,62,69.0,80.6,true
969500SJXM8MW32ZVG75,Caisse d'épargne et de prévoyance Bretagne-Pays de Loire,France,Large subsidiaries,2025-12-31,010000,114,114,1,20260424,188,124.0,39.4,false
969500SJXM8MW32ZVG75,Caisse d'épargne et de prévoyance Bretagne-Pays de Loire,France,Large subsidiaries,2025-12-31,020000,119,124,3,20260429,188,124.0,46.8,false
969500STN7T9MRUMJ267,Bpifrance,France,Large highest EEA,2025-06-30,010000,277,277,1,20260403,210,234.0,71.7,false
969500STN7T9MRUMJ267,Bpifrance,France,Large highest EEA,2025-06-30,020000,254,269,2,20260311,210,234.0,62.6,false
969500STN7T9MRUMJ267,Bpifrance,France,Large highest EEA,2025-12-31,010000,93,93,3,20260403,241,113,32.2,false
969500STN7T9MRUMJ267,Bpifrance,France,Large highest EEA,2025-12-31,020000,77,93,4,20260318,241,113,17.2,false
969500TU5ZMYBIWP0R51,Caisse d'Epargne CEPAC,France,Large subsidiaries,2025-12-31,010000,105,105,1,20260415,188,124.0,29.0,false
969500TU5ZMYBIWP0R51,Caisse d'Epargne CEPAC,France,Large subsidiaries,2025-12-31,020000,106,119,4,20260416,188,124.0,30.9,false
969500V9BSEN0HWUIC23,Ebi SA,France,Other highest EEA,2025-12-31,010000,161,161,1,20260610,439,141,65.7,false
969500VHT1ZNPVWOYF63,BNP Paribas Personal Finance,France,Large subsidiaries,2025-06-30,010000,283,283,2,20260409,128,260.0,63.7,false
969500VHT1ZNPVWOYF63,BNP Paribas Personal Finance,France,Large subsidiaries,2025-06-30,020000,282,282,1,20260408,128,260.0,62.9,false
969500VHT1ZNPVWOYF63,BNP Paribas Personal Finance,France,Large subsidiaries,2025-12-31,010000,169,181,3,20260618,188,124.0,84.0,false
969500VHT1ZNPVWOYF63,BNP Paribas Personal Finance,France,Large subsidiaries,2025-12-31,020000,167,181,5,20260616,188,124.0,80.3,false
969500VR2NA6ANMTXH21,Caisse d'épargne et de prévoyance de Rhône Alpes,France,Large subsidiaries,2025-12-31,010000,118,118,1,20260428,188,124.0,44.9,false
969500VR2NA6ANMTXH21,Caisse d'épargne et de prévoyance de Rhône Alpes,France,Large subsidiaries,2025-12-31,020000,119,119,2,20260429,188,124.0,46.8,false
969500W34S6NCZWYBV47,Caisse d'épargne et de prévoyance Ile-de-France,France,Large subsidiaries,2025-12-31,010000,117,117,1,20260427,188,124.0,42.6,false
969500W34S6NCZWYBV47,Caisse d'épargne et de prévoyance Ile-de-France,France,Large subsidiaries,2025-12-31,020000,119,119,2,20260429,188,124.0,46.8,false
969500W8SBCXNX1DG443,Banque populaire Rives de Paris,France,Large subsidiaries,2025-12-31,010000,161,161,1,20260610,188,124.0,75.3,false
969500W8SBCXNX1DG443,Banque populaire Rives de Paris,France,Large subsidiaries,2025-12-31,020000,161,161,3,20260610,188,124.0,75.3,false
969500WFZ7C2IBN9TB80,Banque populaire Grand Ouest,France,Large subsidiaries,2025-12-31,010000,119,120,2,20260429,188,124.0,46.8,false
969500WFZ7C2IBN9TB80,Banque populaire Grand Ouest,France,Large subsidiaries,2025-12-31,020000,120,120,3,20260430,188,124.0,48.7,false
969500WJ4V0WNG8Q5L42,Caisse régionale de crédit agricole mutuel Centre-Est,France,Large subsidiaries,2025-06-30,010000,214,214,1,20260130,128,260.0,27.7,false
969500WJ4V0WNG8Q5L42,Caisse régionale de crédit agricole mutuel Centre-Est,France,Large subsidiaries,2025-06-30,020000,357,361,2,20260622,128,260.0,91.4,false
969500WJ4V0WNG8Q5L42,Caisse régionale de crédit agricole mutuel Centre-Est,France,Large subsidiaries,2025-12-31,010000,155,155,1,20260604,188,124.0,72.1,false
969500X8MO6M37C47827,Caisse régionale de crédit agricole mutuel d'Aquitaine,France,Large subsidiaries,2025-06-30,010000,184,184,1,20251231,128,260.0,14.5,false
969500X8MO6M37C47827,Caisse régionale de crédit agricole mutuel d'Aquitaine,France,Large subsidiaries,2025-06-30,020000,353,353,2,20260618,128,260.0,89.5,false
969500X8MO6M37C47827,Caisse régionale de crédit agricole mutuel d'Aquitaine,France,Large subsidiaries,2025-12-31,010000,162,162,1,20260611,188,124.0,76.6,false
9845006BAF66DZ35C849,Lunar Group A/S,Denmark,Other highest EEA,2025-12-31,010000,140,140,3,20260520,439,141,48.2,false
9845006BAF66DZ35C849,Lunar Group A/S,Denmark,Other highest EEA,2025-12-31,020000,140,140,2,20260520,439,141,48.2,false
9845006C7B5CC707X660,Swedbank Baltics AS,Latvia,Large subsidiaries,2025-06-30,010000,345,345,1,20260610,128,260.0,84.0,false
9845006C7B5CC707X660,Swedbank Baltics AS,Latvia,Large subsidiaries,2025-06-30,020000,343,343,1,20260608,128,260.0,80.9,false
9845009BE414FBF82130,FESTA HOLDING,Bulgaria,Other highest EEA,2025-12-31,010000,161,161,1,20260610,439,141,65.7,false
9845009BE414FBF82130,FESTA HOLDING,Bulgaria,Other highest EEA,2025-12-31,020000,161,162,2,20260610,439,141,65.7,false
984500ADEE3DE4F14F51,Kompasbank A/S,Denmark,Other highest EEA,2025-12-31,010000,120,120,2,20260430,439,141,36.9,false
984500ADEE3DE4F14F51,Kompasbank A/S,Denmark,Other highest EEA,2025-12-31,020000,120,121,6,20260430,439,141,36.9,false
984500E4D07499C10435,TBI FINANCIAL SERVICES B.V.,Netherlands,Other highest EEA,2025-12-31,010000,146,168,6,20260526,439,141,53.0,false
984500E4D07499C10435,TBI FINANCIAL SERVICES B.V.,Netherlands,Other highest EEA,2025-12-31,020000,146,154,5,20260526,439,141,53.0,false
9CZ7TVMR36CYD5TZBS50,Banque Internationale à Luxembourg,Luxembourg,Large highest EEA,2025-06-30,010000,225,266,3,20260210,210,234.0,43.8,false
9CZ7TVMR36CYD5TZBS50,Banque Internationale à Luxembourg,Luxembourg,Large highest EEA,2025-06-30,020000,249,274,3,20260306,210,234.0,58.6,false
9CZ7TVMR36CYD5TZBS50,Banque Internationale à Luxembourg,Luxembourg,Large highest EEA,2025-09-30,010000,129,129,1,20260206,161,155,30.7,false
9CZ7TVMR36CYD5TZBS50,Banque Internationale à Luxembourg,Luxembourg,Large highest EEA,2025-09-30,020000,142,142,1,20260219,161,155,44.7,false
9CZ7TVMR36CYD5TZBS50,Banque Internationale à Luxembourg,Luxembourg,Large highest EEA,2025-12-31,010000,86,128,4,20260327,241,113,25.9,false
9CZ7TVMR36CYD5TZBS50,Banque Internationale à Luxembourg,Luxembourg,Large highest EEA,2025-12-31,020000,86,132,4,20260327,241,113,25.9,false
9CZ7TVMR36CYD5TZBS50,Banque Internationale à Luxembourg,Luxembourg,Large highest EEA,2026-03-31,010000,73,73,1,20260612,155,58,80.0,true
9CZ7TVMR36CYD5TZBS50,Banque Internationale à Luxembourg,Luxembourg,Large highest EEA,2026-03-31,020100,65,65,1,20260604,155,58,65.5,true
9KOGW2C2FCIOJQ7FF485,"Česká spořitelna, a.s.",Czech,Large subsidiaries,2025-06-30,010000,249,252,3,20260306,128,260.0,42.6,false
9KOGW2C2FCIOJQ7FF485,"Česká spořitelna, a.s.",Czech,Large subsidiaries,2025-06-30,020000,252,252,2,20260309,128,260.0,43.4,false
9KOGW2C2FCIOJQ7FF485,"Česká spořitelna, a.s.",Czech,Large subsidiaries,2025-09-30,010000,169,169,1,20260318,72,176.0,45.8,false
9KOGW2C2FCIOJQ7FF485,"Česká spořitelna, a.s.",Czech,Large subsidiaries,2025-09-30,020000,169,169,1,20260318,72,176.0,45.8,false
9KOGW2C2FCIOJQ7FF485,"Česká spořitelna, a.s.",Czech,Large subsidiaries,2025-12-31,010000,110,180,3,20260420,188,124.0,33.5,false
9KOGW2C2FCIOJQ7FF485,"Česká spořitelna, a.s.",Czech,Large subsidiaries,2025-12-31,020000,110,180,3,20260420,188,124.0,33.5,false
9KOGW2C2FCIOJQ7FF485,"Česká spořitelna, a.s.",Czech,Large subsidiaries,2026-03-31,010000,56,56,1,20260526,62,69.0,41.1,true
9KOGW2C2FCIOJQ7FF485,"Česká spořitelna, a.s.",Czech,Large subsidiaries,2026-03-31,020100,56,56,1,20260526,62,69.0,41.1,true
9ZHRYM6F437SQJ6OUG95,Raiffeisen Bank International AG,Austria,Large highest EEA,2025-06-30,010000,275,289,4,20260401,210,234.0,69.0,false
9ZHRYM6F437SQJ6OUG95,Raiffeisen Bank International AG,Austria,Large highest EEA,2025-06-30,020000,275,350,4,20260401,210,234.0,69.0,false
9ZHRYM6F437SQJ6OUG95,Raiffeisen Bank International AG,Austria,Large highest EEA,2025-09-30,010000,191,191,1,20260409,161,155,73.9,false
9ZHRYM6F437SQJ6OUG95,Raiffeisen Bank International AG,Austria,Large highest EEA,2025-09-30,020000,191,191,1,20260409,161,155,73.9,false
9ZHRYM6F437SQJ6OUG95,Raiffeisen Bank International AG,Austria,Large highest EEA,2025-12-31,010000,104,180,5,20260414,241,113,38.4,false
9ZHRYM6F437SQJ6OUG95,Raiffeisen Bank International AG,Austria,Large highest EEA,2025-12-31,020000,104,177,6,20260414,241,113,38.4,false
9ZHRYM6F437SQJ6OUG95,Raiffeisen Bank International AG,Austria,Large highest EEA,2026-03-31,010000,66,66,1,20260605,155,58,68.1,true
A5GWLFH3KM7YV2SFQL84,Belfius Bank,Belgium,Large highest EEA,2025-06-30,010000,275,276,3,20260401,210,234.0,69.0,false
A5GWLFH3KM7YV2SFQL84,Belfius Bank,Belgium,Large highest EEA,2025-06-30,020000,275,275,3,20260401,210,234.0,69.0,false
A5GWLFH3KM7YV2SFQL84,Belfius Bank,Belgium,Large highest EEA,2025-09-30,010000,184,184,1,20260402,161,155,68.9,false
A5GWLFH3KM7YV2SFQL84,Belfius Bank,Belgium,Large highest EEA,2025-09-30,020000,183,183,1,20260401,161,155,66.8,false
A5GWLFH3KM7YV2SFQL84,Belfius Bank,Belgium,Large highest EEA,2025-12-31,010000,85,167,5,20260326,241,113,23.7,false
A5GWLFH3KM7YV2SFQL84,Belfius Bank,Belgium,Large highest EEA,2025-12-31,020000,83,167,4,20260324,241,113,22.0,false
A5GWLFH3KM7YV2SFQL84,Belfius Bank,Belgium,Large highest EEA,2026-03-31,010000,85,85,1,20260624,155,58,91.6,true
A5GWLFH3KM7YV2SFQL84,Belfius Bank,Belgium,Large highest EEA,2026-03-31,020100,77,77,1,20260616,155,58,82.6,true
AT0000000000043000VB,VOLKSBANK WIEN AG VB,Austria,Large highest EEA,2025-12-31,010000,148,156,4,20260528,241,113,74.3,false
AT0000000000043000VB,VOLKSBANK WIEN AG VB,Austria,Large highest EEA,2025-12-31,020000,148,177,7,20260528,241,113,74.3,false
B64D6Y3LBJS4ANNPCU93,NIBC Bank N.V.,Netherlands,Other highest EEA,2025-12-31,010000,132,141,4,20260512,439,141,41.1,false
B64D6Y3LBJS4ANNPCU93,NIBC Bank N.V.,Netherlands,Other highest EEA,2025-12-31,020000,141,141,4,20260521,439,141,49.7,false
B81CK4ESI35472RHJ606,Landesbank Baden-Württemberg,Germany,Large highest EEA,2026-03-31,010000,64,64,1,20260603,155,58,62.9,true
B81CK4ESI35472RHJ606,Landesbank Baden-Württemberg,Germany,Large highest EEA,2026-03-31,020100,69,69,1,20260608,155,58,71.6,true
BB3BGO3LCED63R8R9R41,BANK POLSKIEJ SPOLDZIELCZOSCI S.A.,Poland,Large highest EEA,2025-12-31,010000,161,181,4,20260610,241,113,80.9,false
BB3BGO3LCED63R8R9R41,BANK POLSKIEJ SPOLDZIELCZOSCI S.A.,Poland,Large highest EEA,2025-12-31,020000,181,181,3,20260630,241,113,99.0,false
BFXS5XCH7N0Y05NIXW11,ABN AMRO Bank N.V.,Netherlands,Large highest EEA,2025-06-30,010000,212,212,3,20260128,210,234.0,35.0,false
BFXS5XCH7N0Y05NIXW11,ABN AMRO Bank N.V.,Netherlands,Large highest EEA,2025-06-30,020000,212,212,3,20260128,210,234.0,35.0,false
BFXS5XCH7N0Y05NIXW11,ABN AMRO Bank N.V.,Netherlands,Large highest EEA,2025-09-30,010000,120,120,1,20260128,161,155,21.1,false
BFXS5XCH7N0Y05NIXW11,ABN AMRO Bank N.V.,Netherlands,Large highest EEA,2025-09-30,020000,120,120,1,20260128,161,155,21.1,false
BFXS5XCH7N0Y05NIXW11,ABN AMRO Bank N.V.,Netherlands,Large highest EEA,2025-12-31,010000,71,71,4,20260312,241,113,14.9,false
BFXS5XCH7N0Y05NIXW11,ABN AMRO Bank N.V.,Netherlands,Large highest EEA,2025-12-31,020000,71,71,4,20260312,241,113,14.9,false
BFXS5XCH7N0Y05NIXW11,ABN AMRO Bank N.V.,Netherlands,Large highest EEA,2026-03-31,010000,63,63,1,20260602,155,58,60.0,true
BFXS5XCH7N0Y05NIXW11,ABN AMRO Bank N.V.,Netherlands,Large highest EEA,2026-03-31,020100,63,63,1,20260602,155,58,60.0,true
CXUHEGU3MADZ2CEV7C11,Eurobank Limited,Cyprus,Large subsidiaries,2025-12-31,010000,117,181,4,20260427,188,124.0,42.6,false
CXUHEGU3MADZ2CEV7C11,Eurobank Limited,Cyprus,Large subsidiaries,2025-12-31,020000,117,181,4,20260427,188,124.0,42.6,false
D1HEB8VEU6D9M8ZUXG17,UniCredit Bank Austria AG,Austria,Large subsidiaries,2025-06-30,010000,253,259,2,20260310,128,260.0,45.3,false
D1HEB8VEU6D9M8ZUXG17,UniCredit Bank Austria AG,Austria,Large subsidiaries,2025-06-30,020000,253,259,2,20260310,128,260.0,45.3,false
D1HEB8VEU6D9M8ZUXG17,UniCredit Bank Austria AG,Austria,Large subsidiaries,2025-09-30,010000,168,168,1,20260317,72,176.0,43.1,false
D1HEB8VEU6D9M8ZUXG17,UniCredit Bank Austria AG,Austria,Large subsidiaries,2025-09-30,020000,161,161,1,20260310,72,176.0,36.8,false
D1HEB8VEU6D9M8ZUXG17,UniCredit Bank Austria AG,Austria,Large subsidiaries,2025-12-31,010000,69,141,3,20260310,188,124.0,9.3,false
D1HEB8VEU6D9M8ZUXG17,UniCredit Bank Austria AG,Austria,Large subsidiaries,2025-12-31,020000,69,140,3,20260310,188,124.0,9.3,false
D1HEB8VEU6D9M8ZUXG17,UniCredit Bank Austria AG,Austria,Large subsidiaries,2026-03-31,010000,51,51,1,20260521,62,69.0,33.9,true
D1HEB8VEU6D9M8ZUXG17,UniCredit Bank Austria AG,Austria,Large subsidiaries,2026-03-31,020100,51,51,1,20260521,62,69.0,33.9,true
DG3RU1DBUFHT4ZF9WN62,Coöperatieve Rabobank U.A.,Netherlands,Large highest EEA,2025-12-31,010000,69,146,5,20260310,241,113,11.4,false
DG3RU1DBUFHT4ZF9WN62,Coöperatieve Rabobank U.A.,Netherlands,Large highest EEA,2025-12-31,020000,64,142,5,20260305,241,113,8.7,false
DG3RU1DBUFHT4ZF9WN62,Coöperatieve Rabobank U.A.,Netherlands,Large highest EEA,2026-03-31,010000,51,51,1,20260521,155,58,32.6,true
DG3RU1DBUFHT4ZF9WN62,Coöperatieve Rabobank U.A.,Netherlands,Large highest EEA,2026-03-31,020100,56,56,1,20260526,155,58,41.0,true
DIZES5CFO5K3I5R58746,Landesbank Hessen-Thüringen Girozentrale,Germany,Large highest EEA,2025-06-30,010000,213,301,3,20260129,210,234.0,36.9,false
DIZES5CFO5K3I5R58746,Landesbank Hessen-Thüringen Girozentrale,Germany,Large highest EEA,2025-06-30,020000,211,297,3,20260127,210,234.0,33.6,false
DIZES5CFO5K3I5R58746,Landesbank Hessen-Thüringen Girozentrale,Germany,Large highest EEA,2025-09-30,010000,202,202,1,20260420,161,155,78.3,false
DIZES5CFO5K3I5R58746,Landesbank Hessen-Thüringen Girozentrale,Germany,Large highest EEA,2025-09-30,020000,202,205,2,20260420,161,155,78.3,false
DIZES5CFO5K3I5R58746,Landesbank Hessen-Thüringen Girozentrale,Germany,Large highest EEA,2025-12-31,010000,114,120,3,20260424,241,113,51.9,false
DIZES5CFO5K3I5R58746,Landesbank Hessen-Thüringen Girozentrale,Germany,Large highest EEA,2025-12-31,020000,114,162,4,20260424,241,113,51.9,false
DIZES5CFO5K3I5R58746,Landesbank Hessen-Thüringen Girozentrale,Germany,Large highest EEA,2026-03-31,010000,70,70,1,20260609,155,58,74.8,true
DIZES5CFO5K3I5R58746,Landesbank Hessen-Thüringen Girozentrale,Germany,Large highest EEA,2026-03-31,020100,70,70,1,20260609,155,58,74.8,true
DSNHHQ2B9X5N6OUJ1236,Norddeutsche Landesbank - Girozentrale -,Germany,Large highest EEA,2025-12-31,010000,124,159,5,20260504,241,113,59.1,false
DSNHHQ2B9X5N6OUJ1236,Norddeutsche Landesbank - Girozentrale -,Germany,Large highest EEA,2025-12-31,020000,131,159,4,20260511,241,113,64.9,false
DSNHHQ2B9X5N6OUJ1236,Norddeutsche Landesbank - Girozentrale -,Germany,Large highest EEA,2026-03-31,010000,64,64,1,20260603,155,58,62.9,true
DSNHHQ2B9X5N6OUJ1236,Norddeutsche Landesbank - Girozentrale -,Germany,Large highest EEA,2026-03-31,020100,63,63,1,20260602,155,58,60.0,true
DZZ47B9A52ZJ6LT6VV95,Deutsche Pfandbriefbank AG,Germany,Large highest EEA,2025-06-30,010000,332,337,3,20260528,210,234.0,84.8,false
DZZ47B9A52ZJ6LT6VV95,Deutsche Pfandbriefbank AG,Germany,Large highest EEA,2025-06-30,020000,332,333,4,20260528,210,234.0,84.8,false
DZZ47B9A52ZJ6LT6VV95,Deutsche Pfandbriefbank AG,Germany,Large highest EEA,2025-09-30,020000,245,245,1,20260602,161,155,87.9,false
DZZ47B9A52ZJ6LT6VV95,Deutsche Pfandbriefbank AG,Germany,Large highest EEA,2025-12-31,010000,162,162,3,20260611,241,113,81.5,false
DZZ47B9A52ZJ6LT6VV95,Deutsche Pfandbriefbank AG,Germany,Large highest EEA,2025-12-31,020000,161,162,4,20260610,241,113,80.9,false
DZZ47B9A52ZJ6LT6VV95,Deutsche Pfandbriefbank AG,Germany,Large highest EEA,2026-03-31,010000,87,87,1,20260626,155,58,95.2,true
DZZ47B9A52ZJ6LT6VV95,Deutsche Pfandbriefbank AG,Germany,Large highest EEA,2026-03-31,020100,77,77,1,20260616,155,58,82.6,true
EQYXK86SF381Q21S3020,Bank of America Europe Designated Activity Company,Ireland,Large highest EEA,2025-06-30,010000,213,213,2,20260129,210,234.0,36.9,false
EQYXK86SF381Q21S3020,Bank of America Europe Designated Activity Company,Ireland,Large highest EEA,2025-06-30,020000,213,213,1,20260129,210,234.0,36.9,false
EQYXK86SF381Q21S3020,Bank of America Europe Designated Activity Company,Ireland,Large highest EEA,2025-09-30,010000,121,121,2,20260129,161,155,24.8,false
EQYXK86SF381Q21S3020,Bank of America Europe Designated Activity Company,Ireland,Large highest EEA,2025-12-31,010000,127,131,5,20260507,241,113,62.4,false
EQYXK86SF381Q21S3020,Bank of America Europe Designated Activity Company,Ireland,Large highest EEA,2025-12-31,020000,127,131,3,20260507,241,113,62.4,false
EV2XZWMLLXF2QRX0CD47,Kommuninvest - Grupp,Sweden,Large highest EEA,2025-06-30,010000,242,246,3,20260227,210,234.0,54.8,false
EV2XZWMLLXF2QRX0CD47,Kommuninvest - Grupp,Sweden,Large highest EEA,2025-06-30,020000,246,262,3,20260303,210,234.0,55.7,false
EV2XZWMLLXF2QRX0CD47,Kommuninvest - Grupp,Sweden,Large highest EEA,2025-09-30,010000,155,155,1,20260304,161,155,49.7,false
EV2XZWMLLXF2QRX0CD47,Kommuninvest - Grupp,Sweden,Large highest EEA,2025-09-30,020000,197,197,1,20260415,161,155,75.5,false
EV2XZWMLLXF2QRX0CD47,Kommuninvest - Grupp,Sweden,Large highest EEA,2025-12-31,010000,105,105,3,20260415,241,113,41.1,false
EV2XZWMLLXF2QRX0CD47,Kommuninvest - Grupp,Sweden,Large highest EEA,2025-12-31,020000,105,105,4,20260415,241,113,41.1,false
EV2XZWMLLXF2QRX0CD47,Kommuninvest - Grupp,Sweden,Large highest EEA,2026-03-31,010000,58,58,1,20260528,155,58,50.0,true
EV2XZWMLLXF2QRX0CD47,Kommuninvest - Grupp,Sweden,Large highest EEA,2026-03-31,020100,58,58,1,20260528,155,58,50.0,true
F0HUI1NY1AZMJMD8LP67,HSBC Continental Europe,France,Large highest EEA,2025-06-30,010000,354,357,2,20260619,210,234.0,94.3,false
F0HUI1NY1AZMJMD8LP67,HSBC Continental Europe,France,Large highest EEA,2025-06-30,020000,357,361,9,20260622,210,234.0,95.2,false
F0HUI1NY1AZMJMD8LP67,HSBC Continental Europe,France,Large highest EEA,2025-12-31,010000,169,173,2,20260618,241,113,85.1,false
F0HUI1NY1AZMJMD8LP67,HSBC Continental Europe,France,Large highest EEA,2025-12-31,020000,170,176,10,20260619,241,113,86.5,false
F3JS33DEI6XQ4ZBPTN86,Skandinaviska Enskilda Banken - gruppen,Sweden,Large highest EEA,2025-06-30,010000,330,345,5,20260526,210,234.0,84.0,false
F3JS33DEI6XQ4ZBPTN86,Skandinaviska Enskilda Banken - gruppen,Sweden,Large highest EEA,2025-06-30,020000,329,345,5,20260525,210,234.0,83.6,false
F3JS33DEI6XQ4ZBPTN86,Skandinaviska Enskilda Banken - gruppen,Sweden,Large highest EEA,2025-09-30,010000,239,239,1,20260527,161,155,87.3,false
F3JS33DEI6XQ4ZBPTN86,Skandinaviska Enskilda Banken - gruppen,Sweden,Large highest EEA,2025-09-30,020000,237,252,2,20260525,161,155,86.6,false
F3JS33DEI6XQ4ZBPTN86,Skandinaviska Enskilda Banken - gruppen,Sweden,Large highest EEA,2025-12-31,010000,146,160,6,20260526,241,113,70.7,false
F3JS33DEI6XQ4ZBPTN86,Skandinaviska Enskilda Banken - gruppen,Sweden,Large highest EEA,2025-12-31,020000,145,161,7,20260525,241,113,69.5,false
F3JS33DEI6XQ4ZBPTN86,Skandinaviska Enskilda Banken - gruppen,Sweden,Large highest EEA,2026-03-31,010000,36,36,1,20260506,155,58,10.0,true
F3JS33DEI6XQ4ZBPTN86,Skandinaviska Enskilda Banken - gruppen,Sweden,Large highest EEA,2026-03-31,020100,55,70,2,20260525,155,58,38.7,true
FR9695005MSX1OYEMGDF,Groupe BPCE,France,Large highest EEA,2025-06-30,010000,164,219,4,20251211,210,234.0,15.2,false
FR9695005MSX1OYEMGDF,Groupe BPCE,France,Large highest EEA,2025-06-30,020000,170,225,4,20251217,210,234.0,17.4,false
FR9695005MSX1OYEMGDF,Groupe BPCE,France,Large highest EEA,2025-09-30,010000,79,127,2,20251218,161,155,7.1,false
FR9695005MSX1OYEMGDF,Groupe BPCE,France,Large highest EEA,2025-09-30,020000,133,133,1,20260210,161,155,33.5,false
FR9695005MSX1OYEMGDF,Groupe BPCE,France,Large highest EEA,2025-12-31,010000,85,170,6,20260326,241,113,23.7,false
FR9695005MSX1OYEMGDF,Groupe BPCE,France,Large highest EEA,2025-12-31,020000,89,140,6,20260330,241,113,28.2,false
FR9695005MSX1OYEMGDF,Groupe BPCE,France,Large highest EEA,2026-03-31,010000,50,50,1,20260520,155,58,29.7,true
FR9695005MSX1OYEMGDF,Groupe BPCE,France,Large highest EEA,2026-03-31,010100,50,50,1,20260520,155,58,29.7,true
FR9695005MSX1OYEMGDF,Groupe BPCE,France,Large highest EEA,2026-03-31,020100,49,49,1,20260519,155,58,27.7,true
FR969500TJ5KRTCJQWXH,Groupe Crédit Agricole,France,Large highest EEA,2025-06-30,020000,346,346,1,20260611,210,234.0,89.0,false
FR969500TJ5KRTCJQWXH,Groupe Crédit Agricole,France,Large highest EEA,2025-12-31,010000,163,163,1,20260612,241,113,82.0,false
FR969500TJ5KRTCJQWXH,Groupe Crédit Agricole,France,Large highest EEA,2025-12-31,020000,176,176,1,20260625,241,113,93.6,false
G8ZTNESVNKW4NN761W05,ABN AMRO Clearing Bank N.V.,Netherlands,Large subsidiaries,2025-06-30,010000,226,240,2,20260211,128,260.0,35.9,false
G8ZTNESVNKW4NN761W05,ABN AMRO Clearing Bank N.V.,Netherlands,Large subsidiaries,2025-06-30,020000,482,482,1,20261025,128,260.0,99.6,false
G8ZTNESVNKW4NN761W05,ABN AMRO Clearing Bank N.V.,Netherlands,Large subsidiaries,2025-12-31,010000,132,152,3,20260512,188,124.0,54.0,false
G8ZTNESVNKW4NN761W05,ABN AMRO Clearing Bank N.V.,Netherlands,Large subsidiaries,2025-12-31,020000,140,145,2,20260520,188,124.0,61.4,false
GDI8P8WHFH4PS5YTU851,"HAITONG BANK, S.A.",Portugal,Other highest EEA,2025-06-30,020000,364,364,1,20260629,66,247.5,99.2,false
GDI8P8WHFH4PS5YTU851,"HAITONG BANK, S.A.",Portugal,Other highest EEA,2025-12-31,010000,181,181,3,20260630,439,141,97.2,false
GDI8P8WHFH4PS5YTU851,"HAITONG BANK, S.A.",Portugal,Other highest EEA,2025-12-31,020000,181,181,3,20260630,439,141,97.2,false
GP5DT10VX1QRQUKVBK64,AL Sydbank A/S,Denmark,Large highest EEA,2026-03-31,010000,35,35,1,20260505,155,58,9.0,true
GP5DT10VX1QRQUKVBK64,AL Sydbank A/S,Denmark,Large highest EEA,2026-03-31,020100,219,219,1,20261105,155,58,99.7,true
GTQYZJON3I7SXRNJTT73,BSK 1818 AG,Germany,Large subsidiaries,2025-12-31,010000,181,181,1,20260630,188,124.0,98.4,false
GTQYZJON3I7SXRNJTT73,BSK 1818 AG,Germany,Large subsidiaries,2025-12-31,020000,181,181,2,20260630,188,124.0,98.4,false
H0YX5LBGKDVOWCXBZ594,SBAB Bank AB - Grupp,Sweden,Large highest EEA,2025-06-30,010000,193,203,2,20260109,210,234.0,21.4,false
H0YX5LBGKDVOWCXBZ594,SBAB Bank AB - Grupp,Sweden,Large highest EEA,2025-06-30,020000,193,221,4,20260109,210,234.0,21.4,false
H0YX5LBGKDVOWCXBZ594,SBAB Bank AB - Grupp,Sweden,Large highest EEA,2025-09-30,020000,162,162,2,20260311,161,155,58.7,false
H0YX5LBGKDVOWCXBZ594,SBAB Bank AB - Grupp,Sweden,Large highest EEA,2025-12-31,010000,103,103,1,20260413,241,113,36.7,false
H0YX5LBGKDVOWCXBZ594,SBAB Bank AB - Grupp,Sweden,Large highest EEA,2025-12-31,020000,103,113,4,20260413,241,113,36.7,false
H0YX5LBGKDVOWCXBZ594,SBAB Bank AB - Grupp,Sweden,Large highest EEA,2026-03-31,010000,27,27,1,20260427,155,58,1.9,true
H0YX5LBGKDVOWCXBZ594,SBAB Bank AB - Grupp,Sweden,Large highest EEA,2026-03-31,020100,29,29,1,20260429,155,58,4.2,true
H8MIG1MMPR6JXUQVBM04,Bank BPH S.A.,Poland,Other highest EEA,2025-12-31,010000,152,154,2,20260601,439,141,58.8,false
H8MIG1MMPR6JXUQVBM04,Bank BPH S.A.,Poland,Other highest EEA,2025-12-31,020000,154,154,3,20260603,439,141,60.5,false
HWIPDOTRM1EKRPKYKH81,Northern Trust Global Services SE,Luxembourg,Other highest EEA,2025-12-31,010000,167,177,4,20260616,439,141,69.1,false
HWIPDOTRM1EKRPKYKH81,Northern Trust Global Services SE,Luxembourg,Other highest EEA,2025-12-31,020000,173,177,6,20260622,439,141,75.4,false
I6SS27Q1Q3385V753S50,Raiffeisenlandesbank Oberösterreich Aktiengesellschaft,Austria,Large subsidiaries,2025-06-30,010000,269,269,2,20260326,128,260.0,59.0,false
I6SS27Q1Q3385V753S50,Raiffeisenlandesbank Oberösterreich Aktiengesellschaft,Austria,Large subsidiaries,2025-06-30,020000,261,269,3,20260318,128,260.0,52.7,false
I6SS27Q1Q3385V753S50,Raiffeisenlandesbank Oberösterreich Aktiengesellschaft,Austria,Large subsidiaries,2025-09-30,010000,177,177,1,20260326,72,176.0,51.4,false
I6SS27Q1Q3385V753S50,Raiffeisenlandesbank Oberösterreich Aktiengesellschaft,Austria,Large subsidiaries,2025-09-30,020000,136,136,1,20260213,72,176.0,27.8,false
I6SS27Q1Q3385V753S50,Raiffeisenlandesbank Oberösterreich Aktiengesellschaft,Austria,Large subsidiaries,2025-12-31,010000,85,85,1,20260326,188,124.0,16.8,false
I6SS27Q1Q3385V753S50,Raiffeisenlandesbank Oberösterreich Aktiengesellschaft,Austria,Large subsidiaries,2025-12-31,020000,124,174,4,20260504,188,124.0,50.0,false
I6SS27Q1Q3385V753S50,Raiffeisenlandesbank Oberösterreich Aktiengesellschaft,Austria,Large subsidiaries,2026-03-31,020100,90,90,1,20260629,62,69.0,96.0,true
I6USJ58BDV2BO5KP3C31,"MONETA Money Bank, a.s.",Czech,Other highest EEA,2025-06-30,010000,262,262,2,20260319,66,247.5,54.5,false
I6USJ58BDV2BO5KP3C31,"MONETA Money Bank, a.s.",Czech,Other highest EEA,2025-06-30,020000,262,262,1,20260319,66,247.5,54.5,false
I6USJ58BDV2BO5KP3C31,"MONETA Money Bank, a.s.",Czech,Other highest EEA,2025-12-31,010000,118,118,2,20260428,439,141,35.0,false
I6USJ58BDV2BO5KP3C31,"MONETA Money Bank, a.s.",Czech,Other highest EEA,2025-12-31,020000,118,119,5,20260428,439,141,35.0,false
I7ETN0QQO2AHZZGHJ389,KOMMUNALBANKEN AS,Norway,Large highest EEA,2025-12-31,010000,149,149,1,20260529,241,113,76.8,false
I7ETN0QQO2AHZZGHJ389,KOMMUNALBANKEN AS,Norway,Large highest EEA,2025-12-31,020000,149,149,3,20260529,241,113,76.8,false
I7ETN0QQO2AHZZGHJ389,KOMMUNALBANKEN AS,Norway,Large highest EEA,2026-03-31,010100,62,62,1,20260601,155,58,56.8,true
I7ETN0QQO2AHZZGHJ389,KOMMUNALBANKEN AS,Norway,Large highest EEA,2026-03-31,020100,62,62,1,20260601,155,58,56.8,true
J48C8PCSJVUBR8KCW529,BANCA POPOLARE DI SONDRIO SOCIETA' PER AZIONI,Italy,Large subsidiaries,2025-06-30,010000,171,252,3,20251218,128,260.0,12.5,false
J48C8PCSJVUBR8KCW529,BANCA POPOLARE DI SONDRIO SOCIETA' PER AZIONI,Italy,Large subsidiaries,2025-06-30,020000,171,252,3,20251218,128,260.0,12.5,false
J48C8PCSJVUBR8KCW529,BANCA POPOLARE DI SONDRIO SOCIETA' PER AZIONI,Italy,Large subsidiaries,2025-09-30,010000,79,79,1,20251218,72,176.0,3.5,false
J48C8PCSJVUBR8KCW529,BANCA POPOLARE DI SONDRIO SOCIETA' PER AZIONI,Italy,Large subsidiaries,2025-09-30,020000,160,160,1,20260309,72,176.0,34.7,false
J4CP7MHCXR8DAQMKIL78,Banca Monte dei Paschi di Siena S.p.A.,Italy,Large highest EEA,2025-06-30,010000,156,210,3,20251203,210,234.0,9.3,false
J4CP7MHCXR8DAQMKIL78,Banca Monte dei Paschi di Siena S.p.A.,Italy,Large highest EEA,2025-06-30,020000,182,210,3,20251229,210,234.0,18.8,false
J4CP7MHCXR8DAQMKIL78,Banca Monte dei Paschi di Siena S.p.A.,Italy,Large highest EEA,2025-09-30,010000,64,64,1,20251203,161,155,3.7,false
J4CP7MHCXR8DAQMKIL78,Banca Monte dei Paschi di Siena S.p.A.,Italy,Large highest EEA,2025-09-30,020000,90,119,2,20251229,161,155,8.4,false
J4CP7MHCXR8DAQMKIL78,Banca Monte dei Paschi di Siena S.p.A.,Italy,Large highest EEA,2025-12-31,010000,-28,173,4,20251203,241,113,0.6,false
J4CP7MHCXR8DAQMKIL78,Banca Monte dei Paschi di Siena S.p.A.,Italy,Large highest EEA,2025-12-31,020000,97,173,4,20260407,241,113,32.8,false
J4CP7MHCXR8DAQMKIL78,Banca Monte dei Paschi di Siena S.p.A.,Italy,Large highest EEA,2026-03-31,010000,51,51,1,20260521,155,58,32.6,true
J4CP7MHCXR8DAQMKIL78,Banca Monte dei Paschi di Siena S.p.A.,Italy,Large highest EEA,2026-03-31,020100,51,51,1,20260521,155,58,32.6,true
JLS56RAMYQZECFUF2G44,ING Belgie,Belgium,Large subsidiaries,2025-06-30,010000,260,260,2,20260317,128,260.0,50.0,false
JLS56RAMYQZECFUF2G44,ING Belgie,Belgium,Large subsidiaries,2025-06-30,020000,260,260,2,20260317,128,260.0,50.0,false
JU1U6S0DG9YLT7N8ZV32,"Banco Comercial Português, SA",Portugal,Large highest EEA,2025-06-30,010000,360,360,2,20260625,210,234.0,98.1,false
JU1U6S0DG9YLT7N8ZV32,"Banco Comercial Português, SA",Portugal,Large highest EEA,2025-06-30,020000,360,360,3,20260625,210,234.0,98.1,false
JU1U6S0DG9YLT7N8ZV32,"Banco Comercial Português, SA",Portugal,Large highest EEA,2025-09-30,020000,268,268,1,20260625,161,155,97.8,false
JU1U6S0DG9YLT7N8ZV32,"Banco Comercial Português, SA",Portugal,Large highest EEA,2025-12-31,010000,176,176,4,20260625,241,113,93.6,false
JU1U6S0DG9YLT7N8ZV32,"Banco Comercial Português, SA",Portugal,Large highest EEA,2025-12-31,020000,176,176,4,20260625,241,113,93.6,false
K8MS7FD7N5Z2WQ51AZ71,"Banco Bilbao Vizcaya Argentaria, S.A.",Spain,Large highest EEA,2025-06-30,010000,156,240,5,20251203,210,234.0,9.3,false
K8MS7FD7N5Z2WQ51AZ71,"Banco Bilbao Vizcaya Argentaria, S.A.",Spain,Large highest EEA,2025-06-30,020000,155,240,6,20251202,210,234.0,7.6,false
K8MS7FD7N5Z2WQ51AZ71,"Banco Bilbao Vizcaya Argentaria, S.A.",Spain,Large highest EEA,2025-09-30,020000,113,130,3,20260121,161,155,14.6,false
K8MS7FD7N5Z2WQ51AZ71,"Banco Bilbao Vizcaya Argentaria, S.A.",Spain,Large highest EEA,2025-12-31,010000,82,174,5,20260323,241,113,21.0,false
K8MS7FD7N5Z2WQ51AZ71,"Banco Bilbao Vizcaya Argentaria, S.A.",Spain,Large highest EEA,2025-12-31,020000,111,174,3,20260421,241,113,46.3,false
K8MS7FD7N5Z2WQ51AZ71,"Banco Bilbao Vizcaya Argentaria, S.A.",Spain,Large highest EEA,2026-03-31,010000,52,52,1,20260522,155,58,36.1,true
K8MS7FD7N5Z2WQ51AZ71,"Banco Bilbao Vizcaya Argentaria, S.A.",Spain,Large highest EEA,2026-03-31,020100,52,52,1,20260522,155,58,36.1,true
KFUXYFTU2LHQFQZDQG45,Kereskedelmi és Hitelbank csoport,Hungary,Large subsidiaries,2025-06-30,010000,346,358,2,20260611,128,260.0,85.9,false
KFUXYFTU2LHQFQZDQG45,Kereskedelmi és Hitelbank csoport,Hungary,Large subsidiaries,2025-06-30,020000,316,351,3,20260512,128,260.0,71.5,false
KFUXYFTU2LHQFQZDQG45,Kereskedelmi és Hitelbank csoport,Hungary,Large subsidiaries,2025-09-30,010000,266,266,1,20260623,72,176.0,93.1,false
KFUXYFTU2LHQFQZDQG45,Kereskedelmi és Hitelbank csoport,Hungary,Large subsidiaries,2025-09-30,020000,262,262,1,20260619,72,176.0,88.2,false
KFUXYFTU2LHQFQZDQG45,Kereskedelmi és Hitelbank csoport,Hungary,Large subsidiaries,2025-12-31,010000,154,174,3,20260603,188,124.0,70.7,false
KFUXYFTU2LHQFQZDQG45,Kereskedelmi és Hitelbank csoport,Hungary,Large subsidiaries,2025-12-31,020000,106,167,4,20260416,188,124.0,30.9,false
KGCEPHLVVKVRZYO1T647,BNP Paribas Fortis,Belgium,Large subsidiaries,2025-06-30,010000,270,294,5,20260327,128,260.0,60.5,false
KGCEPHLVVKVRZYO1T647,BNP Paribas Fortis,Belgium,Large subsidiaries,2025-06-30,020000,294,294,4,20260420,128,260.0,65.6,false
KGCEPHLVVKVRZYO1T647,BNP Paribas Fortis,Belgium,Large subsidiaries,2025-09-30,010000,178,205,5,20260327,72,176.0,53.5,false
KGCEPHLVVKVRZYO1T647,BNP Paribas Fortis,Belgium,Large subsidiaries,2025-09-30,020000,203,205,4,20260421,72,176.0,64.6,false
KGCEPHLVVKVRZYO1T647,BNP Paribas Fortis,Belgium,Large subsidiaries,2025-12-31,010000,86,91,4,20260327,188,124.0,18.1,false
KGCEPHLVVKVRZYO1T647,BNP Paribas Fortis,Belgium,Large subsidiaries,2025-12-31,020000,86,91,4,20260327,188,124.0,18.1,false
KGCEPHLVVKVRZYO1T647,BNP Paribas Fortis,Belgium,Large subsidiaries,2026-03-31,010000,77,77,2,20260616,62,69.0,67.7,true
KGCEPHLVVKVRZYO1T647,BNP Paribas Fortis,Belgium,Large subsidiaries,2026-03-31,010100,70,70,3,20260609,62,69.0,58.1,true
KGCEPHLVVKVRZYO1T647,BNP Paribas Fortis,Belgium,Large subsidiaries,2026-03-31,020100,70,70,4,20260609,62,69.0,58.1,true
KR6LSKV3BTSJRD41IF75,"UniCredit Bank Czech Republic and Slovakia, a.s.",Czech,Large subsidiaries,2025-06-30,010000,345,345,2,20260610,128,260.0,84.0,false
KR6LSKV3BTSJRD41IF75,"UniCredit Bank Czech Republic and Slovakia, a.s.",Czech,Large subsidiaries,2025-06-30,020000,345,345,2,20260610,128,260.0,84.0,false
KR6LSKV3BTSJRD41IF75,"UniCredit Bank Czech Republic and Slovakia, a.s.",Czech,Large subsidiaries,2025-09-30,010000,244,244,1,20260601,72,176.0,81.9,false
KR6LSKV3BTSJRD41IF75,"UniCredit Bank Czech Republic and Slovakia, a.s.",Czech,Large subsidiaries,2025-09-30,020000,244,244,1,20260601,72,176.0,81.9,false
KR6LSKV3BTSJRD41IF75,"UniCredit Bank Czech Republic and Slovakia, a.s.",Czech,Large subsidiaries,2025-12-31,010000,135,181,4,20260515,188,124.0,58.5,false
KR6LSKV3BTSJRD41IF75,"UniCredit Bank Czech Republic and Slovakia, a.s.",Czech,Large subsidiaries,2025-12-31,020000,135,181,4,20260515,188,124.0,58.5,false
KR6LSKV3BTSJRD41IF75,"UniCredit Bank Czech Republic and Slovakia, a.s.",Czech,Large subsidiaries,2026-03-31,010000,90,90,1,20260629,62,69.0,96.0,true
KR6LSKV3BTSJRD41IF75,"UniCredit Bank Czech Republic and Slovakia, a.s.",Czech,Large subsidiaries,2026-03-31,020100,90,90,1,20260629,62,69.0,96.0,true
KX1WK48MPD4Y2NCUIZ63,Natixis,France,Large subsidiaries,2025-06-30,010000,172,172,1,20251219,128,260.0,13.7,false
KX1WK48MPD4Y2NCUIZ63,Natixis,France,Large subsidiaries,2025-06-30,020000,168,221,3,20251215,128,260.0,9.8,false
KX1WK48MPD4Y2NCUIZ63,Natixis,France,Large subsidiaries,2025-12-31,010000,77,156,2,20260318,188,124.0,12.5,false
KX1WK48MPD4Y2NCUIZ63,Natixis,France,Large subsidiaries,2025-12-31,020000,76,156,3,20260317,188,124.0,11.4,false
LIU16F6VZJSD6UKHD557,Nykredit Realkredit A/S,Denmark,Large highest EEA,2025-06-30,010000,293,293,1,20260419,210,234.0,76.2,false
LIU16F6VZJSD6UKHD557,Nykredit Realkredit A/S,Denmark,Large highest EEA,2025-06-30,020000,293,294,4,20260419,210,234.0,76.2,false
LIU16F6VZJSD6UKHD557,Nykredit Realkredit A/S,Denmark,Large highest EEA,2025-09-30,020000,177,201,2,20260326,161,155,64.9,false
LIU16F6VZJSD6UKHD557,Nykredit Realkredit A/S,Denmark,Large highest EEA,2025-12-31,010000,51,110,2,20260220,241,113,5.2,false
LIU16F6VZJSD6UKHD557,Nykredit Realkredit A/S,Denmark,Large highest EEA,2025-12-31,020000,110,110,4,20260420,241,113,44.8,false
LIU16F6VZJSD6UKHD557,Nykredit Realkredit A/S,Denmark,Large highest EEA,2026-03-31,020100,34,34,1,20260504,155,58,8.1,true
LOO0AWXR8GF142JCO404,CASSA CENTRALE BANCA - CREDITO COOPERATIVO ITALIANOSOCIETA' PER AZIONI (IN SIGLA CASSA CENTRALE BANCA),Italy,Large highest EEA,2025-06-30,010000,163,333,4,20251210,210,234.0,13.8,false
LOO0AWXR8GF142JCO404,CASSA CENTRALE BANCA - CREDITO COOPERATIVO ITALIANOSOCIETA' PER AZIONI (IN SIGLA CASSA CENTRALE BANCA),Italy,Large highest EEA,2025-06-30,020000,204,340,4,20260120,210,234.0,27.9,false
LOO0AWXR8GF142JCO404,CASSA CENTRALE BANCA - CREDITO COOPERATIVO ITALIANOSOCIETA' PER AZIONI (IN SIGLA CASSA CENTRALE BANCA),Italy,Large highest EEA,2025-09-30,010000,133,133,1,20260210,161,155,33.5,false
LOO0AWXR8GF142JCO404,CASSA CENTRALE BANCA - CREDITO COOPERATIVO ITALIANOSOCIETA' PER AZIONI (IN SIGLA CASSA CENTRALE BANCA),Italy,Large highest EEA,2025-09-30,020000,133,248,2,20260210,161,155,33.5,false
LOO0AWXR8GF142JCO404,CASSA CENTRALE BANCA - CREDITO COOPERATIVO ITALIANOSOCIETA' PER AZIONI (IN SIGLA CASSA CENTRALE BANCA),Italy,Large highest EEA,2025-12-31,010000,174,174,4,20260623,241,113,89.8,false
LOO0AWXR8GF142JCO404,CASSA CENTRALE BANCA - CREDITO COOPERATIVO ITALIANOSOCIETA' PER AZIONI (IN SIGLA CASSA CENTRALE BANCA),Italy,Large highest EEA,2025-12-31,020000,174,176,4,20260623,241,113,89.8,false
M312WZV08Y7LYUC71685,Swedbank - Grupp,Sweden,Large highest EEA,2025-06-30,010000,199,248,3,20260115,210,234.0,25.2,false
M312WZV08Y7LYUC71685,Swedbank - Grupp,Sweden,Large highest EEA,2025-06-30,020000,248,256,5,20260305,210,234.0,57.4,false
M312WZV08Y7LYUC71685,Swedbank - Grupp,Sweden,Large highest EEA,2025-09-30,010000,111,157,2,20260119,161,155,13.7,false
M312WZV08Y7LYUC71685,Swedbank - Grupp,Sweden,Large highest EEA,2025-09-30,020000,157,162,3,20260306,161,155,52.2,false
M312WZV08Y7LYUC71685,Swedbank - Grupp,Sweden,Large highest EEA,2025-12-31,010000,69,139,4,20260310,241,113,11.4,false
M312WZV08Y7LYUC71685,Swedbank - Grupp,Sweden,Large highest EEA,2025-12-31,020000,69,138,4,20260310,241,113,11.4,false
M312WZV08Y7LYUC71685,Swedbank - Grupp,Sweden,Large highest EEA,2026-03-31,010000,51,51,1,20260521,155,58,32.6,true
M312WZV08Y7LYUC71685,Swedbank - Grupp,Sweden,Large highest EEA,2026-03-31,020100,51,51,1,20260521,155,58,32.6,true
M6AD1Y1KW32H8THQ6F76,Piraeus Financial Holdings,Greece,Large highest EEA,2025-06-30,010000,231,231,2,20260216,210,234.0,48.6,false
M6AD1Y1KW32H8THQ6F76,Piraeus Financial Holdings,Greece,Large highest EEA,2025-06-30,020000,231,231,3,20260216,210,234.0,48.6,false
M6AD1Y1KW32H8THQ6F76,Piraeus Financial Holdings,Greece,Large highest EEA,2025-09-30,010000,139,139,1,20260216,161,155,42.5,false
M6AD1Y1KW32H8THQ6F76,Piraeus Financial Holdings,Greece,Large highest EEA,2025-09-30,020000,139,139,1,20260216,161,155,42.5,false
MAES062Z21O4RZ2U7M96,Danske Bank A/S,Denmark,Large highest EEA,2025-06-30,010000,323,330,3,20260519,210,234.0,82.4,false
MAES062Z21O4RZ2U7M96,Danske Bank A/S,Denmark,Large highest EEA,2025-06-30,020000,323,333,4,20260519,210,234.0,82.4,false
MAES062Z21O4RZ2U7M96,Danske Bank A/S,Denmark,Large highest EEA,2025-09-30,010000,234,234,1,20260522,161,155,86.0,false
MAES062Z21O4RZ2U7M96,Danske Bank A/S,Denmark,Large highest EEA,2025-09-30,020000,65,140,2,20251204,161,155,5.0,false
MAES062Z21O4RZ2U7M96,Danske Bank A/S,Denmark,Large highest EEA,2025-12-31,010000,139,147,4,20260519,241,113,66.8,false
MAES062Z21O4RZ2U7M96,Danske Bank A/S,Denmark,Large highest EEA,2025-12-31,020000,139,161,4,20260519,241,113,66.8,false
MAES062Z21O4RZ2U7M96,Danske Bank A/S,Denmark,Large highest EEA,2026-03-31,010000,52,52,1,20260522,155,58,36.1,true
MAES062Z21O4RZ2U7M96,Danske Bank A/S,Denmark,Large highest EEA,2026-03-31,020100,42,42,1,20260512,155,58,20.0,true
MKP1B7E76TN04CD85Z79,BANK OCHRONY ŚRODOWISKA SA,Poland,Other highest EEA,2025-06-30,010000,266,266,2,20260323,66,247.5,58.3,false
MKP1B7E76TN04CD85Z79,BANK OCHRONY ŚRODOWISKA SA,Poland,Other highest EEA,2025-06-30,020000,266,266,1,20260323,66,247.5,58.3,false
MKP1B7E76TN04CD85Z79,BANK OCHRONY ŚRODOWISKA SA,Poland,Other highest EEA,2025-12-31,010000,105,105,4,20260415,439,141,25.7,false
MKP1B7E76TN04CD85Z79,BANK OCHRONY ŚRODOWISKA SA,Poland,Other highest EEA,2025-12-31,020000,105,105,3,20260415,439,141,25.7,false
MMYX0N4ZEZ13Z4XCG897,THE BANK OF NEW YORK MELLON,Belgium,Large highest EEA,2025-06-30,010000,155,156,2,20251202,210,234.0,7.6,false
MMYX0N4ZEZ13Z4XCG897,THE BANK OF NEW YORK MELLON,Belgium,Large highest EEA,2025-06-30,020000,197,197,1,20260113,210,234.0,23.1,false
MMYX0N4ZEZ13Z4XCG897,THE BANK OF NEW YORK MELLON,Belgium,Large highest EEA,2025-09-30,010000,64,80,2,20251203,161,155,3.7,false
MMYX0N4ZEZ13Z4XCG897,THE BANK OF NEW YORK MELLON,Belgium,Large highest EEA,2025-12-31,010000,146,146,4,20260526,241,113,70.7,false
MMYX0N4ZEZ13Z4XCG897,THE BANK OF NEW YORK MELLON,Belgium,Large highest EEA,2025-12-31,020000,146,146,3,20260526,241,113,70.7,false
N1FBEDJ5J41VKZLO2475,Citibank Europe plc,Ireland,Large highest EEA,2025-06-30,010000,346,347,4,20260611,210,234.0,89.0,false
N1FBEDJ5J41VKZLO2475,Citibank Europe plc,Ireland,Large highest EEA,2025-06-30,020000,346,346,3,20260611,210,234.0,89.0,false
N1FBEDJ5J41VKZLO2475,Citibank Europe plc,Ireland,Large highest EEA,2025-09-30,010000,254,255,3,20260611,161,155,91.3,false
N1FBEDJ5J41VKZLO2475,Citibank Europe plc,Ireland,Large highest EEA,2025-09-30,020000,254,254,1,20260611,161,155,91.3,false
N1FBEDJ5J41VKZLO2475,Citibank Europe plc,Ireland,Large highest EEA,2025-12-31,010000,167,181,6,20260616,241,113,83.4,false
N1FBEDJ5J41VKZLO2475,Citibank Europe plc,Ireland,Large highest EEA,2025-12-31,020000,167,181,3,20260616,241,113,83.4,false
N4JDFKKH2FTD8RKFXO39,Crédit industriel et commercial - CIC,France,Large subsidiaries,2025-06-30,010000,260,260,1,20260317,128,260.0,50.0,false
N4JDFKKH2FTD8RKFXO39,Crédit industriel et commercial - CIC,France,Large subsidiaries,2025-06-30,020000,260,262,3,20260317,128,260.0,50.0,false
N4JDFKKH2FTD8RKFXO39,Crédit industriel et commercial - CIC,France,Large subsidiaries,2025-09-30,020000,170,170,1,20260319,72,176.0,47.9,false
N4JDFKKH2FTD8RKFXO39,Crédit industriel et commercial - CIC,France,Large subsidiaries,2025-12-31,010000,113,113,1,20260423,188,124.0,36.4,false
N4JDFKKH2FTD8RKFXO39,Crédit industriel et commercial - CIC,France,Large subsidiaries,2025-12-31,020000,113,124,4,20260423,188,124.0,36.4,false
N4JDFKKH2FTD8RKFXO39,Crédit industriel et commercial - CIC,France,Large subsidiaries,2026-03-31,020100,87,87,1,20260626,62,69.0,90.3,true
N747OI7JINV7RUUH6190,BPER Banca S.p.A.,Italy,Large highest EEA,2025-06-30,010000,-168,219,3,20250113,210,234.0,0.5,false
N747OI7JINV7RUUH6190,BPER Banca S.p.A.,Italy,Large highest EEA,2025-06-30,020000,235,277,3,20260220,210,234.0,51.7,false
N747OI7JINV7RUUH6190,BPER Banca S.p.A.,Italy,Large highest EEA,2025-09-30,010000,105,105,1,20260113,161,155,11.8,false
N747OI7JINV7RUUH6190,BPER Banca S.p.A.,Italy,Large highest EEA,2025-09-30,020000,185,185,1,20260403,161,155,71.1,false
N747OI7JINV7RUUH6190,BPER Banca S.p.A.,Italy,Large highest EEA,2025-12-31,010000,103,173,4,20260413,241,113,36.7,false
N747OI7JINV7RUUH6190,BPER Banca S.p.A.,Italy,Large highest EEA,2025-12-31,020000,132,180,4,20260512,241,113,65.4,false
NHBDILHZTYCNBV5UYZ31,Svenska Handelsbanken - gruppen,Sweden,Large highest EEA,2025-06-30,010000,333,365,4,20260529,210,234.0,85.5,false
NHBDILHZTYCNBV5UYZ31,Svenska Handelsbanken - gruppen,Sweden,Large highest EEA,2025-06-30,020000,351,357,4,20260616,210,234.0,91.2,false
NHBDILHZTYCNBV5UYZ31,Svenska Handelsbanken - gruppen,Sweden,Large highest EEA,2025-09-30,010000,247,273,3,20260604,161,155,88.5,false
NHBDILHZTYCNBV5UYZ31,Svenska Handelsbanken - gruppen,Sweden,Large highest EEA,2025-09-30,020000,261,261,2,20260618,161,155,92.9,false
NHBDILHZTYCNBV5UYZ31,Svenska Handelsbanken - gruppen,Sweden,Large highest EEA,2025-12-31,010000,148,181,8,20260528,241,113,74.3,false
NHBDILHZTYCNBV5UYZ31,Svenska Handelsbanken - gruppen,Sweden,Large highest EEA,2025-12-31,020000,149,174,5,20260529,241,113,76.8,false
NHBDILHZTYCNBV5UYZ31,Svenska Handelsbanken - gruppen,Sweden,Large highest EEA,2026-03-31,010000,65,91,2,20260604,155,58,65.5,true
NHBDILHZTYCNBV5UYZ31,Svenska Handelsbanken - gruppen,Sweden,Large highest EEA,2026-03-31,020100,79,79,1,20260618,155,58,85.8,true
NICH5Q04ADUV9SN3Q390,BRED - Banque populaire,France,Large subsidiaries,2025-06-30,010000,194,194,1,20260110,128,260.0,16.0,false
NICH5Q04ADUV9SN3Q390,BRED - Banque populaire,France,Large subsidiaries,2025-06-30,020000,190,191,2,20260106,128,260.0,15.2,false
NICH5Q04ADUV9SN3Q390,BRED - Banque populaire,France,Large subsidiaries,2025-12-31,010000,140,140,1,20260520,188,124.0,61.4,false
NICH5Q04ADUV9SN3Q390,BRED - Banque populaire,France,Large subsidiaries,2025-12-31,020000,126,138,3,20260506,188,124.0,53.2,false
NMH2KF074RKAGTH4CM63,BNP PARIBAS BANK POLSKA S.A,Poland,Large subsidiaries,2025-06-30,010000,317,360,3,20260513,128,260.0,72.3,false
NMH2KF074RKAGTH4CM63,BNP PARIBAS BANK POLSKA S.A,Poland,Large subsidiaries,2025-06-30,020000,360,360,2,20260625,128,260.0,96.5,false
NMH2KF074RKAGTH4CM63,BNP PARIBAS BANK POLSKA S.A,Poland,Large subsidiaries,2025-09-30,010000,225,225,2,20260513,72,176.0,73.6,false
NMH2KF074RKAGTH4CM63,BNP PARIBAS BANK POLSKA S.A,Poland,Large subsidiaries,2025-09-30,020000,268,268,1,20260625,72,176.0,97.2,false
NMH2KF074RKAGTH4CM63,BNP PARIBAS BANK POLSKA S.A,Poland,Large subsidiaries,2025-12-31,010000,-301,64,4,20250305,188,124.0,0.3,false
NMH2KF074RKAGTH4CM63,BNP PARIBAS BANK POLSKA S.A,Poland,Large subsidiaries,2025-12-31,020000,64,64,4,20260305,188,124.0,6.4,false
NMH2KF074RKAGTH4CM63,BNP PARIBAS BANK POLSKA S.A,Poland,Large subsidiaries,2026-03-31,010000,37,37,2,20260507,62,69.0,19.4,true
NMH2KF074RKAGTH4CM63,BNP PARIBAS BANK POLSKA S.A,Poland,Large subsidiaries,2026-03-31,020100,36,36,1,20260506,62,69.0,15.3,true
NNVPP80YIZGEY2314M97,ICCREA BANCA S.P.A. - ISTITUTO CENTRALE DEL CREDITO COOPERATIVO (IN FORMA ABBREVIATA: ICCREA BANCA S.P.A.),Italy,Large highest EEA,2025-06-30,010000,210,212,3,20260126,210,234.0,32.1,false
NNVPP80YIZGEY2314M97,ICCREA BANCA S.P.A. - ISTITUTO CENTRALE DEL CREDITO COOPERATIVO (IN FORMA ABBREVIATA: ICCREA BANCA S.P.A.),Italy,Large highest EEA,2025-06-30,020000,207,210,3,20260123,210,234.0,30.5,false
NNVPP80YIZGEY2314M97,ICCREA BANCA S.P.A. - ISTITUTO CENTRALE DEL CREDITO COOPERATIVO (IN FORMA ABBREVIATA: ICCREA BANCA S.P.A.),Italy,Large highest EEA,2025-09-30,010000,119,119,1,20260127,161,155,17.4,false
NNVPP80YIZGEY2314M97,ICCREA BANCA S.P.A. - ISTITUTO CENTRALE DEL CREDITO COOPERATIVO (IN FORMA ABBREVIATA: ICCREA BANCA S.P.A.),Italy,Large highest EEA,2025-09-30,020000,119,119,1,20260127,161,155,17.4,false
NNVPP80YIZGEY2314M97,ICCREA BANCA S.P.A. - ISTITUTO CENTRALE DEL CREDITO COOPERATIVO (IN FORMA ABBREVIATA: ICCREA BANCA S.P.A.),Italy,Large highest EEA,2025-12-31,010000,156,159,4,20260605,241,113,78.4,false
NNVPP80YIZGEY2314M97,ICCREA BANCA S.P.A. - ISTITUTO CENTRALE DEL CREDITO COOPERATIVO (IN FORMA ABBREVIATA: ICCREA BANCA S.P.A.),Italy,Large highest EEA,2025-12-31,020000,156,160,5,20260605,241,113,78.4,false
NNVPP80YIZGEY2314M97,ICCREA BANCA S.P.A. - ISTITUTO CENTRALE DEL CREDITO COOPERATIVO (IN FORMA ABBREVIATA: ICCREA BANCA S.P.A.),Italy,Large highest EEA,2026-03-31,010000,86,86,1,20260625,155,58,93.2,true
NNVPP80YIZGEY2314M97,ICCREA BANCA S.P.A. - ISTITUTO CENTRALE DEL CREDITO COOPERATIVO (IN FORMA ABBREVIATA: ICCREA BANCA S.P.A.),Italy,Large highest EEA,2026-03-31,020100,83,83,1,20260622,155,58,88.4,true
O2RNE8IBXP4R0TD8PU41,Société générale S.A.,France,Large highest EEA,2025-06-30,010000,296,302,3,20260422,210,234.0,78.1,false
O2RNE8IBXP4R0TD8PU41,Société générale S.A.,France,Large highest EEA,2025-06-30,020000,296,296,2,20260422,210,234.0,78.1,false
O2RNE8IBXP4R0TD8PU41,Société générale S.A.,France,Large highest EEA,2025-09-30,010000,204,210,2,20260422,161,155,81.1,false
O2RNE8IBXP4R0TD8PU41,Société générale S.A.,France,Large highest EEA,2025-09-30,020000,204,204,1,20260422,161,155,81.1,false
O2RNE8IBXP4R0TD8PU41,Société générale S.A.,France,Large highest EEA,2025-12-31,010000,112,118,3,20260422,241,113,47.9,false
O2RNE8IBXP4R0TD8PU41,Société générale S.A.,France,Large highest EEA,2025-12-31,020000,112,175,3,20260422,241,113,47.9,false
O2RNE8IBXP4R0TD8PU41,Société générale S.A.,France,Large highest EEA,2026-03-31,010000,69,69,1,20260608,155,58,71.6,true
O2RNE8IBXP4R0TD8PU41,Société générale S.A.,France,Large highest EEA,2026-03-31,010100,65,65,1,20260604,155,58,65.5,true
O2RNE8IBXP4R0TD8PU41,Société générale S.A.,France,Large highest EEA,2026-03-31,020100,69,69,1,20260608,155,58,71.6,true
P4GTT6GF1W40CVIMFR43,Powszechna Kasa Oszczednosci Bank Polski S.A.,Poland,Large highest EEA,2025-06-30,010000,351,352,2,20260616,210,234.0,91.2,false
P4GTT6GF1W40CVIMFR43,Powszechna Kasa Oszczednosci Bank Polski S.A.,Poland,Large highest EEA,2025-06-30,020000,351,352,4,20260616,210,234.0,91.2,false
P4GTT6GF1W40CVIMFR43,Powszechna Kasa Oszczednosci Bank Polski S.A.,Poland,Large highest EEA,2025-09-30,010000,133,133,1,20260210,161,155,33.5,false
P4GTT6GF1W40CVIMFR43,Powszechna Kasa Oszczednosci Bank Polski S.A.,Poland,Large highest EEA,2025-09-30,020000,133,133,2,20260210,161,155,33.5,false
P4GTT6GF1W40CVIMFR43,Powszechna Kasa Oszczednosci Bank Polski S.A.,Poland,Large highest EEA,2025-12-31,010000,71,71,2,20260312,241,113,14.9,false
P4GTT6GF1W40CVIMFR43,Powszechna Kasa Oszczednosci Bank Polski S.A.,Poland,Large highest EEA,2025-12-31,020000,71,84,4,20260312,241,113,14.9,false
P4GTT6GF1W40CVIMFR43,Powszechna Kasa Oszczednosci Bank Polski S.A.,Poland,Large highest EEA,2026-03-31,010000,52,52,1,20260522,155,58,36.1,true
P4GTT6GF1W40CVIMFR43,Powszechna Kasa Oszczednosci Bank Polski S.A.,Poland,Large highest EEA,2026-03-31,020100,44,44,1,20260514,155,58,23.5,true
PQOH26KWDF7CG10L6792,Erste Group Bank AG,Austria,Large highest EEA,2025-06-30,010000,353,357,3,20260618,210,234.0,93.3,false
PQOH26KWDF7CG10L6792,Erste Group Bank AG,Austria,Large highest EEA,2025-06-30,020000,353,357,3,20260618,210,234.0,93.3,false
PQOH26KWDF7CG10L6792,Erste Group Bank AG,Austria,Large highest EEA,2025-09-30,010000,265,265,1,20260622,161,155,94.1,false
PQOH26KWDF7CG10L6792,Erste Group Bank AG,Austria,Large highest EEA,2025-09-30,020000,266,266,1,20260623,161,155,95.7,false
PRNXTNXHBI0TSY1V8P17,Zagrebačka banka d.d.,Croatia,Large subsidiaries,2025-06-30,010000,268,269,2,20260325,128,260.0,57.4,false
PRNXTNXHBI0TSY1V8P17,Zagrebačka banka d.d.,Croatia,Large subsidiaries,2025-06-30,020000,268,268,2,20260325,128,260.0,57.4,false
PRNXTNXHBI0TSY1V8P17,Zagrebačka banka d.d.,Croatia,Large subsidiaries,2025-09-30,010000,177,177,1,20260326,72,176.0,51.4,false
PRNXTNXHBI0TSY1V8P17,Zagrebačka banka d.d.,Croatia,Large subsidiaries,2025-09-30,020000,175,175,1,20260324,72,176.0,49.3,false
PRNXTNXHBI0TSY1V8P17,Zagrebačka banka d.d.,Croatia,Large subsidiaries,2025-12-31,010000,117,117,3,20260427,188,124.0,42.6,false
PRNXTNXHBI0TSY1V8P17,Zagrebačka banka d.d.,Croatia,Large subsidiaries,2025-12-31,020000,117,117,4,20260427,188,124.0,42.6,false
PRNXTNXHBI0TSY1V8P17,Zagrebačka banka d.d.,Croatia,Large subsidiaries,2026-03-31,010000,84,84,1,20260623,62,69.0,80.6,true
PRNXTNXHBI0TSY1V8P17,Zagrebačka banka d.d.,Croatia,Large subsidiaries,2026-03-31,020100,84,84,1,20260623,62,69.0,80.6,true
PSNL19R2RXX5U3QWHI44,MEDIOBANCA - BANCA DI CREDITO FINANZIARIO S.P.A.,Italy,Large subsidiaries,2025-06-30,010000,158,211,2,20251205,128,260.0,5.9,false
PSNL19R2RXX5U3QWHI44,MEDIOBANCA - BANCA DI CREDITO FINANZIARIO S.P.A.,Italy,Large subsidiaries,2025-06-30,020000,211,221,6,20260127,128,260.0,20.7,false
PSNL19R2RXX5U3QWHI44,MEDIOBANCA - BANCA DI CREDITO FINANZIARIO S.P.A.,Italy,Large subsidiaries,2025-09-30,010000,129,129,1,20260206,72,176.0,24.3,false
PSNL19R2RXX5U3QWHI44,MEDIOBANCA - BANCA DI CREDITO FINANZIARIO S.P.A.,Italy,Large subsidiaries,2025-09-30,020000,132,132,1,20260209,72,176.0,25.7,false
PSNL19R2RXX5U3QWHI44,MEDIOBANCA - BANCA DI CREDITO FINANZIARIO S.P.A.,Italy,Large subsidiaries,2025-12-31,010000,175,175,3,20260624,188,124.0,91.0,false
PSNL19R2RXX5U3QWHI44,MEDIOBANCA - BANCA DI CREDITO FINANZIARIO S.P.A.,Italy,Large subsidiaries,2025-12-31,020000,174,175,4,20260623,188,124.0,88.8,false
PWEFG14QWWESISQ84C69,IKB Deutsche Industriebank Aktiengesellschaft,Germany,Other highest EEA,2025-12-31,010000,98,98,1,20260408,439,141,23.6,false
PWEFG14QWWESISQ84C69,IKB Deutsche Industriebank Aktiengesellschaft,Germany,Other highest EEA,2025-12-31,020000,98,98,3,20260408,439,141,23.6,false
Q5BP2UEQ48R75BOTCB92,"Československá obchodní banka, a.s.",Czech,Large subsidiaries,2025-06-30,010000,344,344,1,20260609,128,260.0,82.0,false
Q5BP2UEQ48R75BOTCB92,"Československá obchodní banka, a.s.",Czech,Large subsidiaries,2025-06-30,020000,344,344,1,20260609,128,260.0,82.0,false
Q5BP2UEQ48R75BOTCB92,"Československá obchodní banka, a.s.",Czech,Large subsidiaries,2025-12-31,010000,113,114,3,20260423,188,124.0,36.4,false
Q5BP2UEQ48R75BOTCB92,"Československá obchodní banka, a.s.",Czech,Large subsidiaries,2025-12-31,020000,103,160,4,20260413,188,124.0,28.2,false
QS3ZEAHRBZY9228Z0111,Bank Julius Baer Europe S.A.,Luxembourg,Other highest EEA,2025-12-31,010000,97,97,1,20260407,439,141,22.9,false
QS3ZEAHRBZY9228Z0111,Bank Julius Baer Europe S.A.,Luxembourg,Other highest EEA,2025-12-31,020000,97,135,3,20260407,439,141,22.9,false
R0MUWSFPU8MPRO8K5P83,BNP Paribas,France,Large highest EEA,2025-06-30,010000,276,276,3,20260402,210,234.0,70.7,false
R0MUWSFPU8MPRO8K5P83,BNP Paribas,France,Large highest EEA,2025-06-30,020000,263,276,3,20260320,210,234.0,65.5,false
R0MUWSFPU8MPRO8K5P83,BNP Paribas,France,Large highest EEA,2025-09-30,010000,184,184,2,20260402,161,155,68.9,false
R0MUWSFPU8MPRO8K5P83,BNP Paribas,France,Large highest EEA,2025-09-30,020000,184,184,1,20260402,161,155,68.9,false
R0MUWSFPU8MPRO8K5P83,BNP Paribas,France,Large highest EEA,2025-12-31,010000,79,142,4,20260320,241,113,19.7,false
R0MUWSFPU8MPRO8K5P83,BNP Paribas,France,Large highest EEA,2025-12-31,020000,79,111,5,20260320,241,113,19.7,false
R0MUWSFPU8MPRO8K5P83,BNP Paribas,France,Large highest EEA,2026-03-31,010000,30,30,1,20260430,155,58,6.5,true
R0MUWSFPU8MPRO8K5P83,BNP Paribas,France,Large highest EEA,2026-03-31,010100,30,30,1,20260430,155,58,6.5,true
R0MUWSFPU8MPRO8K5P83,BNP Paribas,France,Large highest EEA,2026-03-31,020100,30,30,2,20260430,155,58,6.5,true
R1IO4YJ0O79SMWVCHB58,Banque centrale de compensation,France,Large highest EEA,2025-12-31,010000,175,175,1,20260624,241,113,92.1,false
R1IO4YJ0O79SMWVCHB58,Banque centrale de compensation,France,Large highest EEA,2025-12-31,020000,175,175,3,20260624,241,113,92.1,false
R7CQUF1DQM73HUTV1078,"Banque et Caisse d´Epargne de l´Etat, Luxembourg",Luxembourg,Large highest EEA,2025-06-30,010000,284,288,2,20260410,210,234.0,74.0,false
R7CQUF1DQM73HUTV1078,"Banque et Caisse d´Epargne de l´Etat, Luxembourg",Luxembourg,Large highest EEA,2025-06-30,020000,279,287,3,20260405,210,234.0,72.1,false
R7CQUF1DQM73HUTV1078,"Banque et Caisse d´Epargne de l´Etat, Luxembourg",Luxembourg,Large highest EEA,2025-09-30,010000,195,195,1,20260413,161,155,74.8,false
R7CQUF1DQM73HUTV1078,"Banque et Caisse d´Epargne de l´Etat, Luxembourg",Luxembourg,Large highest EEA,2025-09-30,020000,189,189,1,20260407,161,155,72.4,false
R7CQUF1DQM73HUTV1078,"Banque et Caisse d´Epargne de l´Etat, Luxembourg",Luxembourg,Large highest EEA,2025-12-31,010000,58,117,4,20260227,241,113,7.9,false
R7CQUF1DQM73HUTV1078,"Banque et Caisse d´Epargne de l´Etat, Luxembourg",Luxembourg,Large highest EEA,2025-12-31,020000,117,139,4,20260427,241,113,54.1,false
RG3IZJKPYQ4H6IQPIC08,Addiko Bank d.d.,Croatia,Large subsidiaries,2025-06-30,010000,150,210,2,20251127,128,260.0,2.7,false
RG3IZJKPYQ4H6IQPIC08,Addiko Bank d.d.,Croatia,Large subsidiaries,2025-06-30,020000,219,219,1,20260204,128,260.0,30.1,false
RG3IZJKPYQ4H6IQPIC08,Addiko Bank d.d.,Croatia,Large subsidiaries,2025-12-31,010000,134,141,4,20260514,188,124.0,56.6,false
RG3IZJKPYQ4H6IQPIC08,Addiko Bank d.d.,Croatia,Large subsidiaries,2025-12-31,020000,134,138,3,20260514,188,124.0,56.6,false
RRUN0TCQ1K2JDV7MXO75,Oberbank AG,Austria,Other highest EEA,2025-06-30,010000,207,207,1,20260123,66,247.5,16.7,false
RRUN0TCQ1K2JDV7MXO75,Oberbank AG,Austria,Other highest EEA,2025-06-30,020000,207,207,1,20260123,66,247.5,16.7,false
RRUN0TCQ1K2JDV7MXO75,Oberbank AG,Austria,Other highest EEA,2025-12-31,010000,174,177,4,20260623,439,141,78.4,false
RRUN0TCQ1K2JDV7MXO75,Oberbank AG,Austria,Other highest EEA,2025-12-31,020000,177,177,3,20260626,439,141,88.6,false
RUOKPID0PZ0UWJYU9J61,John Deere Bank S.A.,Luxembourg,Other highest EEA,2025-10-31,020000,224,224,1,20260612,5,180,90.0,false
RY3KI4Q2655O2GIL8D68,BANCA INVESTIS S.P.A.,Italy,Other highest EEA,2025-12-31,010000,173,173,1,20260622,439,141,75.4,false
RY3KI4Q2655O2GIL8D68,BANCA INVESTIS S.P.A.,Italy,Other highest EEA,2025-12-31,020000,91,92,3,20260401,439,141,21.5,false
SI5RG2M0WQQLZCXKRM20,"Banco de Sabadell, S.A.",Spain,Large highest EEA,2025-06-30,010000,270,274,4,20260327,210,234.0,67.6,false
SI5RG2M0WQQLZCXKRM20,"Banco de Sabadell, S.A.",Spain,Large highest EEA,2025-06-30,020000,270,274,6,20260327,210,234.0,67.6,false
SI5RG2M0WQQLZCXKRM20,"Banco de Sabadell, S.A.",Spain,Large highest EEA,2025-09-30,020000,178,182,2,20260327,161,155,65.8,false
SI5RG2M0WQQLZCXKRM20,"Banco de Sabadell, S.A.",Spain,Large highest EEA,2025-12-31,010000,86,90,6,20260327,241,113,25.9,false
SI5RG2M0WQQLZCXKRM20,"Banco de Sabadell, S.A.",Spain,Large highest EEA,2025-12-31,020000,86,90,8,20260327,241,113,25.9,false
SI5RG2M0WQQLZCXKRM20,"Banco de Sabadell, S.A.",Spain,Large highest EEA,2026-03-31,010000,59,59,1,20260529,155,58,54.2,true
SI5RG2M0WQQLZCXKRM20,"Banco de Sabadell, S.A.",Spain,Large highest EEA,2026-03-31,020100,59,59,1,20260529,155,58,54.2,true
SX0CI4F7GVW5530ZMN03,Wells Fargo Bank International Unlimited Company,Ireland,Other highest EEA,2025-12-31,010000,179,179,2,20260628,439,141,90.1,false
SX0CI4F7GVW5530ZMN03,Wells Fargo Bank International Unlimited Company,Ireland,Other highest EEA,2025-12-31,020000,118,179,3,20260428,439,141,35.0,false
TO822O0VT80V06K0FH57,"Caixa Geral de Depósitos, S.A.",Portugal,Large highest EEA,2025-12-31,010000,168,175,2,20260617,241,113,84.0,false
TO822O0VT80V06K0FH57,"Caixa Geral de Depósitos, S.A.",Portugal,Large highest EEA,2025-12-31,020000,174,177,4,20260623,241,113,89.8,false
TPS0Q8GFSZF45ZZFL873,Société Générale Luxembourg,Luxembourg,Large subsidiaries,2025-12-31,010000,149,153,2,20260529,188,124.0,68.4,false
TPS0Q8GFSZF45ZZFL873,Société Générale Luxembourg,Luxembourg,Large subsidiaries,2025-12-31,020000,90,155,3,20260331,188,124.0,23.9,false
TUKDD90GPC79G1KOE162,Hamburg Commercial Bank AG,Germany,Large highest EEA,2025-06-30,010000,294,294,2,20260420,210,234.0,77.1,false
TUKDD90GPC79G1KOE162,Hamburg Commercial Bank AG,Germany,Large highest EEA,2025-06-30,020000,294,294,3,20260420,210,234.0,77.1,false
TUKDD90GPC79G1KOE162,Hamburg Commercial Bank AG,Germany,Large highest EEA,2025-09-30,010000,202,202,1,20260420,161,155,78.3,false
TUKDD90GPC79G1KOE162,Hamburg Commercial Bank AG,Germany,Large highest EEA,2025-09-30,020000,202,202,1,20260420,161,155,78.3,false
TUKDD90GPC79G1KOE162,Hamburg Commercial Bank AG,Germany,Large highest EEA,2025-12-31,010000,104,104,3,20260414,241,113,38.4,false
TUKDD90GPC79G1KOE162,Hamburg Commercial Bank AG,Germany,Large highest EEA,2025-12-31,020000,104,104,4,20260414,241,113,38.4,false
UAIAINAJ28P30E5GWE37,BGL BNP Paribas,Luxembourg,Large subsidiaries,2025-06-30,010000,302,302,1,20260428,128,260.0,68.4,false
UAIAINAJ28P30E5GWE37,BGL BNP Paribas,Luxembourg,Large subsidiaries,2025-12-31,010000,117,120,2,20260427,188,124.0,42.6,false
UAIAINAJ28P30E5GWE37,BGL BNP Paribas,Luxembourg,Large subsidiaries,2025-12-31,020000,90,120,4,20260331,188,124.0,23.9,false
UI802FYJ52XDB7N4KN18,BANCA NAZIONALE DEL LAVORO S.P.A. (IN FORMA CONTRATTA BNL S.P.A.),Italy,Large subsidiaries,2025-06-30,010000,196,214,4,20260112,128,260.0,16.8,false
UI802FYJ52XDB7N4KN18,BANCA NAZIONALE DEL LAVORO S.P.A. (IN FORMA CONTRATTA BNL S.P.A.),Italy,Large subsidiaries,2025-06-30,020000,214,214,5,20260130,128,260.0,27.7,false
UI802FYJ52XDB7N4KN18,BANCA NAZIONALE DEL LAVORO S.P.A. (IN FORMA CONTRATTA BNL S.P.A.),Italy,Large subsidiaries,2025-12-31,010000,84,133,4,20260325,188,124.0,15.2,false
UI802FYJ52XDB7N4KN18,BANCA NAZIONALE DEL LAVORO S.P.A. (IN FORMA CONTRATTA BNL S.P.A.),Italy,Large subsidiaries,2025-12-31,020000,84,173,5,20260325,188,124.0,15.2,false
VDYMYTQGZZ6DU0912C88,Bayerische Landesbank,Germany,Large highest EEA,2025-06-30,010000,322,322,2,20260518,210,234.0,81.4,false
VDYMYTQGZZ6DU0912C88,Bayerische Landesbank,Germany,Large highest EEA,2025-06-30,020000,322,361,3,20260518,210,234.0,81.4,false
VDYMYTQGZZ6DU0912C88,Bayerische Landesbank,Germany,Large highest EEA,2025-09-30,010000,224,224,1,20260512,161,155,83.9,false
VDYMYTQGZZ6DU0912C88,Bayerische Landesbank,Germany,Large highest EEA,2025-09-30,020000,224,224,1,20260512,161,155,83.9,false
VDYMYTQGZZ6DU0912C88,Bayerische Landesbank,Germany,Large highest EEA,2025-12-31,010000,84,135,2,20260325,241,113,22.8,false
VDYMYTQGZZ6DU0912C88,Bayerische Landesbank,Germany,Large highest EEA,2025-12-31,020000,118,177,3,20260428,241,113,55.6,false
VDYMYTQGZZ6DU0912C88,Bayerische Landesbank,Germany,Large highest EEA,2026-03-31,010000,76,76,1,20260615,155,58,81.0,true
VDYMYTQGZZ6DU0912C88,Bayerische Landesbank,Germany,Large highest EEA,2026-03-31,020100,58,58,1,20260528,155,58,50.0,true
VWMYAEQSTOPNV0SUGU82,"Bankinter, S.A.",Spain,Large highest EEA,2025-06-30,010000,158,158,2,20251205,210,234.0,11.4,false
VWMYAEQSTOPNV0SUGU82,"Bankinter, S.A.",Spain,Large highest EEA,2025-06-30,020000,171,207,3,20251218,210,234.0,17.9,false
VWMYAEQSTOPNV0SUGU82,"Bankinter, S.A.",Spain,Large highest EEA,2025-12-31,010000,117,133,3,20260427,241,113,54.1,false
VWMYAEQSTOPNV0SUGU82,"Bankinter, S.A.",Spain,Large highest EEA,2025-12-31,020000,117,138,4,20260427,241,113,54.1,false
VWMYAEQSTOPNV0SUGU82,"Bankinter, S.A.",Spain,Large highest EEA,2026-03-31,020100,77,77,1,20260616,155,58,82.6,true
XLEZHWWOI4HFQDGL4793,BANK HANDLOWY W WARSZAWIE SA,Poland,Large subsidiaries,2025-09-30,010000,255,255,2,20260612,72,176.0,84.7,false
XLEZHWWOI4HFQDGL4793,BANK HANDLOWY W WARSZAWIE SA,Poland,Large subsidiaries,2025-09-30,020000,255,255,1,20260612,72,176.0,84.7,false
XLEZHWWOI4HFQDGL4793,BANK HANDLOWY W WARSZAWIE SA,Poland,Large subsidiaries,2025-12-31,010000,76,76,3,20260317,188,124.0,11.4,false
XLEZHWWOI4HFQDGL4793,BANK HANDLOWY W WARSZAWIE SA,Poland,Large subsidiaries,2025-12-31,020000,76,77,4,20260317,188,124.0,11.4,false
XLEZHWWOI4HFQDGL4793,BANK HANDLOWY W WARSZAWIE SA,Poland,Large subsidiaries,2026-03-31,010000,36,36,1,20260506,62,69.0,15.3,true
XLEZHWWOI4HFQDGL4793,BANK HANDLOWY W WARSZAWIE SA,Poland,Large subsidiaries,2026-03-31,010100,36,36,1,20260506,62,69.0,15.3,true
XLEZHWWOI4HFQDGL4793,BANK HANDLOWY W WARSZAWIE SA,Poland,Large subsidiaries,2026-03-31,020100,37,37,1,20260507,62,69.0,19.4,true
XTC5E2QFTEF0435JWL77,Nederlandse Financierings-Maatschappij voor Ontwikkelingslanden N.V.,Netherlands,Other highest EEA,2025-12-31,010000,112,112,2,20260422,439,141,30.0,false
XTC5E2QFTEF0435JWL77,Nederlandse Financierings-Maatschappij voor Ontwikkelingslanden N.V.,Netherlands,Other highest EEA,2025-12-31,020000,112,112,3,20260422,439,141,30.0,false
Y28RT6GGYJ696PMW8T44,UniCredit csoport,Hungary,Large subsidiaries,2025-12-31,010000,149,149,1,20260529,188,124.0,68.4,false
Y28RT6GGYJ696PMW8T44,UniCredit csoport,Hungary,Large subsidiaries,2025-12-31,020000,149,150,3,20260529,188,124.0,68.4,false
Y28RT6GGYJ696PMW8T44,UniCredit csoport,Hungary,Large subsidiaries,2026-03-31,010100,59,59,1,20260529,62,69.0,46.0,true
