lei,scope,refPeriod,bank_name,country,institution_type,konzern_kopf,kopf_name,kopf_quelle,peer_gruppe,peer_n,peer_effektiv,peer_konzernueberschneidung,peer_verwandte
0W2PZJM8XOY22M4GG883,CON,2025-06-30,DekaBank Deutsche Girozentrale,Germany,Large highest EEA,0W2PZJM8XOY22M4GG883,DekaBank Deutsche Girozentrale,ezb,Large highest EEA|CON|2025-06-30,90,90,nein,
1FOLRR5RWTWWI397R131,IND,2025-06-30,Aktiebolaget Svensk Exportkredit,Sweden,Large highest EEA,1FOLRR5RWTWWI397R131,Aktiebolaget Svensk Exportkredit,eigen,Large highest EEA|IND|2025-06-30,16,15,nein,
2138004FIUXU3B2MR537,CON,2025-06-30,"Caixa Económica Montepio Geral, Caixa Económica Bancária, S.A.",Portugal,Large highest EEA,213800SK4KN8HTCNPB38,,gleif,Large highest EEA|CON|2025-06-30,90,90,nein,
21380057HUGFEAF25W84,CON,2025-06-30,NOBA Group,Sweden,Other highest EEA,21380057HUGFEAF25W84,NOBA Group,eigen,Other highest EEA|CON|2025-06-30,29,28,nein,
2138005M92IEIQVEL297,CON,2025-06-30,AS Inbank,Estonia,Other highest EEA,2138005M92IEIQVEL297,AS Inbank,eigen,Other highest EEA|CON|2025-06-30,29,28,nein,
2138009Y59EAR7H1UO97,CON,2025-06-30,"Akciju sabiedrība ""Citadele banka""",Latvia,Large highest EEA,2138009Y59EAR7H1UO97,AS “Citadele banka”,ezb,Large highest EEA|CON|2025-06-30,90,90,nein,
213800A1O379I6DMCU10,IND,2025-06-30,APS BANK P.L.C.,Malta,Large highest EEA,213800A1O379I6DMCU10,APS BANK P.L.C.,eigen,Large highest EEA|IND|2025-06-30,16,15,nein,
213800DBQIB6VBNU5C64,CON,2025-06-30,Alpha Bank S.A.,Greece,Large highest EEA,213800DBQIB6VBNU5C64,ALPHA BANK S.A.,ezb,Large highest EEA|CON|2025-06-30,90,90,nein,
213800HDJ876ACJXXD05,CON,2025-06-30,AIKGROUP (CY) LIMITED,Cyprus,Large highest EEA,213800HDJ876ACJXXD05,AikGroup (CY) Limited,ezb,Large highest EEA|CON|2025-06-30,90,90,nein,
213800M7T3CYVZ3ZRT12,CON,2025-06-30,Sparebanken Norge,Norway,Large highest EEA,213800M7T3CYVZ3ZRT12,Sparebanken Norge,eigen,Large highest EEA|CON|2025-06-30,90,90,nein,
213800TC9PZRBHMJW403,CON,2025-06-30,MDB Group Limited,Malta,Large subsidiaries,315700LT2QPI1YMTC764,CREDITAS B.V.,ezb,Large subsidiaries|CON|2025-06-30,54,24,nein,
213800UYAHIRLZ4NSN67,IND,2025-06-30,Lån & Spar Bank A/S,Denmark,Other highest EEA,213800UYAHIRLZ4NSN67,Lån & Spar Bank A/S,eigen,Other highest EEA|IND|2025-06-30,10,10,nein,
213800X3Q9LSAKRUWY91,CON,2025-06-30,KBC Groupe,Belgium,Large highest EEA,213800X3Q9LSAKRUWY91,KBC Group NV,ezb,Large highest EEA|CON|2025-06-30,90,90,nein,
22210058UCKT3BJTCN24,CON,2025-06-30,OTP Luxembourg S.à r.l.,Luxembourg,Large subsidiaries,529900W3MOO00A18X956,OTP-csoport,gleif,Large subsidiaries|CON|2025-06-30,54,24,ja,OTP banka d.d.
254900RNFMDM0P11YR84,CON,2025-06-30,Atlantic Lux HoldCo S.à r.l.,Luxembourg,Large highest EEA,254900RNFMDM0P11YR84,Atlantic Lux HoldCo S.à r.l.,ezb,Large highest EEA|CON|2025-06-30,90,90,nein,
259400DZXF7UJKK2AY35,CON,2025-06-30,mBank S.A.,Poland,Large subsidiaries,851WYGNLUQLFZBSYGB56,COMMERZBANK Aktiengesellschaft,gleif,Large subsidiaries|CON|2025-06-30,54,24,nein,
259400LGXW3K0GDAG361,CON,2025-06-30,Santander Bank Polska S.A.,Poland,Large subsidiaries,PQOH26KWDF7CG10L6792,Erste Group Bank AG,gleif,Large subsidiaries|CON|2025-06-30,54,24,ja,"Erste&Steiermärkische Bank d|Slovenská sporiteľňa, a.s.|Steiermärkische Bank und Spa"
259400OFDZ9KPZEO8K78,CON,2025-06-30,BANK MILLENNIUM SA,Poland,Large subsidiaries,JU1U6S0DG9YLT7N8ZV32,"Banco Comercial Português, SA",gleif,Large subsidiaries|CON|2025-06-30,54,24,nein,
259400P9KF07OP2K5P83,IND,2025-06-30,SGB-Bank S.A.,Poland,Large highest EEA,259400P9KF07OP2K5P83,SGB-Bank S.A.,eigen,Large highest EEA|IND|2025-06-30,16,15,nein,
259400QHDOZWMJ103294,CON,2025-06-30,ALIOR BANK S.A.,Poland,Other highest EEA,QLPCKOOKVX32FUELX240,,gleif,Other highest EEA|CON|2025-06-30,29,28,nein,
259400YLRTOBISHBVX41,CON,2025-06-30,ING Bank Slaski S.A.,Poland,Large subsidiaries,549300NYKK9MWM7GGW15,ING Groep N.V.,gleif,Large subsidiaries|CON|2025-06-30,54,24,ja,ING Belgie|ING Holding Deutschland GmbH
2G5BKIC2CB69PRJH1W31,IND,2025-06-30,Barclays Bank Ireland plc,Ireland,Large highest EEA,213800LBQA1Y9L22JB70,,gleif,Large highest EEA|IND|2025-06-30,16,15,nein,
2W8N8UU78PMDQKZENC08,CON,2025-06-30,Intesa Sanpaolo S.p.A.,Italy,Large highest EEA,2W8N8UU78PMDQKZENC08,Intesa Sanpaolo S.p.A.,ezb,Large highest EEA|CON|2025-06-30,90,90,nein,
2ZCNRR8UK83OBTEK2170,CON,2025-06-30,UniCredit Bank GmbH,Germany,Large subsidiaries,549300TRUWO2CD2G5692,UniCredit S.p.A.,beide,Large subsidiaries|CON|2025-06-30,54,24,ja,UniCredit Bank Austria AG|UniCredit Bank Czech Republi|UniCredit Bulbank AD
31570014BNQ1Q99CNQ35,CON,2025-06-30,PPF Financial Holdings AS,Czech,Large highest EEA,984500CE58365CB10V25,,gleif,Large highest EEA|CON|2025-06-30,90,90,nein,
3157002JBFAI478MD587,CON,2025-06-30,"Tatra banka, a.s.",Slovakia,Large subsidiaries,9ZHRYM6F437SQJ6OUG95,Raiffeisen Bank International AG,beide,Large subsidiaries|CON|2025-06-30,54,24,ja,RAIFFEISEN BANK S.A.|Raiffeisenbank Austria d.d.
315700E9POA724IWFP59,CON,2025-06-30,J&amp;T FINANCE GROUP SE,Czech,Large highest EEA,315700E9POA724IWFP59,J&amp;T FINANCE GROUP SE,eigen,Large highest EEA|CON|2025-06-30,90,90,nein,
315700K45LRKNGMUIW27,IND,2025-06-30,"Prima banka Slovensko, a.s.",Slovakia,Large highest EEA,,,unbekannt,Large highest EEA|IND|2025-06-30,16,15,nein,
391200EEGLNXBBCVKC73,CON,2025-06-30,Erwerbsgesellschaft der S-Finanzgruppe mbH & Co. KG,Germany,Large highest EEA,391200EEGLNXBBCVKC73,Erwerbsgesellschaft der S-Finanzgruppe mbH & Co. KG,ezb,Large highest EEA|CON|2025-06-30,90,90,nein,
3H0Q3U74FVFED2SHZT16,CON,2025-06-30,MBH bankcsoport,Hungary,Large highest EEA,3H0Q3U74FVFED2SHZT16,MBH bankcsoport,eigen,Large highest EEA|CON|2025-06-30,90,90,nein,
5299002GPCR602QYJC04,CON,2025-06-30,KfW Beteiligungsholding GmbH,Germany,Large highest EEA,549300GDPG70E3MBBU98,,gleif,Large highest EEA|CON|2025-06-30,90,90,nein,
5299003ATVTQVPTW4735,CON,2025-06-30,BTV Vier Länder Bank AG,Austria,Other highest EEA,5299003ATVTQVPTW4735,BTV Vier Länder Bank AG,eigen,Other highest EEA|CON|2025-06-30,29,28,nein,
5299005OACOC1C1OFJ11,IND,2025-06-30,Raiffeisen-Landesbank Tirol AG,Austria,Other highest EEA,5299005OACOC1C1OFJ11,Raiffeisen-Landesbank Tirol AG,eigen,Other highest EEA|IND|2025-06-30,10,10,nein,
5299007S3UH5RKUYDA52,IND,2025-06-30,DEUTSCHE APOTHEKER- UND ÄRZTEBANK EG,Germany,Large highest EEA,5299007S3UH5RKUYDA52,Deutsche Apotheker- und Ärztebank eG,ezb,Large highest EEA|IND|2025-06-30,16,15,nein,
5299009EHB4RBGMI5828,IND,2025-06-30,Raiffeisen Landesbank Kärnten und Revisionsverband eGen,Austria,Other highest EEA,5299009EHB4RBGMI5828,Raiffeisen Landesbank Kärnten und Revisionsverband eGen,eigen,Other highest EEA|IND|2025-06-30,10,10,nein,
529900BHRYZ464GFD289,CON,2025-06-30,GRENKE AG,Germany,Other highest EEA,529900BHRYZ464GFD289,GRENKE AG,eigen,Other highest EEA|CON|2025-06-30,29,28,nein,
529900D5G4V6THXC5P79,IND,2025-06-30,Hrvatska poštanska banka d.d.,Croatia,Large highest EEA,529900D5G4V6THXC5P79,Hrvatska poštanska banka d.d.,eigen,Large highest EEA|IND|2025-06-30,16,15,nein,
529900EKPN8EYA3AX590,IND,2025-06-30,Texim Bank AD,Bulgaria,Other highest EEA,529900EKPN8EYA3AX590,Texim Bank AD,eigen,Other highest EEA|IND|2025-06-30,10,10,nein,
529900FEID5L4H2T2L70,IND,2025-06-30,Raiffeisen Landesbank Vorarlberg mit Revisionsverband eGen,Austria,Other highest EEA,529900FEID5L4H2T2L70,Raiffeisen Landesbank Vorarlberg mit Revisionsverband eGen,eigen,Other highest EEA|IND|2025-06-30,10,10,nein,
529900FU4WJ2XT7BVE31,IND,2025-06-30,LBS Landesbausparkasse Süd,Germany,Large highest EEA,529900FU4WJ2XT7BVE31,LBS Landesbausparkasse Süd,ezb,Large highest EEA|IND|2025-06-30,16,15,nein,
529900HEKOENJHPNN480,CON,2025-06-30,Kuntarahoitus Oyj,Finland,Large highest EEA,529900HEKOENJHPNN480,Kuntarahoitus Oyj,ezb,Large highest EEA|CON|2025-06-30,90,90,nein,
529900HNOAA1KXQJUQ27,CON,2025-06-30,"DZ BANK AG Deutsche Zentral-Genossenschaftsbank, Frankfurt am Main",Germany,Large highest EEA,529900HNOAA1KXQJUQ27,DZ BANK AG Deutsche Zentral-Genossenschaftsbank,ezb,Large highest EEA|CON|2025-06-30,90,90,nein,
529900I1UZV70CZRAU55,CON,2025-06-30,Raiffeisenbank Austria d.d.,Croatia,Large subsidiaries,9ZHRYM6F437SQJ6OUG95,Raiffeisen Bank International AG,beide,Large subsidiaries|CON|2025-06-30,54,24,ja,"RAIFFEISEN BANK S.A.|Tatra banka, a.s."
529900IRBZTADXJB6757,CON,2025-06-30,flatexDEGIRO AG,Germany,Other highest EEA,529900IRBZTADXJB6757,flatexDEGIRO AG,eigen,Other highest EEA|CON|2025-06-30,29,28,nein,
529900JZTYE3W7WQH904,CON,2025-06-30,HASPA Finanzholding,Germany,Large highest EEA,529900JZTYE3W7WQH904,HASPA Finanzholding,ezb,Large highest EEA|CON|2025-06-30,90,90,nein,
529900JZXXU699FCKK89,IND,2025-06-30,Bausparkasse Schwäbisch Hall Aktiengesellschaft - Bausparkasse der Volksbanken und Raiffeisenbanken,Germany,Large subsidiaries,529900HNOAA1KXQJUQ27,DZ BANK AG Deutsche Zentral-Genossenschaftsbank,beide,Large subsidiaries|IND|2025-06-30,9,9,nein,
529900K16YGKC8BES892,IND,2025-06-30,Deutsche Kreditbank Aktiengesellschaft,Germany,Large subsidiaries,VDYMYTQGZZ6DU0912C88,Bayerische Landesbank,beide,Large subsidiaries|IND|2025-06-30,9,9,nein,
529900LU7D396TOO3B50,CON,2025-06-30,Raiffeisenverband Salzburg eGen,Austria,Other highest EEA,529900LU7D396TOO3B50,Raiffeisenverband Salzburg eGen,eigen,Other highest EEA|CON|2025-06-30,29,28,nein,
529900ODI3047E2LIV03,CON,2025-06-30,Nordea Bank Abp,Finland,Large highest EEA,529900ODI3047E2LIV03,Nordea Bank Abp,ezb,Large highest EEA|CON|2025-06-30,90,90,nein,
529900OE1FOAM50XLP72,CON,2025-06-30,Liechtensteinische Landesbank AG,Liechtenstein,Large highest EEA,529900OE1FOAM50XLP72,Liechtensteinische Landesbank AG,eigen,Large highest EEA|CON|2025-06-30,90,90,nein,
529900QYEJ2GYSWK1F08,CON,2025-06-30,RLB-Stmk Verbund eGen,Austria,Other highest EEA,529900QYEJ2GYSWK1F08,RLB-Stmk Verbund eGen,eigen,Other highest EEA|CON|2025-06-30,29,28,nein,
529900RWC8ZYB066JF16,CON,2025-06-30,Bank of Valletta Plc,Malta,Large highest EEA,529900RWC8ZYB066JF16,Bank of Valletta plc,ezb,Large highest EEA|CON|2025-06-30,90,90,nein,
529900UKZBMDBDZIXD62,CON,2025-06-30,Addiko Bank AG,Austria,Other highest EEA,529900UKZBMDBDZIXD62,Addiko Bank AG,ezb,Other highest EEA|CON|2025-06-30,29,28,nein,
529900V3O1M5IHMOSF46,CON,2025-06-30,State Street Europe Holdings Germany S.a.r.l. & Co. KG,Germany,Large highest EEA,549300ZFEEJ2IP5VME73,,gleif,Large highest EEA|CON|2025-06-30,90,90,nein,
529900W3MOO00A18X956,CON,2025-06-30,OTP-csoport,Hungary,Large highest EEA,529900W3MOO00A18X956,OTP-csoport,eigen,Large highest EEA|CON|2025-06-30,90,90,nein,
529900XSTAE561178282,CON,2025-06-30,Raiffeisenbankengruppe OÖ Verbund eGen,Austria,Large highest EEA,529900XSTAE561178282,Raiffeisenbankengruppe OÖ Verbund eGen,ezb,Large highest EEA|CON|2025-06-30,90,90,nein,
5493000LKS7B3UTF7H35,CON,2025-06-30,Bank Polska Kasa Opieki S.A.,Poland,Large highest EEA,QLPCKOOKVX32FUELX240,,gleif,Large highest EEA|CON|2025-06-30,90,90,nein,
5493000LM0MZ4JPMGM90,CON,2025-06-30,"Santander Consumer Finance, S.A.",Spain,Large subsidiaries,5493006QMFDDMYWIAM13,"Banco Santander, S.A.",beide,Large subsidiaries|CON|2025-06-30,54,24,ja,"Banco Santander Totta, SA"
5493004D82XDFVPWQJ91,IND,2025-06-30,Ikano Bank AB (publ),Sweden,Other highest EEA,5493008E81TB1MN1VT78,,gleif,Other highest EEA|IND|2025-06-30,10,10,nein,
54930056IRBXK0Q1FP96,CON,2025-06-30,"Abanca Corporacion Bancaria, S.A.",Spain,Large highest EEA,54930056IRBXK0Q1FP96,"ABANCA Corporación Bancaria, S.A.",ezb,Large highest EEA|CON|2025-06-30,90,90,nein,
5493006QMFDDMYWIAM13,CON,2025-06-30,"Banco Santander, S.A.",Spain,Large highest EEA,5493006QMFDDMYWIAM13,"Banco Santander, S.A.",ezb,Large highest EEA|CON|2025-06-30,90,90,nein,
5493007BWYDPQZLZ0Y27,CON,2025-06-30,HYPO NOE Landesbank für Niederösterreich und Wien AG,Austria,Other highest EEA,5493007BWYDPQZLZ0Y27,HYPO NOE Landesbank für Niederösterreich und Wien AG,eigen,Other highest EEA|CON|2025-06-30,29,28,nein,
5493007S4JE930SIUE86,CON,2025-06-30,ING Holding Deutschland GmbH,Germany,Large subsidiaries,549300NYKK9MWM7GGW15,ING Groep N.V.,beide,Large subsidiaries|CON|2025-06-30,54,24,ja,ING Bank Slaski S.A.|ING Belgie
5493008QOCP58OLEN998,CON,2025-06-30,Investeringsmaatschappij Argenta - Société d'investissements Argenta - Investierungsgesellschaft Arg,Belgium,Large highest EEA,5493008QOCP58OLEN998,Investeringsmaatschappij Argenta NV ; Société d'investissements Argenta SA ; Investierungsgesellschaft Argenta AG,ezb,Large highest EEA|CON|2025-06-30,90,90,nein,
5493008QRHH0XCLJ4238,CON,2025-06-30,BRD-Groupe Société Générale SA,Romania,Large subsidiaries,O2RNE8IBXP4R0TD8PU41,Société générale S.A.,gleif,Large subsidiaries|CON|2025-06-30,54,24,nein,
5493009EIBTCB1X12G89,CON,2025-06-30,LGT Group Foundation,Liechtenstein,Large highest EEA,5493009EIBTCB1X12G89,LGT Group Foundation,eigen,Large highest EEA|CON|2025-06-30,90,90,nein,
5493009ML6YX83YHC820,CON,2025-06-30,Argenta Bank- en Verzekeringsgroep NV,Belgium,Large subsidiaries,5493008QOCP58OLEN998,Investeringsmaatschappij Argenta NV ; Société d'investissements Argenta SA ; Investierungsgesellschaft Argenta AG,beide,Large subsidiaries|CON|2025-06-30,54,24,nein,
549300A2F46GR0UOM390,CON,2025-06-30,Erste&Steiermärkische Bank d.d.,Croatia,Large subsidiaries,PQOH26KWDF7CG10L6792,Erste Group Bank AG,beide,Large subsidiaries|CON|2025-06-30,54,24,ja,"Santander Bank Polska S.A.|Slovenská sporiteľňa, a.s.|Steiermärkische Bank und Spa"
549300C6TUMDXNOVXS82,CON,2025-06-30,Länsförsäkringar Bank AB - gruppen,Sweden,Large highest EEA,549300FOASW7JFUQV048,,gleif,Large highest EEA|CON|2025-06-30,90,90,nein,
549300DVPJYGNF2P7B03,CON,2025-06-30,Steiermärkische Bank und Sparkassen Aktiengesellschaft,Austria,Large subsidiaries,PQOH26KWDF7CG10L6792,Erste Group Bank AG,beide,Large subsidiaries|CON|2025-06-30,54,24,ja,"Erste&Steiermärkische Bank d|Santander Bank Polska S.A.|Slovenská sporiteľňa, a.s."
549300DYPOFMXOR7XM56,CON,2025-06-30,Crelan,Belgium,Large highest EEA,549300DYPOFMXOR7XM56,Crelan SA ; Crelan NV,ezb,Large highest EEA|CON|2025-06-30,90,90,nein,
549300EHNXQVOI120S55,CON,2025-06-30,Coop Pank AS,Estonia,Large highest EEA,,,unbekannt,Large highest EEA|CON|2025-06-30,90,90,nein,
549300FH0WJAPEHTIQ77,IND,2025-06-30,BofA Securities Europe SA,France,Large highest EEA,9DJT3UXIJIZJI4WXO774,,gleif,Large highest EEA|IND|2025-06-30,16,15,ja,Bank of America Europe Desig
549300GKFG0RYRRQ1414,CON,2025-06-30,DNB BANK ASA,Norway,Large highest EEA,549300GKFG0RYRRQ1414,DNB BANK ASA,eigen,Large highest EEA|CON|2025-06-30,90,90,nein,
549300HFEHJOXGE4ZE63,CON,2025-06-30,SFIL S.A.,France,Large highest EEA,969500Q2PFTTP0Y5QL44,,gleif,Large highest EEA|CON|2025-06-30,90,90,nein,
549300HUKIA1IZQHFZ83,IND,2025-06-30,Erste Bank der oesterreichischen Sparkassen AG,Austria,Large subsidiaries,PQOH26KWDF7CG10L6792,Erste Group Bank AG,beide,Large subsidiaries|IND|2025-06-30,9,9,nein,
549300IQZVZ949N37S44,CON,2025-06-30,Euroclear Holding,Belgium,Large highest EEA,549300IQZVZ949N37S44,Euroclear Holding,eigen,Large highest EEA|CON|2025-06-30,90,90,nein,
549300J0GSZ83GTKBZ89,CON,2025-06-30,OTP banka d.d.,Slovenia,Large subsidiaries,529900W3MOO00A18X956,OTP-csoport,gleif,Large subsidiaries|CON|2025-06-30,54,24,ja,OTP Luxembourg S.à r.l.
549300JB1P61FUTPEZ75,CON,2025-06-30,"Všeobecná úverová banka, a.s.",Slovakia,Large subsidiaries,2W8N8UU78PMDQKZENC08,Intesa Sanpaolo S.p.A.,beide,Large subsidiaries|CON|2025-06-30,54,24,ja,CIB Bankcsoport|Privredna Banka Zagreb d.d.
549300L7YCATGO57ZE10,CON,2025-06-30,FINECOBANK BANCA FINECO S.P.A. (IN BREVE FINECOBANK S.P.A. OVVERO BANCA FINECO S.P.A. OVVERO FINECO BANCA S.P.A.),Italy,Large highest EEA,549300L7YCATGO57ZE10,FinecoBank S.p.A.,ezb,Large highest EEA|CON|2025-06-30,90,90,nein,
549300MSY5NIVC0BME80,CON,2025-06-30,CIB Bankcsoport,Hungary,Large subsidiaries,2W8N8UU78PMDQKZENC08,Intesa Sanpaolo S.p.A.,gleif,Large subsidiaries|CON|2025-06-30,54,24,ja,"Privredna Banka Zagreb d.d.|Všeobecná úverová banka, a.s"
549300ND1MQ8SNNYMJ22,CON,2025-06-30,AS SEB Pank,Estonia,Large subsidiaries,F3JS33DEI6XQ4ZBPTN86,Skandinaviska Enskilda Banken - gruppen,gleif,Large subsidiaries|CON|2025-06-30,54,24,ja,"AS ""SEB banka"""
549300NYKK9MWM7GGW15,CON,2025-06-30,ING Groep N.V.,Netherlands,Large highest EEA,549300NYKK9MWM7GGW15,ING Groep N.V.,ezb,Large highest EEA|CON|2025-06-30,90,90,nein,
549300O3HXYXXUHR0897,CON,2025-06-30,Klarna - Grupp,Sweden,Other highest EEA,636700HER4JIK7GZUN17,,gleif,Other highest EEA|CON|2025-06-30,29,28,nein,
549300OLBL49CW8CT155,CON,2025-06-30,"Ibercaja Banco, S.A.",Spain,Large highest EEA,549300OLBL49CW8CT155,"Ibercaja Banco, S.A.",ezb,Large highest EEA|CON|2025-06-30,90,90,nein,
549300RFKNCOX56F8591,CON,2025-06-30,RAIFFEISEN BANK S.A.,Romania,Large subsidiaries,9ZHRYM6F437SQJ6OUG95,Raiffeisen Bank International AG,gleif,Large subsidiaries|CON|2025-06-30,54,24,ja,"Raiffeisenbank Austria d.d.|Tatra banka, a.s."
549300RG3H390KEL8896,CON,2025-06-30,Banca Transilvania,Romania,Large highest EEA,549300RG3H390KEL8896,Banca Transilvania,eigen,Large highest EEA|CON|2025-06-30,90,90,nein,
549300S2T3FWVVXWJI89,CON,2025-06-30,"Slovenská sporiteľňa, a.s.",Slovakia,Large subsidiaries,PQOH26KWDF7CG10L6792,Erste Group Bank AG,beide,Large subsidiaries|CON|2025-06-30,54,24,ja,Erste&Steiermärkische Bank d|Santander Bank Polska S.A.|Steiermärkische Bank und Spa
549300SBPFE9JX7N8J82,IND,2025-06-30,AB SEB bankas,Lithuania,Large subsidiaries,F3JS33DEI6XQ4ZBPTN86,Skandinaviska Enskilda Banken - gruppen,gleif,Large subsidiaries|IND|2025-06-30,9,9,nein,
549300SXM92LQ05OJQ76,CON,2025-06-30,Sparebank 1 Nord-Norge SPA,Norway,Other highest EEA,549300SXM92LQ05OJQ76,Sparebank 1 Nord-Norge SPA,eigen,Other highest EEA|CON|2025-06-30,29,28,nein,
549300TJREQ7GHIXWR36,IND,2025-06-30,Swedbank Hypotek AB,Sweden,Large subsidiaries,M312WZV08Y7LYUC71685,Swedbank - Grupp,gleif,Large subsidiaries|IND|2025-06-30,9,9,nein,
549300TRUWO2CD2G5692,CON,2025-06-30,"UNICREDIT, SOCIETA' PER AZIONI",Italy,Large highest EEA,549300TRUWO2CD2G5692,UniCredit S.p.A.,ezb,Large highest EEA|CON|2025-06-30,90,90,nein,
549300U4LIZV0REEQQ46,CON,2025-06-30,"Kutxabank, S.A.",Spain,Large highest EEA,95980020140006031928,,gleif,Large highest EEA|CON|2025-06-30,90,90,nein,
549300UOX05QGUJJ5707,IND,2025-06-30,Stadshypotek AB,Sweden,Large subsidiaries,NHBDILHZTYCNBV5UYZ31,Svenska Handelsbanken - gruppen,gleif,Large subsidiaries|IND|2025-06-30,9,9,nein,
549300URJH9VSI58CS32,CON,2025-06-30,"Banco Santander Totta, SA",Portugal,Large subsidiaries,5493006QMFDDMYWIAM13,"Banco Santander, S.A.",beide,Large subsidiaries|CON|2025-06-30,54,24,ja,"Santander Consumer Finance, "
549300UY81ESCZJ0GR95,CON,2025-06-30,First Investment Bank,Bulgaria,Large highest EEA,549300UY81ESCZJ0GR95,First Investment Bank,eigen,Large highest EEA|CON|2025-06-30,90,90,nein,
549300V1VN70Q7PQ7234,CON,2025-06-30,CRÉDIT AGRICOLE AUTO BANK S.P.A.,Italy,Large subsidiaries,969500TJ5KRTCJQWXH05,Crédit Agricole S.A.,beide,Large subsidiaries|CON|2025-06-30,54,24,ja,CRÉDIT AGRICOLE ITALIA S.P.A|Caisse régionale de crédit a|Caisse régionale de crédit a
549300VRM6G42M8OWN49,CON,2025-06-30,Sparebank 1 Østlandet,Norway,Other highest EEA,549300VRM6G42M8OWN49,Sparebank 1 Østlandet,eigen,Other highest EEA|CON|2025-06-30,29,28,nein,
549300WDT1HWUMTUW770,IND,2025-06-30,Standard Chartered Bank AG,Germany,Other highest EEA,U4LOSYZ7YG4W3S5F2G91,,gleif,Other highest EEA|IND|2025-06-30,10,10,nein,
549300X34UUBDEUL1Z91,CON,2025-06-30,HSBC Bank Malta p.l.c.,Malta,Large subsidiaries,MLU0ZO3ML4LN2LL2TL39,,gleif,Large subsidiaries|CON|2025-06-30,54,24,nein,
549300YW95G1VBBGGV07,CON,2025-06-30,"AS ""SEB banka""",Latvia,Large subsidiaries,F3JS33DEI6XQ4ZBPTN86,Skandinaviska Enskilda Banken - gruppen,gleif,Large subsidiaries|CON|2025-06-30,54,24,ja,AS SEB Pank
549300Z7V2WOFIMUEK50,CON,2025-06-30,UniCredit Bulbank AD,Bulgaria,Large subsidiaries,549300TRUWO2CD2G5692,UniCredit S.p.A.,beide,Large subsidiaries|CON|2025-06-30,54,24,ja,UniCredit Bank Austria AG|UniCredit Bank Czech Republi|UniCredit Bank GmbH
549300ZHFZ4CSK7VS460,CON,2025-06-30,Privredna Banka Zagreb d.d.,Croatia,Large subsidiaries,2W8N8UU78PMDQKZENC08,Intesa Sanpaolo S.p.A.,beide,Large subsidiaries|CON|2025-06-30,54,24,ja,"CIB Bankcsoport|Všeobecná úverová banka, a.s"
549300ZK53CNGEEI6A29,IND,2025-06-30,J.P. Morgan SE,Germany,Large highest EEA,8I5DZWZKVSZI1NUHU748,,gleif,Large highest EEA|IND|2025-06-30,16,15,nein,
5967007LIEEXZX5PU005,CON,2025-06-30,Sparebanken Møre SPA,Norway,Other highest EEA,5967007LIEEXZX5PU005,Sparebanken Møre SPA,eigen,Other highest EEA|CON|2025-06-30,29,28,nein,
5UMCZOEYKCVFAW8ZLO05,CON,2025-06-30,"National Bank of Greece, S.A.",Greece,Large highest EEA,5UMCZOEYKCVFAW8ZLO05,National Bank of Greece S.A.,ezb,Large highest EEA|CON|2025-06-30,90,90,nein,
635400AKJBGNS5WNQL34,CON,2025-06-30,AIB Group plc,Ireland,Large highest EEA,635400AKJBGNS5WNQL34,AIB Group plc,ezb,Large highest EEA|CON|2025-06-30,90,90,nein,
635400C8EK6DRI12LJ39,CON,2025-06-30,Bank of Ireland Group plc,Ireland,Large highest EEA,635400C8EK6DRI12LJ39,Bank of Ireland Group plc,ezb,Large highest EEA|CON|2025-06-30,90,90,nein,
635400F6HLXKXNJJX605,IND,2025-06-30,EXIM BANCA ROMANEASCA S.A.,Romania,Large highest EEA,635400F6HLXKXNJJX605,EXIM BANCA ROMANEASCA S.A.,eigen,Large highest EEA|IND|2025-06-30,16,15,nein,
635400L14KNHZXPUZM19,CON,2025-06-30,Bank of Cyprus Holdings Public Limited Company,Ireland,Large highest EEA,635400L14KNHZXPUZM19,Bank of Cyprus Holdings Public Limited Company,ezb,Large highest EEA|CON|2025-06-30,90,90,nein,
6TJCK1B7E7UTXP528Y04,IND,2025-06-30,Citigroup Global Markets Europe AG,Germany,Large highest EEA,6SHGI4ZSSLCXXQSBB395,,gleif,Large highest EEA|IND|2025-06-30,16,15,nein,
724500A1FNICHSDF2I11,CON,2025-06-30,ASN Bank N.V.,Netherlands,Large highest EEA,724500A1FNICHSDF2I11,ASN Bank N.V.,ezb,Large highest EEA|CON|2025-06-30,90,90,nein,
724500AH42V5X8BCPE49,CON,2025-06-30,Achmea Bank N.V.,Netherlands,Other highest EEA,7245007QUMI1FHIQV531,,gleif,Other highest EEA|CON|2025-06-30,29,28,nein,
724500JIWG886A9RRT57,CON,2025-06-30,RBS Holdings N.V.,Netherlands,Large highest EEA,724500JIWG886A9RRT57,RBS Holdings N.V.,ezb,Large highest EEA|CON|2025-06-30,90,90,nein,
7437003B5WFBOIEFY714,CON,2025-06-30,OP Osuuskunta,Finland,Large highest EEA,7437003B5WFBOIEFY714,OP Osuuskunta,ezb,Large highest EEA|CON|2025-06-30,90,90,nein,
7437005892K69S3MW344,CON,2025-06-30,Säästöpankkiliitto osk,Finland,Other highest EEA,7437005892K69S3MW344,Säästöpankkiliitto osk,eigen,Other highest EEA|CON|2025-06-30,29,28,nein,
743700FTBNXAUN57RH30,CON,2025-06-30,S-Pankki Oyj,Finland,Other highest EEA,743700FTBNXAUN57RH30,S-Pankki Oyj,eigen,Other highest EEA|CON|2025-06-30,29,28,nein,
7CUNS533WID6K7DGFI87,CON,2025-06-30,"CaixaBank, S.A.",Spain,Large highest EEA,7CUNS533WID6K7DGFI87,"CaixaBank, S.A.",ezb,Large highest EEA|CON|2025-06-30,90,90,nein,
7LTWFZYICNSX8D621K86,CON,2025-06-30,DEUTSCHE BANK AKTIENGESELLSCHAFT,Germany,Large highest EEA,7LTWFZYICNSX8D621K86,Deutsche Bank AG,ezb,Large highest EEA|CON|2025-06-30,90,90,nein,
7LVZJ6XRIE7VNZ4UBX81,CON,2025-06-30,BANCA MEDIOLANUM S.P.A.,Italy,Large highest EEA,7LVZJ6XRIE7VNZ4UBX81,Banca Mediolanum S.p.A.,ezb,Large highest EEA|CON|2025-06-30,90,90,nein,
8156005420362AE59184,CON,2025-06-30,BANCA IFIS S.P.A. (OVVERO IFIS BANCA S.P.A. O IN FORMA ABBREVIATA IFIS S.P.A.),Italy,Other highest EEA,8156005420362AE59184,BANCA IFIS S.P.A. (OVVERO IFIS BANCA S.P.A. O IN FORMA ABBREVIATA IFIS S.P.A.),eigen,Other highest EEA|CON|2025-06-30,29,28,ja,ILLIMITY BANK S.P.A.
8156007D348794DB1690,CON,2025-06-30,CRÉDIT AGRICOLE ITALIA S.P.A.,Italy,Large subsidiaries,969500TJ5KRTCJQWXH05,Crédit Agricole S.A.,beide,Large subsidiaries|CON|2025-06-30,54,24,ja,CRÉDIT AGRICOLE AUTO BANK S.|Caisse régionale de crédit a|Caisse régionale de crédit a
815600903231FA2E7698,CON,2025-06-30,BANCA GENERALI - SOCIETA' PER AZIONI (IN FORMA ABBREVIATA GENERBANCA),Italy,Other highest EEA,549300X5UKJVE386ZB61,,gleif,Other highest EEA|CON|2025-06-30,29,28,nein,
815600A029117B20DD63,CON,2025-06-30,ILLIMITY BANK S.P.A.,Italy,Other highest EEA,8156005420362AE59184,BANCA IFIS S.P.A. (OVVERO IFIS BANCA S.P.A. O IN FORMA ABBREVIATA IFIS S.P.A.),gleif,Other highest EEA|CON|2025-06-30,29,28,ja,BANCA IFIS S.P.A. (OVVERO IF
815600AD83B2B6317788,CON,2025-06-30,CREDITO EMILIANO HOLDING SOCIETA' PER AZIONI,Italy,Large highest EEA,815600AD83B2B6317788,Credito Emiliano Holding S.p.A.,ezb,Large highest EEA|CON|2025-06-30,90,90,nein,
815600DDCE9083CAC598,IND,2025-06-30,MEDIOBANCA PREMIER S.P.A.,Italy,Large subsidiaries,J4CP7MHCXR8DAQMKIL78,BANCA MONTE DEI PASCHI DI SIENA S.p.A.,beide,Large subsidiaries|IND|2025-06-30,9,9,nein,
815600E4E6DCD2D25E30,CON,2025-06-30,BANCO BPM SOCIETA' PER AZIONI,Italy,Large highest EEA,815600E4E6DCD2D25E30,Banco BPM S.p.A.,ezb,Large highest EEA|CON|2025-06-30,90,90,nein,
851WYGNLUQLFZBSYGB56,CON,2025-06-30,COMMERZBANK Aktiengesellschaft,Germany,Large highest EEA,851WYGNLUQLFZBSYGB56,COMMERZBANK Aktiengesellschaft,ezb,Large highest EEA|CON|2025-06-30,90,90,nein,
8IBZUGJ7JPLH368JE346,IND,2025-06-30,Goldman Sachs Bank Europe SE,Germany,Large highest EEA,784F5XWPLTWKTBV3E584,,gleif,Large highest EEA|IND|2025-06-30,16,15,nein,
95980020140005220135,IND,2025-06-30,"Caja Rural de Granada, Sociedad Cooperativa de Crédito",Spain,Other highest EEA,95980020140005220135,"Caja Rural de Granada, Sociedad Cooperativa de Crédito",eigen,Other highest EEA|IND|2025-06-30,10,10,nein,
95980020140005439549,IND,2025-06-30,"Caja Rural de Navarra, S. Coop. de Crédito",Spain,Other highest EEA,95980020140005439549,"Caja Rural de Navarra, S. Coop. de Crédito",eigen,Other highest EEA|IND|2025-06-30,10,10,nein,
95980020140005484654,CON,2025-06-30,"Caja Rural de Albacete, Ciudad Real y Cuenca, Sociedad Cooperativa de Crédito",Spain,Other highest EEA,95980020140005484654,"Caja Rural de Albacete, Ciudad Real y Cuenca, Sociedad Cooperativa de Crédito",eigen,Other highest EEA|CON|2025-06-30,29,28,nein,
95980020140005552166,CON,2025-06-30,"Eurocaja Rural, Sociedad Cooperativa de Crédito",Spain,Other highest EEA,95980020140005552166,"Eurocaja Rural, Sociedad Cooperativa de Crédito",eigen,Other highest EEA|CON|2025-06-30,29,28,nein,
95980020140005658381,IND,2025-06-30,"Aresbank, S.A.",Spain,Other highest EEA,95980020140005658381,"Aresbank, S.A.",eigen,Other highest EEA|IND|2025-06-30,10,10,nein,
95980020140005881190,CON,2025-06-30,Banco de Crédito Social Cooperativo,Spain,Large highest EEA,95980020140005881190,"Banco de Crédito Social Cooperativo, S.A.",ezb,Large highest EEA|CON|2025-06-30,90,90,nein,
9598002AYDQER7DXLR16,CON,2025-06-30,GRUCAJRURAL INVERSIONES SL,Spain,Other highest EEA,9598002AYDQER7DXLR16,GRUCAJRURAL INVERSIONES SL,eigen,Other highest EEA|CON|2025-06-30,29,28,nein,
959800LQ598A5RQASA61,CON,2025-06-30,"Banca March, S.A.",Spain,Other highest EEA,959800LQ598A5RQASA61,"Banca March, S.A.",eigen,Other highest EEA|CON|2025-06-30,29,28,nein,
96950001WI712W7PQG45,CON,2025-06-30,RCI Banque,France,Large highest EEA,969500F7JLTX36OUI695,,gleif,Large highest EEA|CON|2025-06-30,90,90,nein,
9695000CG7B84NLR5984,CON,2025-06-30,Confédération Nationale du Crédit Mutuel,France,Large highest EEA,9695000CG7B84NLR5984,Confédération Nationale du Crédit Mutuel,ezb,Large highest EEA|CON|2025-06-30,90,90,nein,
9695002K2HDLD20JU790,CON,2025-06-30,AGENCE FRANCE LOCALE - SOCIETE TERRITORIALE,France,Other highest EEA,9695002K2HDLD20JU790,AGENCE FRANCE LOCALE - SOCIETE TERRITORIALE,eigen,Other highest EEA|CON|2025-06-30,29,28,nein,
96950041VJ1QP0B69503,CON,2025-06-30,Crédit mutuel Arkéa,France,Large subsidiaries,9695000CG7B84NLR5984,Confédération Nationale du Crédit Mutuel,beide,Large subsidiaries|CON|2025-06-30,54,24,ja,Caisse fédérale de crédit mu|Crédit industriel et commerc
969500AGACQ54Q3UF243,CON,2025-06-30,Caisse régionale de crédit agricole mutuel de Centre France - Crédit agricole  Centre France (3ème du nom),France,Large subsidiaries,969500TJ5KRTCJQWXH05,Crédit Agricole S.A.,ezb,Large subsidiaries|CON|2025-06-30,54,24,ja,CRÉDIT AGRICOLE AUTO BANK S.|CRÉDIT AGRICOLE ITALIA S.P.A|Caisse régionale de crédit a
969500EYG6U339D3TI84,CON,2025-06-30,Crédit Foncier de France,France,Large subsidiaries,9695005MSX1OYEMGDF46,BPCE S.A.,beide,Large subsidiaries|CON|2025-06-30,54,24,ja,BRED - Banque populaire|Natixis
969500LFTDNMONT2EP08,CON,2025-06-30,Caisse fédérale de crédit mutuel,France,Large subsidiaries,9695000CG7B84NLR5984,Confédération Nationale du Crédit Mutuel,beide,Large subsidiaries|CON|2025-06-30,54,24,ja,Crédit industriel et commerc|Crédit mutuel Arkéa
969500ORP9FTJYI28L37,CON,2025-06-30,Caisse régionale de crédit agricole mutuel des Savoie,France,Large subsidiaries,969500TJ5KRTCJQWXH05,Crédit Agricole S.A.,beide,Large subsidiaries|CON|2025-06-30,54,24,ja,CRÉDIT AGRICOLE AUTO BANK S.|CRÉDIT AGRICOLE ITALIA S.P.A|Caisse régionale de crédit a
969500STN7T9MRUMJ267,CON,2025-06-30,Bpifrance,France,Large highest EEA,969500STN7T9MRUMJ267,Bpifrance,ezb,Large highest EEA|CON|2025-06-30,90,90,nein,
969500VHT1ZNPVWOYF63,CON,2025-06-30,BNP Paribas Personal Finance,France,Large subsidiaries,R0MUWSFPU8MPRO8K5P83,BNP Paribas S.A.,beide,Large subsidiaries|CON|2025-06-30,54,24,ja,BANCA NAZIONALE DEL LAVORO S|BGL BNP Paribas|BNP PARIBAS BANK POLSKA S.A
969500WJ4V0WNG8Q5L42,CON,2025-06-30,Caisse régionale de crédit agricole mutuel Centre-Est,France,Large subsidiaries,969500TJ5KRTCJQWXH05,Crédit Agricole S.A.,beide,Large subsidiaries|CON|2025-06-30,54,24,ja,CRÉDIT AGRICOLE AUTO BANK S.|CRÉDIT AGRICOLE ITALIA S.P.A|Caisse régionale de crédit a
969500X8MO6M37C47827,CON,2025-06-30,Caisse régionale de crédit agricole mutuel d'Aquitaine,France,Large subsidiaries,969500TJ5KRTCJQWXH05,Crédit Agricole S.A.,ezb,Large subsidiaries|CON|2025-06-30,54,24,ja,CRÉDIT AGRICOLE AUTO BANK S.|CRÉDIT AGRICOLE ITALIA S.P.A|Caisse régionale de crédit a
9845006C7B5CC707X660,CON,2025-06-30,Swedbank Baltics AS,Latvia,Large subsidiaries,M312WZV08Y7LYUC71685,Swedbank - Grupp,gleif,Large subsidiaries|CON|2025-06-30,54,24,nein,
9CZ7TVMR36CYD5TZBS50,CON,2025-06-30,Banque Internationale à Luxembourg,Luxembourg,Large highest EEA,5299003ONUYCE70HZ185,,gleif,Large highest EEA|CON|2025-06-30,90,90,nein,
9KOGW2C2FCIOJQ7FF485,CON,2025-06-30,"Česká spořitelna, a.s.",Czech,Large subsidiaries,PQOH26KWDF7CG10L6792,Erste Group Bank AG,gleif,Large subsidiaries|CON|2025-06-30,54,24,ja,"Erste&Steiermärkische Bank d|Santander Bank Polska S.A.|Slovenská sporiteľňa, a.s."
9ZHRYM6F437SQJ6OUG95,CON,2025-06-30,Raiffeisen Bank International AG,Austria,Large highest EEA,9ZHRYM6F437SQJ6OUG95,Raiffeisen Bank International AG,ezb,Large highest EEA|CON|2025-06-30,90,90,nein,
A5GWLFH3KM7YV2SFQL84,CON,2025-06-30,Belfius Bank,Belgium,Large highest EEA,A5GWLFH3KM7YV2SFQL84,Belfius Banque SA ; Belfius Bank NV ; Belfius Bank SA,ezb,Large highest EEA|CON|2025-06-30,90,90,nein,
BFXS5XCH7N0Y05NIXW11,CON,2025-06-30,ABN AMRO Bank N.V.,Netherlands,Large highest EEA,BFXS5XCH7N0Y05NIXW11,ABN AMRO Bank N.V.,ezb,Large highest EEA|CON|2025-06-30,90,90,nein,
D1HEB8VEU6D9M8ZUXG17,CON,2025-06-30,UniCredit Bank Austria AG,Austria,Large subsidiaries,549300TRUWO2CD2G5692,UniCredit S.p.A.,beide,Large subsidiaries|CON|2025-06-30,54,24,ja,UniCredit Bank Czech Republi|UniCredit Bank GmbH|UniCredit Bulbank AD
DIZES5CFO5K3I5R58746,CON,2025-06-30,Landesbank Hessen-Thüringen Girozentrale,Germany,Large highest EEA,DIZES5CFO5K3I5R58746,Landesbank Hessen-Thüringen Girozentrale,ezb,Large highest EEA|CON|2025-06-30,90,90,nein,
DZZ47B9A52ZJ6LT6VV95,CON,2025-06-30,Deutsche Pfandbriefbank AG,Germany,Large highest EEA,DZZ47B9A52ZJ6LT6VV95,Deutsche Pfandbriefbank AG,ezb,Large highest EEA|CON|2025-06-30,90,90,nein,
EQYXK86SF381Q21S3020,IND,2025-06-30,Bank of America Europe Designated Activity Company,Ireland,Large highest EEA,9DJT3UXIJIZJI4WXO774,,gleif,Large highest EEA|IND|2025-06-30,16,15,ja,BofA Securities Europe SA
EV2XZWMLLXF2QRX0CD47,CON,2025-06-30,Kommuninvest - Grupp,Sweden,Large highest EEA,EV2XZWMLLXF2QRX0CD47,Kommuninvest - Grupp,eigen,Large highest EEA|CON|2025-06-30,90,90,nein,
F0HUI1NY1AZMJMD8LP67,CON,2025-06-30,HSBC Continental Europe,France,Large highest EEA,MLU0ZO3ML4LN2LL2TL39,,gleif,Large highest EEA|CON|2025-06-30,90,90,nein,
F3JS33DEI6XQ4ZBPTN86,CON,2025-06-30,Skandinaviska Enskilda Banken - gruppen,Sweden,Large highest EEA,F3JS33DEI6XQ4ZBPTN86,Skandinaviska Enskilda Banken - gruppen,eigen,Large highest EEA|CON|2025-06-30,90,90,nein,
FR9695005MSX1OYEMGDF,CON,2025-06-30,Groupe BPCE,France,Large highest EEA,,,unbekannt,Large highest EEA|CON|2025-06-30,90,90,nein,
FR969500TJ5KRTCJQWXH,CON,2025-06-30,Groupe Crédit Agricole,France,Large highest EEA,,,unbekannt,Large highest EEA|CON|2025-06-30,90,90,nein,
G8ZTNESVNKW4NN761W05,CON,2025-06-30,ABN AMRO Clearing Bank N.V.,Netherlands,Large subsidiaries,BFXS5XCH7N0Y05NIXW11,ABN AMRO Bank N.V.,beide,Large subsidiaries|CON|2025-06-30,54,24,nein,
GDI8P8WHFH4PS5YTU851,CON,2025-06-30,"HAITONG BANK, S.A.",Portugal,Other highest EEA,GDI8P8WHFH4PS5YTU851,"HAITONG BANK, S.A.",eigen,Other highest EEA|CON|2025-06-30,29,28,nein,
H0YX5LBGKDVOWCXBZ594,CON,2025-06-30,SBAB Bank AB - Grupp,Sweden,Large highest EEA,H0YX5LBGKDVOWCXBZ594,SBAB Bank AB - Grupp,eigen,Large highest EEA|CON|2025-06-30,90,90,nein,
I6SS27Q1Q3385V753S50,IND,2025-06-30,Raiffeisenlandesbank Oberösterreich Aktiengesellschaft,Austria,Large subsidiaries,529900XSTAE561178282,Raiffeisenbankengruppe OÖ Verbund eGen,beide,Large subsidiaries|IND|2025-06-30,9,9,nein,
I6USJ58BDV2BO5KP3C31,CON,2025-06-30,"MONETA Money Bank, a.s.",Czech,Other highest EEA,I6USJ58BDV2BO5KP3C31,"MONETA Money Bank, a.s.",eigen,Other highest EEA|CON|2025-06-30,29,28,nein,
J48C8PCSJVUBR8KCW529,CON,2025-06-30,BANCA POPOLARE DI SONDRIO SOCIETA' PER AZIONI,Italy,Large subsidiaries,J48C8PCSJVUBR8KCW529,BANCA POPOLARE DI SONDRIO SOCIETA' PER AZIONI,eigen,Large subsidiaries|CON|2025-06-30,54,24,nein,
J4CP7MHCXR8DAQMKIL78,CON,2025-06-30,Banca Monte dei Paschi di Siena S.p.A.,Italy,Large highest EEA,J4CP7MHCXR8DAQMKIL78,BANCA MONTE DEI PASCHI DI SIENA S.p.A.,ezb,Large highest EEA|CON|2025-06-30,90,90,nein,
JLS56RAMYQZECFUF2G44,CON,2025-06-30,ING Belgie,Belgium,Large subsidiaries,549300NYKK9MWM7GGW15,ING Groep N.V.,beide,Large subsidiaries|CON|2025-06-30,54,24,ja,ING Bank Slaski S.A.|ING Holding Deutschland GmbH
JU1U6S0DG9YLT7N8ZV32,CON,2025-06-30,"Banco Comercial Português, SA",Portugal,Large highest EEA,JU1U6S0DG9YLT7N8ZV32,"Banco Comercial Português, S.A.",ezb,Large highest EEA|CON|2025-06-30,90,90,nein,
K8MS7FD7N5Z2WQ51AZ71,CON,2025-06-30,"Banco Bilbao Vizcaya Argentaria, S.A.",Spain,Large highest EEA,K8MS7FD7N5Z2WQ51AZ71,"Banco Bilbao Vizcaya Argentaria, S.A.",ezb,Large highest EEA|CON|2025-06-30,90,90,nein,
KFUXYFTU2LHQFQZDQG45,CON,2025-06-30,Kereskedelmi és Hitelbank csoport,Hungary,Large subsidiaries,KFUXYFTU2LHQFQZDQG45,Kereskedelmi és Hitelbank csoport,eigen,Large subsidiaries|CON|2025-06-30,54,24,nein,
KGCEPHLVVKVRZYO1T647,CON,2025-06-30,BNP Paribas Fortis,Belgium,Large subsidiaries,R0MUWSFPU8MPRO8K5P83,BNP Paribas S.A.,beide,Large subsidiaries|CON|2025-06-30,54,24,ja,BANCA NAZIONALE DEL LAVORO S|BGL BNP Paribas|BNP PARIBAS BANK POLSKA S.A
KR6LSKV3BTSJRD41IF75,CON,2025-06-30,"UniCredit Bank Czech Republic and Slovakia, a.s.",Czech,Large subsidiaries,549300TRUWO2CD2G5692,"UNICREDIT, SOCIETA' PER AZIONI",gleif,Large subsidiaries|CON|2025-06-30,54,24,ja,UniCredit Bank Austria AG|UniCredit Bank GmbH|UniCredit Bulbank AD
KX1WK48MPD4Y2NCUIZ63,CON,2025-06-30,Natixis,France,Large subsidiaries,9695005MSX1OYEMGDF46,BPCE S.A.,beide,Large subsidiaries|CON|2025-06-30,54,24,ja,BRED - Banque populaire|Crédit Foncier de France
LIU16F6VZJSD6UKHD557,CON,2025-06-30,Nykredit Realkredit A/S,Denmark,Large highest EEA,54930044PCO1XG0OGZ29,,gleif,Large highest EEA|CON|2025-06-30,90,90,nein,
LOO0AWXR8GF142JCO404,CON,2025-06-30,CASSA CENTRALE BANCA - CREDITO COOPERATIVO ITALIANOSOCIETA' PER AZIONI (IN SIGLA CASSA CENTRALE BANCA),Italy,Large highest EEA,LOO0AWXR8GF142JCO404,Cassa Centrale Banca - Credito Cooperativo Italiano S.p.A.,ezb,Large highest EEA|CON|2025-06-30,90,90,nein,
M312WZV08Y7LYUC71685,CON,2025-06-30,Swedbank - Grupp,Sweden,Large highest EEA,M312WZV08Y7LYUC71685,Swedbank - Grupp,eigen,Large highest EEA|CON|2025-06-30,90,90,nein,
M6AD1Y1KW32H8THQ6F76,CON,2025-06-30,Piraeus Financial Holdings,Greece,Large highest EEA,M6AD1Y1KW32H8THQ6F76,Piraeus Financial Holdings,eigen,Large highest EEA|CON|2025-06-30,90,90,nein,
MAES062Z21O4RZ2U7M96,CON,2025-06-30,Danske Bank A/S,Denmark,Large highest EEA,MAES062Z21O4RZ2U7M96,Danske Bank A/S,eigen,Large highest EEA|CON|2025-06-30,90,90,nein,
MKP1B7E76TN04CD85Z79,CON,2025-06-30,BANK OCHRONY ŚRODOWISKA SA,Poland,Other highest EEA,MKP1B7E76TN04CD85Z79,BANK OCHRONY ŚRODOWISKA SA,eigen,Other highest EEA|CON|2025-06-30,29,28,nein,
MMYX0N4ZEZ13Z4XCG897,IND,2025-06-30,THE BANK OF NEW YORK MELLON,Belgium,Large highest EEA,WFLLPEPC7FZXENRZV188,,gleif,Large highest EEA|IND|2025-06-30,16,15,nein,
N1FBEDJ5J41VKZLO2475,CON,2025-06-30,Citibank Europe plc,Ireland,Large highest EEA,6SHGI4ZSSLCXXQSBB395,,gleif,Large highest EEA|CON|2025-06-30,90,90,nein,
N4JDFKKH2FTD8RKFXO39,CON,2025-06-30,Crédit industriel et commercial - CIC,France,Large subsidiaries,9695000CG7B84NLR5984,Confédération Nationale du Crédit Mutuel,beide,Large subsidiaries|CON|2025-06-30,54,24,ja,Caisse fédérale de crédit mu|Crédit mutuel Arkéa
N747OI7JINV7RUUH6190,CON,2025-06-30,BPER Banca S.p.A.,Italy,Large highest EEA,N747OI7JINV7RUUH6190,BPER Banca S.p.A.,ezb,Large highest EEA|CON|2025-06-30,90,90,nein,
NHBDILHZTYCNBV5UYZ31,CON,2025-06-30,Svenska Handelsbanken - gruppen,Sweden,Large highest EEA,NHBDILHZTYCNBV5UYZ31,Svenska Handelsbanken - gruppen,eigen,Large highest EEA|CON|2025-06-30,90,90,nein,
NICH5Q04ADUV9SN3Q390,CON,2025-06-30,BRED - Banque populaire,France,Large subsidiaries,9695005MSX1OYEMGDF46,BPCE S.A.,beide,Large subsidiaries|CON|2025-06-30,54,24,ja,Crédit Foncier de France|Natixis
NMH2KF074RKAGTH4CM63,CON,2025-06-30,BNP PARIBAS BANK POLSKA S.A,Poland,Large subsidiaries,R0MUWSFPU8MPRO8K5P83,BNP Paribas,gleif,Large subsidiaries|CON|2025-06-30,54,24,ja,BANCA NAZIONALE DEL LAVORO S|BGL BNP Paribas|BNP Paribas Fortis
NNVPP80YIZGEY2314M97,CON,2025-06-30,ICCREA BANCA S.P.A. - ISTITUTO CENTRALE DEL CREDITO COOPERATIVO (IN FORMA ABBREVIATA: ICCREA BANCA S.P.A.),Italy,Large highest EEA,NNVPP80YIZGEY2314M97,ICCREA Banca S.p.A. - Istituto Centrale del Credito Cooperativo,ezb,Large highest EEA|CON|2025-06-30,90,90,nein,
O2RNE8IBXP4R0TD8PU41,CON,2025-06-30,Société générale S.A.,France,Large highest EEA,O2RNE8IBXP4R0TD8PU41,Société Générale S.A.,ezb,Large highest EEA|CON|2025-06-30,90,90,nein,
P4GTT6GF1W40CVIMFR43,CON,2025-06-30,Powszechna Kasa Oszczednosci Bank Polski S.A.,Poland,Large highest EEA,P4GTT6GF1W40CVIMFR43,Powszechna Kasa Oszczednosci Bank Polski S.A.,eigen,Large highest EEA|CON|2025-06-30,90,90,nein,
PQOH26KWDF7CG10L6792,CON,2025-06-30,Erste Group Bank AG,Austria,Large highest EEA,PQOH26KWDF7CG10L6792,Erste Group Bank AG,ezb,Large highest EEA|CON|2025-06-30,90,90,nein,
PRNXTNXHBI0TSY1V8P17,CON,2025-06-30,Zagrebačka banka d.d.,Croatia,Large subsidiaries,549300TRUWO2CD2G5692,UniCredit S.p.A.,beide,Large subsidiaries|CON|2025-06-30,54,24,ja,UniCredit Bank Austria AG|UniCredit Bank Czech Republi|UniCredit Bank GmbH
PSNL19R2RXX5U3QWHI44,CON,2025-06-30,MEDIOBANCA - BANCA DI CREDITO FINANZIARIO S.P.A.,Italy,Large subsidiaries,J4CP7MHCXR8DAQMKIL78,BANCA MONTE DEI PASCHI DI SIENA S.p.A.,beide,Large subsidiaries|CON|2025-06-30,54,24,nein,
Q5BP2UEQ48R75BOTCB92,CON,2025-06-30,"Československá obchodní banka, a.s.",Czech,Large subsidiaries,213800X3Q9LSAKRUWY91,KBC Groupe,gleif,Large subsidiaries|CON|2025-06-30,54,24,nein,
R0MUWSFPU8MPRO8K5P83,CON,2025-06-30,BNP Paribas,France,Large highest EEA,R0MUWSFPU8MPRO8K5P83,BNP Paribas S.A.,ezb,Large highest EEA|CON|2025-06-30,90,90,nein,
R7CQUF1DQM73HUTV1078,IND,2025-06-30,"Banque et Caisse d´Epargne de l´Etat, Luxembourg",Luxembourg,Large highest EEA,R7CQUF1DQM73HUTV1078,"Banque et Caisse d’Epargne de l’Etat, Luxembourg",ezb,Large highest EEA|IND|2025-06-30,16,15,nein,
RG3IZJKPYQ4H6IQPIC08,IND,2025-06-30,Addiko Bank d.d.,Croatia,Large subsidiaries,529900UKZBMDBDZIXD62,Addiko Bank AG,beide,Large subsidiaries|IND|2025-06-30,9,9,nein,
RRUN0TCQ1K2JDV7MXO75,CON,2025-06-30,Oberbank AG,Austria,Other highest EEA,RRUN0TCQ1K2JDV7MXO75,Oberbank AG,eigen,Other highest EEA|CON|2025-06-30,29,28,nein,
SI5RG2M0WQQLZCXKRM20,CON,2025-06-30,"Banco de Sabadell, S.A.",Spain,Large highest EEA,SI5RG2M0WQQLZCXKRM20,"Banco de Sabadell, S.A.",ezb,Large highest EEA|CON|2025-06-30,90,90,nein,
TUKDD90GPC79G1KOE162,CON,2025-06-30,Hamburg Commercial Bank AG,Germany,Large highest EEA,TUKDD90GPC79G1KOE162,Hamburg Commercial Bank AG,ezb,Large highest EEA|CON|2025-06-30,90,90,nein,
UAIAINAJ28P30E5GWE37,CON,2025-06-30,BGL BNP Paribas,Luxembourg,Large subsidiaries,R0MUWSFPU8MPRO8K5P83,BNP Paribas S.A.,beide,Large subsidiaries|CON|2025-06-30,54,24,ja,BANCA NAZIONALE DEL LAVORO S|BNP PARIBAS BANK POLSKA S.A|BNP Paribas Fortis
UI802FYJ52XDB7N4KN18,CON,2025-06-30,BANCA NAZIONALE DEL LAVORO S.P.A. (IN FORMA CONTRATTA BNL S.P.A.),Italy,Large subsidiaries,R0MUWSFPU8MPRO8K5P83,BNP Paribas S.A.,beide,Large subsidiaries|CON|2025-06-30,54,24,ja,BGL BNP Paribas|BNP PARIBAS BANK POLSKA S.A|BNP Paribas Fortis
VDYMYTQGZZ6DU0912C88,CON,2025-06-30,Bayerische Landesbank,Germany,Large highest EEA,VDYMYTQGZZ6DU0912C88,Bayerische Landesbank,ezb,Large highest EEA|CON|2025-06-30,90,90,nein,
VWMYAEQSTOPNV0SUGU82,CON,2025-06-30,"Bankinter, S.A.",Spain,Large highest EEA,VWMYAEQSTOPNV0SUGU82,"Bankinter, S.A.",ezb,Large highest EEA|CON|2025-06-30,90,90,nein,
0W2PZJM8XOY22M4GG883,CON,2025-09-30,DekaBank Deutsche Girozentrale,Germany,Large highest EEA,0W2PZJM8XOY22M4GG883,DekaBank Deutsche Girozentrale,ezb,Large highest EEA|CON|2025-09-30,77,77,nein,
1FOLRR5RWTWWI397R131,IND,2025-09-30,Aktiebolaget Svensk Exportkredit,Sweden,Large highest EEA,1FOLRR5RWTWWI397R131,Aktiebolaget Svensk Exportkredit,eigen,Large highest EEA|IND|2025-09-30,13,12,nein,
2138004FIUXU3B2MR537,CON,2025-09-30,"Caixa Económica Montepio Geral, Caixa Económica Bancária, S.A.",Portugal,Large highest EEA,213800SK4KN8HTCNPB38,,gleif,Large highest EEA|CON|2025-09-30,77,77,nein,
2138009Y59EAR7H1UO97,CON,2025-09-30,"Akciju sabiedrība ""Citadele banka""",Latvia,Large highest EEA,2138009Y59EAR7H1UO97,AS “Citadele banka”,ezb,Large highest EEA|CON|2025-09-30,77,77,nein,
213800A1O379I6DMCU10,IND,2025-09-30,APS BANK P.L.C.,Malta,Large highest EEA,213800A1O379I6DMCU10,APS BANK P.L.C.,eigen,Large highest EEA|IND|2025-09-30,13,12,nein,
213800DBQIB6VBNU5C64,CON,2025-09-30,Alpha Bank S.A.,Greece,Large highest EEA,213800DBQIB6VBNU5C64,ALPHA BANK S.A.,ezb,Large highest EEA|CON|2025-09-30,77,77,nein,
213800HDJ876ACJXXD05,CON,2025-09-30,AIKGROUP (CY) LIMITED,Cyprus,Large highest EEA,213800HDJ876ACJXXD05,AikGroup (CY) Limited,ezb,Large highest EEA|CON|2025-09-30,77,77,nein,
213800M7T3CYVZ3ZRT12,CON,2025-09-30,Sparebanken Norge,Norway,Large highest EEA,213800M7T3CYVZ3ZRT12,Sparebanken Norge,eigen,Large highest EEA|CON|2025-09-30,77,77,nein,
213800TC9PZRBHMJW403,CON,2025-09-30,MDB Group Limited,Malta,Large subsidiaries,315700LT2QPI1YMTC764,CREDITAS B.V.,ezb,Large subsidiaries|CON|2025-09-30,31,16,nein,
254900RNFMDM0P11YR84,CON,2025-09-30,Atlantic Lux HoldCo S.à r.l.,Luxembourg,Large highest EEA,254900RNFMDM0P11YR84,Atlantic Lux HoldCo S.à r.l.,ezb,Large highest EEA|CON|2025-09-30,77,77,nein,
259400DZXF7UJKK2AY35,CON,2025-09-30,mBank S.A.,Poland,Large subsidiaries,851WYGNLUQLFZBSYGB56,COMMERZBANK Aktiengesellschaft,gleif,Large subsidiaries|CON|2025-09-30,31,16,nein,
259400LGXW3K0GDAG361,CON,2025-09-30,Santander Bank Polska S.A.,Poland,Large subsidiaries,PQOH26KWDF7CG10L6792,Erste Group Bank AG,gleif,Large subsidiaries|CON|2025-09-30,31,16,ja,"Erste&Steiermärkische Bank d|Slovenská sporiteľňa, a.s.|Steiermärkische Bank und Spa"
259400YLRTOBISHBVX41,CON,2025-09-30,ING Bank Slaski S.A.,Poland,Large subsidiaries,549300NYKK9MWM7GGW15,ING Groep N.V.,gleif,Large subsidiaries|CON|2025-09-30,31,16,ja,ING Holding Deutschland GmbH
2G5BKIC2CB69PRJH1W31,IND,2025-09-30,Barclays Bank Ireland plc,Ireland,Large highest EEA,213800LBQA1Y9L22JB70,,gleif,Large highest EEA|IND|2025-09-30,13,12,nein,
2W8N8UU78PMDQKZENC08,CON,2025-09-30,Intesa Sanpaolo S.p.A.,Italy,Large highest EEA,2W8N8UU78PMDQKZENC08,Intesa Sanpaolo S.p.A.,ezb,Large highest EEA|CON|2025-09-30,77,77,nein,
2ZCNRR8UK83OBTEK2170,CON,2025-09-30,UniCredit Bank GmbH,Germany,Large subsidiaries,549300TRUWO2CD2G5692,UniCredit S.p.A.,beide,Large subsidiaries|CON|2025-09-30,31,16,ja,UniCredit Bank Austria AG|UniCredit Bank Czech Republi|Zagrebačka banka d.d.
3157002JBFAI478MD587,CON,2025-09-30,"Tatra banka, a.s.",Slovakia,Large subsidiaries,9ZHRYM6F437SQJ6OUG95,Raiffeisen Bank International AG,beide,Large subsidiaries|CON|2025-09-30,31,16,ja,RAIFFEISEN BANK S.A.|Raiffeisenbank Austria d.d.
315700E9POA724IWFP59,CON,2025-09-30,J&amp;T FINANCE GROUP SE,Czech,Large highest EEA,315700E9POA724IWFP59,J&amp;T FINANCE GROUP SE,eigen,Large highest EEA|CON|2025-09-30,77,77,nein,
315700K45LRKNGMUIW27,IND,2025-09-30,"Prima banka Slovensko, a.s.",Slovakia,Large highest EEA,,,unbekannt,Large highest EEA|IND|2025-09-30,13,12,nein,
3H0Q3U74FVFED2SHZT16,CON,2025-09-30,MBH bankcsoport,Hungary,Large highest EEA,3H0Q3U74FVFED2SHZT16,MBH bankcsoport,eigen,Large highest EEA|CON|2025-09-30,77,77,nein,
5299007QVIQ7IO64NX37,CON,2025-09-30,UBS Europe SE,Germany,Large highest EEA,549300SZJ9VS8SGXAN81,,gleif,Large highest EEA|CON|2025-09-30,77,77,nein,
5299007S3UH5RKUYDA52,IND,2025-09-30,DEUTSCHE APOTHEKER- UND ÄRZTEBANK EG,Germany,Large highest EEA,5299007S3UH5RKUYDA52,Deutsche Apotheker- und Ärztebank eG,ezb,Large highest EEA|IND|2025-09-30,13,12,nein,
529900D5G4V6THXC5P79,IND,2025-09-30,Hrvatska poštanska banka d.d.,Croatia,Large highest EEA,529900D5G4V6THXC5P79,Hrvatska poštanska banka d.d.,eigen,Large highest EEA|IND|2025-09-30,13,12,nein,
529900HNOAA1KXQJUQ27,CON,2025-09-30,"DZ BANK AG Deutsche Zentral-Genossenschaftsbank, Frankfurt am Main",Germany,Large highest EEA,529900HNOAA1KXQJUQ27,DZ BANK AG Deutsche Zentral-Genossenschaftsbank,ezb,Large highest EEA|CON|2025-09-30,77,77,nein,
529900I1UZV70CZRAU55,CON,2025-09-30,Raiffeisenbank Austria d.d.,Croatia,Large subsidiaries,9ZHRYM6F437SQJ6OUG95,Raiffeisen Bank International AG,beide,Large subsidiaries|CON|2025-09-30,31,16,ja,"RAIFFEISEN BANK S.A.|Tatra banka, a.s."
529900JZTYE3W7WQH904,CON,2025-09-30,HASPA Finanzholding,Germany,Large highest EEA,529900JZTYE3W7WQH904,HASPA Finanzholding,ezb,Large highest EEA|CON|2025-09-30,77,77,nein,
529900JZXXU699FCKK89,IND,2025-09-30,Bausparkasse Schwäbisch Hall Aktiengesellschaft - Bausparkasse der Volksbanken und Raiffeisenbanken,Germany,Large subsidiaries,529900HNOAA1KXQJUQ27,DZ BANK AG Deutsche Zentral-Genossenschaftsbank,beide,Large subsidiaries|IND|2025-09-30,4,4,nein,
529900K16YGKC8BES892,IND,2025-09-30,Deutsche Kreditbank Aktiengesellschaft,Germany,Large subsidiaries,VDYMYTQGZZ6DU0912C88,Bayerische Landesbank,beide,Large subsidiaries|IND|2025-09-30,4,4,nein,
529900ODI3047E2LIV03,CON,2025-09-30,Nordea Bank Abp,Finland,Large highest EEA,529900ODI3047E2LIV03,Nordea Bank Abp,ezb,Large highest EEA|CON|2025-09-30,77,77,nein,
529900RWC8ZYB066JF16,CON,2025-09-30,Bank of Valletta Plc,Malta,Large highest EEA,529900RWC8ZYB066JF16,Bank of Valletta plc,ezb,Large highest EEA|CON|2025-09-30,77,77,nein,
529900W3MOO00A18X956,CON,2025-09-30,OTP-csoport,Hungary,Large highest EEA,529900W3MOO00A18X956,OTP-csoport,eigen,Large highest EEA|CON|2025-09-30,77,77,nein,
529900XSTAE561178282,CON,2025-09-30,Raiffeisenbankengruppe OÖ Verbund eGen,Austria,Large highest EEA,529900XSTAE561178282,Raiffeisenbankengruppe OÖ Verbund eGen,ezb,Large highest EEA|CON|2025-09-30,77,77,nein,
5493000LKS7B3UTF7H35,CON,2025-09-30,Bank Polska Kasa Opieki S.A.,Poland,Large highest EEA,QLPCKOOKVX32FUELX240,,gleif,Large highest EEA|CON|2025-09-30,77,77,nein,
5493001BABFV7P27OW30,CON,2025-09-30,"Nova Ljubljanska Banka d.d., Ljubljana",Slovenia,Large highest EEA,5493001BABFV7P27OW30,"Nova Ljubljanska banka d.d., Ljubljana",ezb,Large highest EEA|CON|2025-09-30,77,77,nein,
54930056FHWP7GIWYY08,CON,2025-09-30,Morgan Stanley Europe SE,Germany,Large highest EEA,IGJSJL3JD5P30I6NJZ34,,gleif,Large highest EEA|CON|2025-09-30,77,77,nein,
54930056IRBXK0Q1FP96,CON,2025-09-30,"Abanca Corporacion Bancaria, S.A.",Spain,Large highest EEA,54930056IRBXK0Q1FP96,"ABANCA Corporación Bancaria, S.A.",ezb,Large highest EEA|CON|2025-09-30,77,77,nein,
5493006QMFDDMYWIAM13,CON,2025-09-30,"Banco Santander, S.A.",Spain,Large highest EEA,5493006QMFDDMYWIAM13,"Banco Santander, S.A.",ezb,Large highest EEA|CON|2025-09-30,77,77,nein,
5493006Z4NTMNDDBGL49,IND,2025-09-30,ECCM Bank plc,Malta,Other highest EEA,894500RAHVAOLBIL5A27,,gleif,Other highest EEA|IND|2025-09-30,1,1,nein,
5493007S4JE930SIUE86,CON,2025-09-30,ING Holding Deutschland GmbH,Germany,Large subsidiaries,549300NYKK9MWM7GGW15,ING Groep N.V.,beide,Large subsidiaries|CON|2025-09-30,31,16,ja,ING Bank Slaski S.A.
5493008QOCP58OLEN998,CON,2025-09-30,Investeringsmaatschappij Argenta - Société d'investissements Argenta - Investierungsgesellschaft Arg,Belgium,Large highest EEA,5493008QOCP58OLEN998,Investeringsmaatschappij Argenta NV ; Société d'investissements Argenta SA ; Investierungsgesellschaft Argenta AG,ezb,Large highest EEA|CON|2025-09-30,77,77,nein,
5493008QRHH0XCLJ4238,CON,2025-09-30,BRD-Groupe Société Générale SA,Romania,Large subsidiaries,O2RNE8IBXP4R0TD8PU41,Société générale S.A.,gleif,Large subsidiaries|CON|2025-09-30,31,16,nein,
5493009ML6YX83YHC820,CON,2025-09-30,Argenta Bank- en Verzekeringsgroep NV,Belgium,Large subsidiaries,5493008QOCP58OLEN998,Investeringsmaatschappij Argenta NV ; Société d'investissements Argenta SA ; Investierungsgesellschaft Argenta AG,beide,Large subsidiaries|CON|2025-09-30,31,16,nein,
549300A2F46GR0UOM390,CON,2025-09-30,Erste&Steiermärkische Bank d.d.,Croatia,Large subsidiaries,PQOH26KWDF7CG10L6792,Erste Group Bank AG,beide,Large subsidiaries|CON|2025-09-30,31,16,ja,"Santander Bank Polska S.A.|Slovenská sporiteľňa, a.s.|Steiermärkische Bank und Spa"
549300C6TUMDXNOVXS82,CON,2025-09-30,Länsförsäkringar Bank AB - gruppen,Sweden,Large highest EEA,549300FOASW7JFUQV048,,gleif,Large highest EEA|CON|2025-09-30,77,77,nein,
549300DVPJYGNF2P7B03,CON,2025-09-30,Steiermärkische Bank und Sparkassen Aktiengesellschaft,Austria,Large subsidiaries,PQOH26KWDF7CG10L6792,Erste Group Bank AG,beide,Large subsidiaries|CON|2025-09-30,31,16,ja,"Erste&Steiermärkische Bank d|Santander Bank Polska S.A.|Slovenská sporiteľňa, a.s."
549300EHNXQVOI120S55,CON,2025-09-30,Coop Pank AS,Estonia,Large highest EEA,,,unbekannt,Large highest EEA|CON|2025-09-30,77,77,nein,
549300FH0WJAPEHTIQ77,IND,2025-09-30,BofA Securities Europe SA,France,Large highest EEA,9DJT3UXIJIZJI4WXO774,,gleif,Large highest EEA|IND|2025-09-30,13,12,ja,Bank of America Europe Desig
549300GKFG0RYRRQ1414,CON,2025-09-30,DNB BANK ASA,Norway,Large highest EEA,549300GKFG0RYRRQ1414,DNB BANK ASA,eigen,Large highest EEA|CON|2025-09-30,77,77,nein,
549300HFEHJOXGE4ZE63,CON,2025-09-30,SFIL S.A.,France,Large highest EEA,969500Q2PFTTP0Y5QL44,,gleif,Large highest EEA|CON|2025-09-30,77,77,nein,
549300IQZVZ949N37S44,CON,2025-09-30,Euroclear Holding,Belgium,Large highest EEA,549300IQZVZ949N37S44,Euroclear Holding,eigen,Large highest EEA|CON|2025-09-30,77,77,nein,
549300JB1P61FUTPEZ75,CON,2025-09-30,"Všeobecná úverová banka, a.s.",Slovakia,Large subsidiaries,2W8N8UU78PMDQKZENC08,Intesa Sanpaolo S.p.A.,beide,Large subsidiaries|CON|2025-09-30,31,16,nein,
549300L7YCATGO57ZE10,CON,2025-09-30,FINECOBANK BANCA FINECO S.P.A. (IN BREVE FINECOBANK S.P.A. OVVERO BANCA FINECO S.P.A. OVVERO FINECO BANCA S.P.A.),Italy,Large highest EEA,549300L7YCATGO57ZE10,FinecoBank S.p.A.,ezb,Large highest EEA|CON|2025-09-30,77,77,nein,
549300NYKK9MWM7GGW15,CON,2025-09-30,ING Groep N.V.,Netherlands,Large highest EEA,549300NYKK9MWM7GGW15,ING Groep N.V.,ezb,Large highest EEA|CON|2025-09-30,77,77,nein,
549300OLBL49CW8CT155,CON,2025-09-30,"Ibercaja Banco, S.A.",Spain,Large highest EEA,549300OLBL49CW8CT155,"Ibercaja Banco, S.A.",ezb,Large highest EEA|CON|2025-09-30,77,77,nein,
549300RFKNCOX56F8591,CON,2025-09-30,RAIFFEISEN BANK S.A.,Romania,Large subsidiaries,9ZHRYM6F437SQJ6OUG95,Raiffeisen Bank International AG,gleif,Large subsidiaries|CON|2025-09-30,31,16,ja,"Raiffeisenbank Austria d.d.|Tatra banka, a.s."
549300RG3H390KEL8896,CON,2025-09-30,Banca Transilvania,Romania,Large highest EEA,549300RG3H390KEL8896,Banca Transilvania,eigen,Large highest EEA|CON|2025-09-30,77,77,nein,
549300S2T3FWVVXWJI89,CON,2025-09-30,"Slovenská sporiteľňa, a.s.",Slovakia,Large subsidiaries,PQOH26KWDF7CG10L6792,Erste Group Bank AG,beide,Large subsidiaries|CON|2025-09-30,31,16,ja,Erste&Steiermärkische Bank d|Santander Bank Polska S.A.|Steiermärkische Bank und Spa
549300TJREQ7GHIXWR36,IND,2025-09-30,Swedbank Hypotek AB,Sweden,Large subsidiaries,M312WZV08Y7LYUC71685,Swedbank - Grupp,gleif,Large subsidiaries|IND|2025-09-30,4,4,nein,
549300TRUWO2CD2G5692,CON,2025-09-30,"UNICREDIT, SOCIETA' PER AZIONI",Italy,Large highest EEA,549300TRUWO2CD2G5692,UniCredit S.p.A.,ezb,Large highest EEA|CON|2025-09-30,77,77,nein,
549300U4LIZV0REEQQ46,CON,2025-09-30,"Kutxabank, S.A.",Spain,Large highest EEA,95980020140006031928,,gleif,Large highest EEA|CON|2025-09-30,77,77,nein,
549300UY81ESCZJ0GR95,CON,2025-09-30,First Investment Bank,Bulgaria,Large highest EEA,549300UY81ESCZJ0GR95,First Investment Bank,eigen,Large highest EEA|CON|2025-09-30,77,77,nein,
549300V1VN70Q7PQ7234,CON,2025-09-30,CRÉDIT AGRICOLE AUTO BANK S.P.A.,Italy,Large subsidiaries,969500TJ5KRTCJQWXH05,Crédit Agricole S.A.,beide,Large subsidiaries|CON|2025-09-30,31,16,ja,CRÉDIT AGRICOLE ITALIA S.P.A|Caisse régionale de crédit a
549300ZK53CNGEEI6A29,IND,2025-09-30,J.P. Morgan SE,Germany,Large highest EEA,8I5DZWZKVSZI1NUHU748,,gleif,Large highest EEA|IND|2025-09-30,13,12,nein,
635400AKJBGNS5WNQL34,CON,2025-09-30,AIB Group plc,Ireland,Large highest EEA,635400AKJBGNS5WNQL34,AIB Group plc,ezb,Large highest EEA|CON|2025-09-30,77,77,nein,
635400C8EK6DRI12LJ39,CON,2025-09-30,Bank of Ireland Group plc,Ireland,Large highest EEA,635400C8EK6DRI12LJ39,Bank of Ireland Group plc,ezb,Large highest EEA|CON|2025-09-30,77,77,nein,
635400DTNHVYGZODKQ93,CON,2025-09-30,Permanent TSB Group Holdings Plc,Ireland,Large highest EEA,635400DTNHVYGZODKQ93,Permanent TSB Group Holdings Plc,eigen,Large highest EEA|CON|2025-09-30,77,77,nein,
635400L14KNHZXPUZM19,CON,2025-09-30,Bank of Cyprus Holdings Public Limited Company,Ireland,Large highest EEA,635400L14KNHZXPUZM19,Bank of Cyprus Holdings Public Limited Company,ezb,Large highest EEA|CON|2025-09-30,77,77,nein,
6TJCK1B7E7UTXP528Y04,IND,2025-09-30,Citigroup Global Markets Europe AG,Germany,Large highest EEA,6SHGI4ZSSLCXXQSBB395,,gleif,Large highest EEA|IND|2025-09-30,13,12,nein,
724500JIWG886A9RRT57,CON,2025-09-30,RBS Holdings N.V.,Netherlands,Large highest EEA,724500JIWG886A9RRT57,RBS Holdings N.V.,ezb,Large highest EEA|CON|2025-09-30,77,77,nein,
7437003B5WFBOIEFY714,CON,2025-09-30,OP Osuuskunta,Finland,Large highest EEA,7437003B5WFBOIEFY714,OP Osuuskunta,ezb,Large highest EEA|CON|2025-09-30,77,77,nein,
7CUNS533WID6K7DGFI87,CON,2025-09-30,"CaixaBank, S.A.",Spain,Large highest EEA,7CUNS533WID6K7DGFI87,"CaixaBank, S.A.",ezb,Large highest EEA|CON|2025-09-30,77,77,nein,
7LTWFZYICNSX8D621K86,CON,2025-09-30,DEUTSCHE BANK AKTIENGESELLSCHAFT,Germany,Large highest EEA,7LTWFZYICNSX8D621K86,Deutsche Bank AG,ezb,Large highest EEA|CON|2025-09-30,77,77,nein,
7LVZJ6XRIE7VNZ4UBX81,CON,2025-09-30,BANCA MEDIOLANUM S.P.A.,Italy,Large highest EEA,7LVZJ6XRIE7VNZ4UBX81,Banca Mediolanum S.p.A.,ezb,Large highest EEA|CON|2025-09-30,77,77,nein,
8156007D348794DB1690,CON,2025-09-30,CRÉDIT AGRICOLE ITALIA S.P.A.,Italy,Large subsidiaries,969500TJ5KRTCJQWXH05,Crédit Agricole S.A.,beide,Large subsidiaries|CON|2025-09-30,31,16,ja,CRÉDIT AGRICOLE AUTO BANK S.|Caisse régionale de crédit a
815600AD83B2B6317788,CON,2025-09-30,CREDITO EMILIANO HOLDING SOCIETA' PER AZIONI,Italy,Large highest EEA,815600AD83B2B6317788,Credito Emiliano Holding S.p.A.,ezb,Large highest EEA|CON|2025-09-30,77,77,nein,
815600E4E6DCD2D25E30,CON,2025-09-30,BANCO BPM SOCIETA' PER AZIONI,Italy,Large highest EEA,815600E4E6DCD2D25E30,Banco BPM S.p.A.,ezb,Large highest EEA|CON|2025-09-30,77,77,nein,
851WYGNLUQLFZBSYGB56,CON,2025-09-30,COMMERZBANK Aktiengesellschaft,Germany,Large highest EEA,851WYGNLUQLFZBSYGB56,COMMERZBANK Aktiengesellschaft,ezb,Large highest EEA|CON|2025-09-30,77,77,nein,
8IBZUGJ7JPLH368JE346,IND,2025-09-30,Goldman Sachs Bank Europe SE,Germany,Large highest EEA,784F5XWPLTWKTBV3E584,,gleif,Large highest EEA|IND|2025-09-30,13,12,nein,
95980020140005881190,CON,2025-09-30,Banco de Crédito Social Cooperativo,Spain,Large highest EEA,95980020140005881190,"Banco de Crédito Social Cooperativo, S.A.",ezb,Large highest EEA|CON|2025-09-30,77,77,nein,
959800LQ598A5RQASA61,CON,2025-09-30,"Banca March, S.A.",Spain,Other highest EEA,959800LQ598A5RQASA61,"Banca March, S.A.",eigen,Other highest EEA|CON|2025-09-30,1,1,nein,
96950041VJ1QP0B69503,CON,2025-09-30,Crédit mutuel Arkéa,France,Large subsidiaries,9695000CG7B84NLR5984,Confédération Nationale du Crédit Mutuel,beide,Large subsidiaries|CON|2025-09-30,31,16,ja,Caisse fédérale de crédit mu|Crédit industriel et commerc
969500FF9M4SBM5VHR15,CON,2025-09-30,Caisse régionale de crédit agricole mutuel Nord de France,France,Large subsidiaries,969500TJ5KRTCJQWXH05,Crédit Agricole S.A.,beide,Large subsidiaries|CON|2025-09-30,31,16,ja,CRÉDIT AGRICOLE AUTO BANK S.|CRÉDIT AGRICOLE ITALIA S.P.A
969500LFTDNMONT2EP08,CON,2025-09-30,Caisse fédérale de crédit mutuel,France,Large subsidiaries,9695000CG7B84NLR5984,Confédération Nationale du Crédit Mutuel,beide,Large subsidiaries|CON|2025-09-30,31,16,ja,Crédit industriel et commerc|Crédit mutuel Arkéa
9CZ7TVMR36CYD5TZBS50,CON,2025-09-30,Banque Internationale à Luxembourg,Luxembourg,Large highest EEA,5299003ONUYCE70HZ185,,gleif,Large highest EEA|CON|2025-09-30,77,77,nein,
9KOGW2C2FCIOJQ7FF485,CON,2025-09-30,"Česká spořitelna, a.s.",Czech,Large subsidiaries,PQOH26KWDF7CG10L6792,Erste Group Bank AG,gleif,Large subsidiaries|CON|2025-09-30,31,16,ja,"Erste&Steiermärkische Bank d|Santander Bank Polska S.A.|Slovenská sporiteľňa, a.s."
9ZHRYM6F437SQJ6OUG95,CON,2025-09-30,Raiffeisen Bank International AG,Austria,Large highest EEA,9ZHRYM6F437SQJ6OUG95,Raiffeisen Bank International AG,ezb,Large highest EEA|CON|2025-09-30,77,77,nein,
A5GWLFH3KM7YV2SFQL84,CON,2025-09-30,Belfius Bank,Belgium,Large highest EEA,A5GWLFH3KM7YV2SFQL84,Belfius Banque SA ; Belfius Bank NV ; Belfius Bank SA,ezb,Large highest EEA|CON|2025-09-30,77,77,nein,
BFXS5XCH7N0Y05NIXW11,CON,2025-09-30,ABN AMRO Bank N.V.,Netherlands,Large highest EEA,BFXS5XCH7N0Y05NIXW11,ABN AMRO Bank N.V.,ezb,Large highest EEA|CON|2025-09-30,77,77,nein,
D1HEB8VEU6D9M8ZUXG17,CON,2025-09-30,UniCredit Bank Austria AG,Austria,Large subsidiaries,549300TRUWO2CD2G5692,UniCredit S.p.A.,beide,Large subsidiaries|CON|2025-09-30,31,16,ja,UniCredit Bank Czech Republi|UniCredit Bank GmbH|Zagrebačka banka d.d.
DIZES5CFO5K3I5R58746,CON,2025-09-30,Landesbank Hessen-Thüringen Girozentrale,Germany,Large highest EEA,DIZES5CFO5K3I5R58746,Landesbank Hessen-Thüringen Girozentrale,ezb,Large highest EEA|CON|2025-09-30,77,77,nein,
DZZ47B9A52ZJ6LT6VV95,CON,2025-09-30,Deutsche Pfandbriefbank AG,Germany,Large highest EEA,DZZ47B9A52ZJ6LT6VV95,Deutsche Pfandbriefbank AG,ezb,Large highest EEA|CON|2025-09-30,77,77,nein,
EQYXK86SF381Q21S3020,IND,2025-09-30,Bank of America Europe Designated Activity Company,Ireland,Large highest EEA,9DJT3UXIJIZJI4WXO774,,gleif,Large highest EEA|IND|2025-09-30,13,12,ja,BofA Securities Europe SA
EV2XZWMLLXF2QRX0CD47,CON,2025-09-30,Kommuninvest - Grupp,Sweden,Large highest EEA,EV2XZWMLLXF2QRX0CD47,Kommuninvest - Grupp,eigen,Large highest EEA|CON|2025-09-30,77,77,nein,
F3JS33DEI6XQ4ZBPTN86,CON,2025-09-30,Skandinaviska Enskilda Banken - gruppen,Sweden,Large highest EEA,F3JS33DEI6XQ4ZBPTN86,Skandinaviska Enskilda Banken - gruppen,eigen,Large highest EEA|CON|2025-09-30,77,77,nein,
FR9695005MSX1OYEMGDF,CON,2025-09-30,Groupe BPCE,France,Large highest EEA,,,unbekannt,Large highest EEA|CON|2025-09-30,77,77,nein,
H0YX5LBGKDVOWCXBZ594,CON,2025-09-30,SBAB Bank AB - Grupp,Sweden,Large highest EEA,H0YX5LBGKDVOWCXBZ594,SBAB Bank AB - Grupp,eigen,Large highest EEA|CON|2025-09-30,77,77,nein,
I6SS27Q1Q3385V753S50,IND,2025-09-30,Raiffeisenlandesbank Oberösterreich Aktiengesellschaft,Austria,Large subsidiaries,529900XSTAE561178282,Raiffeisenbankengruppe OÖ Verbund eGen,beide,Large subsidiaries|IND|2025-09-30,4,4,nein,
J48C8PCSJVUBR8KCW529,CON,2025-09-30,BANCA POPOLARE DI SONDRIO SOCIETA' PER AZIONI,Italy,Large subsidiaries,J48C8PCSJVUBR8KCW529,BANCA POPOLARE DI SONDRIO SOCIETA' PER AZIONI,eigen,Large subsidiaries|CON|2025-09-30,31,16,nein,
J4CP7MHCXR8DAQMKIL78,CON,2025-09-30,Banca Monte dei Paschi di Siena S.p.A.,Italy,Large highest EEA,J4CP7MHCXR8DAQMKIL78,BANCA MONTE DEI PASCHI DI SIENA S.p.A.,ezb,Large highest EEA|CON|2025-09-30,77,77,nein,
JU1U6S0DG9YLT7N8ZV32,CON,2025-09-30,"Banco Comercial Português, SA",Portugal,Large highest EEA,JU1U6S0DG9YLT7N8ZV32,"Banco Comercial Português, S.A.",ezb,Large highest EEA|CON|2025-09-30,77,77,nein,
K8MS7FD7N5Z2WQ51AZ71,CON,2025-09-30,"Banco Bilbao Vizcaya Argentaria, S.A.",Spain,Large highest EEA,K8MS7FD7N5Z2WQ51AZ71,"Banco Bilbao Vizcaya Argentaria, S.A.",ezb,Large highest EEA|CON|2025-09-30,77,77,nein,
KFUXYFTU2LHQFQZDQG45,CON,2025-09-30,Kereskedelmi és Hitelbank csoport,Hungary,Large subsidiaries,KFUXYFTU2LHQFQZDQG45,Kereskedelmi és Hitelbank csoport,eigen,Large subsidiaries|CON|2025-09-30,31,16,nein,
KGCEPHLVVKVRZYO1T647,CON,2025-09-30,BNP Paribas Fortis,Belgium,Large subsidiaries,R0MUWSFPU8MPRO8K5P83,BNP Paribas S.A.,beide,Large subsidiaries|CON|2025-09-30,31,16,ja,BNP PARIBAS BANK POLSKA S.A
KR6LSKV3BTSJRD41IF75,CON,2025-09-30,"UniCredit Bank Czech Republic and Slovakia, a.s.",Czech,Large subsidiaries,549300TRUWO2CD2G5692,"UNICREDIT, SOCIETA' PER AZIONI",gleif,Large subsidiaries|CON|2025-09-30,31,16,ja,UniCredit Bank Austria AG|UniCredit Bank GmbH|Zagrebačka banka d.d.
LIU16F6VZJSD6UKHD557,CON,2025-09-30,Nykredit Realkredit A/S,Denmark,Large highest EEA,54930044PCO1XG0OGZ29,,gleif,Large highest EEA|CON|2025-09-30,77,77,nein,
LOO0AWXR8GF142JCO404,CON,2025-09-30,CASSA CENTRALE BANCA - CREDITO COOPERATIVO ITALIANOSOCIETA' PER AZIONI (IN SIGLA CASSA CENTRALE BANCA),Italy,Large highest EEA,LOO0AWXR8GF142JCO404,Cassa Centrale Banca - Credito Cooperativo Italiano S.p.A.,ezb,Large highest EEA|CON|2025-09-30,77,77,nein,
M312WZV08Y7LYUC71685,CON,2025-09-30,Swedbank - Grupp,Sweden,Large highest EEA,M312WZV08Y7LYUC71685,Swedbank - Grupp,eigen,Large highest EEA|CON|2025-09-30,77,77,nein,
M6AD1Y1KW32H8THQ6F76,CON,2025-09-30,Piraeus Financial Holdings,Greece,Large highest EEA,M6AD1Y1KW32H8THQ6F76,Piraeus Financial Holdings,eigen,Large highest EEA|CON|2025-09-30,77,77,nein,
MAES062Z21O4RZ2U7M96,CON,2025-09-30,Danske Bank A/S,Denmark,Large highest EEA,MAES062Z21O4RZ2U7M96,Danske Bank A/S,eigen,Large highest EEA|CON|2025-09-30,77,77,nein,
MMYX0N4ZEZ13Z4XCG897,IND,2025-09-30,THE BANK OF NEW YORK MELLON,Belgium,Large highest EEA,WFLLPEPC7FZXENRZV188,,gleif,Large highest EEA|IND|2025-09-30,13,12,nein,
N1FBEDJ5J41VKZLO2475,CON,2025-09-30,Citibank Europe plc,Ireland,Large highest EEA,6SHGI4ZSSLCXXQSBB395,,gleif,Large highest EEA|CON|2025-09-30,77,77,nein,
N4JDFKKH2FTD8RKFXO39,CON,2025-09-30,Crédit industriel et commercial - CIC,France,Large subsidiaries,9695000CG7B84NLR5984,Confédération Nationale du Crédit Mutuel,beide,Large subsidiaries|CON|2025-09-30,31,16,ja,Caisse fédérale de crédit mu|Crédit mutuel Arkéa
N747OI7JINV7RUUH6190,CON,2025-09-30,BPER Banca S.p.A.,Italy,Large highest EEA,N747OI7JINV7RUUH6190,BPER Banca S.p.A.,ezb,Large highest EEA|CON|2025-09-30,77,77,nein,
NHBDILHZTYCNBV5UYZ31,CON,2025-09-30,Svenska Handelsbanken - gruppen,Sweden,Large highest EEA,NHBDILHZTYCNBV5UYZ31,Svenska Handelsbanken - gruppen,eigen,Large highest EEA|CON|2025-09-30,77,77,nein,
NMH2KF074RKAGTH4CM63,CON,2025-09-30,BNP PARIBAS BANK POLSKA S.A,Poland,Large subsidiaries,R0MUWSFPU8MPRO8K5P83,BNP Paribas,gleif,Large subsidiaries|CON|2025-09-30,31,16,ja,BNP Paribas Fortis
NNVPP80YIZGEY2314M97,CON,2025-09-30,ICCREA BANCA S.P.A. - ISTITUTO CENTRALE DEL CREDITO COOPERATIVO (IN FORMA ABBREVIATA: ICCREA BANCA S.P.A.),Italy,Large highest EEA,NNVPP80YIZGEY2314M97,ICCREA Banca S.p.A. - Istituto Centrale del Credito Cooperativo,ezb,Large highest EEA|CON|2025-09-30,77,77,nein,
O2RNE8IBXP4R0TD8PU41,CON,2025-09-30,Société générale S.A.,France,Large highest EEA,O2RNE8IBXP4R0TD8PU41,Société Générale S.A.,ezb,Large highest EEA|CON|2025-09-30,77,77,nein,
P4GTT6GF1W40CVIMFR43,CON,2025-09-30,Powszechna Kasa Oszczednosci Bank Polski S.A.,Poland,Large highest EEA,P4GTT6GF1W40CVIMFR43,Powszechna Kasa Oszczednosci Bank Polski S.A.,eigen,Large highest EEA|CON|2025-09-30,77,77,nein,
PQOH26KWDF7CG10L6792,CON,2025-09-30,Erste Group Bank AG,Austria,Large highest EEA,PQOH26KWDF7CG10L6792,Erste Group Bank AG,ezb,Large highest EEA|CON|2025-09-30,77,77,nein,
PRNXTNXHBI0TSY1V8P17,CON,2025-09-30,Zagrebačka banka d.d.,Croatia,Large subsidiaries,549300TRUWO2CD2G5692,UniCredit S.p.A.,beide,Large subsidiaries|CON|2025-09-30,31,16,ja,UniCredit Bank Austria AG|UniCredit Bank Czech Republi|UniCredit Bank GmbH
PSNL19R2RXX5U3QWHI44,CON,2025-09-30,MEDIOBANCA - BANCA DI CREDITO FINANZIARIO S.P.A.,Italy,Large subsidiaries,J4CP7MHCXR8DAQMKIL78,BANCA MONTE DEI PASCHI DI SIENA S.p.A.,beide,Large subsidiaries|CON|2025-09-30,31,16,nein,
R0MUWSFPU8MPRO8K5P83,CON,2025-09-30,BNP Paribas,France,Large highest EEA,R0MUWSFPU8MPRO8K5P83,BNP Paribas S.A.,ezb,Large highest EEA|CON|2025-09-30,77,77,nein,
R7CQUF1DQM73HUTV1078,IND,2025-09-30,"Banque et Caisse d´Epargne de l´Etat, Luxembourg",Luxembourg,Large highest EEA,R7CQUF1DQM73HUTV1078,"Banque et Caisse d’Epargne de l’Etat, Luxembourg",ezb,Large highest EEA|IND|2025-09-30,13,12,nein,
SI5RG2M0WQQLZCXKRM20,CON,2025-09-30,"Banco de Sabadell, S.A.",Spain,Large highest EEA,SI5RG2M0WQQLZCXKRM20,"Banco de Sabadell, S.A.",ezb,Large highest EEA|CON|2025-09-30,77,77,nein,
TUKDD90GPC79G1KOE162,CON,2025-09-30,Hamburg Commercial Bank AG,Germany,Large highest EEA,TUKDD90GPC79G1KOE162,Hamburg Commercial Bank AG,ezb,Large highest EEA|CON|2025-09-30,77,77,nein,
VDYMYTQGZZ6DU0912C88,CON,2025-09-30,Bayerische Landesbank,Germany,Large highest EEA,VDYMYTQGZZ6DU0912C88,Bayerische Landesbank,ezb,Large highest EEA|CON|2025-09-30,77,77,nein,
XLEZHWWOI4HFQDGL4793,CON,2025-09-30,BANK HANDLOWY W WARSZAWIE SA,Poland,Large subsidiaries,6SHGI4ZSSLCXXQSBB395,,gleif,Large subsidiaries|CON|2025-09-30,31,16,nein,
5493000YPN33HF74SN02,IND,2025-10-31,Bank of Montreal Europe plc,Ireland,Other highest EEA,NQQ6HPCNCCU6TUTQYE16,,gleif,Other highest EEA|IND|2025-10-31,2,2,nein,
747DLM6L5TO7LXZY5T60,IND,2025-10-31,Scotiabank (Ireland) Designated Activity Company,Ireland,Other highest EEA,L3I9ZG2KFGXZ61BMYR72,,gleif,Other highest EEA|IND|2025-10-31,2,2,nein,
RUOKPID0PZ0UWJYU9J61,CON,2025-10-31,John Deere Bank S.A.,Luxembourg,Other highest EEA,PWFTNG3EI0Y73OXWDH08,,gleif,Other highest EEA|CON|2025-10-31,1,1,nein,
0W2PZJM8XOY22M4GG883,CON,2025-12-31,DekaBank Deutsche Girozentrale,Germany,Large highest EEA,0W2PZJM8XOY22M4GG883,DekaBank Deutsche Girozentrale,ezb,Large highest EEA|CON|2025-12-31,101,101,nein,
0W5QHUNYV4W7GJO62R27,CON,2025-12-31,HYPO TIROL BANK AG,Austria,Other highest EEA,0W5QHUNYV4W7GJO62R27,HYPO TIROL BANK AG,eigen,Other highest EEA|CON|2025-12-31,118,117,nein,
1FOLRR5RWTWWI397R131,IND,2025-12-31,Aktiebolaget Svensk Exportkredit,Sweden,Large highest EEA,1FOLRR5RWTWWI397R131,Aktiebolaget Svensk Exportkredit,eigen,Large highest EEA|IND|2025-12-31,20,19,nein,
2138002PVBMEHILJ1340,IND,2025-12-31,Mitsubishi UFJ Investor Services and Banking (Luxembourg) S.A.,Luxembourg,Other highest EEA,353800V2V8PUY9TK3E06,,gleif,Other highest EEA|IND|2025-12-31,103,103,nein,
21380033CFFM2V1ZCK65,CON,2025-12-31,SPARKASSE (HOLDINGS) MALTA LIMITED,Malta,Other highest EEA,21380033CFFM2V1ZCK65,SPARKASSE (HOLDINGS) MALTA LIMITED,eigen,Other highest EEA|CON|2025-12-31,118,117,nein,
21380057HUGFEAF25W84,CON,2025-12-31,NOBA Group,Sweden,Other highest EEA,21380057HUGFEAF25W84,NOBA Group,eigen,Other highest EEA|CON|2025-12-31,118,117,nein,
2138005M92IEIQVEL297,CON,2025-12-31,AS Inbank,Estonia,Other highest EEA,2138005M92IEIQVEL297,AS Inbank,eigen,Other highest EEA|CON|2025-12-31,118,117,nein,
2138005MGIT3X9ZTMP37,IND,2025-12-31,Rønde Sparekasse,Denmark,Other highest EEA,2138005MGIT3X9ZTMP37,Rønde Sparekasse,eigen,Other highest EEA|IND|2025-12-31,103,103,nein,
2138007F5HA5FFJROB80,CON,2025-12-31,"Akciju sabiedrība ""Rietumu Banka""",Latvia,Other highest EEA,2138007F5HA5FFJROB80,"Akciju sabiedrība ""Rietumu Banka""",eigen,Other highest EEA|CON|2025-12-31,118,117,nein,
2138007JGI1M5YF7FJ53,CON,2025-12-31,Frøs Sparekasse,Denmark,Other highest EEA,2138007JGI1M5YF7FJ53,Frøs Sparekasse,eigen,Other highest EEA|CON|2025-12-31,118,117,nein,
2138007WKF5CM2EUM824,IND,2025-12-31,"Citfin, spořitelní družstvo",Czech,Other highest EEA,2138007WKF5CM2EUM824,"Citfin, spořitelní družstvo",eigen,Other highest EEA|IND|2025-12-31,103,103,nein,
213800984CWACNBY8F31,IND,2025-12-31,Sparekassen for Nr. Nebel og Omegn,Denmark,Other highest EEA,213800984CWACNBY8F31,Sparekassen for Nr. Nebel og Omegn,eigen,Other highest EEA|IND|2025-12-31,103,103,nein,
2138009Y59EAR7H1UO97,CON,2025-12-31,"Akciju sabiedrība ""Citadele banka""",Latvia,Large highest EEA,2138009Y59EAR7H1UO97,AS “Citadele banka”,ezb,Large highest EEA|CON|2025-12-31,101,101,nein,
213800A1O379I6DMCU10,IND,2025-12-31,APS BANK P.L.C.,Malta,Large highest EEA,213800A1O379I6DMCU10,APS BANK P.L.C.,eigen,Large highest EEA|IND|2025-12-31,20,19,nein,
213800C78WI8VFJCYR09,IND,2025-12-31,Sparekassen Bredebro,Denmark,Other highest EEA,213800C78WI8VFJCYR09,Sparekassen Bredebro,eigen,Other highest EEA|IND|2025-12-31,103,103,nein,
213800CBW4NPFP73ZK64,CON,2025-12-31,ANCORIA INVESTMENTS PLC,Cyprus,Other highest EEA,213800CBW4NPFP73ZK64,ANCORIA INVESTMENTS PLC,eigen,Other highest EEA|CON|2025-12-31,118,117,nein,
213800CQ92347ZCS9V73,CON,2025-12-31,"ATLÂNTICO EUROPA, SGPS, SA",Portugal,Other highest EEA,213800CQ92347ZCS9V73,"ATLÂNTICO EUROPA, SGPS, SA",eigen,Other highest EEA|CON|2025-12-31,118,117,nein,
213800DBQIB6VBNU5C64,CON,2025-12-31,Alpha Bank S.A.,Greece,Large highest EEA,213800DBQIB6VBNU5C64,ALPHA BANK S.A.,ezb,Large highest EEA|CON|2025-12-31,101,101,nein,
213800GO21RWIB6O9Q29,CON,2025-12-31,Middelfart Sparekasse,Denmark,Other highest EEA,213800GO21RWIB6O9Q29,Middelfart Sparekasse,eigen,Other highest EEA|CON|2025-12-31,118,117,nein,
213800JF3JFF6MMR2P36,CON,2025-12-31,Fynske Bank A/S,Denmark,Other highest EEA,213800JF3JFF6MMR2P36,Fynske Bank A/S,eigen,Other highest EEA|CON|2025-12-31,118,117,nein,
213800KGF4EFNUQKAT69,CON,2025-12-31,EUROBANK S.A.,Greece,Large highest EEA,213800KGF4EFNUQKAT69,Eurobank S.A.,ezb,Large highest EEA|CON|2025-12-31,101,101,nein,
213800KOJ5JSZ6ID2R91,IND,2025-12-31,Sparekassen Balling,Denmark,Other highest EEA,213800KOJ5JSZ6ID2R91,Sparekassen Balling,eigen,Other highest EEA|IND|2025-12-31,103,103,nein,
213800KYUPNOQPAQL758,CON,2025-12-31,BANCO DE INVESTIMENTO GLOBAL S.A.,Portugal,Other highest EEA,213800KYUPNOQPAQL758,BANCO DE INVESTIMENTO GLOBAL S.A.,eigen,Other highest EEA|CON|2025-12-31,118,117,nein,
213800M7T3CYVZ3ZRT12,CON,2025-12-31,Sparebanken Norge,Norway,Large highest EEA,213800M7T3CYVZ3ZRT12,Sparebanken Norge,eigen,Large highest EEA|CON|2025-12-31,101,101,nein,
213800MLL4APN9UP1J53,IND,2025-12-31,Rise Sparekasse,Denmark,Other highest EEA,213800MLL4APN9UP1J53,Rise Sparekasse,eigen,Other highest EEA|IND|2025-12-31,103,103,nein,
213800P1P13ABO5R9V78,IND,2025-12-31,Societe Generale Bank - Cyprus Ltd,Cyprus,Other highest EEA,54930005YI2KEYKV5523,,gleif,Other highest EEA|IND|2025-12-31,103,103,nein,
213800RENLNKMWZV8767,CON,2025-12-31,Lollands Bank A/S,Denmark,Other highest EEA,213800RENLNKMWZV8767,Lollands Bank A/S,eigen,Other highest EEA|CON|2025-12-31,118,117,nein,
213800RZWHE5EUX9R444,CON,2025-12-31,Luminor Holding AS,Estonia,Large highest EEA,213800RZWHE5EUX9R444,Luminor Holding AS,ezb,Large highest EEA|CON|2025-12-31,101,101,nein,
213800TC9PZRBHMJW403,CON,2025-12-31,MDB Group Limited,Malta,Large subsidiaries,315700LT2QPI1YMTC764,CREDITAS B.V.,ezb,Large subsidiaries|CON|2025-12-31,71,26,nein,
213800TKOS7J5UA3ZI07,IND,2025-12-31,EUROPE ARAB BANK SA,France,Other highest EEA,5493001JH4LYPQTBQP79,,gleif,Other highest EEA|IND|2025-12-31,103,103,nein,
213800UIIZ6YSEQB5S26,CON,2025-12-31,Clearstream Fund Centre Holding S.A.,Luxembourg,Other highest EEA,529900G3SW56SHYNPR95,,gleif,Other highest EEA|CON|2025-12-31,118,117,nein,
213800UK7516IBWZO445,IND,2025-12-31,Borbjerg Sparekasse,Denmark,Other highest EEA,213800UK7516IBWZO445,Borbjerg Sparekasse,eigen,Other highest EEA|IND|2025-12-31,103,103,nein,
213800UYAHIRLZ4NSN67,IND,2025-12-31,Lån & Spar Bank A/S,Denmark,Other highest EEA,213800UYAHIRLZ4NSN67,Lån & Spar Bank A/S,eigen,Other highest EEA|IND|2025-12-31,103,103,nein,
213800X3Q9LSAKRUWY91,CON,2025-12-31,KBC Groupe,Belgium,Large highest EEA,213800X3Q9LSAKRUWY91,KBC Group NV,ezb,Large highest EEA|CON|2025-12-31,101,101,nein,
213800ZOI1EW481WPV90,IND,2025-12-31,FCM Bank Ltd,Malta,Other highest EEA,213800ZOI1EW481WPV90,FCM Bank Ltd,eigen,Other highest EEA|IND|2025-12-31,103,103,nein,
22210058UCKT3BJTCN24,CON,2025-12-31,OTP Luxembourg S.à r.l.,Luxembourg,Large subsidiaries,529900W3MOO00A18X956,OTP-csoport,gleif,Large subsidiaries|CON|2025-12-31,71,26,ja,OTP banka d.d.|OTP banka d.d.
222100PG81CES7H3HZ28,CON,2025-12-31,Aneto S.à r.l.,Luxembourg,Other highest EEA,549300BNKM71X644N307,,gleif,Other highest EEA|CON|2025-12-31,118,117,nein,
222100V03Y766EM5TZ83,IND,2025-12-31,Brown Brothers Harriman (Luxembourg) S.C.A.,Luxembourg,,5493006KMX1VFTPYPW14,,gleif,?|IND|2025-12-31,3,3,nein,
2534005A84927EKSR789,CON,2025-12-31,Signet Bank AS,Latvia,Other highest EEA,2534005A84927EKSR789,Signet Bank AS,eigen,Other highest EEA|CON|2025-12-31,118,117,nein,
254900WR3I1Z9NPC7D84,CON,2025-12-31,Kvika banki hf.,Iceland,Other highest EEA,254900WR3I1Z9NPC7D84,Kvika banki hf.,eigen,Other highest EEA|CON|2025-12-31,118,117,nein,
2594000ZNGGQZXZKXH36,CON,2025-12-31,VELOBANK SA,Poland,Other highest EEA,2594000ZNGGQZXZKXH36,VELOBANK SA,eigen,Other highest EEA|CON|2025-12-31,118,117,nein,
259400BILZFH923Q1N56,IND,2025-12-31,WARMINSKO - MAZURSKI BANK SPOLDZIELCZY,Poland,Other highest EEA,259400BILZFH923Q1N56,WARMINSKO - MAZURSKI BANK SPOLDZIELCZY,eigen,Other highest EEA|IND|2025-12-31,103,103,nein,
259400DAAAR5M4A6SI23,IND,2025-12-31,Bank Pocztowy S.A.,Poland,Other highest EEA,259400F669WGVYGLHT55,,gleif,Other highest EEA|IND|2025-12-31,103,103,nein,
259400DZXF7UJKK2AY35,CON,2025-12-31,mBank S.A.,Poland,Large subsidiaries,851WYGNLUQLFZBSYGB56,COMMERZBANK Aktiengesellschaft,gleif,Large subsidiaries|CON|2025-12-31,71,26,nein,
259400GZKACLCASLRW25,IND,2025-12-31,KRAKOWSKI BANK SPOLDZIELCZY,Poland,Other highest EEA,259400GZKACLCASLRW25,KRAKOWSKI BANK SPOLDZIELCZY,eigen,Other highest EEA|IND|2025-12-31,103,103,nein,
259400L03ZTD1W99FZ91,IND,2025-12-31,BANK SPOLDZIELCZY W BRODNICY,Poland,Other highest EEA,259400L03ZTD1W99FZ91,BANK SPOLDZIELCZY W BRODNICY,eigen,Other highest EEA|IND|2025-12-31,103,103,nein,
259400LGXW3K0GDAG361,CON,2025-12-31,Santander Bank Polska S.A.,Poland,Large subsidiaries,PQOH26KWDF7CG10L6792,Erste Group Bank AG,gleif,Large subsidiaries|CON|2025-12-31,71,26,ja,"ERSTE csoport|Erste&Steiermärkische Bank d|Slovenská sporiteľňa, a.s."
259400QHDOZWMJ103294,CON,2025-12-31,ALIOR BANK S.A.,Poland,Other highest EEA,QLPCKOOKVX32FUELX240,,gleif,Other highest EEA|CON|2025-12-31,118,117,nein,
259400WNAOMT2E4OIS38,CON,2025-12-31,NEST BANK S.A.,Poland,Other highest EEA,259400WNAOMT2E4OIS38,NEST BANK S.A.,eigen,Other highest EEA|CON|2025-12-31,118,117,nein,
259400YLRTOBISHBVX41,CON,2025-12-31,ING Bank Slaski S.A.,Poland,Large subsidiaries,549300NYKK9MWM7GGW15,ING Groep N.V.,gleif,Large subsidiaries|CON|2025-12-31,71,26,ja,ING Bank N.V.|ING Holding Deutschland GmbH
2G5BKIC2CB69PRJH1W31,IND,2025-12-31,Barclays Bank Ireland plc,Ireland,Large highest EEA,213800LBQA1Y9L22JB70,,gleif,Large highest EEA|IND|2025-12-31,20,19,nein,
2W8N8UU78PMDQKZENC08,CON,2025-12-31,Intesa Sanpaolo S.p.A.,Italy,Large highest EEA,2W8N8UU78PMDQKZENC08,Intesa Sanpaolo S.p.A.,ezb,Large highest EEA|CON|2025-12-31,101,101,nein,
2ZCNRR8UK83OBTEK2170,CON,2025-12-31,UniCredit Bank GmbH,Germany,Large subsidiaries,549300TRUWO2CD2G5692,UniCredit S.p.A.,beide,Large subsidiaries|CON|2025-12-31,71,26,ja,UniCredit Bank Austria AG|UniCredit Bank Czech Republi|UniCredit Bank S.A.
31570010000000004460,CON,2025-12-31,Raiffeisenbank a.s.,Czech,Large subsidiaries,9ZHRYM6F437SQJ6OUG95,Raiffeisen Bank International AG,gleif,Large subsidiaries|CON|2025-12-31,71,26,ja,RAIFFEISEN BANK S.A.|Raiffeisen Bank csoport|Raiffeisenbank Austria d.d.
31570014BNQ1Q99CNQ35,CON,2025-12-31,PPF Financial Holdings AS,Czech,Large highest EEA,984500CE58365CB10V25,,gleif,Large highest EEA|CON|2025-12-31,101,101,nein,
3157002JBFAI478MD587,CON,2025-12-31,"Tatra banka, a.s.",Slovakia,Large subsidiaries,9ZHRYM6F437SQJ6OUG95,Raiffeisen Bank International AG,beide,Large subsidiaries|CON|2025-12-31,71,26,ja,RAIFFEISEN BANK S.A.|Raiffeisen Bank csoport|Raiffeisenbank Austria d.d.
3157006K4C7PJT790450,IND,2025-12-31,BANCA CENTRALA COOPERATISTA CREDITCOOP,Romania,Other highest EEA,3157006K4C7PJT790450,BANCA CENTRALA COOPERATISTA CREDITCOOP,eigen,Other highest EEA|IND|2025-12-31,103,103,nein,
315700E9POA724IWFP59,CON,2025-12-31,J&amp;T FINANCE GROUP SE,Czech,Large highest EEA,315700E9POA724IWFP59,J&amp;T FINANCE GROUP SE,eigen,Large highest EEA|CON|2025-12-31,101,101,nein,
315700K45LRKNGMUIW27,IND,2025-12-31,"Prima banka Slovensko, a.s.",Slovakia,Large highest EEA,,,unbekannt,Large highest EEA|IND|2025-12-31,20,19,nein,
39120001JPAYYPDRNN92,IND,2025-12-31,Deutsche Bausparkasse Badenia Aktiengesellschaft,Germany,Other highest EEA,549300X5UKJVE386ZB61,,gleif,Other highest EEA|IND|2025-12-31,103,103,nein,
391200EEGLNXBBCVKC73,CON,2025-12-31,Erwerbsgesellschaft der S-Finanzgruppe mbH & Co. KG,Germany,Large highest EEA,391200EEGLNXBBCVKC73,Erwerbsgesellschaft der S-Finanzgruppe mbH & Co. KG,ezb,Large highest EEA|CON|2025-12-31,101,101,nein,
3DM5DPGI3W6OU6GJ4N92,CON,2025-12-31,BANCO BPI S.A.,Portugal,Large subsidiaries,7CUNS533WID6K7DGFI87,"CaixaBank, S.A.",ezb,Large subsidiaries|CON|2025-12-31,71,26,nein,
3H0Q3U74FVFED2SHZT16,CON,2025-12-31,MBH bankcsoport,Hungary,Large highest EEA,3H0Q3U74FVFED2SHZT16,MBH bankcsoport,eigen,Large highest EEA|CON|2025-12-31,101,101,nein,
3M5E1GQGKL17HI6CPN30,CON,2025-12-31,Jyske Bank A/S,Denmark,Large highest EEA,3M5E1GQGKL17HI6CPN30,Jyske Bank A/S,eigen,Large highest EEA|CON|2025-12-31,101,101,nein,
3TK20IVIUJ8J3ZU0QE75,CON,2025-12-31,ING Bank N.V.,Netherlands,Large subsidiaries,549300NYKK9MWM7GGW15,ING Groep N.V.,beide,Large subsidiaries|CON|2025-12-31,71,26,ja,ING Bank Slaski S.A.|ING Holding Deutschland GmbH
485100FX5Y9YLAQLNP12,CON,2025-12-31,Revolut Holdings Europe UAB,Lithuania,Large highest EEA,213800UIKMYZWWQS5E02,,gleif,Large highest EEA|CON|2025-12-31,101,101,nein,
5299000F1CGJQ8NAXQ58,IND,2025-12-31,MERKANTI BANK LTD,Malta,Other highest EEA,5299000F1CGJQ8NAXQ58,MERKANTI BANK LTD,eigen,Other highest EEA|IND|2025-12-31,103,103,nein,
5299000PCY1EP8QJFV48,CON,2025-12-31,United Bulgarian Bank AD,Bulgaria,Large subsidiaries,213800X3Q9LSAKRUWY91,KBC Group NV,beide,Large subsidiaries|CON|2025-12-31,71,26,ja,Československá obchodná bank|Československá obchodní bank
5299000R7WZOVIFHLN21,CON,2025-12-31,BFS SozialFinanz AG,Germany,Other highest EEA,5299000R7WZOVIFHLN21,BFS SozialFinanz AG,eigen,Other highest EEA|CON|2025-12-31,118,117,nein,
5299001ADI8FLGT0GU28,IND,2025-12-31,Sparkasse KölnBonn,Germany,Other highest EEA,5299001ADI8FLGT0GU28,Sparkasse KölnBonn,eigen,Other highest EEA|IND|2025-12-31,103,103,nein,
5299001PEMDU9N24CH60,CON,2025-12-31,DELAVSKA HRANILNICA d.d. LJUBLJANA,Slovenia,Other highest EEA,5299001PEMDU9N24CH60,DELAVSKA HRANILNICA d.d. LJUBLJANA,eigen,Other highest EEA|CON|2025-12-31,118,117,nein,
52990026HQOTT4AJP655,IND,2025-12-31,GLS Gemeinschaftsbank e.G.,Germany,Other highest EEA,52990026HQOTT4AJP655,GLS Gemeinschaftsbank e.G.,eigen,Other highest EEA|IND|2025-12-31,103,103,nein,
5299002GPCR602QYJC04,CON,2025-12-31,KfW Beteiligungsholding GmbH,Germany,Large highest EEA,549300GDPG70E3MBBU98,,gleif,Large highest EEA|CON|2025-12-31,101,101,nein,
52990033C5FUEN4LMC06,IND,2025-12-31,BANCA POPOLARE DELL'ALTO ADIGE SOCIETA' PER AZIONI (IN TEDESCO SUDTIROLER VOLKSBANK A.G.),Italy,Other highest EEA,52990033C5FUEN4LMC06,BANCA POPOLARE DELL'ALTO ADIGE SOCIETA' PER AZIONI (IN TEDESCO SUDTIROLER VOLKSBANK A.G.),eigen,Other highest EEA|IND|2025-12-31,103,103,nein,
52990045V2BWJN669Q34,CON,2025-12-31,Wüstenrot Wohnungswirtschaft registrierte Genossenschaft mit beschränkter Haftung,Austria,Other highest EEA,52990045V2BWJN669Q34,Wüstenrot Wohnungswirtschaft registrierte Genossenschaft mit beschränkter Haftung,eigen,Other highest EEA|CON|2025-12-31,118,117,nein,
5299004R4U60UMXLSE36,IND,2025-12-31,Sparkasse Karlsruhe,Germany,Other highest EEA,5299004R4U60UMXLSE36,Sparkasse Karlsruhe,eigen,Other highest EEA|IND|2025-12-31,103,103,nein,
5299005743YY767PR386,IND,2025-12-31,Dragsholm Sparekasse,Denmark,Other highest EEA,5299005743YY767PR386,Dragsholm Sparekasse,eigen,Other highest EEA|IND|2025-12-31,103,103,nein,
5299005OACOC1C1OFJ11,IND,2025-12-31,Raiffeisen-Landesbank Tirol AG,Austria,Other highest EEA,5299005OACOC1C1OFJ11,Raiffeisen-Landesbank Tirol AG,eigen,Other highest EEA|IND|2025-12-31,103,103,nein,
5299005UJX6K7BQKV086,CON,2025-12-31,OTP banka d.d.,Croatia,Large subsidiaries,529900W3MOO00A18X956,OTP-csoport,gleif,Large subsidiaries|CON|2025-12-31,71,26,ja,OTP Luxembourg S.à r.l.|OTP banka d.d.
52990061592SQLEJN964,IND,2025-12-31,Volksbank Mittelhessen eG,Germany,Other highest EEA,52990061592SQLEJN964,Volksbank Mittelhessen eG,eigen,Other highest EEA|IND|2025-12-31,103,103,nein,
5299007S3UH5RKUYDA52,IND,2025-12-31,DEUTSCHE APOTHEKER- UND ÄRZTEBANK EG,Germany,Large highest EEA,5299007S3UH5RKUYDA52,Deutsche Apotheker- und Ärztebank eG,ezb,Large highest EEA|IND|2025-12-31,20,19,nein,
52990089LBIKLBM8YB23,IND,2025-12-31,VR Bank Nord eG,Germany,Other highest EEA,52990089LBIKLBM8YB23,VR Bank Nord eG,eigen,Other highest EEA|IND|2025-12-31,103,103,nein,
5299008FEH4GQXGZNP50,CON,2025-12-31,"BANCO CTT, S.A.",Portugal,Other highest EEA,529900G4A1IKOKC22K56,,gleif,Other highest EEA|CON|2025-12-31,118,117,nein,
5299008I0TO44SUINZ71,IND,2025-12-31,Oldenburgische Landesbank Aktiengesellschaft,Germany,Large highest EEA,9695000CG7B84NLR5984,Confédération Nationale du Crédit Mutuel,ezb,Large highest EEA|IND|2025-12-31,20,19,nein,
52990093INYLJNWHQ228,IND,2025-12-31,Volksbank eG - Die Gestalterbank,Germany,Other highest EEA,52990093INYLJNWHQ228,Volksbank eG - Die Gestalterbank,eigen,Other highest EEA|IND|2025-12-31,103,103,nein,
52990096Q5LMCH1WU462,CON,2025-12-31,"Československá obchodná banka, a.s.",Slovakia,Large subsidiaries,213800X3Q9LSAKRUWY91,KBC Group NV,beide,Large subsidiaries|CON|2025-12-31,71,26,ja,United Bulgarian Bank AD|Československá obchodní bank
5299009EHB4RBGMI5828,IND,2025-12-31,Raiffeisen Landesbank Kärnten und Revisionsverband eGen,Austria,Other highest EEA,5299009EHB4RBGMI5828,Raiffeisen Landesbank Kärnten und Revisionsverband eGen,eigen,Other highest EEA|IND|2025-12-31,103,103,nein,
529900AVGYYBVL1VNQ03,IND,2025-12-31,Kreditbanken A/S,Denmark,Other highest EEA,529900AVGYYBVL1VNQ03,Kreditbanken A/S,eigen,Other highest EEA|IND|2025-12-31,103,103,nein,
529900B4OR3PD4V3AQ57,CON,2025-12-31,Finanzholding der Sparkasse in Bremen,Germany,Other highest EEA,529900B4OR3PD4V3AQ57,Finanzholding der Sparkasse in Bremen,eigen,Other highest EEA|CON|2025-12-31,118,117,nein,
529900B91AUH0YTEXN10,IND,2025-12-31,National-Bank Aktiengesellschaft,Germany,Other highest EEA,529900B91AUH0YTEXN10,National-Bank Aktiengesellschaft,eigen,Other highest EEA|IND|2025-12-31,103,103,nein,
529900BHRYZ464GFD289,CON,2025-12-31,GRENKE AG,Germany,Other highest EEA,529900BHRYZ464GFD289,GRENKE AG,eigen,Other highest EEA|CON|2025-12-31,118,117,nein,
529900BI5KIGX6YLX375,CON,2025-12-31,Oberösterreichische Landesbank Aktiengesellschaft,Austria,Other highest EEA,529900BI5KIGX6YLX375,Oberösterreichische Landesbank Aktiengesellschaft,eigen,Other highest EEA|CON|2025-12-31,118,117,nein,
529900BIK4WRWS06MR52,IND,2025-12-31,Varengold Bank AG,Germany,Other highest EEA,529900BIK4WRWS06MR52,Varengold Bank AG,eigen,Other highest EEA|IND|2025-12-31,103,103,nein,
529900C3SHT3Q94H3W82,CON,2025-12-31,Bank11 Holding GmbH,Germany,Other highest EEA,5299004RMSA334L0LD60,,gleif,Other highest EEA|CON|2025-12-31,118,117,nein,
529900C9OP6Y0DPYSK11,IND,2025-12-31,VR Bank RheinAhrEifel eG,Germany,Other highest EEA,529900C9OP6Y0DPYSK11,VR Bank RheinAhrEifel eG,eigen,Other highest EEA|IND|2025-12-31,103,103,nein,
529900CJAJ0HDPPKUI53,IND,2025-12-31,Nassauische Sparkasse,Germany,Other highest EEA,529900CJAJ0HDPPKUI53,Nassauische Sparkasse,eigen,Other highest EEA|IND|2025-12-31,103,103,nein,
529900D5G4V6THXC5P79,IND,2025-12-31,Hrvatska poštanska banka d.d.,Croatia,Large highest EEA,529900D5G4V6THXC5P79,Hrvatska poštanska banka d.d.,eigen,Large highest EEA|IND|2025-12-31,20,19,nein,
529900DEAYRUPP22B339,CON,2025-12-31,Mercedes-Benz Bank AG,Germany,Other highest EEA,529900R27DL06UVNT076,,gleif,Other highest EEA|CON|2025-12-31,118,117,nein,
529900DPOQPLDSF3R482,CON,2025-12-31,Kaiser Partner Privatbank AG,Liechtenstein,Other highest EEA,529900DPOQPLDSF3R482,Kaiser Partner Privatbank AG,eigen,Other highest EEA|CON|2025-12-31,118,117,nein,
529900DSIVJWCUQUMP41,IND,2025-12-31,AKA Ausfuhrkredit-Gesellschaft mit beschränkter Haftung,Germany,Other highest EEA,529900DSIVJWCUQUMP41,AKA Ausfuhrkredit-Gesellschaft mit beschränkter Haftung,eigen,Other highest EEA|IND|2025-12-31,103,103,nein,
529900DXTOU2U9IZDY54,IND,2025-12-31,meine Volksbank Raiffeisenbank eG,Germany,Other highest EEA,529900DXTOU2U9IZDY54,meine Volksbank Raiffeisenbank eG,eigen,Other highest EEA|IND|2025-12-31,103,103,nein,
529900E0WY09Z3H21393,IND,2025-12-31,VR Bank Rhein-Neckar eG,Germany,Other highest EEA,529900E0WY09Z3H21393,VR Bank Rhein-Neckar eG,eigen,Other highest EEA|IND|2025-12-31,103,103,nein,
529900EKPN8EYA3AX590,IND,2025-12-31,Texim Bank AD,Bulgaria,Other highest EEA,529900EKPN8EYA3AX590,Texim Bank AD,eigen,Other highest EEA|IND|2025-12-31,103,103,nein,
529900EM0ZU25V87GD50,IND,2025-12-31,ALTE LEIPZIGER Bauspar AG,Germany,Other highest EEA,529900INDQW49BWR5028,,gleif,Other highest EEA|IND|2025-12-31,103,103,nein,
529900FEID5L4H2T2L70,IND,2025-12-31,Raiffeisen Landesbank Vorarlberg mit Revisionsverband eGen,Austria,Other highest EEA,529900FEID5L4H2T2L70,Raiffeisen Landesbank Vorarlberg mit Revisionsverband eGen,eigen,Other highest EEA|IND|2025-12-31,103,103,nein,
529900FZWXWNKF3O8394,CON,2025-12-31,Sparekassen Thy,Denmark,Other highest EEA,529900FZWXWNKF3O8394,Sparekassen Thy,eigen,Other highest EEA|CON|2025-12-31,118,117,nein,
529900GGYMNGRQTDOO93,CON,2025-12-31,BNG Bank N.V.,Netherlands,Large highest EEA,529900GGYMNGRQTDOO93,BNG Bank N.V.,ezb,Large highest EEA|CON|2025-12-31,101,101,nein,
529900GM944JT8YIRL63,IND,2025-12-31,Münchener Hypothekenbank eG,Germany,Large highest EEA,529900GM944JT8YIRL63,Münchener Hypothekenbank eG,ezb,Large highest EEA|IND|2025-12-31,20,19,nein,
529900HC4LDSGK0NCJ85,IND,2025-12-31,LBS Landesbausparkasse NordWest,Germany,Other highest EEA,529900HC4LDSGK0NCJ85,LBS Landesbausparkasse NordWest,eigen,Other highest EEA|IND|2025-12-31,103,103,nein,
529900HEKOENJHPNN480,CON,2025-12-31,Kuntarahoitus Oyj,Finland,Large highest EEA,529900HEKOENJHPNN480,Kuntarahoitus Oyj,ezb,Large highest EEA|CON|2025-12-31,101,101,nein,
529900HNOAA1KXQJUQ27,CON,2025-12-31,"DZ BANK AG Deutsche Zentral-Genossenschaftsbank, Frankfurt am Main",Germany,Large highest EEA,529900HNOAA1KXQJUQ27,DZ BANK AG Deutsche Zentral-Genossenschaftsbank,ezb,Large highest EEA|CON|2025-12-31,101,101,nein,
529900I1UZV70CZRAU55,CON,2025-12-31,Raiffeisenbank Austria d.d.,Croatia,Large subsidiaries,9ZHRYM6F437SQJ6OUG95,Raiffeisen Bank International AG,beide,Large subsidiaries|CON|2025-12-31,71,26,ja,RAIFFEISEN BANK S.A.|Raiffeisen Bank csoport|Raiffeisenbank a.s.
529900IRBZTADXJB6757,CON,2025-12-31,flatexDEGIRO AG,Germany,Other highest EEA,529900IRBZTADXJB6757,flatexDEGIRO AG,eigen,Other highest EEA|CON|2025-12-31,118,117,nein,
529900J35NSHS856UA68,CON,2025-12-31,Sparekassen Kronjylland,Denmark,Other highest EEA,529900J35NSHS856UA68,Sparekassen Kronjylland,eigen,Other highest EEA|CON|2025-12-31,118,117,nein,
529900JCAE554QUYE140,IND,2025-12-31,Sparkasse Westmünsterland,Germany,Other highest EEA,529900JCAE554QUYE140,Sparkasse Westmünsterland,eigen,Other highest EEA|IND|2025-12-31,103,103,nein,
529900JG015JC10LED24,CON,2025-12-31,AS LHV Group,Estonia,Large highest EEA,529900JG015JC10LED24,AS LHV Group,ezb,Large highest EEA|CON|2025-12-31,101,101,nein,
529900JRKG8AEYL65326,IND,2025-12-31,VR Bank Heilbronn Schwäbisch Hall eG,Germany,Other highest EEA,529900JRKG8AEYL65326,VR Bank Heilbronn Schwäbisch Hall eG,eigen,Other highest EEA|IND|2025-12-31,103,103,nein,
529900JZTYE3W7WQH904,CON,2025-12-31,HASPA Finanzholding,Germany,Large highest EEA,529900JZTYE3W7WQH904,HASPA Finanzholding,ezb,Large highest EEA|CON|2025-12-31,101,101,nein,
529900JZXXU699FCKK89,IND,2025-12-31,Bausparkasse Schwäbisch Hall Aktiengesellschaft - Bausparkasse der Volksbanken und Raiffeisenbanken,Germany,Large subsidiaries,529900HNOAA1KXQJUQ27,DZ BANK AG Deutsche Zentral-Genossenschaftsbank,beide,Large subsidiaries|IND|2025-12-31,18,17,nein,
529900K16YGKC8BES892,IND,2025-12-31,Deutsche Kreditbank Aktiengesellschaft,Germany,Large subsidiaries,VDYMYTQGZZ6DU0912C88,Bayerische Landesbank,beide,Large subsidiaries|IND|2025-12-31,18,17,nein,
529900KRVTRP5RWP9K95,CON,2025-12-31,Santander Consumer Holding GmbH,Germany,Large subsidiaries,5493006QMFDDMYWIAM13,"Banco Santander, S.A.",beide,Large subsidiaries|CON|2025-12-31,71,26,ja,"Banco Santander Totta, SA|Santander Consumer Finance, "
529900L89TGSPV9OU151,CON,2025-12-31,Porsche Bank Aktiengesellschaft,Austria,Other highest EEA,529900NNUPAGGOMPXZ31,,gleif,Other highest EEA|CON|2025-12-31,118,117,nein,
529900LIZVBUANJ20E31,IND,2025-12-31,BBBank eG,Germany,Other highest EEA,529900LIZVBUANJ20E31,BBBank eG,eigen,Other highest EEA|IND|2025-12-31,103,103,nein,
529900LKIMB57HKF3545,CON,2025-12-31,Bank of China (Europe) S.A,Luxembourg,Other highest EEA,54930053HGCFWVHYZX42,,gleif,Other highest EEA|CON|2025-12-31,118,117,nein,
529900LU7D396TOO3B50,CON,2025-12-31,Raiffeisenverband Salzburg eGen,Austria,Other highest EEA,529900LU7D396TOO3B50,Raiffeisenverband Salzburg eGen,eigen,Other highest EEA|CON|2025-12-31,118,117,nein,
529900MQJIQGD8N3YV53,CON,2025-12-31,Hannoversche Volksbank eG,Germany,Other highest EEA,529900MQJIQGD8N3YV53,Hannoversche Volksbank eG,eigen,Other highest EEA|CON|2025-12-31,118,117,nein,
529900NJYUGRO908KV84,CON,2025-12-31,ALLIANZ BULGARIA HOLDING,Bulgaria,Other highest EEA,529900K9B0N5BT694847,,gleif,Other highest EEA|CON|2025-12-31,118,117,ja,ALLIANZ BANK FINANCIAL ADVIS
529900NNQW9IAE32GQ07,CON,2025-12-31,GRAWE-Vermögensverwaltung,Austria,Other highest EEA,529900NNQW9IAE32GQ07,GRAWE-Vermögensverwaltung,eigen,Other highest EEA|CON|2025-12-31,118,117,nein,
529900ODI3047E2LIV03,CON,2025-12-31,Nordea Bank Abp,Finland,Large highest EEA,529900ODI3047E2LIV03,Nordea Bank Abp,ezb,Large highest EEA|CON|2025-12-31,101,101,nein,
529900OKPZTTS50FXP26,IND,2025-12-31,Advanzia Bank S.A.,Luxembourg,Other highest EEA,529900OKPZTTS50FXP26,Advanzia Bank S.A.,eigen,Other highest EEA|IND|2025-12-31,103,103,nein,
529900OLW8QPFMTBDC23,IND,2025-12-31,Neue Bank AG,Liechtenstein,Other highest EEA,529900OLW8QPFMTBDC23,Neue Bank AG,eigen,Other highest EEA|IND|2025-12-31,103,103,nein,
529900P8BY9HZTZ82T70,IND,2025-12-31,Volksbank Kraichgau eG,Germany,Other highest EEA,529900P8BY9HZTZ82T70,Volksbank Kraichgau eG,eigen,Other highest EEA|IND|2025-12-31,103,103,nein,
529900PR2ELW8QI1B775,IND,2025-12-31,DLR Kredit A/S,Denmark,Large highest EEA,529900PR2ELW8QI1B775,DLR Kredit A/S,eigen,Large highest EEA|IND|2025-12-31,20,19,nein,
529900PUK9IU39VCWK54,IND,2025-12-31,Volksbank in Ostwestfalen eG,Germany,Other highest EEA,529900PUK9IU39VCWK54,Volksbank in Ostwestfalen eG,eigen,Other highest EEA|IND|2025-12-31,103,103,nein,
529900Q2C3I7VCILLG45,CON,2025-12-31,FIMBank plc,Malta,Other highest EEA,254900NKYL22Y1SJAI75,,gleif,Other highest EEA|CON|2025-12-31,118,117,nein,
529900QYEJ2GYSWK1F08,CON,2025-12-31,RLB-Stmk Verbund eGen,Austria,Other highest EEA,529900QYEJ2GYSWK1F08,RLB-Stmk Verbund eGen,eigen,Other highest EEA|CON|2025-12-31,118,117,nein,
529900RCLERIIXF4QM23,IND,2025-12-31,bank99 AG,Austria,Other highest EEA,529900RCLERIIXF4QM23,bank99 AG,eigen,Other highest EEA|IND|2025-12-31,103,103,nein,
529900RPGHC6DQEQL615,IND,2025-12-31,International Asset Bank AD,Bulgaria,Other highest EEA,529900RPGHC6DQEQL615,International Asset Bank AD,eigen,Other highest EEA|IND|2025-12-31,103,103,nein,
529900RQOBT3ZJMDRK43,CON,2025-12-31,Bank Frick AG,Liechtenstein,Other highest EEA,529900RQOBT3ZJMDRK43,Bank Frick AG,eigen,Other highest EEA|CON|2025-12-31,118,117,nein,
529900RWC8ZYB066JF16,CON,2025-12-31,Bank of Valletta Plc,Malta,Large highest EEA,529900RWC8ZYB066JF16,Bank of Valletta plc,ezb,Large highest EEA|CON|2025-12-31,101,101,nein,
529900S1KHKOEQL5CK20,IND,2025-12-31,Wüstenrot Bausparkasse Aktiengesellschaft,Germany,Large highest EEA,5299003H07ZT0Z5ZNN35,,gleif,Large highest EEA|IND|2025-12-31,20,19,nein,
529900SEFOTJH1MLGZ92,IND,2025-12-31,Lægernes Bank A/S,Denmark,Other highest EEA,529900ADCRMS97AZYR34,,gleif,Other highest EEA|IND|2025-12-31,103,103,nein,
529900SS7ZWCX82U3W60,IND,2025-12-31,DEUTSCHE BANK S.P.A.,Italy,Large subsidiaries,7LTWFZYICNSX8D621K86,Deutsche Bank AG,beide,Large subsidiaries|IND|2025-12-31,18,17,nein,
529900SSGT49ZZSWYE62,CON,2025-12-31,Volkswagen Financial Services AG,Germany,Large highest EEA,529900NNUPAGGOMPXZ31,,gleif,Large highest EEA|CON|2025-12-31,101,101,nein,
529900SXEWPJ1MRRX537,CON,2025-12-31,Raiffeisen-Holding Niederösterreich-Wien registrierte Genossenschaft mit beschränkter Haftung,Austria,Large highest EEA,529900SXEWPJ1MRRX537,RAIFFEISEN-HOLDING NIEDERÖSTERREICH-WIEN registrierte Genossenschaft mit beschränkter Haftung,ezb,Large highest EEA|CON|2025-12-31,101,101,nein,
529900T32UL0CP1FZA06,CON,2025-12-31,ALLIANZ BANK FINANCIAL ADVISORS S.P.A.,Italy,Other highest EEA,529900K9B0N5BT694847,,gleif,Other highest EEA|CON|2025-12-31,118,117,ja,ALLIANZ BULGARIA HOLDING
529900T7MYZUMMW4O176,CON,2025-12-31,Berliner Volksbank eG,Germany,Other highest EEA,529900T7MYZUMMW4O176,Berliner Volksbank eG,eigen,Other highest EEA|CON|2025-12-31,118,117,nein,
529900TDG1TFZM39SF37,CON,2025-12-31,Baader Beteiligungs GmbH,Germany,Other highest EEA,529900TDG1TFZM39SF37,Baader Beteiligungs GmbH,eigen,Other highest EEA|CON|2025-12-31,118,117,nein,
529900U5XAEYOT68AC40,IND,2025-12-31,EFG Bank (Luxembourg) S.A.,Luxembourg,,506700PR1R98BSF81139,,gleif,?|IND|2025-12-31,3,3,nein,
529900UHDH7QLRMEJQ86,CON,2025-12-31,Sigma Bank AG,Liechtenstein,Other highest EEA,529900UHDH7QLRMEJQ86,Sigma Bank AG,eigen,Other highest EEA|CON|2025-12-31,118,117,nein,
529900UIRB65OY6U4B21,IND,2025-12-31,Lombard Bank Malta plc,Malta,Other highest EEA,529900UIRB65OY6U4B21,Lombard Bank Malta plc,eigen,Other highest EEA|IND|2025-12-31,103,103,nein,
529900UKZBMDBDZIXD62,CON,2025-12-31,Addiko Bank AG,Austria,Other highest EEA,529900UKZBMDBDZIXD62,Addiko Bank AG,ezb,Other highest EEA|CON|2025-12-31,118,117,nein,
529900VS0F7BA91P4I60,IND,2025-12-31,Alpha Bank Cyprus Limited,Cyprus,Large subsidiaries,5299009N55YRQC69CN08,,gleif,Large subsidiaries|IND|2025-12-31,18,17,nein,
529900VVDOKMRRAHZ894,IND,2025-12-31,Bank GPB International S.A.,Luxembourg,Other highest EEA,529900VVDOKMRRAHZ894,Bank GPB International S.A.,eigen,Other highest EEA|IND|2025-12-31,103,103,nein,
529900W3MOO00A18X956,CON,2025-12-31,OTP-csoport,Hungary,Large highest EEA,529900W3MOO00A18X956,OTP-csoport,eigen,Large highest EEA|CON|2025-12-31,101,101,nein,
529900WF3IXMJXSVJ831,IND,2025-12-31,Vereinigte Volksbanken eG,Germany,Other highest EEA,529900WF3IXMJXSVJ831,Vereinigte Volksbanken eG,eigen,Other highest EEA|IND|2025-12-31,103,103,nein,
529900XB6RQ3XCELQO62,IND,2025-12-31,BENDURA BANK AG,Liechtenstein,Other highest EEA,,,unbekannt,Other highest EEA|IND|2025-12-31,103,103,nein,
529900XDLJV1P7HBAH18,IND,2025-12-31,Sparkasse Holstein,Germany,Other highest EEA,529900XDLJV1P7HBAH18,Sparkasse Holstein,eigen,Other highest EEA|IND|2025-12-31,103,103,nein,
529900XSTAE561178282,CON,2025-12-31,Raiffeisenbankengruppe OÖ Verbund eGen,Austria,Large highest EEA,529900XSTAE561178282,Raiffeisenbankengruppe OÖ Verbund eGen,ezb,Large highest EEA|CON|2025-12-31,101,101,nein,
529900ZMDTSQYEYCKL45,IND,2025-12-31,VR TeilhaberBank Metropolregion Nürnberg eG,Germany,Other highest EEA,529900ZMDTSQYEYCKL45,VR TeilhaberBank Metropolregion Nürnberg eG,eigen,Other highest EEA|IND|2025-12-31,103,103,nein,
529900ZVK4VTIS0TOT43,IND,2025-12-31,DenizBank AG,Austria,Other highest EEA,54930029BCN8HF3B1286,,gleif,Other highest EEA|IND|2025-12-31,103,103,nein,
5493000LKS7B3UTF7H35,CON,2025-12-31,Bank Polska Kasa Opieki S.A.,Poland,Large highest EEA,QLPCKOOKVX32FUELX240,,gleif,Large highest EEA|CON|2025-12-31,101,101,nein,
5493000LM0MZ4JPMGM90,CON,2025-12-31,"Santander Consumer Finance, S.A.",Spain,Large subsidiaries,5493006QMFDDMYWIAM13,"Banco Santander, S.A.",beide,Large subsidiaries|CON|2025-12-31,71,26,ja,"Banco Santander Totta, SA|Santander Consumer Holding G"
5493000UPYR7EEHN2R94,CON,2025-12-31,"Gorenjska banka d.d., Kranj",Slovenia,Large subsidiaries,213800HDJ876ACJXXD05,AikGroup (CY) Limited,beide,Large subsidiaries|CON|2025-12-31,71,26,nein,
5493001U1K6M7JOL5W45,CON,2025-12-31,Raiffeisen Bank csoport,Hungary,Large subsidiaries,9ZHRYM6F437SQJ6OUG95,Raiffeisen Bank International AG,gleif,Large subsidiaries|CON|2025-12-31,71,26,ja,RAIFFEISEN BANK S.A.|Raiffeisenbank Austria d.d.|Raiffeisenbank a.s.
5493002DPKDEC2JN1Y86,CON,2025-12-31,Sparekassen Sjælland-Fyn A/S,Denmark,Other highest EEA,5493002DPKDEC2JN1Y86,Sparekassen Sjælland-Fyn A/S,eigen,Other highest EEA|CON|2025-12-31,118,117,nein,
5493002K643MZPQEK497,IND,2025-12-31,Banco Bradesco Europa S.A.,Luxembourg,Other highest EEA,549300CTUU1RFXHQJE44,,gleif,Other highest EEA|IND|2025-12-31,103,103,nein,
5493003BDYD5VPGUQS04,CON,2025-12-31,UniCredit Bank S.A.,Romania,Large subsidiaries,549300TRUWO2CD2G5692,"UNICREDIT, SOCIETA' PER AZIONI",gleif,Large subsidiaries|CON|2025-12-31,71,26,ja,UniCredit Bank Austria AG|UniCredit Bank Czech Republi|UniCredit Bank GmbH
5493003RJ3TPV33W0108,IND,2025-12-31,Union Bancaire Privée (Europe) S.A.,Luxembourg,Other highest EEA,5493003RJ3TPV33W0108,Union Bancaire Privée (Europe) S.A.,eigen,Other highest EEA|IND|2025-12-31,103,103,nein,
5493004D82XDFVPWQJ91,IND,2025-12-31,Ikano Bank AB (publ),Sweden,Other highest EEA,5493008E81TB1MN1VT78,,gleif,Other highest EEA|IND|2025-12-31,103,103,nein,
5493004WUGGU2BQI7F14,CON,2025-12-31,Landshypotek AB - gruppen,Sweden,Other highest EEA,54930027UO6WGCG0SW75,,gleif,Other highest EEA|CON|2025-12-31,118,117,nein,
54930060Q00W1SRIUI57,IND,2025-12-31,vdk bank,Belgium,Other highest EEA,54930060Q00W1SRIUI57,vdk bank,eigen,Other highest EEA|IND|2025-12-31,103,103,nein,
5493006QMFDDMYWIAM13,CON,2025-12-31,"Banco Santander, S.A.",Spain,Large highest EEA,5493006QMFDDMYWIAM13,"Banco Santander, S.A.",ezb,Large highest EEA|CON|2025-12-31,101,101,nein,
5493007BWYDPQZLZ0Y27,CON,2025-12-31,HYPO NOE Landesbank für Niederösterreich und Wien AG,Austria,Other highest EEA,5493007BWYDPQZLZ0Y27,HYPO NOE Landesbank für Niederösterreich und Wien AG,eigen,Other highest EEA|CON|2025-12-31,118,117,nein,
5493007QRSX9DS2CM858,IND,2025-12-31,China Construction Bank (Europe) S.A.,Luxembourg,Other highest EEA,5493001KQW6DM7KEDR62,,gleif,Other highest EEA|IND|2025-12-31,103,103,nein,
5493007S4JE930SIUE86,CON,2025-12-31,ING Holding Deutschland GmbH,Germany,Large subsidiaries,549300NYKK9MWM7GGW15,ING Groep N.V.,beide,Large subsidiaries|CON|2025-12-31,71,26,ja,ING Bank N.V.|ING Bank Slaski S.A.
5493007SWCCN9S3J2748,CON,2025-12-31,Bigbank AS,Estonia,Large highest EEA,5493007SWCCN9S3J2748,Bigbank AS,eigen,Large highest EEA|CON|2025-12-31,101,101,nein,
5493008QRHH0XCLJ4238,CON,2025-12-31,BRD-Groupe Société Générale SA,Romania,Large subsidiaries,O2RNE8IBXP4R0TD8PU41,Société générale S.A.,gleif,Large subsidiaries|CON|2025-12-31,71,26,ja,Société Générale Luxembourg
5493009EIBTCB1X12G89,CON,2025-12-31,LGT Group Foundation,Liechtenstein,Large highest EEA,5493009EIBTCB1X12G89,LGT Group Foundation,eigen,Large highest EEA|CON|2025-12-31,101,101,nein,
5493009ML6YX83YHC820,CON,2025-12-31,Argenta Bank- en Verzekeringsgroep NV,Belgium,Large subsidiaries,5493008QOCP58OLEN998,Investeringsmaatschappij Argenta NV ; Société d'investissements Argenta SA ; Investierungsgesellschaft Argenta AG,beide,Large subsidiaries|CON|2025-12-31,71,26,nein,
5493009VJC01E4H6HH77,CON,2025-12-31,Avanza - Grupp,Sweden,Other highest EEA,549300MBWR5H8SIJLE03,,gleif,Other highest EEA|CON|2025-12-31,118,117,nein,
5493009W2E2YDCXY6S81,CON,2025-12-31,"NOVO BANCO, S.A.",Portugal,Large subsidiaries,222100K6QL2V4MLHWQ08,LSF Nani Investments S.à.r.l.,ezb,Large subsidiaries|CON|2025-12-31,71,26,nein,
549300A2F46GR0UOM390,CON,2025-12-31,Erste&Steiermärkische Bank d.d.,Croatia,Large subsidiaries,PQOH26KWDF7CG10L6792,Erste Group Bank AG,beide,Large subsidiaries|CON|2025-12-31,71,26,ja,"ERSTE csoport|Santander Bank Polska S.A.|Slovenská sporiteľňa, a.s."
549300BZZFFS0SOWR325,IND,2025-12-31,Ford Bank GmbH,Germany,Other highest EEA,20S05OYHG0MQM4VUIC57,,gleif,Other highest EEA|IND|2025-12-31,103,103,nein,
549300C6TUMDXNOVXS82,CON,2025-12-31,Länsförsäkringar Bank AB - gruppen,Sweden,Large highest EEA,549300FOASW7JFUQV048,,gleif,Large highest EEA|CON|2025-12-31,101,101,nein,
549300CQ9NLEHMRCU505,IND,2025-12-31,"Cecabank, S.A.",Spain,Other highest EEA,,,unbekannt,Other highest EEA|IND|2025-12-31,103,103,nein,
549300D7SF4JSQDV7040,IND,2025-12-31,Mirabaud & Cie (Europe) S.A.,Luxembourg,Other highest EEA,549300UNS0E0CCKL0C57,,gleif,Other highest EEA|IND|2025-12-31,103,103,nein,
549300DVPJYGNF2P7B03,CON,2025-12-31,Steiermärkische Bank und Sparkassen Aktiengesellschaft,Austria,Large subsidiaries,PQOH26KWDF7CG10L6792,Erste Group Bank AG,beide,Large subsidiaries|CON|2025-12-31,71,26,ja,ERSTE csoport|Erste&Steiermärkische Bank d|Santander Bank Polska S.A.
549300DYPOFMXOR7XM56,CON,2025-12-31,Crelan,Belgium,Large highest EEA,549300DYPOFMXOR7XM56,Crelan SA ; Crelan NV,ezb,Large highest EEA|CON|2025-12-31,101,101,nein,
549300EHNXQVOI120S55,CON,2025-12-31,Coop Pank AS,Estonia,Large highest EEA,,,unbekannt,Large highest EEA|CON|2025-12-31,101,101,nein,
549300F7FBD744MEP844,IND,2025-12-31,Banque Raiffeisen,Luxembourg,Other highest EEA,549300F7FBD744MEP844,Banque Raiffeisen,eigen,Other highest EEA|IND|2025-12-31,103,103,nein,
549300FH0WJAPEHTIQ77,IND,2025-12-31,BofA Securities Europe SA,France,Large highest EEA,9DJT3UXIJIZJI4WXO774,,gleif,Large highest EEA|IND|2025-12-31,20,19,ja,Bank of America Europe Desig
549300FRBP5L0O1HY885,IND,2025-12-31,Sparbanken Syd,Sweden,Other highest EEA,549300FRBP5L0O1HY885,Sparbanken Syd,eigen,Other highest EEA|IND|2025-12-31,103,103,nein,
549300G3C8M0WXQCWH61,CON,2025-12-31,Caja Laboral Popular Coop. de Crédito,Spain,Other highest EEA,549300G3C8M0WXQCWH61,Caja Laboral Popular Coop. de Crédito,eigen,Other highest EEA|CON|2025-12-31,118,117,nein,
549300GKFG0RYRRQ1414,CON,2025-12-31,DNB BANK ASA,Norway,Large highest EEA,549300GKFG0RYRRQ1414,DNB BANK ASA,eigen,Large highest EEA|CON|2025-12-31,101,101,nein,
549300HFEHJOXGE4ZE63,CON,2025-12-31,SFIL S.A.,France,Large highest EEA,969500Q2PFTTP0Y5QL44,,gleif,Large highest EEA|CON|2025-12-31,101,101,nein,
549300HUKIA1IZQHFZ83,IND,2025-12-31,Erste Bank der oesterreichischen Sparkassen AG,Austria,Large subsidiaries,PQOH26KWDF7CG10L6792,Erste Group Bank AG,beide,Large subsidiaries|IND|2025-12-31,18,17,nein,
549300IQZVZ949N37S44,CON,2025-12-31,Euroclear Holding,Belgium,Large highest EEA,549300IQZVZ949N37S44,Euroclear Holding,eigen,Large highest EEA|CON|2025-12-31,101,101,nein,
549300IRGNL8Q3O8Y413,IND,2025-12-31,Eurobank Bulgaria,Bulgaria,Large subsidiaries,213800KGF4EFNUQKAT69,Eurobank S.A.,ezb,Large subsidiaries|IND|2025-12-31,18,17,nein,
549300J0GSZ83GTKBZ89,CON,2025-12-31,OTP banka d.d.,Slovenia,Large subsidiaries,529900W3MOO00A18X956,OTP-csoport,gleif,Large subsidiaries|CON|2025-12-31,71,26,ja,OTP Luxembourg S.à r.l.|OTP banka d.d.
549300JB1P61FUTPEZ75,CON,2025-12-31,"Všeobecná úverová banka, a.s.",Slovakia,Large subsidiaries,2W8N8UU78PMDQKZENC08,Intesa Sanpaolo S.p.A.,beide,Large subsidiaries|CON|2025-12-31,71,26,ja,Privredna Banka Zagreb d.d.
549300JECLPX13NZLU57,CON,2025-12-31,Danske Andelskassers Bank A/S,Denmark,Other highest EEA,549300JECLPX13NZLU57,Danske Andelskassers Bank A/S,eigen,Other highest EEA|CON|2025-12-31,118,117,nein,
549300JSC82O1L4XV837,CON,2025-12-31,Nordnet - Grupp,Sweden,Other highest EEA,549300D6WW5ZTWLZ4C08,,gleif,Other highest EEA|CON|2025-12-31,118,117,nein,
549300KOORG6SN9LMO68,IND,2025-12-31,IIG Bank (Malta) Ltd,Malta,Other highest EEA,,,unbekannt,Other highest EEA|IND|2025-12-31,103,103,nein,
549300L1IEXJYJ2NUV45,IND,2025-12-31,Sparekassen Danmark,Denmark,Other highest EEA,549300L1IEXJYJ2NUV45,Sparekassen Danmark,eigen,Other highest EEA|IND|2025-12-31,103,103,nein,
549300L7YCATGO57ZE10,CON,2025-12-31,FINECOBANK BANCA FINECO S.P.A. (IN BREVE FINECOBANK S.P.A. OVVERO BANCA FINECO S.P.A. OVVERO FINECO BANCA S.P.A.),Italy,Large highest EEA,549300L7YCATGO57ZE10,FinecoBank S.p.A.,ezb,Large highest EEA|CON|2025-12-31,101,101,nein,
549300LYFYVPUCG6SY25,CON,2025-12-31,"Banco Cooperativo Español, S.A.",Spain,Other highest EEA,549300LYFYVPUCG6SY25,"Banco Cooperativo Español, S.A.",eigen,Other highest EEA|CON|2025-12-31,118,117,nein,
549300M2IHOB9P5WE714,IND,2025-12-31,Swissquote Bank Europe S.A,Luxembourg,Other highest EEA,549300O3WME82RDPEN66,,gleif,Other highest EEA|IND|2025-12-31,103,103,nein,
549300M6HRHPF3NQBP83,IND,2025-12-31,SPAREBANK 1 BOLIGKREDITT AS,Norway,Other highest EEA,549300M6HRHPF3NQBP83,SPAREBANK 1 BOLIGKREDITT AS,eigen,Other highest EEA|IND|2025-12-31,103,103,nein,
549300MM2G2LFEPR2M50,IND,2025-12-31,Skandiabanken Aktiebolag (publ),Sweden,Other highest EEA,5493002XO4O96E9XFC76,,gleif,Other highest EEA|IND|2025-12-31,103,103,nein,
549300ND1MQ8SNNYMJ22,CON,2025-12-31,AS SEB Pank,Estonia,Large subsidiaries,F3JS33DEI6XQ4ZBPTN86,Skandinaviska Enskilda Banken - gruppen,gleif,Large subsidiaries|CON|2025-12-31,71,26,ja,"AS ""SEB banka"""
549300NYKK9MWM7GGW15,CON,2025-12-31,ING Groep N.V.,Netherlands,Large highest EEA,549300NYKK9MWM7GGW15,ING Groep N.V.,ezb,Large highest EEA|CON|2025-12-31,101,101,nein,
549300O2UN9JLME31F08,IND,2025-12-31,UniCredit Banka Slovenija d.d.,Slovenia,Large subsidiaries,549300TRUWO2CD2G5692,UniCredit S.p.A.,beide,Large subsidiaries|IND|2025-12-31,18,17,nein,
549300O3HXYXXUHR0897,CON,2025-12-31,Klarna - Grupp,Sweden,Other highest EEA,636700HER4JIK7GZUN17,,gleif,Other highest EEA|CON|2025-12-31,118,117,nein,
549300OL514RA0SXJJ44,IND,2025-12-31,Clearstream Banking S.A.,Luxembourg,Large subsidiaries,529900G3SW56SHYNPR95,,gleif,Large subsidiaries|IND|2025-12-31,18,17,nein,
549300OLBL49CW8CT155,CON,2025-12-31,"Ibercaja Banco, S.A.",Spain,Large highest EEA,549300OLBL49CW8CT155,"Ibercaja Banco, S.A.",ezb,Large highest EEA|CON|2025-12-31,101,101,nein,
549300OMTXWX1144LP69,IND,2025-12-31,"Akciju sabiedrība ""Reģionālā investīciju banka""",Latvia,Other highest EEA,549300OMTXWX1144LP69,"Akciju sabiedrība ""Reģionālā investīciju banka""",eigen,Other highest EEA|IND|2025-12-31,103,103,nein,
549300PZMFIQR79Q0T97,CON,2025-12-31,Íslandsbanki hf.,Iceland,Large highest EEA,549300PZMFIQR79Q0T97,Íslandsbanki hf.,eigen,Large highest EEA|CON|2025-12-31,101,101,nein,
549300Q3OIWRHQUQM052,CON,2025-12-31,SpareBank 1 Sør-Norge,Norway,Large highest EEA,549300Q3OIWRHQUQM052,SpareBank 1 Sør-Norge,eigen,Large highest EEA|CON|2025-12-31,101,101,nein,
549300RFKNCOX56F8591,CON,2025-12-31,RAIFFEISEN BANK S.A.,Romania,Large subsidiaries,9ZHRYM6F437SQJ6OUG95,Raiffeisen Bank International AG,gleif,Large subsidiaries|CON|2025-12-31,71,26,ja,Raiffeisen Bank csoport|Raiffeisenbank Austria d.d.|Raiffeisenbank a.s.
549300RG3H390KEL8896,CON,2025-12-31,Banca Transilvania,Romania,Large highest EEA,549300RG3H390KEL8896,Banca Transilvania,eigen,Large highest EEA|CON|2025-12-31,101,101,nein,
549300RMML7KXP6M1Y98,IND,2025-12-31,BANCO BAI EUROPA S.A.,Portugal,Other highest EEA,,,unbekannt,Other highest EEA|IND|2025-12-31,103,103,nein,
549300S2T3FWVVXWJI89,CON,2025-12-31,"Slovenská sporiteľňa, a.s.",Slovakia,Large subsidiaries,PQOH26KWDF7CG10L6792,Erste Group Bank AG,beide,Large subsidiaries|CON|2025-12-31,71,26,ja,ERSTE csoport|Erste&Steiermärkische Bank d|Santander Bank Polska S.A.
549300SBPFE9JX7N8J82,IND,2025-12-31,AB SEB bankas,Lithuania,Large subsidiaries,F3JS33DEI6XQ4ZBPTN86,Skandinaviska Enskilda Banken - gruppen,gleif,Large subsidiaries|IND|2025-12-31,18,17,nein,
549300SGF4BS54YG8M65,CON,2025-12-31,Citco Bank Nederland N.V.,Netherlands,Other highest EEA,,,unbekannt,Other highest EEA|CON|2025-12-31,118,117,nein,
549300SXM92LQ05OJQ76,CON,2025-12-31,Sparebank 1 Nord-Norge SPA,Norway,Other highest EEA,549300SXM92LQ05OJQ76,Sparebank 1 Nord-Norge SPA,eigen,Other highest EEA|CON|2025-12-31,118,117,nein,
549300TDPXT0OW2AY198,CON,2025-12-31,FinAx,Belgium,Other highest EEA,5493005E2GHATS0Z6J59,,gleif,Other highest EEA|CON|2025-12-31,118,117,nein,
549300TEJKOLFN65KR76,IND,2025-12-31,BNF Bank plc,Malta,Other highest EEA,549300TEJKOLFN65KR76,BNF Bank plc,eigen,Other highest EEA|IND|2025-12-31,103,103,nein,
549300TJREQ7GHIXWR36,IND,2025-12-31,Swedbank Hypotek AB,Sweden,Large subsidiaries,M312WZV08Y7LYUC71685,Swedbank - Grupp,gleif,Large subsidiaries|IND|2025-12-31,18,17,nein,
549300TK038P6EV4YU51,CON,2025-12-31,AB Artea bankas,Lithuania,Large highest EEA,549300TK038P6EV4YU51,AB Artea bankas,ezb,Large highest EEA|CON|2025-12-31,101,101,nein,
549300TL5406IC1XKD09,CON,2025-12-31,Saxo Bank A/S,Denmark,Large highest EEA,549300TL5406IC1XKD09,Saxo Bank A/S,eigen,Large highest EEA|CON|2025-12-31,101,101,nein,
549300TLZPT6JELDWM92,CON,2025-12-31,Landsbankinn hf.,Iceland,Large highest EEA,549300TLZPT6JELDWM92,Landsbankinn hf.,eigen,Large highest EEA|CON|2025-12-31,101,101,nein,
549300TRUWO2CD2G5692,CON,2025-12-31,"UNICREDIT, SOCIETA' PER AZIONI",Italy,Large highest EEA,549300TRUWO2CD2G5692,UniCredit S.p.A.,ezb,Large highest EEA|CON|2025-12-31,101,101,nein,
549300TTZTKBUFKWH890,CON,2025-12-31,The Cyprus Development Bank Public Company Ltd,Cyprus,Other highest EEA,549300TTZTKBUFKWH890,The Cyprus Development Bank Public Company Ltd,eigen,Other highest EEA|CON|2025-12-31,118,117,nein,
549300U4LIZV0REEQQ46,CON,2025-12-31,"Kutxabank, S.A.",Spain,Large highest EEA,95980020140006031928,,gleif,Large highest EEA|CON|2025-12-31,101,101,nein,
549300UARE5MHTBUPJ19,CON,2025-12-31,Promontoria 19 Coöperatie U.A.,Netherlands,Large highest EEA,549300UARE5MHTBUPJ19,Promontoria 19 Coöperatie U.A.,ezb,Large highest EEA|CON|2025-12-31,101,101,nein,
549300UOX05QGUJJ5707,IND,2025-12-31,Stadshypotek AB,Sweden,Large subsidiaries,NHBDILHZTYCNBV5UYZ31,Svenska Handelsbanken - gruppen,gleif,Large subsidiaries|IND|2025-12-31,18,17,nein,
549300URJH9VSI58CS32,CON,2025-12-31,"Banco Santander Totta, SA",Portugal,Large subsidiaries,5493006QMFDDMYWIAM13,"Banco Santander, S.A.",beide,Large subsidiaries|CON|2025-12-31,71,26,ja,"Santander Consumer Finance, |Santander Consumer Holding G"
549300UY81ESCZJ0GR95,CON,2025-12-31,First Investment Bank,Bulgaria,Large highest EEA,549300UY81ESCZJ0GR95,First Investment Bank,eigen,Large highest EEA|CON|2025-12-31,101,101,nein,
549300V1VN70Q7PQ7234,CON,2025-12-31,CRÉDIT AGRICOLE AUTO BANK S.P.A.,Italy,Large subsidiaries,969500TJ5KRTCJQWXH05,Crédit Agricole S.A.,beide,Large subsidiaries|CON|2025-12-31,71,26,ja,CRÉDIT AGRICOLE ITALIA S.P.A
549300V4H4USWZUCE073,IND,2025-12-31,"BISON BANK, SA",Portugal,Other highest EEA,3003007R8KNA3TZU2L42,,gleif,Other highest EEA|IND|2025-12-31,103,103,nein,
549300VRM6G42M8OWN49,CON,2025-12-31,Sparebank 1 Østlandet,Norway,Other highest EEA,549300VRM6G42M8OWN49,Sparebank 1 Østlandet,eigen,Other highest EEA|CON|2025-12-31,118,117,nein,
549300WDT1HWUMTUW770,IND,2025-12-31,Standard Chartered Bank AG,Germany,Other highest EEA,U4LOSYZ7YG4W3S5F2G91,,gleif,Other highest EEA|IND|2025-12-31,103,103,nein,
549300X34UUBDEUL1Z91,CON,2025-12-31,HSBC Bank Malta p.l.c.,Malta,Large subsidiaries,MLU0ZO3ML4LN2LL2TL39,,gleif,Large subsidiaries|CON|2025-12-31,71,26,nein,
549300XGJX6FOWLOI640,IND,2025-12-31,FIDEURAM - INTESA SANPAOLO PRIVATE BANKING S.P.A.,Italy,Large subsidiaries,2W8N8UU78PMDQKZENC08,Intesa Sanpaolo S.p.A.,beide,Large subsidiaries|IND|2025-12-31,18,17,nein,
549300XWJHRKLHU2PS28,CON,2025-12-31,ERSTE csoport,Hungary,Large subsidiaries,PQOH26KWDF7CG10L6792,Erste Group Bank AG,gleif,Large subsidiaries|CON|2025-12-31,71,26,ja,"Erste&Steiermärkische Bank d|Santander Bank Polska S.A.|Slovenská sporiteľňa, a.s."
549300YV6LXRPJO3U576,IND,2025-12-31,Merkur Andelskasse,Denmark,Other highest EEA,549300YV6LXRPJO3U576,Merkur Andelskasse,eigen,Other highest EEA|IND|2025-12-31,103,103,nein,
549300YW95G1VBBGGV07,CON,2025-12-31,"AS ""SEB banka""",Latvia,Large subsidiaries,F3JS33DEI6XQ4ZBPTN86,Skandinaviska Enskilda Banken - gruppen,gleif,Large subsidiaries|CON|2025-12-31,71,26,ja,AS SEB Pank
549300Z7V2WOFIMUEK50,CON,2025-12-31,UniCredit Bulbank AD,Bulgaria,Large subsidiaries,549300TRUWO2CD2G5692,UniCredit S.p.A.,beide,Large subsidiaries|CON|2025-12-31,71,26,ja,UniCredit Bank Austria AG|UniCredit Bank Czech Republi|UniCredit Bank GmbH
549300ZBZQ6M21ZGGY79,IND,2025-12-31,China Merchants Bank (Europe) S.A,Luxembourg,Other highest EEA,549300MKO5B60FFIHF58,,gleif,Other highest EEA|IND|2025-12-31,103,103,nein,
549300ZEF3QWM810M319,IND,2025-12-31,Ziklo Bank AB,Sweden,Other highest EEA,549300ZEF3QWM810M319,Ziklo Bank AB,eigen,Other highest EEA|IND|2025-12-31,103,103,nein,
549300ZHFZ4CSK7VS460,CON,2025-12-31,Privredna Banka Zagreb d.d.,Croatia,Large subsidiaries,2W8N8UU78PMDQKZENC08,Intesa Sanpaolo S.p.A.,beide,Large subsidiaries|CON|2025-12-31,71,26,ja,"Všeobecná úverová banka, a.s"
549300ZK53CNGEEI6A29,IND,2025-12-31,J.P. Morgan SE,Germany,Large highest EEA,8I5DZWZKVSZI1NUHU748,,gleif,Large highest EEA|IND|2025-12-31,20,19,nein,
549300ZOE0EU2VKF6M35,IND,2025-12-31,Lombard Odier (Europe) S.A.,Luxembourg,Other highest EEA,,,unbekannt,Other highest EEA|IND|2025-12-31,103,103,nein,
5967007LIEEXZX51WW28,CON,2025-12-31,SPAREBANKEN ØST,Norway,Other highest EEA,5967007LIEEXZX51WW28,SPAREBANKEN ØST,eigen,Other highest EEA|CON|2025-12-31,118,117,nein,
5967007LIEEXZX5PU005,CON,2025-12-31,Sparebanken Møre SPA,Norway,Other highest EEA,5967007LIEEXZX5PU005,Sparebanken Møre SPA,eigen,Other highest EEA|CON|2025-12-31,118,117,nein,
5967007LIEEXZX659K67,IND,2025-12-31,DNB BOLIGKREDITT AS,Norway,Large subsidiaries,549300GKFG0RYRRQ1414,DNB BANK ASA,gleif,Large subsidiaries|IND|2025-12-31,18,17,nein,
5967007LIEEXZX76AW36,CON,2025-12-31,OBOS-BANKEN AS,Norway,Other highest EEA,5967007LIEEXZXJ4UW55,,gleif,Other highest EEA|CON|2025-12-31,118,117,nein,
5967007LIEEXZX8UHK11,CON,2025-12-31,SPAREBANK 1 SOGN OG FJORDANE,Norway,Other highest EEA,5967007LIEEXZX8UHK11,SPAREBANK 1 SOGN OG FJORDANE,eigen,Other highest EEA|CON|2025-12-31,118,117,nein,
5UMCZOEYKCVFAW8ZLO05,CON,2025-12-31,"National Bank of Greece, S.A.",Greece,Large highest EEA,5UMCZOEYKCVFAW8ZLO05,National Bank of Greece S.A.,ezb,Large highest EEA|CON|2025-12-31,101,101,nein,
635400AKJBGNS5WNQL34,CON,2025-12-31,AIB Group plc,Ireland,Large highest EEA,635400AKJBGNS5WNQL34,AIB Group plc,ezb,Large highest EEA|CON|2025-12-31,101,101,nein,
635400C8EK6DRI12LJ39,CON,2025-12-31,Bank of Ireland Group plc,Ireland,Large highest EEA,635400C8EK6DRI12LJ39,Bank of Ireland Group plc,ezb,Large highest EEA|CON|2025-12-31,101,101,nein,
635400F6HLXKXNJJX605,IND,2025-12-31,EXIM BANCA ROMANEASCA S.A.,Romania,Large highest EEA,635400F6HLXKXNJJX605,EXIM BANCA ROMANEASCA S.A.,eigen,Large highest EEA|IND|2025-12-31,20,19,nein,
635400JLGKETPVVGPW53,CON,2025-12-31,De Lage Landen International B.V.,Netherlands,Large subsidiaries,DG3RU1DBUFHT4ZF9WN62,Coöperatieve Rabobank U.A.,beide,Large subsidiaries|CON|2025-12-31,71,26,nein,
635400L14KNHZXPUZM19,CON,2025-12-31,Bank of Cyprus Holdings Public Limited Company,Ireland,Large highest EEA,635400L14KNHZXPUZM19,Bank of Cyprus Holdings Public Limited Company,ezb,Large highest EEA|CON|2025-12-31,101,101,nein,
635400LCCIYHUL6ELA34,CON,2025-12-31,USB European (Holdings) Limited,Ireland,Other highest EEA,N1GZ7BBF3NP8GI976H15,,gleif,Other highest EEA|CON|2025-12-31,118,117,nein,
6TJCK1B7E7UTXP528Y04,IND,2025-12-31,Citigroup Global Markets Europe AG,Germany,Large highest EEA,6SHGI4ZSSLCXXQSBB395,,gleif,Large highest EEA|IND|2025-12-31,20,19,nein,
724500973ODKK3IFQ447,CON,2025-12-31,Adyen N.V.,Netherlands,Other highest EEA,724500973ODKK3IFQ447,Adyen N.V.,eigen,Other highest EEA|CON|2025-12-31,118,117,nein,
724500A1FNICHSDF2I11,CON,2025-12-31,ASN Bank N.V.,Netherlands,Large highest EEA,724500A1FNICHSDF2I11,ASN Bank N.V.,ezb,Large highest EEA|CON|2025-12-31,101,101,nein,
724500AG21Z9GIJE4735,CON,2025-12-31,WP XII Financial Holdings Coöperatief U.A.,Netherlands,Other highest EEA,724500AG21Z9GIJE4735,WP XII Financial Holdings Coöperatief U.A.,eigen,Other highest EEA|CON|2025-12-31,118,117,nein,
724500BICUQ0LF1AH770,CON,2025-12-31,Nationale-Nederlanden Bank N.V.,Netherlands,Other highest EEA,724500OHYNDT9OY6Q215,,gleif,Other highest EEA|CON|2025-12-31,118,117,nein,
724500D8WOYCL1BUCB80,CON,2025-12-31,Van Lanschot Kempen N.V.,Netherlands,Other highest EEA,724500D8WOYCL1BUCB80,Van Lanschot Kempen N.V.,eigen,Other highest EEA|CON|2025-12-31,118,117,nein,
724500JIWG886A9RRT57,CON,2025-12-31,RBS Holdings N.V.,Netherlands,Large highest EEA,724500JIWG886A9RRT57,RBS Holdings N.V.,ezb,Large highest EEA|CON|2025-12-31,101,101,nein,
724500M4G9AVEMHMV291,CON,2025-12-31,bunq Holding B.V.,Netherlands,Other highest EEA,724500M4G9AVEMHMV291,bunq Holding B.V.,eigen,Other highest EEA|CON|2025-12-31,118,117,nein,
724500PMK2A2M1SQQ228,CON,2025-12-31,Triodos Bank N.V.,Netherlands,Other highest EEA,724500PMK2A2M1SQQ228,Triodos Bank N.V.,eigen,Other highest EEA|CON|2025-12-31,118,117,nein,
724500SF1CI8OD5AHI07,CON,2025-12-31,HCBG Holding B.V.,Netherlands,Other highest EEA,724500SF1CI8OD5AHI07,HCBG Holding B.V.,eigen,Other highest EEA|CON|2025-12-31,118,117,nein,
724500ZNT2I60RYZQI38,IND,2025-12-31,Anadolubank Nederland N.V.,Netherlands,Other highest EEA,,,unbekannt,Other highest EEA|IND|2025-12-31,103,103,nein,
7437003B5WFBOIEFY714,CON,2025-12-31,OP Osuuskunta,Finland,Large highest EEA,7437003B5WFBOIEFY714,OP Osuuskunta,ezb,Large highest EEA|CON|2025-12-31,101,101,nein,
7437005892K69S3MW344,CON,2025-12-31,Säästöpankkiliitto osk,Finland,Other highest EEA,7437005892K69S3MW344,Säästöpankkiliitto osk,eigen,Other highest EEA|CON|2025-12-31,118,117,nein,
7437006WYM821IJ3MN73,CON,2025-12-31,Ålandsbanken Abp,Finland,Other highest EEA,7437006WYM821IJ3MN73,Ålandsbanken Abp,eigen,Other highest EEA|CON|2025-12-31,118,117,nein,
743700FTBNXAUN57RH30,CON,2025-12-31,S-Pankki Oyj,Finland,Other highest EEA,743700FTBNXAUN57RH30,S-Pankki Oyj,eigen,Other highest EEA|CON|2025-12-31,118,117,nein,
743700GC62JLHFBUND16,CON,2025-12-31,Aktia Bank Abp,Finland,Other highest EEA,743700GC62JLHFBUND16,Aktia Bank Abp,eigen,Other highest EEA|CON|2025-12-31,118,117,nein,
743700PW2HDTPU3YRJ31,CON,2025-12-31,POP Pankkikeskus osk,Finland,Other highest EEA,743700PW2HDTPU3YRJ31,POP Pankkikeskus osk,eigen,Other highest EEA|CON|2025-12-31,118,117,nein,
7CUNS533WID6K7DGFI87,CON,2025-12-31,"CaixaBank, S.A.",Spain,Large highest EEA,7CUNS533WID6K7DGFI87,"CaixaBank, S.A.",ezb,Large highest EEA|CON|2025-12-31,101,101,nein,
7LTWFZYICNSX8D621K86,CON,2025-12-31,DEUTSCHE BANK AKTIENGESELLSCHAFT,Germany,Large highest EEA,7LTWFZYICNSX8D621K86,Deutsche Bank AG,ezb,Large highest EEA|CON|2025-12-31,101,101,nein,
7LVZJ6XRIE7VNZ4UBX81,CON,2025-12-31,BANCA MEDIOLANUM S.P.A.,Italy,Large highest EEA,7LVZJ6XRIE7VNZ4UBX81,Banca Mediolanum S.p.A.,ezb,Large highest EEA|CON|2025-12-31,101,101,nein,
7V6Z97IO7R1SEAO84Q32,CON,2025-12-31,SpareBank 1 SMN,Norway,Other highest EEA,7V6Z97IO7R1SEAO84Q32,SpareBank 1 SMN,eigen,Other highest EEA|CON|2025-12-31,118,117,nein,
81560017C4A61A529235,IND,2025-12-31,CASSA DI RISPARMIO DI FERMO S.P.A. (IN FORMA ABBREVIATA CARIFERMO S.P.A.),Italy,Other highest EEA,81560017C4A61A529235,CASSA DI RISPARMIO DI FERMO S.P.A. (IN FORMA ABBREVIATA CARIFERMO S.P.A.),eigen,Other highest EEA|IND|2025-12-31,103,103,nein,
81560027D07F9BDB8436,CON,2025-12-31,CASSA DI RISPARMIO DI ASTI S.P.A. (IN FORMA ABBREVIATA BANCA C.R. ASTI S.P.A.),Italy,Other highest EEA,81560027D07F9BDB8436,CASSA DI RISPARMIO DI ASTI S.P.A. (IN FORMA ABBREVIATA BANCA C.R. ASTI S.P.A.),eigen,Other highest EEA|CON|2025-12-31,118,117,nein,
81560035485BD7DB3590,IND,2025-12-31,BANCO DI CREDITO P.AZZOAGLIO - S.P.A.,Italy,Other highest EEA,81560035485BD7DB3590,BANCO DI CREDITO P.AZZOAGLIO - S.P.A.,eigen,Other highest EEA|IND|2025-12-31,103,103,nein,
8156003A4FB445454553,CON,2025-12-31,CASSA DI RISPARMIO DI BOLZANO S.P.A. - SUDTIROLER SPARKASSE AG,Italy,Other highest EEA,8156003A4FB445454553,CASSA DI RISPARMIO DI BOLZANO S.P.A. - SUDTIROLER SPARKASSE AG,eigen,Other highest EEA|CON|2025-12-31,118,117,nein,
8156003D79D064FB5360,IND,2025-12-31,CASSA LOMBARDA - S.P.A.,Italy,,8156003D79D064FB5360,CASSA LOMBARDA - S.P.A.,eigen,?|IND|2025-12-31,3,3,nein,
8156004BBB6E6B9B6F10,IND,2025-12-31,BANCA POPOLARE DI PUGLIA E BASILICATA - SOCIETA' COOPERATIVA PER AZIONI,Italy,Other highest EEA,8156004BBB6E6B9B6F10,BANCA POPOLARE DI PUGLIA E BASILICATA - SOCIETA' COOPERATIVA PER AZIONI,eigen,Other highest EEA|IND|2025-12-31,103,103,nein,
81560051AAE0E0F10021,IND,2025-12-31,CHERRY BANK S.P.A. (CON ACRONIMO CHERRY BANK O CHERRY),Italy,Other highest EEA,81560051AAE0E0F10021,CHERRY BANK S.P.A. (CON ACRONIMO CHERRY BANK O CHERRY),eigen,Other highest EEA|IND|2025-12-31,103,103,nein,
8156005420362AE59184,CON,2025-12-31,BANCA IFIS S.P.A. (OVVERO IFIS BANCA S.P.A. O IN FORMA ABBREVIATA IFIS S.P.A.),Italy,Other highest EEA,8156005420362AE59184,BANCA IFIS S.P.A. (OVVERO IFIS BANCA S.P.A. O IN FORMA ABBREVIATA IFIS S.P.A.),eigen,Other highest EEA|CON|2025-12-31,118,117,nein,
8156005C22D0BF134C40,IND,2025-12-31,BANCA POPOLARE PUGLIESE - SOCIETA' COOPERATIVA PER AZIONI,Italy,Other highest EEA,8156005C22D0BF134C40,BANCA POPOLARE PUGLIESE - SOCIETA' COOPERATIVA PER AZIONI,eigen,Other highest EEA|IND|2025-12-31,103,103,nein,
81560062CEAE87A85C80,CON,2025-12-31,AREPO BP S.P.A.,Italy,Other highest EEA,81560062CEAE87A85C80,AREPO BP S.P.A.,eigen,Other highest EEA|CON|2025-12-31,118,117,nein,
81560064085A02B2B297,CON,2025-12-31,MEDIOCREDITO CENTRALE - BANCA DEL MEZZOGIORNO SPA,Italy,Other highest EEA,81560087340FCB8D6D66,,gleif,Other highest EEA|CON|2025-12-31,118,117,nein,
815600722FAEE18D6013,CON,2025-12-31,BANCA DEL FUCINO S.P.A.,Italy,Other highest EEA,815600722FAEE18D6013,BANCA DEL FUCINO S.P.A.,eigen,Other highest EEA|CON|2025-12-31,118,117,nein,
8156007C053DC07AC307,IND,2025-12-31,CREDITO LOMBARDO VENETO S.P.A.,Italy,Other highest EEA,8156007C053DC07AC307,CREDITO LOMBARDO VENETO S.P.A.,eigen,Other highest EEA|IND|2025-12-31,103,103,nein,
8156007D348794DB1690,CON,2025-12-31,CRÉDIT AGRICOLE ITALIA S.P.A.,Italy,Large subsidiaries,969500TJ5KRTCJQWXH05,Crédit Agricole S.A.,beide,Large subsidiaries|CON|2025-12-31,71,26,ja,CRÉDIT AGRICOLE AUTO BANK S.
815600848DEFE160E913,CON,2025-12-31,IBL ISTITUTO BANCARIO DEL LAVORO S.P.A. (IN FORMA ABBREVIATA IBL BANCA),Italy,Other highest EEA,815600848DEFE160E913,IBL ISTITUTO BANCARIO DEL LAVORO S.P.A. (IN FORMA ABBREVIATA IBL BANCA),eigen,Other highest EEA|CON|2025-12-31,118,117,nein,
8156008B43CE788F4932,CON,2025-12-31,BANCA AGRICOLA POPOLARE DI SICILIA SOCIETA' COOPERATIVA PER AZIONI,Italy,Other highest EEA,8156008B43CE788F4932,BANCA AGRICOLA POPOLARE DI SICILIA SOCIETA' COOPERATIVA PER AZIONI,eigen,Other highest EEA|CON|2025-12-31,118,117,nein,
8156008FC57F3F707049,CON,2025-12-31,ENTE CAMBIANO SOCIETA' COOPERATIVA PER AZIONI,Italy,Other highest EEA,8156008FC57F3F707049,ENTE CAMBIANO SOCIETA' COOPERATIVA PER AZIONI,eigen,Other highest EEA|CON|2025-12-31,118,117,nein,
815600903231FA2E7698,CON,2025-12-31,BANCA GENERALI - SOCIETA' PER AZIONI (IN FORMA ABBREVIATA GENERBANCA),Italy,Other highest EEA,549300X5UKJVE386ZB61,,gleif,Other highest EEA|CON|2025-12-31,118,117,nein,
815600914B5015427B51,IND,2025-12-31,ZURICH ITALY BANK S.P.A.,Italy,Other highest EEA,529900QVNRBND50TXP03,,gleif,Other highest EEA|IND|2025-12-31,103,103,nein,
8156009F9B6BB7745A32,CON,2025-12-31,PRIVATA HOLDING S.R.L.,Italy,Other highest EEA,8156009F9B6BB7745A32,PRIVATA HOLDING S.R.L.,eigen,Other highest EEA|CON|2025-12-31,118,117,nein,
815600A32DA05F693F24,CON,2025-12-31,LA CASSA DI RAVENNA S.P.A.,Italy,Other highest EEA,815600A32DA05F693F24,LA CASSA DI RAVENNA S.P.A.,eigen,Other highest EEA|CON|2025-12-31,118,117,nein,
815600AD83B2B6317788,CON,2025-12-31,CREDITO EMILIANO HOLDING SOCIETA' PER AZIONI,Italy,Large highest EEA,815600AD83B2B6317788,Credito Emiliano Holding S.p.A.,ezb,Large highest EEA|CON|2025-12-31,101,101,nein,
815600B43BECA3919584,IND,2025-12-31,BANCA PROMOS S.P.A.,Italy,Other highest EEA,815600B43BECA3919584,BANCA PROMOS S.P.A.,eigen,Other highest EEA|IND|2025-12-31,103,103,nein,
815600B5C61A10BBB451,CON,2025-12-31,BANCA SISTEMA S.P.A.,Italy,Other highest EEA,815600B5C61A10BBB451,BANCA SISTEMA S.P.A.,eigen,Other highest EEA|CON|2025-12-31,118,117,nein,
815600B6B356EC776E54,IND,2025-12-31,CASSA DI RISPARMIO DI VOLTERRA S.P.A.,Italy,Other highest EEA,815600B6B356EC776E54,CASSA DI RISPARMIO DI VOLTERRA S.P.A.,eigen,Other highest EEA|IND|2025-12-31,103,103,nein,
815600BEE9123CD92E12,CON,2025-12-31,BANCA VALSABBINA SOCIETA' COOPERATIVA PER AZIONI (IN BREVE LA VALSABBINA),Italy,Other highest EEA,815600BEE9123CD92E12,BANCA VALSABBINA SOCIETA' COOPERATIVA PER AZIONI (IN BREVE LA VALSABBINA),eigen,Other highest EEA|CON|2025-12-31,118,117,nein,
815600DDCE9083CAC598,IND,2025-12-31,MEDIOBANCA PREMIER S.P.A.,Italy,Large subsidiaries,J4CP7MHCXR8DAQMKIL78,BANCA MONTE DEI PASCHI DI SIENA S.p.A.,beide,Large subsidiaries|IND|2025-12-31,18,17,ja,MEDIOBANCA - BANCA DI CREDIT
815600E4E6DCD2D25E30,CON,2025-12-31,BANCO BPM SOCIETA' PER AZIONI,Italy,Large highest EEA,815600E4E6DCD2D25E30,Banco BPM S.p.A.,ezb,Large highest EEA|CON|2025-12-31,101,101,nein,
815600F24AE25C9D1B94,CON,2025-12-31,MAURIZIO SELLA - SOCIETA' IN ACCOMANDITA PER AZIONI,Italy,Other highest EEA,815600F24AE25C9D1B94,MAURIZIO SELLA - SOCIETA' IN ACCOMANDITA PER AZIONI,eigen,Other highest EEA|CON|2025-12-31,118,117,nein,
815600FDD3EB3EA03194,CON,2025-12-31,BANCA POPOLARE DEL LAZIO SOCIETA' COOPERATIVA,Italy,Other highest EEA,815600FDD3EB3EA03194,BANCA POPOLARE DEL LAZIO SOCIETA' COOPERATIVA,eigen,Other highest EEA|CON|2025-12-31,118,117,nein,
851WYGNLUQLFZBSYGB56,CON,2025-12-31,COMMERZBANK Aktiengesellschaft,Germany,Large highest EEA,851WYGNLUQLFZBSYGB56,COMMERZBANK Aktiengesellschaft,ezb,Large highest EEA|CON|2025-12-31,101,101,nein,
894500N55FUZ70ZQ1784,CON,2025-12-31,Green Opera Finance Invest AB,Sweden,Other highest EEA,894500N55FUZ70ZQ1784,Green Opera Finance Invest AB,eigen,Other highest EEA|CON|2025-12-31,118,117,nein,
8IBZUGJ7JPLH368JE346,IND,2025-12-31,Goldman Sachs Bank Europe SE,Germany,Large highest EEA,784F5XWPLTWKTBV3E584,,gleif,Large highest EEA|IND|2025-12-31,20,19,nein,
95980020140005012943,CON,2025-12-31,"Caja Rural de Aragón, Sociedad Cooperativa de Crédito",Spain,Other highest EEA,95980020140005012943,"Caja Rural de Aragón, Sociedad Cooperativa de Crédito",eigen,Other highest EEA|CON|2025-12-31,118,117,nein,
95980020140005219553,IND,2025-12-31,"Caja Rural de Asturias, Sociedad Cooperativa de Crédito",Spain,Other highest EEA,95980020140005219553,"Caja Rural de Asturias, Sociedad Cooperativa de Crédito",eigen,Other highest EEA|IND|2025-12-31,103,103,nein,
95980020140005220135,IND,2025-12-31,"Caja Rural de Granada, Sociedad Cooperativa de Crédito",Spain,Other highest EEA,95980020140005220135,"Caja Rural de Granada, Sociedad Cooperativa de Crédito",eigen,Other highest EEA|IND|2025-12-31,103,103,nein,
95980020140005375335,CON,2025-12-31,"Caja Rural del Sur, S. Coop. de Crédito",Spain,Other highest EEA,95980020140005375335,"Caja Rural del Sur, S. Coop. de Crédito",eigen,Other highest EEA|CON|2025-12-31,118,117,nein,
95980020140005439549,IND,2025-12-31,"Caja Rural de Navarra, S. Coop. de Crédito",Spain,Other highest EEA,95980020140005439549,"Caja Rural de Navarra, S. Coop. de Crédito",eigen,Other highest EEA|IND|2025-12-31,103,103,nein,
95980020140005484654,CON,2025-12-31,"Caja Rural de Albacete, Ciudad Real y Cuenca, Sociedad Cooperativa de Crédito",Spain,Other highest EEA,95980020140005484654,"Caja Rural de Albacete, Ciudad Real y Cuenca, Sociedad Cooperativa de Crédito",eigen,Other highest EEA|CON|2025-12-31,118,117,nein,
95980020140005552166,CON,2025-12-31,"Eurocaja Rural, Sociedad Cooperativa de Crédito",Spain,Other highest EEA,95980020140005552166,"Eurocaja Rural, Sociedad Cooperativa de Crédito",eigen,Other highest EEA|CON|2025-12-31,118,117,nein,
95980020140005658381,IND,2025-12-31,"Aresbank, S.A.",Spain,Other highest EEA,95980020140005658381,"Aresbank, S.A.",eigen,Other highest EEA|IND|2025-12-31,103,103,nein,
95980020140005881190,CON,2025-12-31,Banco de Crédito Social Cooperativo,Spain,Large highest EEA,95980020140005881190,"Banco de Crédito Social Cooperativo, S.A.",ezb,Large highest EEA|CON|2025-12-31,101,101,nein,
959800LQ598A5RQASA61,CON,2025-12-31,"Banca March, S.A.",Spain,Other highest EEA,959800LQ598A5RQASA61,"Banca March, S.A.",eigen,Other highest EEA|CON|2025-12-31,118,117,nein,
959800R86KE31EAVRC30,CON,2025-12-31,LIBERTY PARTNERS S.L.U.,Spain,Other highest EEA,9598005U8TZQ8Q64SC71,,gleif,Other highest EEA|CON|2025-12-31,118,117,nein,
959800VHSP2QBPNRF210,IND,2025-12-31,"Bank of Africa Europe, S.A.",Spain,Other highest EEA,959800VHSP2QBPNRF210,"Bank of Africa Europe, S.A.",eigen,Other highest EEA|IND|2025-12-31,103,103,nein,
96950001WI712W7PQG45,CON,2025-12-31,RCI Banque,France,Large highest EEA,969500F7JLTX36OUI695,,gleif,Large highest EEA|CON|2025-12-31,101,101,nein,
9695000CG7B84NLR5984,CON,2025-12-31,Confédération Nationale du Crédit Mutuel,France,Large highest EEA,9695000CG7B84NLR5984,Confédération Nationale du Crédit Mutuel,ezb,Large highest EEA|CON|2025-12-31,101,101,nein,
9695002JOWSRCLLLNY11,CON,2025-12-31,Edmond de Rothschild (France),France,Other highest EEA,,,unbekannt,Other highest EEA|CON|2025-12-31,118,117,nein,
9695002K2HDLD20JU790,CON,2025-12-31,AGENCE FRANCE LOCALE - SOCIETE TERRITORIALE,France,Other highest EEA,9695002K2HDLD20JU790,AGENCE FRANCE LOCALE - SOCIETE TERRITORIALE,eigen,Other highest EEA|CON|2025-12-31,118,117,nein,
96950041VJ1QP0B69503,CON,2025-12-31,Crédit mutuel Arkéa,France,Large subsidiaries,9695000CG7B84NLR5984,Confédération Nationale du Crédit Mutuel,beide,Large subsidiaries|CON|2025-12-31,71,26,ja,Caisse fédérale de crédit mu|Crédit industriel et commerc
9695007EQZDL89LUW373,CON,2025-12-31,Banque Banorient France,France,Other highest EEA,549300ERAZEQ2KEJ8L86,,gleif,Other highest EEA|CON|2025-12-31,118,117,nein,
969500A4IPKVUBH3CA90,CON,2025-12-31,Banque Delubac et Cie,France,Other highest EEA,969500A4IPKVUBH3CA90,Banque Delubac et Cie,eigen,Other highest EEA|CON|2025-12-31,118,117,nein,
969500A9SZ8YP1810S21,CON,2025-12-31,Caisse d'épargne et de prévoyance Aquitaine Poitou-Charentes,France,Large subsidiaries,9695005MSX1OYEMGDF46,BPCE S.A.,beide,Large subsidiaries|CON|2025-12-31,71,26,ja,BANQUE POPULAIRE AUVERGNE RH|BRED - Banque populaire|Banque populaire Alsace Lorr
969500CJCTMI93QJKK89,CON,2025-12-31,Axa banque,France,Other highest EEA,F5WCUMTUM4RKZ1MAIE39,,gleif,Other highest EEA|CON|2025-12-31,118,117,nein,
969500EVOBAGHKZEXA33,CON,2025-12-31,Banque populaire Alsace Lorraine Champagne,France,Large subsidiaries,9695005MSX1OYEMGDF46,BPCE S.A.,beide,Large subsidiaries|CON|2025-12-31,71,26,ja,BANQUE POPULAIRE AUVERGNE RH|BRED - Banque populaire|Banque populaire Grand Ouest
969500EYG6U339D3TI84,CON,2025-12-31,Crédit Foncier de France,France,Large subsidiaries,9695005MSX1OYEMGDF46,BPCE S.A.,beide,Large subsidiaries|CON|2025-12-31,71,26,ja,BANQUE POPULAIRE AUVERGNE RH|BRED - Banque populaire|Banque populaire Alsace Lorr
969500F3KYDJBFS4XM73,IND,2025-12-31,Bank Audi France,France,Other highest EEA,549300EC11JZQNA37K65,,gleif,Other highest EEA|IND|2025-12-31,103,103,nein,
969500GVS02SJYG9S632,CON,2025-12-31,Carrefour banque,France,Other highest EEA,549300B8P6MUJ1YWTS08,,gleif,Other highest EEA|CON|2025-12-31,118,117,nein,
969500JJWO4PQG0R1C58,CON,2025-12-31,CAISSE D'EPARGNE ET DE PREVOYANCE GRAND EST EUROPE,France,Large subsidiaries,9695005MSX1OYEMGDF46,BPCE S.A.,beide,Large subsidiaries|CON|2025-12-31,71,26,ja,BANQUE POPULAIRE AUVERGNE RH|BRED - Banque populaire|Banque populaire Alsace Lorr
969500JM7VIGQIPZOL49,CON,2025-12-31,BANQUE POPULAIRE AUVERGNE RHONE ALPES,France,Large subsidiaries,9695005MSX1OYEMGDF46,BPCE S.A.,beide,Large subsidiaries|CON|2025-12-31,71,26,ja,BRED - Banque populaire|Banque populaire Alsace Lorr|Banque populaire Grand Ouest
969500LFTDNMONT2EP08,CON,2025-12-31,Caisse fédérale de crédit mutuel,France,Large subsidiaries,9695000CG7B84NLR5984,Confédération Nationale du Crédit Mutuel,beide,Large subsidiaries|CON|2025-12-31,71,26,ja,Crédit industriel et commerc|Crédit mutuel Arkéa
969500SJXM8MW32ZVG75,CON,2025-12-31,Caisse d'épargne et de prévoyance Bretagne-Pays de Loire,France,Large subsidiaries,9695005MSX1OYEMGDF46,BPCE S.A.,beide,Large subsidiaries|CON|2025-12-31,71,26,ja,BANQUE POPULAIRE AUVERGNE RH|BRED - Banque populaire|Banque populaire Alsace Lorr
969500STN7T9MRUMJ267,CON,2025-12-31,Bpifrance,France,Large highest EEA,969500STN7T9MRUMJ267,Bpifrance,ezb,Large highest EEA|CON|2025-12-31,101,101,nein,
969500TU5ZMYBIWP0R51,CON,2025-12-31,Caisse d'Epargne CEPAC,France,Large subsidiaries,9695005MSX1OYEMGDF46,BPCE S.A.,beide,Large subsidiaries|CON|2025-12-31,71,26,ja,BANQUE POPULAIRE AUVERGNE RH|BRED - Banque populaire|Banque populaire Alsace Lorr
969500VHT1ZNPVWOYF63,CON,2025-12-31,BNP Paribas Personal Finance,France,Large subsidiaries,R0MUWSFPU8MPRO8K5P83,BNP Paribas S.A.,beide,Large subsidiaries|CON|2025-12-31,71,26,ja,BANCA NAZIONALE DEL LAVORO S|BGL BNP Paribas|BNP PARIBAS BANK POLSKA S.A
969500VR2NA6ANMTXH21,CON,2025-12-31,Caisse d'épargne et de prévoyance de Rhône Alpes,France,Large subsidiaries,9695005MSX1OYEMGDF46,BPCE S.A.,beide,Large subsidiaries|CON|2025-12-31,71,26,ja,BANQUE POPULAIRE AUVERGNE RH|BRED - Banque populaire|Banque populaire Alsace Lorr
969500W34S6NCZWYBV47,CON,2025-12-31,Caisse d'épargne et de prévoyance Ile-de-France,France,Large subsidiaries,9695005MSX1OYEMGDF46,BPCE S.A.,beide,Large subsidiaries|CON|2025-12-31,71,26,ja,BANQUE POPULAIRE AUVERGNE RH|BRED - Banque populaire|Banque populaire Alsace Lorr
969500W8SBCXNX1DG443,CON,2025-12-31,Banque populaire Rives de Paris,France,Large subsidiaries,9695005MSX1OYEMGDF46,BPCE S.A.,beide,Large subsidiaries|CON|2025-12-31,71,26,ja,BANQUE POPULAIRE AUVERGNE RH|BRED - Banque populaire|Banque populaire Alsace Lorr
969500WFZ7C2IBN9TB80,CON,2025-12-31,Banque populaire Grand Ouest,France,Large subsidiaries,9695005MSX1OYEMGDF46,BPCE S.A.,beide,Large subsidiaries|CON|2025-12-31,71,26,ja,BANQUE POPULAIRE AUVERGNE RH|BRED - Banque populaire|Banque populaire Alsace Lorr
9845006BAF66DZ35C849,CON,2025-12-31,Lunar Group A/S,Denmark,Other highest EEA,9845006BAF66DZ35C849,Lunar Group A/S,eigen,Other highest EEA|CON|2025-12-31,118,117,nein,
9845009BE414FBF82130,CON,2025-12-31,FESTA HOLDING,Bulgaria,Other highest EEA,9845009BE414FBF82130,FESTA HOLDING,eigen,Other highest EEA|CON|2025-12-31,118,117,nein,
984500ADEE3DE4F14F51,IND,2025-12-31,Kompasbank A/S,Denmark,Other highest EEA,984500ADEE3DE4F14F51,Kompasbank A/S,eigen,Other highest EEA|IND|2025-12-31,103,103,nein,
984500E4D07499C10435,CON,2025-12-31,TBI FINANCIAL SERVICES B.V.,Netherlands,Other highest EEA,984500E4D07499C10435,TBI FINANCIAL SERVICES B.V.,eigen,Other highest EEA|CON|2025-12-31,118,117,nein,
9CZ7TVMR36CYD5TZBS50,CON,2025-12-31,Banque Internationale à Luxembourg,Luxembourg,Large highest EEA,5299003ONUYCE70HZ185,,gleif,Large highest EEA|CON|2025-12-31,101,101,nein,
9KOGW2C2FCIOJQ7FF485,CON,2025-12-31,"Česká spořitelna, a.s.",Czech,Large subsidiaries,PQOH26KWDF7CG10L6792,Erste Group Bank AG,gleif,Large subsidiaries|CON|2025-12-31,71,26,ja,ERSTE csoport|Erste&Steiermärkische Bank d|Santander Bank Polska S.A.
9ZHRYM6F437SQJ6OUG95,CON,2025-12-31,Raiffeisen Bank International AG,Austria,Large highest EEA,9ZHRYM6F437SQJ6OUG95,Raiffeisen Bank International AG,ezb,Large highest EEA|CON|2025-12-31,101,101,nein,
A5GWLFH3KM7YV2SFQL84,CON,2025-12-31,Belfius Bank,Belgium,Large highest EEA,A5GWLFH3KM7YV2SFQL84,Belfius Banque SA ; Belfius Bank NV ; Belfius Bank SA,ezb,Large highest EEA|CON|2025-12-31,101,101,nein,
AT0000000000043000VB,CON,2025-12-31,VOLKSBANK WIEN AG VB,Austria,Large highest EEA,,,unbekannt,Large highest EEA|CON|2025-12-31,101,101,nein,
B64D6Y3LBJS4ANNPCU93,CON,2025-12-31,NIBC Bank N.V.,Netherlands,Other highest EEA,B64D6Y3LBJS4ANNPCU93,NIBC Bank N.V.,eigen,Other highest EEA|CON|2025-12-31,118,117,nein,
BB3BGO3LCED63R8R9R41,CON,2025-12-31,BANK POLSKIEJ SPOLDZIELCZOSCI S.A.,Poland,Large highest EEA,BB3BGO3LCED63R8R9R41,BANK POLSKIEJ SPOLDZIELCZOSCI S.A.,eigen,Large highest EEA|CON|2025-12-31,101,101,nein,
BFXS5XCH7N0Y05NIXW11,CON,2025-12-31,ABN AMRO Bank N.V.,Netherlands,Large highest EEA,BFXS5XCH7N0Y05NIXW11,ABN AMRO Bank N.V.,ezb,Large highest EEA|CON|2025-12-31,101,101,nein,
CXUHEGU3MADZ2CEV7C11,CON,2025-12-31,Eurobank Limited,Cyprus,Large subsidiaries,213800KGF4EFNUQKAT69,Eurobank S.A.,beide,Large subsidiaries|CON|2025-12-31,71,26,nein,
D1HEB8VEU6D9M8ZUXG17,CON,2025-12-31,UniCredit Bank Austria AG,Austria,Large subsidiaries,549300TRUWO2CD2G5692,UniCredit S.p.A.,beide,Large subsidiaries|CON|2025-12-31,71,26,ja,UniCredit Bank Czech Republi|UniCredit Bank GmbH|UniCredit Bank S.A.
DG3RU1DBUFHT4ZF9WN62,CON,2025-12-31,Coöperatieve Rabobank U.A.,Netherlands,Large highest EEA,DG3RU1DBUFHT4ZF9WN62,Coöperatieve Rabobank U.A.,ezb,Large highest EEA|CON|2025-12-31,101,101,nein,
DIZES5CFO5K3I5R58746,CON,2025-12-31,Landesbank Hessen-Thüringen Girozentrale,Germany,Large highest EEA,DIZES5CFO5K3I5R58746,Landesbank Hessen-Thüringen Girozentrale,ezb,Large highest EEA|CON|2025-12-31,101,101,nein,
DSNHHQ2B9X5N6OUJ1236,CON,2025-12-31,Norddeutsche Landesbank - Girozentrale -,Germany,Large highest EEA,DSNHHQ2B9X5N6OUJ1236,Norddeutsche Landesbank -Girozentrale-,ezb,Large highest EEA|CON|2025-12-31,101,101,nein,
DZZ47B9A52ZJ6LT6VV95,CON,2025-12-31,Deutsche Pfandbriefbank AG,Germany,Large highest EEA,DZZ47B9A52ZJ6LT6VV95,Deutsche Pfandbriefbank AG,ezb,Large highest EEA|CON|2025-12-31,101,101,nein,
EQYXK86SF381Q21S3020,IND,2025-12-31,Bank of America Europe Designated Activity Company,Ireland,Large highest EEA,9DJT3UXIJIZJI4WXO774,,gleif,Large highest EEA|IND|2025-12-31,20,19,ja,BofA Securities Europe SA
EV2XZWMLLXF2QRX0CD47,CON,2025-12-31,Kommuninvest - Grupp,Sweden,Large highest EEA,EV2XZWMLLXF2QRX0CD47,Kommuninvest - Grupp,eigen,Large highest EEA|CON|2025-12-31,101,101,nein,
F0HUI1NY1AZMJMD8LP67,CON,2025-12-31,HSBC Continental Europe,France,Large highest EEA,MLU0ZO3ML4LN2LL2TL39,,gleif,Large highest EEA|CON|2025-12-31,101,101,nein,
F3JS33DEI6XQ4ZBPTN86,CON,2025-12-31,Skandinaviska Enskilda Banken - gruppen,Sweden,Large highest EEA,F3JS33DEI6XQ4ZBPTN86,Skandinaviska Enskilda Banken - gruppen,eigen,Large highest EEA|CON|2025-12-31,101,101,nein,
FR9695005MSX1OYEMGDF,CON,2025-12-31,Groupe BPCE,France,Large highest EEA,,,unbekannt,Large highest EEA|CON|2025-12-31,101,101,nein,
FR969500TJ5KRTCJQWXH,CON,2025-12-31,Groupe Crédit Agricole,France,Large highest EEA,,,unbekannt,Large highest EEA|CON|2025-12-31,101,101,nein,
G8ZTNESVNKW4NN761W05,CON,2025-12-31,ABN AMRO Clearing Bank N.V.,Netherlands,Large subsidiaries,BFXS5XCH7N0Y05NIXW11,ABN AMRO Bank N.V.,beide,Large subsidiaries|CON|2025-12-31,71,26,nein,
GDI8P8WHFH4PS5YTU851,CON,2025-12-31,"HAITONG BANK, S.A.",Portugal,Other highest EEA,GDI8P8WHFH4PS5YTU851,"HAITONG BANK, S.A.",eigen,Other highest EEA|CON|2025-12-31,118,117,nein,
GTQYZJON3I7SXRNJTT73,IND,2025-12-31,BSK 1818 AG,Germany,Large subsidiaries,391200EEGLNXBBCVKC73,Erwerbsgesellschaft der S-Finanzgruppe mbH & Co. KG,beide,Large subsidiaries|IND|2025-12-31,18,17,nein,
H0YX5LBGKDVOWCXBZ594,CON,2025-12-31,SBAB Bank AB - Grupp,Sweden,Large highest EEA,H0YX5LBGKDVOWCXBZ594,SBAB Bank AB - Grupp,eigen,Large highest EEA|CON|2025-12-31,101,101,nein,
H8MIG1MMPR6JXUQVBM04,IND,2025-12-31,Bank BPH S.A.,Poland,Other highest EEA,,,unbekannt,Other highest EEA|IND|2025-12-31,103,103,nein,
HWIPDOTRM1EKRPKYKH81,IND,2025-12-31,Northern Trust Global Services SE,Luxembourg,Other highest EEA,549300GLF98S992BC502,,gleif,Other highest EEA|IND|2025-12-31,103,103,nein,
I6SS27Q1Q3385V753S50,IND,2025-12-31,Raiffeisenlandesbank Oberösterreich Aktiengesellschaft,Austria,Large subsidiaries,529900XSTAE561178282,Raiffeisenbankengruppe OÖ Verbund eGen,beide,Large subsidiaries|IND|2025-12-31,18,17,nein,
I6USJ58BDV2BO5KP3C31,CON,2025-12-31,"MONETA Money Bank, a.s.",Czech,Other highest EEA,I6USJ58BDV2BO5KP3C31,"MONETA Money Bank, a.s.",eigen,Other highest EEA|CON|2025-12-31,118,117,nein,
I7ETN0QQO2AHZZGHJ389,IND,2025-12-31,KOMMUNALBANKEN AS,Norway,Large highest EEA,I7ETN0QQO2AHZZGHJ389,KOMMUNALBANKEN AS,eigen,Large highest EEA|IND|2025-12-31,20,19,nein,
J4CP7MHCXR8DAQMKIL78,CON,2025-12-31,Banca Monte dei Paschi di Siena S.p.A.,Italy,Large highest EEA,J4CP7MHCXR8DAQMKIL78,BANCA MONTE DEI PASCHI DI SIENA S.p.A.,ezb,Large highest EEA|CON|2025-12-31,101,101,nein,
JU1U6S0DG9YLT7N8ZV32,CON,2025-12-31,"Banco Comercial Português, SA",Portugal,Large highest EEA,JU1U6S0DG9YLT7N8ZV32,"Banco Comercial Português, S.A.",ezb,Large highest EEA|CON|2025-12-31,101,101,nein,
K8MS7FD7N5Z2WQ51AZ71,CON,2025-12-31,"Banco Bilbao Vizcaya Argentaria, S.A.",Spain,Large highest EEA,K8MS7FD7N5Z2WQ51AZ71,"Banco Bilbao Vizcaya Argentaria, S.A.",ezb,Large highest EEA|CON|2025-12-31,101,101,nein,
KFUXYFTU2LHQFQZDQG45,CON,2025-12-31,Kereskedelmi és Hitelbank csoport,Hungary,Large subsidiaries,KFUXYFTU2LHQFQZDQG45,Kereskedelmi és Hitelbank csoport,eigen,Large subsidiaries|CON|2025-12-31,71,26,nein,
KGCEPHLVVKVRZYO1T647,CON,2025-12-31,BNP Paribas Fortis,Belgium,Large subsidiaries,R0MUWSFPU8MPRO8K5P83,BNP Paribas S.A.,beide,Large subsidiaries|CON|2025-12-31,71,26,ja,BANCA NAZIONALE DEL LAVORO S|BGL BNP Paribas|BNP PARIBAS BANK POLSKA S.A
KR6LSKV3BTSJRD41IF75,CON,2025-12-31,"UniCredit Bank Czech Republic and Slovakia, a.s.",Czech,Large subsidiaries,549300TRUWO2CD2G5692,"UNICREDIT, SOCIETA' PER AZIONI",gleif,Large subsidiaries|CON|2025-12-31,71,26,ja,UniCredit Bank Austria AG|UniCredit Bank GmbH|UniCredit Bank S.A.
KX1WK48MPD4Y2NCUIZ63,CON,2025-12-31,Natixis,France,Large subsidiaries,9695005MSX1OYEMGDF46,BPCE S.A.,beide,Large subsidiaries|CON|2025-12-31,71,26,ja,BANQUE POPULAIRE AUVERGNE RH|BRED - Banque populaire|Banque populaire Alsace Lorr
LIU16F6VZJSD6UKHD557,CON,2025-12-31,Nykredit Realkredit A/S,Denmark,Large highest EEA,54930044PCO1XG0OGZ29,,gleif,Large highest EEA|CON|2025-12-31,101,101,nein,
LOO0AWXR8GF142JCO404,CON,2025-12-31,CASSA CENTRALE BANCA - CREDITO COOPERATIVO ITALIANOSOCIETA' PER AZIONI (IN SIGLA CASSA CENTRALE BANCA),Italy,Large highest EEA,LOO0AWXR8GF142JCO404,Cassa Centrale Banca - Credito Cooperativo Italiano S.p.A.,ezb,Large highest EEA|CON|2025-12-31,101,101,nein,
M312WZV08Y7LYUC71685,CON,2025-12-31,Swedbank - Grupp,Sweden,Large highest EEA,M312WZV08Y7LYUC71685,Swedbank - Grupp,eigen,Large highest EEA|CON|2025-12-31,101,101,nein,
MAES062Z21O4RZ2U7M96,CON,2025-12-31,Danske Bank A/S,Denmark,Large highest EEA,MAES062Z21O4RZ2U7M96,Danske Bank A/S,eigen,Large highest EEA|CON|2025-12-31,101,101,nein,
MKP1B7E76TN04CD85Z79,CON,2025-12-31,BANK OCHRONY ŚRODOWISKA SA,Poland,Other highest EEA,MKP1B7E76TN04CD85Z79,BANK OCHRONY ŚRODOWISKA SA,eigen,Other highest EEA|CON|2025-12-31,118,117,nein,
MMYX0N4ZEZ13Z4XCG897,IND,2025-12-31,THE BANK OF NEW YORK MELLON,Belgium,Large highest EEA,WFLLPEPC7FZXENRZV188,,gleif,Large highest EEA|IND|2025-12-31,20,19,nein,
N1FBEDJ5J41VKZLO2475,CON,2025-12-31,Citibank Europe plc,Ireland,Large highest EEA,6SHGI4ZSSLCXXQSBB395,,gleif,Large highest EEA|CON|2025-12-31,101,101,nein,
N4JDFKKH2FTD8RKFXO39,CON,2025-12-31,Crédit industriel et commercial - CIC,France,Large subsidiaries,9695000CG7B84NLR5984,Confédération Nationale du Crédit Mutuel,beide,Large subsidiaries|CON|2025-12-31,71,26,ja,Caisse fédérale de crédit mu|Crédit mutuel Arkéa
N747OI7JINV7RUUH6190,CON,2025-12-31,BPER Banca S.p.A.,Italy,Large highest EEA,N747OI7JINV7RUUH6190,BPER Banca S.p.A.,ezb,Large highest EEA|CON|2025-12-31,101,101,nein,
NHBDILHZTYCNBV5UYZ31,CON,2025-12-31,Svenska Handelsbanken - gruppen,Sweden,Large highest EEA,NHBDILHZTYCNBV5UYZ31,Svenska Handelsbanken - gruppen,eigen,Large highest EEA|CON|2025-12-31,101,101,nein,
NICH5Q04ADUV9SN3Q390,CON,2025-12-31,BRED - Banque populaire,France,Large subsidiaries,9695005MSX1OYEMGDF46,BPCE S.A.,beide,Large subsidiaries|CON|2025-12-31,71,26,ja,BANQUE POPULAIRE AUVERGNE RH|Banque populaire Alsace Lorr|Banque populaire Grand Ouest
NMH2KF074RKAGTH4CM63,CON,2025-12-31,BNP PARIBAS BANK POLSKA S.A,Poland,Large subsidiaries,R0MUWSFPU8MPRO8K5P83,BNP Paribas,gleif,Large subsidiaries|CON|2025-12-31,71,26,ja,BANCA NAZIONALE DEL LAVORO S|BGL BNP Paribas|BNP Paribas Fortis
NNVPP80YIZGEY2314M97,CON,2025-12-31,ICCREA BANCA S.P.A. - ISTITUTO CENTRALE DEL CREDITO COOPERATIVO (IN FORMA ABBREVIATA: ICCREA BANCA S.P.A.),Italy,Large highest EEA,NNVPP80YIZGEY2314M97,ICCREA Banca S.p.A. - Istituto Centrale del Credito Cooperativo,ezb,Large highest EEA|CON|2025-12-31,101,101,nein,
O2RNE8IBXP4R0TD8PU41,CON,2025-12-31,Société générale S.A.,France,Large highest EEA,O2RNE8IBXP4R0TD8PU41,Société Générale S.A.,ezb,Large highest EEA|CON|2025-12-31,101,101,nein,
P4GTT6GF1W40CVIMFR43,CON,2025-12-31,Powszechna Kasa Oszczednosci Bank Polski S.A.,Poland,Large highest EEA,P4GTT6GF1W40CVIMFR43,Powszechna Kasa Oszczednosci Bank Polski S.A.,eigen,Large highest EEA|CON|2025-12-31,101,101,nein,
PRNXTNXHBI0TSY1V8P17,CON,2025-12-31,Zagrebačka banka d.d.,Croatia,Large subsidiaries,549300TRUWO2CD2G5692,UniCredit S.p.A.,beide,Large subsidiaries|CON|2025-12-31,71,26,ja,UniCredit Bank Austria AG|UniCredit Bank Czech Republi|UniCredit Bank GmbH
PSNL19R2RXX5U3QWHI44,IND,2025-12-31,MEDIOBANCA - BANCA DI CREDITO FINANZIARIO S.P.A.,Italy,Large subsidiaries,J4CP7MHCXR8DAQMKIL78,BANCA MONTE DEI PASCHI DI SIENA S.p.A.,beide,Large subsidiaries|IND|2025-12-31,18,17,ja,MEDIOBANCA PREMIER S.P.A.
PWEFG14QWWESISQ84C69,CON,2025-12-31,IKB Deutsche Industriebank Aktiengesellschaft,Germany,Other highest EEA,PWEFG14QWWESISQ84C69,IKB Deutsche Industriebank Aktiengesellschaft,eigen,Other highest EEA|CON|2025-12-31,118,117,nein,
Q5BP2UEQ48R75BOTCB92,CON,2025-12-31,"Československá obchodní banka, a.s.",Czech,Large subsidiaries,213800X3Q9LSAKRUWY91,KBC Groupe,gleif,Large subsidiaries|CON|2025-12-31,71,26,ja,United Bulgarian Bank AD|Československá obchodná bank
QS3ZEAHRBZY9228Z0111,IND,2025-12-31,Bank Julius Baer Europe S.A.,Luxembourg,Other highest EEA,5299007MF0604ZGJER92,,gleif,Other highest EEA|IND|2025-12-31,103,103,nein,
R0MUWSFPU8MPRO8K5P83,CON,2025-12-31,BNP Paribas,France,Large highest EEA,R0MUWSFPU8MPRO8K5P83,BNP Paribas S.A.,ezb,Large highest EEA|CON|2025-12-31,101,101,nein,
R1IO4YJ0O79SMWVCHB58,IND,2025-12-31,Banque centrale de compensation,France,Large highest EEA,213800QAUUUP6I445N30,,gleif,Large highest EEA|IND|2025-12-31,20,19,nein,
R7CQUF1DQM73HUTV1078,IND,2025-12-31,"Banque et Caisse d´Epargne de l´Etat, Luxembourg",Luxembourg,Large highest EEA,R7CQUF1DQM73HUTV1078,"Banque et Caisse d’Epargne de l’Etat, Luxembourg",ezb,Large highest EEA|IND|2025-12-31,20,19,nein,
RG3IZJKPYQ4H6IQPIC08,IND,2025-12-31,Addiko Bank d.d.,Croatia,Large subsidiaries,529900UKZBMDBDZIXD62,Addiko Bank AG,beide,Large subsidiaries|IND|2025-12-31,18,17,nein,
RRUN0TCQ1K2JDV7MXO75,CON,2025-12-31,Oberbank AG,Austria,Other highest EEA,RRUN0TCQ1K2JDV7MXO75,Oberbank AG,eigen,Other highest EEA|CON|2025-12-31,118,117,nein,
RY3KI4Q2655O2GIL8D68,CON,2025-12-31,BANCA INVESTIS S.P.A.,Italy,Other highest EEA,RY3KI4Q2655O2GIL8D68,BANCA INVESTIS S.P.A.,eigen,Other highest EEA|CON|2025-12-31,118,117,nein,
SI5RG2M0WQQLZCXKRM20,CON,2025-12-31,"Banco de Sabadell, S.A.",Spain,Large highest EEA,SI5RG2M0WQQLZCXKRM20,"Banco de Sabadell, S.A.",ezb,Large highest EEA|CON|2025-12-31,101,101,nein,
SX0CI4F7GVW5530ZMN03,IND,2025-12-31,Wells Fargo Bank International Unlimited Company,Ireland,Other highest EEA,PBLD0EJDB5FWOLXP3B76,,gleif,Other highest EEA|IND|2025-12-31,103,103,nein,
TO822O0VT80V06K0FH57,CON,2025-12-31,"Caixa Geral de Depósitos, S.A.",Portugal,Large highest EEA,TO822O0VT80V06K0FH57,"Caixa Geral de Depósitos, S.A.",ezb,Large highest EEA|CON|2025-12-31,101,101,nein,
TPS0Q8GFSZF45ZZFL873,CON,2025-12-31,Société Générale Luxembourg,Luxembourg,Large subsidiaries,O2RNE8IBXP4R0TD8PU41,Société Générale S.A.,beide,Large subsidiaries|CON|2025-12-31,71,26,ja,BRD-Groupe Société Générale 
TUKDD90GPC79G1KOE162,CON,2025-12-31,Hamburg Commercial Bank AG,Germany,Large highest EEA,TUKDD90GPC79G1KOE162,Hamburg Commercial Bank AG,ezb,Large highest EEA|CON|2025-12-31,101,101,nein,
UAIAINAJ28P30E5GWE37,CON,2025-12-31,BGL BNP Paribas,Luxembourg,Large subsidiaries,R0MUWSFPU8MPRO8K5P83,BNP Paribas S.A.,beide,Large subsidiaries|CON|2025-12-31,71,26,ja,BANCA NAZIONALE DEL LAVORO S|BNP PARIBAS BANK POLSKA S.A|BNP Paribas Fortis
UI802FYJ52XDB7N4KN18,CON,2025-12-31,BANCA NAZIONALE DEL LAVORO S.P.A. (IN FORMA CONTRATTA BNL S.P.A.),Italy,Large subsidiaries,R0MUWSFPU8MPRO8K5P83,BNP Paribas S.A.,beide,Large subsidiaries|CON|2025-12-31,71,26,ja,BGL BNP Paribas|BNP PARIBAS BANK POLSKA S.A|BNP Paribas Fortis
VDYMYTQGZZ6DU0912C88,CON,2025-12-31,Bayerische Landesbank,Germany,Large highest EEA,VDYMYTQGZZ6DU0912C88,Bayerische Landesbank,ezb,Large highest EEA|CON|2025-12-31,101,101,nein,
VWMYAEQSTOPNV0SUGU82,CON,2025-12-31,"Bankinter, S.A.",Spain,Large highest EEA,VWMYAEQSTOPNV0SUGU82,"Bankinter, S.A.",ezb,Large highest EEA|CON|2025-12-31,101,101,nein,
XLEZHWWOI4HFQDGL4793,CON,2025-12-31,BANK HANDLOWY W WARSZAWIE SA,Poland,Large subsidiaries,6SHGI4ZSSLCXXQSBB395,,gleif,Large subsidiaries|CON|2025-12-31,71,26,nein,
XTC5E2QFTEF0435JWL77,CON,2025-12-31,Nederlandse Financierings-Maatschappij voor Ontwikkelingslanden N.V.,Netherlands,Other highest EEA,XTC5E2QFTEF0435JWL77,Nederlandse Financierings-Maatschappij voor Ontwikkelingslanden N.V.,eigen,Other highest EEA|CON|2025-12-31,118,117,nein,
Y28RT6GGYJ696PMW8T44,CON,2025-12-31,UniCredit csoport,Hungary,Large subsidiaries,549300TRUWO2CD2G5692,"UNICREDIT, SOCIETA' PER AZIONI",gleif,Large subsidiaries|CON|2025-12-31,71,26,ja,UniCredit Bank Austria AG|UniCredit Bank Czech Republi|UniCredit Bank GmbH
0W2PZJM8XOY22M4GG883,CON,2026-03-31,DekaBank Deutsche Girozentrale,Germany,Large highest EEA,0W2PZJM8XOY22M4GG883,DekaBank Deutsche Girozentrale,ezb,Large highest EEA|CON|2026-03-31,71,71,nein,
1FOLRR5RWTWWI397R131,IND,2026-03-31,Aktiebolaget Svensk Exportkredit,Sweden,Large highest EEA,1FOLRR5RWTWWI397R131,Aktiebolaget Svensk Exportkredit,eigen,Large highest EEA|IND|2026-03-31,6,6,nein,
2138004FIUXU3B2MR537,CON,2026-03-31,"Caixa Económica Montepio Geral, Caixa Económica Bancária, S.A.",Portugal,Large highest EEA,213800SK4KN8HTCNPB38,,gleif,Large highest EEA|CON|2026-03-31,71,71,nein,
2138009Y59EAR7H1UO97,CON,2026-03-31,"Akciju sabiedrība ""Citadele banka""",Latvia,Large highest EEA,2138009Y59EAR7H1UO97,AS “Citadele banka”,ezb,Large highest EEA|CON|2026-03-31,71,71,nein,
213800A1O379I6DMCU10,IND,2026-03-31,APS BANK P.L.C.,Malta,Large highest EEA,213800A1O379I6DMCU10,APS BANK P.L.C.,eigen,Large highest EEA|IND|2026-03-31,6,6,nein,
213800M7T3CYVZ3ZRT12,CON,2026-03-31,Sparebanken Norge,Norway,Large highest EEA,213800M7T3CYVZ3ZRT12,Sparebanken Norge,eigen,Large highest EEA|CON|2026-03-31,71,71,nein,
213800X3Q9LSAKRUWY91,CON,2026-03-31,KBC Groupe,Belgium,Large highest EEA,213800X3Q9LSAKRUWY91,KBC Group NV,ezb,Large highest EEA|CON|2026-03-31,71,71,nein,
259400DZXF7UJKK2AY35,CON,2026-03-31,mBank S.A.,Poland,Large subsidiaries,851WYGNLUQLFZBSYGB56,COMMERZBANK Aktiengesellschaft,gleif,Large subsidiaries|CON|2026-03-31,27,13,nein,
259400LGXW3K0GDAG361,CON,2026-03-31,Santander Bank Polska S.A.,Poland,Large subsidiaries,PQOH26KWDF7CG10L6792,Erste Group Bank AG,gleif,Large subsidiaries|CON|2026-03-31,27,13,ja,"Slovenská sporiteľňa, a.s.|Česká spořitelna, a.s."
259400YLRTOBISHBVX41,CON,2026-03-31,ING Bank Slaski S.A.,Poland,Large subsidiaries,549300NYKK9MWM7GGW15,ING Groep N.V.,gleif,Large subsidiaries|CON|2026-03-31,27,13,nein,
2W8N8UU78PMDQKZENC08,CON,2026-03-31,Intesa Sanpaolo S.p.A.,Italy,Large highest EEA,2W8N8UU78PMDQKZENC08,Intesa Sanpaolo S.p.A.,ezb,Large highest EEA|CON|2026-03-31,71,71,nein,
2ZCNRR8UK83OBTEK2170,CON,2026-03-31,UniCredit Bank GmbH,Germany,Large subsidiaries,549300TRUWO2CD2G5692,UniCredit S.p.A.,beide,Large subsidiaries|CON|2026-03-31,27,13,ja,UniCredit Bank Austria AG|UniCredit Bank Czech Republi|UniCredit csoport
3157002JBFAI478MD587,CON,2026-03-31,"Tatra banka, a.s.",Slovakia,Large subsidiaries,9ZHRYM6F437SQJ6OUG95,Raiffeisen Bank International AG,beide,Large subsidiaries|CON|2026-03-31,27,13,ja,RAIFFEISEN BANK S.A.
315700E9POA724IWFP59,CON,2026-03-31,J&amp;T FINANCE GROUP SE,Czech,Large highest EEA,315700E9POA724IWFP59,J&amp;T FINANCE GROUP SE,eigen,Large highest EEA|CON|2026-03-31,71,71,nein,
315700K45LRKNGMUIW27,IND,2026-03-31,"Prima banka Slovensko, a.s.",Slovakia,Large highest EEA,,,unbekannt,Large highest EEA|IND|2026-03-31,6,6,nein,
3H0Q3U74FVFED2SHZT16,CON,2026-03-31,MBH bankcsoport,Hungary,Large highest EEA,3H0Q3U74FVFED2SHZT16,MBH bankcsoport,eigen,Large highest EEA|CON|2026-03-31,71,71,nein,
3M5E1GQGKL17HI6CPN30,CON,2026-03-31,Jyske Bank A/S,Denmark,Large highest EEA,3M5E1GQGKL17HI6CPN30,Jyske Bank A/S,eigen,Large highest EEA|CON|2026-03-31,71,71,nein,
5299005UJX6K7BQKV086,CON,2026-03-31,OTP banka d.d.,Croatia,Large subsidiaries,529900W3MOO00A18X956,OTP-csoport,gleif,Large subsidiaries|CON|2026-03-31,27,13,nein,
5299007S3UH5RKUYDA52,IND,2026-03-31,DEUTSCHE APOTHEKER- UND ÄRZTEBANK EG,Germany,Large highest EEA,5299007S3UH5RKUYDA52,Deutsche Apotheker- und Ärztebank eG,ezb,Large highest EEA|IND|2026-03-31,6,6,nein,
52990096Q5LMCH1WU462,CON,2026-03-31,"Československá obchodná banka, a.s.",Slovakia,Large subsidiaries,213800X3Q9LSAKRUWY91,KBC Group NV,beide,Large subsidiaries|CON|2026-03-31,27,13,nein,
529900HNOAA1KXQJUQ27,CON,2026-03-31,"DZ BANK AG Deutsche Zentral-Genossenschaftsbank, Frankfurt am Main",Germany,Large highest EEA,529900HNOAA1KXQJUQ27,DZ BANK AG Deutsche Zentral-Genossenschaftsbank,ezb,Large highest EEA|CON|2026-03-31,71,71,nein,
529900JZTYE3W7WQH904,CON,2026-03-31,HASPA Finanzholding,Germany,Large highest EEA,529900JZTYE3W7WQH904,HASPA Finanzholding,ezb,Large highest EEA|CON|2026-03-31,71,71,nein,
529900JZXXU699FCKK89,IND,2026-03-31,Bausparkasse Schwäbisch Hall Aktiengesellschaft - Bausparkasse der Volksbanken und Raiffeisenbanken,Germany,Large subsidiaries,529900HNOAA1KXQJUQ27,DZ BANK AG Deutsche Zentral-Genossenschaftsbank,beide,Large subsidiaries|IND|2026-03-31,5,5,nein,
529900K16YGKC8BES892,IND,2026-03-31,Deutsche Kreditbank Aktiengesellschaft,Germany,Large subsidiaries,VDYMYTQGZZ6DU0912C88,Bayerische Landesbank,beide,Large subsidiaries|IND|2026-03-31,5,5,nein,
529900ODI3047E2LIV03,CON,2026-03-31,Nordea Bank Abp,Finland,Large highest EEA,529900ODI3047E2LIV03,Nordea Bank Abp,ezb,Large highest EEA|CON|2026-03-31,71,71,nein,
529900SSGT49ZZSWYE62,CON,2026-03-31,Volkswagen Financial Services AG,Germany,Large highest EEA,529900NNUPAGGOMPXZ31,,gleif,Large highest EEA|CON|2026-03-31,71,71,nein,
529900W3MOO00A18X956,CON,2026-03-31,OTP-csoport,Hungary,Large highest EEA,529900W3MOO00A18X956,OTP-csoport,eigen,Large highest EEA|CON|2026-03-31,71,71,nein,
529900XSTAE561178282,CON,2026-03-31,Raiffeisenbankengruppe OÖ Verbund eGen,Austria,Large highest EEA,529900XSTAE561178282,Raiffeisenbankengruppe OÖ Verbund eGen,ezb,Large highest EEA|CON|2026-03-31,71,71,nein,
5493000LKS7B3UTF7H35,CON,2026-03-31,Bank Polska Kasa Opieki S.A.,Poland,Large highest EEA,QLPCKOOKVX32FUELX240,,gleif,Large highest EEA|CON|2026-03-31,71,71,nein,
5493001BABFV7P27OW30,CON,2026-03-31,"Nova Ljubljanska Banka d.d., Ljubljana",Slovenia,Large highest EEA,5493001BABFV7P27OW30,"Nova Ljubljanska banka d.d., Ljubljana",ezb,Large highest EEA|CON|2026-03-31,71,71,nein,
5493006QMFDDMYWIAM13,CON,2026-03-31,"Banco Santander, S.A.",Spain,Large highest EEA,5493006QMFDDMYWIAM13,"Banco Santander, S.A.",ezb,Large highest EEA|CON|2026-03-31,71,71,nein,
5493007SJLLCTM6J6M37,CON,2026-03-31,"Unicaja Banco, S.A.",Spain,Large highest EEA,5493007SJLLCTM6J6M37,"Unicaja Banco, S.A.",ezb,Large highest EEA|CON|2026-03-31,71,71,nein,
5493009ML6YX83YHC820,CON,2026-03-31,Argenta Bank- en Verzekeringsgroep NV,Belgium,Large subsidiaries,5493008QOCP58OLEN998,Investeringsmaatschappij Argenta NV ; Société d'investissements Argenta SA ; Investierungsgesellschaft Argenta AG,beide,Large subsidiaries|CON|2026-03-31,27,13,nein,
549300C6TUMDXNOVXS82,CON,2026-03-31,Länsförsäkringar Bank AB - gruppen,Sweden,Large highest EEA,549300FOASW7JFUQV048,,gleif,Large highest EEA|CON|2026-03-31,71,71,nein,
549300EHNXQVOI120S55,CON,2026-03-31,Coop Pank AS,Estonia,Large highest EEA,,,unbekannt,Large highest EEA|CON|2026-03-31,71,71,nein,
549300GKFG0RYRRQ1414,CON,2026-03-31,DNB BANK ASA,Norway,Large highest EEA,549300GKFG0RYRRQ1414,DNB BANK ASA,eigen,Large highest EEA|CON|2026-03-31,71,71,nein,
549300HFEHJOXGE4ZE63,CON,2026-03-31,SFIL S.A.,France,Large highest EEA,969500Q2PFTTP0Y5QL44,,gleif,Large highest EEA|CON|2026-03-31,71,71,nein,
549300JB1P61FUTPEZ75,CON,2026-03-31,"Všeobecná úverová banka, a.s.",Slovakia,Large subsidiaries,2W8N8UU78PMDQKZENC08,Intesa Sanpaolo S.p.A.,beide,Large subsidiaries|CON|2026-03-31,27,13,nein,
549300L7YCATGO57ZE10,CON,2026-03-31,FINECOBANK BANCA FINECO S.P.A. (IN BREVE FINECOBANK S.P.A. OVVERO BANCA FINECO S.P.A. OVVERO FINECO BANCA S.P.A.),Italy,Large highest EEA,549300L7YCATGO57ZE10,FinecoBank S.p.A.,ezb,Large highest EEA|CON|2026-03-31,71,71,nein,
549300NYKK9MWM7GGW15,CON,2026-03-31,ING Groep N.V.,Netherlands,Large highest EEA,549300NYKK9MWM7GGW15,ING Groep N.V.,ezb,Large highest EEA|CON|2026-03-31,71,71,nein,
549300OLBL49CW8CT155,CON,2026-03-31,"Ibercaja Banco, S.A.",Spain,Large highest EEA,549300OLBL49CW8CT155,"Ibercaja Banco, S.A.",ezb,Large highest EEA|CON|2026-03-31,71,71,nein,
549300PZMFIQR79Q0T97,CON,2026-03-31,Íslandsbanki hf.,Iceland,Large highest EEA,549300PZMFIQR79Q0T97,Íslandsbanki hf.,eigen,Large highest EEA|CON|2026-03-31,71,71,nein,
549300Q3OIWRHQUQM052,CON,2026-03-31,SpareBank 1 Sør-Norge,Norway,Large highest EEA,549300Q3OIWRHQUQM052,SpareBank 1 Sør-Norge,eigen,Large highest EEA|CON|2026-03-31,71,71,nein,
549300RFKNCOX56F8591,CON,2026-03-31,RAIFFEISEN BANK S.A.,Romania,Large subsidiaries,9ZHRYM6F437SQJ6OUG95,Raiffeisen Bank International AG,gleif,Large subsidiaries|CON|2026-03-31,27,13,ja,"Tatra banka, a.s."
549300S2T3FWVVXWJI89,CON,2026-03-31,"Slovenská sporiteľňa, a.s.",Slovakia,Large subsidiaries,PQOH26KWDF7CG10L6792,Erste Group Bank AG,beide,Large subsidiaries|CON|2026-03-31,27,13,ja,"Santander Bank Polska S.A.|Česká spořitelna, a.s."
549300TJREQ7GHIXWR36,IND,2026-03-31,Swedbank Hypotek AB,Sweden,Large subsidiaries,M312WZV08Y7LYUC71685,Swedbank - Grupp,gleif,Large subsidiaries|IND|2026-03-31,5,5,nein,
549300TK038P6EV4YU51,CON,2026-03-31,AB Artea bankas,Lithuania,Large highest EEA,549300TK038P6EV4YU51,AB Artea bankas,ezb,Large highest EEA|CON|2026-03-31,71,71,nein,
549300TLZPT6JELDWM92,CON,2026-03-31,Landsbankinn hf.,Iceland,Large highest EEA,549300TLZPT6JELDWM92,Landsbankinn hf.,eigen,Large highest EEA|CON|2026-03-31,71,71,nein,
549300TRUWO2CD2G5692,CON,2026-03-31,"UNICREDIT, SOCIETA' PER AZIONI",Italy,Large highest EEA,549300TRUWO2CD2G5692,UniCredit S.p.A.,ezb,Large highest EEA|CON|2026-03-31,71,71,nein,
549300U4LIZV0REEQQ46,CON,2026-03-31,"Kutxabank, S.A.",Spain,Large highest EEA,95980020140006031928,,gleif,Large highest EEA|CON|2026-03-31,71,71,nein,
549300UY81ESCZJ0GR95,CON,2026-03-31,First Investment Bank,Bulgaria,Large highest EEA,549300UY81ESCZJ0GR95,First Investment Bank,eigen,Large highest EEA|CON|2026-03-31,71,71,nein,
5967007LIEEXZX659K67,IND,2026-03-31,DNB BOLIGKREDITT AS,Norway,Large subsidiaries,549300GKFG0RYRRQ1414,DNB BANK ASA,gleif,Large subsidiaries|IND|2026-03-31,5,5,nein,
5UMCZOEYKCVFAW8ZLO05,CON,2026-03-31,"National Bank of Greece, S.A.",Greece,Large highest EEA,5UMCZOEYKCVFAW8ZLO05,National Bank of Greece S.A.,ezb,Large highest EEA|CON|2026-03-31,71,71,nein,
635400AKJBGNS5WNQL34,CON,2026-03-31,AIB Group plc,Ireland,Large highest EEA,635400AKJBGNS5WNQL34,AIB Group plc,ezb,Large highest EEA|CON|2026-03-31,71,71,nein,
635400C8EK6DRI12LJ39,CON,2026-03-31,Bank of Ireland Group plc,Ireland,Large highest EEA,635400C8EK6DRI12LJ39,Bank of Ireland Group plc,ezb,Large highest EEA|CON|2026-03-31,71,71,nein,
635400DTNHVYGZODKQ93,CON,2026-03-31,Permanent TSB Group Holdings Plc,Ireland,Large highest EEA,635400DTNHVYGZODKQ93,Permanent TSB Group Holdings Plc,eigen,Large highest EEA|CON|2026-03-31,71,71,nein,
635400L14KNHZXPUZM19,CON,2026-03-31,Bank of Cyprus Holdings Public Limited Company,Ireland,Large highest EEA,635400L14KNHZXPUZM19,Bank of Cyprus Holdings Public Limited Company,ezb,Large highest EEA|CON|2026-03-31,71,71,nein,
7437003B5WFBOIEFY714,CON,2026-03-31,OP Osuuskunta,Finland,Large highest EEA,7437003B5WFBOIEFY714,OP Osuuskunta,ezb,Large highest EEA|CON|2026-03-31,71,71,nein,
7CUNS533WID6K7DGFI87,CON,2026-03-31,"CaixaBank, S.A.",Spain,Large highest EEA,7CUNS533WID6K7DGFI87,"CaixaBank, S.A.",ezb,Large highest EEA|CON|2026-03-31,71,71,nein,
7LTWFZYICNSX8D621K86,CON,2026-03-31,DEUTSCHE BANK AKTIENGESELLSCHAFT,Germany,Large highest EEA,7LTWFZYICNSX8D621K86,Deutsche Bank AG,ezb,Large highest EEA|CON|2026-03-31,71,71,nein,
815600AD83B2B6317788,CON,2026-03-31,CREDITO EMILIANO HOLDING SOCIETA' PER AZIONI,Italy,Large highest EEA,815600AD83B2B6317788,Credito Emiliano Holding S.p.A.,ezb,Large highest EEA|CON|2026-03-31,71,71,nein,
815600E4E6DCD2D25E30,CON,2026-03-31,BANCO BPM SOCIETA' PER AZIONI,Italy,Large highest EEA,815600E4E6DCD2D25E30,Banco BPM S.p.A.,ezb,Large highest EEA|CON|2026-03-31,71,71,nein,
851WYGNLUQLFZBSYGB56,CON,2026-03-31,COMMERZBANK Aktiengesellschaft,Germany,Large highest EEA,851WYGNLUQLFZBSYGB56,COMMERZBANK Aktiengesellschaft,ezb,Large highest EEA|CON|2026-03-31,71,71,nein,
8IBZUGJ7JPLH368JE346,IND,2026-03-31,Goldman Sachs Bank Europe SE,Germany,Large highest EEA,784F5XWPLTWKTBV3E584,,gleif,Large highest EEA|IND|2026-03-31,6,6,nein,
95980020140005881190,CON,2026-03-31,Banco de Crédito Social Cooperativo,Spain,Large highest EEA,95980020140005881190,"Banco de Crédito Social Cooperativo, S.A.",ezb,Large highest EEA|CON|2026-03-31,71,71,nein,
959800LQ598A5RQASA61,CON,2026-03-31,"Banca March, S.A.",Spain,Other highest EEA,959800LQ598A5RQASA61,"Banca March, S.A.",eigen,Other highest EEA|CON|2026-03-31,1,1,nein,
96950041VJ1QP0B69503,CON,2026-03-31,Crédit mutuel Arkéa,France,Large subsidiaries,9695000CG7B84NLR5984,Confédération Nationale du Crédit Mutuel,beide,Large subsidiaries|CON|2026-03-31,27,13,ja,Caisse fédérale de crédit mu|Crédit industriel et commerc
969500A3Y5KTGJEMDZ32,CON,2026-03-31,Caisse régionale de crédit agricole mutuel du Languedoc,France,Large subsidiaries,969500TJ5KRTCJQWXH05,Crédit Agricole S.A.,ezb,Large subsidiaries|CON|2026-03-31,27,13,ja,Caisse régionale de crédit a|Caisse régionale de crédit a|Caisse régionale de crédit a
969500B5DNR7Q1ACGD23,CON,2026-03-31,Caisse régionale de crédit agricole mutuel Atlantique Vendée,France,Large subsidiaries,969500TJ5KRTCJQWXH05,Crédit Agricole S.A.,ezb,Large subsidiaries|CON|2026-03-31,27,13,ja,Caisse régionale de crédit a|Caisse régionale de crédit a|Caisse régionale de crédit a
969500FF9M4SBM5VHR15,CON,2026-03-31,Caisse régionale de crédit agricole mutuel Nord de France,France,Large subsidiaries,969500TJ5KRTCJQWXH05,Crédit Agricole S.A.,beide,Large subsidiaries|CON|2026-03-31,27,13,ja,Caisse régionale de crédit a|Caisse régionale de crédit a|Caisse régionale de crédit a
969500FYEXW795NPJO79,CON,2026-03-31,Caisse régionale de crédit agricole mutuel Brie Picardie,France,Large subsidiaries,969500TJ5KRTCJQWXH05,Crédit Agricole S.A.,beide,Large subsidiaries|CON|2026-03-31,27,13,ja,Caisse régionale de crédit a|Caisse régionale de crédit a|Caisse régionale de crédit a
969500LFTDNMONT2EP08,CON,2026-03-31,Caisse fédérale de crédit mutuel,France,Large subsidiaries,9695000CG7B84NLR5984,Confédération Nationale du Crédit Mutuel,beide,Large subsidiaries|CON|2026-03-31,27,13,ja,Crédit industriel et commerc|Crédit mutuel Arkéa
969500PI25OKPKTD9364,CON,2026-03-31,Caisse régionale de crédit agricole mutuel de Paris et d'Ile-de-France,France,Large subsidiaries,969500TJ5KRTCJQWXH05,Crédit Agricole S.A.,ezb,Large subsidiaries|CON|2026-03-31,27,13,ja,Caisse régionale de crédit a|Caisse régionale de crédit a|Caisse régionale de crédit a
9CZ7TVMR36CYD5TZBS50,CON,2026-03-31,Banque Internationale à Luxembourg,Luxembourg,Large highest EEA,5299003ONUYCE70HZ185,,gleif,Large highest EEA|CON|2026-03-31,71,71,nein,
9KOGW2C2FCIOJQ7FF485,CON,2026-03-31,"Česká spořitelna, a.s.",Czech,Large subsidiaries,PQOH26KWDF7CG10L6792,Erste Group Bank AG,gleif,Large subsidiaries|CON|2026-03-31,27,13,ja,"Santander Bank Polska S.A.|Slovenská sporiteľňa, a.s."
A5GWLFH3KM7YV2SFQL84,CON,2026-03-31,Belfius Bank,Belgium,Large highest EEA,A5GWLFH3KM7YV2SFQL84,Belfius Banque SA ; Belfius Bank NV ; Belfius Bank SA,ezb,Large highest EEA|CON|2026-03-31,71,71,nein,
B81CK4ESI35472RHJ606,CON,2026-03-31,Landesbank Baden-Württemberg,Germany,Large highest EEA,B81CK4ESI35472RHJ606,Landesbank Baden-Württemberg,ezb,Large highest EEA|CON|2026-03-31,71,71,nein,
BFXS5XCH7N0Y05NIXW11,CON,2026-03-31,ABN AMRO Bank N.V.,Netherlands,Large highest EEA,BFXS5XCH7N0Y05NIXW11,ABN AMRO Bank N.V.,ezb,Large highest EEA|CON|2026-03-31,71,71,nein,
D1HEB8VEU6D9M8ZUXG17,CON,2026-03-31,UniCredit Bank Austria AG,Austria,Large subsidiaries,549300TRUWO2CD2G5692,UniCredit S.p.A.,beide,Large subsidiaries|CON|2026-03-31,27,13,ja,UniCredit Bank Czech Republi|UniCredit Bank GmbH|UniCredit csoport
DG3RU1DBUFHT4ZF9WN62,CON,2026-03-31,Coöperatieve Rabobank U.A.,Netherlands,Large highest EEA,DG3RU1DBUFHT4ZF9WN62,Coöperatieve Rabobank U.A.,ezb,Large highest EEA|CON|2026-03-31,71,71,nein,
DIZES5CFO5K3I5R58746,CON,2026-03-31,Landesbank Hessen-Thüringen Girozentrale,Germany,Large highest EEA,DIZES5CFO5K3I5R58746,Landesbank Hessen-Thüringen Girozentrale,ezb,Large highest EEA|CON|2026-03-31,71,71,nein,
DSNHHQ2B9X5N6OUJ1236,CON,2026-03-31,Norddeutsche Landesbank - Girozentrale -,Germany,Large highest EEA,DSNHHQ2B9X5N6OUJ1236,Norddeutsche Landesbank -Girozentrale-,ezb,Large highest EEA|CON|2026-03-31,71,71,nein,
DZZ47B9A52ZJ6LT6VV95,CON,2026-03-31,Deutsche Pfandbriefbank AG,Germany,Large highest EEA,DZZ47B9A52ZJ6LT6VV95,Deutsche Pfandbriefbank AG,ezb,Large highest EEA|CON|2026-03-31,71,71,nein,
EV2XZWMLLXF2QRX0CD47,CON,2026-03-31,Kommuninvest - Grupp,Sweden,Large highest EEA,EV2XZWMLLXF2QRX0CD47,Kommuninvest - Grupp,eigen,Large highest EEA|CON|2026-03-31,71,71,nein,
F3JS33DEI6XQ4ZBPTN86,CON,2026-03-31,Skandinaviska Enskilda Banken - gruppen,Sweden,Large highest EEA,F3JS33DEI6XQ4ZBPTN86,Skandinaviska Enskilda Banken - gruppen,eigen,Large highest EEA|CON|2026-03-31,71,71,nein,
FR9695005MSX1OYEMGDF,CON,2026-03-31,Groupe BPCE,France,Large highest EEA,,,unbekannt,Large highest EEA|CON|2026-03-31,71,71,nein,
GP5DT10VX1QRQUKVBK64,CON,2026-03-31,AL Sydbank A/S,Denmark,Large highest EEA,GP5DT10VX1QRQUKVBK64,AL Sydbank A/S,eigen,Large highest EEA|CON|2026-03-31,71,71,nein,
H0YX5LBGKDVOWCXBZ594,CON,2026-03-31,SBAB Bank AB - Grupp,Sweden,Large highest EEA,H0YX5LBGKDVOWCXBZ594,SBAB Bank AB - Grupp,eigen,Large highest EEA|CON|2026-03-31,71,71,nein,
I6SS27Q1Q3385V753S50,IND,2026-03-31,Raiffeisenlandesbank Oberösterreich Aktiengesellschaft,Austria,Large subsidiaries,529900XSTAE561178282,Raiffeisenbankengruppe OÖ Verbund eGen,beide,Large subsidiaries|IND|2026-03-31,5,5,nein,
I7ETN0QQO2AHZZGHJ389,IND,2026-03-31,KOMMUNALBANKEN AS,Norway,Large highest EEA,I7ETN0QQO2AHZZGHJ389,KOMMUNALBANKEN AS,eigen,Large highest EEA|IND|2026-03-31,6,6,nein,
J4CP7MHCXR8DAQMKIL78,CON,2026-03-31,Banca Monte dei Paschi di Siena S.p.A.,Italy,Large highest EEA,J4CP7MHCXR8DAQMKIL78,BANCA MONTE DEI PASCHI DI SIENA S.p.A.,ezb,Large highest EEA|CON|2026-03-31,71,71,nein,
K8MS7FD7N5Z2WQ51AZ71,CON,2026-03-31,"Banco Bilbao Vizcaya Argentaria, S.A.",Spain,Large highest EEA,K8MS7FD7N5Z2WQ51AZ71,"Banco Bilbao Vizcaya Argentaria, S.A.",ezb,Large highest EEA|CON|2026-03-31,71,71,nein,
KGCEPHLVVKVRZYO1T647,CON,2026-03-31,BNP Paribas Fortis,Belgium,Large subsidiaries,R0MUWSFPU8MPRO8K5P83,BNP Paribas S.A.,beide,Large subsidiaries|CON|2026-03-31,27,13,ja,BNP PARIBAS BANK POLSKA S.A
KR6LSKV3BTSJRD41IF75,CON,2026-03-31,"UniCredit Bank Czech Republic and Slovakia, a.s.",Czech,Large subsidiaries,549300TRUWO2CD2G5692,"UNICREDIT, SOCIETA' PER AZIONI",gleif,Large subsidiaries|CON|2026-03-31,27,13,ja,UniCredit Bank Austria AG|UniCredit Bank GmbH|UniCredit csoport
LIU16F6VZJSD6UKHD557,CON,2026-03-31,Nykredit Realkredit A/S,Denmark,Large highest EEA,54930044PCO1XG0OGZ29,,gleif,Large highest EEA|CON|2026-03-31,71,71,nein,
M312WZV08Y7LYUC71685,CON,2026-03-31,Swedbank - Grupp,Sweden,Large highest EEA,M312WZV08Y7LYUC71685,Swedbank - Grupp,eigen,Large highest EEA|CON|2026-03-31,71,71,nein,
MAES062Z21O4RZ2U7M96,CON,2026-03-31,Danske Bank A/S,Denmark,Large highest EEA,MAES062Z21O4RZ2U7M96,Danske Bank A/S,eigen,Large highest EEA|CON|2026-03-31,71,71,nein,
N4JDFKKH2FTD8RKFXO39,CON,2026-03-31,Crédit industriel et commercial - CIC,France,Large subsidiaries,9695000CG7B84NLR5984,Confédération Nationale du Crédit Mutuel,beide,Large subsidiaries|CON|2026-03-31,27,13,ja,Caisse fédérale de crédit mu|Crédit mutuel Arkéa
NHBDILHZTYCNBV5UYZ31,CON,2026-03-31,Svenska Handelsbanken - gruppen,Sweden,Large highest EEA,NHBDILHZTYCNBV5UYZ31,Svenska Handelsbanken - gruppen,eigen,Large highest EEA|CON|2026-03-31,71,71,nein,
NMH2KF074RKAGTH4CM63,CON,2026-03-31,BNP PARIBAS BANK POLSKA S.A,Poland,Large subsidiaries,R0MUWSFPU8MPRO8K5P83,BNP Paribas,gleif,Large subsidiaries|CON|2026-03-31,27,13,ja,BNP Paribas Fortis
NNVPP80YIZGEY2314M97,CON,2026-03-31,ICCREA BANCA S.P.A. - ISTITUTO CENTRALE DEL CREDITO COOPERATIVO (IN FORMA ABBREVIATA: ICCREA BANCA S.P.A.),Italy,Large highest EEA,NNVPP80YIZGEY2314M97,ICCREA Banca S.p.A. - Istituto Centrale del Credito Cooperativo,ezb,Large highest EEA|CON|2026-03-31,71,71,nein,
O2RNE8IBXP4R0TD8PU41,CON,2026-03-31,Société générale S.A.,France,Large highest EEA,O2RNE8IBXP4R0TD8PU41,Société Générale S.A.,ezb,Large highest EEA|CON|2026-03-31,71,71,nein,
P4GTT6GF1W40CVIMFR43,CON,2026-03-31,Powszechna Kasa Oszczednosci Bank Polski S.A.,Poland,Large highest EEA,P4GTT6GF1W40CVIMFR43,Powszechna Kasa Oszczednosci Bank Polski S.A.,eigen,Large highest EEA|CON|2026-03-31,71,71,nein,
PRNXTNXHBI0TSY1V8P17,CON,2026-03-31,Zagrebačka banka d.d.,Croatia,Large subsidiaries,549300TRUWO2CD2G5692,UniCredit S.p.A.,beide,Large subsidiaries|CON|2026-03-31,27,13,ja,UniCredit Bank Austria AG|UniCredit Bank Czech Republi|UniCredit Bank GmbH
R0MUWSFPU8MPRO8K5P83,CON,2026-03-31,BNP Paribas,France,Large highest EEA,R0MUWSFPU8MPRO8K5P83,BNP Paribas S.A.,ezb,Large highest EEA|CON|2026-03-31,71,71,nein,
SI5RG2M0WQQLZCXKRM20,CON,2026-03-31,"Banco de Sabadell, S.A.",Spain,Large highest EEA,SI5RG2M0WQQLZCXKRM20,"Banco de Sabadell, S.A.",ezb,Large highest EEA|CON|2026-03-31,71,71,nein,
VDYMYTQGZZ6DU0912C88,CON,2026-03-31,Bayerische Landesbank,Germany,Large highest EEA,VDYMYTQGZZ6DU0912C88,Bayerische Landesbank,ezb,Large highest EEA|CON|2026-03-31,71,71,nein,
VWMYAEQSTOPNV0SUGU82,CON,2026-03-31,"Bankinter, S.A.",Spain,Large highest EEA,VWMYAEQSTOPNV0SUGU82,"Bankinter, S.A.",ezb,Large highest EEA|CON|2026-03-31,71,71,nein,
XLEZHWWOI4HFQDGL4793,CON,2026-03-31,BANK HANDLOWY W WARSZAWIE SA,Poland,Large subsidiaries,6SHGI4ZSSLCXXQSBB395,,gleif,Large subsidiaries|CON|2026-03-31,27,13,nein,
Y28RT6GGYJ696PMW8T44,CON,2026-03-31,UniCredit csoport,Hungary,Large subsidiaries,549300TRUWO2CD2G5692,"UNICREDIT, SOCIETA' PER AZIONI",gleif,Large subsidiaries|CON|2026-03-31,27,13,ja,UniCredit Bank Austria AG|UniCredit Bank Czech Republi|UniCredit Bank GmbH
