lei,scope,refPeriod,bank_name,country,institution_type,szenario,szenario_label,delta_eve_eur,delta_nii_eur,tier1_eur,quote_eve,quote_nii,sot_eve,sot_nii,vorbehalt
0W2PZJM8XOY22M4GG883,CON,2025-06-30,DekaBank Deutsche Girozentrale,Germany,Large highest EEA,0010,Parallelverschiebung hoch,-59805426,157582921,6700972815,-0.0089,0.0235,nein,nein,
0W2PZJM8XOY22M4GG883,CON,2025-06-30,DekaBank Deutsche Girozentrale,Germany,Large highest EEA,0020,Parallelverschiebung runter,-45224537,-176820591,6700972815,-0.0067,-0.0264,nein,nein,
0W2PZJM8XOY22M4GG883,CON,2025-06-30,DekaBank Deutsche Girozentrale,Germany,Large highest EEA,0030,Steepener,24105528,,6700972815,0.0036,,nein,,
0W2PZJM8XOY22M4GG883,CON,2025-06-30,DekaBank Deutsche Girozentrale,Germany,Large highest EEA,0040,Flattener,-58075013,,6700972815,-0.0087,,nein,,
0W2PZJM8XOY22M4GG883,CON,2025-06-30,DekaBank Deutsche Girozentrale,Germany,Large highest EEA,0050,kurze Zinsen hoch,-59833304,,6700972815,-0.0089,,nein,,
0W2PZJM8XOY22M4GG883,CON,2025-06-30,DekaBank Deutsche Girozentrale,Germany,Large highest EEA,0060,kurze Zinsen runter,25191568,,6700972815,0.0038,,nein,,
0W2PZJM8XOY22M4GG883,CON,2025-12-31,DekaBank Deutsche Girozentrale,Germany,Large highest EEA,0010,Parallelverschiebung hoch,-64609360,161414455,7082381260,-0.0091,0.0228,nein,nein,
0W2PZJM8XOY22M4GG883,CON,2025-12-31,DekaBank Deutsche Girozentrale,Germany,Large highest EEA,0020,Parallelverschiebung runter,-76207769,-170356636,7082381260,-0.0108,-0.0241,nein,nein,
0W2PZJM8XOY22M4GG883,CON,2025-12-31,DekaBank Deutsche Girozentrale,Germany,Large highest EEA,0030,Steepener,35132416,,7082381260,0.0050,,nein,,
0W2PZJM8XOY22M4GG883,CON,2025-12-31,DekaBank Deutsche Girozentrale,Germany,Large highest EEA,0040,Flattener,-87646111,,7082381260,-0.0124,,nein,,
0W2PZJM8XOY22M4GG883,CON,2025-12-31,DekaBank Deutsche Girozentrale,Germany,Large highest EEA,0050,kurze Zinsen hoch,-89139022,,7082381260,-0.0126,,nein,,
0W2PZJM8XOY22M4GG883,CON,2025-12-31,DekaBank Deutsche Girozentrale,Germany,Large highest EEA,0060,kurze Zinsen runter,31901211,,7082381260,0.0045,,nein,,
0W5QHUNYV4W7GJO62R27,CON,2025-12-31,HYPO TIROL BANK AG,Austria,Other highest EEA,0010,Parallelverschiebung hoch,-34437484,13701969,707076390,-0.0487,0.0194,nein,nein,
0W5QHUNYV4W7GJO62R27,CON,2025-12-31,HYPO TIROL BANK AG,Austria,Other highest EEA,0020,Parallelverschiebung runter,17679221,-33761874,707076390,0.0250,-0.0477,nein,nein,
0W5QHUNYV4W7GJO62R27,CON,2025-12-31,HYPO TIROL BANK AG,Austria,Other highest EEA,0030,Steepener,3758659,,707076390,0.0053,,nein,,
0W5QHUNYV4W7GJO62R27,CON,2025-12-31,HYPO TIROL BANK AG,Austria,Other highest EEA,0040,Flattener,-11782588,,707076390,-0.0167,,nein,,
0W5QHUNYV4W7GJO62R27,CON,2025-12-31,HYPO TIROL BANK AG,Austria,Other highest EEA,0050,kurze Zinsen hoch,-14660911,,707076390,-0.0207,,nein,,
0W5QHUNYV4W7GJO62R27,CON,2025-12-31,HYPO TIROL BANK AG,Austria,Other highest EEA,0060,kurze Zinsen runter,5919321,,707076390,0.0084,,nein,,
1FOLRR5RWTWWI397R131,IND,2025-06-30,Aktiebolaget Svensk Exportkredit,Sweden,Large highest EEA,0010,Parallelverschiebung hoch,-32266234,18130622,2050759725,-0.0157,0.0088,nein,nein,
1FOLRR5RWTWWI397R131,IND,2025-06-30,Aktiebolaget Svensk Exportkredit,Sweden,Large highest EEA,0020,Parallelverschiebung runter,62771316,-30021160,2050759725,0.0306,-0.0146,nein,nein,
1FOLRR5RWTWWI397R131,IND,2025-06-30,Aktiebolaget Svensk Exportkredit,Sweden,Large highest EEA,0030,Steepener,-7208550,,2050759725,-0.0035,,nein,,
1FOLRR5RWTWWI397R131,IND,2025-06-30,Aktiebolaget Svensk Exportkredit,Sweden,Large highest EEA,0040,Flattener,2945168,,2050759725,0.0014,,nein,,
1FOLRR5RWTWWI397R131,IND,2025-06-30,Aktiebolaget Svensk Exportkredit,Sweden,Large highest EEA,0050,kurze Zinsen hoch,-14551661,,2050759725,-0.0071,,nein,,
1FOLRR5RWTWWI397R131,IND,2025-06-30,Aktiebolaget Svensk Exportkredit,Sweden,Large highest EEA,0060,kurze Zinsen runter,17706847,,2050759725,0.0086,,nein,,
1FOLRR5RWTWWI397R131,IND,2025-12-31,Aktiebolaget Svensk Exportkredit,Sweden,Large highest EEA,0010,Parallelverschiebung hoch,-58489092,18233885,2136845431,-0.0274,0.0085,nein,nein,
1FOLRR5RWTWWI397R131,IND,2025-12-31,Aktiebolaget Svensk Exportkredit,Sweden,Large highest EEA,0020,Parallelverschiebung runter,100586906,-32887034,2136845431,0.0471,-0.0154,nein,nein,
1FOLRR5RWTWWI397R131,IND,2025-12-31,Aktiebolaget Svensk Exportkredit,Sweden,Large highest EEA,0030,Steepener,-15100724,,2136845431,-0.0071,,nein,,
1FOLRR5RWTWWI397R131,IND,2025-12-31,Aktiebolaget Svensk Exportkredit,Sweden,Large highest EEA,0040,Flattener,4707193,,2136845431,0.0022,,nein,,
1FOLRR5RWTWWI397R131,IND,2025-12-31,Aktiebolaget Svensk Exportkredit,Sweden,Large highest EEA,0050,kurze Zinsen hoch,-20105585,,2136845431,-0.0094,,nein,,
1FOLRR5RWTWWI397R131,IND,2025-12-31,Aktiebolaget Svensk Exportkredit,Sweden,Large highest EEA,0060,kurze Zinsen runter,17724077,,2136845431,0.0083,,nein,,
21380057HUGFEAF25W84,CON,2025-12-31,NOBA Group,Sweden,Other highest EEA,0010,Parallelverschiebung hoch,-217527757,-253481462,1518071886,-0.1433,-0.1670,nein,ja,
21380057HUGFEAF25W84,CON,2025-12-31,NOBA Group,Sweden,Other highest EEA,0020,Parallelverschiebung runter,123306359,-223429504,1518071886,0.0812,-0.1472,nein,ja,
21380057HUGFEAF25W84,CON,2025-12-31,NOBA Group,Sweden,Other highest EEA,0030,Steepener,16768924,,1518071886,0.0110,,nein,,
21380057HUGFEAF25W84,CON,2025-12-31,NOBA Group,Sweden,Other highest EEA,0040,Flattener,-97468324,,1518071886,-0.0642,,nein,,
21380057HUGFEAF25W84,CON,2025-12-31,NOBA Group,Sweden,Other highest EEA,0050,kurze Zinsen hoch,-177360875,,1518071886,-0.1168,,nein,,
21380057HUGFEAF25W84,CON,2025-12-31,NOBA Group,Sweden,Other highest EEA,0060,kurze Zinsen runter,91343923,,1518071886,0.0602,,nein,,
2138005M92IEIQVEL297,CON,2025-12-31,AS Inbank,Estonia,Other highest EEA,0010,Parallelverschiebung hoch,-14576360,-5327080,165596684,-0.0880,-0.0322,nein,nein,
2138005M92IEIQVEL297,CON,2025-12-31,AS Inbank,Estonia,Other highest EEA,0020,Parallelverschiebung runter,579395,1769984,165596684,0.0035,0.0107,nein,nein,
2138005M92IEIQVEL297,CON,2025-12-31,AS Inbank,Estonia,Other highest EEA,0030,Steepener,-1356435,,165596684,-0.0082,,nein,,
2138005M92IEIQVEL297,CON,2025-12-31,AS Inbank,Estonia,Other highest EEA,0040,Flattener,-1235096,,165596684,-0.0075,,nein,,
2138005M92IEIQVEL297,CON,2025-12-31,AS Inbank,Estonia,Other highest EEA,0050,kurze Zinsen hoch,-8104874,,165596684,-0.0489,,nein,,
2138005M92IEIQVEL297,CON,2025-12-31,AS Inbank,Estonia,Other highest EEA,0060,kurze Zinsen runter,1736703,,165596684,0.0105,,nein,,
2138009Y59EAR7H1UO97,CON,2025-06-30,"Akciju sabiedrība ""Citadele banka""",Latvia,Large highest EEA,0010,Parallelverschiebung hoch,-31968874,-3617956,528793462,-0.0605,-0.0068,nein,nein,
2138009Y59EAR7H1UO97,CON,2025-06-30,"Akciju sabiedrība ""Citadele banka""",Latvia,Large highest EEA,0020,Parallelverschiebung runter,-1361310,-15943362,528793462,-0.0026,-0.0302,nein,nein,
2138009Y59EAR7H1UO97,CON,2025-06-30,"Akciju sabiedrība ""Citadele banka""",Latvia,Large highest EEA,0030,Steepener,8039822,,528793462,0.0152,,nein,,
2138009Y59EAR7H1UO97,CON,2025-06-30,"Akciju sabiedrība ""Citadele banka""",Latvia,Large highest EEA,0040,Flattener,-22146837,,528793462,-0.0419,,nein,,
2138009Y59EAR7H1UO97,CON,2025-06-30,"Akciju sabiedrība ""Citadele banka""",Latvia,Large highest EEA,0050,kurze Zinsen hoch,-26435040,,528793462,-0.0500,,nein,,
2138009Y59EAR7H1UO97,CON,2025-06-30,"Akciju sabiedrība ""Citadele banka""",Latvia,Large highest EEA,0060,kurze Zinsen runter,2919757,,528793462,0.0055,,nein,,
2138009Y59EAR7H1UO97,CON,2025-12-31,"Akciju sabiedrība ""Citadele banka""",Latvia,Large highest EEA,0010,Parallelverschiebung hoch,11940018,5265650,544582503,0.0219,0.0097,nein,nein,
2138009Y59EAR7H1UO97,CON,2025-12-31,"Akciju sabiedrība ""Citadele banka""",Latvia,Large highest EEA,0020,Parallelverschiebung runter,-34313506,-19577062,544582503,-0.0630,-0.0359,nein,nein,
2138009Y59EAR7H1UO97,CON,2025-12-31,"Akciju sabiedrība ""Citadele banka""",Latvia,Large highest EEA,0030,Steepener,-4713730,,544582503,-0.0087,,nein,,
2138009Y59EAR7H1UO97,CON,2025-12-31,"Akciju sabiedrība ""Citadele banka""",Latvia,Large highest EEA,0040,Flattener,3249452,,544582503,0.0060,,nein,,
2138009Y59EAR7H1UO97,CON,2025-12-31,"Akciju sabiedrība ""Citadele banka""",Latvia,Large highest EEA,0050,kurze Zinsen hoch,6207557,,544582503,0.0114,,nein,,
2138009Y59EAR7H1UO97,CON,2025-12-31,"Akciju sabiedrība ""Citadele banka""",Latvia,Large highest EEA,0060,kurze Zinsen runter,-21759902,,544582503,-0.0400,,nein,,
213800A1O379I6DMCU10,IND,2025-06-30,APS BANK P.L.C.,Malta,Large highest EEA,0010,Parallelverschiebung hoch,-20065,1930,282229081,-0.0001,0.0000,nein,nein,
213800A1O379I6DMCU10,IND,2025-06-30,APS BANK P.L.C.,Malta,Large highest EEA,0020,Parallelverschiebung runter,9932,-1930,282229081,0.0000,-0.0000,nein,nein,
213800A1O379I6DMCU10,IND,2025-06-30,APS BANK P.L.C.,Malta,Large highest EEA,0030,Steepener,9976,,282229081,0.0000,,nein,,
213800A1O379I6DMCU10,IND,2025-06-30,APS BANK P.L.C.,Malta,Large highest EEA,0040,Flattener,3,,282229081,0.0000,,nein,,
213800A1O379I6DMCU10,IND,2025-06-30,APS BANK P.L.C.,Malta,Large highest EEA,0050,kurze Zinsen hoch,-6922,,282229081,-0.0000,,nein,,
213800A1O379I6DMCU10,IND,2025-06-30,APS BANK P.L.C.,Malta,Large highest EEA,0060,kurze Zinsen runter,7458,,282229081,0.0000,,nein,,
213800A1O379I6DMCU10,IND,2025-12-31,APS BANK P.L.C.,Malta,Large highest EEA,0010,Parallelverschiebung hoch,-27511,-3709,326890463,-0.0001,-0.0000,nein,nein,
213800A1O379I6DMCU10,IND,2025-12-31,APS BANK P.L.C.,Malta,Large highest EEA,0020,Parallelverschiebung runter,18663,3701,326890463,0.0001,0.0000,nein,nein,
213800A1O379I6DMCU10,IND,2025-12-31,APS BANK P.L.C.,Malta,Large highest EEA,0030,Steepener,15269,,326890463,0.0000,,nein,,
213800A1O379I6DMCU10,IND,2025-12-31,APS BANK P.L.C.,Malta,Large highest EEA,0040,Flattener,-2961,,326890463,-0.0000,,nein,,
213800A1O379I6DMCU10,IND,2025-12-31,APS BANK P.L.C.,Malta,Large highest EEA,0050,kurze Zinsen hoch,-12103,,326890463,-0.0000,,nein,,
213800A1O379I6DMCU10,IND,2025-12-31,APS BANK P.L.C.,Malta,Large highest EEA,0060,kurze Zinsen runter,14597,,326890463,0.0000,,nein,,
213800DBQIB6VBNU5C64,CON,2025-06-30,Alpha Bank S.A.,Greece,Large highest EEA,0010,Parallelverschiebung hoch,-533931938,-121511922,5620873700,-0.0950,-0.0216,nein,nein,
213800DBQIB6VBNU5C64,CON,2025-06-30,Alpha Bank S.A.,Greece,Large highest EEA,0020,Parallelverschiebung runter,457433838,-150319533,5620873700,0.0814,-0.0267,nein,nein,
213800DBQIB6VBNU5C64,CON,2025-06-30,Alpha Bank S.A.,Greece,Large highest EEA,0030,Steepener,-70652016,,5620873700,-0.0126,,nein,,
213800DBQIB6VBNU5C64,CON,2025-06-30,Alpha Bank S.A.,Greece,Large highest EEA,0040,Flattener,-13831944,,5620873700,-0.0025,,nein,,
213800DBQIB6VBNU5C64,CON,2025-06-30,Alpha Bank S.A.,Greece,Large highest EEA,0050,kurze Zinsen hoch,-179464143,,5620873700,-0.0319,,nein,,
213800DBQIB6VBNU5C64,CON,2025-06-30,Alpha Bank S.A.,Greece,Large highest EEA,0060,kurze Zinsen runter,124231172,,5620873700,0.0221,,nein,,
213800DBQIB6VBNU5C64,CON,2025-12-31,Alpha Bank S.A.,Greece,Large highest EEA,0010,Parallelverschiebung hoch,-354806397,8478923,5686255208,-0.0624,0.0015,nein,nein,
213800DBQIB6VBNU5C64,CON,2025-12-31,Alpha Bank S.A.,Greece,Large highest EEA,0020,Parallelverschiebung runter,132058072,-148775207,5686255208,0.0232,-0.0262,nein,nein,
213800DBQIB6VBNU5C64,CON,2025-12-31,Alpha Bank S.A.,Greece,Large highest EEA,0030,Steepener,-85275240,,5686255208,-0.0150,,nein,,
213800DBQIB6VBNU5C64,CON,2025-12-31,Alpha Bank S.A.,Greece,Large highest EEA,0040,Flattener,26499334,,5686255208,0.0047,,nein,,
213800DBQIB6VBNU5C64,CON,2025-12-31,Alpha Bank S.A.,Greece,Large highest EEA,0050,kurze Zinsen hoch,-79749859,,5686255208,-0.0140,,nein,,
213800DBQIB6VBNU5C64,CON,2025-12-31,Alpha Bank S.A.,Greece,Large highest EEA,0060,kurze Zinsen runter,-5715350,,5686255208,-0.0010,,nein,,
213800GO21RWIB6O9Q29,CON,2025-12-31,Middelfart Sparekasse,Denmark,Other highest EEA,0010,Parallelverschiebung hoch,-2067303,-6575185,390806502,-0.0053,-0.0168,nein,nein,
213800GO21RWIB6O9Q29,CON,2025-12-31,Middelfart Sparekasse,Denmark,Other highest EEA,0020,Parallelverschiebung runter,2307490,6957634,390806502,0.0059,0.0178,nein,nein,
213800GO21RWIB6O9Q29,CON,2025-12-31,Middelfart Sparekasse,Denmark,Other highest EEA,0030,Steepener,603717,,390806502,0.0015,,nein,,
213800GO21RWIB6O9Q29,CON,2025-12-31,Middelfart Sparekasse,Denmark,Other highest EEA,0040,Flattener,-975357,,390806502,-0.0025,,nein,,
213800GO21RWIB6O9Q29,CON,2025-12-31,Middelfart Sparekasse,Denmark,Other highest EEA,0050,kurze Zinsen hoch,-1687608,,390806502,-0.0043,,nein,,
213800GO21RWIB6O9Q29,CON,2025-12-31,Middelfart Sparekasse,Denmark,Other highest EEA,0060,kurze Zinsen runter,1728162,,390806502,0.0044,,nein,,
213800HDJ876ACJXXD05,CON,2025-06-30,AIKGROUP (CY) LIMITED,Cyprus,Large highest EEA,0010,Parallelverschiebung hoch,-71896627,4798661,1149062423,-0.0626,0.0042,nein,nein,
213800HDJ876ACJXXD05,CON,2025-06-30,AIKGROUP (CY) LIMITED,Cyprus,Large highest EEA,0020,Parallelverschiebung runter,-29729335,-9666715,1149062423,-0.0259,-0.0084,nein,nein,
213800HDJ876ACJXXD05,CON,2025-06-30,AIKGROUP (CY) LIMITED,Cyprus,Large highest EEA,0030,Steepener,-52399223,,1149062423,-0.0456,,nein,,
213800HDJ876ACJXXD05,CON,2025-06-30,AIKGROUP (CY) LIMITED,Cyprus,Large highest EEA,0040,Flattener,27373878,,1149062423,0.0238,,nein,,
213800HDJ876ACJXXD05,CON,2025-06-30,AIKGROUP (CY) LIMITED,Cyprus,Large highest EEA,0050,kurze Zinsen hoch,-63063171,,1149062423,-0.0549,,nein,,
213800HDJ876ACJXXD05,CON,2025-06-30,AIKGROUP (CY) LIMITED,Cyprus,Large highest EEA,0060,kurze Zinsen runter,16148519,,1149062423,0.0141,,nein,,
213800KGF4EFNUQKAT69,CON,2025-12-31,EUROBANK S.A.,Greece,Large highest EEA,0010,Parallelverschiebung hoch,-346084040,86198696,9223637543,-0.0375,0.0093,nein,nein,
213800KGF4EFNUQKAT69,CON,2025-12-31,EUROBANK S.A.,Greece,Large highest EEA,0020,Parallelverschiebung runter,186991110,-266452656,9223637543,0.0203,-0.0289,nein,nein,
213800KGF4EFNUQKAT69,CON,2025-12-31,EUROBANK S.A.,Greece,Large highest EEA,0030,Steepener,129770707,,9223637543,0.0141,,nein,,
213800KGF4EFNUQKAT69,CON,2025-12-31,EUROBANK S.A.,Greece,Large highest EEA,0040,Flattener,-348372412,,9223637543,-0.0378,,nein,,
213800KGF4EFNUQKAT69,CON,2025-12-31,EUROBANK S.A.,Greece,Large highest EEA,0050,kurze Zinsen hoch,-439207164,,9223637543,-0.0476,,nein,,
213800KGF4EFNUQKAT69,CON,2025-12-31,EUROBANK S.A.,Greece,Large highest EEA,0060,kurze Zinsen runter,195587543,,9223637543,0.0212,,nein,,
213800M7T3CYVZ3ZRT12,CON,2025-06-30,Sparebanken Norge,Norway,Large highest EEA,0010,Parallelverschiebung hoch,-19472737,57647510,3393640276,-0.0057,0.0170,nein,nein,
213800M7T3CYVZ3ZRT12,CON,2025-06-30,Sparebanken Norge,Norway,Large highest EEA,0020,Parallelverschiebung runter,19472737,-57647510,3393640276,0.0057,-0.0170,nein,nein,
213800M7T3CYVZ3ZRT12,CON,2025-06-30,Sparebanken Norge,Norway,Large highest EEA,0030,Steepener,18057508,,3393640276,0.0053,,nein,,
213800M7T3CYVZ3ZRT12,CON,2025-06-30,Sparebanken Norge,Norway,Large highest EEA,0040,Flattener,-22478624,,3393640276,-0.0066,,nein,,
213800M7T3CYVZ3ZRT12,CON,2025-06-30,Sparebanken Norge,Norway,Large highest EEA,0050,kurze Zinsen hoch,-28482652,,3393640276,-0.0084,,nein,,
213800M7T3CYVZ3ZRT12,CON,2025-06-30,Sparebanken Norge,Norway,Large highest EEA,0060,kurze Zinsen runter,28482652,,3393640276,0.0084,,nein,,
213800M7T3CYVZ3ZRT12,CON,2025-12-31,Sparebanken Norge,Norway,Large highest EEA,0010,Parallelverschiebung hoch,-24637698,54482656,3520221515,-0.0070,0.0155,nein,nein,
213800M7T3CYVZ3ZRT12,CON,2025-12-31,Sparebanken Norge,Norway,Large highest EEA,0020,Parallelverschiebung runter,24637698,-54482656,3520221515,0.0070,-0.0155,nein,nein,
213800M7T3CYVZ3ZRT12,CON,2025-12-31,Sparebanken Norge,Norway,Large highest EEA,0030,Steepener,21528403,,3520221515,0.0061,,nein,,
213800M7T3CYVZ3ZRT12,CON,2025-12-31,Sparebanken Norge,Norway,Large highest EEA,0040,Flattener,-27056550,,3520221515,-0.0077,,nein,,
213800M7T3CYVZ3ZRT12,CON,2025-12-31,Sparebanken Norge,Norway,Large highest EEA,0050,kurze Zinsen hoch,-34668467,,3520221515,-0.0098,,nein,,
213800M7T3CYVZ3ZRT12,CON,2025-12-31,Sparebanken Norge,Norway,Large highest EEA,0060,kurze Zinsen runter,34668467,,3520221515,0.0098,,nein,,
213800RZWHE5EUX9R444,CON,2025-12-31,Luminor Holding AS,Estonia,Large highest EEA,0010,Parallelverschiebung hoch,-10516200,28308300,1662388220,-0.0063,0.0170,nein,nein,
213800RZWHE5EUX9R444,CON,2025-12-31,Luminor Holding AS,Estonia,Large highest EEA,0020,Parallelverschiebung runter,11576900,-28119100,1662388220,0.0070,-0.0169,nein,nein,
213800RZWHE5EUX9R444,CON,2025-12-31,Luminor Holding AS,Estonia,Large highest EEA,0030,Steepener,17584300,,1662388220,0.0106,,nein,,
213800RZWHE5EUX9R444,CON,2025-12-31,Luminor Holding AS,Estonia,Large highest EEA,0040,Flattener,-18750100,,1662388220,-0.0113,,nein,,
213800RZWHE5EUX9R444,CON,2025-12-31,Luminor Holding AS,Estonia,Large highest EEA,0050,kurze Zinsen hoch,-19921900,,1662388220,-0.0120,,nein,,
213800RZWHE5EUX9R444,CON,2025-12-31,Luminor Holding AS,Estonia,Large highest EEA,0060,kurze Zinsen runter,23521200,,1662388220,0.0141,,nein,,
213800TC9PZRBHMJW403,CON,2025-06-30,MDB Group Limited,Malta,Large subsidiaries,0010,Parallelverschiebung hoch,-8,-0,214,-0.0383,-0.0019,,,skala
213800TC9PZRBHMJW403,CON,2025-06-30,MDB Group Limited,Malta,Large subsidiaries,0020,Parallelverschiebung runter,2,-8,214,0.0075,-0.0350,,,skala
213800TC9PZRBHMJW403,CON,2025-06-30,MDB Group Limited,Malta,Large subsidiaries,0030,Steepener,4,,214,0.0177,,,,skala
213800TC9PZRBHMJW403,CON,2025-06-30,MDB Group Limited,Malta,Large subsidiaries,0040,Flattener,-2,,214,-0.0098,,,,skala
213800TC9PZRBHMJW403,CON,2025-06-30,MDB Group Limited,Malta,Large subsidiaries,0050,kurze Zinsen hoch,-6,,214,-0.0266,,,,skala
213800TC9PZRBHMJW403,CON,2025-06-30,MDB Group Limited,Malta,Large subsidiaries,0060,kurze Zinsen runter,3,,214,0.0121,,,,skala
213800TC9PZRBHMJW403,CON,2025-12-31,MDB Group Limited,Malta,Large subsidiaries,0010,Parallelverschiebung hoch,-10,1,248,-0.0419,0.0047,,,skala
213800TC9PZRBHMJW403,CON,2025-12-31,MDB Group Limited,Malta,Large subsidiaries,0020,Parallelverschiebung runter,-11,-11,248,-0.0429,-0.0452,,,skala
213800TC9PZRBHMJW403,CON,2025-12-31,MDB Group Limited,Malta,Large subsidiaries,0030,Steepener,7,,248,0.0295,,,,skala
213800TC9PZRBHMJW403,CON,2025-12-31,MDB Group Limited,Malta,Large subsidiaries,0040,Flattener,-3,,248,-0.0138,,,,skala
213800TC9PZRBHMJW403,CON,2025-12-31,MDB Group Limited,Malta,Large subsidiaries,0050,kurze Zinsen hoch,-7,,248,-0.0278,,,,skala
213800TC9PZRBHMJW403,CON,2025-12-31,MDB Group Limited,Malta,Large subsidiaries,0060,kurze Zinsen runter,3,,248,0.0131,,,,skala
213800UIIZ6YSEQB5S26,CON,2025-12-31,Clearstream Fund Centre Holding S.A.,Luxembourg,Other highest EEA,0010,Parallelverschiebung hoch,244153,3553268,183619786,0.0013,0.0194,nein,nein,
213800UIIZ6YSEQB5S26,CON,2025-12-31,Clearstream Fund Centre Holding S.A.,Luxembourg,Other highest EEA,0020,Parallelverschiebung runter,672085,-8074951,183619786,0.0037,-0.0440,nein,nein,
213800UIIZ6YSEQB5S26,CON,2025-12-31,Clearstream Fund Centre Holding S.A.,Luxembourg,Other highest EEA,0030,Steepener,169617,,183619786,0.0009,,nein,,
213800UIIZ6YSEQB5S26,CON,2025-12-31,Clearstream Fund Centre Holding S.A.,Luxembourg,Other highest EEA,0040,Flattener,-278502,,183619786,-0.0015,,nein,,
213800UIIZ6YSEQB5S26,CON,2025-12-31,Clearstream Fund Centre Holding S.A.,Luxembourg,Other highest EEA,0050,kurze Zinsen hoch,-96389,,183619786,-0.0005,,nein,,
213800UIIZ6YSEQB5S26,CON,2025-12-31,Clearstream Fund Centre Holding S.A.,Luxembourg,Other highest EEA,0060,kurze Zinsen runter,47850,,183619786,0.0003,,nein,,
213800UYAHIRLZ4NSN67,IND,2025-12-31,Lån & Spar Bank A/S,Denmark,Other highest EEA,0010,Parallelverschiebung hoch,-4262013,1942340,449577061,-0.0095,0.0043,nein,nein,
213800UYAHIRLZ4NSN67,IND,2025-12-31,Lån & Spar Bank A/S,Denmark,Other highest EEA,0020,Parallelverschiebung runter,6080055,-844221,449577061,0.0135,-0.0019,nein,nein,
213800UYAHIRLZ4NSN67,IND,2025-12-31,Lån & Spar Bank A/S,Denmark,Other highest EEA,0030,Steepener,-1597239,,449577061,-0.0036,,nein,,
213800UYAHIRLZ4NSN67,IND,2025-12-31,Lån & Spar Bank A/S,Denmark,Other highest EEA,0040,Flattener,877107,,449577061,0.0020,,nein,,
213800UYAHIRLZ4NSN67,IND,2025-12-31,Lån & Spar Bank A/S,Denmark,Other highest EEA,0050,kurze Zinsen hoch,-1488946,,449577061,-0.0033,,nein,,
213800UYAHIRLZ4NSN67,IND,2025-12-31,Lån & Spar Bank A/S,Denmark,Other highest EEA,0060,kurze Zinsen runter,965535,,449577061,0.0021,,nein,,
213800X3Q9LSAKRUWY91,CON,2025-06-30,KBC Groupe,Belgium,Large highest EEA,0010,Parallelverschiebung hoch,-994605279,27257355,,,,,,
213800X3Q9LSAKRUWY91,CON,2025-06-30,KBC Groupe,Belgium,Large highest EEA,0020,Parallelverschiebung runter,183692852,-417018643,,,,,,
213800X3Q9LSAKRUWY91,CON,2025-06-30,KBC Groupe,Belgium,Large highest EEA,0030,Steepener,-10730711,,,,,,,
213800X3Q9LSAKRUWY91,CON,2025-06-30,KBC Groupe,Belgium,Large highest EEA,0040,Flattener,-230636565,,,,,,,
213800X3Q9LSAKRUWY91,CON,2025-06-30,KBC Groupe,Belgium,Large highest EEA,0050,kurze Zinsen hoch,-440974452,,,,,,,
213800X3Q9LSAKRUWY91,CON,2025-06-30,KBC Groupe,Belgium,Large highest EEA,0060,kurze Zinsen runter,219500721,,,,,,,
213800X3Q9LSAKRUWY91,CON,2025-12-31,KBC Groupe,Belgium,Large highest EEA,0010,Parallelverschiebung hoch,-1335657490,-49821303,,,,,,
213800X3Q9LSAKRUWY91,CON,2025-12-31,KBC Groupe,Belgium,Large highest EEA,0020,Parallelverschiebung runter,460740741,-213641022,,,,,,
213800X3Q9LSAKRUWY91,CON,2025-12-31,KBC Groupe,Belgium,Large highest EEA,0030,Steepener,38488580,,,,,,,
213800X3Q9LSAKRUWY91,CON,2025-12-31,KBC Groupe,Belgium,Large highest EEA,0040,Flattener,-345580795,,,,,,,
213800X3Q9LSAKRUWY91,CON,2025-12-31,KBC Groupe,Belgium,Large highest EEA,0050,kurze Zinsen hoch,-684380941,,,,,,,
213800X3Q9LSAKRUWY91,CON,2025-12-31,KBC Groupe,Belgium,Large highest EEA,0060,kurze Zinsen runter,350978233,,,,,,,
22210058UCKT3BJTCN24,CON,2025-12-31,OTP Luxembourg S.à r.l.,Luxembourg,Large subsidiaries,0010,Parallelverschiebung hoch,-111088000,-13677000,1557022000,-0.0713,-0.0088,nein,nein,
22210058UCKT3BJTCN24,CON,2025-12-31,OTP Luxembourg S.à r.l.,Luxembourg,Large subsidiaries,0020,Parallelverschiebung runter,86649000,-70644000,1557022000,0.0557,-0.0454,nein,nein,
22210058UCKT3BJTCN24,CON,2025-12-31,OTP Luxembourg S.à r.l.,Luxembourg,Large subsidiaries,0030,Steepener,31825000,,1557022000,0.0204,,nein,,
22210058UCKT3BJTCN24,CON,2025-12-31,OTP Luxembourg S.à r.l.,Luxembourg,Large subsidiaries,0040,Flattener,-61525000,,1557022000,-0.0395,,nein,,
22210058UCKT3BJTCN24,CON,2025-12-31,OTP Luxembourg S.à r.l.,Luxembourg,Large subsidiaries,0050,kurze Zinsen hoch,-95532000,,1557022000,-0.0614,,nein,,
22210058UCKT3BJTCN24,CON,2025-12-31,OTP Luxembourg S.à r.l.,Luxembourg,Large subsidiaries,0060,kurze Zinsen runter,89499000,,1557022000,0.0575,,nein,,
254900RNFMDM0P11YR84,CON,2025-06-30,Atlantic Lux HoldCo S.à r.l.,Luxembourg,Large highest EEA,0010,Parallelverschiebung hoch,-43902297,30617755,3327509771,-0.0132,0.0092,nein,nein,
254900RNFMDM0P11YR84,CON,2025-06-30,Atlantic Lux HoldCo S.à r.l.,Luxembourg,Large highest EEA,0020,Parallelverschiebung runter,56563237,-72621795,3327509771,0.0170,-0.0218,nein,nein,
254900RNFMDM0P11YR84,CON,2025-06-30,Atlantic Lux HoldCo S.à r.l.,Luxembourg,Large highest EEA,0030,Steepener,-4295719,,3327509771,-0.0013,,nein,,
254900RNFMDM0P11YR84,CON,2025-06-30,Atlantic Lux HoldCo S.à r.l.,Luxembourg,Large highest EEA,0040,Flattener,-5237505,,3327509771,-0.0016,,nein,,
254900RNFMDM0P11YR84,CON,2025-06-30,Atlantic Lux HoldCo S.à r.l.,Luxembourg,Large highest EEA,0050,kurze Zinsen hoch,-27302718,,3327509771,-0.0082,,nein,,
254900RNFMDM0P11YR84,CON,2025-06-30,Atlantic Lux HoldCo S.à r.l.,Luxembourg,Large highest EEA,0060,kurze Zinsen runter,24557209,,3327509771,0.0074,,nein,,
259400LGXW3K0GDAG361,CON,2025-12-31,Santander Bank Polska S.A.,Poland,Large subsidiaries,0010,Parallelverschiebung hoch,-645902420,56632856,6132380462,-0.1053,0.0092,nein,nein,
259400LGXW3K0GDAG361,CON,2025-12-31,Santander Bank Polska S.A.,Poland,Large subsidiaries,0020,Parallelverschiebung runter,109869344,-234173842,6132380462,0.0179,-0.0382,nein,nein,
259400LGXW3K0GDAG361,CON,2025-12-31,Santander Bank Polska S.A.,Poland,Large subsidiaries,0030,Steepener,145939137,,6132380462,0.0238,,nein,,
259400LGXW3K0GDAG361,CON,2025-12-31,Santander Bank Polska S.A.,Poland,Large subsidiaries,0040,Flattener,-486859194,,6132380462,-0.0794,,nein,,
259400LGXW3K0GDAG361,CON,2025-12-31,Santander Bank Polska S.A.,Poland,Large subsidiaries,0050,kurze Zinsen hoch,-647902847,,6132380462,-0.1057,,nein,,
259400LGXW3K0GDAG361,CON,2025-12-31,Santander Bank Polska S.A.,Poland,Large subsidiaries,0060,kurze Zinsen runter,275410469,,6132380462,0.0449,,nein,,
259400QHDOZWMJ103294,CON,2025-12-31,ALIOR BANK S.A.,Poland,Other highest EEA,0010,Parallelverschiebung hoch,-251361510,-32930490,2491108650,-0.1009,-0.0132,nein,nein,
259400QHDOZWMJ103294,CON,2025-12-31,ALIOR BANK S.A.,Poland,Other highest EEA,0020,Parallelverschiebung runter,107320230,-102818940,2491108650,0.0431,-0.0413,nein,nein,
259400QHDOZWMJ103294,CON,2025-12-31,ALIOR BANK S.A.,Poland,Other highest EEA,0030,Steepener,49988010,,2491108650,0.0201,,nein,,
259400QHDOZWMJ103294,CON,2025-12-31,ALIOR BANK S.A.,Poland,Other highest EEA,0040,Flattener,-153280770,,2491108650,-0.0615,,nein,,
259400QHDOZWMJ103294,CON,2025-12-31,ALIOR BANK S.A.,Poland,Other highest EEA,0050,kurze Zinsen hoch,-221984670,,2491108650,-0.0891,,nein,,
259400QHDOZWMJ103294,CON,2025-12-31,ALIOR BANK S.A.,Poland,Other highest EEA,0060,kurze Zinsen runter,108978600,,2491108650,0.0437,,nein,,
2G5BKIC2CB69PRJH1W31,IND,2025-06-30,Barclays Bank Ireland plc,Ireland,Large highest EEA,0010,Parallelverschiebung hoch,-454433905,1470620,7224926174,-0.0629,0.0002,nein,nein,
2G5BKIC2CB69PRJH1W31,IND,2025-06-30,Barclays Bank Ireland plc,Ireland,Large highest EEA,0020,Parallelverschiebung runter,219643991,-34459366,7224926174,0.0304,-0.0048,nein,nein,
2G5BKIC2CB69PRJH1W31,IND,2025-06-30,Barclays Bank Ireland plc,Ireland,Large highest EEA,0030,Steepener,7813720,,7224926174,0.0011,,nein,,
2G5BKIC2CB69PRJH1W31,IND,2025-06-30,Barclays Bank Ireland plc,Ireland,Large highest EEA,0040,Flattener,-91219377,,7224926174,-0.0126,,nein,,
2G5BKIC2CB69PRJH1W31,IND,2025-06-30,Barclays Bank Ireland plc,Ireland,Large highest EEA,0050,kurze Zinsen hoch,-222341133,,7224926174,-0.0308,,nein,,
2G5BKIC2CB69PRJH1W31,IND,2025-06-30,Barclays Bank Ireland plc,Ireland,Large highest EEA,0060,kurze Zinsen runter,93613515,,7224926174,0.0130,,nein,,
2G5BKIC2CB69PRJH1W31,IND,2025-12-31,Barclays Bank Ireland plc,Ireland,Large highest EEA,0010,Parallelverschiebung hoch,-406681692,22989833,7217308990,-0.0563,0.0032,nein,nein,
2G5BKIC2CB69PRJH1W31,IND,2025-12-31,Barclays Bank Ireland plc,Ireland,Large highest EEA,0020,Parallelverschiebung runter,163866413,-91074656,7217308990,0.0227,-0.0126,nein,nein,
2G5BKIC2CB69PRJH1W31,IND,2025-12-31,Barclays Bank Ireland plc,Ireland,Large highest EEA,0030,Steepener,-16513371,,7217308990,-0.0023,,nein,,
2G5BKIC2CB69PRJH1W31,IND,2025-12-31,Barclays Bank Ireland plc,Ireland,Large highest EEA,0040,Flattener,-60488494,,7217308990,-0.0084,,nein,,
2G5BKIC2CB69PRJH1W31,IND,2025-12-31,Barclays Bank Ireland plc,Ireland,Large highest EEA,0050,kurze Zinsen hoch,-177947064,,7217308990,-0.0247,,nein,,
2G5BKIC2CB69PRJH1W31,IND,2025-12-31,Barclays Bank Ireland plc,Ireland,Large highest EEA,0060,kurze Zinsen runter,70594736,,7217308990,0.0098,,nein,,
2W8N8UU78PMDQKZENC08,CON,2025-06-30,Intesa Sanpaolo S.p.A.,Italy,Large highest EEA,0010,Parallelverschiebung hoch,-5207000000,22000000,47686000000,-0.1092,0.0005,nein,nein,
2W8N8UU78PMDQKZENC08,CON,2025-06-30,Intesa Sanpaolo S.p.A.,Italy,Large highest EEA,0020,Parallelverschiebung runter,3001000000,-781000000,47686000000,0.0629,-0.0164,nein,nein,
2W8N8UU78PMDQKZENC08,CON,2025-06-30,Intesa Sanpaolo S.p.A.,Italy,Large highest EEA,0030,Steepener,-488000000,,47686000000,-0.0102,,nein,,
2W8N8UU78PMDQKZENC08,CON,2025-06-30,Intesa Sanpaolo S.p.A.,Italy,Large highest EEA,0040,Flattener,-481000000,,47686000000,-0.0101,,nein,,
2W8N8UU78PMDQKZENC08,CON,2025-06-30,Intesa Sanpaolo S.p.A.,Italy,Large highest EEA,0050,kurze Zinsen hoch,-2108000000,,47686000000,-0.0442,,nein,,
2W8N8UU78PMDQKZENC08,CON,2025-06-30,Intesa Sanpaolo S.p.A.,Italy,Large highest EEA,0060,kurze Zinsen runter,1086000000,,47686000000,0.0228,,nein,,
2W8N8UU78PMDQKZENC08,CON,2025-12-31,Intesa Sanpaolo S.p.A.,Italy,Large highest EEA,0010,Parallelverschiebung hoch,-5258000000,164000000,48522000000,-0.1084,0.0034,nein,nein,
2W8N8UU78PMDQKZENC08,CON,2025-12-31,Intesa Sanpaolo S.p.A.,Italy,Large highest EEA,0020,Parallelverschiebung runter,3085000000,-966000000,48522000000,0.0636,-0.0199,nein,nein,
2W8N8UU78PMDQKZENC08,CON,2025-12-31,Intesa Sanpaolo S.p.A.,Italy,Large highest EEA,0030,Steepener,-703000000,,48522000000,-0.0145,,nein,,
2W8N8UU78PMDQKZENC08,CON,2025-12-31,Intesa Sanpaolo S.p.A.,Italy,Large highest EEA,0040,Flattener,-257000000,,48522000000,-0.0053,,nein,,
2W8N8UU78PMDQKZENC08,CON,2025-12-31,Intesa Sanpaolo S.p.A.,Italy,Large highest EEA,0050,kurze Zinsen hoch,-1934000000,,48522000000,-0.0399,,nein,,
2W8N8UU78PMDQKZENC08,CON,2025-12-31,Intesa Sanpaolo S.p.A.,Italy,Large highest EEA,0060,kurze Zinsen runter,996000000,,48522000000,0.0205,,nein,,
31570010000000004460,CON,2025-12-31,Raiffeisenbank a.s.,Czech,Large subsidiaries,0010,Parallelverschiebung hoch,-230252299,-53021337,,,,,,
31570010000000004460,CON,2025-12-31,Raiffeisenbank a.s.,Czech,Large subsidiaries,0020,Parallelverschiebung runter,106456864,-35183229,,,,,,
31570010000000004460,CON,2025-12-31,Raiffeisenbank a.s.,Czech,Large subsidiaries,0030,Steepener,9833930,,,,,,,
31570010000000004460,CON,2025-12-31,Raiffeisenbank a.s.,Czech,Large subsidiaries,0040,Flattener,-57596399,,,,,,,
31570010000000004460,CON,2025-12-31,Raiffeisenbank a.s.,Czech,Large subsidiaries,0050,kurze Zinsen hoch,-122834072,,,,,,,
31570010000000004460,CON,2025-12-31,Raiffeisenbank a.s.,Czech,Large subsidiaries,0060,kurze Zinsen runter,58787455,,,,,,,
3157002JBFAI478MD587,CON,2025-06-30,"Tatra banka, a.s.",Slovakia,Large subsidiaries,0010,Parallelverschiebung hoch,-141158690,-8943241,1451440466,-0.0973,-0.0062,nein,nein,
3157002JBFAI478MD587,CON,2025-06-30,"Tatra banka, a.s.",Slovakia,Large subsidiaries,0020,Parallelverschiebung runter,178693210,-45979777,1451440466,0.1231,-0.0317,nein,nein,
3157002JBFAI478MD587,CON,2025-06-30,"Tatra banka, a.s.",Slovakia,Large subsidiaries,0030,Steepener,3334728,,1451440466,0.0023,,nein,,
3157002JBFAI478MD587,CON,2025-06-30,"Tatra banka, a.s.",Slovakia,Large subsidiaries,0040,Flattener,-25387945,,1451440466,-0.0175,,nein,,
3157002JBFAI478MD587,CON,2025-06-30,"Tatra banka, a.s.",Slovakia,Large subsidiaries,0050,kurze Zinsen hoch,-66639968,,1451440466,-0.0459,,nein,,
3157002JBFAI478MD587,CON,2025-06-30,"Tatra banka, a.s.",Slovakia,Large subsidiaries,0060,kurze Zinsen runter,82946490,,1451440466,0.0571,,nein,,
3157002JBFAI478MD587,CON,2025-12-31,"Tatra banka, a.s.",Slovakia,Large subsidiaries,0010,Parallelverschiebung hoch,-138003420,-27056832,1499625514,-0.0920,-0.0180,nein,nein,
3157002JBFAI478MD587,CON,2025-12-31,"Tatra banka, a.s.",Slovakia,Large subsidiaries,0020,Parallelverschiebung runter,162119370,-50427733,1499625514,0.1081,-0.0336,nein,nein,
3157002JBFAI478MD587,CON,2025-12-31,"Tatra banka, a.s.",Slovakia,Large subsidiaries,0030,Steepener,-4176535,,1499625514,-0.0028,,nein,,
3157002JBFAI478MD587,CON,2025-12-31,"Tatra banka, a.s.",Slovakia,Large subsidiaries,0040,Flattener,-19032560,,1499625514,-0.0127,,nein,,
3157002JBFAI478MD587,CON,2025-12-31,"Tatra banka, a.s.",Slovakia,Large subsidiaries,0050,kurze Zinsen hoch,-59450047,,1499625514,-0.0396,,nein,,
3157002JBFAI478MD587,CON,2025-12-31,"Tatra banka, a.s.",Slovakia,Large subsidiaries,0060,kurze Zinsen runter,65635724,,1499625514,0.0438,,nein,,
315700E9POA724IWFP59,CON,2025-06-30,J&amp;T FINANCE GROUP SE,Czech,Large highest EEA,0010,Parallelverschiebung hoch,-64336997,14276413,2160781668,-0.0298,0.0066,nein,nein,
315700E9POA724IWFP59,CON,2025-06-30,J&amp;T FINANCE GROUP SE,Czech,Large highest EEA,0020,Parallelverschiebung runter,48359041,-33957461,2160781668,0.0224,-0.0157,nein,nein,
315700E9POA724IWFP59,CON,2025-06-30,J&amp;T FINANCE GROUP SE,Czech,Large highest EEA,0030,Steepener,-46644349,,2160781668,-0.0216,,nein,,
315700E9POA724IWFP59,CON,2025-06-30,J&amp;T FINANCE GROUP SE,Czech,Large highest EEA,0040,Flattener,9694999,,2160781668,0.0045,,nein,,
315700E9POA724IWFP59,CON,2025-06-30,J&amp;T FINANCE GROUP SE,Czech,Large highest EEA,0050,kurze Zinsen hoch,-16469107,,2160781668,-0.0076,,nein,,
315700E9POA724IWFP59,CON,2025-06-30,J&amp;T FINANCE GROUP SE,Czech,Large highest EEA,0060,kurze Zinsen runter,-12607921,,2160781668,-0.0058,,nein,,
315700E9POA724IWFP59,CON,2025-12-31,J&amp;T FINANCE GROUP SE,Czech,Large highest EEA,0010,Parallelverschiebung hoch,-155726931,-10125367,2168771748,-0.0718,-0.0047,nein,nein,
315700E9POA724IWFP59,CON,2025-12-31,J&amp;T FINANCE GROUP SE,Czech,Large highest EEA,0020,Parallelverschiebung runter,86646496,-22471049,2168771748,0.0400,-0.0104,nein,nein,
315700E9POA724IWFP59,CON,2025-12-31,J&amp;T FINANCE GROUP SE,Czech,Large highest EEA,0030,Steepener,11564646,,2168771748,0.0053,,nein,,
315700E9POA724IWFP59,CON,2025-12-31,J&amp;T FINANCE GROUP SE,Czech,Large highest EEA,0040,Flattener,-51458267,,2168771748,-0.0237,,nein,,
315700E9POA724IWFP59,CON,2025-12-31,J&amp;T FINANCE GROUP SE,Czech,Large highest EEA,0050,kurze Zinsen hoch,-58195442,,2168771748,-0.0268,,nein,,
315700E9POA724IWFP59,CON,2025-12-31,J&amp;T FINANCE GROUP SE,Czech,Large highest EEA,0060,kurze Zinsen runter,22070479,,2168771748,0.0102,,nein,,
315700K45LRKNGMUIW27,IND,2025-06-30,"Prima banka Slovensko, a.s.",Slovakia,Large highest EEA,0010,Parallelverschiebung hoch,-58,12,484,-0.1198,0.0248,,,skala
315700K45LRKNGMUIW27,IND,2025-06-30,"Prima banka Slovensko, a.s.",Slovakia,Large highest EEA,0020,Parallelverschiebung runter,60,-12,484,0.1240,-0.0248,,,skala
315700K45LRKNGMUIW27,IND,2025-06-30,"Prima banka Slovensko, a.s.",Slovakia,Large highest EEA,0030,Steepener,33,,484,0.0682,,,,skala
315700K45LRKNGMUIW27,IND,2025-06-30,"Prima banka Slovensko, a.s.",Slovakia,Large highest EEA,0040,Flattener,-42,,484,-0.0868,,,,skala
315700K45LRKNGMUIW27,IND,2025-06-30,"Prima banka Slovensko, a.s.",Slovakia,Large highest EEA,0050,kurze Zinsen hoch,-56,,484,-0.1157,,,,skala
315700K45LRKNGMUIW27,IND,2025-06-30,"Prima banka Slovensko, a.s.",Slovakia,Large highest EEA,0060,kurze Zinsen runter,62,,484,0.1281,,,,skala
315700K45LRKNGMUIW27,IND,2025-12-31,"Prima banka Slovensko, a.s.",Slovakia,Large highest EEA,0010,Parallelverschiebung hoch,6,17,484,0.0124,0.0351,,,skala
315700K45LRKNGMUIW27,IND,2025-12-31,"Prima banka Slovensko, a.s.",Slovakia,Large highest EEA,0020,Parallelverschiebung runter,-15,-16,484,-0.0310,-0.0331,,,skala
315700K45LRKNGMUIW27,IND,2025-12-31,"Prima banka Slovensko, a.s.",Slovakia,Large highest EEA,0030,Steepener,41,,484,0.0847,,,,skala
315700K45LRKNGMUIW27,IND,2025-12-31,"Prima banka Slovensko, a.s.",Slovakia,Large highest EEA,0040,Flattener,-40,,484,-0.0826,,,,skala
315700K45LRKNGMUIW27,IND,2025-12-31,"Prima banka Slovensko, a.s.",Slovakia,Large highest EEA,0050,kurze Zinsen hoch,-35,,484,-0.0723,,,,skala
315700K45LRKNGMUIW27,IND,2025-12-31,"Prima banka Slovensko, a.s.",Slovakia,Large highest EEA,0060,kurze Zinsen runter,37,,484,0.0764,,,,skala
391200EEGLNXBBCVKC73,CON,2025-12-31,Erwerbsgesellschaft der S-Finanzgruppe mbH & Co. KG,Germany,Large highest EEA,0010,Parallelverschiebung hoch,-197093645,14578499,3366205736,-0.0586,0.0043,nein,nein,
391200EEGLNXBBCVKC73,CON,2025-12-31,Erwerbsgesellschaft der S-Finanzgruppe mbH & Co. KG,Germany,Large highest EEA,0020,Parallelverschiebung runter,75232945,-224728012,3366205736,0.0223,-0.0668,nein,ja,
391200EEGLNXBBCVKC73,CON,2025-12-31,Erwerbsgesellschaft der S-Finanzgruppe mbH & Co. KG,Germany,Large highest EEA,0030,Steepener,10347428,,3366205736,0.0031,,nein,,
391200EEGLNXBBCVKC73,CON,2025-12-31,Erwerbsgesellschaft der S-Finanzgruppe mbH & Co. KG,Germany,Large highest EEA,0040,Flattener,-62492403,,3366205736,-0.0186,,nein,,
391200EEGLNXBBCVKC73,CON,2025-12-31,Erwerbsgesellschaft der S-Finanzgruppe mbH & Co. KG,Germany,Large highest EEA,0050,kurze Zinsen hoch,-108341563,,3366205736,-0.0322,,nein,,
391200EEGLNXBBCVKC73,CON,2025-12-31,Erwerbsgesellschaft der S-Finanzgruppe mbH & Co. KG,Germany,Large highest EEA,0060,kurze Zinsen runter,55943252,,3366205736,0.0166,,nein,,
3DM5DPGI3W6OU6GJ4N92,CON,2025-12-31,BANCO BPI S.A.,Portugal,Large subsidiaries,0010,Parallelverschiebung hoch,-163183392,-22522979,3155956192,-0.0517,-0.0071,nein,nein,
3DM5DPGI3W6OU6GJ4N92,CON,2025-12-31,BANCO BPI S.A.,Portugal,Large subsidiaries,0020,Parallelverschiebung runter,91922709,-82949769,3155956192,0.0291,-0.0263,nein,nein,
3DM5DPGI3W6OU6GJ4N92,CON,2025-12-31,BANCO BPI S.A.,Portugal,Large subsidiaries,0030,Steepener,37787166,,3155956192,0.0120,,nein,,
3DM5DPGI3W6OU6GJ4N92,CON,2025-12-31,BANCO BPI S.A.,Portugal,Large subsidiaries,0040,Flattener,-100211842,,3155956192,-0.0318,,nein,,
3DM5DPGI3W6OU6GJ4N92,CON,2025-12-31,BANCO BPI S.A.,Portugal,Large subsidiaries,0050,kurze Zinsen hoch,-147091245,,3155956192,-0.0466,,nein,,
3DM5DPGI3W6OU6GJ4N92,CON,2025-12-31,BANCO BPI S.A.,Portugal,Large subsidiaries,0060,kurze Zinsen runter,76862805,,3155956192,0.0244,,nein,,
3H0Q3U74FVFED2SHZT16,CON,2025-06-30,MBH bankcsoport,Hungary,Large highest EEA,0010,Parallelverschiebung hoch,-117672715,-6173634,2387524446,-0.0493,-0.0026,nein,nein,
3H0Q3U74FVFED2SHZT16,CON,2025-06-30,MBH bankcsoport,Hungary,Large highest EEA,0020,Parallelverschiebung runter,52682307,-69470077,2387524446,0.0221,-0.0291,nein,nein,
3H0Q3U74FVFED2SHZT16,CON,2025-06-30,MBH bankcsoport,Hungary,Large highest EEA,0030,Steepener,933809,,2387524446,0.0004,,nein,,
3H0Q3U74FVFED2SHZT16,CON,2025-06-30,MBH bankcsoport,Hungary,Large highest EEA,0040,Flattener,-38829188,,2387524446,-0.0163,,nein,,
3H0Q3U74FVFED2SHZT16,CON,2025-06-30,MBH bankcsoport,Hungary,Large highest EEA,0050,kurze Zinsen hoch,-90752839,,2387524446,-0.0380,,nein,,
3H0Q3U74FVFED2SHZT16,CON,2025-06-30,MBH bankcsoport,Hungary,Large highest EEA,0060,kurze Zinsen runter,30406286,,2387524446,0.0127,,nein,,
3H0Q3U74FVFED2SHZT16,CON,2025-12-31,MBH bankcsoport,Hungary,Large highest EEA,0010,Parallelverschiebung hoch,-107551398,15345632,2832664487,-0.0380,0.0054,nein,nein,
3H0Q3U74FVFED2SHZT16,CON,2025-12-31,MBH bankcsoport,Hungary,Large highest EEA,0020,Parallelverschiebung runter,18013185,-107419736,2832664487,0.0064,-0.0379,nein,nein,
3H0Q3U74FVFED2SHZT16,CON,2025-12-31,MBH bankcsoport,Hungary,Large highest EEA,0030,Steepener,-10597099,,2832664487,-0.0037,,nein,,
3H0Q3U74FVFED2SHZT16,CON,2025-12-31,MBH bankcsoport,Hungary,Large highest EEA,0040,Flattener,-27393346,,2832664487,-0.0097,,nein,,
3H0Q3U74FVFED2SHZT16,CON,2025-12-31,MBH bankcsoport,Hungary,Large highest EEA,0050,kurze Zinsen hoch,-69492977,,2832664487,-0.0245,,nein,,
3H0Q3U74FVFED2SHZT16,CON,2025-12-31,MBH bankcsoport,Hungary,Large highest EEA,0060,kurze Zinsen runter,5549247,,2832664487,0.0020,,nein,,
3TK20IVIUJ8J3ZU0QE75,CON,2025-12-31,ING Bank N.V.,Netherlands,Large subsidiaries,0010,Parallelverschiebung hoch,-4817000000,408000000,52037000000,-0.0926,0.0078,nein,nein,
3TK20IVIUJ8J3ZU0QE75,CON,2025-12-31,ING Bank N.V.,Netherlands,Large subsidiaries,0020,Parallelverschiebung runter,1003000000,-842000000,52037000000,0.0193,-0.0162,nein,nein,
3TK20IVIUJ8J3ZU0QE75,CON,2025-12-31,ING Bank N.V.,Netherlands,Large subsidiaries,0030,Steepener,163000000,,52037000000,0.0031,,nein,,
3TK20IVIUJ8J3ZU0QE75,CON,2025-12-31,ING Bank N.V.,Netherlands,Large subsidiaries,0040,Flattener,-1417000000,,52037000000,-0.0272,,nein,,
3TK20IVIUJ8J3ZU0QE75,CON,2025-12-31,ING Bank N.V.,Netherlands,Large subsidiaries,0050,kurze Zinsen hoch,-2547000000,,52037000000,-0.0489,,nein,,
3TK20IVIUJ8J3ZU0QE75,CON,2025-12-31,ING Bank N.V.,Netherlands,Large subsidiaries,0060,kurze Zinsen runter,1305000000,,52037000000,0.0251,,nein,,
485100FX5Y9YLAQLNP12,CON,2025-12-31,Revolut Holdings Europe UAB,Lithuania,Large highest EEA,0010,Parallelverschiebung hoch,33110117,138243283,1805631517,0.0183,0.0766,nein,nein,
485100FX5Y9YLAQLNP12,CON,2025-12-31,Revolut Holdings Europe UAB,Lithuania,Large highest EEA,0020,Parallelverschiebung runter,-73000453,-276486566,1805631517,-0.0404,-0.1531,nein,ja,
485100FX5Y9YLAQLNP12,CON,2025-12-31,Revolut Holdings Europe UAB,Lithuania,Large highest EEA,0030,Steepener,-19162774,,1805631517,-0.0106,,nein,,
485100FX5Y9YLAQLNP12,CON,2025-12-31,Revolut Holdings Europe UAB,Lithuania,Large highest EEA,0040,Flattener,15948548,,1805631517,0.0088,,nein,,
485100FX5Y9YLAQLNP12,CON,2025-12-31,Revolut Holdings Europe UAB,Lithuania,Large highest EEA,0050,kurze Zinsen hoch,23699682,,1805631517,0.0131,,nein,,
485100FX5Y9YLAQLNP12,CON,2025-12-31,Revolut Holdings Europe UAB,Lithuania,Large highest EEA,0060,kurze Zinsen runter,-50126328,,1805631517,-0.0278,,nein,,
5299000PCY1EP8QJFV48,CON,2025-12-31,United Bulgarian Bank AD,Bulgaria,Large subsidiaries,0010,Parallelverschiebung hoch,,43165,,,,,,
5299000PCY1EP8QJFV48,CON,2025-12-31,United Bulgarian Bank AD,Bulgaria,Large subsidiaries,0020,Parallelverschiebung runter,-111929,-43645,,,,,,
5299000PCY1EP8QJFV48,CON,2025-12-31,United Bulgarian Bank AD,Bulgaria,Large subsidiaries,0030,Steepener,-32066,,,,,,,
5299000PCY1EP8QJFV48,CON,2025-12-31,United Bulgarian Bank AD,Bulgaria,Large subsidiaries,0040,Flattener,26850,,,,,,,
5299000PCY1EP8QJFV48,CON,2025-12-31,United Bulgarian Bank AD,Bulgaria,Large subsidiaries,0050,kurze Zinsen hoch,28103,,,,,,,
5299000PCY1EP8QJFV48,CON,2025-12-31,United Bulgarian Bank AD,Bulgaria,Large subsidiaries,0060,kurze Zinsen runter,-95084,,,,,,,
52990033C5FUEN4LMC06,IND,2025-12-31,BANCA POPOLARE DELL'ALTO ADIGE SOCIETA' PER AZIONI (IN TEDESCO SUDTIROLER VOLKSBANK A.G.),Italy,Other highest EEA,0010,Parallelverschiebung hoch,-71758855,520608,986588581,-0.0727,0.0005,nein,nein,
52990033C5FUEN4LMC06,IND,2025-12-31,BANCA POPOLARE DELL'ALTO ADIGE SOCIETA' PER AZIONI (IN TEDESCO SUDTIROLER VOLKSBANK A.G.),Italy,Other highest EEA,0020,Parallelverschiebung runter,35359565,-10512360,986588581,0.0358,-0.0107,nein,nein,
52990033C5FUEN4LMC06,IND,2025-12-31,BANCA POPOLARE DELL'ALTO ADIGE SOCIETA' PER AZIONI (IN TEDESCO SUDTIROLER VOLKSBANK A.G.),Italy,Other highest EEA,0030,Steepener,-3985952,,986588581,-0.0040,,nein,,
52990033C5FUEN4LMC06,IND,2025-12-31,BANCA POPOLARE DELL'ALTO ADIGE SOCIETA' PER AZIONI (IN TEDESCO SUDTIROLER VOLKSBANK A.G.),Italy,Other highest EEA,0040,Flattener,-12476062,,986588581,-0.0126,,nein,,
52990033C5FUEN4LMC06,IND,2025-12-31,BANCA POPOLARE DELL'ALTO ADIGE SOCIETA' PER AZIONI (IN TEDESCO SUDTIROLER VOLKSBANK A.G.),Italy,Other highest EEA,0050,kurze Zinsen hoch,-41690202,,986588581,-0.0423,,nein,,
52990033C5FUEN4LMC06,IND,2025-12-31,BANCA POPOLARE DELL'ALTO ADIGE SOCIETA' PER AZIONI (IN TEDESCO SUDTIROLER VOLKSBANK A.G.),Italy,Other highest EEA,0060,kurze Zinsen runter,20521395,,986588581,0.0208,,nein,,
5299005OACOC1C1OFJ11,IND,2025-12-31,Raiffeisen-Landesbank Tirol AG,Austria,Other highest EEA,0010,Parallelverschiebung hoch,-30615711,-3802212,570099959,-0.0537,-0.0067,nein,nein,
5299005OACOC1C1OFJ11,IND,2025-12-31,Raiffeisen-Landesbank Tirol AG,Austria,Other highest EEA,0020,Parallelverschiebung runter,14600898,-5329938,570099959,0.0256,-0.0093,nein,nein,
5299005OACOC1C1OFJ11,IND,2025-12-31,Raiffeisen-Landesbank Tirol AG,Austria,Other highest EEA,0030,Steepener,1396806,,570099959,0.0025,,nein,,
5299005OACOC1C1OFJ11,IND,2025-12-31,Raiffeisen-Landesbank Tirol AG,Austria,Other highest EEA,0040,Flattener,-8671132,,570099959,-0.0152,,nein,,
5299005OACOC1C1OFJ11,IND,2025-12-31,Raiffeisen-Landesbank Tirol AG,Austria,Other highest EEA,0050,kurze Zinsen hoch,-16453824,,570099959,-0.0289,,nein,,
5299005OACOC1C1OFJ11,IND,2025-12-31,Raiffeisen-Landesbank Tirol AG,Austria,Other highest EEA,0060,kurze Zinsen runter,6570937,,570099959,0.0115,,nein,,
5299005UJX6K7BQKV086,CON,2025-12-31,OTP banka d.d.,Croatia,Large subsidiaries,0010,Parallelverschiebung hoch,-52515574,-20980080,1088725167,-0.0482,-0.0193,nein,nein,
5299005UJX6K7BQKV086,CON,2025-12-31,OTP banka d.d.,Croatia,Large subsidiaries,0020,Parallelverschiebung runter,11500337,-36914107,1088725167,0.0106,-0.0339,nein,nein,
5299005UJX6K7BQKV086,CON,2025-12-31,OTP banka d.d.,Croatia,Large subsidiaries,0030,Steepener,4660926,,1088725167,0.0043,,nein,,
5299005UJX6K7BQKV086,CON,2025-12-31,OTP banka d.d.,Croatia,Large subsidiaries,0040,Flattener,-33798756,,1088725167,-0.0310,,nein,,
5299005UJX6K7BQKV086,CON,2025-12-31,OTP banka d.d.,Croatia,Large subsidiaries,0050,kurze Zinsen hoch,-41894013,,1088725167,-0.0385,,nein,,
5299005UJX6K7BQKV086,CON,2025-12-31,OTP banka d.d.,Croatia,Large subsidiaries,0060,kurze Zinsen runter,16595417,,1088725167,0.0152,,nein,,
5299007S3UH5RKUYDA52,IND,2025-06-30,DEUTSCHE APOTHEKER- UND ÄRZTEBANK EG,Germany,Large highest EEA,0010,Parallelverschiebung hoch,-348016241,31673607,2997794133,-0.1161,0.0106,nein,nein,
5299007S3UH5RKUYDA52,IND,2025-06-30,DEUTSCHE APOTHEKER- UND ÄRZTEBANK EG,Germany,Large highest EEA,0020,Parallelverschiebung runter,399447649,-84427574,2997794133,0.1332,-0.0282,nein,nein,
5299007S3UH5RKUYDA52,IND,2025-06-30,DEUTSCHE APOTHEKER- UND ÄRZTEBANK EG,Germany,Large highest EEA,0030,Steepener,-55137516,,2997794133,-0.0184,,nein,,
5299007S3UH5RKUYDA52,IND,2025-06-30,DEUTSCHE APOTHEKER- UND ÄRZTEBANK EG,Germany,Large highest EEA,0040,Flattener,-2707746,,2997794133,-0.0009,,nein,,
5299007S3UH5RKUYDA52,IND,2025-06-30,DEUTSCHE APOTHEKER- UND ÄRZTEBANK EG,Germany,Large highest EEA,0050,kurze Zinsen hoch,-107221807,,2997794133,-0.0358,,nein,,
5299007S3UH5RKUYDA52,IND,2025-06-30,DEUTSCHE APOTHEKER- UND ÄRZTEBANK EG,Germany,Large highest EEA,0060,kurze Zinsen runter,113863782,,2997794133,0.0380,,nein,,
5299007S3UH5RKUYDA52,IND,2025-12-31,DEUTSCHE APOTHEKER- UND ÄRZTEBANK EG,Germany,Large highest EEA,0010,Parallelverschiebung hoch,-330353785,26799248,3058142532,-0.1080,0.0088,nein,nein,
5299007S3UH5RKUYDA52,IND,2025-12-31,DEUTSCHE APOTHEKER- UND ÄRZTEBANK EG,Germany,Large highest EEA,0020,Parallelverschiebung runter,352366621,-81981819,3058142532,0.1152,-0.0268,nein,nein,
5299007S3UH5RKUYDA52,IND,2025-12-31,DEUTSCHE APOTHEKER- UND ÄRZTEBANK EG,Germany,Large highest EEA,0030,Steepener,-45578036,,3058142532,-0.0149,,nein,,
5299007S3UH5RKUYDA52,IND,2025-12-31,DEUTSCHE APOTHEKER- UND ÄRZTEBANK EG,Germany,Large highest EEA,0040,Flattener,-4890429,,3058142532,-0.0016,,nein,,
5299007S3UH5RKUYDA52,IND,2025-12-31,DEUTSCHE APOTHEKER- UND ÄRZTEBANK EG,Germany,Large highest EEA,0050,kurze Zinsen hoch,-95939987,,3058142532,-0.0314,,nein,,
5299007S3UH5RKUYDA52,IND,2025-12-31,DEUTSCHE APOTHEKER- UND ÄRZTEBANK EG,Germany,Large highest EEA,0060,kurze Zinsen runter,101710723,,3058142532,0.0333,,nein,,
5299008I0TO44SUINZ71,IND,2025-12-31,Oldenburgische Landesbank Aktiengesellschaft,Germany,Large highest EEA,0010,Parallelverschiebung hoch,-201683547,121563722,1938000000,-0.1041,0.0627,nein,nein,
5299008I0TO44SUINZ71,IND,2025-12-31,Oldenburgische Landesbank Aktiengesellschaft,Germany,Large highest EEA,0020,Parallelverschiebung runter,242302173,-123394198,1938000000,0.1250,-0.0637,nein,ja,
5299008I0TO44SUINZ71,IND,2025-12-31,Oldenburgische Landesbank Aktiengesellschaft,Germany,Large highest EEA,0030,Steepener,-41079344,,1938000000,-0.0212,,nein,,
5299008I0TO44SUINZ71,IND,2025-12-31,Oldenburgische Landesbank Aktiengesellschaft,Germany,Large highest EEA,0040,Flattener,10355091,,1938000000,0.0053,,nein,,
5299008I0TO44SUINZ71,IND,2025-12-31,Oldenburgische Landesbank Aktiengesellschaft,Germany,Large highest EEA,0050,kurze Zinsen hoch,-54221294,,1938000000,-0.0280,,nein,,
5299008I0TO44SUINZ71,IND,2025-12-31,Oldenburgische Landesbank Aktiengesellschaft,Germany,Large highest EEA,0060,kurze Zinsen runter,56133893,,1938000000,0.0290,,nein,,
52990096Q5LMCH1WU462,CON,2025-12-31,"Československá obchodná banka, a.s.",Slovakia,Large subsidiaries,0010,Parallelverschiebung hoch,-62,17,1399,-0.0442,0.0123,,,skala
52990096Q5LMCH1WU462,CON,2025-12-31,"Československá obchodná banka, a.s.",Slovakia,Large subsidiaries,0020,Parallelverschiebung runter,24,-37,1399,0.0174,-0.0267,,,skala
52990096Q5LMCH1WU462,CON,2025-12-31,"Československá obchodná banka, a.s.",Slovakia,Large subsidiaries,0030,Steepener,-2,,1399,-0.0015,,,,skala
52990096Q5LMCH1WU462,CON,2025-12-31,"Československá obchodná banka, a.s.",Slovakia,Large subsidiaries,0040,Flattener,-9,,1399,-0.0062,,,,skala
52990096Q5LMCH1WU462,CON,2025-12-31,"Československá obchodná banka, a.s.",Slovakia,Large subsidiaries,0050,kurze Zinsen hoch,-27,,1399,-0.0191,,,,skala
52990096Q5LMCH1WU462,CON,2025-12-31,"Československá obchodná banka, a.s.",Slovakia,Large subsidiaries,0060,kurze Zinsen runter,13,,1399,0.0095,,,,skala
5299009EHB4RBGMI5828,IND,2025-12-31,Raiffeisen Landesbank Kärnten und Revisionsverband eGen,Austria,Other highest EEA,0010,Parallelverschiebung hoch,-18,2,392,-0.0464,0.0055,,,skala
5299009EHB4RBGMI5828,IND,2025-12-31,Raiffeisen Landesbank Kärnten und Revisionsverband eGen,Austria,Other highest EEA,0020,Parallelverschiebung runter,13,-7,392,0.0341,-0.0184,,,skala
5299009EHB4RBGMI5828,IND,2025-12-31,Raiffeisen Landesbank Kärnten und Revisionsverband eGen,Austria,Other highest EEA,0030,Steepener,-10,,392,-0.0254,,,,skala
5299009EHB4RBGMI5828,IND,2025-12-31,Raiffeisen Landesbank Kärnten und Revisionsverband eGen,Austria,Other highest EEA,0040,Flattener,4,,392,0.0098,,,,skala
5299009EHB4RBGMI5828,IND,2025-12-31,Raiffeisen Landesbank Kärnten und Revisionsverband eGen,Austria,Other highest EEA,0050,kurze Zinsen hoch,1,,392,0.0014,,,,skala
5299009EHB4RBGMI5828,IND,2025-12-31,Raiffeisen Landesbank Kärnten und Revisionsverband eGen,Austria,Other highest EEA,0060,kurze Zinsen runter,-0,,392,-0.0013,,,,skala
529900BHRYZ464GFD289,CON,2025-12-31,GRENKE AG,Germany,Other highest EEA,0010,Parallelverschiebung hoch,-35344303,12098600,1090282737,-0.0324,0.0111,nein,nein,
529900BHRYZ464GFD289,CON,2025-12-31,GRENKE AG,Germany,Other highest EEA,0020,Parallelverschiebung runter,29042163,-16349863,1090282737,0.0266,-0.0150,nein,nein,
529900BHRYZ464GFD289,CON,2025-12-31,GRENKE AG,Germany,Other highest EEA,0030,Steepener,20597773,,1090282737,0.0189,,nein,,
529900BHRYZ464GFD289,CON,2025-12-31,GRENKE AG,Germany,Other highest EEA,0040,Flattener,-27976052,,1090282737,-0.0257,,nein,,
529900BHRYZ464GFD289,CON,2025-12-31,GRENKE AG,Germany,Other highest EEA,0050,kurze Zinsen hoch,-37227319,,1090282737,-0.0341,,nein,,
529900BHRYZ464GFD289,CON,2025-12-31,GRENKE AG,Germany,Other highest EEA,0060,kurze Zinsen runter,33952840,,1090282737,0.0311,,nein,,
529900D5G4V6THXC5P79,IND,2025-06-30,Hrvatska poštanska banka d.d.,Croatia,Large highest EEA,0010,Parallelverschiebung hoch,-77079332,-3075872,533343403,-0.1445,-0.0058,nein,nein,
529900D5G4V6THXC5P79,IND,2025-06-30,Hrvatska poštanska banka d.d.,Croatia,Large highest EEA,0020,Parallelverschiebung runter,34468055,-3180356,533343403,0.0646,-0.0060,nein,nein,
529900D5G4V6THXC5P79,IND,2025-06-30,Hrvatska poštanska banka d.d.,Croatia,Large highest EEA,0030,Steepener,-10447809,,533343403,-0.0196,,nein,,
529900D5G4V6THXC5P79,IND,2025-06-30,Hrvatska poštanska banka d.d.,Croatia,Large highest EEA,0040,Flattener,-23339936,,533343403,-0.0438,,nein,,
529900D5G4V6THXC5P79,IND,2025-06-30,Hrvatska poštanska banka d.d.,Croatia,Large highest EEA,0050,kurze Zinsen hoch,-35210999,,533343403,-0.0660,,nein,,
529900D5G4V6THXC5P79,IND,2025-06-30,Hrvatska poštanska banka d.d.,Croatia,Large highest EEA,0060,kurze Zinsen runter,1725155,,533343403,0.0032,,nein,,
529900D5G4V6THXC5P79,IND,2025-12-31,Hrvatska poštanska banka d.d.,Croatia,Large highest EEA,0010,Parallelverschiebung hoch,-54026751,2071206,547316403,-0.0987,0.0038,nein,nein,
529900D5G4V6THXC5P79,IND,2025-12-31,Hrvatska poštanska banka d.d.,Croatia,Large highest EEA,0020,Parallelverschiebung runter,27362885,-7942959,547316403,0.0500,-0.0145,nein,nein,
529900D5G4V6THXC5P79,IND,2025-12-31,Hrvatska poštanska banka d.d.,Croatia,Large highest EEA,0030,Steepener,-5115119,,547316403,-0.0093,,nein,,
529900D5G4V6THXC5P79,IND,2025-12-31,Hrvatska poštanska banka d.d.,Croatia,Large highest EEA,0040,Flattener,-23053838,,547316403,-0.0421,,nein,,
529900D5G4V6THXC5P79,IND,2025-12-31,Hrvatska poštanska banka d.d.,Croatia,Large highest EEA,0050,kurze Zinsen hoch,-26395169,,547316403,-0.0482,,nein,,
529900D5G4V6THXC5P79,IND,2025-12-31,Hrvatska poštanska banka d.d.,Croatia,Large highest EEA,0060,kurze Zinsen runter,-5244204,,547316403,-0.0096,,nein,,
529900EKPN8EYA3AX590,IND,2025-12-31,Texim Bank AD,Bulgaria,Other highest EEA,0010,Parallelverschiebung hoch,636057,-1781369,45504677,0.0140,-0.0391,nein,nein,
529900EKPN8EYA3AX590,IND,2025-12-31,Texim Bank AD,Bulgaria,Other highest EEA,0020,Parallelverschiebung runter,-910114,14316,45504677,-0.0200,0.0003,nein,nein,
529900EKPN8EYA3AX590,IND,2025-12-31,Texim Bank AD,Bulgaria,Other highest EEA,0030,Steepener,-861540,,45504677,-0.0189,,nein,,
529900EKPN8EYA3AX590,IND,2025-12-31,Texim Bank AD,Bulgaria,Other highest EEA,0040,Flattener,833419,,45504677,0.0183,,nein,,
529900EKPN8EYA3AX590,IND,2025-12-31,Texim Bank AD,Bulgaria,Other highest EEA,0050,kurze Zinsen hoch,1029247,,45504677,0.0226,,nein,,
529900EKPN8EYA3AX590,IND,2025-12-31,Texim Bank AD,Bulgaria,Other highest EEA,0060,kurze Zinsen runter,-1335004,,45504677,-0.0293,,nein,,
529900GGYMNGRQTDOO93,CON,2025-12-31,BNG Bank N.V.,Netherlands,Large highest EEA,0010,Parallelverschiebung hoch,-322506890,-45387125,4628953212,-0.0697,-0.0098,nein,nein,
529900GGYMNGRQTDOO93,CON,2025-12-31,BNG Bank N.V.,Netherlands,Large highest EEA,0020,Parallelverschiebung runter,199068324,22784203,4628953212,0.0430,0.0049,nein,nein,
529900GGYMNGRQTDOO93,CON,2025-12-31,BNG Bank N.V.,Netherlands,Large highest EEA,0030,Steepener,-134861699,,4628953212,-0.0291,,nein,,
529900GGYMNGRQTDOO93,CON,2025-12-31,BNG Bank N.V.,Netherlands,Large highest EEA,0040,Flattener,41912164,,4628953212,0.0091,,nein,,
529900GGYMNGRQTDOO93,CON,2025-12-31,BNG Bank N.V.,Netherlands,Large highest EEA,0050,kurze Zinsen hoch,-21653616,,4628953212,-0.0047,,nein,,
529900GGYMNGRQTDOO93,CON,2025-12-31,BNG Bank N.V.,Netherlands,Large highest EEA,0060,kurze Zinsen runter,11919916,,4628953212,0.0026,,nein,,
529900GM944JT8YIRL63,IND,2025-12-31,Münchener Hypothekenbank eG,Germany,Large highest EEA,0010,Parallelverschiebung hoch,-131036612,28,2113190585,-0.0620,0.0000,nein,nein,
529900GM944JT8YIRL63,IND,2025-12-31,Münchener Hypothekenbank eG,Germany,Large highest EEA,0020,Parallelverschiebung runter,82809732,-19,2113190585,0.0392,-0.0000,nein,nein,
529900GM944JT8YIRL63,IND,2025-12-31,Münchener Hypothekenbank eG,Germany,Large highest EEA,0030,Steepener,-15835906,,2113190585,-0.0075,,nein,,
529900GM944JT8YIRL63,IND,2025-12-31,Münchener Hypothekenbank eG,Germany,Large highest EEA,0040,Flattener,-7144010,,2113190585,-0.0034,,nein,,
529900GM944JT8YIRL63,IND,2025-12-31,Münchener Hypothekenbank eG,Germany,Large highest EEA,0050,kurze Zinsen hoch,-49666101,,2113190585,-0.0235,,nein,,
529900GM944JT8YIRL63,IND,2025-12-31,Münchener Hypothekenbank eG,Germany,Large highest EEA,0060,kurze Zinsen runter,26043382,,2113190585,0.0123,,nein,,
529900HEKOENJHPNN480,CON,2025-06-30,Kuntarahoitus Oyj,Finland,Large highest EEA,0010,Parallelverschiebung hoch,-117886,-31430,1653973000,-0.0001,-0.0000,nein,nein,
529900HEKOENJHPNN480,CON,2025-06-30,Kuntarahoitus Oyj,Finland,Large highest EEA,0020,Parallelverschiebung runter,70210,16047,1653973000,0.0000,0.0000,nein,nein,
529900HEKOENJHPNN480,CON,2025-06-30,Kuntarahoitus Oyj,Finland,Large highest EEA,0030,Steepener,24045,,1653973000,0.0000,,nein,,
529900HEKOENJHPNN480,CON,2025-06-30,Kuntarahoitus Oyj,Finland,Large highest EEA,0040,Flattener,-65256,,1653973000,-0.0000,,nein,,
529900HEKOENJHPNN480,CON,2025-06-30,Kuntarahoitus Oyj,Finland,Large highest EEA,0050,kurze Zinsen hoch,-98972,,1653973000,-0.0001,,nein,,
529900HEKOENJHPNN480,CON,2025-06-30,Kuntarahoitus Oyj,Finland,Large highest EEA,0060,kurze Zinsen runter,52820,,1653973000,0.0000,,nein,,
529900HEKOENJHPNN480,CON,2025-12-31,Kuntarahoitus Oyj,Finland,Large highest EEA,0010,Parallelverschiebung hoch,-133600000,-33194000,1705929000,-0.0783,-0.0195,nein,nein,
529900HEKOENJHPNN480,CON,2025-12-31,Kuntarahoitus Oyj,Finland,Large highest EEA,0020,Parallelverschiebung runter,78332000,15720000,1705929000,0.0459,0.0092,nein,nein,
529900HEKOENJHPNN480,CON,2025-12-31,Kuntarahoitus Oyj,Finland,Large highest EEA,0030,Steepener,20234000,,1705929000,0.0119,,nein,,
529900HEKOENJHPNN480,CON,2025-12-31,Kuntarahoitus Oyj,Finland,Large highest EEA,0040,Flattener,-59959000,,1705929000,-0.0351,,nein,,
529900HEKOENJHPNN480,CON,2025-12-31,Kuntarahoitus Oyj,Finland,Large highest EEA,0050,kurze Zinsen hoch,-99548000,,1705929000,-0.0584,,nein,,
529900HEKOENJHPNN480,CON,2025-12-31,Kuntarahoitus Oyj,Finland,Large highest EEA,0060,kurze Zinsen runter,52302000,,1705929000,0.0307,,nein,,
529900HNOAA1KXQJUQ27,CON,2025-06-30,"DZ BANK AG Deutsche Zentral-Genossenschaftsbank, Frankfurt am Main",Germany,Large highest EEA,0010,Parallelverschiebung hoch,-329403423,219079228,30382124839,-0.0108,0.0072,nein,nein,
529900HNOAA1KXQJUQ27,CON,2025-06-30,"DZ BANK AG Deutsche Zentral-Genossenschaftsbank, Frankfurt am Main",Germany,Large highest EEA,0020,Parallelverschiebung runter,179316223,-452006638,30382124839,0.0059,-0.0149,nein,nein,
529900HNOAA1KXQJUQ27,CON,2025-06-30,"DZ BANK AG Deutsche Zentral-Genossenschaftsbank, Frankfurt am Main",Germany,Large highest EEA,0030,Steepener,-564577677,,30382124839,-0.0186,,nein,,
529900HNOAA1KXQJUQ27,CON,2025-06-30,"DZ BANK AG Deutsche Zentral-Genossenschaftsbank, Frankfurt am Main",Germany,Large highest EEA,0040,Flattener,663220370,,30382124839,0.0218,,nein,,
529900HNOAA1KXQJUQ27,CON,2025-06-30,"DZ BANK AG Deutsche Zentral-Genossenschaftsbank, Frankfurt am Main",Germany,Large highest EEA,0050,kurze Zinsen hoch,-332868878,,30382124839,-0.0110,,nein,,
529900HNOAA1KXQJUQ27,CON,2025-06-30,"DZ BANK AG Deutsche Zentral-Genossenschaftsbank, Frankfurt am Main",Germany,Large highest EEA,0060,kurze Zinsen runter,518758424,,30382124839,0.0171,,nein,,
529900HNOAA1KXQJUQ27,CON,2025-12-31,"DZ BANK AG Deutsche Zentral-Genossenschaftsbank, Frankfurt am Main",Germany,Large highest EEA,0010,Parallelverschiebung hoch,-297224797,180277730,31250830469,-0.0095,0.0058,nein,nein,
529900HNOAA1KXQJUQ27,CON,2025-12-31,"DZ BANK AG Deutsche Zentral-Genossenschaftsbank, Frankfurt am Main",Germany,Large highest EEA,0020,Parallelverschiebung runter,671208278,-436326780,31250830469,0.0215,-0.0140,nein,nein,
529900HNOAA1KXQJUQ27,CON,2025-12-31,"DZ BANK AG Deutsche Zentral-Genossenschaftsbank, Frankfurt am Main",Germany,Large highest EEA,0030,Steepener,-360128481,,31250830469,-0.0115,,nein,,
529900HNOAA1KXQJUQ27,CON,2025-12-31,"DZ BANK AG Deutsche Zentral-Genossenschaftsbank, Frankfurt am Main",Germany,Large highest EEA,0040,Flattener,893546466,,31250830469,0.0286,,nein,,
529900HNOAA1KXQJUQ27,CON,2025-12-31,"DZ BANK AG Deutsche Zentral-Genossenschaftsbank, Frankfurt am Main",Germany,Large highest EEA,0050,kurze Zinsen hoch,-396522292,,31250830469,-0.0127,,nein,,
529900HNOAA1KXQJUQ27,CON,2025-12-31,"DZ BANK AG Deutsche Zentral-Genossenschaftsbank, Frankfurt am Main",Germany,Large highest EEA,0060,kurze Zinsen runter,582882232,,31250830469,0.0187,,nein,,
529900IRBZTADXJB6757,CON,2025-12-31,flatexDEGIRO AG,Germany,Other highest EEA,0010,Parallelverschiebung hoch,-36132028,48272476,377961366,-0.0956,0.1277,nein,nein,
529900IRBZTADXJB6757,CON,2025-12-31,flatexDEGIRO AG,Germany,Other highest EEA,0020,Parallelverschiebung runter,17840688,-96544864,377961366,0.0472,-0.2554,nein,ja,
529900IRBZTADXJB6757,CON,2025-12-31,flatexDEGIRO AG,Germany,Other highest EEA,0030,Steepener,8684121,,377961366,0.0230,,nein,,
529900IRBZTADXJB6757,CON,2025-12-31,flatexDEGIRO AG,Germany,Other highest EEA,0040,Flattener,-23761996,,377961366,-0.0629,,nein,,
529900IRBZTADXJB6757,CON,2025-12-31,flatexDEGIRO AG,Germany,Other highest EEA,0050,kurze Zinsen hoch,-32957789,,377961366,-0.0872,,nein,,
529900IRBZTADXJB6757,CON,2025-12-31,flatexDEGIRO AG,Germany,Other highest EEA,0060,kurze Zinsen runter,16864674,,377961366,0.0446,,nein,,
529900JG015JC10LED24,CON,2025-12-31,AS LHV Group,Estonia,Large highest EEA,0010,Parallelverschiebung hoch,-14812014,17503334,728148525,-0.0203,0.0240,nein,nein,
529900JG015JC10LED24,CON,2025-12-31,AS LHV Group,Estonia,Large highest EEA,0020,Parallelverschiebung runter,-24807926,-62379951,728148525,-0.0341,-0.0857,nein,ja,
529900JG015JC10LED24,CON,2025-12-31,AS LHV Group,Estonia,Large highest EEA,0030,Steepener,-4429634,,728148525,-0.0061,,nein,,
529900JG015JC10LED24,CON,2025-12-31,AS LHV Group,Estonia,Large highest EEA,0040,Flattener,-2468067,,728148525,-0.0034,,nein,,
529900JG015JC10LED24,CON,2025-12-31,AS LHV Group,Estonia,Large highest EEA,0050,kurze Zinsen hoch,-3516080,,728148525,-0.0048,,nein,,
529900JG015JC10LED24,CON,2025-12-31,AS LHV Group,Estonia,Large highest EEA,0060,kurze Zinsen runter,-12843347,,728148525,-0.0176,,nein,,
529900JZTYE3W7WQH904,CON,2025-06-30,HASPA Finanzholding,Germany,Large highest EEA,0010,Parallelverschiebung hoch,-507193758,-21155557,5131743812,-0.0988,-0.0041,nein,nein,
529900JZTYE3W7WQH904,CON,2025-06-30,HASPA Finanzholding,Germany,Large highest EEA,0020,Parallelverschiebung runter,340726223,-54251568,5131743812,0.0664,-0.0106,nein,nein,
529900JZTYE3W7WQH904,CON,2025-06-30,HASPA Finanzholding,Germany,Large highest EEA,0030,Steepener,4366270,,5131743812,0.0009,,nein,,
529900JZTYE3W7WQH904,CON,2025-06-30,HASPA Finanzholding,Germany,Large highest EEA,0040,Flattener,-118090055,,5131743812,-0.0230,,nein,,
529900JZTYE3W7WQH904,CON,2025-06-30,HASPA Finanzholding,Germany,Large highest EEA,0050,kurze Zinsen hoch,-224032064,,5131743812,-0.0437,,nein,,
529900JZTYE3W7WQH904,CON,2025-06-30,HASPA Finanzholding,Germany,Large highest EEA,0060,kurze Zinsen runter,242670105,,5131743812,0.0473,,nein,,
529900JZTYE3W7WQH904,CON,2025-12-31,HASPA Finanzholding,Germany,Large highest EEA,0010,Parallelverschiebung hoch,-505182941,-60088544,5130408427,-0.0985,-0.0117,nein,nein,
529900JZTYE3W7WQH904,CON,2025-12-31,HASPA Finanzholding,Germany,Large highest EEA,0020,Parallelverschiebung runter,240992158,1183903,5130408427,0.0470,0.0002,nein,nein,
529900JZTYE3W7WQH904,CON,2025-12-31,HASPA Finanzholding,Germany,Large highest EEA,0030,Steepener,263524,,5130408427,0.0001,,nein,,
529900JZTYE3W7WQH904,CON,2025-12-31,HASPA Finanzholding,Germany,Large highest EEA,0040,Flattener,-98491145,,5130408427,-0.0192,,nein,,
529900JZTYE3W7WQH904,CON,2025-12-31,HASPA Finanzholding,Germany,Large highest EEA,0050,kurze Zinsen hoch,-229346284,,5130408427,-0.0447,,nein,,
529900JZTYE3W7WQH904,CON,2025-12-31,HASPA Finanzholding,Germany,Large highest EEA,0060,kurze Zinsen runter,123462113,,5130408427,0.0241,,nein,,
529900LKIMB57HKF3545,CON,2025-12-31,Bank of China (Europe) S.A,Luxembourg,Other highest EEA,0010,Parallelverschiebung hoch,13697508,-14680173,996653614,0.0137,-0.0147,nein,nein,
529900LKIMB57HKF3545,CON,2025-12-31,Bank of China (Europe) S.A,Luxembourg,Other highest EEA,0020,Parallelverschiebung runter,-13495923,20967030,996653614,-0.0135,0.0210,nein,nein,
529900LKIMB57HKF3545,CON,2025-12-31,Bank of China (Europe) S.A,Luxembourg,Other highest EEA,0030,Steepener,-19099032,,996653614,-0.0192,,nein,,
529900LKIMB57HKF3545,CON,2025-12-31,Bank of China (Europe) S.A,Luxembourg,Other highest EEA,0040,Flattener,17965395,,996653614,0.0180,,nein,,
529900LKIMB57HKF3545,CON,2025-12-31,Bank of China (Europe) S.A,Luxembourg,Other highest EEA,0050,kurze Zinsen hoch,20876296,,996653614,0.0209,,nein,,
529900LKIMB57HKF3545,CON,2025-12-31,Bank of China (Europe) S.A,Luxembourg,Other highest EEA,0060,kurze Zinsen runter,-24936758,,996653614,-0.0250,,nein,,
529900ODI3047E2LIV03,CON,2025-06-30,Nordea Bank Abp,Finland,Large highest EEA,0010,Parallelverschiebung hoch,309,531,26933687965,0.0000,0.0000,nein,nein,
529900ODI3047E2LIV03,CON,2025-06-30,Nordea Bank Abp,Finland,Large highest EEA,0020,Parallelverschiebung runter,-2122,-1463,26933687965,-0.0000,-0.0000,nein,nein,
529900ODI3047E2LIV03,CON,2025-06-30,Nordea Bank Abp,Finland,Large highest EEA,0030,Steepener,285,,26933687965,0.0000,,nein,,
529900ODI3047E2LIV03,CON,2025-06-30,Nordea Bank Abp,Finland,Large highest EEA,0040,Flattener,-1219,,26933687965,-0.0000,,nein,,
529900ODI3047E2LIV03,CON,2025-06-30,Nordea Bank Abp,Finland,Large highest EEA,0050,kurze Zinsen hoch,-484,,26933687965,-0.0000,,nein,,
529900ODI3047E2LIV03,CON,2025-06-30,Nordea Bank Abp,Finland,Large highest EEA,0060,kurze Zinsen runter,-209,,26933687965,-0.0000,,nein,,
529900ODI3047E2LIV03,CON,2025-12-31,Nordea Bank Abp,Finland,Large highest EEA,0010,Parallelverschiebung hoch,118,406,29378938989,0.0000,0.0000,nein,nein,
529900ODI3047E2LIV03,CON,2025-12-31,Nordea Bank Abp,Finland,Large highest EEA,0020,Parallelverschiebung runter,-1631,-1218,29378938989,-0.0000,-0.0000,nein,nein,
529900ODI3047E2LIV03,CON,2025-12-31,Nordea Bank Abp,Finland,Large highest EEA,0030,Steepener,362,,29378938989,0.0000,,nein,,
529900ODI3047E2LIV03,CON,2025-12-31,Nordea Bank Abp,Finland,Large highest EEA,0040,Flattener,-1350,,29378938989,-0.0000,,nein,,
529900ODI3047E2LIV03,CON,2025-12-31,Nordea Bank Abp,Finland,Large highest EEA,0050,kurze Zinsen hoch,-775,,29378938989,-0.0000,,nein,,
529900ODI3047E2LIV03,CON,2025-12-31,Nordea Bank Abp,Finland,Large highest EEA,0060,kurze Zinsen runter,10,,29378938989,0.0000,,nein,,
529900OKPZTTS50FXP26,IND,2025-12-31,Advanzia Bank S.A.,Luxembourg,Other highest EEA,0010,Parallelverschiebung hoch,-69274573,13207747,477416800,-0.1451,0.0277,nein,nein,
529900OKPZTTS50FXP26,IND,2025-12-31,Advanzia Bank S.A.,Luxembourg,Other highest EEA,0020,Parallelverschiebung runter,64525430,-17573381,477416800,0.1352,-0.0368,nein,nein,
529900OKPZTTS50FXP26,IND,2025-12-31,Advanzia Bank S.A.,Luxembourg,Other highest EEA,0030,Steepener,6029701,,477416800,0.0126,,nein,,
529900OKPZTTS50FXP26,IND,2025-12-31,Advanzia Bank S.A.,Luxembourg,Other highest EEA,0040,Flattener,-23085805,,477416800,-0.0484,,nein,,
529900OKPZTTS50FXP26,IND,2025-12-31,Advanzia Bank S.A.,Luxembourg,Other highest EEA,0050,kurze Zinsen hoch,-39778890,,477416800,-0.0833,,nein,,
529900OKPZTTS50FXP26,IND,2025-12-31,Advanzia Bank S.A.,Luxembourg,Other highest EEA,0060,kurze Zinsen runter,36448477,,477416800,0.0763,,nein,,
529900PR2ELW8QI1B775,IND,2025-12-31,DLR Kredit A/S,Denmark,Large highest EEA,0010,Parallelverschiebung hoch,3,-7,,,,,,skala
529900PR2ELW8QI1B775,IND,2025-12-31,DLR Kredit A/S,Denmark,Large highest EEA,0020,Parallelverschiebung runter,-4,5,,,,,,skala
529900PR2ELW8QI1B775,IND,2025-12-31,DLR Kredit A/S,Denmark,Large highest EEA,0030,Steepener,-3,,,,,,,skala
529900PR2ELW8QI1B775,IND,2025-12-31,DLR Kredit A/S,Denmark,Large highest EEA,0040,Flattener,3,,,,,,,skala
529900PR2ELW8QI1B775,IND,2025-12-31,DLR Kredit A/S,Denmark,Large highest EEA,0050,kurze Zinsen hoch,4,,,,,,,skala
529900PR2ELW8QI1B775,IND,2025-12-31,DLR Kredit A/S,Denmark,Large highest EEA,0060,kurze Zinsen runter,-5,,,,,,,skala
529900Q2C3I7VCILLG45,CON,2025-12-31,FIMBank plc,Malta,Other highest EEA,0010,Parallelverschiebung hoch,-6452528,-6294589,189605890,-0.0340,-0.0332,nein,nein,
529900Q2C3I7VCILLG45,CON,2025-12-31,FIMBank plc,Malta,Other highest EEA,0020,Parallelverschiebung runter,1277621,1929018,189605890,0.0067,0.0102,nein,nein,
529900Q2C3I7VCILLG45,CON,2025-12-31,FIMBank plc,Malta,Other highest EEA,0030,Steepener,-1413957,,189605890,-0.0075,,nein,,
529900Q2C3I7VCILLG45,CON,2025-12-31,FIMBank plc,Malta,Other highest EEA,0040,Flattener,-683218,,189605890,-0.0036,,nein,,
529900Q2C3I7VCILLG45,CON,2025-12-31,FIMBank plc,Malta,Other highest EEA,0050,kurze Zinsen hoch,-1675664,,189605890,-0.0088,,nein,,
529900Q2C3I7VCILLG45,CON,2025-12-31,FIMBank plc,Malta,Other highest EEA,0060,kurze Zinsen runter,170516,,189605890,0.0009,,nein,,
529900QYEJ2GYSWK1F08,CON,2025-12-31,RLB-Stmk Verbund eGen,Austria,Other highest EEA,0010,Parallelverschiebung hoch,-58381127,4700402,2195546091,-0.0266,0.0021,nein,nein,
529900QYEJ2GYSWK1F08,CON,2025-12-31,RLB-Stmk Verbund eGen,Austria,Other highest EEA,0020,Parallelverschiebung runter,57001267,-22273145,2195546091,0.0260,-0.0101,nein,nein,
529900QYEJ2GYSWK1F08,CON,2025-12-31,RLB-Stmk Verbund eGen,Austria,Other highest EEA,0030,Steepener,-17997066,,2195546091,-0.0082,,nein,,
529900QYEJ2GYSWK1F08,CON,2025-12-31,RLB-Stmk Verbund eGen,Austria,Other highest EEA,0040,Flattener,7041731,,2195546091,0.0032,,nein,,
529900QYEJ2GYSWK1F08,CON,2025-12-31,RLB-Stmk Verbund eGen,Austria,Other highest EEA,0050,kurze Zinsen hoch,-12207061,,2195546091,-0.0056,,nein,,
529900QYEJ2GYSWK1F08,CON,2025-12-31,RLB-Stmk Verbund eGen,Austria,Other highest EEA,0060,kurze Zinsen runter,7352332,,2195546091,0.0033,,nein,,
529900RPGHC6DQEQL615,IND,2025-12-31,International Asset Bank AD,Bulgaria,Other highest EEA,0010,Parallelverschiebung hoch,-5452,-1994,143988,-0.0379,-0.0138,,,skala
529900RPGHC6DQEQL615,IND,2025-12-31,International Asset Bank AD,Bulgaria,Other highest EEA,0020,Parallelverschiebung runter,-161,1536,143988,-0.0011,0.0107,,,skala
529900RPGHC6DQEQL615,IND,2025-12-31,International Asset Bank AD,Bulgaria,Other highest EEA,0030,Steepener,3379,,143988,0.0235,,,,skala
529900RPGHC6DQEQL615,IND,2025-12-31,International Asset Bank AD,Bulgaria,Other highest EEA,0040,Flattener,-3316,,143988,-0.0230,,,,skala
529900RPGHC6DQEQL615,IND,2025-12-31,International Asset Bank AD,Bulgaria,Other highest EEA,0050,kurze Zinsen hoch,-2516,,143988,-0.0175,,,,skala
529900RPGHC6DQEQL615,IND,2025-12-31,International Asset Bank AD,Bulgaria,Other highest EEA,0060,kurze Zinsen runter,3203,,143988,0.0222,,,,skala
529900RWC8ZYB066JF16,CON,2025-06-30,Bank of Valletta Plc,Malta,Large highest EEA,0010,Parallelverschiebung hoch,-1,30,1275,-0.0010,0.0233,,,skala
529900RWC8ZYB066JF16,CON,2025-06-30,Bank of Valletta Plc,Malta,Large highest EEA,0020,Parallelverschiebung runter,19,-32,1275,0.0149,-0.0252,,,skala
529900RWC8ZYB066JF16,CON,2025-06-30,Bank of Valletta Plc,Malta,Large highest EEA,0030,Steepener,-40,,1275,-0.0313,,,,skala
529900RWC8ZYB066JF16,CON,2025-06-30,Bank of Valletta Plc,Malta,Large highest EEA,0040,Flattener,43,,1275,0.0335,,,,skala
529900RWC8ZYB066JF16,CON,2025-06-30,Bank of Valletta Plc,Malta,Large highest EEA,0050,kurze Zinsen hoch,37,,1275,0.0290,,,,skala
529900RWC8ZYB066JF16,CON,2025-06-30,Bank of Valletta Plc,Malta,Large highest EEA,0060,kurze Zinsen runter,-39,,1275,-0.0310,,,,skala
529900RWC8ZYB066JF16,CON,2025-12-31,Bank of Valletta Plc,Malta,Large highest EEA,0010,Parallelverschiebung hoch,34,17,1310,0.0260,0.0130,,,skala
529900RWC8ZYB066JF16,CON,2025-12-31,Bank of Valletta Plc,Malta,Large highest EEA,0020,Parallelverschiebung runter,-62,-36,1310,-0.0474,-0.0277,,,skala
529900RWC8ZYB066JF16,CON,2025-12-31,Bank of Valletta Plc,Malta,Large highest EEA,0030,Steepener,-26,,1310,-0.0199,,,,skala
529900RWC8ZYB066JF16,CON,2025-12-31,Bank of Valletta Plc,Malta,Large highest EEA,0040,Flattener,20,,1310,0.0152,,,,skala
529900RWC8ZYB066JF16,CON,2025-12-31,Bank of Valletta Plc,Malta,Large highest EEA,0050,kurze Zinsen hoch,28,,1310,0.0211,,,,skala
529900RWC8ZYB066JF16,CON,2025-12-31,Bank of Valletta Plc,Malta,Large highest EEA,0060,kurze Zinsen runter,-58,,1310,-0.0446,,,,skala
529900S1KHKOEQL5CK20,IND,2025-12-31,Wüstenrot Bausparkasse Aktiengesellschaft,Germany,Large highest EEA,0010,Parallelverschiebung hoch,-9000000,25000000,1311446344,-0.0069,0.0191,nein,nein,
529900S1KHKOEQL5CK20,IND,2025-12-31,Wüstenrot Bausparkasse Aktiengesellschaft,Germany,Large highest EEA,0020,Parallelverschiebung runter,939000000,-16000000,1311446344,0.7160,-0.0122,nein,nein,
529900S1KHKOEQL5CK20,IND,2025-12-31,Wüstenrot Bausparkasse Aktiengesellschaft,Germany,Large highest EEA,0030,Steepener,1382000000,,1311446344,1.0538,,,,unplausibel
529900S1KHKOEQL5CK20,IND,2025-12-31,Wüstenrot Bausparkasse Aktiengesellschaft,Germany,Large highest EEA,0040,Flattener,509000000,,1311446344,0.3881,,nein,,
529900S1KHKOEQL5CK20,IND,2025-12-31,Wüstenrot Bausparkasse Aktiengesellschaft,Germany,Large highest EEA,0050,kurze Zinsen hoch,361000000,,1311446344,0.2753,,nein,,
529900S1KHKOEQL5CK20,IND,2025-12-31,Wüstenrot Bausparkasse Aktiengesellschaft,Germany,Large highest EEA,0060,kurze Zinsen runter,992000000,,1311446344,0.7564,,nein,,
529900SEFOTJH1MLGZ92,IND,2025-12-31,Lægernes Bank A/S,Denmark,Other highest EEA,0010,Parallelverschiebung hoch,-118,-4699,154024512,-0.0000,-0.0000,nein,nein,
529900SEFOTJH1MLGZ92,IND,2025-12-31,Lægernes Bank A/S,Denmark,Other highest EEA,0020,Parallelverschiebung runter,-858,-7037,154024512,-0.0000,-0.0000,nein,nein,
529900SEFOTJH1MLGZ92,IND,2025-12-31,Lægernes Bank A/S,Denmark,Other highest EEA,0030,Steepener,1942,,154024512,0.0000,,nein,,
529900SEFOTJH1MLGZ92,IND,2025-12-31,Lægernes Bank A/S,Denmark,Other highest EEA,0040,Flattener,-2308,,154024512,-0.0000,,nein,,
529900SEFOTJH1MLGZ92,IND,2025-12-31,Lægernes Bank A/S,Denmark,Other highest EEA,0050,kurze Zinsen hoch,-2048,,154024512,-0.0000,,nein,,
529900SEFOTJH1MLGZ92,IND,2025-12-31,Lægernes Bank A/S,Denmark,Other highest EEA,0060,kurze Zinsen runter,860,,154024512,0.0000,,nein,,
529900SSGT49ZZSWYE62,CON,2025-12-31,Volkswagen Financial Services AG,Germany,Large highest EEA,0010,Parallelverschiebung hoch,-667,-144,30239646360,-0.0000,-0.0000,nein,nein,
529900SSGT49ZZSWYE62,CON,2025-12-31,Volkswagen Financial Services AG,Germany,Large highest EEA,0020,Parallelverschiebung runter,446,57,30239646360,0.0000,0.0000,nein,nein,
529900SSGT49ZZSWYE62,CON,2025-12-31,Volkswagen Financial Services AG,Germany,Large highest EEA,0030,Steepener,930,,30239646360,0.0000,,nein,,
529900SSGT49ZZSWYE62,CON,2025-12-31,Volkswagen Financial Services AG,Germany,Large highest EEA,0040,Flattener,-1058,,30239646360,-0.0000,,nein,,
529900SSGT49ZZSWYE62,CON,2025-12-31,Volkswagen Financial Services AG,Germany,Large highest EEA,0050,kurze Zinsen hoch,-1178,,30239646360,-0.0000,,nein,,
529900SSGT49ZZSWYE62,CON,2025-12-31,Volkswagen Financial Services AG,Germany,Large highest EEA,0060,kurze Zinsen runter,1231,,30239646360,0.0000,,nein,,
529900SXEWPJ1MRRX537,CON,2025-12-31,Raiffeisen-Holding Niederösterreich-Wien registrierte Genossenschaft mit beschränkter Haftung,Austria,Large highest EEA,0010,Parallelverschiebung hoch,-94,-54,4277,-0.0219,-0.0127,,,skala
529900SXEWPJ1MRRX537,CON,2025-12-31,Raiffeisen-Holding Niederösterreich-Wien registrierte Genossenschaft mit beschränkter Haftung,Austria,Large highest EEA,0020,Parallelverschiebung runter,80,-55,4277,0.0188,-0.0129,,,skala
529900SXEWPJ1MRRX537,CON,2025-12-31,Raiffeisen-Holding Niederösterreich-Wien registrierte Genossenschaft mit beschränkter Haftung,Austria,Large highest EEA,0030,Steepener,-72,,4277,-0.0168,,,,skala
529900SXEWPJ1MRRX537,CON,2025-12-31,Raiffeisen-Holding Niederösterreich-Wien registrierte Genossenschaft mit beschränkter Haftung,Austria,Large highest EEA,0040,Flattener,31,,4277,0.0074,,,,skala
529900SXEWPJ1MRRX537,CON,2025-12-31,Raiffeisen-Holding Niederösterreich-Wien registrierte Genossenschaft mit beschränkter Haftung,Austria,Large highest EEA,0050,kurze Zinsen hoch,11,,4277,0.0027,,,,skala
529900SXEWPJ1MRRX537,CON,2025-12-31,Raiffeisen-Holding Niederösterreich-Wien registrierte Genossenschaft mit beschränkter Haftung,Austria,Large highest EEA,0060,kurze Zinsen runter,-23,,4277,-0.0055,,,,skala
529900UIRB65OY6U4B21,IND,2025-12-31,Lombard Bank Malta plc,Malta,Other highest EEA,0010,Parallelverschiebung hoch,10418905,5896419,204335042,0.0510,0.0289,nein,nein,
529900UIRB65OY6U4B21,IND,2025-12-31,Lombard Bank Malta plc,Malta,Other highest EEA,0020,Parallelverschiebung runter,-6519087,-6056127,204335042,-0.0319,-0.0296,nein,nein,
529900UIRB65OY6U4B21,IND,2025-12-31,Lombard Bank Malta plc,Malta,Other highest EEA,0030,Steepener,262906,,204335042,0.0013,,nein,,
529900UIRB65OY6U4B21,IND,2025-12-31,Lombard Bank Malta plc,Malta,Other highest EEA,0040,Flattener,2181374,,204335042,0.0107,,nein,,
529900UIRB65OY6U4B21,IND,2025-12-31,Lombard Bank Malta plc,Malta,Other highest EEA,0050,kurze Zinsen hoch,4379665,,204335042,0.0214,,nein,,
529900UIRB65OY6U4B21,IND,2025-12-31,Lombard Bank Malta plc,Malta,Other highest EEA,0060,kurze Zinsen runter,-4646482,,204335042,-0.0227,,nein,,
529900UKZBMDBDZIXD62,CON,2025-12-31,Addiko Bank AG,Austria,Other highest EEA,0010,Parallelverschiebung hoch,-32,-3,871,-0.0371,-0.0033,,,skala
529900UKZBMDBDZIXD62,CON,2025-12-31,Addiko Bank AG,Austria,Other highest EEA,0020,Parallelverschiebung runter,13,1,871,0.0150,0.0012,,,skala
529900UKZBMDBDZIXD62,CON,2025-12-31,Addiko Bank AG,Austria,Other highest EEA,0030,Steepener,9,,871,0.0107,,,,skala
529900UKZBMDBDZIXD62,CON,2025-12-31,Addiko Bank AG,Austria,Other highest EEA,0040,Flattener,-25,,871,-0.0286,,,,skala
529900UKZBMDBDZIXD62,CON,2025-12-31,Addiko Bank AG,Austria,Other highest EEA,0050,kurze Zinsen hoch,-33,,871,-0.0383,,,,skala
529900UKZBMDBDZIXD62,CON,2025-12-31,Addiko Bank AG,Austria,Other highest EEA,0060,kurze Zinsen runter,17,,871,0.0198,,,,skala
529900VS0F7BA91P4I60,IND,2025-12-31,Alpha Bank Cyprus Limited,Cyprus,Large subsidiaries,0010,Parallelverschiebung hoch,-23988000000,12590000000,,,,,,
529900VS0F7BA91P4I60,IND,2025-12-31,Alpha Bank Cyprus Limited,Cyprus,Large subsidiaries,0020,Parallelverschiebung runter,34275000000,-18974000000,,,,,,
529900VS0F7BA91P4I60,IND,2025-12-31,Alpha Bank Cyprus Limited,Cyprus,Large subsidiaries,0030,Steepener,-4358000000,,,,,,,
529900VS0F7BA91P4I60,IND,2025-12-31,Alpha Bank Cyprus Limited,Cyprus,Large subsidiaries,0040,Flattener,-2852000000,,,,,,,
529900VS0F7BA91P4I60,IND,2025-12-31,Alpha Bank Cyprus Limited,Cyprus,Large subsidiaries,0050,kurze Zinsen hoch,-18676000000,,,,,,,
529900VS0F7BA91P4I60,IND,2025-12-31,Alpha Bank Cyprus Limited,Cyprus,Large subsidiaries,0060,kurze Zinsen runter,11228000000,,,,,,,
529900VVDOKMRRAHZ894,IND,2025-12-31,Bank GPB International S.A.,Luxembourg,Other highest EEA,0010,Parallelverschiebung hoch,-3437176,1179321,134620190,-0.0255,0.0088,nein,nein,
529900VVDOKMRRAHZ894,IND,2025-12-31,Bank GPB International S.A.,Luxembourg,Other highest EEA,0020,Parallelverschiebung runter,4173394,-5749953,134620190,0.0310,-0.0427,nein,nein,
529900VVDOKMRRAHZ894,IND,2025-12-31,Bank GPB International S.A.,Luxembourg,Other highest EEA,0030,Steepener,-64277,,134620190,-0.0005,,nein,,
529900VVDOKMRRAHZ894,IND,2025-12-31,Bank GPB International S.A.,Luxembourg,Other highest EEA,0040,Flattener,-548778,,134620190,-0.0041,,nein,,
529900VVDOKMRRAHZ894,IND,2025-12-31,Bank GPB International S.A.,Luxembourg,Other highest EEA,0050,kurze Zinsen hoch,-1836462,,134620190,-0.0136,,nein,,
529900VVDOKMRRAHZ894,IND,2025-12-31,Bank GPB International S.A.,Luxembourg,Other highest EEA,0060,kurze Zinsen runter,2052644,,134620190,0.0152,,nein,,
529900W3MOO00A18X956,CON,2025-12-31,OTP-csoport,Hungary,Large highest EEA,0010,Parallelverschiebung hoch,-639368259,-77972671,13658559187,-0.0468,-0.0057,nein,nein,
529900W3MOO00A18X956,CON,2025-12-31,OTP-csoport,Hungary,Large highest EEA,0020,Parallelverschiebung runter,266611973,-298177496,13658559187,0.0195,-0.0218,nein,nein,
529900W3MOO00A18X956,CON,2025-12-31,OTP-csoport,Hungary,Large highest EEA,0030,Steepener,43650531,,13658559187,0.0032,,nein,,
529900W3MOO00A18X956,CON,2025-12-31,OTP-csoport,Hungary,Large highest EEA,0040,Flattener,-235933708,,13658559187,-0.0173,,nein,,
529900W3MOO00A18X956,CON,2025-12-31,OTP-csoport,Hungary,Large highest EEA,0050,kurze Zinsen hoch,-415274605,,13658559187,-0.0304,,nein,,
529900W3MOO00A18X956,CON,2025-12-31,OTP-csoport,Hungary,Large highest EEA,0060,kurze Zinsen runter,212337098,,13658559187,0.0155,,nein,,
529900XSTAE561178282,CON,2025-06-30,Raiffeisenbankengruppe OÖ Verbund eGen,Austria,Large highest EEA,0010,Parallelverschiebung hoch,-286053271,3571337,5617539449,-0.0509,0.0006,nein,nein,
529900XSTAE561178282,CON,2025-06-30,Raiffeisenbankengruppe OÖ Verbund eGen,Austria,Large highest EEA,0020,Parallelverschiebung runter,174019294,-42980119,5617539449,0.0310,-0.0077,nein,nein,
529900XSTAE561178282,CON,2025-06-30,Raiffeisenbankengruppe OÖ Verbund eGen,Austria,Large highest EEA,0030,Steepener,-104750845,,5617539449,-0.0186,,nein,,
529900XSTAE561178282,CON,2025-06-30,Raiffeisenbankengruppe OÖ Verbund eGen,Austria,Large highest EEA,0040,Flattener,30710188,,5617539449,0.0055,,nein,,
529900XSTAE561178282,CON,2025-06-30,Raiffeisenbankengruppe OÖ Verbund eGen,Austria,Large highest EEA,0050,kurze Zinsen hoch,-39567141,,5617539449,-0.0070,,nein,,
529900XSTAE561178282,CON,2025-06-30,Raiffeisenbankengruppe OÖ Verbund eGen,Austria,Large highest EEA,0060,kurze Zinsen runter,19850277,,5617539449,0.0035,,nein,,
529900XSTAE561178282,CON,2025-12-31,Raiffeisenbankengruppe OÖ Verbund eGen,Austria,Large highest EEA,0010,Parallelverschiebung hoch,-214819657,-11171936,6069147124,-0.0354,-0.0018,nein,nein,
529900XSTAE561178282,CON,2025-12-31,Raiffeisenbankengruppe OÖ Verbund eGen,Austria,Large highest EEA,0020,Parallelverschiebung runter,158204136,-16447146,6069147124,0.0261,-0.0027,nein,nein,
529900XSTAE561178282,CON,2025-12-31,Raiffeisenbankengruppe OÖ Verbund eGen,Austria,Large highest EEA,0030,Steepener,-87220929,,6069147124,-0.0144,,nein,,
529900XSTAE561178282,CON,2025-12-31,Raiffeisenbankengruppe OÖ Verbund eGen,Austria,Large highest EEA,0040,Flattener,26430562,,6069147124,0.0044,,nein,,
529900XSTAE561178282,CON,2025-12-31,Raiffeisenbankengruppe OÖ Verbund eGen,Austria,Large highest EEA,0050,kurze Zinsen hoch,-30893046,,6069147124,-0.0051,,nein,,
529900XSTAE561178282,CON,2025-12-31,Raiffeisenbankengruppe OÖ Verbund eGen,Austria,Large highest EEA,0060,kurze Zinsen runter,18401862,,6069147124,0.0030,,nein,,
5493000LKS7B3UTF7H35,CON,2025-06-30,Bank Polska Kasa Opieki S.A.,Poland,Large highest EEA,0010,Parallelverschiebung hoch,-589632987,230681324,6080796247,-0.0970,0.0379,nein,nein,
5493000LKS7B3UTF7H35,CON,2025-06-30,Bank Polska Kasa Opieki S.A.,Poland,Large highest EEA,0020,Parallelverschiebung runter,192464527,-224309231,6080796247,0.0317,-0.0369,nein,nein,
5493000LKS7B3UTF7H35,CON,2025-06-30,Bank Polska Kasa Opieki S.A.,Poland,Large highest EEA,0030,Steepener,94088499,,6080796247,0.0155,,nein,,
5493000LKS7B3UTF7H35,CON,2025-06-30,Bank Polska Kasa Opieki S.A.,Poland,Large highest EEA,0040,Flattener,-288749029,,6080796247,-0.0475,,nein,,
5493000LKS7B3UTF7H35,CON,2025-06-30,Bank Polska Kasa Opieki S.A.,Poland,Large highest EEA,0050,kurze Zinsen hoch,-468741484,,6080796247,-0.0771,,nein,,
5493000LKS7B3UTF7H35,CON,2025-06-30,Bank Polska Kasa Opieki S.A.,Poland,Large highest EEA,0060,kurze Zinsen runter,200690263,,6080796247,0.0330,,nein,,
5493000LKS7B3UTF7H35,CON,2025-12-31,Bank Polska Kasa Opieki S.A.,Poland,Large highest EEA,0010,Parallelverschiebung hoch,-655789180,224810939,6311809696,-0.1039,0.0356,nein,nein,
5493000LKS7B3UTF7H35,CON,2025-12-31,Bank Polska Kasa Opieki S.A.,Poland,Large highest EEA,0020,Parallelverschiebung runter,240504110,-205149725,6311809696,0.0381,-0.0325,nein,nein,
5493000LKS7B3UTF7H35,CON,2025-12-31,Bank Polska Kasa Opieki S.A.,Poland,Large highest EEA,0030,Steepener,104492200,,6311809696,0.0166,,nein,,
5493000LKS7B3UTF7H35,CON,2025-12-31,Bank Polska Kasa Opieki S.A.,Poland,Large highest EEA,0040,Flattener,-319797160,,6311809696,-0.0507,,nein,,
5493000LKS7B3UTF7H35,CON,2025-12-31,Bank Polska Kasa Opieki S.A.,Poland,Large highest EEA,0050,kurze Zinsen hoch,-525232446,,6311809696,-0.0832,,nein,,
5493000LKS7B3UTF7H35,CON,2025-12-31,Bank Polska Kasa Opieki S.A.,Poland,Large highest EEA,0060,kurze Zinsen runter,224538751,,6311809696,0.0356,,nein,,
5493000YPN33HF74SN02,IND,2025-10-31,Bank of Montreal Europe plc,Ireland,Other highest EEA,0010,Parallelverschiebung hoch,571230,4816508,,,,,,
5493000YPN33HF74SN02,IND,2025-10-31,Bank of Montreal Europe plc,Ireland,Other highest EEA,0020,Parallelverschiebung runter,-1279209,-11969865,,,,,,
5493000YPN33HF74SN02,IND,2025-10-31,Bank of Montreal Europe plc,Ireland,Other highest EEA,0030,Steepener,2099703,,,,,,,
5493000YPN33HF74SN02,IND,2025-10-31,Bank of Montreal Europe plc,Ireland,Other highest EEA,0040,Flattener,-4755057,,,,,,,
5493000YPN33HF74SN02,IND,2025-10-31,Bank of Montreal Europe plc,Ireland,Other highest EEA,0050,kurze Zinsen hoch,-3938025,,,,,,,
5493000YPN33HF74SN02,IND,2025-10-31,Bank of Montreal Europe plc,Ireland,Other highest EEA,0060,kurze Zinsen runter,1364894,,,,,,,
5493001U1K6M7JOL5W45,CON,2025-12-31,Raiffeisen Bank csoport,Hungary,Large subsidiaries,0010,Parallelverschiebung hoch,-76071172,20270352,919868788,-0.0827,0.0220,nein,nein,
5493001U1K6M7JOL5W45,CON,2025-12-31,Raiffeisen Bank csoport,Hungary,Large subsidiaries,0020,Parallelverschiebung runter,85280102,-35022453,919868788,0.0927,-0.0381,nein,nein,
5493001U1K6M7JOL5W45,CON,2025-12-31,Raiffeisen Bank csoport,Hungary,Large subsidiaries,0030,Steepener,15787764,,919868788,0.0172,,nein,,
5493001U1K6M7JOL5W45,CON,2025-12-31,Raiffeisen Bank csoport,Hungary,Large subsidiaries,0040,Flattener,-31506194,,919868788,-0.0343,,nein,,
5493001U1K6M7JOL5W45,CON,2025-12-31,Raiffeisen Bank csoport,Hungary,Large subsidiaries,0050,kurze Zinsen hoch,-59243529,,919868788,-0.0644,,nein,,
5493001U1K6M7JOL5W45,CON,2025-12-31,Raiffeisen Bank csoport,Hungary,Large subsidiaries,0060,kurze Zinsen runter,61975003,,919868788,0.0674,,nein,,
5493002DPKDEC2JN1Y86,CON,2025-12-31,Sparekassen Sjælland-Fyn A/S,Denmark,Other highest EEA,0010,Parallelverschiebung hoch,23026268,-17044197,587808287,0.0392,-0.0290,nein,nein,
5493002DPKDEC2JN1Y86,CON,2025-12-31,Sparekassen Sjælland-Fyn A/S,Denmark,Other highest EEA,0020,Parallelverschiebung runter,-23026268,-15314338,587808287,-0.0392,-0.0261,nein,nein,
5493002DPKDEC2JN1Y86,CON,2025-12-31,Sparekassen Sjælland-Fyn A/S,Denmark,Other highest EEA,0030,Steepener,902954,,587808287,0.0015,,nein,,
5493002DPKDEC2JN1Y86,CON,2025-12-31,Sparekassen Sjælland-Fyn A/S,Denmark,Other highest EEA,0040,Flattener,3943730,,587808287,0.0067,,nein,,
5493002DPKDEC2JN1Y86,CON,2025-12-31,Sparekassen Sjælland-Fyn A/S,Denmark,Other highest EEA,0050,kurze Zinsen hoch,12409461,,587808287,0.0211,,nein,,
5493002DPKDEC2JN1Y86,CON,2025-12-31,Sparekassen Sjælland-Fyn A/S,Denmark,Other highest EEA,0060,kurze Zinsen runter,-12409461,,587808287,-0.0211,,nein,,
5493003BDYD5VPGUQS04,CON,2025-12-31,UniCredit Bank S.A.,Romania,Large subsidiaries,0010,Parallelverschiebung hoch,-175505598,41808916,2237779033,-0.0784,0.0187,nein,nein,
5493003BDYD5VPGUQS04,CON,2025-12-31,UniCredit Bank S.A.,Romania,Large subsidiaries,0020,Parallelverschiebung runter,59351136,-44148835,2237779033,0.0265,-0.0197,nein,nein,
5493003BDYD5VPGUQS04,CON,2025-12-31,UniCredit Bank S.A.,Romania,Large subsidiaries,0030,Steepener,43634248,,2237779033,0.0195,,nein,,
5493003BDYD5VPGUQS04,CON,2025-12-31,UniCredit Bank S.A.,Romania,Large subsidiaries,0040,Flattener,-113922365,,2237779033,-0.0509,,nein,,
5493003BDYD5VPGUQS04,CON,2025-12-31,UniCredit Bank S.A.,Romania,Large subsidiaries,0050,kurze Zinsen hoch,-158930926,,2237779033,-0.0710,,nein,,
5493003BDYD5VPGUQS04,CON,2025-12-31,UniCredit Bank S.A.,Romania,Large subsidiaries,0060,kurze Zinsen runter,55674889,,2237779033,0.0249,,nein,,
5493004WUGGU2BQI7F14,CON,2025-12-31,Landshypotek AB - gruppen,Sweden,Other highest EEA,0010,Parallelverschiebung hoch,-13216872,8661466,670758321,-0.0197,0.0129,nein,nein,
5493004WUGGU2BQI7F14,CON,2025-12-31,Landshypotek AB - gruppen,Sweden,Other highest EEA,0020,Parallelverschiebung runter,13752356,-20400200,670758321,0.0205,-0.0304,nein,nein,
5493004WUGGU2BQI7F14,CON,2025-12-31,Landshypotek AB - gruppen,Sweden,Other highest EEA,0030,Steepener,4144453,,670758321,0.0062,,nein,,
5493004WUGGU2BQI7F14,CON,2025-12-31,Landshypotek AB - gruppen,Sweden,Other highest EEA,0040,Flattener,-671469,,670758321,-0.0010,,nein,,
5493004WUGGU2BQI7F14,CON,2025-12-31,Landshypotek AB - gruppen,Sweden,Other highest EEA,0050,kurze Zinsen hoch,-5695537,,670758321,-0.0085,,nein,,
5493004WUGGU2BQI7F14,CON,2025-12-31,Landshypotek AB - gruppen,Sweden,Other highest EEA,0060,kurze Zinsen runter,12716510,,670758321,0.0190,,nein,,
54930060Q00W1SRIUI57,IND,2025-12-31,vdk bank,Belgium,Other highest EEA,0010,Parallelverschiebung hoch,-35377729,-4326191,390848329,-0.0905,-0.0111,nein,nein,
54930060Q00W1SRIUI57,IND,2025-12-31,vdk bank,Belgium,Other highest EEA,0020,Parallelverschiebung runter,14601078,-6038753,390848329,0.0374,-0.0155,nein,nein,
54930060Q00W1SRIUI57,IND,2025-12-31,vdk bank,Belgium,Other highest EEA,0030,Steepener,16269011,,390848329,0.0416,,nein,,
54930060Q00W1SRIUI57,IND,2025-12-31,vdk bank,Belgium,Other highest EEA,0040,Flattener,-4097087,,390848329,-0.0105,,nein,,
54930060Q00W1SRIUI57,IND,2025-12-31,vdk bank,Belgium,Other highest EEA,0050,kurze Zinsen hoch,-15283952,,390848329,-0.0391,,nein,,
54930060Q00W1SRIUI57,IND,2025-12-31,vdk bank,Belgium,Other highest EEA,0060,kurze Zinsen runter,17651584,,390848329,0.0452,,nein,,
5493006QMFDDMYWIAM13,CON,2025-06-30,"Banco Santander, S.A.",Spain,Large highest EEA,0010,Parallelverschiebung hoch,-4765105950,637376920,90830487726,-0.0525,0.0070,nein,nein,
5493006QMFDDMYWIAM13,CON,2025-06-30,"Banco Santander, S.A.",Spain,Large highest EEA,0020,Parallelverschiebung runter,717041930,-2254992690,90830487726,0.0079,-0.0248,nein,nein,
5493006QMFDDMYWIAM13,CON,2025-06-30,"Banco Santander, S.A.",Spain,Large highest EEA,0030,Steepener,134956900,,90830487726,0.0015,,nein,,
5493006QMFDDMYWIAM13,CON,2025-06-30,"Banco Santander, S.A.",Spain,Large highest EEA,0040,Flattener,-2295559420,,90830487726,-0.0253,,nein,,
5493006QMFDDMYWIAM13,CON,2025-06-30,"Banco Santander, S.A.",Spain,Large highest EEA,0050,kurze Zinsen hoch,-3538709270,,90830487726,-0.0390,,nein,,
5493006QMFDDMYWIAM13,CON,2025-06-30,"Banco Santander, S.A.",Spain,Large highest EEA,0060,kurze Zinsen runter,1042554480,,90830487726,0.0115,,nein,,
5493006QMFDDMYWIAM13,CON,2025-12-31,"Banco Santander, S.A.",Spain,Large highest EEA,0010,Parallelverschiebung hoch,-7048685600,667547310,94385000000,-0.0747,0.0071,nein,nein,
5493006QMFDDMYWIAM13,CON,2025-12-31,"Banco Santander, S.A.",Spain,Large highest EEA,0020,Parallelverschiebung runter,3231413560,-1941574000,94385000000,0.0342,-0.0206,nein,nein,
5493006QMFDDMYWIAM13,CON,2025-12-31,"Banco Santander, S.A.",Spain,Large highest EEA,0030,Steepener,-910425230,,94385000000,-0.0096,,nein,,
5493006QMFDDMYWIAM13,CON,2025-12-31,"Banco Santander, S.A.",Spain,Large highest EEA,0040,Flattener,-1733700150,,94385000000,-0.0184,,nein,,
5493006QMFDDMYWIAM13,CON,2025-12-31,"Banco Santander, S.A.",Spain,Large highest EEA,0050,kurze Zinsen hoch,-3577314330,,94385000000,-0.0379,,nein,,
5493006QMFDDMYWIAM13,CON,2025-12-31,"Banco Santander, S.A.",Spain,Large highest EEA,0060,kurze Zinsen runter,1671269410,,94385000000,0.0177,,nein,,
5493006Z4NTMNDDBGL49,IND,2025-09-30,ECCM Bank plc,Malta,Other highest EEA,0010,Parallelverschiebung hoch,172,4042587,511373433,0.0000,0.0079,nein,nein,
5493006Z4NTMNDDBGL49,IND,2025-09-30,ECCM Bank plc,Malta,Other highest EEA,0020,Parallelverschiebung runter,-4224848,-5915102,511373433,-0.0083,-0.0116,nein,nein,
5493006Z4NTMNDDBGL49,IND,2025-09-30,ECCM Bank plc,Malta,Other highest EEA,0030,Steepener,1918716,,511373433,0.0038,,nein,,
5493006Z4NTMNDDBGL49,IND,2025-09-30,ECCM Bank plc,Malta,Other highest EEA,0040,Flattener,-2431664,,511373433,-0.0048,,nein,,
5493006Z4NTMNDDBGL49,IND,2025-09-30,ECCM Bank plc,Malta,Other highest EEA,0050,kurze Zinsen hoch,-1772691,,511373433,-0.0035,,nein,,
5493006Z4NTMNDDBGL49,IND,2025-09-30,ECCM Bank plc,Malta,Other highest EEA,0060,kurze Zinsen runter,-933869,,511373433,-0.0018,,nein,,
5493007BWYDPQZLZ0Y27,CON,2025-12-31,HYPO NOE Landesbank für Niederösterreich und Wien AG,Austria,Other highest EEA,0010,Parallelverschiebung hoch,-80047000,-5956000,866896000,-0.0923,-0.0069,nein,nein,
5493007BWYDPQZLZ0Y27,CON,2025-12-31,HYPO NOE Landesbank für Niederösterreich und Wien AG,Austria,Other highest EEA,0020,Parallelverschiebung runter,18964000,-5270000,866896000,0.0219,-0.0061,nein,nein,
5493007BWYDPQZLZ0Y27,CON,2025-12-31,HYPO NOE Landesbank für Niederösterreich und Wien AG,Austria,Other highest EEA,0030,Steepener,-20659000,,866896000,-0.0238,,nein,,
5493007BWYDPQZLZ0Y27,CON,2025-12-31,HYPO NOE Landesbank für Niederösterreich und Wien AG,Austria,Other highest EEA,0040,Flattener,-15650000,,866896000,-0.0181,,nein,,
5493007BWYDPQZLZ0Y27,CON,2025-12-31,HYPO NOE Landesbank für Niederösterreich und Wien AG,Austria,Other highest EEA,0050,kurze Zinsen hoch,-44734000,,866896000,-0.0516,,nein,,
5493007BWYDPQZLZ0Y27,CON,2025-12-31,HYPO NOE Landesbank für Niederösterreich und Wien AG,Austria,Other highest EEA,0060,kurze Zinsen runter,9755000,,866896000,0.0113,,nein,,
5493007SWCCN9S3J2748,CON,2025-12-31,Bigbank AS,Estonia,Large highest EEA,0010,Parallelverschiebung hoch,-12052797,-1636365,307632554,-0.0392,-0.0053,nein,nein,
5493007SWCCN9S3J2748,CON,2025-12-31,Bigbank AS,Estonia,Large highest EEA,0020,Parallelverschiebung runter,4177832,1324016,307632554,0.0136,0.0043,nein,nein,
5493007SWCCN9S3J2748,CON,2025-12-31,Bigbank AS,Estonia,Large highest EEA,0030,Steepener,10774311,,307632554,0.0350,,nein,,
5493007SWCCN9S3J2748,CON,2025-12-31,Bigbank AS,Estonia,Large highest EEA,0040,Flattener,-11422652,,307632554,-0.0371,,nein,,
5493007SWCCN9S3J2748,CON,2025-12-31,Bigbank AS,Estonia,Large highest EEA,0050,kurze Zinsen hoch,-13002404,,307632554,-0.0423,,nein,,
5493007SWCCN9S3J2748,CON,2025-12-31,Bigbank AS,Estonia,Large highest EEA,0060,kurze Zinsen runter,12557870,,307632554,0.0408,,nein,,
5493008QOCP58OLEN998,CON,2025-06-30,Investeringsmaatschappij Argenta - Société d'investissements Argenta - Investierungsgesellschaft Arg,Belgium,Large highest EEA,0010,Parallelverschiebung hoch,-135638732,49262908,3170942571,-0.0428,0.0155,nein,nein,
5493008QOCP58OLEN998,CON,2025-06-30,Investeringsmaatschappij Argenta - Société d'investissements Argenta - Investierungsgesellschaft Arg,Belgium,Large highest EEA,0020,Parallelverschiebung runter,-181141061,-92272619,3170942571,-0.0571,-0.0291,nein,nein,
5493008QOCP58OLEN998,CON,2025-06-30,Investeringsmaatschappij Argenta - Société d'investissements Argenta - Investierungsgesellschaft Arg,Belgium,Large highest EEA,0030,Steepener,-190229837,,3170942571,-0.0600,,nein,,
5493008QOCP58OLEN998,CON,2025-06-30,Investeringsmaatschappij Argenta - Société d'investissements Argenta - Investierungsgesellschaft Arg,Belgium,Large highest EEA,0040,Flattener,64474713,,3170942571,0.0203,,nein,,
5493008QOCP58OLEN998,CON,2025-06-30,Investeringsmaatschappij Argenta - Société d'investissements Argenta - Investierungsgesellschaft Arg,Belgium,Large highest EEA,0050,kurze Zinsen hoch,57354688,,3170942571,0.0181,,nein,,
5493008QOCP58OLEN998,CON,2025-06-30,Investeringsmaatschappij Argenta - Société d'investissements Argenta - Investierungsgesellschaft Arg,Belgium,Large highest EEA,0060,kurze Zinsen runter,-130191570,,3170942571,-0.0411,,nein,,
5493009EIBTCB1X12G89,CON,2025-12-31,LGT Group Foundation,Liechtenstein,Large highest EEA,0010,Parallelverschiebung hoch,11105072,-130081606,4851396259,0.0023,-0.0268,nein,nein,
5493009EIBTCB1X12G89,CON,2025-12-31,LGT Group Foundation,Liechtenstein,Large highest EEA,0020,Parallelverschiebung runter,-90155558,60299396,4851396259,-0.0186,0.0124,nein,nein,
5493009EIBTCB1X12G89,CON,2025-12-31,LGT Group Foundation,Liechtenstein,Large highest EEA,0030,Steepener,899138,,4851396259,0.0002,,nein,,
5493009EIBTCB1X12G89,CON,2025-12-31,LGT Group Foundation,Liechtenstein,Large highest EEA,0040,Flattener,-21928210,,4851396259,-0.0045,,nein,,
5493009EIBTCB1X12G89,CON,2025-12-31,LGT Group Foundation,Liechtenstein,Large highest EEA,0050,kurze Zinsen hoch,-3728210,,4851396259,-0.0008,,nein,,
5493009EIBTCB1X12G89,CON,2025-12-31,LGT Group Foundation,Liechtenstein,Large highest EEA,0060,kurze Zinsen runter,-53393258,,4851396259,-0.0110,,nein,,
5493009ML6YX83YHC820,CON,2025-06-30,Argenta Bank- en Verzekeringsgroep NV,Belgium,Large subsidiaries,0010,Parallelverschiebung hoch,-135638732,49262908,3170942571,-0.0428,0.0155,nein,nein,
5493009ML6YX83YHC820,CON,2025-06-30,Argenta Bank- en Verzekeringsgroep NV,Belgium,Large subsidiaries,0020,Parallelverschiebung runter,-181141061,-92272619,3170942571,-0.0571,-0.0291,nein,nein,
5493009ML6YX83YHC820,CON,2025-06-30,Argenta Bank- en Verzekeringsgroep NV,Belgium,Large subsidiaries,0030,Steepener,-190229837,,3170942571,-0.0600,,nein,,
5493009ML6YX83YHC820,CON,2025-06-30,Argenta Bank- en Verzekeringsgroep NV,Belgium,Large subsidiaries,0040,Flattener,64474713,,3170942571,0.0203,,nein,,
5493009ML6YX83YHC820,CON,2025-06-30,Argenta Bank- en Verzekeringsgroep NV,Belgium,Large subsidiaries,0050,kurze Zinsen hoch,57354688,,3170942571,0.0181,,nein,,
5493009ML6YX83YHC820,CON,2025-06-30,Argenta Bank- en Verzekeringsgroep NV,Belgium,Large subsidiaries,0060,kurze Zinsen runter,-130191570,,3170942571,-0.0411,,nein,,
5493009ML6YX83YHC820,CON,2025-12-31,Argenta Bank- en Verzekeringsgroep NV,Belgium,Large subsidiaries,0010,Parallelverschiebung hoch,-253680441,26221323,3327038778,-0.0762,0.0079,nein,nein,
5493009ML6YX83YHC820,CON,2025-12-31,Argenta Bank- en Verzekeringsgroep NV,Belgium,Large subsidiaries,0020,Parallelverschiebung runter,20018822,-56506799,3327038778,0.0060,-0.0170,nein,nein,
5493009ML6YX83YHC820,CON,2025-12-31,Argenta Bank- en Verzekeringsgroep NV,Belgium,Large subsidiaries,0030,Steepener,-187226043,,3327038778,-0.0563,,nein,,
5493009ML6YX83YHC820,CON,2025-12-31,Argenta Bank- en Verzekeringsgroep NV,Belgium,Large subsidiaries,0040,Flattener,60512457,,3327038778,0.0182,,nein,,
5493009ML6YX83YHC820,CON,2025-12-31,Argenta Bank- en Verzekeringsgroep NV,Belgium,Large subsidiaries,0050,kurze Zinsen hoch,28025011,,3327038778,0.0084,,nein,,
5493009ML6YX83YHC820,CON,2025-12-31,Argenta Bank- en Verzekeringsgroep NV,Belgium,Large subsidiaries,0060,kurze Zinsen runter,-62920368,,3327038778,-0.0189,,nein,,
5493009VJC01E4H6HH77,CON,2025-12-31,Avanza - Grupp,Sweden,Other highest EEA,0010,Parallelverschiebung hoch,-12636201,72290054,464590475,-0.0272,0.1556,nein,nein,
5493009VJC01E4H6HH77,CON,2025-12-31,Avanza - Grupp,Sweden,Other highest EEA,0020,Parallelverschiebung runter,43689133,-88824421,464590475,0.0940,-0.1912,nein,ja,
5493009VJC01E4H6HH77,CON,2025-12-31,Avanza - Grupp,Sweden,Other highest EEA,0030,Steepener,-20002312,,464590475,-0.0431,,nein,,
5493009VJC01E4H6HH77,CON,2025-12-31,Avanza - Grupp,Sweden,Other highest EEA,0040,Flattener,-530445,,464590475,-0.0011,,nein,,
5493009VJC01E4H6HH77,CON,2025-12-31,Avanza - Grupp,Sweden,Other highest EEA,0050,kurze Zinsen hoch,17032482,,464590475,0.0367,,nein,,
5493009VJC01E4H6HH77,CON,2025-12-31,Avanza - Grupp,Sweden,Other highest EEA,0060,kurze Zinsen runter,-17566119,,464590475,-0.0378,,nein,,
5493009W2E2YDCXY6S81,CON,2025-12-31,"NOVO BANCO, S.A.",Portugal,Large subsidiaries,0010,Parallelverschiebung hoch,-128293193,60141591,,,,,,
5493009W2E2YDCXY6S81,CON,2025-12-31,"NOVO BANCO, S.A.",Portugal,Large subsidiaries,0020,Parallelverschiebung runter,47268491,-123714726,,,,,,
5493009W2E2YDCXY6S81,CON,2025-12-31,"NOVO BANCO, S.A.",Portugal,Large subsidiaries,0030,Steepener,66664161,,,,,,,
5493009W2E2YDCXY6S81,CON,2025-12-31,"NOVO BANCO, S.A.",Portugal,Large subsidiaries,0040,Flattener,-157704136,,,,,,,
5493009W2E2YDCXY6S81,CON,2025-12-31,"NOVO BANCO, S.A.",Portugal,Large subsidiaries,0050,kurze Zinsen hoch,-195285237,,,,,,,
5493009W2E2YDCXY6S81,CON,2025-12-31,"NOVO BANCO, S.A.",Portugal,Large subsidiaries,0060,kurze Zinsen runter,104924787,,,,,,,
549300A2F46GR0UOM390,CON,2025-06-30,Erste&Steiermärkische Bank d.d.,Croatia,Large subsidiaries,0010,Parallelverschiebung hoch,-159317524,11016996,1549396849,-0.1028,0.0071,nein,nein,
549300A2F46GR0UOM390,CON,2025-06-30,Erste&Steiermärkische Bank d.d.,Croatia,Large subsidiaries,0020,Parallelverschiebung runter,98193512,-33436295,1549396849,0.0634,-0.0216,nein,nein,
549300A2F46GR0UOM390,CON,2025-06-30,Erste&Steiermärkische Bank d.d.,Croatia,Large subsidiaries,0030,Steepener,-39395791,,1549396849,-0.0254,,nein,,
549300A2F46GR0UOM390,CON,2025-06-30,Erste&Steiermärkische Bank d.d.,Croatia,Large subsidiaries,0040,Flattener,7428829,,1549396849,0.0048,,nein,,
549300A2F46GR0UOM390,CON,2025-06-30,Erste&Steiermärkische Bank d.d.,Croatia,Large subsidiaries,0050,kurze Zinsen hoch,-36250062,,1549396849,-0.0234,,nein,,
549300A2F46GR0UOM390,CON,2025-06-30,Erste&Steiermärkische Bank d.d.,Croatia,Large subsidiaries,0060,kurze Zinsen runter,19711584,,1549396849,0.0127,,nein,,
549300A2F46GR0UOM390,CON,2025-12-31,Erste&Steiermärkische Bank d.d.,Croatia,Large subsidiaries,0010,Parallelverschiebung hoch,-101249828,11730137,1650681046,-0.0613,0.0071,nein,nein,
549300A2F46GR0UOM390,CON,2025-12-31,Erste&Steiermärkische Bank d.d.,Croatia,Large subsidiaries,0020,Parallelverschiebung runter,63776611,-34641164,1650681046,0.0386,-0.0210,nein,nein,
549300A2F46GR0UOM390,CON,2025-12-31,Erste&Steiermärkische Bank d.d.,Croatia,Large subsidiaries,0030,Steepener,-19540862,,1650681046,-0.0118,,nein,,
549300A2F46GR0UOM390,CON,2025-12-31,Erste&Steiermärkische Bank d.d.,Croatia,Large subsidiaries,0040,Flattener,2653405,,1650681046,0.0016,,nein,,
549300A2F46GR0UOM390,CON,2025-12-31,Erste&Steiermärkische Bank d.d.,Croatia,Large subsidiaries,0050,kurze Zinsen hoch,-27624618,,1650681046,-0.0167,,nein,,
549300A2F46GR0UOM390,CON,2025-12-31,Erste&Steiermärkische Bank d.d.,Croatia,Large subsidiaries,0060,kurze Zinsen runter,15138717,,1650681046,0.0092,,nein,,
549300C6TUMDXNOVXS82,CON,2025-06-30,Länsförsäkringar Bank AB - gruppen,Sweden,Large highest EEA,0010,Parallelverschiebung hoch,-17581752,335292,2109213839,-0.0083,0.0002,nein,nein,
549300C6TUMDXNOVXS82,CON,2025-06-30,Länsförsäkringar Bank AB - gruppen,Sweden,Large highest EEA,0020,Parallelverschiebung runter,8436320,-25617022,2109213839,0.0040,-0.0121,nein,nein,
549300C6TUMDXNOVXS82,CON,2025-06-30,Länsförsäkringar Bank AB - gruppen,Sweden,Large highest EEA,0030,Steepener,14627413,,2109213839,0.0069,,nein,,
549300C6TUMDXNOVXS82,CON,2025-06-30,Länsförsäkringar Bank AB - gruppen,Sweden,Large highest EEA,0040,Flattener,-33075253,,2109213839,-0.0157,,nein,,
549300C6TUMDXNOVXS82,CON,2025-06-30,Länsförsäkringar Bank AB - gruppen,Sweden,Large highest EEA,0050,kurze Zinsen hoch,-37224844,,2109213839,-0.0176,,nein,,
549300C6TUMDXNOVXS82,CON,2025-06-30,Länsförsäkringar Bank AB - gruppen,Sweden,Large highest EEA,0060,kurze Zinsen runter,18526360,,2109213839,0.0088,,nein,,
549300C6TUMDXNOVXS82,CON,2025-12-31,Länsförsäkringar Bank AB - gruppen,Sweden,Large highest EEA,0010,Parallelverschiebung hoch,-21736481,642478,2165241044,-0.0100,0.0003,nein,nein,
549300C6TUMDXNOVXS82,CON,2025-12-31,Länsförsäkringar Bank AB - gruppen,Sweden,Large highest EEA,0020,Parallelverschiebung runter,10607861,-28101974,2165241044,0.0049,-0.0130,nein,nein,
549300C6TUMDXNOVXS82,CON,2025-12-31,Länsförsäkringar Bank AB - gruppen,Sweden,Large highest EEA,0030,Steepener,15642222,,2165241044,0.0072,,nein,,
549300C6TUMDXNOVXS82,CON,2025-12-31,Länsförsäkringar Bank AB - gruppen,Sweden,Large highest EEA,0040,Flattener,-36032639,,2165241044,-0.0166,,nein,,
549300C6TUMDXNOVXS82,CON,2025-12-31,Länsförsäkringar Bank AB - gruppen,Sweden,Large highest EEA,0050,kurze Zinsen hoch,-41624806,,2165241044,-0.0192,,nein,,
549300C6TUMDXNOVXS82,CON,2025-12-31,Länsförsäkringar Bank AB - gruppen,Sweden,Large highest EEA,0060,kurze Zinsen runter,20765251,,2165241044,0.0096,,nein,,
549300DYPOFMXOR7XM56,CON,2025-06-30,Crelan,Belgium,Large highest EEA,0010,Parallelverschiebung hoch,-219508408,15318853,2773346684,-0.0791,0.0055,nein,nein,
549300DYPOFMXOR7XM56,CON,2025-06-30,Crelan,Belgium,Large highest EEA,0020,Parallelverschiebung runter,-163320031,-65981600,2773346684,-0.0589,-0.0238,nein,nein,
549300DYPOFMXOR7XM56,CON,2025-06-30,Crelan,Belgium,Large highest EEA,0030,Steepener,-73422738,,2773346684,-0.0265,,nein,,
549300DYPOFMXOR7XM56,CON,2025-06-30,Crelan,Belgium,Large highest EEA,0040,Flattener,24960435,,2773346684,0.0090,,nein,,
549300DYPOFMXOR7XM56,CON,2025-06-30,Crelan,Belgium,Large highest EEA,0050,kurze Zinsen hoch,-24094469,,2773346684,-0.0087,,nein,,
549300DYPOFMXOR7XM56,CON,2025-06-30,Crelan,Belgium,Large highest EEA,0060,kurze Zinsen runter,28950557,,2773346684,0.0104,,nein,,
549300DYPOFMXOR7XM56,CON,2025-12-31,Crelan,Belgium,Large highest EEA,0010,Parallelverschiebung hoch,-184394039,-22664164,3241914590,-0.0569,-0.0070,nein,nein,
549300DYPOFMXOR7XM56,CON,2025-12-31,Crelan,Belgium,Large highest EEA,0020,Parallelverschiebung runter,-42612603,-28264151,3241914590,-0.0131,-0.0087,nein,nein,
549300DYPOFMXOR7XM56,CON,2025-12-31,Crelan,Belgium,Large highest EEA,0030,Steepener,20316278,,3241914590,0.0063,,nein,,
549300DYPOFMXOR7XM56,CON,2025-12-31,Crelan,Belgium,Large highest EEA,0040,Flattener,19852437,,3241914590,0.0061,,nein,,
549300DYPOFMXOR7XM56,CON,2025-12-31,Crelan,Belgium,Large highest EEA,0050,kurze Zinsen hoch,-133107709,,3241914590,-0.0411,,nein,,
549300DYPOFMXOR7XM56,CON,2025-12-31,Crelan,Belgium,Large highest EEA,0060,kurze Zinsen runter,11712759,,3241914590,0.0036,,nein,,
549300EHNXQVOI120S55,CON,2025-06-30,Coop Pank AS,Estonia,Large highest EEA,0010,Parallelverschiebung hoch,2366152,5601951,210129768,0.0113,0.0267,nein,nein,
549300EHNXQVOI120S55,CON,2025-06-30,Coop Pank AS,Estonia,Large highest EEA,0020,Parallelverschiebung runter,-12765993,-8467110,210129768,-0.0608,-0.0403,nein,nein,
549300EHNXQVOI120S55,CON,2025-06-30,Coop Pank AS,Estonia,Large highest EEA,0030,Steepener,-1717534,,210129768,-0.0082,,nein,,
549300EHNXQVOI120S55,CON,2025-06-30,Coop Pank AS,Estonia,Large highest EEA,0040,Flattener,618913,,210129768,0.0029,,nein,,
549300EHNXQVOI120S55,CON,2025-06-30,Coop Pank AS,Estonia,Large highest EEA,0050,kurze Zinsen hoch,1256042,,210129768,0.0060,,nein,,
549300EHNXQVOI120S55,CON,2025-06-30,Coop Pank AS,Estonia,Large highest EEA,0060,kurze Zinsen runter,-7360345,,210129768,-0.0350,,nein,,
549300EHNXQVOI120S55,CON,2025-12-31,Coop Pank AS,Estonia,Large highest EEA,0010,Parallelverschiebung hoch,1749612,6956303,231572118,0.0076,0.0300,nein,nein,
549300EHNXQVOI120S55,CON,2025-12-31,Coop Pank AS,Estonia,Large highest EEA,0020,Parallelverschiebung runter,-13111632,-11084207,231572118,-0.0566,-0.0479,nein,nein,
549300EHNXQVOI120S55,CON,2025-12-31,Coop Pank AS,Estonia,Large highest EEA,0030,Steepener,-2174770,,231572118,-0.0094,,nein,,
549300EHNXQVOI120S55,CON,2025-12-31,Coop Pank AS,Estonia,Large highest EEA,0040,Flattener,796990,,231572118,0.0034,,nein,,
549300EHNXQVOI120S55,CON,2025-12-31,Coop Pank AS,Estonia,Large highest EEA,0050,kurze Zinsen hoch,1240743,,231572118,0.0054,,nein,,
549300EHNXQVOI120S55,CON,2025-12-31,Coop Pank AS,Estonia,Large highest EEA,0060,kurze Zinsen runter,-7982251,,231572118,-0.0345,,nein,,
549300FH0WJAPEHTIQ77,IND,2025-12-31,BofA Securities Europe SA,France,Large highest EEA,0010,Parallelverschiebung hoch,-369729,65967324,8864214632,-0.0000,0.0074,nein,nein,
549300FH0WJAPEHTIQ77,IND,2025-12-31,BofA Securities Europe SA,France,Large highest EEA,0020,Parallelverschiebung runter,-6581801,-219648943,8864214632,-0.0007,-0.0248,nein,nein,
549300FH0WJAPEHTIQ77,IND,2025-12-31,BofA Securities Europe SA,France,Large highest EEA,0030,Steepener,-66044,,8864214632,-0.0000,,nein,,
549300FH0WJAPEHTIQ77,IND,2025-12-31,BofA Securities Europe SA,France,Large highest EEA,0040,Flattener,-5170963,,8864214632,-0.0006,,nein,,
549300FH0WJAPEHTIQ77,IND,2025-12-31,BofA Securities Europe SA,France,Large highest EEA,0050,kurze Zinsen hoch,-4277717,,8864214632,-0.0005,,nein,,
549300FH0WJAPEHTIQ77,IND,2025-12-31,BofA Securities Europe SA,France,Large highest EEA,0060,kurze Zinsen runter,-1568785,,8864214632,-0.0002,,nein,,
549300GKFG0RYRRQ1414,CON,2025-06-30,DNB BANK ASA,Norway,Large highest EEA,0010,Parallelverschiebung hoch,-100808500,-167732500,19203279765,-0.0052,-0.0087,nein,nein,
549300GKFG0RYRRQ1414,CON,2025-06-30,DNB BANK ASA,Norway,Large highest EEA,0020,Parallelverschiebung runter,37940500,-256373000,19203279765,0.0020,-0.0134,nein,nein,
549300GKFG0RYRRQ1414,CON,2025-06-30,DNB BANK ASA,Norway,Large highest EEA,0030,Steepener,5999500,,19203279765,0.0003,,nein,,
549300GKFG0RYRRQ1414,CON,2025-06-30,DNB BANK ASA,Norway,Large highest EEA,0040,Flattener,-60840000,,19203279765,-0.0032,,nein,,
549300GKFG0RYRRQ1414,CON,2025-06-30,DNB BANK ASA,Norway,Large highest EEA,0050,kurze Zinsen hoch,-96499000,,19203279765,-0.0050,,nein,,
549300GKFG0RYRRQ1414,CON,2025-06-30,DNB BANK ASA,Norway,Large highest EEA,0060,kurze Zinsen runter,28814500,,19203279765,0.0015,,nein,,
549300GKFG0RYRRQ1414,CON,2025-12-31,DNB BANK ASA,Norway,Large highest EEA,0010,Parallelverschiebung hoch,-10301680,90266360,19530360507,-0.0005,0.0046,nein,nein,
549300GKFG0RYRRQ1414,CON,2025-12-31,DNB BANK ASA,Norway,Large highest EEA,0020,Parallelverschiebung runter,1857680,-252734491,19530360507,0.0001,-0.0129,nein,nein,
549300GKFG0RYRRQ1414,CON,2025-12-31,DNB BANK ASA,Norway,Large highest EEA,0030,Steepener,-44246560,,19530360507,-0.0023,,nein,,
549300GKFG0RYRRQ1414,CON,2025-12-31,DNB BANK ASA,Norway,Large highest EEA,0040,Flattener,-5235280,,19530360507,-0.0003,,nein,,
549300GKFG0RYRRQ1414,CON,2025-12-31,DNB BANK ASA,Norway,Large highest EEA,0050,kurze Zinsen hoch,-8528440,,19530360507,-0.0004,,nein,,
549300GKFG0RYRRQ1414,CON,2025-12-31,DNB BANK ASA,Norway,Large highest EEA,0060,kurze Zinsen runter,-38420200,,19530360507,-0.0020,,nein,,
549300HFEHJOXGE4ZE63,CON,2025-06-30,SFIL S.A.,France,Large highest EEA,0010,Parallelverschiebung hoch,-103032504,-12410547,1457438104,-0.0707,-0.0085,nein,nein,
549300HFEHJOXGE4ZE63,CON,2025-06-30,SFIL S.A.,France,Large highest EEA,0020,Parallelverschiebung runter,253348701,14055046,1457438104,0.1738,0.0096,nein,nein,
549300HFEHJOXGE4ZE63,CON,2025-06-30,SFIL S.A.,France,Large highest EEA,0030,Steepener,4894102,,1457438104,0.0034,,nein,,
549300HFEHJOXGE4ZE63,CON,2025-06-30,SFIL S.A.,France,Large highest EEA,0040,Flattener,30270798,,1457438104,0.0208,,nein,,
549300HFEHJOXGE4ZE63,CON,2025-06-30,SFIL S.A.,France,Large highest EEA,0050,kurze Zinsen hoch,-17779781,,1457438104,-0.0122,,nein,,
549300HFEHJOXGE4ZE63,CON,2025-06-30,SFIL S.A.,France,Large highest EEA,0060,kurze Zinsen runter,70070840,,1457438104,0.0481,,nein,,
549300HFEHJOXGE4ZE63,CON,2025-12-31,SFIL S.A.,France,Large highest EEA,0010,Parallelverschiebung hoch,-75197731,6970683,1490193408,-0.0505,0.0047,nein,nein,
549300HFEHJOXGE4ZE63,CON,2025-12-31,SFIL S.A.,France,Large highest EEA,0020,Parallelverschiebung runter,200282001,-10142245,1490193408,0.1344,-0.0068,nein,nein,
549300HFEHJOXGE4ZE63,CON,2025-12-31,SFIL S.A.,France,Large highest EEA,0030,Steepener,-8016772,,1490193408,-0.0054,,nein,,
549300HFEHJOXGE4ZE63,CON,2025-12-31,SFIL S.A.,France,Large highest EEA,0040,Flattener,45087736,,1490193408,0.0303,,nein,,
549300HFEHJOXGE4ZE63,CON,2025-12-31,SFIL S.A.,France,Large highest EEA,0050,kurze Zinsen hoch,6970794,,1490193408,0.0047,,nein,,
549300HFEHJOXGE4ZE63,CON,2025-12-31,SFIL S.A.,France,Large highest EEA,0060,kurze Zinsen runter,42008721,,1490193408,0.0282,,nein,,
549300IQZVZ949N37S44,CON,2025-06-30,Euroclear Holding,Belgium,Large highest EEA,0010,Parallelverschiebung hoch,-302673,37032,8714453351,-0.0000,0.0000,nein,nein,
549300IQZVZ949N37S44,CON,2025-06-30,Euroclear Holding,Belgium,Large highest EEA,0020,Parallelverschiebung runter,159461,-141245,8714453351,0.0000,-0.0000,nein,nein,
549300IQZVZ949N37S44,CON,2025-06-30,Euroclear Holding,Belgium,Large highest EEA,0030,Steepener,28056,,8714453351,0.0000,,nein,,
549300IQZVZ949N37S44,CON,2025-06-30,Euroclear Holding,Belgium,Large highest EEA,0040,Flattener,-112815,,8714453351,-0.0000,,nein,,
549300IQZVZ949N37S44,CON,2025-06-30,Euroclear Holding,Belgium,Large highest EEA,0050,kurze Zinsen hoch,-202532,,8714453351,-0.0000,,nein,,
549300IQZVZ949N37S44,CON,2025-06-30,Euroclear Holding,Belgium,Large highest EEA,0060,kurze Zinsen runter,103271,,8714453351,0.0000,,nein,,
549300IQZVZ949N37S44,CON,2025-12-31,Euroclear Holding,Belgium,Large highest EEA,0010,Parallelverschiebung hoch,-407140787,-2542526,9210858000,-0.0442,-0.0003,nein,nein,
549300IQZVZ949N37S44,CON,2025-12-31,Euroclear Holding,Belgium,Large highest EEA,0020,Parallelverschiebung runter,214464349,-133569550,9210858000,0.0233,-0.0145,nein,nein,
549300IQZVZ949N37S44,CON,2025-12-31,Euroclear Holding,Belgium,Large highest EEA,0030,Steepener,42314055,,9210858000,0.0046,,nein,,
549300IQZVZ949N37S44,CON,2025-12-31,Euroclear Holding,Belgium,Large highest EEA,0040,Flattener,-164783772,,9210858000,-0.0179,,nein,,
549300IQZVZ949N37S44,CON,2025-12-31,Euroclear Holding,Belgium,Large highest EEA,0050,kurze Zinsen hoch,-294032378,,9210858000,-0.0319,,nein,,
549300IQZVZ949N37S44,CON,2025-12-31,Euroclear Holding,Belgium,Large highest EEA,0060,kurze Zinsen runter,145163272,,9210858000,0.0158,,nein,,
549300JB1P61FUTPEZ75,CON,2025-06-30,"Všeobecná úverová banka, a.s.",Slovakia,Large subsidiaries,0010,Parallelverschiebung hoch,-60370384,54202592,1997683406,-0.0302,0.0271,nein,nein,
549300JB1P61FUTPEZ75,CON,2025-06-30,"Všeobecná úverová banka, a.s.",Slovakia,Large subsidiaries,0020,Parallelverschiebung runter,48392521,-65462523,1997683406,0.0242,-0.0328,nein,nein,
549300JB1P61FUTPEZ75,CON,2025-06-30,"Všeobecná úverová banka, a.s.",Slovakia,Large subsidiaries,0030,Steepener,74215951,,1997683406,0.0372,,nein,,
549300JB1P61FUTPEZ75,CON,2025-06-30,"Všeobecná úverová banka, a.s.",Slovakia,Large subsidiaries,0040,Flattener,-84266548,,1997683406,-0.0422,,nein,,
549300JB1P61FUTPEZ75,CON,2025-06-30,"Všeobecná úverová banka, a.s.",Slovakia,Large subsidiaries,0050,kurze Zinsen hoch,-96292674,,1997683406,-0.0482,,nein,,
549300JB1P61FUTPEZ75,CON,2025-06-30,"Všeobecná úverová banka, a.s.",Slovakia,Large subsidiaries,0060,kurze Zinsen runter,99673381,,1997683406,0.0499,,nein,,
549300JB1P61FUTPEZ75,CON,2025-12-31,"Všeobecná úverová banka, a.s.",Slovakia,Large subsidiaries,0010,Parallelverschiebung hoch,-66331501,55156610,2077231759,-0.0319,0.0266,nein,nein,
549300JB1P61FUTPEZ75,CON,2025-12-31,"Všeobecná úverová banka, a.s.",Slovakia,Large subsidiaries,0020,Parallelverschiebung runter,55879021,-67454209,2077231759,0.0269,-0.0325,nein,nein,
549300JB1P61FUTPEZ75,CON,2025-12-31,"Všeobecná úverová banka, a.s.",Slovakia,Large subsidiaries,0030,Steepener,76974803,,2077231759,0.0371,,nein,,
549300JB1P61FUTPEZ75,CON,2025-12-31,"Všeobecná úverová banka, a.s.",Slovakia,Large subsidiaries,0040,Flattener,-88841640,,2077231759,-0.0428,,nein,,
549300JB1P61FUTPEZ75,CON,2025-12-31,"Všeobecná úverová banka, a.s.",Slovakia,Large subsidiaries,0050,kurze Zinsen hoch,-101809208,,2077231759,-0.0490,,nein,,
549300JB1P61FUTPEZ75,CON,2025-12-31,"Všeobecná úverová banka, a.s.",Slovakia,Large subsidiaries,0060,kurze Zinsen runter,105581648,,2077231759,0.0508,,nein,,
549300JECLPX13NZLU57,CON,2025-12-31,Danske Andelskassers Bank A/S,Denmark,Other highest EEA,0010,Parallelverschiebung hoch,-2293258,2425914,329395892,-0.0070,0.0074,nein,nein,
549300JECLPX13NZLU57,CON,2025-12-31,Danske Andelskassers Bank A/S,Denmark,Other highest EEA,0020,Parallelverschiebung runter,2313627,-12762549,329395892,0.0070,-0.0387,nein,nein,
549300JECLPX13NZLU57,CON,2025-12-31,Danske Andelskassers Bank A/S,Denmark,Other highest EEA,0030,Steepener,1652772,,329395892,0.0050,,nein,,
549300JECLPX13NZLU57,CON,2025-12-31,Danske Andelskassers Bank A/S,Denmark,Other highest EEA,0040,Flattener,-2070078,,329395892,-0.0063,,nein,,
549300JECLPX13NZLU57,CON,2025-12-31,Danske Andelskassers Bank A/S,Denmark,Other highest EEA,0050,kurze Zinsen hoch,-2668208,,329395892,-0.0081,,nein,,
549300JECLPX13NZLU57,CON,2025-12-31,Danske Andelskassers Bank A/S,Denmark,Other highest EEA,0060,kurze Zinsen runter,2723251,,329395892,0.0083,,nein,,
549300JSC82O1L4XV837,CON,2025-12-31,Nordnet - Grupp,Sweden,Other highest EEA,0010,Parallelverschiebung hoch,-4404484,56965841,449382413,-0.0098,0.1268,nein,nein,
549300JSC82O1L4XV837,CON,2025-12-31,Nordnet - Grupp,Sweden,Other highest EEA,0020,Parallelverschiebung runter,1730429,-112410363,449382413,0.0039,-0.2501,nein,ja,
549300JSC82O1L4XV837,CON,2025-12-31,Nordnet - Grupp,Sweden,Other highest EEA,0030,Steepener,940175,,449382413,0.0021,,nein,,
549300JSC82O1L4XV837,CON,2025-12-31,Nordnet - Grupp,Sweden,Other highest EEA,0040,Flattener,-3885158,,449382413,-0.0086,,nein,,
549300JSC82O1L4XV837,CON,2025-12-31,Nordnet - Grupp,Sweden,Other highest EEA,0050,kurze Zinsen hoch,-5469067,,449382413,-0.0122,,nein,,
549300JSC82O1L4XV837,CON,2025-12-31,Nordnet - Grupp,Sweden,Other highest EEA,0060,kurze Zinsen runter,2125818,,449382413,0.0047,,nein,,
549300L7YCATGO57ZE10,CON,2025-06-30,FINECOBANK BANCA FINECO S.P.A. (IN BREVE FINECOBANK S.P.A. OVVERO BANCA FINECO S.P.A. OVVERO FINECO BANCA S.P.A.),Italy,Large highest EEA,0010,Parallelverschiebung hoch,-66061,103414,1862025180,-0.0000,0.0001,nein,nein,
549300L7YCATGO57ZE10,CON,2025-06-30,FINECOBANK BANCA FINECO S.P.A. (IN BREVE FINECOBANK S.P.A. OVVERO BANCA FINECO S.P.A. OVVERO FINECO BANCA S.P.A.),Italy,Large highest EEA,0020,Parallelverschiebung runter,31472,-205849,1862025180,0.0000,-0.0001,nein,nein,
549300L7YCATGO57ZE10,CON,2025-06-30,FINECOBANK BANCA FINECO S.P.A. (IN BREVE FINECOBANK S.P.A. OVVERO BANCA FINECO S.P.A. OVVERO FINECO BANCA S.P.A.),Italy,Large highest EEA,0030,Steepener,71446,,1862025180,0.0000,,nein,,
549300L7YCATGO57ZE10,CON,2025-06-30,FINECOBANK BANCA FINECO S.P.A. (IN BREVE FINECOBANK S.P.A. OVVERO BANCA FINECO S.P.A. OVVERO FINECO BANCA S.P.A.),Italy,Large highest EEA,0040,Flattener,-154817,,1862025180,-0.0001,,nein,,
549300L7YCATGO57ZE10,CON,2025-06-30,FINECOBANK BANCA FINECO S.P.A. (IN BREVE FINECOBANK S.P.A. OVVERO BANCA FINECO S.P.A. OVVERO FINECO BANCA S.P.A.),Italy,Large highest EEA,0050,kurze Zinsen hoch,-164327,,1862025180,-0.0001,,nein,,
549300L7YCATGO57ZE10,CON,2025-06-30,FINECOBANK BANCA FINECO S.P.A. (IN BREVE FINECOBANK S.P.A. OVVERO BANCA FINECO S.P.A. OVVERO FINECO BANCA S.P.A.),Italy,Large highest EEA,0060,kurze Zinsen runter,88920,,1862025180,0.0000,,nein,,
549300L7YCATGO57ZE10,CON,2025-12-31,FINECOBANK BANCA FINECO S.P.A. (IN BREVE FINECOBANK S.P.A. OVVERO BANCA FINECO S.P.A. OVVERO FINECO BANCA S.P.A.),Italy,Large highest EEA,0010,Parallelverschiebung hoch,-107815,107383,1945202528,-0.0001,0.0001,nein,nein,
549300L7YCATGO57ZE10,CON,2025-12-31,FINECOBANK BANCA FINECO S.P.A. (IN BREVE FINECOBANK S.P.A. OVVERO BANCA FINECO S.P.A. OVVERO FINECO BANCA S.P.A.),Italy,Large highest EEA,0020,Parallelverschiebung runter,53396,-217265,1945202528,0.0000,-0.0001,nein,nein,
549300L7YCATGO57ZE10,CON,2025-12-31,FINECOBANK BANCA FINECO S.P.A. (IN BREVE FINECOBANK S.P.A. OVVERO BANCA FINECO S.P.A. OVVERO FINECO BANCA S.P.A.),Italy,Large highest EEA,0030,Steepener,64273,,1945202528,0.0000,,nein,,
549300L7YCATGO57ZE10,CON,2025-12-31,FINECOBANK BANCA FINECO S.P.A. (IN BREVE FINECOBANK S.P.A. OVVERO BANCA FINECO S.P.A. OVVERO FINECO BANCA S.P.A.),Italy,Large highest EEA,0040,Flattener,-146756,,1945202528,-0.0001,,nein,,
549300L7YCATGO57ZE10,CON,2025-12-31,FINECOBANK BANCA FINECO S.P.A. (IN BREVE FINECOBANK S.P.A. OVVERO BANCA FINECO S.P.A. OVVERO FINECO BANCA S.P.A.),Italy,Large highest EEA,0050,kurze Zinsen hoch,-170389,,1945202528,-0.0001,,nein,,
549300L7YCATGO57ZE10,CON,2025-12-31,FINECOBANK BANCA FINECO S.P.A. (IN BREVE FINECOBANK S.P.A. OVVERO BANCA FINECO S.P.A. OVVERO FINECO BANCA S.P.A.),Italy,Large highest EEA,0060,kurze Zinsen runter,91123,,1945202528,0.0000,,nein,,
549300LYFYVPUCG6SY25,CON,2025-12-31,"Banco Cooperativo Español, S.A.",Spain,Other highest EEA,0010,Parallelverschiebung hoch,0,0,874276087,0.0000,0.0000,nein,nein,
549300LYFYVPUCG6SY25,CON,2025-12-31,"Banco Cooperativo Español, S.A.",Spain,Other highest EEA,0020,Parallelverschiebung runter,0,0,874276087,0.0000,0.0000,nein,nein,
549300LYFYVPUCG6SY25,CON,2025-12-31,"Banco Cooperativo Español, S.A.",Spain,Other highest EEA,0030,Steepener,0,,874276087,0.0000,,nein,,
549300LYFYVPUCG6SY25,CON,2025-12-31,"Banco Cooperativo Español, S.A.",Spain,Other highest EEA,0040,Flattener,0,,874276087,0.0000,,nein,,
549300LYFYVPUCG6SY25,CON,2025-12-31,"Banco Cooperativo Español, S.A.",Spain,Other highest EEA,0050,kurze Zinsen hoch,0,,874276087,0.0000,,nein,,
549300LYFYVPUCG6SY25,CON,2025-12-31,"Banco Cooperativo Español, S.A.",Spain,Other highest EEA,0060,kurze Zinsen runter,0,,874276087,0.0000,,nein,,
549300M2IHOB9P5WE714,IND,2025-12-31,Swissquote Bank Europe S.A,Luxembourg,Other highest EEA,0010,Parallelverschiebung hoch,-4537118,792618,91119437,-0.0498,0.0087,nein,nein,
549300M2IHOB9P5WE714,IND,2025-12-31,Swissquote Bank Europe S.A,Luxembourg,Other highest EEA,0020,Parallelverschiebung runter,2103747,-2232476,91119437,0.0231,-0.0245,nein,nein,
549300M2IHOB9P5WE714,IND,2025-12-31,Swissquote Bank Europe S.A,Luxembourg,Other highest EEA,0030,Steepener,-70579,,91119437,-0.0008,,nein,,
549300M2IHOB9P5WE714,IND,2025-12-31,Swissquote Bank Europe S.A,Luxembourg,Other highest EEA,0040,Flattener,-1348972,,91119437,-0.0148,,nein,,
549300M2IHOB9P5WE714,IND,2025-12-31,Swissquote Bank Europe S.A,Luxembourg,Other highest EEA,0050,kurze Zinsen hoch,-2749031,,91119437,-0.0302,,nein,,
549300M2IHOB9P5WE714,IND,2025-12-31,Swissquote Bank Europe S.A,Luxembourg,Other highest EEA,0060,kurze Zinsen runter,911102,,91119437,0.0100,,nein,,
549300M6HRHPF3NQBP83,IND,2025-12-31,SPAREBANK 1 BOLIGKREDITT AS,Norway,Other highest EEA,0010,Parallelverschiebung hoch,15337308,17861507,1417298828,0.0108,0.0126,nein,nein,
549300M6HRHPF3NQBP83,IND,2025-12-31,SPAREBANK 1 BOLIGKREDITT AS,Norway,Other highest EEA,0020,Parallelverschiebung runter,-15337308,-17861507,1417298828,-0.0108,-0.0126,nein,nein,
549300M6HRHPF3NQBP83,IND,2025-12-31,SPAREBANK 1 BOLIGKREDITT AS,Norway,Other highest EEA,0030,Steepener,-12540133,,1417298828,-0.0088,,nein,,
549300M6HRHPF3NQBP83,IND,2025-12-31,SPAREBANK 1 BOLIGKREDITT AS,Norway,Other highest EEA,0040,Flattener,15991027,,1417298828,0.0113,,nein,,
549300M6HRHPF3NQBP83,IND,2025-12-31,SPAREBANK 1 BOLIGKREDITT AS,Norway,Other highest EEA,0050,kurze Zinsen hoch,20811651,,1417298828,0.0147,,nein,,
549300M6HRHPF3NQBP83,IND,2025-12-31,SPAREBANK 1 BOLIGKREDITT AS,Norway,Other highest EEA,0060,kurze Zinsen runter,-20811651,,1417298828,-0.0147,,nein,,
549300MM2G2LFEPR2M50,IND,2025-12-31,Skandiabanken Aktiebolag (publ),Sweden,Other highest EEA,0010,Parallelverschiebung hoch,-11180055,6390419,,,,,,
549300MM2G2LFEPR2M50,IND,2025-12-31,Skandiabanken Aktiebolag (publ),Sweden,Other highest EEA,0020,Parallelverschiebung runter,8651430,-13655061,,,,,,
549300MM2G2LFEPR2M50,IND,2025-12-31,Skandiabanken Aktiebolag (publ),Sweden,Other highest EEA,0030,Steepener,8768607,,,,,,,
549300MM2G2LFEPR2M50,IND,2025-12-31,Skandiabanken Aktiebolag (publ),Sweden,Other highest EEA,0040,Flattener,-8734541,,,,,,,
549300MM2G2LFEPR2M50,IND,2025-12-31,Skandiabanken Aktiebolag (publ),Sweden,Other highest EEA,0050,kurze Zinsen hoch,-14851703,,,,,,,
549300MM2G2LFEPR2M50,IND,2025-12-31,Skandiabanken Aktiebolag (publ),Sweden,Other highest EEA,0060,kurze Zinsen runter,11445840,,,,,,,
549300NYKK9MWM7GGW15,CON,2025-06-30,ING Groep N.V.,Netherlands,Large highest EEA,0010,Parallelverschiebung hoch,-4990991062,294746210,50764528222,-0.0983,0.0058,nein,nein,
549300NYKK9MWM7GGW15,CON,2025-06-30,ING Groep N.V.,Netherlands,Large highest EEA,0020,Parallelverschiebung runter,1219222394,-654140923,50764528222,0.0240,-0.0129,nein,nein,
549300NYKK9MWM7GGW15,CON,2025-06-30,ING Groep N.V.,Netherlands,Large highest EEA,0030,Steepener,-188418592,,50764528222,-0.0037,,nein,,
549300NYKK9MWM7GGW15,CON,2025-06-30,ING Groep N.V.,Netherlands,Large highest EEA,0040,Flattener,-1067618238,,50764528222,-0.0210,,nein,,
549300NYKK9MWM7GGW15,CON,2025-06-30,ING Groep N.V.,Netherlands,Large highest EEA,0050,kurze Zinsen hoch,-2216469699,,50764528222,-0.0437,,nein,,
549300NYKK9MWM7GGW15,CON,2025-06-30,ING Groep N.V.,Netherlands,Large highest EEA,0060,kurze Zinsen runter,1302648204,,50764528222,0.0257,,nein,,
549300NYKK9MWM7GGW15,CON,2025-12-31,ING Groep N.V.,Netherlands,Large highest EEA,0010,Parallelverschiebung hoch,-4817000000,439000000,52138000000,-0.0924,0.0084,nein,nein,
549300NYKK9MWM7GGW15,CON,2025-12-31,ING Groep N.V.,Netherlands,Large highest EEA,0020,Parallelverschiebung runter,1003000000,-905000000,52138000000,0.0192,-0.0174,nein,nein,
549300NYKK9MWM7GGW15,CON,2025-12-31,ING Groep N.V.,Netherlands,Large highest EEA,0030,Steepener,163000000,,52138000000,0.0031,,nein,,
549300NYKK9MWM7GGW15,CON,2025-12-31,ING Groep N.V.,Netherlands,Large highest EEA,0040,Flattener,-1418000000,,52138000000,-0.0272,,nein,,
549300NYKK9MWM7GGW15,CON,2025-12-31,ING Groep N.V.,Netherlands,Large highest EEA,0050,kurze Zinsen hoch,-2548000000,,52138000000,-0.0489,,nein,,
549300NYKK9MWM7GGW15,CON,2025-12-31,ING Groep N.V.,Netherlands,Large highest EEA,0060,kurze Zinsen runter,1305000000,,52138000000,0.0250,,nein,,
549300O3HXYXXUHR0897,CON,2025-12-31,Klarna - Grupp,Sweden,Other highest EEA,0010,Parallelverschiebung hoch,-1021148,15363156,1500800039,-0.0007,0.0102,nein,nein,
549300O3HXYXXUHR0897,CON,2025-12-31,Klarna - Grupp,Sweden,Other highest EEA,0020,Parallelverschiebung runter,903868,-15363156,1500800039,0.0006,-0.0102,nein,nein,
549300O3HXYXXUHR0897,CON,2025-12-31,Klarna - Grupp,Sweden,Other highest EEA,0030,Steepener,-1986420,,1500800039,-0.0013,,nein,,
549300O3HXYXXUHR0897,CON,2025-12-31,Klarna - Grupp,Sweden,Other highest EEA,0040,Flattener,291441,,1500800039,0.0002,,nein,,
549300O3HXYXXUHR0897,CON,2025-12-31,Klarna - Grupp,Sweden,Other highest EEA,0050,kurze Zinsen hoch,-1949314,,1500800039,-0.0013,,nein,,
549300O3HXYXXUHR0897,CON,2025-12-31,Klarna - Grupp,Sweden,Other highest EEA,0060,kurze Zinsen runter,1575803,,1500800039,0.0010,,nein,,
549300OL514RA0SXJJ44,IND,2025-12-31,Clearstream Banking S.A.,Luxembourg,Large subsidiaries,0010,Parallelverschiebung hoch,-24859926,221958049,1029053205,-0.0242,0.2157,nein,nein,
549300OL514RA0SXJJ44,IND,2025-12-31,Clearstream Banking S.A.,Luxembourg,Large subsidiaries,0020,Parallelverschiebung runter,11993827,-221064397,1029053205,0.0117,-0.2148,nein,ja,
549300OL514RA0SXJJ44,IND,2025-12-31,Clearstream Banking S.A.,Luxembourg,Large subsidiaries,0030,Steepener,9343448,,1029053205,0.0091,,nein,,
549300OL514RA0SXJJ44,IND,2025-12-31,Clearstream Banking S.A.,Luxembourg,Large subsidiaries,0040,Flattener,-23794360,,1029053205,-0.0231,,nein,,
549300OL514RA0SXJJ44,IND,2025-12-31,Clearstream Banking S.A.,Luxembourg,Large subsidiaries,0050,kurze Zinsen hoch,-30703640,,1029053205,-0.0298,,nein,,
549300OL514RA0SXJJ44,IND,2025-12-31,Clearstream Banking S.A.,Luxembourg,Large subsidiaries,0060,kurze Zinsen runter,15623008,,1029053205,0.0152,,nein,,
549300OLBL49CW8CT155,CON,2025-06-30,"Ibercaja Banco, S.A.",Spain,Large highest EEA,0010,Parallelverschiebung hoch,4433359,34625439,3000252000,0.0015,0.0115,nein,nein,
549300OLBL49CW8CT155,CON,2025-06-30,"Ibercaja Banco, S.A.",Spain,Large highest EEA,0020,Parallelverschiebung runter,-49153085,-62731403,3000252000,-0.0164,-0.0209,nein,nein,
549300OLBL49CW8CT155,CON,2025-06-30,"Ibercaja Banco, S.A.",Spain,Large highest EEA,0030,Steepener,107920871,,3000252000,0.0360,,nein,,
549300OLBL49CW8CT155,CON,2025-06-30,"Ibercaja Banco, S.A.",Spain,Large highest EEA,0040,Flattener,-123643510,,3000252000,-0.0412,,nein,,
549300OLBL49CW8CT155,CON,2025-06-30,"Ibercaja Banco, S.A.",Spain,Large highest EEA,0050,kurze Zinsen hoch,-124861994,,3000252000,-0.0416,,nein,,
549300OLBL49CW8CT155,CON,2025-06-30,"Ibercaja Banco, S.A.",Spain,Large highest EEA,0060,kurze Zinsen runter,135505183,,3000252000,0.0452,,nein,,
549300OLBL49CW8CT155,CON,2025-12-31,"Ibercaja Banco, S.A.",Spain,Large highest EEA,0010,Parallelverschiebung hoch,-97525871,16622819,3087410000,-0.0316,0.0054,nein,nein,
549300OLBL49CW8CT155,CON,2025-12-31,"Ibercaja Banco, S.A.",Spain,Large highest EEA,0020,Parallelverschiebung runter,25094874,-41499327,3087410000,0.0081,-0.0134,nein,nein,
549300OLBL49CW8CT155,CON,2025-12-31,"Ibercaja Banco, S.A.",Spain,Large highest EEA,0030,Steepener,-199600122,,3087410000,-0.0646,,nein,,
549300OLBL49CW8CT155,CON,2025-12-31,"Ibercaja Banco, S.A.",Spain,Large highest EEA,0040,Flattener,-73007930,,3087410000,-0.0236,,nein,,
549300OLBL49CW8CT155,CON,2025-12-31,"Ibercaja Banco, S.A.",Spain,Large highest EEA,0050,kurze Zinsen hoch,-118624072,,3087410000,-0.0384,,nein,,
549300OLBL49CW8CT155,CON,2025-12-31,"Ibercaja Banco, S.A.",Spain,Large highest EEA,0060,kurze Zinsen runter,-47442226,,3087410000,-0.0154,,nein,,
549300PZMFIQR79Q0T97,CON,2025-12-31,Íslandsbanki hf.,Iceland,Large highest EEA,0010,Parallelverschiebung hoch,-17002160,-28538370,1526337680,-0.0111,-0.0187,nein,nein,
549300PZMFIQR79Q0T97,CON,2025-12-31,Íslandsbanki hf.,Iceland,Large highest EEA,0020,Parallelverschiebung runter,54320,1622810,1526337680,0.0000,0.0011,nein,nein,
549300PZMFIQR79Q0T97,CON,2025-12-31,Íslandsbanki hf.,Iceland,Large highest EEA,0030,Steepener,1561700,,1526337680,0.0010,,nein,,
549300PZMFIQR79Q0T97,CON,2025-12-31,Íslandsbanki hf.,Iceland,Large highest EEA,0040,Flattener,-14483070,,1526337680,-0.0095,,nein,,
549300PZMFIQR79Q0T97,CON,2025-12-31,Íslandsbanki hf.,Iceland,Large highest EEA,0050,kurze Zinsen hoch,-19724950,,1526337680,-0.0129,,nein,,
549300PZMFIQR79Q0T97,CON,2025-12-31,Íslandsbanki hf.,Iceland,Large highest EEA,0060,kurze Zinsen runter,1520960,,1526337680,0.0010,,nein,,
549300Q3OIWRHQUQM052,CON,2025-12-31,SpareBank 1 Sør-Norge,Norway,Large highest EEA,0010,Parallelverschiebung hoch,5300491,9770119,3733339855,0.0014,0.0026,nein,nein,
549300Q3OIWRHQUQM052,CON,2025-12-31,SpareBank 1 Sør-Norge,Norway,Large highest EEA,0020,Parallelverschiebung runter,-1091875,-40722772,3733339855,-0.0003,-0.0109,nein,nein,
549300Q3OIWRHQUQM052,CON,2025-12-31,SpareBank 1 Sør-Norge,Norway,Large highest EEA,0030,Steepener,379201,,3733339855,0.0001,,nein,,
549300Q3OIWRHQUQM052,CON,2025-12-31,SpareBank 1 Sør-Norge,Norway,Large highest EEA,0040,Flattener,2212556,,3733339855,0.0006,,nein,,
549300Q3OIWRHQUQM052,CON,2025-12-31,SpareBank 1 Sør-Norge,Norway,Large highest EEA,0050,kurze Zinsen hoch,4472374,,3733339855,0.0012,,nein,,
549300Q3OIWRHQUQM052,CON,2025-12-31,SpareBank 1 Sør-Norge,Norway,Large highest EEA,0060,kurze Zinsen runter,-172576,,3733339855,-0.0000,,nein,,
549300RFKNCOX56F8591,CON,2025-06-30,RAIFFEISEN BANK S.A.,Romania,Large subsidiaries,0010,Parallelverschiebung hoch,-124547,-49999,1506564,-0.0827,-0.0332,nein,nein,
549300RFKNCOX56F8591,CON,2025-06-30,RAIFFEISEN BANK S.A.,Romania,Large subsidiaries,0020,Parallelverschiebung runter,68497,-19754,1506564,0.0455,-0.0131,nein,nein,
549300RFKNCOX56F8591,CON,2025-06-30,RAIFFEISEN BANK S.A.,Romania,Large subsidiaries,0030,Steepener,812,,1506564,0.0005,,nein,,
549300RFKNCOX56F8591,CON,2025-06-30,RAIFFEISEN BANK S.A.,Romania,Large subsidiaries,0040,Flattener,-41217,,1506564,-0.0274,,nein,,
549300RFKNCOX56F8591,CON,2025-06-30,RAIFFEISEN BANK S.A.,Romania,Large subsidiaries,0050,kurze Zinsen hoch,-83086,,1506564,-0.0551,,nein,,
549300RFKNCOX56F8591,CON,2025-06-30,RAIFFEISEN BANK S.A.,Romania,Large subsidiaries,0060,kurze Zinsen runter,41481,,1506564,0.0275,,nein,,
549300RFKNCOX56F8591,CON,2025-12-31,RAIFFEISEN BANK S.A.,Romania,Large subsidiaries,0010,Parallelverschiebung hoch,-107643,-46578,1574367,-0.0684,-0.0296,nein,nein,
549300RFKNCOX56F8591,CON,2025-12-31,RAIFFEISEN BANK S.A.,Romania,Large subsidiaries,0020,Parallelverschiebung runter,55266,-24153,1574367,0.0351,-0.0153,nein,nein,
549300RFKNCOX56F8591,CON,2025-12-31,RAIFFEISEN BANK S.A.,Romania,Large subsidiaries,0030,Steepener,551,,1574367,0.0003,,nein,,
549300RFKNCOX56F8591,CON,2025-12-31,RAIFFEISEN BANK S.A.,Romania,Large subsidiaries,0040,Flattener,-39222,,1574367,-0.0249,,nein,,
549300RFKNCOX56F8591,CON,2025-12-31,RAIFFEISEN BANK S.A.,Romania,Large subsidiaries,0050,kurze Zinsen hoch,-76821,,1574367,-0.0488,,nein,,
549300RFKNCOX56F8591,CON,2025-12-31,RAIFFEISEN BANK S.A.,Romania,Large subsidiaries,0060,kurze Zinsen runter,32843,,1574367,0.0209,,nein,,
549300RG3H390KEL8896,CON,2025-06-30,Banca Transilvania,Romania,Large highest EEA,0010,Parallelverschiebung hoch,-255713123,54718574,3439529437,-0.0743,0.0159,nein,nein,
549300RG3H390KEL8896,CON,2025-06-30,Banca Transilvania,Romania,Large highest EEA,0020,Parallelverschiebung runter,0,-54718574,3439529437,0.0000,-0.0159,nein,nein,
549300RG3H390KEL8896,CON,2025-06-30,Banca Transilvania,Romania,Large highest EEA,0030,Steepener,0,,3439529437,0.0000,,nein,,
549300RG3H390KEL8896,CON,2025-06-30,Banca Transilvania,Romania,Large highest EEA,0040,Flattener,-168936975,,3439529437,-0.0491,,nein,,
549300RG3H390KEL8896,CON,2025-06-30,Banca Transilvania,Romania,Large highest EEA,0050,kurze Zinsen hoch,-267447496,,3439529437,-0.0778,,nein,,
549300RG3H390KEL8896,CON,2025-06-30,Banca Transilvania,Romania,Large highest EEA,0060,kurze Zinsen runter,0,,3439529437,0.0000,,nein,,
549300RG3H390KEL8896,CON,2025-12-31,Banca Transilvania,Romania,Large highest EEA,0010,Parallelverschiebung hoch,-204184878,-25823162,4052984763,-0.0504,-0.0064,nein,nein,
549300RG3H390KEL8896,CON,2025-12-31,Banca Transilvania,Romania,Large highest EEA,0020,Parallelverschiebung runter,-170980688,45141220,4052984763,-0.0422,0.0111,nein,nein,
549300RG3H390KEL8896,CON,2025-12-31,Banca Transilvania,Romania,Large highest EEA,0030,Steepener,0,,4052984763,0.0000,,nein,,
549300RG3H390KEL8896,CON,2025-12-31,Banca Transilvania,Romania,Large highest EEA,0040,Flattener,-253562577,,4052984763,-0.0626,,nein,,
549300RG3H390KEL8896,CON,2025-12-31,Banca Transilvania,Romania,Large highest EEA,0050,kurze Zinsen hoch,-276005328,,4052984763,-0.0681,,nein,,
549300RG3H390KEL8896,CON,2025-12-31,Banca Transilvania,Romania,Large highest EEA,0060,kurze Zinsen runter,-55377504,,4052984763,-0.0137,,nein,,
549300SXM92LQ05OJQ76,CON,2025-12-31,Sparebank 1 Nord-Norge SPA,Norway,Other highest EEA,0010,Parallelverschiebung hoch,-1962633,37087163,1356745688,-0.0014,0.0273,nein,nein,
549300SXM92LQ05OJQ76,CON,2025-12-31,Sparebank 1 Nord-Norge SPA,Norway,Other highest EEA,0020,Parallelverschiebung runter,6127419,-19242973,1356745688,0.0045,-0.0142,nein,nein,
549300SXM92LQ05OJQ76,CON,2025-12-31,Sparebank 1 Nord-Norge SPA,Norway,Other highest EEA,0030,Steepener,11680455,,1356745688,0.0086,,nein,,
549300SXM92LQ05OJQ76,CON,2025-12-31,Sparebank 1 Nord-Norge SPA,Norway,Other highest EEA,0040,Flattener,-2747250,,1356745688,-0.0020,,nein,,
549300SXM92LQ05OJQ76,CON,2025-12-31,Sparebank 1 Nord-Norge SPA,Norway,Other highest EEA,0050,kurze Zinsen hoch,-2916527,,1356745688,-0.0021,,nein,,
549300SXM92LQ05OJQ76,CON,2025-12-31,Sparebank 1 Nord-Norge SPA,Norway,Other highest EEA,0060,kurze Zinsen runter,11777376,,1356745688,0.0087,,nein,,
549300TEJKOLFN65KR76,IND,2025-12-31,BNF Bank plc,Malta,Other highest EEA,0010,Parallelverschiebung hoch,-12546308,1123209,99334140,-0.1263,0.0113,nein,nein,
549300TEJKOLFN65KR76,IND,2025-12-31,BNF Bank plc,Malta,Other highest EEA,0020,Parallelverschiebung runter,7261272,-983559,99334140,0.0731,-0.0099,nein,nein,
549300TEJKOLFN65KR76,IND,2025-12-31,BNF Bank plc,Malta,Other highest EEA,0030,Steepener,-4861189,,99334140,-0.0489,,nein,,
549300TEJKOLFN65KR76,IND,2025-12-31,BNF Bank plc,Malta,Other highest EEA,0040,Flattener,1509301,,99334140,0.0152,,nein,,
549300TEJKOLFN65KR76,IND,2025-12-31,BNF Bank plc,Malta,Other highest EEA,0050,kurze Zinsen hoch,-1134285,,99334140,-0.0114,,nein,,
549300TEJKOLFN65KR76,IND,2025-12-31,BNF Bank plc,Malta,Other highest EEA,0060,kurze Zinsen runter,441437,,99334140,0.0044,,nein,,
549300TK038P6EV4YU51,CON,2025-12-31,AB Artea bankas,Lithuania,Large highest EEA,0010,Parallelverschiebung hoch,-35675,20982,586272921,-0.0001,0.0000,nein,nein,
549300TK038P6EV4YU51,CON,2025-12-31,AB Artea bankas,Lithuania,Large highest EEA,0020,Parallelverschiebung runter,46250,-21133,586272921,0.0001,-0.0000,nein,nein,
549300TK038P6EV4YU51,CON,2025-12-31,AB Artea bankas,Lithuania,Large highest EEA,0030,Steepener,5630,,586272921,0.0000,,nein,,
549300TK038P6EV4YU51,CON,2025-12-31,AB Artea bankas,Lithuania,Large highest EEA,0040,Flattener,-12062,,586272921,-0.0000,,nein,,
549300TK038P6EV4YU51,CON,2025-12-31,AB Artea bankas,Lithuania,Large highest EEA,0050,kurze Zinsen hoch,-20766,,586272921,-0.0000,,nein,,
549300TK038P6EV4YU51,CON,2025-12-31,AB Artea bankas,Lithuania,Large highest EEA,0060,kurze Zinsen runter,23733,,586272921,0.0000,,nein,,
549300TL5406IC1XKD09,CON,2025-12-31,Saxo Bank A/S,Denmark,Large highest EEA,0010,Parallelverschiebung hoch,89,586,4122,0.0216,0.1421,,,skala
549300TL5406IC1XKD09,CON,2025-12-31,Saxo Bank A/S,Denmark,Large highest EEA,0020,Parallelverschiebung runter,-144,-921,4122,-0.0350,-0.2235,,,skala
549300TL5406IC1XKD09,CON,2025-12-31,Saxo Bank A/S,Denmark,Large highest EEA,0030,Steepener,-19,,4122,-0.0045,,,,skala
549300TL5406IC1XKD09,CON,2025-12-31,Saxo Bank A/S,Denmark,Large highest EEA,0040,Flattener,12,,4122,0.0029,,,,skala
549300TL5406IC1XKD09,CON,2025-12-31,Saxo Bank A/S,Denmark,Large highest EEA,0050,kurze Zinsen hoch,42,,4122,0.0102,,,,skala
549300TL5406IC1XKD09,CON,2025-12-31,Saxo Bank A/S,Denmark,Large highest EEA,0060,kurze Zinsen runter,-82,,4122,-0.0198,,,,skala
549300TRUWO2CD2G5692,CON,2025-06-30,"UNICREDIT, SOCIETA' PER AZIONI",Italy,Large highest EEA,0010,Parallelverschiebung hoch,-2763206802,547244114,51055878000,-0.0541,0.0107,nein,nein,
549300TRUWO2CD2G5692,CON,2025-06-30,"UNICREDIT, SOCIETA' PER AZIONI",Italy,Large highest EEA,0020,Parallelverschiebung runter,1169765510,-2038806743,51055878000,0.0229,-0.0399,nein,nein,
549300TRUWO2CD2G5692,CON,2025-06-30,"UNICREDIT, SOCIETA' PER AZIONI",Italy,Large highest EEA,0030,Steepener,1175715066,,51055878000,0.0230,,nein,,
549300TRUWO2CD2G5692,CON,2025-06-30,"UNICREDIT, SOCIETA' PER AZIONI",Italy,Large highest EEA,0040,Flattener,-838195438,,51055878000,-0.0164,,nein,,
549300TRUWO2CD2G5692,CON,2025-06-30,"UNICREDIT, SOCIETA' PER AZIONI",Italy,Large highest EEA,0050,kurze Zinsen hoch,-1466030566,,51055878000,-0.0287,,nein,,
549300TRUWO2CD2G5692,CON,2025-06-30,"UNICREDIT, SOCIETA' PER AZIONI",Italy,Large highest EEA,0060,kurze Zinsen runter,733835074,,51055878000,0.0144,,nein,,
549300TRUWO2CD2G5692,CON,2025-12-31,"UNICREDIT, SOCIETA' PER AZIONI",Italy,Large highest EEA,0010,Parallelverschiebung hoch,-5311154375,67552868,48656311000,-0.1092,0.0014,nein,nein,
549300TRUWO2CD2G5692,CON,2025-12-31,"UNICREDIT, SOCIETA' PER AZIONI",Italy,Large highest EEA,0020,Parallelverschiebung runter,2906730878,-1615097949,48656311000,0.0597,-0.0332,nein,nein,
549300TRUWO2CD2G5692,CON,2025-12-31,"UNICREDIT, SOCIETA' PER AZIONI",Italy,Large highest EEA,0030,Steepener,1532024738,,48656311000,0.0315,,nein,,
549300TRUWO2CD2G5692,CON,2025-12-31,"UNICREDIT, SOCIETA' PER AZIONI",Italy,Large highest EEA,0040,Flattener,-396724200,,48656311000,-0.0082,,nein,,
549300TRUWO2CD2G5692,CON,2025-12-31,"UNICREDIT, SOCIETA' PER AZIONI",Italy,Large highest EEA,0050,kurze Zinsen hoch,-1849723530,,48656311000,-0.0380,,nein,,
549300TRUWO2CD2G5692,CON,2025-12-31,"UNICREDIT, SOCIETA' PER AZIONI",Italy,Large highest EEA,0060,kurze Zinsen runter,1746886655,,48656311000,0.0359,,nein,,
549300TTZTKBUFKWH890,CON,2025-12-31,The Cyprus Development Bank Public Company Ltd,Cyprus,Other highest EEA,0010,Parallelverschiebung hoch,-889,1448,50600,-0.0176,0.0286,,,skala
549300TTZTKBUFKWH890,CON,2025-12-31,The Cyprus Development Bank Public Company Ltd,Cyprus,Other highest EEA,0020,Parallelverschiebung runter,885,-2738,50600,0.0175,-0.0541,,,skala
549300TTZTKBUFKWH890,CON,2025-12-31,The Cyprus Development Bank Public Company Ltd,Cyprus,Other highest EEA,0030,Steepener,1717,,50600,0.0339,,,,skala
549300TTZTKBUFKWH890,CON,2025-12-31,The Cyprus Development Bank Public Company Ltd,Cyprus,Other highest EEA,0040,Flattener,-278,,50600,-0.0055,,,,skala
549300TTZTKBUFKWH890,CON,2025-12-31,The Cyprus Development Bank Public Company Ltd,Cyprus,Other highest EEA,0050,kurze Zinsen hoch,-308,,50600,-0.0061,,,,skala
549300TTZTKBUFKWH890,CON,2025-12-31,The Cyprus Development Bank Public Company Ltd,Cyprus,Other highest EEA,0060,kurze Zinsen runter,702,,50600,0.0139,,,,skala
549300U4LIZV0REEQQ46,CON,2025-06-30,"Kutxabank, S.A.",Spain,Large highest EEA,0010,Parallelverschiebung hoch,-440407408,138898033,5954191950,-0.0740,0.0233,nein,nein,
549300U4LIZV0REEQQ46,CON,2025-06-30,"Kutxabank, S.A.",Spain,Large highest EEA,0020,Parallelverschiebung runter,465766387,-152348302,5954191950,0.0782,-0.0256,nein,nein,
549300U4LIZV0REEQQ46,CON,2025-06-30,"Kutxabank, S.A.",Spain,Large highest EEA,0030,Steepener,-303733971,,5954191950,-0.0510,,nein,,
549300U4LIZV0REEQQ46,CON,2025-06-30,"Kutxabank, S.A.",Spain,Large highest EEA,0040,Flattener,292662514,,5954191950,0.0492,,nein,,
549300U4LIZV0REEQQ46,CON,2025-06-30,"Kutxabank, S.A.",Spain,Large highest EEA,0050,kurze Zinsen hoch,-10290443,,5954191950,-0.0017,,nein,,
549300U4LIZV0REEQQ46,CON,2025-06-30,"Kutxabank, S.A.",Spain,Large highest EEA,0060,kurze Zinsen runter,35659141,,5954191950,0.0060,,nein,,
549300U4LIZV0REEQQ46,CON,2025-12-31,"Kutxabank, S.A.",Spain,Large highest EEA,0010,Parallelverschiebung hoch,-375163000,154035000,6309366000,-0.0595,0.0244,nein,nein,
549300U4LIZV0REEQQ46,CON,2025-12-31,"Kutxabank, S.A.",Spain,Large highest EEA,0020,Parallelverschiebung runter,367955000,-182249000,6309366000,0.0583,-0.0289,nein,nein,
549300U4LIZV0REEQQ46,CON,2025-12-31,"Kutxabank, S.A.",Spain,Large highest EEA,0030,Steepener,-324387000,,6309366000,-0.0514,,nein,,
549300U4LIZV0REEQQ46,CON,2025-12-31,"Kutxabank, S.A.",Spain,Large highest EEA,0040,Flattener,299308000,,6309366000,0.0474,,nein,,
549300U4LIZV0REEQQ46,CON,2025-12-31,"Kutxabank, S.A.",Spain,Large highest EEA,0050,kurze Zinsen hoch,24839000,,6309366000,0.0039,,nein,,
549300U4LIZV0REEQQ46,CON,2025-12-31,"Kutxabank, S.A.",Spain,Large highest EEA,0060,kurze Zinsen runter,12973000,,6309366000,0.0021,,nein,,
549300UARE5MHTBUPJ19,CON,2025-12-31,Promontoria 19 Coöperatie U.A.,Netherlands,Large highest EEA,0010,Parallelverschiebung hoch,-184594659,11860023,1500041170,-0.1231,0.0079,nein,nein,
549300UARE5MHTBUPJ19,CON,2025-12-31,Promontoria 19 Coöperatie U.A.,Netherlands,Large highest EEA,0020,Parallelverschiebung runter,-108334686,-45672607,1500041170,-0.0722,-0.0304,nein,nein,
549300UARE5MHTBUPJ19,CON,2025-12-31,Promontoria 19 Coöperatie U.A.,Netherlands,Large highest EEA,0030,Steepener,14894123,,1500041170,0.0099,,nein,,
549300UARE5MHTBUPJ19,CON,2025-12-31,Promontoria 19 Coöperatie U.A.,Netherlands,Large highest EEA,0040,Flattener,-65774371,,1500041170,-0.0438,,nein,,
549300UARE5MHTBUPJ19,CON,2025-12-31,Promontoria 19 Coöperatie U.A.,Netherlands,Large highest EEA,0050,kurze Zinsen hoch,-112092703,,1500041170,-0.0747,,nein,,
549300UARE5MHTBUPJ19,CON,2025-12-31,Promontoria 19 Coöperatie U.A.,Netherlands,Large highest EEA,0060,kurze Zinsen runter,70153654,,1500041170,0.0468,,nein,,
549300URJH9VSI58CS32,CON,2025-06-30,"Banco Santander Totta, SA",Portugal,Large subsidiaries,0010,Parallelverschiebung hoch,-236607644,-43833247,,,,,,skala
549300URJH9VSI58CS32,CON,2025-06-30,"Banco Santander Totta, SA",Portugal,Large subsidiaries,0020,Parallelverschiebung runter,114675428,22091227,,,,,,skala
549300URJH9VSI58CS32,CON,2025-06-30,"Banco Santander Totta, SA",Portugal,Large subsidiaries,0030,Steepener,58273321,,,,,,,skala
549300URJH9VSI58CS32,CON,2025-06-30,"Banco Santander Totta, SA",Portugal,Large subsidiaries,0040,Flattener,-146403270,,,,,,,skala
549300URJH9VSI58CS32,CON,2025-06-30,"Banco Santander Totta, SA",Portugal,Large subsidiaries,0050,kurze Zinsen hoch,-209085907,,,,,,,skala
549300URJH9VSI58CS32,CON,2025-06-30,"Banco Santander Totta, SA",Portugal,Large subsidiaries,0060,kurze Zinsen runter,114027814,,,,,,,skala
549300URJH9VSI58CS32,CON,2025-12-31,"Banco Santander Totta, SA",Portugal,Large subsidiaries,0010,Parallelverschiebung hoch,-236607644,-43833247,3362151516,-0.0704,-0.0130,nein,nein,
549300URJH9VSI58CS32,CON,2025-12-31,"Banco Santander Totta, SA",Portugal,Large subsidiaries,0020,Parallelverschiebung runter,114675428,22091227,3362151516,0.0341,0.0066,nein,nein,
549300URJH9VSI58CS32,CON,2025-12-31,"Banco Santander Totta, SA",Portugal,Large subsidiaries,0030,Steepener,58273321,,3362151516,0.0173,,nein,,
549300URJH9VSI58CS32,CON,2025-12-31,"Banco Santander Totta, SA",Portugal,Large subsidiaries,0040,Flattener,-146403270,,3362151516,-0.0435,,nein,,
549300URJH9VSI58CS32,CON,2025-12-31,"Banco Santander Totta, SA",Portugal,Large subsidiaries,0050,kurze Zinsen hoch,-209085907,,3362151516,-0.0622,,nein,,
549300URJH9VSI58CS32,CON,2025-12-31,"Banco Santander Totta, SA",Portugal,Large subsidiaries,0060,kurze Zinsen runter,114027814,,3362151516,0.0339,,nein,,
549300UY81ESCZJ0GR95,CON,2025-06-30,First Investment Bank,Bulgaria,Large highest EEA,0010,Parallelverschiebung hoch,5493,-21755,1040251,0.0053,-0.0209,,,skala
549300UY81ESCZJ0GR95,CON,2025-06-30,First Investment Bank,Bulgaria,Large highest EEA,0020,Parallelverschiebung runter,-6520,25724,1040251,-0.0063,0.0247,,,skala
549300UY81ESCZJ0GR95,CON,2025-06-30,First Investment Bank,Bulgaria,Large highest EEA,0030,Steepener,-7187,,1040251,-0.0069,,,,skala
549300UY81ESCZJ0GR95,CON,2025-06-30,First Investment Bank,Bulgaria,Large highest EEA,0040,Flattener,9822,,1040251,0.0094,,,,skala
549300UY81ESCZJ0GR95,CON,2025-06-30,First Investment Bank,Bulgaria,Large highest EEA,0050,kurze Zinsen hoch,8374,,1040251,0.0080,,,,skala
549300UY81ESCZJ0GR95,CON,2025-06-30,First Investment Bank,Bulgaria,Large highest EEA,0060,kurze Zinsen runter,-10946,,1040251,-0.0105,,,,skala
549300UY81ESCZJ0GR95,CON,2025-12-31,First Investment Bank,Bulgaria,Large highest EEA,0010,Parallelverschiebung hoch,-30150850,15532271,1034667191,-0.0291,0.0150,nein,nein,
549300UY81ESCZJ0GR95,CON,2025-12-31,First Investment Bank,Bulgaria,Large highest EEA,0020,Parallelverschiebung runter,2107579,-44223360,1034667191,0.0020,-0.0427,nein,nein,
549300UY81ESCZJ0GR95,CON,2025-12-31,First Investment Bank,Bulgaria,Large highest EEA,0030,Steepener,61431161,,1034667191,0.0594,,nein,,
549300UY81ESCZJ0GR95,CON,2025-12-31,First Investment Bank,Bulgaria,Large highest EEA,0040,Flattener,-47805016,,1034667191,-0.0462,,nein,,
549300UY81ESCZJ0GR95,CON,2025-12-31,First Investment Bank,Bulgaria,Large highest EEA,0050,kurze Zinsen hoch,-44238699,,1034667191,-0.0428,,nein,,
549300UY81ESCZJ0GR95,CON,2025-12-31,First Investment Bank,Bulgaria,Large highest EEA,0060,kurze Zinsen runter,24488202,,1034667191,0.0237,,nein,,
549300VRM6G42M8OWN49,CON,2025-12-31,Sparebank 1 Østlandet,Norway,Other highest EEA,0010,Parallelverschiebung hoch,1738154,37260385,1930933787,0.0009,0.0193,nein,nein,
549300VRM6G42M8OWN49,CON,2025-12-31,Sparebank 1 Østlandet,Norway,Other highest EEA,0020,Parallelverschiebung runter,-1738154,-35809999,1930933787,-0.0009,-0.0185,nein,nein,
549300VRM6G42M8OWN49,CON,2025-12-31,Sparebank 1 Østlandet,Norway,Other highest EEA,0030,Steepener,-1200991,,1930933787,-0.0006,,nein,,
549300VRM6G42M8OWN49,CON,2025-12-31,Sparebank 1 Østlandet,Norway,Other highest EEA,0040,Flattener,1600188,,1930933787,0.0008,,nein,,
549300VRM6G42M8OWN49,CON,2025-12-31,Sparebank 1 Østlandet,Norway,Other highest EEA,0050,kurze Zinsen hoch,2180529,,1930933787,0.0011,,nein,,
549300VRM6G42M8OWN49,CON,2025-12-31,Sparebank 1 Østlandet,Norway,Other highest EEA,0060,kurze Zinsen runter,-2180529,,1930933787,-0.0011,,nein,,
549300X34UUBDEUL1Z91,CON,2025-06-30,HSBC Bank Malta p.l.c.,Malta,Large subsidiaries,0010,Parallelverschiebung hoch,-13557374,37351951,496876286,-0.0273,0.0752,nein,nein,
549300X34UUBDEUL1Z91,CON,2025-06-30,HSBC Bank Malta p.l.c.,Malta,Large subsidiaries,0020,Parallelverschiebung runter,20418921,-40900264,496876286,0.0411,-0.0823,nein,ja,
549300X34UUBDEUL1Z91,CON,2025-06-30,HSBC Bank Malta p.l.c.,Malta,Large subsidiaries,0030,Steepener,11123022,,496876286,0.0224,,nein,,
549300X34UUBDEUL1Z91,CON,2025-06-30,HSBC Bank Malta p.l.c.,Malta,Large subsidiaries,0040,Flattener,-12795125,,496876286,-0.0258,,nein,,
549300X34UUBDEUL1Z91,CON,2025-06-30,HSBC Bank Malta p.l.c.,Malta,Large subsidiaries,0050,kurze Zinsen hoch,-16721897,,496876286,-0.0337,,nein,,
549300X34UUBDEUL1Z91,CON,2025-06-30,HSBC Bank Malta p.l.c.,Malta,Large subsidiaries,0060,kurze Zinsen runter,18554091,,496876286,0.0373,,nein,,
549300X34UUBDEUL1Z91,CON,2025-12-31,HSBC Bank Malta p.l.c.,Malta,Large subsidiaries,0010,Parallelverschiebung hoch,-26141954,21550331,523410414,-0.0499,0.0412,nein,nein,
549300X34UUBDEUL1Z91,CON,2025-12-31,HSBC Bank Malta p.l.c.,Malta,Large subsidiaries,0020,Parallelverschiebung runter,19229226,-42908447,523410414,0.0367,-0.0820,nein,ja,
549300X34UUBDEUL1Z91,CON,2025-12-31,HSBC Bank Malta p.l.c.,Malta,Large subsidiaries,0030,Steepener,4355404,,523410414,0.0083,,nein,,
549300X34UUBDEUL1Z91,CON,2025-12-31,HSBC Bank Malta p.l.c.,Malta,Large subsidiaries,0040,Flattener,-11875974,,523410414,-0.0227,,nein,,
549300X34UUBDEUL1Z91,CON,2025-12-31,HSBC Bank Malta p.l.c.,Malta,Large subsidiaries,0050,kurze Zinsen hoch,-20276366,,523410414,-0.0387,,nein,,
549300X34UUBDEUL1Z91,CON,2025-12-31,HSBC Bank Malta p.l.c.,Malta,Large subsidiaries,0060,kurze Zinsen runter,11092823,,523410414,0.0212,,nein,,
549300XWJHRKLHU2PS28,CON,2025-12-31,ERSTE csoport,Hungary,Large subsidiaries,0010,Parallelverschiebung hoch,16523000,5995600,1380888600,0.0120,0.0043,nein,nein,
549300XWJHRKLHU2PS28,CON,2025-12-31,ERSTE csoport,Hungary,Large subsidiaries,0020,Parallelverschiebung runter,-61703200,-15865200,1380888600,-0.0447,-0.0115,nein,nein,
549300XWJHRKLHU2PS28,CON,2025-12-31,ERSTE csoport,Hungary,Large subsidiaries,0030,Steepener,45848400,,1380888600,0.0332,,nein,,
549300XWJHRKLHU2PS28,CON,2025-12-31,ERSTE csoport,Hungary,Large subsidiaries,0040,Flattener,-90056200,,1380888600,-0.0652,,nein,,
549300XWJHRKLHU2PS28,CON,2025-12-31,ERSTE csoport,Hungary,Large subsidiaries,0050,kurze Zinsen hoch,-67753400,,1380888600,-0.0491,,nein,,
549300XWJHRKLHU2PS28,CON,2025-12-31,ERSTE csoport,Hungary,Large subsidiaries,0060,kurze Zinsen runter,31376800,,1380888600,0.0227,,nein,,
549300Z7V2WOFIMUEK50,CON,2025-12-31,UniCredit Bulbank AD,Bulgaria,Large subsidiaries,0010,Parallelverschiebung hoch,-88612380,27262005,2047342347,-0.0433,0.0133,nein,nein,
549300Z7V2WOFIMUEK50,CON,2025-12-31,UniCredit Bulbank AD,Bulgaria,Large subsidiaries,0020,Parallelverschiebung runter,114020,-73545903,2047342347,0.0001,-0.0359,nein,nein,
549300Z7V2WOFIMUEK50,CON,2025-12-31,UniCredit Bulbank AD,Bulgaria,Large subsidiaries,0030,Steepener,-89765873,,2047342347,-0.0438,,nein,,
549300Z7V2WOFIMUEK50,CON,2025-12-31,UniCredit Bulbank AD,Bulgaria,Large subsidiaries,0040,Flattener,43173661,,2047342347,0.0211,,nein,,
549300Z7V2WOFIMUEK50,CON,2025-12-31,UniCredit Bulbank AD,Bulgaria,Large subsidiaries,0050,kurze Zinsen hoch,-100002099,,2047342347,-0.0488,,nein,,
549300Z7V2WOFIMUEK50,CON,2025-12-31,UniCredit Bulbank AD,Bulgaria,Large subsidiaries,0060,kurze Zinsen runter,28711029,,2047342347,0.0140,,nein,,
549300ZEF3QWM810M319,IND,2025-12-31,Ziklo Bank AB,Sweden,Other highest EEA,0010,Parallelverschiebung hoch,-2430055,20698970,591514691,-0.0041,0.0350,nein,nein,
549300ZEF3QWM810M319,IND,2025-12-31,Ziklo Bank AB,Sweden,Other highest EEA,0020,Parallelverschiebung runter,-1516000,-27334885,591514691,-0.0026,-0.0462,nein,nein,
549300ZEF3QWM810M319,IND,2025-12-31,Ziklo Bank AB,Sweden,Other highest EEA,0030,Steepener,-2603558,,591514691,-0.0044,,nein,,
549300ZEF3QWM810M319,IND,2025-12-31,Ziklo Bank AB,Sweden,Other highest EEA,0040,Flattener,1667657,,591514691,0.0028,,nein,,
549300ZEF3QWM810M319,IND,2025-12-31,Ziklo Bank AB,Sweden,Other highest EEA,0050,kurze Zinsen hoch,458913,,591514691,0.0008,,nein,,
549300ZEF3QWM810M319,IND,2025-12-31,Ziklo Bank AB,Sweden,Other highest EEA,0060,kurze Zinsen runter,-4039477,,591514691,-0.0068,,nein,,
549300ZHFZ4CSK7VS460,CON,2025-12-31,Privredna Banka Zagreb d.d.,Croatia,Large subsidiaries,0010,Parallelverschiebung hoch,-244509405,22518248,2360487452,-0.1036,0.0095,nein,nein,
549300ZHFZ4CSK7VS460,CON,2025-12-31,Privredna Banka Zagreb d.d.,Croatia,Large subsidiaries,0020,Parallelverschiebung runter,124633288,-88341786,2360487452,0.0528,-0.0374,nein,nein,
549300ZHFZ4CSK7VS460,CON,2025-12-31,Privredna Banka Zagreb d.d.,Croatia,Large subsidiaries,0030,Steepener,12652470,,2360487452,0.0054,,nein,,
549300ZHFZ4CSK7VS460,CON,2025-12-31,Privredna Banka Zagreb d.d.,Croatia,Large subsidiaries,0040,Flattener,-67346410,,2360487452,-0.0285,,nein,,
549300ZHFZ4CSK7VS460,CON,2025-12-31,Privredna Banka Zagreb d.d.,Croatia,Large subsidiaries,0050,kurze Zinsen hoch,-136517702,,2360487452,-0.0578,,nein,,
549300ZHFZ4CSK7VS460,CON,2025-12-31,Privredna Banka Zagreb d.d.,Croatia,Large subsidiaries,0060,kurze Zinsen runter,68167430,,2360487452,0.0289,,nein,,
549300ZK53CNGEEI6A29,IND,2025-12-31,J.P. Morgan SE,Germany,Large highest EEA,0010,Parallelverschiebung hoch,171695294,263252509,25665924291,0.0067,0.0103,nein,nein,
549300ZK53CNGEEI6A29,IND,2025-12-31,J.P. Morgan SE,Germany,Large highest EEA,0020,Parallelverschiebung runter,-1047280199,-818328942,25665924291,-0.0408,-0.0319,nein,nein,
549300ZK53CNGEEI6A29,IND,2025-12-31,J.P. Morgan SE,Germany,Large highest EEA,0030,Steepener,147412836,,25665924291,0.0057,,nein,,
549300ZK53CNGEEI6A29,IND,2025-12-31,J.P. Morgan SE,Germany,Large highest EEA,0040,Flattener,-339435738,,25665924291,-0.0132,,nein,,
549300ZK53CNGEEI6A29,IND,2025-12-31,J.P. Morgan SE,Germany,Large highest EEA,0050,kurze Zinsen hoch,-186427077,,25665924291,-0.0073,,nein,,
549300ZK53CNGEEI6A29,IND,2025-12-31,J.P. Morgan SE,Germany,Large highest EEA,0060,kurze Zinsen runter,-197435981,,25665924291,-0.0077,,nein,,
5967007LIEEXZX51WW28,CON,2025-12-31,SPAREBANKEN ØST,Norway,Other highest EEA,0010,Parallelverschiebung hoch,-796235,3579323,351558491,-0.0023,0.0102,nein,nein,
5967007LIEEXZX51WW28,CON,2025-12-31,SPAREBANKEN ØST,Norway,Other highest EEA,0020,Parallelverschiebung runter,606941,-14306275,351558491,0.0017,-0.0407,nein,nein,
5967007LIEEXZX51WW28,CON,2025-12-31,SPAREBANKEN ØST,Norway,Other highest EEA,0030,Steepener,1452528,,351558491,0.0041,,nein,,
5967007LIEEXZX51WW28,CON,2025-12-31,SPAREBANKEN ØST,Norway,Other highest EEA,0040,Flattener,-1727859,,351558491,-0.0049,,nein,,
5967007LIEEXZX51WW28,CON,2025-12-31,SPAREBANKEN ØST,Norway,Other highest EEA,0050,kurze Zinsen hoch,-1883314,,351558491,-0.0054,,nein,,
5967007LIEEXZX51WW28,CON,2025-12-31,SPAREBANKEN ØST,Norway,Other highest EEA,0060,kurze Zinsen runter,1712703,,351558491,0.0049,,nein,,
5UMCZOEYKCVFAW8ZLO05,CON,2025-06-30,"National Bank of Greece, S.A.",Greece,Large highest EEA,0010,Parallelverschiebung hoch,-428000000,224000000,7207000000,-0.0594,0.0311,nein,nein,
5UMCZOEYKCVFAW8ZLO05,CON,2025-06-30,"National Bank of Greece, S.A.",Greece,Large highest EEA,0020,Parallelverschiebung runter,426000000,-244000000,7207000000,0.0591,-0.0339,nein,nein,
5UMCZOEYKCVFAW8ZLO05,CON,2025-06-30,"National Bank of Greece, S.A.",Greece,Large highest EEA,0030,Steepener,-350000000,,7207000000,-0.0486,,nein,,
5UMCZOEYKCVFAW8ZLO05,CON,2025-06-30,"National Bank of Greece, S.A.",Greece,Large highest EEA,0040,Flattener,266000000,,7207000000,0.0369,,nein,,
5UMCZOEYKCVFAW8ZLO05,CON,2025-06-30,"National Bank of Greece, S.A.",Greece,Large highest EEA,0050,kurze Zinsen hoch,138000000,,7207000000,0.0191,,nein,,
5UMCZOEYKCVFAW8ZLO05,CON,2025-06-30,"National Bank of Greece, S.A.",Greece,Large highest EEA,0060,kurze Zinsen runter,-17000000,,7207000000,-0.0024,,nein,,
5UMCZOEYKCVFAW8ZLO05,CON,2025-12-31,"National Bank of Greece, S.A.",Greece,Large highest EEA,0010,Parallelverschiebung hoch,-711000000,92000000,7333000000,-0.0970,0.0125,nein,nein,
5UMCZOEYKCVFAW8ZLO05,CON,2025-12-31,"National Bank of Greece, S.A.",Greece,Large highest EEA,0020,Parallelverschiebung runter,361000000,-222000000,7333000000,0.0492,-0.0303,nein,nein,
5UMCZOEYKCVFAW8ZLO05,CON,2025-12-31,"National Bank of Greece, S.A.",Greece,Large highest EEA,0030,Steepener,-426000000,,7333000000,-0.0581,,nein,,
5UMCZOEYKCVFAW8ZLO05,CON,2025-12-31,"National Bank of Greece, S.A.",Greece,Large highest EEA,0040,Flattener,147000000,,7333000000,0.0200,,nein,,
5UMCZOEYKCVFAW8ZLO05,CON,2025-12-31,"National Bank of Greece, S.A.",Greece,Large highest EEA,0050,kurze Zinsen hoch,36000000,,7333000000,0.0049,,nein,,
5UMCZOEYKCVFAW8ZLO05,CON,2025-12-31,"National Bank of Greece, S.A.",Greece,Large highest EEA,0060,kurze Zinsen runter,-114000000,,7333000000,-0.0155,,nein,,
635400AKJBGNS5WNQL34,CON,2025-06-30,AIB Group plc,Ireland,Large highest EEA,0010,Parallelverschiebung hoch,-1275540579,717339301,10639406934,-0.1199,0.0674,nein,nein,
635400AKJBGNS5WNQL34,CON,2025-06-30,AIB Group plc,Ireland,Large highest EEA,0020,Parallelverschiebung runter,436753791,-645227293,10639406934,0.0411,-0.0606,nein,ja,
635400AKJBGNS5WNQL34,CON,2025-06-30,AIB Group plc,Ireland,Large highest EEA,0030,Steepener,-42618763,,10639406934,-0.0040,,nein,,
635400AKJBGNS5WNQL34,CON,2025-06-30,AIB Group plc,Ireland,Large highest EEA,0040,Flattener,-194463283,,10639406934,-0.0183,,nein,,
635400AKJBGNS5WNQL34,CON,2025-06-30,AIB Group plc,Ireland,Large highest EEA,0050,kurze Zinsen hoch,-577321245,,10639406934,-0.0543,,nein,,
635400AKJBGNS5WNQL34,CON,2025-06-30,AIB Group plc,Ireland,Large highest EEA,0060,kurze Zinsen runter,213530929,,10639406934,0.0201,,nein,,
635400AKJBGNS5WNQL34,CON,2025-12-31,AIB Group plc,Ireland,Large highest EEA,0010,Parallelverschiebung hoch,-1290121346,411163658,10252830459,-0.1258,0.0401,nein,nein,
635400AKJBGNS5WNQL34,CON,2025-12-31,AIB Group plc,Ireland,Large highest EEA,0020,Parallelverschiebung runter,695687070,-767979082,10252830459,0.0679,-0.0749,nein,ja,
635400AKJBGNS5WNQL34,CON,2025-12-31,AIB Group plc,Ireland,Large highest EEA,0030,Steepener,-61403986,,10252830459,-0.0060,,nein,,
635400AKJBGNS5WNQL34,CON,2025-12-31,AIB Group plc,Ireland,Large highest EEA,0040,Flattener,-195307182,,10252830459,-0.0190,,nein,,
635400AKJBGNS5WNQL34,CON,2025-12-31,AIB Group plc,Ireland,Large highest EEA,0050,kurze Zinsen hoch,-574704588,,10252830459,-0.0561,,nein,,
635400AKJBGNS5WNQL34,CON,2025-12-31,AIB Group plc,Ireland,Large highest EEA,0060,kurze Zinsen runter,301401664,,10252830459,0.0294,,nein,,
635400C8EK6DRI12LJ39,CON,2025-06-30,Bank of Ireland Group plc,Ireland,Large highest EEA,0010,Parallelverschiebung hoch,-702216062,261453877,9469193352,-0.0742,0.0276,nein,nein,
635400C8EK6DRI12LJ39,CON,2025-06-30,Bank of Ireland Group plc,Ireland,Large highest EEA,0020,Parallelverschiebung runter,395236893,-553359664,9469193352,0.0417,-0.0584,nein,ja,
635400C8EK6DRI12LJ39,CON,2025-06-30,Bank of Ireland Group plc,Ireland,Large highest EEA,0030,Steepener,-20108601,,9469193352,-0.0021,,nein,,
635400C8EK6DRI12LJ39,CON,2025-06-30,Bank of Ireland Group plc,Ireland,Large highest EEA,0040,Flattener,-101482138,,9469193352,-0.0107,,nein,,
635400C8EK6DRI12LJ39,CON,2025-06-30,Bank of Ireland Group plc,Ireland,Large highest EEA,0050,kurze Zinsen hoch,-313834949,,9469193352,-0.0331,,nein,,
635400C8EK6DRI12LJ39,CON,2025-06-30,Bank of Ireland Group plc,Ireland,Large highest EEA,0060,kurze Zinsen runter,163924505,,9469193352,0.0173,,nein,,
635400C8EK6DRI12LJ39,CON,2025-12-31,Bank of Ireland Group plc,Ireland,Large highest EEA,0010,Parallelverschiebung hoch,-629246031,272358284,9639112737,-0.0653,0.0283,nein,nein,
635400C8EK6DRI12LJ39,CON,2025-12-31,Bank of Ireland Group plc,Ireland,Large highest EEA,0020,Parallelverschiebung runter,353858468,-556472858,9639112737,0.0367,-0.0577,nein,ja,
635400C8EK6DRI12LJ39,CON,2025-12-31,Bank of Ireland Group plc,Ireland,Large highest EEA,0030,Steepener,-18825588,,9639112737,-0.0020,,nein,,
635400C8EK6DRI12LJ39,CON,2025-12-31,Bank of Ireland Group plc,Ireland,Large highest EEA,0040,Flattener,-89949240,,9639112737,-0.0093,,nein,,
635400C8EK6DRI12LJ39,CON,2025-12-31,Bank of Ireland Group plc,Ireland,Large highest EEA,0050,kurze Zinsen hoch,-279849419,,9639112737,-0.0290,,nein,,
635400C8EK6DRI12LJ39,CON,2025-12-31,Bank of Ireland Group plc,Ireland,Large highest EEA,0060,kurze Zinsen runter,146173525,,9639112737,0.0152,,nein,,
635400F6HLXKXNJJX605,IND,2025-12-31,EXIM BANCA ROMANEASCA S.A.,Romania,Large highest EEA,0010,Parallelverschiebung hoch,-35056,-6637,598157,-0.0586,-0.0111,,,skala
635400F6HLXKXNJJX605,IND,2025-12-31,EXIM BANCA ROMANEASCA S.A.,Romania,Large highest EEA,0020,Parallelverschiebung runter,18247,1619,598157,0.0305,0.0027,,,skala
635400F6HLXKXNJJX605,IND,2025-12-31,EXIM BANCA ROMANEASCA S.A.,Romania,Large highest EEA,0030,Steepener,9272,,598157,0.0155,,,,skala
635400F6HLXKXNJJX605,IND,2025-12-31,EXIM BANCA ROMANEASCA S.A.,Romania,Large highest EEA,0040,Flattener,-25186,,598157,-0.0421,,,,skala
635400F6HLXKXNJJX605,IND,2025-12-31,EXIM BANCA ROMANEASCA S.A.,Romania,Large highest EEA,0050,kurze Zinsen hoch,-36217,,598157,-0.0605,,,,skala
635400F6HLXKXNJJX605,IND,2025-12-31,EXIM BANCA ROMANEASCA S.A.,Romania,Large highest EEA,0060,kurze Zinsen runter,19262,,598157,0.0322,,,,skala
635400L14KNHZXPUZM19,CON,2025-06-30,Bank of Cyprus Holdings Public Limited Company,Ireland,Large highest EEA,0010,Parallelverschiebung hoch,-174584621,145129895,2344497907,-0.0745,0.0619,nein,nein,
635400L14KNHZXPUZM19,CON,2025-06-30,Bank of Cyprus Holdings Public Limited Company,Ireland,Large highest EEA,0020,Parallelverschiebung runter,82045916,-149193688,2344497907,0.0350,-0.0636,nein,ja,
635400L14KNHZXPUZM19,CON,2025-06-30,Bank of Cyprus Holdings Public Limited Company,Ireland,Large highest EEA,0030,Steepener,65671096,,2344497907,0.0280,,nein,,
635400L14KNHZXPUZM19,CON,2025-06-30,Bank of Cyprus Holdings Public Limited Company,Ireland,Large highest EEA,0040,Flattener,-159447175,,2344497907,-0.0680,,nein,,
635400L14KNHZXPUZM19,CON,2025-06-30,Bank of Cyprus Holdings Public Limited Company,Ireland,Large highest EEA,0050,kurze Zinsen hoch,-198165905,,2344497907,-0.0845,,nein,,
635400L14KNHZXPUZM19,CON,2025-06-30,Bank of Cyprus Holdings Public Limited Company,Ireland,Large highest EEA,0060,kurze Zinsen runter,105475227,,2344497907,0.0450,,nein,,
635400L14KNHZXPUZM19,CON,2025-12-31,Bank of Cyprus Holdings Public Limited Company,Ireland,Large highest EEA,0010,Parallelverschiebung hoch,-122712297,64306625,2405084049,-0.0510,0.0267,nein,nein,
635400L14KNHZXPUZM19,CON,2025-12-31,Bank of Cyprus Holdings Public Limited Company,Ireland,Large highest EEA,0020,Parallelverschiebung runter,38386562,-133691946,2405084049,0.0160,-0.0556,nein,ja,
635400L14KNHZXPUZM19,CON,2025-12-31,Bank of Cyprus Holdings Public Limited Company,Ireland,Large highest EEA,0030,Steepener,107754377,,2405084049,0.0448,,nein,,
635400L14KNHZXPUZM19,CON,2025-12-31,Bank of Cyprus Holdings Public Limited Company,Ireland,Large highest EEA,0040,Flattener,-235387188,,2405084049,-0.0979,,nein,,
635400L14KNHZXPUZM19,CON,2025-12-31,Bank of Cyprus Holdings Public Limited Company,Ireland,Large highest EEA,0050,kurze Zinsen hoch,-250452410,,2405084049,-0.1041,,nein,,
635400L14KNHZXPUZM19,CON,2025-12-31,Bank of Cyprus Holdings Public Limited Company,Ireland,Large highest EEA,0060,kurze Zinsen runter,133746824,,2405084049,0.0556,,nein,,
6TJCK1B7E7UTXP528Y04,IND,2025-12-31,Citigroup Global Markets Europe AG,Germany,Large highest EEA,0010,Parallelverschiebung hoch,15591061,-14601336,4698110626,0.0033,-0.0031,nein,nein,
6TJCK1B7E7UTXP528Y04,IND,2025-12-31,Citigroup Global Markets Europe AG,Germany,Large highest EEA,0020,Parallelverschiebung runter,-32123083,306962,4698110626,-0.0068,0.0001,nein,nein,
6TJCK1B7E7UTXP528Y04,IND,2025-12-31,Citigroup Global Markets Europe AG,Germany,Large highest EEA,0030,Steepener,8274876,,4698110626,0.0018,,nein,,
6TJCK1B7E7UTXP528Y04,IND,2025-12-31,Citigroup Global Markets Europe AG,Germany,Large highest EEA,0040,Flattener,-11941652,,4698110626,-0.0025,,nein,,
6TJCK1B7E7UTXP528Y04,IND,2025-12-31,Citigroup Global Markets Europe AG,Germany,Large highest EEA,0050,kurze Zinsen hoch,-2536100,,4698110626,-0.0005,,nein,,
6TJCK1B7E7UTXP528Y04,IND,2025-12-31,Citigroup Global Markets Europe AG,Germany,Large highest EEA,0060,kurze Zinsen runter,854912,,4698110626,0.0002,,nein,,
724500973ODKK3IFQ447,CON,2025-12-31,Adyen N.V.,Netherlands,Other highest EEA,0010,Parallelverschiebung hoch,5715741,94678164,4638370434,0.0012,0.0204,nein,nein,
724500973ODKK3IFQ447,CON,2025-12-31,Adyen N.V.,Netherlands,Other highest EEA,0020,Parallelverschiebung runter,-12899838,-190195858,4638370434,-0.0028,-0.0410,nein,nein,
724500973ODKK3IFQ447,CON,2025-12-31,Adyen N.V.,Netherlands,Other highest EEA,0030,Steepener,548633,,4638370434,0.0001,,nein,,
724500973ODKK3IFQ447,CON,2025-12-31,Adyen N.V.,Netherlands,Other highest EEA,0040,Flattener,460163,,4638370434,0.0001,,nein,,
724500973ODKK3IFQ447,CON,2025-12-31,Adyen N.V.,Netherlands,Other highest EEA,0050,kurze Zinsen hoch,2414024,,4638370434,0.0005,,nein,,
724500973ODKK3IFQ447,CON,2025-12-31,Adyen N.V.,Netherlands,Other highest EEA,0060,kurze Zinsen runter,-5222200,,4638370434,-0.0011,,nein,,
724500A1FNICHSDF2I11,CON,2025-06-30,ASN Bank N.V.,Netherlands,Large highest EEA,0010,Parallelverschiebung hoch,-234425638,90445866,3883140040,-0.0604,0.0233,nein,nein,
724500A1FNICHSDF2I11,CON,2025-06-30,ASN Bank N.V.,Netherlands,Large highest EEA,0020,Parallelverschiebung runter,113705374,-113430690,3883140040,0.0293,-0.0292,nein,nein,
724500A1FNICHSDF2I11,CON,2025-06-30,ASN Bank N.V.,Netherlands,Large highest EEA,0030,Steepener,-80919180,,3883140040,-0.0208,,nein,,
724500A1FNICHSDF2I11,CON,2025-06-30,ASN Bank N.V.,Netherlands,Large highest EEA,0040,Flattener,37680517,,3883140040,0.0097,,nein,,
724500A1FNICHSDF2I11,CON,2025-06-30,ASN Bank N.V.,Netherlands,Large highest EEA,0050,kurze Zinsen hoch,-18267783,,3883140040,-0.0047,,nein,,
724500A1FNICHSDF2I11,CON,2025-06-30,ASN Bank N.V.,Netherlands,Large highest EEA,0060,kurze Zinsen runter,17088519,,3883140040,0.0044,,nein,,
724500A1FNICHSDF2I11,CON,2025-12-31,ASN Bank N.V.,Netherlands,Large highest EEA,0010,Parallelverschiebung hoch,-343752189,99433193,3911059096,-0.0879,0.0254,nein,nein,
724500A1FNICHSDF2I11,CON,2025-12-31,ASN Bank N.V.,Netherlands,Large highest EEA,0020,Parallelverschiebung runter,81861727,-121823121,3911059096,0.0209,-0.0311,nein,nein,
724500A1FNICHSDF2I11,CON,2025-12-31,ASN Bank N.V.,Netherlands,Large highest EEA,0030,Steepener,-101584823,,3911059096,-0.0260,,nein,,
724500A1FNICHSDF2I11,CON,2025-12-31,ASN Bank N.V.,Netherlands,Large highest EEA,0040,Flattener,44663974,,3911059096,0.0114,,nein,,
724500A1FNICHSDF2I11,CON,2025-12-31,ASN Bank N.V.,Netherlands,Large highest EEA,0050,kurze Zinsen hoch,15755462,,3911059096,0.0040,,nein,,
724500A1FNICHSDF2I11,CON,2025-12-31,ASN Bank N.V.,Netherlands,Large highest EEA,0060,kurze Zinsen runter,-19384152,,3911059096,-0.0050,,nein,,
724500D8WOYCL1BUCB80,CON,2025-12-31,Van Lanschot Kempen N.V.,Netherlands,Other highest EEA,0010,Parallelverschiebung hoch,-64,29,961085,-0.0001,0.0000,nein,nein,
724500D8WOYCL1BUCB80,CON,2025-12-31,Van Lanschot Kempen N.V.,Netherlands,Other highest EEA,0020,Parallelverschiebung runter,78,-31,961085,0.0001,-0.0000,nein,nein,
724500D8WOYCL1BUCB80,CON,2025-12-31,Van Lanschot Kempen N.V.,Netherlands,Other highest EEA,0030,Steepener,-21,,961085,-0.0000,,nein,,
724500D8WOYCL1BUCB80,CON,2025-12-31,Van Lanschot Kempen N.V.,Netherlands,Other highest EEA,0040,Flattener,11,,961085,0.0000,,nein,,
724500D8WOYCL1BUCB80,CON,2025-12-31,Van Lanschot Kempen N.V.,Netherlands,Other highest EEA,0050,kurze Zinsen hoch,-10,,961085,-0.0000,,nein,,
724500D8WOYCL1BUCB80,CON,2025-12-31,Van Lanschot Kempen N.V.,Netherlands,Other highest EEA,0060,kurze Zinsen runter,10,,961085,0.0000,,nein,,
724500PMK2A2M1SQQ228,CON,2025-12-31,Triodos Bank N.V.,Netherlands,Other highest EEA,0010,Parallelverschiebung hoch,-0,0,1150615285,-0.0000,0.0000,nein,nein,
724500PMK2A2M1SQQ228,CON,2025-12-31,Triodos Bank N.V.,Netherlands,Other highest EEA,0020,Parallelverschiebung runter,0,-0,1150615285,0.0000,-0.0000,nein,nein,
724500PMK2A2M1SQQ228,CON,2025-12-31,Triodos Bank N.V.,Netherlands,Other highest EEA,0030,Steepener,-0,,1150615285,-0.0000,,nein,,
724500PMK2A2M1SQQ228,CON,2025-12-31,Triodos Bank N.V.,Netherlands,Other highest EEA,0040,Flattener,0,,1150615285,0.0000,,nein,,
724500PMK2A2M1SQQ228,CON,2025-12-31,Triodos Bank N.V.,Netherlands,Other highest EEA,0050,kurze Zinsen hoch,-0,,1150615285,-0.0000,,nein,,
724500PMK2A2M1SQQ228,CON,2025-12-31,Triodos Bank N.V.,Netherlands,Other highest EEA,0060,kurze Zinsen runter,0,,1150615285,0.0000,,nein,,
724500ZNT2I60RYZQI38,IND,2025-12-31,Anadolubank Nederland N.V.,Netherlands,Other highest EEA,0010,Parallelverschiebung hoch,-4770939,2775707,204608761,-0.0233,0.0136,nein,nein,
724500ZNT2I60RYZQI38,IND,2025-12-31,Anadolubank Nederland N.V.,Netherlands,Other highest EEA,0020,Parallelverschiebung runter,2682391,-4219990,204608761,0.0131,-0.0206,nein,nein,
724500ZNT2I60RYZQI38,IND,2025-12-31,Anadolubank Nederland N.V.,Netherlands,Other highest EEA,0030,Steepener,-679591,,204608761,-0.0033,,nein,,
724500ZNT2I60RYZQI38,IND,2025-12-31,Anadolubank Nederland N.V.,Netherlands,Other highest EEA,0040,Flattener,-663642,,204608761,-0.0032,,nein,,
724500ZNT2I60RYZQI38,IND,2025-12-31,Anadolubank Nederland N.V.,Netherlands,Other highest EEA,0050,kurze Zinsen hoch,-2061240,,204608761,-0.0101,,nein,,
724500ZNT2I60RYZQI38,IND,2025-12-31,Anadolubank Nederland N.V.,Netherlands,Other highest EEA,0060,kurze Zinsen runter,1065956,,204608761,0.0052,,nein,,
7437003B5WFBOIEFY714,CON,2025-06-30,OP Osuuskunta,Finland,Large highest EEA,0010,Parallelverschiebung hoch,-866000000,211000000,16058000000,-0.0539,0.0131,nein,nein,
7437003B5WFBOIEFY714,CON,2025-06-30,OP Osuuskunta,Finland,Large highest EEA,0020,Parallelverschiebung runter,507000000,-338000000,16058000000,0.0316,-0.0210,nein,nein,
7437003B5WFBOIEFY714,CON,2025-06-30,OP Osuuskunta,Finland,Large highest EEA,0030,Steepener,863000000,,16058000000,0.0537,,nein,,
7437003B5WFBOIEFY714,CON,2025-06-30,OP Osuuskunta,Finland,Large highest EEA,0040,Flattener,-1007000000,,16058000000,-0.0627,,nein,,
7437003B5WFBOIEFY714,CON,2025-06-30,OP Osuuskunta,Finland,Large highest EEA,0050,kurze Zinsen hoch,-1179000000,,16058000000,-0.0734,,nein,,
7437003B5WFBOIEFY714,CON,2025-06-30,OP Osuuskunta,Finland,Large highest EEA,0060,kurze Zinsen runter,1113000000,,16058000000,0.0693,,nein,,
7437003B5WFBOIEFY714,CON,2025-12-31,OP Osuuskunta,Finland,Large highest EEA,0010,Parallelverschiebung hoch,-914000000,220000000,16680000000,-0.0548,0.0132,nein,nein,
7437003B5WFBOIEFY714,CON,2025-12-31,OP Osuuskunta,Finland,Large highest EEA,0020,Parallelverschiebung runter,558000000,-313000000,16680000000,0.0335,-0.0188,nein,nein,
7437003B5WFBOIEFY714,CON,2025-12-31,OP Osuuskunta,Finland,Large highest EEA,0030,Steepener,857000000,,16680000000,0.0514,,nein,,
7437003B5WFBOIEFY714,CON,2025-12-31,OP Osuuskunta,Finland,Large highest EEA,0040,Flattener,-1002000000,,16680000000,-0.0601,,nein,,
7437003B5WFBOIEFY714,CON,2025-12-31,OP Osuuskunta,Finland,Large highest EEA,0050,kurze Zinsen hoch,-1191000000,,16680000000,-0.0714,,nein,,
7437003B5WFBOIEFY714,CON,2025-12-31,OP Osuuskunta,Finland,Large highest EEA,0060,kurze Zinsen runter,1175000000,,16680000000,0.0704,,nein,,
7437005892K69S3MW344,CON,2025-12-31,Säästöpankkiliitto osk,Finland,Other highest EEA,0010,Parallelverschiebung hoch,-6874513,21992847,1254434137,-0.0055,0.0175,nein,nein,
7437005892K69S3MW344,CON,2025-12-31,Säästöpankkiliitto osk,Finland,Other highest EEA,0020,Parallelverschiebung runter,-5452367,-28478129,1254434137,-0.0043,-0.0227,nein,nein,
7437005892K69S3MW344,CON,2025-12-31,Säästöpankkiliitto osk,Finland,Other highest EEA,0030,Steepener,19754008,,1254434137,0.0157,,nein,,
7437005892K69S3MW344,CON,2025-12-31,Säästöpankkiliitto osk,Finland,Other highest EEA,0040,Flattener,-21017541,,1254434137,-0.0168,,nein,,
7437005892K69S3MW344,CON,2025-12-31,Säästöpankkiliitto osk,Finland,Other highest EEA,0050,kurze Zinsen hoch,-21503381,,1254434137,-0.0171,,nein,,
7437005892K69S3MW344,CON,2025-12-31,Säästöpankkiliitto osk,Finland,Other highest EEA,0060,kurze Zinsen runter,19044613,,1254434137,0.0152,,nein,,
7437006WYM821IJ3MN73,CON,2025-12-31,Ålandsbanken Abp,Finland,Other highest EEA,0010,Parallelverschiebung hoch,-16017095,-146690,300402209,-0.0533,-0.0005,nein,nein,
7437006WYM821IJ3MN73,CON,2025-12-31,Ålandsbanken Abp,Finland,Other highest EEA,0020,Parallelverschiebung runter,1949297,-8551590,300402209,0.0065,-0.0285,nein,nein,
7437006WYM821IJ3MN73,CON,2025-12-31,Ålandsbanken Abp,Finland,Other highest EEA,0030,Steepener,9024758,,300402209,0.0300,,nein,,
7437006WYM821IJ3MN73,CON,2025-12-31,Ålandsbanken Abp,Finland,Other highest EEA,0040,Flattener,-24430763,,300402209,-0.0813,,nein,,
7437006WYM821IJ3MN73,CON,2025-12-31,Ålandsbanken Abp,Finland,Other highest EEA,0050,kurze Zinsen hoch,-26655146,,300402209,-0.0887,,nein,,
7437006WYM821IJ3MN73,CON,2025-12-31,Ålandsbanken Abp,Finland,Other highest EEA,0060,kurze Zinsen runter,9152131,,300402209,0.0305,,nein,,
743700FTBNXAUN57RH30,CON,2025-12-31,S-Pankki Oyj,Finland,Other highest EEA,0010,Parallelverschiebung hoch,27400000,35100000,956700000,0.0286,0.0367,nein,nein,
743700FTBNXAUN57RH30,CON,2025-12-31,S-Pankki Oyj,Finland,Other highest EEA,0020,Parallelverschiebung runter,-14200000,-46000000,956700000,-0.0148,-0.0481,nein,nein,
743700FTBNXAUN57RH30,CON,2025-12-31,S-Pankki Oyj,Finland,Other highest EEA,0030,Steepener,-23200000,,956700000,-0.0243,,nein,,
743700FTBNXAUN57RH30,CON,2025-12-31,S-Pankki Oyj,Finland,Other highest EEA,0040,Flattener,29300000,,956700000,0.0306,,nein,,
743700FTBNXAUN57RH30,CON,2025-12-31,S-Pankki Oyj,Finland,Other highest EEA,0050,kurze Zinsen hoch,24800000,,956700000,0.0259,,nein,,
743700FTBNXAUN57RH30,CON,2025-12-31,S-Pankki Oyj,Finland,Other highest EEA,0060,kurze Zinsen runter,-20900000,,956700000,-0.0218,,nein,,
743700GC62JLHFBUND16,CON,2025-12-31,Aktia Bank Abp,Finland,Other highest EEA,0010,Parallelverschiebung hoch,-32246536,2584005,484231266,-0.0666,0.0053,nein,nein,
743700GC62JLHFBUND16,CON,2025-12-31,Aktia Bank Abp,Finland,Other highest EEA,0020,Parallelverschiebung runter,27312058,-10616494,484231266,0.0564,-0.0219,nein,nein,
743700GC62JLHFBUND16,CON,2025-12-31,Aktia Bank Abp,Finland,Other highest EEA,0030,Steepener,32842815,,484231266,0.0678,,nein,,
743700GC62JLHFBUND16,CON,2025-12-31,Aktia Bank Abp,Finland,Other highest EEA,0040,Flattener,-38255833,,484231266,-0.0790,,nein,,
743700GC62JLHFBUND16,CON,2025-12-31,Aktia Bank Abp,Finland,Other highest EEA,0050,kurze Zinsen hoch,-46440654,,484231266,-0.0959,,nein,,
743700GC62JLHFBUND16,CON,2025-12-31,Aktia Bank Abp,Finland,Other highest EEA,0060,kurze Zinsen runter,45939219,,484231266,0.0949,,nein,,
743700PW2HDTPU3YRJ31,CON,2025-12-31,POP Pankkikeskus osk,Finland,Other highest EEA,0010,Parallelverschiebung hoch,-11581791,17890733,728628914,-0.0159,0.0246,nein,nein,
743700PW2HDTPU3YRJ31,CON,2025-12-31,POP Pankkikeskus osk,Finland,Other highest EEA,0020,Parallelverschiebung runter,28249852,-22365054,728628914,0.0388,-0.0307,nein,nein,
743700PW2HDTPU3YRJ31,CON,2025-12-31,POP Pankkikeskus osk,Finland,Other highest EEA,0030,Steepener,4707748,,728628914,0.0065,,nein,,
743700PW2HDTPU3YRJ31,CON,2025-12-31,POP Pankkikeskus osk,Finland,Other highest EEA,0040,Flattener,-3787687,,728628914,-0.0052,,nein,,
743700PW2HDTPU3YRJ31,CON,2025-12-31,POP Pankkikeskus osk,Finland,Other highest EEA,0050,kurze Zinsen hoch,-8617258,,728628914,-0.0118,,nein,,
743700PW2HDTPU3YRJ31,CON,2025-12-31,POP Pankkikeskus osk,Finland,Other highest EEA,0060,kurze Zinsen runter,7299763,,728628914,0.0100,,nein,,
747DLM6L5TO7LXZY5T60,IND,2025-10-31,Scotiabank (Ireland) Designated Activity Company,Ireland,Other highest EEA,0010,Parallelverschiebung hoch,-15847456,31541694,2000909493,-0.0079,0.0158,nein,nein,
747DLM6L5TO7LXZY5T60,IND,2025-10-31,Scotiabank (Ireland) Designated Activity Company,Ireland,Other highest EEA,0020,Parallelverschiebung runter,6395537,-64509945,2000909493,0.0032,-0.0322,nein,nein,
747DLM6L5TO7LXZY5T60,IND,2025-10-31,Scotiabank (Ireland) Designated Activity Company,Ireland,Other highest EEA,0030,Steepener,4030987,,2000909493,0.0020,,nein,,
747DLM6L5TO7LXZY5T60,IND,2025-10-31,Scotiabank (Ireland) Designated Activity Company,Ireland,Other highest EEA,0040,Flattener,-13327606,,2000909493,-0.0067,,nein,,
747DLM6L5TO7LXZY5T60,IND,2025-10-31,Scotiabank (Ireland) Designated Activity Company,Ireland,Other highest EEA,0050,kurze Zinsen hoch,-17858794,,2000909493,-0.0089,,nein,,
747DLM6L5TO7LXZY5T60,IND,2025-10-31,Scotiabank (Ireland) Designated Activity Company,Ireland,Other highest EEA,0060,kurze Zinsen runter,7517698,,2000909493,0.0038,,nein,,
7CUNS533WID6K7DGFI87,CON,2025-06-30,"CaixaBank, S.A.",Spain,Large highest EEA,0010,Parallelverschiebung hoch,-1767617000,95906000,34061669819,-0.0519,0.0028,nein,nein,
7CUNS533WID6K7DGFI87,CON,2025-06-30,"CaixaBank, S.A.",Spain,Large highest EEA,0020,Parallelverschiebung runter,41344000,-184132000,34061669819,0.0012,-0.0054,nein,nein,
7CUNS533WID6K7DGFI87,CON,2025-06-30,"CaixaBank, S.A.",Spain,Large highest EEA,0030,Steepener,737847000,,34061669819,0.0217,,nein,,
7CUNS533WID6K7DGFI87,CON,2025-06-30,"CaixaBank, S.A.",Spain,Large highest EEA,0040,Flattener,-1977039000,,34061669819,-0.0580,,nein,,
7CUNS533WID6K7DGFI87,CON,2025-06-30,"CaixaBank, S.A.",Spain,Large highest EEA,0050,kurze Zinsen hoch,-2193016000,,34061669819,-0.0644,,nein,,
7CUNS533WID6K7DGFI87,CON,2025-06-30,"CaixaBank, S.A.",Spain,Large highest EEA,0060,kurze Zinsen runter,1173646000,,34061669819,0.0345,,nein,,
7CUNS533WID6K7DGFI87,CON,2025-12-31,"CaixaBank, S.A.",Spain,Large highest EEA,0010,Parallelverschiebung hoch,-2149321000,181717000,34713590249,-0.0619,0.0052,nein,nein,
7CUNS533WID6K7DGFI87,CON,2025-12-31,"CaixaBank, S.A.",Spain,Large highest EEA,0020,Parallelverschiebung runter,287822000,-604330000,34713590249,0.0083,-0.0174,nein,nein,
7CUNS533WID6K7DGFI87,CON,2025-12-31,"CaixaBank, S.A.",Spain,Large highest EEA,0030,Steepener,999246000,,34713590249,0.0288,,nein,,
7CUNS533WID6K7DGFI87,CON,2025-12-31,"CaixaBank, S.A.",Spain,Large highest EEA,0040,Flattener,-2462262000,,34713590249,-0.0709,,nein,,
7CUNS533WID6K7DGFI87,CON,2025-12-31,"CaixaBank, S.A.",Spain,Large highest EEA,0050,kurze Zinsen hoch,-2844221000,,34713590249,-0.0819,,nein,,
7CUNS533WID6K7DGFI87,CON,2025-12-31,"CaixaBank, S.A.",Spain,Large highest EEA,0060,kurze Zinsen runter,1508250000,,34713590249,0.0434,,nein,,
7LTWFZYICNSX8D621K86,CON,2025-06-30,DEUTSCHE BANK AKTIENGESELLSCHAFT,Germany,Large highest EEA,0010,Parallelverschiebung hoch,-6754634147,93092617,60192533092,-0.1122,0.0015,nein,nein,
7LTWFZYICNSX8D621K86,CON,2025-06-30,DEUTSCHE BANK AKTIENGESELLSCHAFT,Germany,Large highest EEA,0020,Parallelverschiebung runter,2094470908,-686825159,60192533092,0.0348,-0.0114,nein,nein,
7LTWFZYICNSX8D621K86,CON,2025-06-30,DEUTSCHE BANK AKTIENGESELLSCHAFT,Germany,Large highest EEA,0030,Steepener,-1242626479,,60192533092,-0.0206,,nein,,
7LTWFZYICNSX8D621K86,CON,2025-06-30,DEUTSCHE BANK AKTIENGESELLSCHAFT,Germany,Large highest EEA,0040,Flattener,-355680484,,60192533092,-0.0059,,nein,,
7LTWFZYICNSX8D621K86,CON,2025-06-30,DEUTSCHE BANK AKTIENGESELLSCHAFT,Germany,Large highest EEA,0050,kurze Zinsen hoch,-2181237820,,60192533092,-0.0362,,nein,,
7LTWFZYICNSX8D621K86,CON,2025-06-30,DEUTSCHE BANK AKTIENGESELLSCHAFT,Germany,Large highest EEA,0060,kurze Zinsen runter,765659035,,60192533092,0.0127,,nein,,
7LTWFZYICNSX8D621K86,CON,2025-12-31,DEUTSCHE BANK AKTIENGESELLSCHAFT,Germany,Large highest EEA,0010,Parallelverschiebung hoch,-6702193721,35569385,60784269038,-0.1103,0.0006,nein,nein,
7LTWFZYICNSX8D621K86,CON,2025-12-31,DEUTSCHE BANK AKTIENGESELLSCHAFT,Germany,Large highest EEA,0020,Parallelverschiebung runter,1429600461,-592436346,60784269038,0.0235,-0.0097,nein,nein,
7LTWFZYICNSX8D621K86,CON,2025-12-31,DEUTSCHE BANK AKTIENGESELLSCHAFT,Germany,Large highest EEA,0030,Steepener,-744113967,,60784269038,-0.0122,,nein,,
7LTWFZYICNSX8D621K86,CON,2025-12-31,DEUTSCHE BANK AKTIENGESELLSCHAFT,Germany,Large highest EEA,0040,Flattener,-832216006,,60784269038,-0.0137,,nein,,
7LTWFZYICNSX8D621K86,CON,2025-12-31,DEUTSCHE BANK AKTIENGESELLSCHAFT,Germany,Large highest EEA,0050,kurze Zinsen hoch,-2509642216,,60784269038,-0.0413,,nein,,
7LTWFZYICNSX8D621K86,CON,2025-12-31,DEUTSCHE BANK AKTIENGESELLSCHAFT,Germany,Large highest EEA,0060,kurze Zinsen runter,791290797,,60784269038,0.0130,,nein,,
7LVZJ6XRIE7VNZ4UBX81,CON,2025-06-30,BANCA MEDIOLANUM S.P.A.,Italy,Large highest EEA,0010,Parallelverschiebung hoch,-163381984,62788370,3446367994,-0.0474,0.0182,nein,nein,
7LVZJ6XRIE7VNZ4UBX81,CON,2025-06-30,BANCA MEDIOLANUM S.P.A.,Italy,Large highest EEA,0020,Parallelverschiebung runter,192527149,-92179887,3446367994,0.0559,-0.0267,nein,nein,
7LVZJ6XRIE7VNZ4UBX81,CON,2025-06-30,BANCA MEDIOLANUM S.P.A.,Italy,Large highest EEA,0030,Steepener,9903504,,3446367994,0.0029,,nein,,
7LVZJ6XRIE7VNZ4UBX81,CON,2025-06-30,BANCA MEDIOLANUM S.P.A.,Italy,Large highest EEA,0040,Flattener,-30197953,,3446367994,-0.0088,,nein,,
7LVZJ6XRIE7VNZ4UBX81,CON,2025-06-30,BANCA MEDIOLANUM S.P.A.,Italy,Large highest EEA,0050,kurze Zinsen hoch,-100327278,,3446367994,-0.0291,,nein,,
7LVZJ6XRIE7VNZ4UBX81,CON,2025-06-30,BANCA MEDIOLANUM S.P.A.,Italy,Large highest EEA,0060,kurze Zinsen runter,53773709,,3446367994,0.0156,,nein,,
7LVZJ6XRIE7VNZ4UBX81,CON,2025-12-31,BANCA MEDIOLANUM S.P.A.,Italy,Large highest EEA,0010,Parallelverschiebung hoch,-109045872,59091056,3843528593,-0.0284,0.0154,nein,nein,
7LVZJ6XRIE7VNZ4UBX81,CON,2025-12-31,BANCA MEDIOLANUM S.P.A.,Italy,Large highest EEA,0020,Parallelverschiebung runter,128010532,-120113727,3843528593,0.0333,-0.0313,nein,nein,
7LVZJ6XRIE7VNZ4UBX81,CON,2025-12-31,BANCA MEDIOLANUM S.P.A.,Italy,Large highest EEA,0030,Steepener,17288244,,3843528593,0.0045,,nein,,
7LVZJ6XRIE7VNZ4UBX81,CON,2025-12-31,BANCA MEDIOLANUM S.P.A.,Italy,Large highest EEA,0040,Flattener,-39772585,,3843528593,-0.0103,,nein,,
7LVZJ6XRIE7VNZ4UBX81,CON,2025-12-31,BANCA MEDIOLANUM S.P.A.,Italy,Large highest EEA,0050,kurze Zinsen hoch,-85266298,,3843528593,-0.0222,,nein,,
7LVZJ6XRIE7VNZ4UBX81,CON,2025-12-31,BANCA MEDIOLANUM S.P.A.,Italy,Large highest EEA,0060,kurze Zinsen runter,46637853,,3843528593,0.0121,,nein,,
7V6Z97IO7R1SEAO84Q32,CON,2025-12-31,SpareBank 1 SMN,Norway,Other highest EEA,0010,Parallelverschiebung hoch,-10452789,37286124,2172745199,-0.0048,0.0172,nein,nein,
7V6Z97IO7R1SEAO84Q32,CON,2025-12-31,SpareBank 1 SMN,Norway,Other highest EEA,0020,Parallelverschiebung runter,10527799,-31934777,2172745199,0.0048,-0.0147,nein,nein,
7V6Z97IO7R1SEAO84Q32,CON,2025-12-31,SpareBank 1 SMN,Norway,Other highest EEA,0030,Steepener,10230471,,2172745199,0.0047,,nein,,
7V6Z97IO7R1SEAO84Q32,CON,2025-12-31,SpareBank 1 SMN,Norway,Other highest EEA,0040,Flattener,-12435962,,2172745199,-0.0057,,nein,,
7V6Z97IO7R1SEAO84Q32,CON,2025-12-31,SpareBank 1 SMN,Norway,Other highest EEA,0050,kurze Zinsen hoch,-15535510,,2172745199,-0.0072,,nein,,
7V6Z97IO7R1SEAO84Q32,CON,2025-12-31,SpareBank 1 SMN,Norway,Other highest EEA,0060,kurze Zinsen runter,15826916,,2172745199,0.0073,,nein,,
8156005420362AE59184,CON,2025-12-31,BANCA IFIS S.P.A. (OVVERO IFIS BANCA S.P.A. O IN FORMA ABBREVIATA IFIS S.P.A.),Italy,Other highest EEA,0010,Parallelverschiebung hoch,-263943564,16722366,1803194044,-0.1464,0.0093,nein,nein,
8156005420362AE59184,CON,2025-12-31,BANCA IFIS S.P.A. (OVVERO IFIS BANCA S.P.A. O IN FORMA ABBREVIATA IFIS S.P.A.),Italy,Other highest EEA,0020,Parallelverschiebung runter,345389276,-18080563,1803194044,0.1915,-0.0100,nein,nein,
8156005420362AE59184,CON,2025-12-31,BANCA IFIS S.P.A. (OVVERO IFIS BANCA S.P.A. O IN FORMA ABBREVIATA IFIS S.P.A.),Italy,Other highest EEA,0030,Steepener,-91875602,,1803194044,-0.0510,,nein,,
8156005420362AE59184,CON,2025-12-31,BANCA IFIS S.P.A. (OVVERO IFIS BANCA S.P.A. O IN FORMA ABBREVIATA IFIS S.P.A.),Italy,Other highest EEA,0040,Flattener,51555514,,1803194044,0.0286,,nein,,
8156005420362AE59184,CON,2025-12-31,BANCA IFIS S.P.A. (OVVERO IFIS BANCA S.P.A. O IN FORMA ABBREVIATA IFIS S.P.A.),Italy,Other highest EEA,0050,kurze Zinsen hoch,-38596633,,1803194044,-0.0214,,nein,,
8156005420362AE59184,CON,2025-12-31,BANCA IFIS S.P.A. (OVVERO IFIS BANCA S.P.A. O IN FORMA ABBREVIATA IFIS S.P.A.),Italy,Other highest EEA,0060,kurze Zinsen runter,35615882,,1803194044,0.0198,,nein,,
81560062CEAE87A85C80,CON,2025-12-31,AREPO BP S.P.A.,Italy,Other highest EEA,0010,Parallelverschiebung hoch,2745967,-4344534,90622975,0.0303,-0.0479,nein,nein,
81560062CEAE87A85C80,CON,2025-12-31,AREPO BP S.P.A.,Italy,Other highest EEA,0020,Parallelverschiebung runter,5182638,-221696,90622975,0.0572,-0.0024,nein,nein,
81560062CEAE87A85C80,CON,2025-12-31,AREPO BP S.P.A.,Italy,Other highest EEA,0030,Steepener,2971285,,90622975,0.0328,,nein,,
81560062CEAE87A85C80,CON,2025-12-31,AREPO BP S.P.A.,Italy,Other highest EEA,0040,Flattener,-1349355,,90622975,-0.0149,,nein,,
81560062CEAE87A85C80,CON,2025-12-31,AREPO BP S.P.A.,Italy,Other highest EEA,0050,kurze Zinsen hoch,-3695789,,90622975,-0.0408,,nein,,
81560062CEAE87A85C80,CON,2025-12-31,AREPO BP S.P.A.,Italy,Other highest EEA,0060,kurze Zinsen runter,1157095,,90622975,0.0128,,nein,,
81560064085A02B2B297,CON,2025-12-31,MEDIOCREDITO CENTRALE - BANCA DEL MEZZOGIORNO SPA,Italy,Other highest EEA,0010,Parallelverschiebung hoch,-105577000,51140000,1040682786,-0.1014,0.0491,nein,nein,
81560064085A02B2B297,CON,2025-12-31,MEDIOCREDITO CENTRALE - BANCA DEL MEZZOGIORNO SPA,Italy,Other highest EEA,0020,Parallelverschiebung runter,116228000,-34632000,1040682786,0.1117,-0.0333,nein,nein,
81560064085A02B2B297,CON,2025-12-31,MEDIOCREDITO CENTRALE - BANCA DEL MEZZOGIORNO SPA,Italy,Other highest EEA,0030,Steepener,20384000,,1040682786,0.0196,,nein,,
81560064085A02B2B297,CON,2025-12-31,MEDIOCREDITO CENTRALE - BANCA DEL MEZZOGIORNO SPA,Italy,Other highest EEA,0040,Flattener,-38677000,,1040682786,-0.0372,,nein,,
81560064085A02B2B297,CON,2025-12-31,MEDIOCREDITO CENTRALE - BANCA DEL MEZZOGIORNO SPA,Italy,Other highest EEA,0050,kurze Zinsen hoch,-67941000,,1040682786,-0.0653,,nein,,
81560064085A02B2B297,CON,2025-12-31,MEDIOCREDITO CENTRALE - BANCA DEL MEZZOGIORNO SPA,Italy,Other highest EEA,0060,kurze Zinsen runter,71310000,,1040682786,0.0685,,nein,,
815600903231FA2E7698,CON,2025-12-31,BANCA GENERALI - SOCIETA' PER AZIONI (IN FORMA ABBREVIATA GENERBANCA),Italy,Other highest EEA,0010,Parallelverschiebung hoch,19417,-2992754,1033729000,0.0000,-0.0029,nein,nein,
815600903231FA2E7698,CON,2025-12-31,BANCA GENERALI - SOCIETA' PER AZIONI (IN FORMA ABBREVIATA GENERBANCA),Italy,Other highest EEA,0020,Parallelverschiebung runter,-11412147,184110,1033729000,-0.0110,0.0002,nein,nein,
815600903231FA2E7698,CON,2025-12-31,BANCA GENERALI - SOCIETA' PER AZIONI (IN FORMA ABBREVIATA GENERBANCA),Italy,Other highest EEA,0030,Steepener,42228079,,1033729000,0.0409,,nein,,
815600903231FA2E7698,CON,2025-12-31,BANCA GENERALI - SOCIETA' PER AZIONI (IN FORMA ABBREVIATA GENERBANCA),Italy,Other highest EEA,0040,Flattener,-83772304,,1033729000,-0.0810,,nein,,
815600903231FA2E7698,CON,2025-12-31,BANCA GENERALI - SOCIETA' PER AZIONI (IN FORMA ABBREVIATA GENERBANCA),Italy,Other highest EEA,0050,kurze Zinsen hoch,-78483984,,1033729000,-0.0759,,nein,,
815600903231FA2E7698,CON,2025-12-31,BANCA GENERALI - SOCIETA' PER AZIONI (IN FORMA ABBREVIATA GENERBANCA),Italy,Other highest EEA,0060,kurze Zinsen runter,40393577,,1033729000,0.0391,,nein,,
815600AD83B2B6317788,CON,2025-06-30,CREDITO EMILIANO HOLDING SOCIETA' PER AZIONI,Italy,Large highest EEA,0010,Parallelverschiebung hoch,-277830888,98445103,3642083920,-0.0763,0.0270,nein,nein,
815600AD83B2B6317788,CON,2025-06-30,CREDITO EMILIANO HOLDING SOCIETA' PER AZIONI,Italy,Large highest EEA,0020,Parallelverschiebung runter,155491575,-150702278,3642083920,0.0427,-0.0414,nein,nein,
815600AD83B2B6317788,CON,2025-06-30,CREDITO EMILIANO HOLDING SOCIETA' PER AZIONI,Italy,Large highest EEA,0030,Steepener,-17888717,,3642083920,-0.0049,,nein,,
815600AD83B2B6317788,CON,2025-06-30,CREDITO EMILIANO HOLDING SOCIETA' PER AZIONI,Italy,Large highest EEA,0040,Flattener,-27885448,,3642083920,-0.0077,,nein,,
815600AD83B2B6317788,CON,2025-06-30,CREDITO EMILIANO HOLDING SOCIETA' PER AZIONI,Italy,Large highest EEA,0050,kurze Zinsen hoch,-115181840,,3642083920,-0.0316,,nein,,
815600AD83B2B6317788,CON,2025-06-30,CREDITO EMILIANO HOLDING SOCIETA' PER AZIONI,Italy,Large highest EEA,0060,kurze Zinsen runter,55696005,,3642083920,0.0153,,nein,,
815600AD83B2B6317788,CON,2025-12-31,CREDITO EMILIANO HOLDING SOCIETA' PER AZIONI,Italy,Large highest EEA,0010,Parallelverschiebung hoch,-345514256,98156473,3800243352,-0.0909,0.0258,nein,nein,
815600AD83B2B6317788,CON,2025-12-31,CREDITO EMILIANO HOLDING SOCIETA' PER AZIONI,Italy,Large highest EEA,0020,Parallelverschiebung runter,192810081,-144301427,3800243352,0.0507,-0.0380,nein,nein,
815600AD83B2B6317788,CON,2025-12-31,CREDITO EMILIANO HOLDING SOCIETA' PER AZIONI,Italy,Large highest EEA,0030,Steepener,-3520226,,3800243352,-0.0009,,nein,,
815600AD83B2B6317788,CON,2025-12-31,CREDITO EMILIANO HOLDING SOCIETA' PER AZIONI,Italy,Large highest EEA,0040,Flattener,-54707774,,3800243352,-0.0144,,nein,,
815600AD83B2B6317788,CON,2025-12-31,CREDITO EMILIANO HOLDING SOCIETA' PER AZIONI,Italy,Large highest EEA,0050,kurze Zinsen hoch,-158061887,,3800243352,-0.0416,,nein,,
815600AD83B2B6317788,CON,2025-12-31,CREDITO EMILIANO HOLDING SOCIETA' PER AZIONI,Italy,Large highest EEA,0060,kurze Zinsen runter,78063984,,3800243352,0.0205,,nein,,
815600B5C61A10BBB451,CON,2025-12-31,BANCA SISTEMA S.P.A.,Italy,Other highest EEA,0010,Parallelverschiebung hoch,-12774177,-9462013,298997874,-0.0427,-0.0316,nein,nein,
815600B5C61A10BBB451,CON,2025-12-31,BANCA SISTEMA S.P.A.,Italy,Other highest EEA,0020,Parallelverschiebung runter,4427742,495709,298997874,0.0148,0.0017,nein,nein,
815600B5C61A10BBB451,CON,2025-12-31,BANCA SISTEMA S.P.A.,Italy,Other highest EEA,0030,Steepener,2825545,,298997874,0.0095,,nein,,
815600B5C61A10BBB451,CON,2025-12-31,BANCA SISTEMA S.P.A.,Italy,Other highest EEA,0040,Flattener,-7852324,,298997874,-0.0263,,nein,,
815600B5C61A10BBB451,CON,2025-12-31,BANCA SISTEMA S.P.A.,Italy,Other highest EEA,0050,kurze Zinsen hoch,-4318037,,298997874,-0.0144,,nein,,
815600B5C61A10BBB451,CON,2025-12-31,BANCA SISTEMA S.P.A.,Italy,Other highest EEA,0060,kurze Zinsen runter,1851957,,298997874,0.0062,,nein,,
815600DDCE9083CAC598,IND,2025-06-30,MEDIOBANCA PREMIER S.P.A.,Italy,Large subsidiaries,0010,Parallelverschiebung hoch,-22705460,8900820,903519501,-0.0251,0.0099,nein,nein,
815600DDCE9083CAC598,IND,2025-06-30,MEDIOBANCA PREMIER S.P.A.,Italy,Large subsidiaries,0020,Parallelverschiebung runter,4122092,-16767103,903519501,0.0046,-0.0186,nein,nein,
815600DDCE9083CAC598,IND,2025-06-30,MEDIOBANCA PREMIER S.P.A.,Italy,Large subsidiaries,0030,Steepener,-6958577,,903519501,-0.0077,,nein,,
815600DDCE9083CAC598,IND,2025-06-30,MEDIOBANCA PREMIER S.P.A.,Italy,Large subsidiaries,0040,Flattener,-885026,,903519501,-0.0010,,nein,,
815600DDCE9083CAC598,IND,2025-06-30,MEDIOBANCA PREMIER S.P.A.,Italy,Large subsidiaries,0050,kurze Zinsen hoch,-7123705,,903519501,-0.0079,,nein,,
815600DDCE9083CAC598,IND,2025-06-30,MEDIOBANCA PREMIER S.P.A.,Italy,Large subsidiaries,0060,kurze Zinsen runter,-4930627,,903519501,-0.0055,,nein,,
815600DDCE9083CAC598,IND,2025-12-31,MEDIOBANCA PREMIER S.P.A.,Italy,Large subsidiaries,0010,Parallelverschiebung hoch,-13911017,11077078,996377571,-0.0140,0.0111,nein,nein,
815600DDCE9083CAC598,IND,2025-12-31,MEDIOBANCA PREMIER S.P.A.,Italy,Large subsidiaries,0020,Parallelverschiebung runter,923216,-21735098,996377571,0.0009,-0.0218,nein,nein,
815600DDCE9083CAC598,IND,2025-12-31,MEDIOBANCA PREMIER S.P.A.,Italy,Large subsidiaries,0030,Steepener,-7049227,,996377571,-0.0071,,nein,,
815600DDCE9083CAC598,IND,2025-12-31,MEDIOBANCA PREMIER S.P.A.,Italy,Large subsidiaries,0040,Flattener,1688949,,996377571,0.0017,,nein,,
815600DDCE9083CAC598,IND,2025-12-31,MEDIOBANCA PREMIER S.P.A.,Italy,Large subsidiaries,0050,kurze Zinsen hoch,-1011093,,996377571,-0.0010,,nein,,
815600DDCE9083CAC598,IND,2025-12-31,MEDIOBANCA PREMIER S.P.A.,Italy,Large subsidiaries,0060,kurze Zinsen runter,-19486627,,996377571,-0.0196,,nein,,
815600E4E6DCD2D25E30,CON,2025-06-30,BANCO BPM SOCIETA' PER AZIONI,Italy,Large highest EEA,0010,Parallelverschiebung hoch,-1411921203,130368838,10488420845,-0.1346,0.0124,nein,nein,
815600E4E6DCD2D25E30,CON,2025-06-30,BANCO BPM SOCIETA' PER AZIONI,Italy,Large highest EEA,0020,Parallelverschiebung runter,494812130,-317285132,10488420845,0.0472,-0.0303,nein,nein,
815600E4E6DCD2D25E30,CON,2025-06-30,BANCO BPM SOCIETA' PER AZIONI,Italy,Large highest EEA,0030,Steepener,160663860,,10488420845,0.0153,,nein,,
815600E4E6DCD2D25E30,CON,2025-06-30,BANCO BPM SOCIETA' PER AZIONI,Italy,Large highest EEA,0040,Flattener,66166040,,10488420845,0.0063,,nein,,
815600E4E6DCD2D25E30,CON,2025-06-30,BANCO BPM SOCIETA' PER AZIONI,Italy,Large highest EEA,0050,kurze Zinsen hoch,-438868358,,10488420845,-0.0418,,nein,,
815600E4E6DCD2D25E30,CON,2025-06-30,BANCO BPM SOCIETA' PER AZIONI,Italy,Large highest EEA,0060,kurze Zinsen runter,587846666,,10488420845,0.0560,,nein,,
815600E4E6DCD2D25E30,CON,2025-12-31,BANCO BPM SOCIETA' PER AZIONI,Italy,Large highest EEA,0010,Parallelverschiebung hoch,-1296935280,95666115,10740188257,-0.1208,0.0089,nein,nein,
815600E4E6DCD2D25E30,CON,2025-12-31,BANCO BPM SOCIETA' PER AZIONI,Italy,Large highest EEA,0020,Parallelverschiebung runter,456178558,-265177190,10740188257,0.0425,-0.0247,nein,nein,
815600E4E6DCD2D25E30,CON,2025-12-31,BANCO BPM SOCIETA' PER AZIONI,Italy,Large highest EEA,0030,Steepener,-171017965,,10740188257,-0.0159,,nein,,
815600E4E6DCD2D25E30,CON,2025-12-31,BANCO BPM SOCIETA' PER AZIONI,Italy,Large highest EEA,0040,Flattener,140441811,,10740188257,0.0131,,nein,,
815600E4E6DCD2D25E30,CON,2025-12-31,BANCO BPM SOCIETA' PER AZIONI,Italy,Large highest EEA,0050,kurze Zinsen hoch,-262081945,,10740188257,-0.0244,,nein,,
815600E4E6DCD2D25E30,CON,2025-12-31,BANCO BPM SOCIETA' PER AZIONI,Italy,Large highest EEA,0060,kurze Zinsen runter,331920087,,10740188257,0.0309,,nein,,
815600F24AE25C9D1B94,CON,2025-12-31,MAURIZIO SELLA - SOCIETA' IN ACCOMANDITA PER AZIONI,Italy,Other highest EEA,0010,Parallelverschiebung hoch,-130768000,7451000,1566344751,-0.0835,0.0048,nein,nein,
815600F24AE25C9D1B94,CON,2025-12-31,MAURIZIO SELLA - SOCIETA' IN ACCOMANDITA PER AZIONI,Italy,Other highest EEA,0020,Parallelverschiebung runter,36608000,-45885000,1566344751,0.0234,-0.0293,nein,nein,
815600F24AE25C9D1B94,CON,2025-12-31,MAURIZIO SELLA - SOCIETA' IN ACCOMANDITA PER AZIONI,Italy,Other highest EEA,0030,Steepener,29010000,,1566344751,0.0185,,nein,,
815600F24AE25C9D1B94,CON,2025-12-31,MAURIZIO SELLA - SOCIETA' IN ACCOMANDITA PER AZIONI,Italy,Other highest EEA,0040,Flattener,-48670000,,1566344751,-0.0311,,nein,,
815600F24AE25C9D1B94,CON,2025-12-31,MAURIZIO SELLA - SOCIETA' IN ACCOMANDITA PER AZIONI,Italy,Other highest EEA,0050,kurze Zinsen hoch,-85441000,,1566344751,-0.0545,,nein,,
815600F24AE25C9D1B94,CON,2025-12-31,MAURIZIO SELLA - SOCIETA' IN ACCOMANDITA PER AZIONI,Italy,Other highest EEA,0060,kurze Zinsen runter,55739000,,1566344751,0.0356,,nein,,
851WYGNLUQLFZBSYGB56,CON,2025-06-30,COMMERZBANK Aktiengesellschaft,Germany,Large highest EEA,0010,Parallelverschiebung hoch,-4004000000,201000000,29099870000,-0.1376,0.0069,nein,nein,
851WYGNLUQLFZBSYGB56,CON,2025-06-30,COMMERZBANK Aktiengesellschaft,Germany,Large highest EEA,0020,Parallelverschiebung runter,2002000000,-347000000,29099870000,0.0688,-0.0119,nein,nein,
851WYGNLUQLFZBSYGB56,CON,2025-06-30,COMMERZBANK Aktiengesellschaft,Germany,Large highest EEA,0030,Steepener,-670000000,,29099870000,-0.0230,,nein,,
851WYGNLUQLFZBSYGB56,CON,2025-06-30,COMMERZBANK Aktiengesellschaft,Germany,Large highest EEA,0040,Flattener,-398000000,,29099870000,-0.0137,,nein,,
851WYGNLUQLFZBSYGB56,CON,2025-06-30,COMMERZBANK Aktiengesellschaft,Germany,Large highest EEA,0050,kurze Zinsen hoch,-1330000000,,29099870000,-0.0457,,nein,,
851WYGNLUQLFZBSYGB56,CON,2025-06-30,COMMERZBANK Aktiengesellschaft,Germany,Large highest EEA,0060,kurze Zinsen runter,682000000,,29099870000,0.0234,,nein,,
851WYGNLUQLFZBSYGB56,CON,2025-12-31,COMMERZBANK Aktiengesellschaft,Germany,Large highest EEA,0010,Parallelverschiebung hoch,-3886000000,136000000,29355650000,-0.1324,0.0046,nein,nein,
851WYGNLUQLFZBSYGB56,CON,2025-12-31,COMMERZBANK Aktiengesellschaft,Germany,Large highest EEA,0020,Parallelverschiebung runter,1969000000,-246000000,29355650000,0.0671,-0.0084,nein,nein,
851WYGNLUQLFZBSYGB56,CON,2025-12-31,COMMERZBANK Aktiengesellschaft,Germany,Large highest EEA,0030,Steepener,-401000000,,29355650000,-0.0137,,nein,,
851WYGNLUQLFZBSYGB56,CON,2025-12-31,COMMERZBANK Aktiengesellschaft,Germany,Large highest EEA,0040,Flattener,-552000000,,29355650000,-0.0188,,nein,,
851WYGNLUQLFZBSYGB56,CON,2025-12-31,COMMERZBANK Aktiengesellschaft,Germany,Large highest EEA,0050,kurze Zinsen hoch,-1562000000,,29355650000,-0.0532,,nein,,
851WYGNLUQLFZBSYGB56,CON,2025-12-31,COMMERZBANK Aktiengesellschaft,Germany,Large highest EEA,0060,kurze Zinsen runter,794000000,,29355650000,0.0270,,nein,,
894500N55FUZ70ZQ1784,CON,2025-12-31,Green Opera Finance Invest AB,Sweden,Other highest EEA,0010,Parallelverschiebung hoch,2060,24553,750270,0.0027,0.0327,nein,nein,
894500N55FUZ70ZQ1784,CON,2025-12-31,Green Opera Finance Invest AB,Sweden,Other highest EEA,0020,Parallelverschiebung runter,-3671,-24831,750270,-0.0049,-0.0331,nein,nein,
894500N55FUZ70ZQ1784,CON,2025-12-31,Green Opera Finance Invest AB,Sweden,Other highest EEA,0030,Steepener,-2222,,750270,-0.0030,,nein,,
894500N55FUZ70ZQ1784,CON,2025-12-31,Green Opera Finance Invest AB,Sweden,Other highest EEA,0040,Flattener,966,,750270,0.0013,,nein,,
894500N55FUZ70ZQ1784,CON,2025-12-31,Green Opera Finance Invest AB,Sweden,Other highest EEA,0050,kurze Zinsen hoch,1156,,750270,0.0015,,nein,,
894500N55FUZ70ZQ1784,CON,2025-12-31,Green Opera Finance Invest AB,Sweden,Other highest EEA,0060,kurze Zinsen runter,-4467,,750270,-0.0060,,nein,,
8IBZUGJ7JPLH368JE346,IND,2025-12-31,Goldman Sachs Bank Europe SE,Germany,Large highest EEA,0010,Parallelverschiebung hoch,82011291,78896441,13353558470,0.0061,0.0059,nein,nein,
8IBZUGJ7JPLH368JE346,IND,2025-12-31,Goldman Sachs Bank Europe SE,Germany,Large highest EEA,0020,Parallelverschiebung runter,-157901462,-256318070,13353558470,-0.0118,-0.0192,nein,nein,
8IBZUGJ7JPLH368JE346,IND,2025-12-31,Goldman Sachs Bank Europe SE,Germany,Large highest EEA,0030,Steepener,-80694440,,13353558470,-0.0060,,nein,,
8IBZUGJ7JPLH368JE346,IND,2025-12-31,Goldman Sachs Bank Europe SE,Germany,Large highest EEA,0040,Flattener,53500020,,13353558470,0.0040,,nein,,
8IBZUGJ7JPLH368JE346,IND,2025-12-31,Goldman Sachs Bank Europe SE,Germany,Large highest EEA,0050,kurze Zinsen hoch,75705276,,13353558470,0.0057,,nein,,
8IBZUGJ7JPLH368JE346,IND,2025-12-31,Goldman Sachs Bank Europe SE,Germany,Large highest EEA,0060,kurze Zinsen runter,-153746941,,13353558470,-0.0115,,nein,,
95980020140005220135,IND,2025-12-31,"Caja Rural de Granada, Sociedad Cooperativa de Crédito",Spain,Other highest EEA,0010,Parallelverschiebung hoch,-77831525,10909538,1006898056,-0.0773,0.0108,nein,nein,
95980020140005220135,IND,2025-12-31,"Caja Rural de Granada, Sociedad Cooperativa de Crédito",Spain,Other highest EEA,0020,Parallelverschiebung runter,74635316,-19688387,1006898056,0.0741,-0.0196,nein,nein,
95980020140005220135,IND,2025-12-31,"Caja Rural de Granada, Sociedad Cooperativa de Crédito",Spain,Other highest EEA,0030,Steepener,-22772845,,1006898056,-0.0226,,nein,,
95980020140005220135,IND,2025-12-31,"Caja Rural de Granada, Sociedad Cooperativa de Crédito",Spain,Other highest EEA,0040,Flattener,23194461,,1006898056,0.0230,,nein,,
95980020140005220135,IND,2025-12-31,"Caja Rural de Granada, Sociedad Cooperativa de Crédito",Spain,Other highest EEA,0050,kurze Zinsen hoch,-5084245,,1006898056,-0.0050,,nein,,
95980020140005220135,IND,2025-12-31,"Caja Rural de Granada, Sociedad Cooperativa de Crédito",Spain,Other highest EEA,0060,kurze Zinsen runter,3376631,,1006898056,0.0034,,nein,,
95980020140005439549,IND,2025-12-31,"Caja Rural de Navarra, S. Coop. de Crédito",Spain,Other highest EEA,0010,Parallelverschiebung hoch,-172629319,19022828,2328291465,-0.0741,0.0082,nein,nein,
95980020140005439549,IND,2025-12-31,"Caja Rural de Navarra, S. Coop. de Crédito",Spain,Other highest EEA,0020,Parallelverschiebung runter,194795540,-41045394,2328291465,0.0837,-0.0176,nein,nein,
95980020140005439549,IND,2025-12-31,"Caja Rural de Navarra, S. Coop. de Crédito",Spain,Other highest EEA,0030,Steepener,-45180179,,2328291465,-0.0194,,nein,,
95980020140005439549,IND,2025-12-31,"Caja Rural de Navarra, S. Coop. de Crédito",Spain,Other highest EEA,0040,Flattener,34446957,,2328291465,0.0148,,nein,,
95980020140005439549,IND,2025-12-31,"Caja Rural de Navarra, S. Coop. de Crédito",Spain,Other highest EEA,0050,kurze Zinsen hoch,-27203932,,2328291465,-0.0117,,nein,,
95980020140005439549,IND,2025-12-31,"Caja Rural de Navarra, S. Coop. de Crédito",Spain,Other highest EEA,0060,kurze Zinsen runter,20433399,,2328291465,0.0088,,nein,,
95980020140005484654,CON,2025-12-31,"Caja Rural de Albacete, Ciudad Real y Cuenca, Sociedad Cooperativa de Crédito",Spain,Other highest EEA,0010,Parallelverschiebung hoch,84673334,36093207,1152283967,0.0735,0.0313,nein,nein,
95980020140005484654,CON,2025-12-31,"Caja Rural de Albacete, Ciudad Real y Cuenca, Sociedad Cooperativa de Crédito",Spain,Other highest EEA,0020,Parallelverschiebung runter,-88934339,-46017730,1152283967,-0.0772,-0.0399,nein,nein,
95980020140005484654,CON,2025-12-31,"Caja Rural de Albacete, Ciudad Real y Cuenca, Sociedad Cooperativa de Crédito",Spain,Other highest EEA,0030,Steepener,1630005,,1152283967,0.0014,,nein,,
95980020140005484654,CON,2025-12-31,"Caja Rural de Albacete, Ciudad Real y Cuenca, Sociedad Cooperativa de Crédito",Spain,Other highest EEA,0040,Flattener,23392624,,1152283967,0.0203,,nein,,
95980020140005484654,CON,2025-12-31,"Caja Rural de Albacete, Ciudad Real y Cuenca, Sociedad Cooperativa de Crédito",Spain,Other highest EEA,0050,kurze Zinsen hoch,42051618,,1152283967,0.0365,,nein,,
95980020140005484654,CON,2025-12-31,"Caja Rural de Albacete, Ciudad Real y Cuenca, Sociedad Cooperativa de Crédito",Spain,Other highest EEA,0060,kurze Zinsen runter,-44018300,,1152283967,-0.0382,,nein,,
95980020140005552166,CON,2025-12-31,"Eurocaja Rural, Sociedad Cooperativa de Crédito",Spain,Other highest EEA,0010,Parallelverschiebung hoch,-39734302,25700924,881798920,-0.0451,0.0291,nein,nein,
95980020140005552166,CON,2025-12-31,"Eurocaja Rural, Sociedad Cooperativa de Crédito",Spain,Other highest EEA,0020,Parallelverschiebung runter,40551177,-12608915,881798920,0.0460,-0.0143,nein,nein,
95980020140005552166,CON,2025-12-31,"Eurocaja Rural, Sociedad Cooperativa de Crédito",Spain,Other highest EEA,0030,Steepener,-625611,,881798920,-0.0007,,nein,,
95980020140005552166,CON,2025-12-31,"Eurocaja Rural, Sociedad Cooperativa de Crédito",Spain,Other highest EEA,0040,Flattener,7593478,,881798920,0.0086,,nein,,
95980020140005552166,CON,2025-12-31,"Eurocaja Rural, Sociedad Cooperativa de Crédito",Spain,Other highest EEA,0050,kurze Zinsen hoch,-13943670,,881798920,-0.0158,,nein,,
95980020140005552166,CON,2025-12-31,"Eurocaja Rural, Sociedad Cooperativa de Crédito",Spain,Other highest EEA,0060,kurze Zinsen runter,18707568,,881798920,0.0212,,nein,,
95980020140005658381,IND,2025-06-30,"Aresbank, S.A.",Spain,Other highest EEA,0010,Parallelverschiebung hoch,-3353000,4527000,332539000,-0.0101,0.0136,nein,nein,
95980020140005658381,IND,2025-06-30,"Aresbank, S.A.",Spain,Other highest EEA,0020,Parallelverschiebung runter,3216000,-4560000,332539000,0.0097,-0.0137,nein,nein,
95980020140005658381,IND,2025-06-30,"Aresbank, S.A.",Spain,Other highest EEA,0030,Steepener,204000,,332539000,0.0006,,nein,,
95980020140005658381,IND,2025-06-30,"Aresbank, S.A.",Spain,Other highest EEA,0040,Flattener,-186000,,332539000,-0.0006,,nein,,
95980020140005658381,IND,2025-06-30,"Aresbank, S.A.",Spain,Other highest EEA,0050,kurze Zinsen hoch,-705000,,332539000,-0.0021,,nein,,
95980020140005658381,IND,2025-06-30,"Aresbank, S.A.",Spain,Other highest EEA,0060,kurze Zinsen runter,682000,,332539000,0.0021,,nein,,
95980020140005658381,IND,2025-12-31,"Aresbank, S.A.",Spain,Other highest EEA,0010,Parallelverschiebung hoch,-6150000,-528000,,,,,,
95980020140005658381,IND,2025-12-31,"Aresbank, S.A.",Spain,Other highest EEA,0020,Parallelverschiebung runter,6630000,544000,,,,,,
95980020140005658381,IND,2025-12-31,"Aresbank, S.A.",Spain,Other highest EEA,0030,Steepener,-218000,,,,,,,
95980020140005658381,IND,2025-12-31,"Aresbank, S.A.",Spain,Other highest EEA,0040,Flattener,288000,,,,,,,
95980020140005658381,IND,2025-12-31,"Aresbank, S.A.",Spain,Other highest EEA,0050,kurze Zinsen hoch,-1080000,,,,,,,
95980020140005658381,IND,2025-12-31,"Aresbank, S.A.",Spain,Other highest EEA,0060,kurze Zinsen runter,1115000,,,,,,,
95980020140005881190,CON,2025-06-30,Banco de Crédito Social Cooperativo,Spain,Large highest EEA,0010,Parallelverschiebung hoch,111354815,-1599964,3917673297,0.0284,-0.0004,nein,nein,
95980020140005881190,CON,2025-06-30,Banco de Crédito Social Cooperativo,Spain,Large highest EEA,0020,Parallelverschiebung runter,-294426745,-92165513,3917673297,-0.0752,-0.0235,nein,nein,
95980020140005881190,CON,2025-06-30,Banco de Crédito Social Cooperativo,Spain,Large highest EEA,0030,Steepener,109666761,,3917673297,0.0280,,nein,,
95980020140005881190,CON,2025-06-30,Banco de Crédito Social Cooperativo,Spain,Large highest EEA,0040,Flattener,-186073331,,3917673297,-0.0475,,nein,,
95980020140005881190,CON,2025-06-30,Banco de Crédito Social Cooperativo,Spain,Large highest EEA,0050,kurze Zinsen hoch,-99750382,,3917673297,-0.0255,,nein,,
95980020140005881190,CON,2025-06-30,Banco de Crédito Social Cooperativo,Spain,Large highest EEA,0060,kurze Zinsen runter,56618073,,3917673297,0.0145,,nein,,
95980020140005881190,CON,2025-12-31,Banco de Crédito Social Cooperativo,Spain,Large highest EEA,0010,Parallelverschiebung hoch,-49508965,-15796008,4198958371,-0.0118,-0.0038,nein,nein,
95980020140005881190,CON,2025-12-31,Banco de Crédito Social Cooperativo,Spain,Large highest EEA,0020,Parallelverschiebung runter,41080684,-59431338,4198958371,0.0098,-0.0142,nein,nein,
95980020140005881190,CON,2025-12-31,Banco de Crédito Social Cooperativo,Spain,Large highest EEA,0030,Steepener,117768188,,4198958371,0.0280,,nein,,
95980020140005881190,CON,2025-12-31,Banco de Crédito Social Cooperativo,Spain,Large highest EEA,0040,Flattener,-118549694,,4198958371,-0.0282,,nein,,
95980020140005881190,CON,2025-12-31,Banco de Crédito Social Cooperativo,Spain,Large highest EEA,0050,kurze Zinsen hoch,-129178310,,4198958371,-0.0308,,nein,,
95980020140005881190,CON,2025-12-31,Banco de Crédito Social Cooperativo,Spain,Large highest EEA,0060,kurze Zinsen runter,143334361,,4198958371,0.0341,,nein,,
959800LQ598A5RQASA61,CON,2025-06-30,"Banca March, S.A.",Spain,Other highest EEA,0010,Parallelverschiebung hoch,23608839,24241220,,,,,,
959800LQ598A5RQASA61,CON,2025-06-30,"Banca March, S.A.",Spain,Other highest EEA,0020,Parallelverschiebung runter,-34571117,-71070984,,,,,,
959800LQ598A5RQASA61,CON,2025-06-30,"Banca March, S.A.",Spain,Other highest EEA,0030,Steepener,8284255,,,,,,,
959800LQ598A5RQASA61,CON,2025-06-30,"Banca March, S.A.",Spain,Other highest EEA,0040,Flattener,-4082147,,,,,,,
959800LQ598A5RQASA61,CON,2025-06-30,"Banca March, S.A.",Spain,Other highest EEA,0050,kurze Zinsen hoch,4605333,,,,,,,
959800LQ598A5RQASA61,CON,2025-06-30,"Banca March, S.A.",Spain,Other highest EEA,0060,kurze Zinsen runter,-4117964,,,,,,,
959800LQ598A5RQASA61,CON,2025-12-31,"Banca March, S.A.",Spain,Other highest EEA,0010,Parallelverschiebung hoch,32375468,34279478,1992785040,0.0162,0.0172,nein,nein,
959800LQ598A5RQASA61,CON,2025-12-31,"Banca March, S.A.",Spain,Other highest EEA,0020,Parallelverschiebung runter,-53781050,-89522235,1992785040,-0.0270,-0.0449,nein,nein,
959800LQ598A5RQASA61,CON,2025-12-31,"Banca March, S.A.",Spain,Other highest EEA,0030,Steepener,-23534504,,1992785040,-0.0118,,nein,,
959800LQ598A5RQASA61,CON,2025-12-31,"Banca March, S.A.",Spain,Other highest EEA,0040,Flattener,20919297,,1992785040,0.0105,,nein,,
959800LQ598A5RQASA61,CON,2025-12-31,"Banca March, S.A.",Spain,Other highest EEA,0050,kurze Zinsen hoch,28695209,,1992785040,0.0144,,nein,,
959800LQ598A5RQASA61,CON,2025-12-31,"Banca March, S.A.",Spain,Other highest EEA,0060,kurze Zinsen runter,-52017045,,1992785040,-0.0261,,nein,,
959800R86KE31EAVRC30,CON,2025-12-31,LIBERTY PARTNERS S.L.U.,Spain,Other highest EEA,0010,Parallelverschiebung hoch,-591000,7380000,412552000,-0.0014,0.0179,nein,nein,
959800R86KE31EAVRC30,CON,2025-12-31,LIBERTY PARTNERS S.L.U.,Spain,Other highest EEA,0020,Parallelverschiebung runter,261000,-24526000,412552000,0.0006,-0.0594,nein,ja,
959800R86KE31EAVRC30,CON,2025-12-31,LIBERTY PARTNERS S.L.U.,Spain,Other highest EEA,0030,Steepener,246000,,412552000,0.0006,,nein,,
959800R86KE31EAVRC30,CON,2025-12-31,LIBERTY PARTNERS S.L.U.,Spain,Other highest EEA,0040,Flattener,-687000,,412552000,-0.0017,,nein,,
959800R86KE31EAVRC30,CON,2025-12-31,LIBERTY PARTNERS S.L.U.,Spain,Other highest EEA,0050,kurze Zinsen hoch,-573000,,412552000,-0.0014,,nein,,
959800R86KE31EAVRC30,CON,2025-12-31,LIBERTY PARTNERS S.L.U.,Spain,Other highest EEA,0060,kurze Zinsen runter,253000,,412552000,0.0006,,nein,,
96950001WI712W7PQG45,CON,2025-06-30,RCI Banque,France,Large highest EEA,0010,Parallelverschiebung hoch,0,0,6131322055,0.0000,0.0000,nein,nein,
96950001WI712W7PQG45,CON,2025-06-30,RCI Banque,France,Large highest EEA,0020,Parallelverschiebung runter,0,0,6131322055,0.0000,0.0000,nein,nein,
96950001WI712W7PQG45,CON,2025-06-30,RCI Banque,France,Large highest EEA,0030,Steepener,0,,6131322055,0.0000,,nein,,
96950001WI712W7PQG45,CON,2025-06-30,RCI Banque,France,Large highest EEA,0040,Flattener,0,,6131322055,0.0000,,nein,,
96950001WI712W7PQG45,CON,2025-06-30,RCI Banque,France,Large highest EEA,0050,kurze Zinsen hoch,0,,6131322055,0.0000,,nein,,
96950001WI712W7PQG45,CON,2025-06-30,RCI Banque,France,Large highest EEA,0060,kurze Zinsen runter,0,,6131322055,0.0000,,nein,,
96950001WI712W7PQG45,CON,2025-12-31,RCI Banque,France,Large highest EEA,0010,Parallelverschiebung hoch,-462594,19948,6526250309,-0.0001,0.0000,nein,nein,
96950001WI712W7PQG45,CON,2025-12-31,RCI Banque,France,Large highest EEA,0020,Parallelverschiebung runter,252390,-42138,6526250309,0.0000,-0.0000,nein,nein,
96950001WI712W7PQG45,CON,2025-12-31,RCI Banque,France,Large highest EEA,0030,Steepener,-874,,6526250309,-0.0000,,nein,,
96950001WI712W7PQG45,CON,2025-12-31,RCI Banque,France,Large highest EEA,0040,Flattener,-73793,,6526250309,-0.0000,,nein,,
96950001WI712W7PQG45,CON,2025-12-31,RCI Banque,France,Large highest EEA,0050,kurze Zinsen hoch,-212484,,6526250309,-0.0000,,nein,,
96950001WI712W7PQG45,CON,2025-12-31,RCI Banque,France,Large highest EEA,0060,kurze Zinsen runter,111320,,6526250309,0.0000,,nein,,
9695000CG7B84NLR5984,CON,2025-12-31,Confédération Nationale du Crédit Mutuel,France,Large highest EEA,0010,Parallelverschiebung hoch,-5463367907,1570763777,77539080199,-0.0705,0.0203,nein,nein,
9695000CG7B84NLR5984,CON,2025-12-31,Confédération Nationale du Crédit Mutuel,France,Large highest EEA,0020,Parallelverschiebung runter,1669542846,-1652303513,77539080199,0.0215,-0.0213,nein,nein,
9695000CG7B84NLR5984,CON,2025-12-31,Confédération Nationale du Crédit Mutuel,France,Large highest EEA,0030,Steepener,632665309,,77539080199,0.0082,,nein,,
9695000CG7B84NLR5984,CON,2025-12-31,Confédération Nationale du Crédit Mutuel,France,Large highest EEA,0040,Flattener,-2224100971,,77539080199,-0.0287,,nein,,
9695000CG7B84NLR5984,CON,2025-12-31,Confédération Nationale du Crédit Mutuel,France,Large highest EEA,0050,kurze Zinsen hoch,-3431938884,,77539080199,-0.0443,,nein,,
9695000CG7B84NLR5984,CON,2025-12-31,Confédération Nationale du Crédit Mutuel,France,Large highest EEA,0060,kurze Zinsen runter,1746773291,,77539080199,0.0225,,nein,,
9695002K2HDLD20JU790,CON,2025-12-31,AGENCE FRANCE LOCALE - SOCIETE TERRITORIALE,France,Other highest EEA,0010,Parallelverschiebung hoch,-0,0,279391904,-0.0000,0.0000,nein,nein,
9695002K2HDLD20JU790,CON,2025-12-31,AGENCE FRANCE LOCALE - SOCIETE TERRITORIALE,France,Other highest EEA,0020,Parallelverschiebung runter,0,-0,279391904,0.0000,-0.0000,nein,nein,
9695002K2HDLD20JU790,CON,2025-12-31,AGENCE FRANCE LOCALE - SOCIETE TERRITORIALE,France,Other highest EEA,0030,Steepener,-0,,279391904,-0.0000,,nein,,
9695002K2HDLD20JU790,CON,2025-12-31,AGENCE FRANCE LOCALE - SOCIETE TERRITORIALE,France,Other highest EEA,0040,Flattener,0,,279391904,0.0000,,nein,,
9695002K2HDLD20JU790,CON,2025-12-31,AGENCE FRANCE LOCALE - SOCIETE TERRITORIALE,France,Other highest EEA,0050,kurze Zinsen hoch,0,,279391904,0.0000,,nein,,
9695002K2HDLD20JU790,CON,2025-12-31,AGENCE FRANCE LOCALE - SOCIETE TERRITORIALE,France,Other highest EEA,0060,kurze Zinsen runter,0,,279391904,0.0000,,nein,,
96950041VJ1QP0B69503,CON,2025-06-30,Crédit mutuel Arkéa,France,Large subsidiaries,0010,Parallelverschiebung hoch,-838072000,198604000,8834506632,-0.0949,0.0225,nein,nein,
96950041VJ1QP0B69503,CON,2025-06-30,Crédit mutuel Arkéa,France,Large subsidiaries,0020,Parallelverschiebung runter,364800000,-192114000,8834506632,0.0413,-0.0217,nein,nein,
96950041VJ1QP0B69503,CON,2025-06-30,Crédit mutuel Arkéa,France,Large subsidiaries,0030,Steepener,-136550000,,8834506632,-0.0155,,nein,,
96950041VJ1QP0B69503,CON,2025-06-30,Crédit mutuel Arkéa,France,Large subsidiaries,0040,Flattener,-47440000,,8834506632,-0.0054,,nein,,
96950041VJ1QP0B69503,CON,2025-06-30,Crédit mutuel Arkéa,France,Large subsidiaries,0050,kurze Zinsen hoch,-242628000,,8834506632,-0.0275,,nein,,
96950041VJ1QP0B69503,CON,2025-06-30,Crédit mutuel Arkéa,France,Large subsidiaries,0060,kurze Zinsen runter,243461000,,8834506632,0.0276,,nein,,
96950041VJ1QP0B69503,CON,2025-12-31,Crédit mutuel Arkéa,France,Large subsidiaries,0010,Parallelverschiebung hoch,-846597000,92476000,9038279000,-0.0937,0.0102,nein,nein,
96950041VJ1QP0B69503,CON,2025-12-31,Crédit mutuel Arkéa,France,Large subsidiaries,0020,Parallelverschiebung runter,357014000,-185345000,9038279000,0.0395,-0.0205,nein,nein,
96950041VJ1QP0B69503,CON,2025-12-31,Crédit mutuel Arkéa,France,Large subsidiaries,0030,Steepener,-123838000,,9038279000,-0.0137,,nein,,
96950041VJ1QP0B69503,CON,2025-12-31,Crédit mutuel Arkéa,France,Large subsidiaries,0040,Flattener,-48717000,,9038279000,-0.0054,,nein,,
96950041VJ1QP0B69503,CON,2025-12-31,Crédit mutuel Arkéa,France,Large subsidiaries,0050,kurze Zinsen hoch,-270872000,,9038279000,-0.0300,,nein,,
96950041VJ1QP0B69503,CON,2025-12-31,Crédit mutuel Arkéa,France,Large subsidiaries,0060,kurze Zinsen runter,131240000,,9038279000,0.0145,,nein,,
969500GVS02SJYG9S632,CON,2025-12-31,Carrefour banque,France,Other highest EEA,0010,Parallelverschiebung hoch,-4923521,-5451467,312393397,-0.0158,-0.0175,nein,nein,
969500GVS02SJYG9S632,CON,2025-12-31,Carrefour banque,France,Other highest EEA,0020,Parallelverschiebung runter,2360227,4592512,312393397,0.0076,0.0147,nein,nein,
969500GVS02SJYG9S632,CON,2025-12-31,Carrefour banque,France,Other highest EEA,0030,Steepener,-1678444,,312393397,-0.0054,,nein,,
969500GVS02SJYG9S632,CON,2025-12-31,Carrefour banque,France,Other highest EEA,0040,Flattener,162617,,312393397,0.0005,,nein,,
969500GVS02SJYG9S632,CON,2025-12-31,Carrefour banque,France,Other highest EEA,0050,kurze Zinsen hoch,-2104776,,312393397,-0.0067,,nein,,
969500GVS02SJYG9S632,CON,2025-12-31,Carrefour banque,France,Other highest EEA,0060,kurze Zinsen runter,897764,,312393397,0.0029,,nein,,
969500LFTDNMONT2EP08,CON,2025-06-30,Caisse fédérale de crédit mutuel,France,Large subsidiaries,0010,Parallelverschiebung hoch,-4173,1427,60803239493,-0.0000,0.0000,nein,nein,
969500LFTDNMONT2EP08,CON,2025-06-30,Caisse fédérale de crédit mutuel,France,Large subsidiaries,0020,Parallelverschiebung runter,-240,-1528,60803239493,-0.0000,-0.0000,nein,nein,
969500LFTDNMONT2EP08,CON,2025-06-30,Caisse fédérale de crédit mutuel,France,Large subsidiaries,0030,Steepener,778,,60803239493,0.0000,,nein,,
969500LFTDNMONT2EP08,CON,2025-06-30,Caisse fédérale de crédit mutuel,France,Large subsidiaries,0040,Flattener,-2525,,60803239493,-0.0000,,nein,,
969500LFTDNMONT2EP08,CON,2025-06-30,Caisse fédérale de crédit mutuel,France,Large subsidiaries,0050,kurze Zinsen hoch,-3220,,60803239493,-0.0000,,nein,,
969500LFTDNMONT2EP08,CON,2025-06-30,Caisse fédérale de crédit mutuel,France,Large subsidiaries,0060,kurze Zinsen runter,1600,,60803239493,0.0000,,nein,,
969500LFTDNMONT2EP08,CON,2025-12-31,Caisse fédérale de crédit mutuel,France,Large subsidiaries,0010,Parallelverschiebung hoch,-3944,1335,63082412174,-0.0000,0.0000,nein,nein,
969500LFTDNMONT2EP08,CON,2025-12-31,Caisse fédérale de crédit mutuel,France,Large subsidiaries,0020,Parallelverschiebung runter,993,-1412,63082412174,0.0000,-0.0000,nein,nein,
969500LFTDNMONT2EP08,CON,2025-12-31,Caisse fédérale de crédit mutuel,France,Large subsidiaries,0030,Steepener,695,,63082412174,0.0000,,nein,,
969500LFTDNMONT2EP08,CON,2025-12-31,Caisse fédérale de crédit mutuel,France,Large subsidiaries,0040,Flattener,-2061,,63082412174,-0.0000,,nein,,
969500LFTDNMONT2EP08,CON,2025-12-31,Caisse fédérale de crédit mutuel,France,Large subsidiaries,0050,kurze Zinsen hoch,-2862,,63082412174,-0.0000,,nein,,
969500LFTDNMONT2EP08,CON,2025-12-31,Caisse fédérale de crédit mutuel,France,Large subsidiaries,0060,kurze Zinsen runter,1458,,63082412174,0.0000,,nein,,
969500STN7T9MRUMJ267,CON,2025-12-31,Bpifrance,France,Large highest EEA,0010,Parallelverschiebung hoch,-577000000,8800000,24293062698,-0.0238,0.0004,nein,nein,
969500STN7T9MRUMJ267,CON,2025-12-31,Bpifrance,France,Large highest EEA,0020,Parallelverschiebung runter,634000000,-9300000,24293062698,0.0261,-0.0004,nein,nein,
969500STN7T9MRUMJ267,CON,2025-12-31,Bpifrance,France,Large highest EEA,0030,Steepener,18000000,,24293062698,0.0007,,nein,,
969500STN7T9MRUMJ267,CON,2025-12-31,Bpifrance,France,Large highest EEA,0040,Flattener,-125000000,,24293062698,-0.0051,,nein,,
969500STN7T9MRUMJ267,CON,2025-12-31,Bpifrance,France,Large highest EEA,0050,kurze Zinsen hoch,-147000000,,24293062698,-0.0061,,nein,,
969500STN7T9MRUMJ267,CON,2025-12-31,Bpifrance,France,Large highest EEA,0060,kurze Zinsen runter,158000000,,24293062698,0.0065,,nein,,
969500VHT1ZNPVWOYF63,CON,2025-12-31,BNP Paribas Personal Finance,France,Large subsidiaries,0010,Parallelverschiebung hoch,-0,0,8158156674,-0.0000,0.0000,nein,nein,
969500VHT1ZNPVWOYF63,CON,2025-12-31,BNP Paribas Personal Finance,France,Large subsidiaries,0020,Parallelverschiebung runter,0,-0,8158156674,0.0000,-0.0000,nein,nein,
969500VHT1ZNPVWOYF63,CON,2025-12-31,BNP Paribas Personal Finance,France,Large subsidiaries,0030,Steepener,-0,,8158156674,-0.0000,,nein,,
969500VHT1ZNPVWOYF63,CON,2025-12-31,BNP Paribas Personal Finance,France,Large subsidiaries,0040,Flattener,0,,8158156674,0.0000,,nein,,
969500VHT1ZNPVWOYF63,CON,2025-12-31,BNP Paribas Personal Finance,France,Large subsidiaries,0050,kurze Zinsen hoch,-0,,8158156674,-0.0000,,nein,,
969500VHT1ZNPVWOYF63,CON,2025-12-31,BNP Paribas Personal Finance,France,Large subsidiaries,0060,kurze Zinsen runter,-0,,8158156674,-0.0000,,nein,,
9845006BAF66DZ35C849,CON,2025-12-31,Lunar Group A/S,Denmark,Other highest EEA,0010,Parallelverschiebung hoch,-1119925,1528576,66856499,-0.0168,0.0229,nein,nein,
9845006BAF66DZ35C849,CON,2025-12-31,Lunar Group A/S,Denmark,Other highest EEA,0020,Parallelverschiebung runter,1005114,-1528576,66856499,0.0150,-0.0229,nein,nein,
9845006BAF66DZ35C849,CON,2025-12-31,Lunar Group A/S,Denmark,Other highest EEA,0030,Steepener,370533,,66856499,0.0055,,nein,,
9845006BAF66DZ35C849,CON,2025-12-31,Lunar Group A/S,Denmark,Other highest EEA,0040,Flattener,-693640,,66856499,-0.0104,,nein,,
9845006BAF66DZ35C849,CON,2025-12-31,Lunar Group A/S,Denmark,Other highest EEA,0050,kurze Zinsen hoch,-1033818,,66856499,-0.0155,,nein,,
9845006BAF66DZ35C849,CON,2025-12-31,Lunar Group A/S,Denmark,Other highest EEA,0060,kurze Zinsen runter,863324,,66856499,0.0129,,nein,,
9845009BE414FBF82130,CON,2025-12-31,FESTA HOLDING,Bulgaria,Other highest EEA,0010,Parallelverschiebung hoch,478928,281292,122297853,0.0039,0.0023,nein,nein,
9845009BE414FBF82130,CON,2025-12-31,FESTA HOLDING,Bulgaria,Other highest EEA,0020,Parallelverschiebung runter,1857937,99602,122297853,0.0152,0.0008,nein,nein,
9845009BE414FBF82130,CON,2025-12-31,FESTA HOLDING,Bulgaria,Other highest EEA,0030,Steepener,-5005738,,122297853,-0.0409,,nein,,
9845009BE414FBF82130,CON,2025-12-31,FESTA HOLDING,Bulgaria,Other highest EEA,0040,Flattener,5626880,,122297853,0.0460,,nein,,
9845009BE414FBF82130,CON,2025-12-31,FESTA HOLDING,Bulgaria,Other highest EEA,0050,kurze Zinsen hoch,5500351,,122297853,0.0450,,nein,,
9845009BE414FBF82130,CON,2025-12-31,FESTA HOLDING,Bulgaria,Other highest EEA,0060,kurze Zinsen runter,5465059,,122297853,0.0447,,nein,,
984500E4D07499C10435,CON,2025-12-31,TBI FINANCIAL SERVICES B.V.,Netherlands,Other highest EEA,0010,Parallelverschiebung hoch,0,0,267,0.0000,0.0000,,,skala
984500E4D07499C10435,CON,2025-12-31,TBI FINANCIAL SERVICES B.V.,Netherlands,Other highest EEA,0020,Parallelverschiebung runter,-25,11,267,-0.0918,0.0404,,,skala
984500E4D07499C10435,CON,2025-12-31,TBI FINANCIAL SERVICES B.V.,Netherlands,Other highest EEA,0030,Steepener,0,,267,0.0000,,,,skala
984500E4D07499C10435,CON,2025-12-31,TBI FINANCIAL SERVICES B.V.,Netherlands,Other highest EEA,0040,Flattener,-8,,267,-0.0298,,,,skala
984500E4D07499C10435,CON,2025-12-31,TBI FINANCIAL SERVICES B.V.,Netherlands,Other highest EEA,0050,kurze Zinsen hoch,-1,,267,-0.0033,,,,skala
984500E4D07499C10435,CON,2025-12-31,TBI FINANCIAL SERVICES B.V.,Netherlands,Other highest EEA,0060,kurze Zinsen runter,-14,,267,-0.0536,,,,skala
9CZ7TVMR36CYD5TZBS50,CON,2025-06-30,Banque Internationale à Luxembourg,Luxembourg,Large highest EEA,0010,Parallelverschiebung hoch,-80642829,10732855,1823222034,-0.0442,0.0059,nein,nein,
9CZ7TVMR36CYD5TZBS50,CON,2025-06-30,Banque Internationale à Luxembourg,Luxembourg,Large highest EEA,0020,Parallelverschiebung runter,7357912,-50289888,1823222034,0.0040,-0.0276,nein,nein,
9CZ7TVMR36CYD5TZBS50,CON,2025-06-30,Banque Internationale à Luxembourg,Luxembourg,Large highest EEA,0030,Steepener,25693711,,1823222034,0.0141,,nein,,
9CZ7TVMR36CYD5TZBS50,CON,2025-06-30,Banque Internationale à Luxembourg,Luxembourg,Large highest EEA,0040,Flattener,-74028285,,1823222034,-0.0406,,nein,,
9CZ7TVMR36CYD5TZBS50,CON,2025-06-30,Banque Internationale à Luxembourg,Luxembourg,Large highest EEA,0050,kurze Zinsen hoch,-86436978,,1823222034,-0.0474,,nein,,
9CZ7TVMR36CYD5TZBS50,CON,2025-06-30,Banque Internationale à Luxembourg,Luxembourg,Large highest EEA,0060,kurze Zinsen runter,33290716,,1823222034,0.0183,,nein,,
9CZ7TVMR36CYD5TZBS50,CON,2025-12-31,Banque Internationale à Luxembourg,Luxembourg,Large highest EEA,0010,Parallelverschiebung hoch,-91733111,12900000,1996197608,-0.0460,0.0065,nein,nein,
9CZ7TVMR36CYD5TZBS50,CON,2025-12-31,Banque Internationale à Luxembourg,Luxembourg,Large highest EEA,0020,Parallelverschiebung runter,21095355,-45700000,1996197608,0.0106,-0.0229,nein,nein,
9CZ7TVMR36CYD5TZBS50,CON,2025-12-31,Banque Internationale à Luxembourg,Luxembourg,Large highest EEA,0030,Steepener,30988309,,1996197608,0.0155,,nein,,
9CZ7TVMR36CYD5TZBS50,CON,2025-12-31,Banque Internationale à Luxembourg,Luxembourg,Large highest EEA,0040,Flattener,-81516227,,1996197608,-0.0408,,nein,,
9CZ7TVMR36CYD5TZBS50,CON,2025-12-31,Banque Internationale à Luxembourg,Luxembourg,Large highest EEA,0050,kurze Zinsen hoch,-96956744,,1996197608,-0.0486,,nein,,
9CZ7TVMR36CYD5TZBS50,CON,2025-12-31,Banque Internationale à Luxembourg,Luxembourg,Large highest EEA,0060,kurze Zinsen runter,44788574,,1996197608,0.0224,,nein,,
9ZHRYM6F437SQJ6OUG95,CON,2025-06-30,Raiffeisen Bank International AG,Austria,Large highest EEA,0010,Parallelverschiebung hoch,-992195000,70298000,19147615758,-0.0518,0.0037,nein,nein,
9ZHRYM6F437SQJ6OUG95,CON,2025-06-30,Raiffeisen Bank International AG,Austria,Large highest EEA,0020,Parallelverschiebung runter,540894000,-602664000,19147615758,0.0282,-0.0315,nein,nein,
9ZHRYM6F437SQJ6OUG95,CON,2025-06-30,Raiffeisen Bank International AG,Austria,Large highest EEA,0030,Steepener,-47419000,,19147615758,-0.0025,,nein,,
9ZHRYM6F437SQJ6OUG95,CON,2025-06-30,Raiffeisen Bank International AG,Austria,Large highest EEA,0040,Flattener,-175282000,,19147615758,-0.0092,,nein,,
9ZHRYM6F437SQJ6OUG95,CON,2025-06-30,Raiffeisen Bank International AG,Austria,Large highest EEA,0050,kurze Zinsen hoch,-503496000,,19147615758,-0.0263,,nein,,
9ZHRYM6F437SQJ6OUG95,CON,2025-06-30,Raiffeisen Bank International AG,Austria,Large highest EEA,0060,kurze Zinsen runter,253128000,,19147615758,0.0132,,nein,,
9ZHRYM6F437SQJ6OUG95,CON,2025-12-31,Raiffeisen Bank International AG,Austria,Large highest EEA,0010,Parallelverschiebung hoch,-905036,68236,19776425479,-0.0000,0.0000,nein,nein,
9ZHRYM6F437SQJ6OUG95,CON,2025-12-31,Raiffeisen Bank International AG,Austria,Large highest EEA,0020,Parallelverschiebung runter,456473,-655497,19776425479,0.0000,-0.0000,nein,nein,
9ZHRYM6F437SQJ6OUG95,CON,2025-12-31,Raiffeisen Bank International AG,Austria,Large highest EEA,0030,Steepener,-42131,,19776425479,-0.0000,,nein,,
9ZHRYM6F437SQJ6OUG95,CON,2025-12-31,Raiffeisen Bank International AG,Austria,Large highest EEA,0040,Flattener,-173668,,19776425479,-0.0000,,nein,,
9ZHRYM6F437SQJ6OUG95,CON,2025-12-31,Raiffeisen Bank International AG,Austria,Large highest EEA,0050,kurze Zinsen hoch,-453464,,19776425479,-0.0000,,nein,,
9ZHRYM6F437SQJ6OUG95,CON,2025-12-31,Raiffeisen Bank International AG,Austria,Large highest EEA,0060,kurze Zinsen runter,243205,,19776425479,0.0000,,nein,,
A5GWLFH3KM7YV2SFQL84,CON,2025-06-30,Belfius Bank,Belgium,Large highest EEA,0010,Parallelverschiebung hoch,-1332000000,13000000,11881820681,-0.1121,0.0011,nein,nein,
A5GWLFH3KM7YV2SFQL84,CON,2025-06-30,Belfius Bank,Belgium,Large highest EEA,0020,Parallelverschiebung runter,174000000,15000000,11881820681,0.0146,0.0013,nein,nein,
A5GWLFH3KM7YV2SFQL84,CON,2025-06-30,Belfius Bank,Belgium,Large highest EEA,0030,Steepener,-131000000,,11881820681,-0.0110,,nein,,
A5GWLFH3KM7YV2SFQL84,CON,2025-06-30,Belfius Bank,Belgium,Large highest EEA,0040,Flattener,-143000000,,11881820681,-0.0120,,nein,,
A5GWLFH3KM7YV2SFQL84,CON,2025-06-30,Belfius Bank,Belgium,Large highest EEA,0050,kurze Zinsen hoch,-453000000,,11881820681,-0.0381,,nein,,
A5GWLFH3KM7YV2SFQL84,CON,2025-06-30,Belfius Bank,Belgium,Large highest EEA,0060,kurze Zinsen runter,396000000,,11881820681,0.0333,,nein,,
A5GWLFH3KM7YV2SFQL84,CON,2025-12-31,Belfius Bank,Belgium,Large highest EEA,0010,Parallelverschiebung hoch,-1144709177,-65022144,11945232855,-0.0958,-0.0054,nein,nein,
A5GWLFH3KM7YV2SFQL84,CON,2025-12-31,Belfius Bank,Belgium,Large highest EEA,0020,Parallelverschiebung runter,233695489,50447781,11945232855,0.0196,0.0042,nein,nein,
A5GWLFH3KM7YV2SFQL84,CON,2025-12-31,Belfius Bank,Belgium,Large highest EEA,0030,Steepener,61091042,,11945232855,0.0051,,nein,,
A5GWLFH3KM7YV2SFQL84,CON,2025-12-31,Belfius Bank,Belgium,Large highest EEA,0040,Flattener,-263119379,,11945232855,-0.0220,,nein,,
A5GWLFH3KM7YV2SFQL84,CON,2025-12-31,Belfius Bank,Belgium,Large highest EEA,0050,kurze Zinsen hoch,-546403890,,11945232855,-0.0457,,nein,,
A5GWLFH3KM7YV2SFQL84,CON,2025-12-31,Belfius Bank,Belgium,Large highest EEA,0060,kurze Zinsen runter,503079777,,11945232855,0.0421,,nein,,
AT0000000000043000VB,CON,2025-12-31,VOLKSBANK WIEN AG VB,Austria,Large highest EEA,0010,Parallelverschiebung hoch,-277545000,32164000,2519934000,-0.1101,0.0128,nein,nein,
AT0000000000043000VB,CON,2025-12-31,VOLKSBANK WIEN AG VB,Austria,Large highest EEA,0020,Parallelverschiebung runter,155426000,-97569000,2519934000,0.0617,-0.0387,nein,nein,
AT0000000000043000VB,CON,2025-12-31,VOLKSBANK WIEN AG VB,Austria,Large highest EEA,0030,Steepener,-36385000,,2519934000,-0.0144,,nein,,
AT0000000000043000VB,CON,2025-12-31,VOLKSBANK WIEN AG VB,Austria,Large highest EEA,0040,Flattener,7467000,,2519934000,0.0030,,nein,,
AT0000000000043000VB,CON,2025-12-31,VOLKSBANK WIEN AG VB,Austria,Large highest EEA,0050,kurze Zinsen hoch,-80874000,,2519934000,-0.0321,,nein,,
AT0000000000043000VB,CON,2025-12-31,VOLKSBANK WIEN AG VB,Austria,Large highest EEA,0060,kurze Zinsen runter,40791000,,2519934000,0.0162,,nein,,
B64D6Y3LBJS4ANNPCU93,CON,2025-12-31,NIBC Bank N.V.,Netherlands,Other highest EEA,0010,Parallelverschiebung hoch,-101860387,23086387,1493443783,-0.0682,0.0155,nein,nein,
B64D6Y3LBJS4ANNPCU93,CON,2025-12-31,NIBC Bank N.V.,Netherlands,Other highest EEA,0020,Parallelverschiebung runter,-13870507,208843,1493443783,-0.0093,0.0001,nein,nein,
B64D6Y3LBJS4ANNPCU93,CON,2025-12-31,NIBC Bank N.V.,Netherlands,Other highest EEA,0030,Steepener,-25737721,,1493443783,-0.0172,,nein,,
B64D6Y3LBJS4ANNPCU93,CON,2025-12-31,NIBC Bank N.V.,Netherlands,Other highest EEA,0040,Flattener,-2431929,,1493443783,-0.0016,,nein,,
B64D6Y3LBJS4ANNPCU93,CON,2025-12-31,NIBC Bank N.V.,Netherlands,Other highest EEA,0050,kurze Zinsen hoch,-12097886,,1493443783,-0.0081,,nein,,
B64D6Y3LBJS4ANNPCU93,CON,2025-12-31,NIBC Bank N.V.,Netherlands,Other highest EEA,0060,kurze Zinsen runter,9530947,,1493443783,0.0064,,nein,,
BB3BGO3LCED63R8R9R41,CON,2025-12-31,BANK POLSKIEJ SPOLDZIELCZOSCI S.A.,Poland,Large highest EEA,0010,Parallelverschiebung hoch,-45019642,-15381039,303402448,-0.1484,-0.0507,nein,ja,
BB3BGO3LCED63R8R9R41,CON,2025-12-31,BANK POLSKIEJ SPOLDZIELCZOSCI S.A.,Poland,Large highest EEA,0020,Parallelverschiebung runter,22096610,7237250,303402448,0.0728,0.0239,nein,nein,
BB3BGO3LCED63R8R9R41,CON,2025-12-31,BANK POLSKIEJ SPOLDZIELCZOSCI S.A.,Poland,Large highest EEA,0030,Steepener,2292102,,303402448,0.0076,,nein,,
BB3BGO3LCED63R8R9R41,CON,2025-12-31,BANK POLSKIEJ SPOLDZIELCZOSCI S.A.,Poland,Large highest EEA,0040,Flattener,-15803025,,303402448,-0.0521,,nein,,
BB3BGO3LCED63R8R9R41,CON,2025-12-31,BANK POLSKIEJ SPOLDZIELCZOSCI S.A.,Poland,Large highest EEA,0050,kurze Zinsen hoch,-28253491,,303402448,-0.0931,,nein,,
BB3BGO3LCED63R8R9R41,CON,2025-12-31,BANK POLSKIEJ SPOLDZIELCZOSCI S.A.,Poland,Large highest EEA,0060,kurze Zinsen runter,12340906,,303402448,0.0407,,nein,,
BFXS5XCH7N0Y05NIXW11,CON,2025-06-30,ABN AMRO Bank N.V.,Netherlands,Large highest EEA,0010,Parallelverschiebung hoch,-2111823814,439239853,24541662261,-0.0861,0.0179,nein,nein,
BFXS5XCH7N0Y05NIXW11,CON,2025-06-30,ABN AMRO Bank N.V.,Netherlands,Large highest EEA,0020,Parallelverschiebung runter,297792101,-318694062,24541662261,0.0121,-0.0130,nein,nein,
BFXS5XCH7N0Y05NIXW11,CON,2025-06-30,ABN AMRO Bank N.V.,Netherlands,Large highest EEA,0030,Steepener,-112806112,,24541662261,-0.0046,,nein,,
BFXS5XCH7N0Y05NIXW11,CON,2025-06-30,ABN AMRO Bank N.V.,Netherlands,Large highest EEA,0040,Flattener,-457075042,,24541662261,-0.0186,,nein,,
BFXS5XCH7N0Y05NIXW11,CON,2025-06-30,ABN AMRO Bank N.V.,Netherlands,Large highest EEA,0050,kurze Zinsen hoch,-803072234,,24541662261,-0.0327,,nein,,
BFXS5XCH7N0Y05NIXW11,CON,2025-06-30,ABN AMRO Bank N.V.,Netherlands,Large highest EEA,0060,kurze Zinsen runter,694431227,,24541662261,0.0283,,nein,,
BFXS5XCH7N0Y05NIXW11,CON,2025-12-31,ABN AMRO Bank N.V.,Netherlands,Large highest EEA,0010,Parallelverschiebung hoch,-2132000000,683000000,24126564898,-0.0884,0.0283,nein,nein,
BFXS5XCH7N0Y05NIXW11,CON,2025-12-31,ABN AMRO Bank N.V.,Netherlands,Large highest EEA,0020,Parallelverschiebung runter,215000000,-599000000,24126564898,0.0089,-0.0248,nein,nein,
BFXS5XCH7N0Y05NIXW11,CON,2025-12-31,ABN AMRO Bank N.V.,Netherlands,Large highest EEA,0030,Steepener,-268000000,,24126564898,-0.0111,,nein,,
BFXS5XCH7N0Y05NIXW11,CON,2025-12-31,ABN AMRO Bank N.V.,Netherlands,Large highest EEA,0040,Flattener,-325000000,,24126564898,-0.0135,,nein,,
BFXS5XCH7N0Y05NIXW11,CON,2025-12-31,ABN AMRO Bank N.V.,Netherlands,Large highest EEA,0050,kurze Zinsen hoch,-715000000,,24126564898,-0.0296,,nein,,
BFXS5XCH7N0Y05NIXW11,CON,2025-12-31,ABN AMRO Bank N.V.,Netherlands,Large highest EEA,0060,kurze Zinsen runter,496000000,,24126564898,0.0206,,nein,,
DG3RU1DBUFHT4ZF9WN62,CON,2025-12-31,Coöperatieve Rabobank U.A.,Netherlands,Large highest EEA,0010,Parallelverschiebung hoch,-3784,625,52537874682,-0.0000,0.0000,nein,nein,
DG3RU1DBUFHT4ZF9WN62,CON,2025-12-31,Coöperatieve Rabobank U.A.,Netherlands,Large highest EEA,0020,Parallelverschiebung runter,1380,-1259,52537874682,0.0000,-0.0000,nein,nein,
DG3RU1DBUFHT4ZF9WN62,CON,2025-12-31,Coöperatieve Rabobank U.A.,Netherlands,Large highest EEA,0030,Steepener,-697,,52537874682,-0.0000,,nein,,
DG3RU1DBUFHT4ZF9WN62,CON,2025-12-31,Coöperatieve Rabobank U.A.,Netherlands,Large highest EEA,0040,Flattener,-326,,52537874682,-0.0000,,nein,,
DG3RU1DBUFHT4ZF9WN62,CON,2025-12-31,Coöperatieve Rabobank U.A.,Netherlands,Large highest EEA,0050,kurze Zinsen hoch,-1267,,52537874682,-0.0000,,nein,,
DG3RU1DBUFHT4ZF9WN62,CON,2025-12-31,Coöperatieve Rabobank U.A.,Netherlands,Large highest EEA,0060,kurze Zinsen runter,633,,52537874682,0.0000,,nein,,
DIZES5CFO5K3I5R58746,CON,2025-06-30,Landesbank Hessen-Thüringen Girozentrale,Germany,Large highest EEA,0010,Parallelverschiebung hoch,-132173893,-61252090,10068118233,-0.0131,-0.0061,nein,nein,
DIZES5CFO5K3I5R58746,CON,2025-06-30,Landesbank Hessen-Thüringen Girozentrale,Germany,Large highest EEA,0020,Parallelverschiebung runter,-90899842,-671306,10068118233,-0.0090,-0.0001,nein,nein,
DIZES5CFO5K3I5R58746,CON,2025-06-30,Landesbank Hessen-Thüringen Girozentrale,Germany,Large highest EEA,0030,Steepener,105255116,,10068118233,0.0105,,nein,,
DIZES5CFO5K3I5R58746,CON,2025-06-30,Landesbank Hessen-Thüringen Girozentrale,Germany,Large highest EEA,0040,Flattener,-248516726,,10068118233,-0.0247,,nein,,
DIZES5CFO5K3I5R58746,CON,2025-06-30,Landesbank Hessen-Thüringen Girozentrale,Germany,Large highest EEA,0050,kurze Zinsen hoch,-231116474,,10068118233,-0.0230,,nein,,
DIZES5CFO5K3I5R58746,CON,2025-06-30,Landesbank Hessen-Thüringen Girozentrale,Germany,Large highest EEA,0060,kurze Zinsen runter,120222289,,10068118233,0.0119,,nein,,
DIZES5CFO5K3I5R58746,CON,2025-12-31,Landesbank Hessen-Thüringen Girozentrale,Germany,Large highest EEA,0010,Parallelverschiebung hoch,-300107665,-19502636,10182053786,-0.0295,-0.0019,nein,nein,
DIZES5CFO5K3I5R58746,CON,2025-12-31,Landesbank Hessen-Thüringen Girozentrale,Germany,Large highest EEA,0020,Parallelverschiebung runter,82498194,-29294272,10182053786,0.0081,-0.0029,nein,nein,
DIZES5CFO5K3I5R58746,CON,2025-12-31,Landesbank Hessen-Thüringen Girozentrale,Germany,Large highest EEA,0030,Steepener,79869120,,10182053786,0.0078,,nein,,
DIZES5CFO5K3I5R58746,CON,2025-12-31,Landesbank Hessen-Thüringen Girozentrale,Germany,Large highest EEA,0040,Flattener,-228315965,,10182053786,-0.0224,,nein,,
DIZES5CFO5K3I5R58746,CON,2025-12-31,Landesbank Hessen-Thüringen Girozentrale,Germany,Large highest EEA,0050,kurze Zinsen hoch,-281129024,,10182053786,-0.0276,,nein,,
DIZES5CFO5K3I5R58746,CON,2025-12-31,Landesbank Hessen-Thüringen Girozentrale,Germany,Large highest EEA,0060,kurze Zinsen runter,146436304,,10182053786,0.0144,,nein,,
DSNHHQ2B9X5N6OUJ1236,CON,2025-12-31,Norddeutsche Landesbank - Girozentrale -,Germany,Large highest EEA,0010,Parallelverschiebung hoch,-802814929,-12418368,7469925384,-0.1075,-0.0017,nein,nein,
DSNHHQ2B9X5N6OUJ1236,CON,2025-12-31,Norddeutsche Landesbank - Girozentrale -,Germany,Large highest EEA,0020,Parallelverschiebung runter,422125595,4293782,7469925384,0.0565,0.0006,nein,nein,
DSNHHQ2B9X5N6OUJ1236,CON,2025-12-31,Norddeutsche Landesbank - Girozentrale -,Germany,Large highest EEA,0030,Steepener,-161536685,,7469925384,-0.0216,,nein,,
DSNHHQ2B9X5N6OUJ1236,CON,2025-12-31,Norddeutsche Landesbank - Girozentrale -,Germany,Large highest EEA,0040,Flattener,5553865,,7469925384,0.0007,,nein,,
DSNHHQ2B9X5N6OUJ1236,CON,2025-12-31,Norddeutsche Landesbank - Girozentrale -,Germany,Large highest EEA,0050,kurze Zinsen hoch,-245517532,,7469925384,-0.0329,,nein,,
DSNHHQ2B9X5N6OUJ1236,CON,2025-12-31,Norddeutsche Landesbank - Girozentrale -,Germany,Large highest EEA,0060,kurze Zinsen runter,127618990,,7469925384,0.0171,,nein,,
DZZ47B9A52ZJ6LT6VV95,CON,2025-06-30,Deutsche Pfandbriefbank AG,Germany,Large highest EEA,0010,Parallelverschiebung hoch,-126000000,4000000,2998,-42028.0187,1334.2228,,,skala
DZZ47B9A52ZJ6LT6VV95,CON,2025-06-30,Deutsche Pfandbriefbank AG,Germany,Large highest EEA,0020,Parallelverschiebung runter,74000000,6000000,2998,24683.1221,2001.3342,,,skala
DZZ47B9A52ZJ6LT6VV95,CON,2025-06-30,Deutsche Pfandbriefbank AG,Germany,Large highest EEA,0030,Steepener,7000000,,2998,2334.8899,,,,skala
DZZ47B9A52ZJ6LT6VV95,CON,2025-06-30,Deutsche Pfandbriefbank AG,Germany,Large highest EEA,0040,Flattener,-40000000,,2998,-13342.2282,,,,skala
DZZ47B9A52ZJ6LT6VV95,CON,2025-06-30,Deutsche Pfandbriefbank AG,Germany,Large highest EEA,0050,kurze Zinsen hoch,-72000000,,2998,-24016.0107,,,,skala
DZZ47B9A52ZJ6LT6VV95,CON,2025-06-30,Deutsche Pfandbriefbank AG,Germany,Large highest EEA,0060,kurze Zinsen runter,46000000,,2998,15343.5624,,,,skala
DZZ47B9A52ZJ6LT6VV95,CON,2025-12-31,Deutsche Pfandbriefbank AG,Germany,Large highest EEA,0010,Parallelverschiebung hoch,-160000000,-13000000,2863000000,-0.0559,-0.0045,nein,nein,
DZZ47B9A52ZJ6LT6VV95,CON,2025-12-31,Deutsche Pfandbriefbank AG,Germany,Large highest EEA,0020,Parallelverschiebung runter,79000000,20000000,2863000000,0.0276,0.0070,nein,nein,
DZZ47B9A52ZJ6LT6VV95,CON,2025-12-31,Deutsche Pfandbriefbank AG,Germany,Large highest EEA,0030,Steepener,17000000,,2863000000,0.0059,,nein,,
DZZ47B9A52ZJ6LT6VV95,CON,2025-12-31,Deutsche Pfandbriefbank AG,Germany,Large highest EEA,0040,Flattener,-69000000,,2863000000,-0.0241,,nein,,
DZZ47B9A52ZJ6LT6VV95,CON,2025-12-31,Deutsche Pfandbriefbank AG,Germany,Large highest EEA,0050,kurze Zinsen hoch,-110000000,,2863000000,-0.0384,,nein,,
DZZ47B9A52ZJ6LT6VV95,CON,2025-12-31,Deutsche Pfandbriefbank AG,Germany,Large highest EEA,0060,kurze Zinsen runter,58000000,,2863000000,0.0203,,nein,,
EQYXK86SF381Q21S3020,IND,2025-12-31,Bank of America Europe Designated Activity Company,Ireland,Large highest EEA,0010,Parallelverschiebung hoch,-174257937,163282973,14453155577,-0.0121,0.0113,nein,nein,
EQYXK86SF381Q21S3020,IND,2025-12-31,Bank of America Europe Designated Activity Company,Ireland,Large highest EEA,0020,Parallelverschiebung runter,112216629,-408808690,14453155577,0.0078,-0.0283,nein,nein,
EQYXK86SF381Q21S3020,IND,2025-12-31,Bank of America Europe Designated Activity Company,Ireland,Large highest EEA,0030,Steepener,-33336847,,14453155577,-0.0023,,nein,,
EQYXK86SF381Q21S3020,IND,2025-12-31,Bank of America Europe Designated Activity Company,Ireland,Large highest EEA,0040,Flattener,-12232512,,14453155577,-0.0008,,nein,,
EQYXK86SF381Q21S3020,IND,2025-12-31,Bank of America Europe Designated Activity Company,Ireland,Large highest EEA,0050,kurze Zinsen hoch,-59107139,,14453155577,-0.0041,,nein,,
EQYXK86SF381Q21S3020,IND,2025-12-31,Bank of America Europe Designated Activity Company,Ireland,Large highest EEA,0060,kurze Zinsen runter,41269019,,14453155577,0.0029,,nein,,
EV2XZWMLLXF2QRX0CD47,CON,2025-06-30,Kommuninvest - Grupp,Sweden,Large highest EEA,0010,Parallelverschiebung hoch,-5248035,19458099,1066041872,-0.0049,0.0183,nein,nein,
EV2XZWMLLXF2QRX0CD47,CON,2025-06-30,Kommuninvest - Grupp,Sweden,Large highest EEA,0020,Parallelverschiebung runter,2628503,-19188969,1066041872,0.0025,-0.0180,nein,nein,
EV2XZWMLLXF2QRX0CD47,CON,2025-06-30,Kommuninvest - Grupp,Sweden,Large highest EEA,0030,Steepener,-2431141,,1066041872,-0.0023,,nein,,
EV2XZWMLLXF2QRX0CD47,CON,2025-06-30,Kommuninvest - Grupp,Sweden,Large highest EEA,0040,Flattener,861216,,1066041872,0.0008,,nein,,
EV2XZWMLLXF2QRX0CD47,CON,2025-06-30,Kommuninvest - Grupp,Sweden,Large highest EEA,0050,kurze Zinsen hoch,-520318,,1066041872,-0.0005,,nein,,
EV2XZWMLLXF2QRX0CD47,CON,2025-06-30,Kommuninvest - Grupp,Sweden,Large highest EEA,0060,kurze Zinsen runter,484434,,1066041872,0.0005,,nein,,
EV2XZWMLLXF2QRX0CD47,CON,2025-12-31,Kommuninvest - Grupp,Sweden,Large highest EEA,0010,Parallelverschiebung hoch,-9536780,15930503,1111341142,-0.0086,0.0143,nein,nein,
EV2XZWMLLXF2QRX0CD47,CON,2025-12-31,Kommuninvest - Grupp,Sweden,Large highest EEA,0020,Parallelverschiebung runter,4768390,-15328093,1111341142,0.0043,-0.0138,nein,nein,
EV2XZWMLLXF2QRX0CD47,CON,2025-12-31,Kommuninvest - Grupp,Sweden,Large highest EEA,0030,Steepener,-1423051,,1111341142,-0.0013,,nein,,
EV2XZWMLLXF2QRX0CD47,CON,2025-12-31,Kommuninvest - Grupp,Sweden,Large highest EEA,0040,Flattener,-678518,,1111341142,-0.0006,,nein,,
EV2XZWMLLXF2QRX0CD47,CON,2025-12-31,Kommuninvest - Grupp,Sweden,Large highest EEA,0050,kurze Zinsen hoch,-4438941,,1111341142,-0.0040,,nein,,
EV2XZWMLLXF2QRX0CD47,CON,2025-12-31,Kommuninvest - Grupp,Sweden,Large highest EEA,0060,kurze Zinsen runter,2219773,,1111341142,0.0020,,nein,,
F0HUI1NY1AZMJMD8LP67,CON,2025-06-30,HSBC Continental Europe,France,Large highest EEA,0010,Parallelverschiebung hoch,-797117831,201382583,11902634929,-0.0670,0.0169,nein,nein,
F0HUI1NY1AZMJMD8LP67,CON,2025-06-30,HSBC Continental Europe,France,Large highest EEA,0020,Parallelverschiebung runter,320332395,-257063751,11902634929,0.0269,-0.0216,nein,nein,
F0HUI1NY1AZMJMD8LP67,CON,2025-06-30,HSBC Continental Europe,France,Large highest EEA,0030,Steepener,-13473135,,11902634929,-0.0011,,nein,,
F0HUI1NY1AZMJMD8LP67,CON,2025-06-30,HSBC Continental Europe,France,Large highest EEA,0040,Flattener,-152534205,,11902634929,-0.0128,,nein,,
F0HUI1NY1AZMJMD8LP67,CON,2025-06-30,HSBC Continental Europe,France,Large highest EEA,0050,kurze Zinsen hoch,-371050326,,11902634929,-0.0312,,nein,,
F0HUI1NY1AZMJMD8LP67,CON,2025-06-30,HSBC Continental Europe,France,Large highest EEA,0060,kurze Zinsen runter,194870490,,11902634929,0.0164,,nein,,
F0HUI1NY1AZMJMD8LP67,CON,2025-12-31,HSBC Continental Europe,France,Large highest EEA,0010,Parallelverschiebung hoch,-1154004474,140156027,11116374579,-0.1038,0.0126,nein,nein,
F0HUI1NY1AZMJMD8LP67,CON,2025-12-31,HSBC Continental Europe,France,Large highest EEA,0020,Parallelverschiebung runter,637744450,-160046335,11116374579,0.0574,-0.0144,nein,nein,
F0HUI1NY1AZMJMD8LP67,CON,2025-12-31,HSBC Continental Europe,France,Large highest EEA,0030,Steepener,-47719668,,11116374579,-0.0043,,nein,,
F0HUI1NY1AZMJMD8LP67,CON,2025-12-31,HSBC Continental Europe,France,Large highest EEA,0040,Flattener,-163088345,,11116374579,-0.0147,,nein,,
F0HUI1NY1AZMJMD8LP67,CON,2025-12-31,HSBC Continental Europe,France,Large highest EEA,0050,kurze Zinsen hoch,-513622812,,11116374579,-0.0462,,nein,,
F0HUI1NY1AZMJMD8LP67,CON,2025-12-31,HSBC Continental Europe,France,Large highest EEA,0060,kurze Zinsen runter,266230731,,11116374579,0.0239,,nein,,
F3JS33DEI6XQ4ZBPTN86,CON,2025-06-30,Skandinaviska Enskilda Banken - gruppen,Sweden,Large highest EEA,0010,Parallelverschiebung hoch,31606887,125529143,16988741494,0.0019,0.0074,nein,nein,
F3JS33DEI6XQ4ZBPTN86,CON,2025-06-30,Skandinaviska Enskilda Banken - gruppen,Sweden,Large highest EEA,0020,Parallelverschiebung runter,-292690806,-677241481,16988741494,-0.0172,-0.0399,nein,nein,
F3JS33DEI6XQ4ZBPTN86,CON,2025-06-30,Skandinaviska Enskilda Banken - gruppen,Sweden,Large highest EEA,0030,Steepener,-280905192,,16988741494,-0.0165,,nein,,
F3JS33DEI6XQ4ZBPTN86,CON,2025-06-30,Skandinaviska Enskilda Banken - gruppen,Sweden,Large highest EEA,0040,Flattener,56810542,,16988741494,0.0033,,nein,,
F3JS33DEI6XQ4ZBPTN86,CON,2025-06-30,Skandinaviska Enskilda Banken - gruppen,Sweden,Large highest EEA,0050,kurze Zinsen hoch,42103869,,16988741494,0.0025,,nein,,
F3JS33DEI6XQ4ZBPTN86,CON,2025-06-30,Skandinaviska Enskilda Banken - gruppen,Sweden,Large highest EEA,0060,kurze Zinsen runter,-439131877,,16988741494,-0.0258,,nein,,
F3JS33DEI6XQ4ZBPTN86,CON,2025-12-31,Skandinaviska Enskilda Banken - gruppen,Sweden,Large highest EEA,0010,Parallelverschiebung hoch,31995001,259098208,17439118921,0.0018,0.0149,nein,nein,
F3JS33DEI6XQ4ZBPTN86,CON,2025-12-31,Skandinaviska Enskilda Banken - gruppen,Sweden,Large highest EEA,0020,Parallelverschiebung runter,-307897777,-828821144,17439118921,-0.0177,-0.0475,nein,nein,
F3JS33DEI6XQ4ZBPTN86,CON,2025-12-31,Skandinaviska Enskilda Banken - gruppen,Sweden,Large highest EEA,0030,Steepener,-315668154,,17439118921,-0.0181,,nein,,
F3JS33DEI6XQ4ZBPTN86,CON,2025-12-31,Skandinaviska Enskilda Banken - gruppen,Sweden,Large highest EEA,0040,Flattener,79852256,,17439118921,0.0046,,nein,,
F3JS33DEI6XQ4ZBPTN86,CON,2025-12-31,Skandinaviska Enskilda Banken - gruppen,Sweden,Large highest EEA,0050,kurze Zinsen hoch,59310081,,17439118921,0.0034,,nein,,
F3JS33DEI6XQ4ZBPTN86,CON,2025-12-31,Skandinaviska Enskilda Banken - gruppen,Sweden,Large highest EEA,0060,kurze Zinsen runter,-477234845,,17439118921,-0.0274,,nein,,
FR9695005MSX1OYEMGDF,CON,2025-06-30,Groupe BPCE,France,Large highest EEA,0010,Parallelverschiebung hoch,-0,0,73708720200,-0.0000,0.0000,nein,nein,
FR9695005MSX1OYEMGDF,CON,2025-06-30,Groupe BPCE,France,Large highest EEA,0020,Parallelverschiebung runter,-0,-0,73708720200,-0.0000,-0.0000,nein,nein,
FR9695005MSX1OYEMGDF,CON,2025-06-30,Groupe BPCE,France,Large highest EEA,0030,Steepener,-0,,73708720200,-0.0000,,nein,,
FR9695005MSX1OYEMGDF,CON,2025-06-30,Groupe BPCE,France,Large highest EEA,0040,Flattener,0,,73708720200,0.0000,,nein,,
FR9695005MSX1OYEMGDF,CON,2025-06-30,Groupe BPCE,France,Large highest EEA,0050,kurze Zinsen hoch,0,,73708720200,0.0000,,nein,,
FR9695005MSX1OYEMGDF,CON,2025-06-30,Groupe BPCE,France,Large highest EEA,0060,kurze Zinsen runter,-0,,73708720200,-0.0000,,nein,,
FR9695005MSX1OYEMGDF,CON,2025-12-31,Groupe BPCE,France,Large highest EEA,0010,Parallelverschiebung hoch,-0,0,76309737644,-0.0000,0.0000,nein,nein,
FR9695005MSX1OYEMGDF,CON,2025-12-31,Groupe BPCE,France,Large highest EEA,0020,Parallelverschiebung runter,-0,-0,76309737644,-0.0000,-0.0000,nein,nein,
FR9695005MSX1OYEMGDF,CON,2025-12-31,Groupe BPCE,France,Large highest EEA,0030,Steepener,-0,,76309737644,-0.0000,,nein,,
FR9695005MSX1OYEMGDF,CON,2025-12-31,Groupe BPCE,France,Large highest EEA,0040,Flattener,0,,76309737644,0.0000,,nein,,
FR9695005MSX1OYEMGDF,CON,2025-12-31,Groupe BPCE,France,Large highest EEA,0050,kurze Zinsen hoch,0,,76309737644,0.0000,,nein,,
FR9695005MSX1OYEMGDF,CON,2025-12-31,Groupe BPCE,France,Large highest EEA,0060,kurze Zinsen runter,0,,76309737644,0.0000,,nein,,
G8ZTNESVNKW4NN761W05,CON,2025-12-31,ABN AMRO Clearing Bank N.V.,Netherlands,Large subsidiaries,0010,Parallelverschiebung hoch,-2947205,17426786,2198404064,-0.0013,0.0079,nein,nein,
G8ZTNESVNKW4NN761W05,CON,2025-12-31,ABN AMRO Clearing Bank N.V.,Netherlands,Large subsidiaries,0020,Parallelverschiebung runter,1314259,-34939047,2198404064,0.0006,-0.0159,nein,nein,
G8ZTNESVNKW4NN761W05,CON,2025-12-31,ABN AMRO Clearing Bank N.V.,Netherlands,Large subsidiaries,0030,Steepener,1557234,,2198404064,0.0007,,nein,,
G8ZTNESVNKW4NN761W05,CON,2025-12-31,ABN AMRO Clearing Bank N.V.,Netherlands,Large subsidiaries,0040,Flattener,-3921890,,2198404064,-0.0018,,nein,,
G8ZTNESVNKW4NN761W05,CON,2025-12-31,ABN AMRO Clearing Bank N.V.,Netherlands,Large subsidiaries,0050,kurze Zinsen hoch,-4799269,,2198404064,-0.0022,,nein,,
G8ZTNESVNKW4NN761W05,CON,2025-12-31,ABN AMRO Clearing Bank N.V.,Netherlands,Large subsidiaries,0060,kurze Zinsen runter,2268497,,2198404064,0.0010,,nein,,
GDI8P8WHFH4PS5YTU851,CON,2025-12-31,"HAITONG BANK, S.A.",Portugal,Other highest EEA,0010,Parallelverschiebung hoch,-23153456,2691879,520377900,-0.0445,0.0052,nein,nein,
GDI8P8WHFH4PS5YTU851,CON,2025-12-31,"HAITONG BANK, S.A.",Portugal,Other highest EEA,0020,Parallelverschiebung runter,13438460,-2691879,520377900,0.0258,-0.0052,nein,nein,
GDI8P8WHFH4PS5YTU851,CON,2025-12-31,"HAITONG BANK, S.A.",Portugal,Other highest EEA,0030,Steepener,-9408279,,520377900,-0.0181,,nein,,
GDI8P8WHFH4PS5YTU851,CON,2025-12-31,"HAITONG BANK, S.A.",Portugal,Other highest EEA,0040,Flattener,2004437,,520377900,0.0039,,nein,,
GDI8P8WHFH4PS5YTU851,CON,2025-12-31,"HAITONG BANK, S.A.",Portugal,Other highest EEA,0050,kurze Zinsen hoch,-3725080,,520377900,-0.0072,,nein,,
GDI8P8WHFH4PS5YTU851,CON,2025-12-31,"HAITONG BANK, S.A.",Portugal,Other highest EEA,0060,kurze Zinsen runter,1717310,,520377900,0.0033,,nein,,
H0YX5LBGKDVOWCXBZ594,CON,2025-06-30,SBAB Bank AB - Grupp,Sweden,Large highest EEA,0010,Parallelverschiebung hoch,34043511,361725,2493038163,0.0137,0.0001,nein,nein,
H0YX5LBGKDVOWCXBZ594,CON,2025-06-30,SBAB Bank AB - Grupp,Sweden,Large highest EEA,0020,Parallelverschiebung runter,-123477067,-43653824,2493038163,-0.0495,-0.0175,nein,nein,
H0YX5LBGKDVOWCXBZ594,CON,2025-06-30,SBAB Bank AB - Grupp,Sweden,Large highest EEA,0030,Steepener,-4109944,,2493038163,-0.0016,,nein,,
H0YX5LBGKDVOWCXBZ594,CON,2025-06-30,SBAB Bank AB - Grupp,Sweden,Large highest EEA,0040,Flattener,5738673,,2493038163,0.0023,,nein,,
H0YX5LBGKDVOWCXBZ594,CON,2025-06-30,SBAB Bank AB - Grupp,Sweden,Large highest EEA,0050,kurze Zinsen hoch,19922879,,2493038163,0.0080,,nein,,
H0YX5LBGKDVOWCXBZ594,CON,2025-06-30,SBAB Bank AB - Grupp,Sweden,Large highest EEA,0060,kurze Zinsen runter,-79923984,,2493038163,-0.0321,,nein,,
H0YX5LBGKDVOWCXBZ594,CON,2025-12-31,SBAB Bank AB - Grupp,Sweden,Large highest EEA,0010,Parallelverschiebung hoch,20416691,-39089057,2618429603,0.0078,-0.0149,nein,nein,
H0YX5LBGKDVOWCXBZ594,CON,2025-12-31,SBAB Bank AB - Grupp,Sweden,Large highest EEA,0020,Parallelverschiebung runter,-92247101,7779533,2618429603,-0.0352,0.0030,nein,nein,
H0YX5LBGKDVOWCXBZ594,CON,2025-12-31,SBAB Bank AB - Grupp,Sweden,Large highest EEA,0030,Steepener,3353120,,2618429603,0.0013,,nein,,
H0YX5LBGKDVOWCXBZ594,CON,2025-12-31,SBAB Bank AB - Grupp,Sweden,Large highest EEA,0040,Flattener,-7347024,,2618429603,-0.0028,,nein,,
H0YX5LBGKDVOWCXBZ594,CON,2025-12-31,SBAB Bank AB - Grupp,Sweden,Large highest EEA,0050,kurze Zinsen hoch,7157169,,2618429603,0.0027,,nein,,
H0YX5LBGKDVOWCXBZ594,CON,2025-12-31,SBAB Bank AB - Grupp,Sweden,Large highest EEA,0060,kurze Zinsen runter,-52741169,,2618429603,-0.0201,,nein,,
I6SS27Q1Q3385V753S50,IND,2025-06-30,Raiffeisenlandesbank Oberösterreich Aktiengesellschaft,Austria,Large subsidiaries,0010,Parallelverschiebung hoch,-279454399,2588529,3562129906,-0.0785,0.0007,nein,nein,
I6SS27Q1Q3385V753S50,IND,2025-06-30,Raiffeisenlandesbank Oberösterreich Aktiengesellschaft,Austria,Large subsidiaries,0020,Parallelverschiebung runter,170289497,-41185687,3562129906,0.0478,-0.0116,nein,nein,
I6SS27Q1Q3385V753S50,IND,2025-06-30,Raiffeisenlandesbank Oberösterreich Aktiengesellschaft,Austria,Large subsidiaries,0030,Steepener,-106479991,,3562129906,-0.0299,,nein,,
I6SS27Q1Q3385V753S50,IND,2025-06-30,Raiffeisenlandesbank Oberösterreich Aktiengesellschaft,Austria,Large subsidiaries,0040,Flattener,32073593,,3562129906,0.0090,,nein,,
I6SS27Q1Q3385V753S50,IND,2025-06-30,Raiffeisenlandesbank Oberösterreich Aktiengesellschaft,Austria,Large subsidiaries,0050,kurze Zinsen hoch,-35075331,,3562129906,-0.0098,,nein,,
I6SS27Q1Q3385V753S50,IND,2025-06-30,Raiffeisenlandesbank Oberösterreich Aktiengesellschaft,Austria,Large subsidiaries,0060,kurze Zinsen runter,17337267,,3562129906,0.0049,,nein,,
I6USJ58BDV2BO5KP3C31,CON,2025-12-31,"MONETA Money Bank, a.s.",Czech,Other highest EEA,0010,Parallelverschiebung hoch,17508539,17814809,961020492,0.0182,0.0185,nein,nein,
I6USJ58BDV2BO5KP3C31,CON,2025-12-31,"MONETA Money Bank, a.s.",Czech,Other highest EEA,0020,Parallelverschiebung runter,-28525119,-10523398,961020492,-0.0297,-0.0110,nein,nein,
I6USJ58BDV2BO5KP3C31,CON,2025-12-31,"MONETA Money Bank, a.s.",Czech,Other highest EEA,0030,Steepener,969765,,961020492,0.0010,,nein,,
I6USJ58BDV2BO5KP3C31,CON,2025-12-31,"MONETA Money Bank, a.s.",Czech,Other highest EEA,0040,Flattener,5766946,,961020492,0.0060,,nein,,
I6USJ58BDV2BO5KP3C31,CON,2025-12-31,"MONETA Money Bank, a.s.",Czech,Other highest EEA,0050,kurze Zinsen hoch,11273966,,961020492,0.0117,,nein,,
I6USJ58BDV2BO5KP3C31,CON,2025-12-31,"MONETA Money Bank, a.s.",Czech,Other highest EEA,0060,kurze Zinsen runter,-6989510,,961020492,-0.0073,,nein,,
I7ETN0QQO2AHZZGHJ389,IND,2025-12-31,KOMMUNALBANKEN AS,Norway,Large highest EEA,0010,Parallelverschiebung hoch,-10386120,42304440,1880921014,-0.0055,0.0225,nein,nein,
I7ETN0QQO2AHZZGHJ389,IND,2025-12-31,KOMMUNALBANKEN AS,Norway,Large highest EEA,0020,Parallelverschiebung runter,-8528440,-37575800,1880921014,-0.0045,-0.0200,nein,nein,
I7ETN0QQO2AHZZGHJ389,IND,2025-12-31,KOMMUNALBANKEN AS,Norway,Large highest EEA,0030,Steepener,-17647960,,1880921014,-0.0094,,nein,,
I7ETN0QQO2AHZZGHJ389,IND,2025-12-31,KOMMUNALBANKEN AS,Norway,Large highest EEA,0040,Flattener,8444000,,1880921014,0.0045,,nein,,
I7ETN0QQO2AHZZGHJ389,IND,2025-12-31,KOMMUNALBANKEN AS,Norway,Large highest EEA,0050,kurze Zinsen hoch,5066400,,1880921014,0.0027,,nein,,
I7ETN0QQO2AHZZGHJ389,IND,2025-12-31,KOMMUNALBANKEN AS,Norway,Large highest EEA,0060,kurze Zinsen runter,-20350040,,1880921014,-0.0108,,nein,,
I7ETN0QQO2AHZZGHJ389,IND,2026-03-31,KOMMUNALBANKEN AS,Norway,Large highest EEA,0010,Parallelverschiebung hoch,-17570430,37370610,2001989354,-0.0088,0.0187,nein,nein,
I7ETN0QQO2AHZZGHJ389,IND,2026-03-31,KOMMUNALBANKEN AS,Norway,Large highest EEA,0020,Parallelverschiebung runter,-1694610,-32465160,2001989354,-0.0008,-0.0162,nein,nein,
I7ETN0QQO2AHZZGHJ389,IND,2026-03-31,KOMMUNALBANKEN AS,Norway,Large highest EEA,0030,Steepener,-8919000,,2001989354,-0.0045,,nein,,
I7ETN0QQO2AHZZGHJ389,IND,2026-03-31,KOMMUNALBANKEN AS,Norway,Large highest EEA,0040,Flattener,535140,,2001989354,0.0003,,nein,,
I7ETN0QQO2AHZZGHJ389,IND,2026-03-31,KOMMUNALBANKEN AS,Norway,Large highest EEA,0050,kurze Zinsen hoch,-4816260,,2001989354,-0.0024,,nein,,
I7ETN0QQO2AHZZGHJ389,IND,2026-03-31,KOMMUNALBANKEN AS,Norway,Large highest EEA,0060,kurze Zinsen runter,-8294670,,2001989354,-0.0041,,nein,,
J48C8PCSJVUBR8KCW529,CON,2025-06-30,BANCA POPOLARE DI SONDRIO SOCIETA' PER AZIONI,Italy,Large subsidiaries,0010,Parallelverschiebung hoch,-221532000,39019000,3961858793,-0.0559,0.0098,nein,nein,
J48C8PCSJVUBR8KCW529,CON,2025-06-30,BANCA POPOLARE DI SONDRIO SOCIETA' PER AZIONI,Italy,Large subsidiaries,0020,Parallelverschiebung runter,-64253000,-98046000,3961858793,-0.0162,-0.0247,nein,nein,
J48C8PCSJVUBR8KCW529,CON,2025-06-30,BANCA POPOLARE DI SONDRIO SOCIETA' PER AZIONI,Italy,Large subsidiaries,0030,Steepener,65032000,,3961858793,0.0164,,nein,,
J48C8PCSJVUBR8KCW529,CON,2025-06-30,BANCA POPOLARE DI SONDRIO SOCIETA' PER AZIONI,Italy,Large subsidiaries,0040,Flattener,-195769000,,3961858793,-0.0494,,nein,,
J48C8PCSJVUBR8KCW529,CON,2025-06-30,BANCA POPOLARE DI SONDRIO SOCIETA' PER AZIONI,Italy,Large subsidiaries,0050,kurze Zinsen hoch,-181689000,,3961858793,-0.0459,,nein,,
J48C8PCSJVUBR8KCW529,CON,2025-06-30,BANCA POPOLARE DI SONDRIO SOCIETA' PER AZIONI,Italy,Large subsidiaries,0060,kurze Zinsen runter,78517000,,3961858793,0.0198,,nein,,
J4CP7MHCXR8DAQMKIL78,CON,2025-06-30,Banca Monte dei Paschi di Siena S.p.A.,Italy,Large highest EEA,0010,Parallelverschiebung hoch,-774484463,139648864,8996382098,-0.0861,0.0155,nein,nein,
J4CP7MHCXR8DAQMKIL78,CON,2025-06-30,Banca Monte dei Paschi di Siena S.p.A.,Italy,Large highest EEA,0020,Parallelverschiebung runter,160348016,-328590878,8996382098,0.0178,-0.0365,nein,nein,
J4CP7MHCXR8DAQMKIL78,CON,2025-06-30,Banca Monte dei Paschi di Siena S.p.A.,Italy,Large highest EEA,0030,Steepener,-54485925,,8996382098,-0.0061,,nein,,
J4CP7MHCXR8DAQMKIL78,CON,2025-06-30,Banca Monte dei Paschi di Siena S.p.A.,Italy,Large highest EEA,0040,Flattener,-105218490,,8996382098,-0.0117,,nein,,
J4CP7MHCXR8DAQMKIL78,CON,2025-06-30,Banca Monte dei Paschi di Siena S.p.A.,Italy,Large highest EEA,0050,kurze Zinsen hoch,-263582540,,8996382098,-0.0293,,nein,,
J4CP7MHCXR8DAQMKIL78,CON,2025-06-30,Banca Monte dei Paschi di Siena S.p.A.,Italy,Large highest EEA,0060,kurze Zinsen runter,113693233,,8996382098,0.0126,,nein,,
J4CP7MHCXR8DAQMKIL78,CON,2025-12-31,Banca Monte dei Paschi di Siena S.p.A.,Italy,Large highest EEA,0010,Parallelverschiebung hoch,-976690836,150304928,14346147276,-0.0681,0.0105,nein,nein,
J4CP7MHCXR8DAQMKIL78,CON,2025-12-31,Banca Monte dei Paschi di Siena S.p.A.,Italy,Large highest EEA,0020,Parallelverschiebung runter,116143033,-327024437,14346147276,0.0081,-0.0228,nein,nein,
J4CP7MHCXR8DAQMKIL78,CON,2025-12-31,Banca Monte dei Paschi di Siena S.p.A.,Italy,Large highest EEA,0030,Steepener,-58744074,,14346147276,-0.0041,,nein,,
J4CP7MHCXR8DAQMKIL78,CON,2025-12-31,Banca Monte dei Paschi di Siena S.p.A.,Italy,Large highest EEA,0040,Flattener,-154276855,,14346147276,-0.0108,,nein,,
J4CP7MHCXR8DAQMKIL78,CON,2025-12-31,Banca Monte dei Paschi di Siena S.p.A.,Italy,Large highest EEA,0050,kurze Zinsen hoch,-340209228,,14346147276,-0.0237,,nein,,
J4CP7MHCXR8DAQMKIL78,CON,2025-12-31,Banca Monte dei Paschi di Siena S.p.A.,Italy,Large highest EEA,0060,kurze Zinsen runter,153479941,,14346147276,0.0107,,nein,,
JLS56RAMYQZECFUF2G44,CON,2025-06-30,ING Belgie,Belgium,Large subsidiaries,0010,Parallelverschiebung hoch,-355722160,170524002,8352009451,-0.0426,0.0204,nein,nein,
JLS56RAMYQZECFUF2G44,CON,2025-06-30,ING Belgie,Belgium,Large subsidiaries,0020,Parallelverschiebung runter,-810903081,-342771210,8352009451,-0.0971,-0.0410,nein,nein,
JLS56RAMYQZECFUF2G44,CON,2025-06-30,ING Belgie,Belgium,Large subsidiaries,0030,Steepener,134747267,,8352009451,0.0161,,nein,,
JLS56RAMYQZECFUF2G44,CON,2025-06-30,ING Belgie,Belgium,Large subsidiaries,0040,Flattener,-214398810,,8352009451,-0.0257,,nein,,
JLS56RAMYQZECFUF2G44,CON,2025-06-30,ING Belgie,Belgium,Large subsidiaries,0050,kurze Zinsen hoch,-232709638,,8352009451,-0.0279,,nein,,
JLS56RAMYQZECFUF2G44,CON,2025-06-30,ING Belgie,Belgium,Large subsidiaries,0060,kurze Zinsen runter,162801666,,8352009451,0.0195,,nein,,
JU1U6S0DG9YLT7N8ZV32,CON,2025-06-30,"Banco Comercial Português, SA",Portugal,Large highest EEA,0010,Parallelverschiebung hoch,-373133146,64825741,7174654607,-0.0520,0.0090,nein,nein,
JU1U6S0DG9YLT7N8ZV32,CON,2025-06-30,"Banco Comercial Português, SA",Portugal,Large highest EEA,0020,Parallelverschiebung runter,-46411872,-128238719,7174654607,-0.0065,-0.0179,nein,nein,
JU1U6S0DG9YLT7N8ZV32,CON,2025-06-30,"Banco Comercial Português, SA",Portugal,Large highest EEA,0030,Steepener,270081985,,7174654607,0.0376,,nein,,
JU1U6S0DG9YLT7N8ZV32,CON,2025-06-30,"Banco Comercial Português, SA",Portugal,Large highest EEA,0040,Flattener,-662892267,,7174654607,-0.0924,,nein,,
JU1U6S0DG9YLT7N8ZV32,CON,2025-06-30,"Banco Comercial Português, SA",Portugal,Large highest EEA,0050,kurze Zinsen hoch,-723973594,,7174654607,-0.1009,,nein,,
JU1U6S0DG9YLT7N8ZV32,CON,2025-06-30,"Banco Comercial Português, SA",Portugal,Large highest EEA,0060,kurze Zinsen runter,318868886,,7174654607,0.0444,,nein,,
JU1U6S0DG9YLT7N8ZV32,CON,2025-12-31,"Banco Comercial Português, SA",Portugal,Large highest EEA,0010,Parallelverschiebung hoch,-239317679,104793632,7567379776,-0.0316,0.0138,nein,nein,
JU1U6S0DG9YLT7N8ZV32,CON,2025-12-31,"Banco Comercial Português, SA",Portugal,Large highest EEA,0020,Parallelverschiebung runter,-246281933,-211136201,7567379776,-0.0325,-0.0279,nein,nein,
JU1U6S0DG9YLT7N8ZV32,CON,2025-12-31,"Banco Comercial Português, SA",Portugal,Large highest EEA,0030,Steepener,266378953,,7567379776,0.0352,,nein,,
JU1U6S0DG9YLT7N8ZV32,CON,2025-12-31,"Banco Comercial Português, SA",Portugal,Large highest EEA,0040,Flattener,-646557742,,7567379776,-0.0854,,nein,,
JU1U6S0DG9YLT7N8ZV32,CON,2025-12-31,"Banco Comercial Português, SA",Portugal,Large highest EEA,0050,kurze Zinsen hoch,-665167545,,7567379776,-0.0879,,nein,,
JU1U6S0DG9YLT7N8ZV32,CON,2025-12-31,"Banco Comercial Português, SA",Portugal,Large highest EEA,0060,kurze Zinsen runter,282849539,,7567379776,0.0374,,nein,,
K8MS7FD7N5Z2WQ51AZ71,CON,2025-06-30,"Banco Bilbao Vizcaya Argentaria, S.A.",Spain,Large highest EEA,0010,Parallelverschiebung hoch,-5231000000,123000000,57123000000,-0.0916,0.0022,nein,nein,
K8MS7FD7N5Z2WQ51AZ71,CON,2025-06-30,"Banco Bilbao Vizcaya Argentaria, S.A.",Spain,Large highest EEA,0020,Parallelverschiebung runter,1813000000,-976000000,57123000000,0.0317,-0.0171,nein,nein,
K8MS7FD7N5Z2WQ51AZ71,CON,2025-06-30,"Banco Bilbao Vizcaya Argentaria, S.A.",Spain,Large highest EEA,0030,Steepener,-53000000,,57123000000,-0.0009,,nein,,
K8MS7FD7N5Z2WQ51AZ71,CON,2025-06-30,"Banco Bilbao Vizcaya Argentaria, S.A.",Spain,Large highest EEA,0040,Flattener,-1232000000,,57123000000,-0.0216,,nein,,
K8MS7FD7N5Z2WQ51AZ71,CON,2025-06-30,"Banco Bilbao Vizcaya Argentaria, S.A.",Spain,Large highest EEA,0050,kurze Zinsen hoch,-2688000000,,57123000000,-0.0471,,nein,,
K8MS7FD7N5Z2WQ51AZ71,CON,2025-06-30,"Banco Bilbao Vizcaya Argentaria, S.A.",Spain,Large highest EEA,0060,kurze Zinsen runter,1275000000,,57123000000,0.0223,,nein,,
K8MS7FD7N5Z2WQ51AZ71,CON,2025-12-31,"Banco Bilbao Vizcaya Argentaria, S.A.",Spain,Large highest EEA,0010,Parallelverschiebung hoch,-6013000000,304000000,55934000000,-0.1075,0.0054,nein,nein,
K8MS7FD7N5Z2WQ51AZ71,CON,2025-12-31,"Banco Bilbao Vizcaya Argentaria, S.A.",Spain,Large highest EEA,0020,Parallelverschiebung runter,2254000000,-1190000000,55934000000,0.0403,-0.0213,nein,nein,
K8MS7FD7N5Z2WQ51AZ71,CON,2025-12-31,"Banco Bilbao Vizcaya Argentaria, S.A.",Spain,Large highest EEA,0030,Steepener,-800000000,,55934000000,-0.0143,,nein,,
K8MS7FD7N5Z2WQ51AZ71,CON,2025-12-31,"Banco Bilbao Vizcaya Argentaria, S.A.",Spain,Large highest EEA,0040,Flattener,-531000000,,55934000000,-0.0095,,nein,,
K8MS7FD7N5Z2WQ51AZ71,CON,2025-12-31,"Banco Bilbao Vizcaya Argentaria, S.A.",Spain,Large highest EEA,0050,kurze Zinsen hoch,-2397000000,,55934000000,-0.0429,,nein,,
K8MS7FD7N5Z2WQ51AZ71,CON,2025-12-31,"Banco Bilbao Vizcaya Argentaria, S.A.",Spain,Large highest EEA,0060,kurze Zinsen runter,949000000,,55934000000,0.0170,,nein,,
LIU16F6VZJSD6UKHD557,CON,2025-06-30,Nykredit Realkredit A/S,Denmark,Large highest EEA,0010,Parallelverschiebung hoch,-53746030,20506590,12598787490,-0.0043,0.0016,nein,nein,
LIU16F6VZJSD6UKHD557,CON,2025-06-30,Nykredit Realkredit A/S,Denmark,Large highest EEA,0020,Parallelverschiebung runter,-39270790,-156144950,12598787490,-0.0031,-0.0124,nein,nein,
LIU16F6VZJSD6UKHD557,CON,2025-06-30,Nykredit Realkredit A/S,Denmark,Large highest EEA,0030,Steepener,-29754660,,12598787490,-0.0024,,nein,,
LIU16F6VZJSD6UKHD557,CON,2025-06-30,Nykredit Realkredit A/S,Denmark,Large highest EEA,0040,Flattener,-31899140,,12598787490,-0.0025,,nein,,
LIU16F6VZJSD6UKHD557,CON,2025-06-30,Nykredit Realkredit A/S,Denmark,Large highest EEA,0050,kurze Zinsen hoch,-46374380,,12598787490,-0.0037,,nein,,
LIU16F6VZJSD6UKHD557,CON,2025-06-30,Nykredit Realkredit A/S,Denmark,Large highest EEA,0060,kurze Zinsen runter,-35517950,,12598787490,-0.0028,,nein,,
LIU16F6VZJSD6UKHD557,CON,2025-12-31,Nykredit Realkredit A/S,Denmark,Large highest EEA,0010,Parallelverschiebung hoch,-53689890,14861790,12686767198,-0.0042,0.0012,nein,nein,
LIU16F6VZJSD6UKHD557,CON,2025-12-31,Nykredit Realkredit A/S,Denmark,Large highest EEA,0020,Parallelverschiebung runter,-31330260,-193872720,12686767198,-0.0025,-0.0153,nein,nein,
LIU16F6VZJSD6UKHD557,CON,2025-12-31,Nykredit Realkredit A/S,Denmark,Large highest EEA,0030,Steepener,-29723580,,12686767198,-0.0023,,nein,,
LIU16F6VZJSD6UKHD557,CON,2025-12-31,Nykredit Realkredit A/S,Denmark,Large highest EEA,0040,Flattener,-31865820,,12686767198,-0.0025,,nein,,
LIU16F6VZJSD6UKHD557,CON,2025-12-31,Nykredit Realkredit A/S,Denmark,Large highest EEA,0050,kurze Zinsen hoch,-46325940,,12686767198,-0.0037,,nein,,
LIU16F6VZJSD6UKHD557,CON,2025-12-31,Nykredit Realkredit A/S,Denmark,Large highest EEA,0060,kurze Zinsen runter,-36016410,,12686767198,-0.0028,,nein,,
LOO0AWXR8GF142JCO404,CON,2025-06-30,CASSA CENTRALE BANCA - CREDITO COOPERATIVO ITALIANOSOCIETA' PER AZIONI (IN SIGLA CASSA CENTRALE BANCA),Italy,Large highest EEA,0010,Parallelverschiebung hoch,-1063820438,150518253,9019813504,-0.1179,0.0167,nein,nein,
LOO0AWXR8GF142JCO404,CON,2025-06-30,CASSA CENTRALE BANCA - CREDITO COOPERATIVO ITALIANOSOCIETA' PER AZIONI (IN SIGLA CASSA CENTRALE BANCA),Italy,Large highest EEA,0020,Parallelverschiebung runter,562122554,-320558117,9019813504,0.0623,-0.0355,nein,nein,
LOO0AWXR8GF142JCO404,CON,2025-06-30,CASSA CENTRALE BANCA - CREDITO COOPERATIVO ITALIANOSOCIETA' PER AZIONI (IN SIGLA CASSA CENTRALE BANCA),Italy,Large highest EEA,0030,Steepener,-158259886,,9019813504,-0.0175,,nein,,
LOO0AWXR8GF142JCO404,CON,2025-06-30,CASSA CENTRALE BANCA - CREDITO COOPERATIVO ITALIANOSOCIETA' PER AZIONI (IN SIGLA CASSA CENTRALE BANCA),Italy,Large highest EEA,0040,Flattener,-33339428,,9019813504,-0.0037,,nein,,
LOO0AWXR8GF142JCO404,CON,2025-06-30,CASSA CENTRALE BANCA - CREDITO COOPERATIVO ITALIANOSOCIETA' PER AZIONI (IN SIGLA CASSA CENTRALE BANCA),Italy,Large highest EEA,0050,kurze Zinsen hoch,-331603317,,9019813504,-0.0368,,nein,,
LOO0AWXR8GF142JCO404,CON,2025-06-30,CASSA CENTRALE BANCA - CREDITO COOPERATIVO ITALIANOSOCIETA' PER AZIONI (IN SIGLA CASSA CENTRALE BANCA),Italy,Large highest EEA,0060,kurze Zinsen runter,181275447,,9019813504,0.0201,,nein,,
LOO0AWXR8GF142JCO404,CON,2025-12-31,CASSA CENTRALE BANCA - CREDITO COOPERATIVO ITALIANOSOCIETA' PER AZIONI (IN SIGLA CASSA CENTRALE BANCA),Italy,Large highest EEA,0010,Parallelverschiebung hoch,-1078483435,140754655,10021695636,-0.1076,0.0140,nein,nein,
LOO0AWXR8GF142JCO404,CON,2025-12-31,CASSA CENTRALE BANCA - CREDITO COOPERATIVO ITALIANOSOCIETA' PER AZIONI (IN SIGLA CASSA CENTRALE BANCA),Italy,Large highest EEA,0020,Parallelverschiebung runter,558955252,-296465504,10021695636,0.0558,-0.0296,nein,nein,
LOO0AWXR8GF142JCO404,CON,2025-12-31,CASSA CENTRALE BANCA - CREDITO COOPERATIVO ITALIANOSOCIETA' PER AZIONI (IN SIGLA CASSA CENTRALE BANCA),Italy,Large highest EEA,0030,Steepener,-130720670,,10021695636,-0.0130,,nein,,
LOO0AWXR8GF142JCO404,CON,2025-12-31,CASSA CENTRALE BANCA - CREDITO COOPERATIVO ITALIANOSOCIETA' PER AZIONI (IN SIGLA CASSA CENTRALE BANCA),Italy,Large highest EEA,0040,Flattener,-67445110,,10021695636,-0.0067,,nein,,
LOO0AWXR8GF142JCO404,CON,2025-12-31,CASSA CENTRALE BANCA - CREDITO COOPERATIVO ITALIANOSOCIETA' PER AZIONI (IN SIGLA CASSA CENTRALE BANCA),Italy,Large highest EEA,0050,kurze Zinsen hoch,-370006234,,10021695636,-0.0369,,nein,,
LOO0AWXR8GF142JCO404,CON,2025-12-31,CASSA CENTRALE BANCA - CREDITO COOPERATIVO ITALIANOSOCIETA' PER AZIONI (IN SIGLA CASSA CENTRALE BANCA),Italy,Large highest EEA,0060,kurze Zinsen runter,194624230,,10021695636,0.0194,,nein,,
M312WZV08Y7LYUC71685,CON,2025-06-30,Swedbank - Grupp,Sweden,Large highest EEA,0010,Parallelverschiebung hoch,242575840,61451350,17103929180,0.0142,0.0036,nein,nein,
M312WZV08Y7LYUC71685,CON,2025-06-30,Swedbank - Grupp,Sweden,Large highest EEA,0020,Parallelverschiebung runter,-349958710,-1041263970,17103929180,-0.0205,-0.0609,nein,ja,
M312WZV08Y7LYUC71685,CON,2025-06-30,Swedbank - Grupp,Sweden,Large highest EEA,0030,Steepener,192786790,,17103929180,0.0113,,nein,,
M312WZV08Y7LYUC71685,CON,2025-06-30,Swedbank - Grupp,Sweden,Large highest EEA,0040,Flattener,-233246000,,17103929180,-0.0136,,nein,,
M312WZV08Y7LYUC71685,CON,2025-06-30,Swedbank - Grupp,Sweden,Large highest EEA,0050,kurze Zinsen hoch,-83250880,,17103929180,-0.0049,,nein,,
M312WZV08Y7LYUC71685,CON,2025-06-30,Swedbank - Grupp,Sweden,Large highest EEA,0060,kurze Zinsen runter,37767910,,17103929180,0.0022,,nein,,
M312WZV08Y7LYUC71685,CON,2025-12-31,Swedbank - Grupp,Sweden,Large highest EEA,0010,Parallelverschiebung hoch,276860360,157743870,16748295990,0.0165,0.0094,nein,nein,
M312WZV08Y7LYUC71685,CON,2025-12-31,Swedbank - Grupp,Sweden,Large highest EEA,0020,Parallelverschiebung runter,-611569380,-1151983060,16748295990,-0.0365,-0.0688,nein,ja,
M312WZV08Y7LYUC71685,CON,2025-12-31,Swedbank - Grupp,Sweden,Large highest EEA,0030,Steepener,266325620,,16748295990,0.0159,,nein,,
M312WZV08Y7LYUC71685,CON,2025-12-31,Swedbank - Grupp,Sweden,Large highest EEA,0040,Flattener,-357903930,,16748295990,-0.0214,,nein,,
M312WZV08Y7LYUC71685,CON,2025-12-31,Swedbank - Grupp,Sweden,Large highest EEA,0050,kurze Zinsen hoch,-165136670,,16748295990,-0.0099,,nein,,
M312WZV08Y7LYUC71685,CON,2025-12-31,Swedbank - Grupp,Sweden,Large highest EEA,0060,kurze Zinsen runter,60713370,,16748295990,0.0036,,nein,,
M6AD1Y1KW32H8THQ6F76,CON,2025-06-30,Piraeus Financial Holdings,Greece,Large highest EEA,0010,Parallelverschiebung hoch,-644233,-116661,6124955764,-0.0001,-0.0000,nein,nein,
M6AD1Y1KW32H8THQ6F76,CON,2025-06-30,Piraeus Financial Holdings,Greece,Large highest EEA,0020,Parallelverschiebung runter,694913,-110829,6124955764,0.0001,-0.0000,nein,nein,
M6AD1Y1KW32H8THQ6F76,CON,2025-06-30,Piraeus Financial Holdings,Greece,Large highest EEA,0030,Steepener,-222264,,6124955764,-0.0000,,nein,,
M6AD1Y1KW32H8THQ6F76,CON,2025-06-30,Piraeus Financial Holdings,Greece,Large highest EEA,0040,Flattener,100834,,6124955764,0.0000,,nein,,
M6AD1Y1KW32H8THQ6F76,CON,2025-06-30,Piraeus Financial Holdings,Greece,Large highest EEA,0050,kurze Zinsen hoch,-114547,,6124955764,-0.0000,,nein,,
M6AD1Y1KW32H8THQ6F76,CON,2025-06-30,Piraeus Financial Holdings,Greece,Large highest EEA,0060,kurze Zinsen runter,45468,,6124955764,0.0000,,nein,,
MAES062Z21O4RZ2U7M96,CON,2025-06-30,Danske Bank A/S,Denmark,Large highest EEA,0010,Parallelverschiebung hoch,-470445300,460393050,21199251610,-0.0222,0.0217,nein,nein,
MAES062Z21O4RZ2U7M96,CON,2025-06-30,Danske Bank A/S,Denmark,Large highest EEA,0020,Parallelverschiebung runter,316980950,-699904660,21199251610,0.0150,-0.0330,nein,nein,
MAES062Z21O4RZ2U7M96,CON,2025-06-30,Danske Bank A/S,Denmark,Large highest EEA,0030,Steepener,87387560,,21199251610,0.0041,,nein,,
MAES062Z21O4RZ2U7M96,CON,2025-06-30,Danske Bank A/S,Denmark,Large highest EEA,0040,Flattener,-283071360,,21199251610,-0.0134,,nein,,
MAES062Z21O4RZ2U7M96,CON,2025-06-30,Danske Bank A/S,Denmark,Large highest EEA,0050,kurze Zinsen hoch,-417101360,,21199251610,-0.0197,,nein,,
MAES062Z21O4RZ2U7M96,CON,2025-06-30,Danske Bank A/S,Denmark,Large highest EEA,0060,kurze Zinsen runter,235088620,,21199251610,0.0111,,nein,,
MAES062Z21O4RZ2U7M96,CON,2025-12-31,Danske Bank A/S,Denmark,Large highest EEA,0010,Parallelverschiebung hoch,-646822590,336197790,20043663572,-0.0323,0.0168,nein,nein,
MAES062Z21O4RZ2U7M96,CON,2025-12-31,Danske Bank A/S,Denmark,Large highest EEA,0020,Parallelverschiebung runter,175931460,-626203530,20043663572,0.0088,-0.0312,nein,nein,
MAES062Z21O4RZ2U7M96,CON,2025-12-31,Danske Bank A/S,Denmark,Large highest EEA,0030,Steepener,112199820,,20043663572,0.0056,,nein,,
MAES062Z21O4RZ2U7M96,CON,2025-12-31,Danske Bank A/S,Denmark,Large highest EEA,0040,Flattener,-413586210,,20043663572,-0.0206,,nein,,
MAES062Z21O4RZ2U7M96,CON,2025-12-31,Danske Bank A/S,Denmark,Large highest EEA,0050,kurze Zinsen hoch,-567693600,,20043663572,-0.0283,,nein,,
MAES062Z21O4RZ2U7M96,CON,2025-12-31,Danske Bank A/S,Denmark,Large highest EEA,0060,kurze Zinsen runter,240064770,,20043663572,0.0120,,nein,,
MKP1B7E76TN04CD85Z79,CON,2025-12-31,BANK OCHRONY ŚRODOWISKA SA,Poland,Other highest EEA,0010,Parallelverschiebung hoch,-53062583,12608711,520093111,-0.1020,0.0242,nein,nein,
MKP1B7E76TN04CD85Z79,CON,2025-12-31,BANK OCHRONY ŚRODOWISKA SA,Poland,Other highest EEA,0020,Parallelverschiebung runter,29597842,-25195941,520093111,0.0569,-0.0484,nein,nein,
MKP1B7E76TN04CD85Z79,CON,2025-12-31,BANK OCHRONY ŚRODOWISKA SA,Poland,Other highest EEA,0030,Steepener,12133617,,520093111,0.0233,,nein,,
MKP1B7E76TN04CD85Z79,CON,2025-12-31,BANK OCHRONY ŚRODOWISKA SA,Poland,Other highest EEA,0040,Flattener,-34419475,,520093111,-0.0662,,nein,,
MKP1B7E76TN04CD85Z79,CON,2025-12-31,BANK OCHRONY ŚRODOWISKA SA,Poland,Other highest EEA,0050,kurze Zinsen hoch,-50586388,,520093111,-0.0973,,nein,,
MKP1B7E76TN04CD85Z79,CON,2025-12-31,BANK OCHRONY ŚRODOWISKA SA,Poland,Other highest EEA,0060,kurze Zinsen runter,27010388,,520093111,0.0519,,nein,,
MMYX0N4ZEZ13Z4XCG897,IND,2025-12-31,THE BANK OF NEW YORK MELLON,Belgium,Large highest EEA,0010,Parallelverschiebung hoch,-125642421,-34398350,5164322150,-0.0243,-0.0067,nein,nein,
MMYX0N4ZEZ13Z4XCG897,IND,2025-12-31,THE BANK OF NEW YORK MELLON,Belgium,Large highest EEA,0020,Parallelverschiebung runter,-41904551,-44771064,5164322150,-0.0081,-0.0087,nein,nein,
MMYX0N4ZEZ13Z4XCG897,IND,2025-12-31,THE BANK OF NEW YORK MELLON,Belgium,Large highest EEA,0030,Steepener,59327381,,5164322150,0.0115,,nein,,
MMYX0N4ZEZ13Z4XCG897,IND,2025-12-31,THE BANK OF NEW YORK MELLON,Belgium,Large highest EEA,0040,Flattener,-145969605,,5164322150,-0.0283,,nein,,
MMYX0N4ZEZ13Z4XCG897,IND,2025-12-31,THE BANK OF NEW YORK MELLON,Belgium,Large highest EEA,0050,kurze Zinsen hoch,-146629673,,5164322150,-0.0284,,nein,,
MMYX0N4ZEZ13Z4XCG897,IND,2025-12-31,THE BANK OF NEW YORK MELLON,Belgium,Large highest EEA,0060,kurze Zinsen runter,86956890,,5164322150,0.0168,,nein,,
N1FBEDJ5J41VKZLO2475,CON,2025-06-30,Citibank Europe plc,Ireland,Large highest EEA,0010,Parallelverschiebung hoch,-121994457500,446059541000,14449645113,-8.4427,30.8699,,,unplausibel
N1FBEDJ5J41VKZLO2475,CON,2025-06-30,Citibank Europe plc,Ireland,Large highest EEA,0020,Parallelverschiebung runter,-298143554000,-539815550000,14449645113,-20.6333,-37.3584,,,unplausibel
N1FBEDJ5J41VKZLO2475,CON,2025-06-30,Citibank Europe plc,Ireland,Large highest EEA,0030,Steepener,81849340000,,14449645113,5.6645,,,,unplausibel
N1FBEDJ5J41VKZLO2475,CON,2025-06-30,Citibank Europe plc,Ireland,Large highest EEA,0040,Flattener,-246864977000,,14449645113,-17.0845,,,,unplausibel
N1FBEDJ5J41VKZLO2475,CON,2025-06-30,Citibank Europe plc,Ireland,Large highest EEA,0050,kurze Zinsen hoch,-267165895000,,14449645113,-18.4894,,,,unplausibel
N1FBEDJ5J41VKZLO2475,CON,2025-06-30,Citibank Europe plc,Ireland,Large highest EEA,0060,kurze Zinsen runter,29090437500,,14449645113,2.0132,,,,unplausibel
N1FBEDJ5J41VKZLO2475,CON,2025-12-31,Citibank Europe plc,Ireland,Large highest EEA,0010,Parallelverschiebung hoch,-113081622,120878322,,,,,,
N1FBEDJ5J41VKZLO2475,CON,2025-12-31,Citibank Europe plc,Ireland,Large highest EEA,0020,Parallelverschiebung runter,-297143901,-430682474,,,,,,
N1FBEDJ5J41VKZLO2475,CON,2025-12-31,Citibank Europe plc,Ireland,Large highest EEA,0030,Steepener,85275413,,,,,,,
N1FBEDJ5J41VKZLO2475,CON,2025-12-31,Citibank Europe plc,Ireland,Large highest EEA,0040,Flattener,-259027357,,,,,,,
N1FBEDJ5J41VKZLO2475,CON,2025-12-31,Citibank Europe plc,Ireland,Large highest EEA,0050,kurze Zinsen hoch,-280648504,,,,,,,
N1FBEDJ5J41VKZLO2475,CON,2025-12-31,Citibank Europe plc,Ireland,Large highest EEA,0060,kurze Zinsen runter,24026727,,,,,,,
N4JDFKKH2FTD8RKFXO39,CON,2025-06-30,Crédit industriel et commercial - CIC,France,Large subsidiaries,0010,Parallelverschiebung hoch,-2177,693,20172354760,-0.0000,0.0000,nein,nein,
N4JDFKKH2FTD8RKFXO39,CON,2025-06-30,Crédit industriel et commercial - CIC,France,Large subsidiaries,0020,Parallelverschiebung runter,281,-691,20172354760,0.0000,-0.0000,nein,nein,
N4JDFKKH2FTD8RKFXO39,CON,2025-06-30,Crédit industriel et commercial - CIC,France,Large subsidiaries,0030,Steepener,250,,20172354760,0.0000,,nein,,
N4JDFKKH2FTD8RKFXO39,CON,2025-06-30,Crédit industriel et commercial - CIC,France,Large subsidiaries,0040,Flattener,-974,,20172354760,-0.0000,,nein,,
N4JDFKKH2FTD8RKFXO39,CON,2025-06-30,Crédit industriel et commercial - CIC,France,Large subsidiaries,0050,kurze Zinsen hoch,-1421,,20172354760,-0.0000,,nein,,
N4JDFKKH2FTD8RKFXO39,CON,2025-06-30,Crédit industriel et commercial - CIC,France,Large subsidiaries,0060,kurze Zinsen runter,719,,20172354760,0.0000,,nein,,
N4JDFKKH2FTD8RKFXO39,CON,2025-12-31,Crédit industriel et commercial - CIC,France,Large subsidiaries,0010,Parallelverschiebung hoch,-2033,662,20408400117,-0.0000,0.0000,nein,nein,
N4JDFKKH2FTD8RKFXO39,CON,2025-12-31,Crédit industriel et commercial - CIC,France,Large subsidiaries,0020,Parallelverschiebung runter,733,-635,20408400117,0.0000,-0.0000,nein,nein,
N4JDFKKH2FTD8RKFXO39,CON,2025-12-31,Crédit industriel et commercial - CIC,France,Large subsidiaries,0030,Steepener,148,,20408400117,0.0000,,nein,,
N4JDFKKH2FTD8RKFXO39,CON,2025-12-31,Crédit industriel et commercial - CIC,France,Large subsidiaries,0040,Flattener,-622,,20408400117,-0.0000,,nein,,
N4JDFKKH2FTD8RKFXO39,CON,2025-12-31,Crédit industriel et commercial - CIC,France,Large subsidiaries,0050,kurze Zinsen hoch,-1058,,20408400117,-0.0000,,nein,,
N4JDFKKH2FTD8RKFXO39,CON,2025-12-31,Crédit industriel et commercial - CIC,France,Large subsidiaries,0060,kurze Zinsen runter,515,,20408400117,0.0000,,nein,,
N747OI7JINV7RUUH6190,CON,2025-06-30,BPER Banca S.p.A.,Italy,Large highest EEA,0010,Parallelverschiebung hoch,-1164100596,68304357,10133466672,-0.1149,0.0067,nein,nein,
N747OI7JINV7RUUH6190,CON,2025-06-30,BPER Banca S.p.A.,Italy,Large highest EEA,0020,Parallelverschiebung runter,236400830,-304428830,10133466672,0.0233,-0.0300,nein,nein,
N747OI7JINV7RUUH6190,CON,2025-06-30,BPER Banca S.p.A.,Italy,Large highest EEA,0030,Steepener,-245957178,,10133466672,-0.0243,,nein,,
N747OI7JINV7RUUH6190,CON,2025-06-30,BPER Banca S.p.A.,Italy,Large highest EEA,0040,Flattener,-20634106,,10133466672,-0.0020,,nein,,
N747OI7JINV7RUUH6190,CON,2025-06-30,BPER Banca S.p.A.,Italy,Large highest EEA,0050,kurze Zinsen hoch,-266942608,,10133466672,-0.0263,,nein,,
N747OI7JINV7RUUH6190,CON,2025-06-30,BPER Banca S.p.A.,Italy,Large highest EEA,0060,kurze Zinsen runter,121890188,,10133466672,0.0120,,nein,,
N747OI7JINV7RUUH6190,CON,2025-12-31,BPER Banca S.p.A.,Italy,Large highest EEA,0010,Parallelverschiebung hoch,-1484470093,90701459,13747132823,-0.1080,0.0066,nein,nein,
N747OI7JINV7RUUH6190,CON,2025-12-31,BPER Banca S.p.A.,Italy,Large highest EEA,0020,Parallelverschiebung runter,185926335,-373935826,13747132823,0.0135,-0.0272,nein,nein,
N747OI7JINV7RUUH6190,CON,2025-12-31,BPER Banca S.p.A.,Italy,Large highest EEA,0030,Steepener,-175833136,,13747132823,-0.0128,,nein,,
N747OI7JINV7RUUH6190,CON,2025-12-31,BPER Banca S.p.A.,Italy,Large highest EEA,0040,Flattener,-124499067,,13747132823,-0.0091,,nein,,
N747OI7JINV7RUUH6190,CON,2025-12-31,BPER Banca S.p.A.,Italy,Large highest EEA,0050,kurze Zinsen hoch,-391536906,,13747132823,-0.0285,,nein,,
N747OI7JINV7RUUH6190,CON,2025-12-31,BPER Banca S.p.A.,Italy,Large highest EEA,0060,kurze Zinsen runter,218346239,,13747132823,0.0159,,nein,,
NHBDILHZTYCNBV5UYZ31,CON,2025-06-30,Svenska Handelsbanken - gruppen,Sweden,Large highest EEA,0010,Parallelverschiebung hoch,-92329696,343801008,14164884130,-0.0065,0.0243,nein,nein,
NHBDILHZTYCNBV5UYZ31,CON,2025-06-30,Svenska Handelsbanken - gruppen,Sweden,Large highest EEA,0020,Parallelverschiebung runter,137385885,-471881951,14164884130,0.0097,-0.0333,nein,nein,
NHBDILHZTYCNBV5UYZ31,CON,2025-06-30,Svenska Handelsbanken - gruppen,Sweden,Large highest EEA,0030,Steepener,-67590082,,14164884130,-0.0048,,nein,,
NHBDILHZTYCNBV5UYZ31,CON,2025-06-30,Svenska Handelsbanken - gruppen,Sweden,Large highest EEA,0040,Flattener,21858965,,14164884130,0.0015,,nein,,
NHBDILHZTYCNBV5UYZ31,CON,2025-06-30,Svenska Handelsbanken - gruppen,Sweden,Large highest EEA,0050,kurze Zinsen hoch,-11682229,,14164884130,-0.0008,,nein,,
NHBDILHZTYCNBV5UYZ31,CON,2025-06-30,Svenska Handelsbanken - gruppen,Sweden,Large highest EEA,0060,kurze Zinsen runter,-7577285,,14164884130,-0.0005,,nein,,
NHBDILHZTYCNBV5UYZ31,CON,2025-12-31,Svenska Handelsbanken - gruppen,Sweden,Large highest EEA,0010,Parallelverschiebung hoch,-101557101,413599653,13513378494,-0.0075,0.0306,nein,nein,
NHBDILHZTYCNBV5UYZ31,CON,2025-12-31,Svenska Handelsbanken - gruppen,Sweden,Large highest EEA,0020,Parallelverschiebung runter,131641885,-472855992,13513378494,0.0097,-0.0350,nein,nein,
NHBDILHZTYCNBV5UYZ31,CON,2025-12-31,Svenska Handelsbanken - gruppen,Sweden,Large highest EEA,0030,Steepener,-78510410,,13513378494,-0.0058,,nein,,
NHBDILHZTYCNBV5UYZ31,CON,2025-12-31,Svenska Handelsbanken - gruppen,Sweden,Large highest EEA,0040,Flattener,19000604,,13513378494,0.0014,,nein,,
NHBDILHZTYCNBV5UYZ31,CON,2025-12-31,Svenska Handelsbanken - gruppen,Sweden,Large highest EEA,0050,kurze Zinsen hoch,-25925832,,13513378494,-0.0019,,nein,,
NHBDILHZTYCNBV5UYZ31,CON,2025-12-31,Svenska Handelsbanken - gruppen,Sweden,Large highest EEA,0060,kurze Zinsen runter,-13501155,,13513378494,-0.0010,,nein,,
NMH2KF074RKAGTH4CM63,CON,2025-06-30,BNP PARIBAS BANK POLSKA S.A,Poland,Large subsidiaries,0010,Parallelverschiebung hoch,-131621877,37696975,3315462650,-0.0397,0.0114,nein,nein,
NMH2KF074RKAGTH4CM63,CON,2025-06-30,BNP PARIBAS BANK POLSKA S.A,Poland,Large subsidiaries,0020,Parallelverschiebung runter,-56014225,-116061226,3315462650,-0.0169,-0.0350,nein,nein,
NMH2KF074RKAGTH4CM63,CON,2025-06-30,BNP PARIBAS BANK POLSKA S.A,Poland,Large subsidiaries,0030,Steepener,89935493,,3315462650,0.0271,,nein,,
NMH2KF074RKAGTH4CM63,CON,2025-06-30,BNP PARIBAS BANK POLSKA S.A,Poland,Large subsidiaries,0040,Flattener,-214681961,,3315462650,-0.0648,,nein,,
NMH2KF074RKAGTH4CM63,CON,2025-06-30,BNP PARIBAS BANK POLSKA S.A,Poland,Large subsidiaries,0050,kurze Zinsen hoch,-216804519,,3315462650,-0.0654,,nein,,
NMH2KF074RKAGTH4CM63,CON,2025-06-30,BNP PARIBAS BANK POLSKA S.A,Poland,Large subsidiaries,0060,kurze Zinsen runter,110354796,,3315462650,0.0333,,nein,,
NMH2KF074RKAGTH4CM63,CON,2025-12-31,BNP PARIBAS BANK POLSKA S.A,Poland,Large subsidiaries,0010,Parallelverschiebung hoch,-122027518,40642405,3341840316,-0.0365,0.0122,nein,nein,
NMH2KF074RKAGTH4CM63,CON,2025-12-31,BNP PARIBAS BANK POLSKA S.A,Poland,Large subsidiaries,0020,Parallelverschiebung runter,-68615977,-155842484,3341840316,-0.0205,-0.0466,nein,nein,
NMH2KF074RKAGTH4CM63,CON,2025-12-31,BNP PARIBAS BANK POLSKA S.A,Poland,Large subsidiaries,0030,Steepener,89402333,,3341840316,0.0268,,nein,,
NMH2KF074RKAGTH4CM63,CON,2025-12-31,BNP PARIBAS BANK POLSKA S.A,Poland,Large subsidiaries,0040,Flattener,-211546993,,3341840316,-0.0633,,nein,,
NMH2KF074RKAGTH4CM63,CON,2025-12-31,BNP PARIBAS BANK POLSKA S.A,Poland,Large subsidiaries,0050,kurze Zinsen hoch,-208619890,,3341840316,-0.0624,,nein,,
NMH2KF074RKAGTH4CM63,CON,2025-12-31,BNP PARIBAS BANK POLSKA S.A,Poland,Large subsidiaries,0060,kurze Zinsen runter,106500700,,3341840316,0.0319,,nein,,
NNVPP80YIZGEY2314M97,CON,2025-06-30,ICCREA BANCA S.P.A. - ISTITUTO CENTRALE DEL CREDITO COOPERATIVO (IN FORMA ABBREVIATA: ICCREA BANCA S.P.A.),Italy,Large highest EEA,0010,Parallelverschiebung hoch,-615000000,801000000,16488478430,-0.0373,0.0486,nein,nein,
NNVPP80YIZGEY2314M97,CON,2025-06-30,ICCREA BANCA S.P.A. - ISTITUTO CENTRALE DEL CREDITO COOPERATIVO (IN FORMA ABBREVIATA: ICCREA BANCA S.P.A.),Italy,Large highest EEA,0020,Parallelverschiebung runter,1222000000,-542000000,16488478430,0.0741,-0.0329,nein,nein,
NNVPP80YIZGEY2314M97,CON,2025-06-30,ICCREA BANCA S.P.A. - ISTITUTO CENTRALE DEL CREDITO COOPERATIVO (IN FORMA ABBREVIATA: ICCREA BANCA S.P.A.),Italy,Large highest EEA,0030,Steepener,47000000,,16488478430,0.0029,,nein,,
NNVPP80YIZGEY2314M97,CON,2025-06-30,ICCREA BANCA S.P.A. - ISTITUTO CENTRALE DEL CREDITO COOPERATIVO (IN FORMA ABBREVIATA: ICCREA BANCA S.P.A.),Italy,Large highest EEA,0040,Flattener,247000000,,16488478430,0.0150,,nein,,
NNVPP80YIZGEY2314M97,CON,2025-06-30,ICCREA BANCA S.P.A. - ISTITUTO CENTRALE DEL CREDITO COOPERATIVO (IN FORMA ABBREVIATA: ICCREA BANCA S.P.A.),Italy,Large highest EEA,0050,kurze Zinsen hoch,26000000,,16488478430,0.0016,,nein,,
NNVPP80YIZGEY2314M97,CON,2025-06-30,ICCREA BANCA S.P.A. - ISTITUTO CENTRALE DEL CREDITO COOPERATIVO (IN FORMA ABBREVIATA: ICCREA BANCA S.P.A.),Italy,Large highest EEA,0060,kurze Zinsen runter,454000000,,16488478430,0.0275,,nein,,
NNVPP80YIZGEY2314M97,CON,2025-12-31,ICCREA BANCA S.P.A. - ISTITUTO CENTRALE DEL CREDITO COOPERATIVO (IN FORMA ABBREVIATA: ICCREA BANCA S.P.A.),Italy,Large highest EEA,0010,Parallelverschiebung hoch,-461389841,385297865,17271833335,-0.0267,0.0223,nein,nein,
NNVPP80YIZGEY2314M97,CON,2025-12-31,ICCREA BANCA S.P.A. - ISTITUTO CENTRALE DEL CREDITO COOPERATIVO (IN FORMA ABBREVIATA: ICCREA BANCA S.P.A.),Italy,Large highest EEA,0020,Parallelverschiebung runter,413655591,-525889226,17271833335,0.0239,-0.0304,nein,nein,
NNVPP80YIZGEY2314M97,CON,2025-12-31,ICCREA BANCA S.P.A. - ISTITUTO CENTRALE DEL CREDITO COOPERATIVO (IN FORMA ABBREVIATA: ICCREA BANCA S.P.A.),Italy,Large highest EEA,0030,Steepener,103748730,,17271833335,0.0060,,nein,,
NNVPP80YIZGEY2314M97,CON,2025-12-31,ICCREA BANCA S.P.A. - ISTITUTO CENTRALE DEL CREDITO COOPERATIVO (IN FORMA ABBREVIATA: ICCREA BANCA S.P.A.),Italy,Large highest EEA,0040,Flattener,56247111,,17271833335,0.0033,,nein,,
NNVPP80YIZGEY2314M97,CON,2025-12-31,ICCREA BANCA S.P.A. - ISTITUTO CENTRALE DEL CREDITO COOPERATIVO (IN FORMA ABBREVIATA: ICCREA BANCA S.P.A.),Italy,Large highest EEA,0050,kurze Zinsen hoch,-28558770,,17271833335,-0.0017,,nein,,
NNVPP80YIZGEY2314M97,CON,2025-12-31,ICCREA BANCA S.P.A. - ISTITUTO CENTRALE DEL CREDITO COOPERATIVO (IN FORMA ABBREVIATA: ICCREA BANCA S.P.A.),Italy,Large highest EEA,0060,kurze Zinsen runter,245580349,,17271833335,0.0142,,nein,,
O2RNE8IBXP4R0TD8PU41,CON,2025-06-30,Société générale S.A.,France,Large highest EEA,0010,Parallelverschiebung hoch,-2817000,279000,61421000000,-0.0000,0.0000,nein,nein,
O2RNE8IBXP4R0TD8PU41,CON,2025-06-30,Société générale S.A.,France,Large highest EEA,0020,Parallelverschiebung runter,-1873000,-743000,61421000000,-0.0000,-0.0000,nein,nein,
O2RNE8IBXP4R0TD8PU41,CON,2025-06-30,Société générale S.A.,France,Large highest EEA,0030,Steepener,390000,,61421000000,0.0000,,nein,,
O2RNE8IBXP4R0TD8PU41,CON,2025-06-30,Société générale S.A.,France,Large highest EEA,0040,Flattener,-1602000,,61421000000,-0.0000,,nein,,
O2RNE8IBXP4R0TD8PU41,CON,2025-06-30,Société générale S.A.,France,Large highest EEA,0050,kurze Zinsen hoch,-1749000,,61421000000,-0.0000,,nein,,
O2RNE8IBXP4R0TD8PU41,CON,2025-06-30,Société générale S.A.,France,Large highest EEA,0060,kurze Zinsen runter,780000,,61421000000,0.0000,,nein,,
O2RNE8IBXP4R0TD8PU41,CON,2025-12-31,Société générale S.A.,France,Large highest EEA,0010,Parallelverschiebung hoch,-3422590000,275060000,62953119370,-0.0544,0.0044,nein,nein,
O2RNE8IBXP4R0TD8PU41,CON,2025-12-31,Société générale S.A.,France,Large highest EEA,0020,Parallelverschiebung runter,-766830000,-652570000,62953119370,-0.0122,-0.0104,nein,nein,
O2RNE8IBXP4R0TD8PU41,CON,2025-12-31,Société générale S.A.,France,Large highest EEA,0030,Steepener,336710000,,62953119370,0.0053,,nein,,
O2RNE8IBXP4R0TD8PU41,CON,2025-12-31,Société générale S.A.,France,Large highest EEA,0040,Flattener,-1568490000,,62953119370,-0.0249,,nein,,
O2RNE8IBXP4R0TD8PU41,CON,2025-12-31,Société générale S.A.,France,Large highest EEA,0050,kurze Zinsen hoch,-1942460000,,62953119370,-0.0309,,nein,,
O2RNE8IBXP4R0TD8PU41,CON,2025-12-31,Société générale S.A.,France,Large highest EEA,0060,kurze Zinsen runter,858600000,,62953119370,0.0136,,nein,,
PQOH26KWDF7CG10L6792,CON,2025-06-30,Erste Group Bank AG,Austria,Large highest EEA,0010,Parallelverschiebung hoch,-2735,-144,30306,-0.0903,-0.0047,,,skala
PQOH26KWDF7CG10L6792,CON,2025-06-30,Erste Group Bank AG,Austria,Large highest EEA,0020,Parallelverschiebung runter,1398,-184,30306,0.0461,-0.0061,,,skala
PQOH26KWDF7CG10L6792,CON,2025-06-30,Erste Group Bank AG,Austria,Large highest EEA,0030,Steepener,240,,30306,0.0079,,,,skala
PQOH26KWDF7CG10L6792,CON,2025-06-30,Erste Group Bank AG,Austria,Large highest EEA,0040,Flattener,-968,,30306,-0.0319,,,,skala
PQOH26KWDF7CG10L6792,CON,2025-06-30,Erste Group Bank AG,Austria,Large highest EEA,0050,kurze Zinsen hoch,-1647,,30306,-0.0543,,,,skala
PQOH26KWDF7CG10L6792,CON,2025-06-30,Erste Group Bank AG,Austria,Large highest EEA,0060,kurze Zinsen runter,966,,30306,0.0319,,,,skala
PRNXTNXHBI0TSY1V8P17,CON,2025-06-30,Zagrebačka banka d.d.,Croatia,Large subsidiaries,0010,Parallelverschiebung hoch,-266,28,2354,-0.1130,0.0119,,,skala
PRNXTNXHBI0TSY1V8P17,CON,2025-06-30,Zagrebačka banka d.d.,Croatia,Large subsidiaries,0020,Parallelverschiebung runter,130,-103,2354,0.0552,-0.0438,,,skala
PRNXTNXHBI0TSY1V8P17,CON,2025-06-30,Zagrebačka banka d.d.,Croatia,Large subsidiaries,0030,Steepener,23,,2354,0.0098,,,,skala
PRNXTNXHBI0TSY1V8P17,CON,2025-06-30,Zagrebačka banka d.d.,Croatia,Large subsidiaries,0040,Flattener,-80,,2354,-0.0340,,,,skala
PRNXTNXHBI0TSY1V8P17,CON,2025-06-30,Zagrebačka banka d.d.,Croatia,Large subsidiaries,0050,kurze Zinsen hoch,-154,,2354,-0.0654,,,,skala
PRNXTNXHBI0TSY1V8P17,CON,2025-06-30,Zagrebačka banka d.d.,Croatia,Large subsidiaries,0060,kurze Zinsen runter,62,,2354,0.0263,,,,skala
PRNXTNXHBI0TSY1V8P17,CON,2025-12-31,Zagrebačka banka d.d.,Croatia,Large subsidiaries,0010,Parallelverschiebung hoch,-266,29,2361,-0.1127,0.0123,,,skala
PRNXTNXHBI0TSY1V8P17,CON,2025-12-31,Zagrebačka banka d.d.,Croatia,Large subsidiaries,0020,Parallelverschiebung runter,122,-98,2361,0.0517,-0.0415,,,skala
PRNXTNXHBI0TSY1V8P17,CON,2025-12-31,Zagrebačka banka d.d.,Croatia,Large subsidiaries,0030,Steepener,35,,2361,0.0148,,,,skala
PRNXTNXHBI0TSY1V8P17,CON,2025-12-31,Zagrebačka banka d.d.,Croatia,Large subsidiaries,0040,Flattener,-103,,2361,-0.0436,,,,skala
PRNXTNXHBI0TSY1V8P17,CON,2025-12-31,Zagrebačka banka d.d.,Croatia,Large subsidiaries,0050,kurze Zinsen hoch,-171,,2361,-0.0724,,,,skala
PRNXTNXHBI0TSY1V8P17,CON,2025-12-31,Zagrebačka banka d.d.,Croatia,Large subsidiaries,0060,kurze Zinsen runter,66,,2361,0.0280,,,,skala
PSNL19R2RXX5U3QWHI44,CON,2025-06-30,MEDIOBANCA - BANCA DI CREDITO FINANZIARIO S.P.A.,Italy,Large subsidiaries,0010,Parallelverschiebung hoch,-159000000,65000000,6937160918,-0.0229,0.0094,nein,nein,
PSNL19R2RXX5U3QWHI44,CON,2025-06-30,MEDIOBANCA - BANCA DI CREDITO FINANZIARIO S.P.A.,Italy,Large subsidiaries,0020,Parallelverschiebung runter,-162000000,-156000000,6937160918,-0.0234,-0.0225,nein,nein,
PSNL19R2RXX5U3QWHI44,CON,2025-06-30,MEDIOBANCA - BANCA DI CREDITO FINANZIARIO S.P.A.,Italy,Large subsidiaries,0030,Steepener,-92000000,,6937160918,-0.0133,,nein,,
PSNL19R2RXX5U3QWHI44,CON,2025-06-30,MEDIOBANCA - BANCA DI CREDITO FINANZIARIO S.P.A.,Italy,Large subsidiaries,0040,Flattener,16000000,,6937160918,0.0023,,nein,,
PSNL19R2RXX5U3QWHI44,CON,2025-06-30,MEDIOBANCA - BANCA DI CREDITO FINANZIARIO S.P.A.,Italy,Large subsidiaries,0050,kurze Zinsen hoch,-5000000,,6937160918,-0.0007,,nein,,
PSNL19R2RXX5U3QWHI44,CON,2025-06-30,MEDIOBANCA - BANCA DI CREDITO FINANZIARIO S.P.A.,Italy,Large subsidiaries,0060,kurze Zinsen runter,-13000000,,6937160918,-0.0019,,nein,,
R0MUWSFPU8MPRO8K5P83,CON,2025-06-30,BNP Paribas,France,Large highest EEA,0010,Parallelverschiebung hoch,-0,0,114744596091,-0.0000,0.0000,nein,nein,
R0MUWSFPU8MPRO8K5P83,CON,2025-06-30,BNP Paribas,France,Large highest EEA,0020,Parallelverschiebung runter,-0,-0,114744596091,-0.0000,-0.0000,nein,nein,
R0MUWSFPU8MPRO8K5P83,CON,2025-06-30,BNP Paribas,France,Large highest EEA,0030,Steepener,0,,114744596091,0.0000,,nein,,
R0MUWSFPU8MPRO8K5P83,CON,2025-06-30,BNP Paribas,France,Large highest EEA,0040,Flattener,-0,,114744596091,-0.0000,,nein,,
R0MUWSFPU8MPRO8K5P83,CON,2025-06-30,BNP Paribas,France,Large highest EEA,0050,kurze Zinsen hoch,-0,,114744596091,-0.0000,,nein,,
R0MUWSFPU8MPRO8K5P83,CON,2025-06-30,BNP Paribas,France,Large highest EEA,0060,kurze Zinsen runter,0,,114744596091,0.0000,,nein,,
R0MUWSFPU8MPRO8K5P83,CON,2025-12-31,BNP Paribas,France,Large highest EEA,0010,Parallelverschiebung hoch,-0,0,114882352612,-0.0000,0.0000,nein,nein,
R0MUWSFPU8MPRO8K5P83,CON,2025-12-31,BNP Paribas,France,Large highest EEA,0020,Parallelverschiebung runter,0,-0,114882352612,0.0000,-0.0000,nein,nein,
R0MUWSFPU8MPRO8K5P83,CON,2025-12-31,BNP Paribas,France,Large highest EEA,0030,Steepener,0,,114882352612,0.0000,,nein,,
R0MUWSFPU8MPRO8K5P83,CON,2025-12-31,BNP Paribas,France,Large highest EEA,0040,Flattener,-0,,114882352612,-0.0000,,nein,,
R0MUWSFPU8MPRO8K5P83,CON,2025-12-31,BNP Paribas,France,Large highest EEA,0050,kurze Zinsen hoch,-0,,114882352612,-0.0000,,nein,,
R0MUWSFPU8MPRO8K5P83,CON,2025-12-31,BNP Paribas,France,Large highest EEA,0060,kurze Zinsen runter,0,,114882352612,0.0000,,nein,,
R7CQUF1DQM73HUTV1078,IND,2025-12-31,"Banque et Caisse d´Epargne de l´Etat, Luxembourg",Luxembourg,Large highest EEA,0010,Parallelverschiebung hoch,-321942521,-24316507,5805331542,-0.0555,-0.0042,nein,nein,
R7CQUF1DQM73HUTV1078,IND,2025-12-31,"Banque et Caisse d´Epargne de l´Etat, Luxembourg",Luxembourg,Large highest EEA,0020,Parallelverschiebung runter,107972371,5975889,5805331542,0.0186,0.0010,nein,nein,
R7CQUF1DQM73HUTV1078,IND,2025-12-31,"Banque et Caisse d´Epargne de l´Etat, Luxembourg",Luxembourg,Large highest EEA,0030,Steepener,-37902826,,5805331542,-0.0065,,nein,,
R7CQUF1DQM73HUTV1078,IND,2025-12-31,"Banque et Caisse d´Epargne de l´Etat, Luxembourg",Luxembourg,Large highest EEA,0040,Flattener,-11185013,,5805331542,-0.0019,,nein,,
R7CQUF1DQM73HUTV1078,IND,2025-12-31,"Banque et Caisse d´Epargne de l´Etat, Luxembourg",Luxembourg,Large highest EEA,0050,kurze Zinsen hoch,-107580965,,5805331542,-0.0185,,nein,,
R7CQUF1DQM73HUTV1078,IND,2025-12-31,"Banque et Caisse d´Epargne de l´Etat, Luxembourg",Luxembourg,Large highest EEA,0060,kurze Zinsen runter,45839779,,5805331542,0.0079,,nein,,
RG3IZJKPYQ4H6IQPIC08,IND,2025-12-31,Addiko Bank d.d.,Croatia,Large subsidiaries,0010,Parallelverschiebung hoch,-3906401,131713,384422791,-0.0102,0.0003,nein,nein,
RG3IZJKPYQ4H6IQPIC08,IND,2025-12-31,Addiko Bank d.d.,Croatia,Large subsidiaries,0020,Parallelverschiebung runter,196329,-74224,384422791,0.0005,-0.0002,nein,nein,
RG3IZJKPYQ4H6IQPIC08,IND,2025-12-31,Addiko Bank d.d.,Croatia,Large subsidiaries,0030,Steepener,3819115,,384422791,0.0099,,nein,,
RG3IZJKPYQ4H6IQPIC08,IND,2025-12-31,Addiko Bank d.d.,Croatia,Large subsidiaries,0040,Flattener,-8370843,,384422791,-0.0218,,nein,,
RG3IZJKPYQ4H6IQPIC08,IND,2025-12-31,Addiko Bank d.d.,Croatia,Large subsidiaries,0050,kurze Zinsen hoch,-8473046,,384422791,-0.0220,,nein,,
RG3IZJKPYQ4H6IQPIC08,IND,2025-12-31,Addiko Bank d.d.,Croatia,Large subsidiaries,0060,kurze Zinsen runter,4235863,,384422791,0.0110,,nein,,
RRUN0TCQ1K2JDV7MXO75,CON,2025-12-31,Oberbank AG,Austria,Other highest EEA,0010,Parallelverschiebung hoch,-96,71,3870,-0.0248,0.0183,,,skala
RRUN0TCQ1K2JDV7MXO75,CON,2025-12-31,Oberbank AG,Austria,Other highest EEA,0020,Parallelverschiebung runter,100,-129,3870,0.0258,-0.0334,,,skala
RRUN0TCQ1K2JDV7MXO75,CON,2025-12-31,Oberbank AG,Austria,Other highest EEA,0030,Steepener,-94,,3870,-0.0243,,,,skala
RRUN0TCQ1K2JDV7MXO75,CON,2025-12-31,Oberbank AG,Austria,Other highest EEA,0040,Flattener,27,,3870,0.0070,,,,skala
RRUN0TCQ1K2JDV7MXO75,CON,2025-12-31,Oberbank AG,Austria,Other highest EEA,0050,kurze Zinsen hoch,-4,,3870,-0.0011,,,,skala
RRUN0TCQ1K2JDV7MXO75,CON,2025-12-31,Oberbank AG,Austria,Other highest EEA,0060,kurze Zinsen runter,-5,,3870,-0.0013,,,,skala
SI5RG2M0WQQLZCXKRM20,CON,2025-06-30,"Banco de Sabadell, S.A.",Spain,Large highest EEA,0010,Parallelverschiebung hoch,-5,-0,13098415240,-0.0000,-0.0000,nein,nein,
SI5RG2M0WQQLZCXKRM20,CON,2025-06-30,"Banco de Sabadell, S.A.",Spain,Large highest EEA,0020,Parallelverschiebung runter,1,-2,13098415240,0.0000,-0.0000,nein,nein,
SI5RG2M0WQQLZCXKRM20,CON,2025-06-30,"Banco de Sabadell, S.A.",Spain,Large highest EEA,0030,Steepener,1,,13098415240,0.0000,,nein,,
SI5RG2M0WQQLZCXKRM20,CON,2025-06-30,"Banco de Sabadell, S.A.",Spain,Large highest EEA,0040,Flattener,-1,,13098415240,-0.0000,,nein,,
SI5RG2M0WQQLZCXKRM20,CON,2025-06-30,"Banco de Sabadell, S.A.",Spain,Large highest EEA,0050,kurze Zinsen hoch,-3,,13098415240,-0.0000,,nein,,
SI5RG2M0WQQLZCXKRM20,CON,2025-06-30,"Banco de Sabadell, S.A.",Spain,Large highest EEA,0060,kurze Zinsen runter,0,,13098415240,0.0000,,nein,,
SI5RG2M0WQQLZCXKRM20,CON,2025-12-31,"Banco de Sabadell, S.A.",Spain,Large highest EEA,0010,Parallelverschiebung hoch,-6,,13292779580,-0.0000,,nein,,
SI5RG2M0WQQLZCXKRM20,CON,2025-12-31,"Banco de Sabadell, S.A.",Spain,Large highest EEA,0020,Parallelverschiebung runter,-3,-2,13292779580,-0.0000,-0.0000,nein,nein,
SI5RG2M0WQQLZCXKRM20,CON,2025-12-31,"Banco de Sabadell, S.A.",Spain,Large highest EEA,0030,Steepener,1,,13292779580,0.0000,,nein,,
SI5RG2M0WQQLZCXKRM20,CON,2025-12-31,"Banco de Sabadell, S.A.",Spain,Large highest EEA,0040,Flattener,-2,,13292779580,-0.0000,,nein,,
SI5RG2M0WQQLZCXKRM20,CON,2025-12-31,"Banco de Sabadell, S.A.",Spain,Large highest EEA,0050,kurze Zinsen hoch,-4,,13292779580,-0.0000,,nein,,
SI5RG2M0WQQLZCXKRM20,CON,2025-12-31,"Banco de Sabadell, S.A.",Spain,Large highest EEA,0060,kurze Zinsen runter,0,,13292779580,0.0000,,nein,,
TO822O0VT80V06K0FH57,CON,2025-12-31,"Caixa Geral de Depósitos, S.A.",Portugal,Large highest EEA,0010,Parallelverschiebung hoch,-883132720,34912425,10164982071,-0.0869,0.0034,nein,nein,
TO822O0VT80V06K0FH57,CON,2025-12-31,"Caixa Geral de Depósitos, S.A.",Portugal,Large highest EEA,0020,Parallelverschiebung runter,450151866,-224048865,10164982071,0.0443,-0.0220,nein,nein,
TO822O0VT80V06K0FH57,CON,2025-12-31,"Caixa Geral de Depósitos, S.A.",Portugal,Large highest EEA,0030,Steepener,171385327,,10164982071,0.0169,,nein,,
TO822O0VT80V06K0FH57,CON,2025-12-31,"Caixa Geral de Depósitos, S.A.",Portugal,Large highest EEA,0040,Flattener,-487384345,,10164982071,-0.0479,,nein,,
TO822O0VT80V06K0FH57,CON,2025-12-31,"Caixa Geral de Depósitos, S.A.",Portugal,Large highest EEA,0050,kurze Zinsen hoch,-715173291,,10164982071,-0.0704,,nein,,
TO822O0VT80V06K0FH57,CON,2025-12-31,"Caixa Geral de Depósitos, S.A.",Portugal,Large highest EEA,0060,kurze Zinsen runter,375369619,,10164982071,0.0369,,nein,,
TUKDD90GPC79G1KOE162,CON,2025-06-30,Hamburg Commercial Bank AG,Germany,Large highest EEA,0010,Parallelverschiebung hoch,-285412780,-39233067,3264599058,-0.0874,-0.0120,nein,nein,
TUKDD90GPC79G1KOE162,CON,2025-06-30,Hamburg Commercial Bank AG,Germany,Large highest EEA,0020,Parallelverschiebung runter,135970944,19271974,3264599058,0.0417,0.0059,nein,nein,
TUKDD90GPC79G1KOE162,CON,2025-06-30,Hamburg Commercial Bank AG,Germany,Large highest EEA,0030,Steepener,13796987,,3264599058,0.0042,,nein,,
TUKDD90GPC79G1KOE162,CON,2025-06-30,Hamburg Commercial Bank AG,Germany,Large highest EEA,0040,Flattener,-126775545,,3264599058,-0.0388,,nein,,
TUKDD90GPC79G1KOE162,CON,2025-06-30,Hamburg Commercial Bank AG,Germany,Large highest EEA,0050,kurze Zinsen hoch,-208074724,,3264599058,-0.0637,,nein,,
TUKDD90GPC79G1KOE162,CON,2025-06-30,Hamburg Commercial Bank AG,Germany,Large highest EEA,0060,kurze Zinsen runter,113613875,,3264599058,0.0348,,nein,,
TUKDD90GPC79G1KOE162,CON,2025-12-31,Hamburg Commercial Bank AG,Germany,Large highest EEA,0010,Parallelverschiebung hoch,-280952116,-47926361,2156469759,-0.1303,-0.0222,nein,nein,
TUKDD90GPC79G1KOE162,CON,2025-12-31,Hamburg Commercial Bank AG,Germany,Large highest EEA,0020,Parallelverschiebung runter,51314337,22583494,2156469759,0.0238,0.0105,nein,nein,
TUKDD90GPC79G1KOE162,CON,2025-12-31,Hamburg Commercial Bank AG,Germany,Large highest EEA,0030,Steepener,31724845,,2156469759,0.0147,,nein,,
TUKDD90GPC79G1KOE162,CON,2025-12-31,Hamburg Commercial Bank AG,Germany,Large highest EEA,0040,Flattener,-154091338,,2156469759,-0.0715,,nein,,
TUKDD90GPC79G1KOE162,CON,2025-12-31,Hamburg Commercial Bank AG,Germany,Large highest EEA,0050,kurze Zinsen hoch,-205411191,,2156469759,-0.0953,,nein,,
TUKDD90GPC79G1KOE162,CON,2025-12-31,Hamburg Commercial Bank AG,Germany,Large highest EEA,0060,kurze Zinsen runter,111154415,,2156469759,0.0515,,nein,,
UAIAINAJ28P30E5GWE37,CON,2025-12-31,BGL BNP Paribas,Luxembourg,Large subsidiaries,0010,Parallelverschiebung hoch,-0,0,6911627297,-0.0000,0.0000,nein,nein,
UAIAINAJ28P30E5GWE37,CON,2025-12-31,BGL BNP Paribas,Luxembourg,Large subsidiaries,0020,Parallelverschiebung runter,0,-0,6911627297,0.0000,-0.0000,nein,nein,
UAIAINAJ28P30E5GWE37,CON,2025-12-31,BGL BNP Paribas,Luxembourg,Large subsidiaries,0030,Steepener,-0,,6911627297,-0.0000,,nein,,
UAIAINAJ28P30E5GWE37,CON,2025-12-31,BGL BNP Paribas,Luxembourg,Large subsidiaries,0040,Flattener,0,,6911627297,0.0000,,nein,,
UAIAINAJ28P30E5GWE37,CON,2025-12-31,BGL BNP Paribas,Luxembourg,Large subsidiaries,0050,kurze Zinsen hoch,-0,,6911627297,-0.0000,,nein,,
UAIAINAJ28P30E5GWE37,CON,2025-12-31,BGL BNP Paribas,Luxembourg,Large subsidiaries,0060,kurze Zinsen runter,0,,6911627297,0.0000,,nein,,
VDYMYTQGZZ6DU0912C88,CON,2025-06-30,Bayerische Landesbank,Germany,Large highest EEA,0010,Parallelverschiebung hoch,-212618182,197751787,12991210967,-0.0164,0.0152,nein,nein,
VDYMYTQGZZ6DU0912C88,CON,2025-06-30,Bayerische Landesbank,Germany,Large highest EEA,0020,Parallelverschiebung runter,106819891,-418488555,12991210967,0.0082,-0.0322,nein,nein,
VDYMYTQGZZ6DU0912C88,CON,2025-06-30,Bayerische Landesbank,Germany,Large highest EEA,0030,Steepener,21888700,,12991210967,0.0017,,nein,,
VDYMYTQGZZ6DU0912C88,CON,2025-06-30,Bayerische Landesbank,Germany,Large highest EEA,0040,Flattener,-96606780,,12991210967,-0.0074,,nein,,
VDYMYTQGZZ6DU0912C88,CON,2025-06-30,Bayerische Landesbank,Germany,Large highest EEA,0050,kurze Zinsen hoch,-148963504,,12991210967,-0.0115,,nein,,
VDYMYTQGZZ6DU0912C88,CON,2025-06-30,Bayerische Landesbank,Germany,Large highest EEA,0060,kurze Zinsen runter,81754215,,12991210967,0.0063,,nein,,
VDYMYTQGZZ6DU0912C88,CON,2025-12-31,Bayerische Landesbank,Germany,Large highest EEA,0010,Parallelverschiebung hoch,-438886058,156894038,13658420059,-0.0321,0.0115,nein,nein,
VDYMYTQGZZ6DU0912C88,CON,2025-12-31,Bayerische Landesbank,Germany,Large highest EEA,0020,Parallelverschiebung runter,278345269,-367870792,13658420059,0.0204,-0.0269,nein,nein,
VDYMYTQGZZ6DU0912C88,CON,2025-12-31,Bayerische Landesbank,Germany,Large highest EEA,0030,Steepener,-16412646,,13658420059,-0.0012,,nein,,
VDYMYTQGZZ6DU0912C88,CON,2025-12-31,Bayerische Landesbank,Germany,Large highest EEA,0040,Flattener,-79605237,,13658420059,-0.0058,,nein,,
VDYMYTQGZZ6DU0912C88,CON,2025-12-31,Bayerische Landesbank,Germany,Large highest EEA,0050,kurze Zinsen hoch,-214253217,,13658420059,-0.0157,,nein,,
VDYMYTQGZZ6DU0912C88,CON,2025-12-31,Bayerische Landesbank,Germany,Large highest EEA,0060,kurze Zinsen runter,111202058,,13658420059,0.0081,,nein,,
VWMYAEQSTOPNV0SUGU82,CON,2025-06-30,"Bankinter, S.A.",Spain,Large highest EEA,0010,Parallelverschiebung hoch,-7,-2,6326560865,-0.0000,-0.0000,nein,nein,
VWMYAEQSTOPNV0SUGU82,CON,2025-06-30,"Bankinter, S.A.",Spain,Large highest EEA,0020,Parallelverschiebung runter,0,-4,6326560865,0.0000,-0.0000,nein,nein,
VWMYAEQSTOPNV0SUGU82,CON,2025-06-30,"Bankinter, S.A.",Spain,Large highest EEA,0030,Steepener,8,,6326560865,0.0000,,nein,,
VWMYAEQSTOPNV0SUGU82,CON,2025-06-30,"Bankinter, S.A.",Spain,Large highest EEA,0040,Flattener,-10,,6326560865,-0.0000,,nein,,
VWMYAEQSTOPNV0SUGU82,CON,2025-06-30,"Bankinter, S.A.",Spain,Large highest EEA,0050,kurze Zinsen hoch,-11,,6326560865,-0.0000,,nein,,
VWMYAEQSTOPNV0SUGU82,CON,2025-06-30,"Bankinter, S.A.",Spain,Large highest EEA,0060,kurze Zinsen runter,11,,6326560865,0.0000,,nein,,
VWMYAEQSTOPNV0SUGU82,CON,2025-12-31,"Bankinter, S.A.",Spain,Large highest EEA,0010,Parallelverschiebung hoch,-7,-3,6580172187,-0.0000,-0.0000,nein,nein,
VWMYAEQSTOPNV0SUGU82,CON,2025-12-31,"Bankinter, S.A.",Spain,Large highest EEA,0020,Parallelverschiebung runter,1,-3,6580172187,0.0000,-0.0000,nein,nein,
VWMYAEQSTOPNV0SUGU82,CON,2025-12-31,"Bankinter, S.A.",Spain,Large highest EEA,0030,Steepener,8,,6580172187,0.0000,,nein,,
VWMYAEQSTOPNV0SUGU82,CON,2025-12-31,"Bankinter, S.A.",Spain,Large highest EEA,0040,Flattener,-9,,6580172187,-0.0000,,nein,,
VWMYAEQSTOPNV0SUGU82,CON,2025-12-31,"Bankinter, S.A.",Spain,Large highest EEA,0050,kurze Zinsen hoch,-11,,6580172187,-0.0000,,nein,,
VWMYAEQSTOPNV0SUGU82,CON,2025-12-31,"Bankinter, S.A.",Spain,Large highest EEA,0060,kurze Zinsen runter,11,,6580172187,0.0000,,nein,,
XLEZHWWOI4HFQDGL4793,CON,2025-12-31,BANK HANDLOWY W WARSZAWIE SA,Poland,Large subsidiaries,0010,Parallelverschiebung hoch,-102682684,22576061,1735586541,-0.0592,0.0130,nein,nein,
XLEZHWWOI4HFQDGL4793,CON,2025-12-31,BANK HANDLOWY W WARSZAWIE SA,Poland,Large subsidiaries,0020,Parallelverschiebung runter,5936632,-58647734,1735586541,0.0034,-0.0338,nein,nein,
XLEZHWWOI4HFQDGL4793,CON,2025-12-31,BANK HANDLOWY W WARSZAWIE SA,Poland,Large subsidiaries,0030,Steepener,28792025,,1735586541,0.0166,,nein,,
XLEZHWWOI4HFQDGL4793,CON,2025-12-31,BANK HANDLOWY W WARSZAWIE SA,Poland,Large subsidiaries,0040,Flattener,-97996710,,1735586541,-0.0565,,nein,,
XLEZHWWOI4HFQDGL4793,CON,2025-12-31,BANK HANDLOWY W WARSZAWIE SA,Poland,Large subsidiaries,0050,kurze Zinsen hoch,-127641538,,1735586541,-0.0735,,nein,,
XLEZHWWOI4HFQDGL4793,CON,2025-12-31,BANK HANDLOWY W WARSZAWIE SA,Poland,Large subsidiaries,0060,kurze Zinsen runter,28958245,,1735586541,0.0167,,nein,,
Y28RT6GGYJ696PMW8T44,CON,2025-12-31,UniCredit csoport,Hungary,Large subsidiaries,0010,Parallelverschiebung hoch,-55407027,9956582,1110142462,-0.0499,0.0090,nein,nein,
Y28RT6GGYJ696PMW8T44,CON,2025-12-31,UniCredit csoport,Hungary,Large subsidiaries,0020,Parallelverschiebung runter,42111315,-26742015,1110142462,0.0379,-0.0241,nein,nein,
Y28RT6GGYJ696PMW8T44,CON,2025-12-31,UniCredit csoport,Hungary,Large subsidiaries,0030,Steepener,8197083,,1110142462,0.0074,,nein,,
Y28RT6GGYJ696PMW8T44,CON,2025-12-31,UniCredit csoport,Hungary,Large subsidiaries,0040,Flattener,-24272881,,1110142462,-0.0219,,nein,,
Y28RT6GGYJ696PMW8T44,CON,2025-12-31,UniCredit csoport,Hungary,Large subsidiaries,0050,kurze Zinsen hoch,-38984858,,1110142462,-0.0351,,nein,,
Y28RT6GGYJ696PMW8T44,CON,2025-12-31,UniCredit csoport,Hungary,Large subsidiaries,0060,kurze Zinsen runter,40710111,,1110142462,0.0367,,nein,,
Y28RT6GGYJ696PMW8T44,CON,2026-03-31,UniCredit csoport,Hungary,Large subsidiaries,0010,Parallelverschiebung hoch,-55407027,9956582,,,,,,
Y28RT6GGYJ696PMW8T44,CON,2026-03-31,UniCredit csoport,Hungary,Large subsidiaries,0020,Parallelverschiebung runter,42111315,-26742015,,,,,,
Y28RT6GGYJ696PMW8T44,CON,2026-03-31,UniCredit csoport,Hungary,Large subsidiaries,0030,Steepener,8197083,,,,,,,
Y28RT6GGYJ696PMW8T44,CON,2026-03-31,UniCredit csoport,Hungary,Large subsidiaries,0040,Flattener,-24272881,,,,,,,
Y28RT6GGYJ696PMW8T44,CON,2026-03-31,UniCredit csoport,Hungary,Large subsidiaries,0050,kurze Zinsen hoch,-38984858,,,,,,,
Y28RT6GGYJ696PMW8T44,CON,2026-03-31,UniCredit csoport,Hungary,Large subsidiaries,0060,kurze Zinsen runter,40710111,,,,,,,
