entityID,lei,scope,refPeriod,bank_name,country,institution_type,deklaration,n_deklariert,n_offengelegt,n_ausgelassen,quote_roh,n_erwartbar,n_gegen_erwartung,quote_gegen_erwartung,n_art432_2,n_uneinheitlich,n_untypisch,n_false_mit_daten,n_true_ohne_daten,n_signatur_geteilt,templates_gegen_erwartung
rs:0W2PZJM8XOY22M4GG883.CON,0W2PZJM8XOY22M4GG883,CON,2025-06-30,DekaBank Deutsche Girozentrale,Germany,Large highest EEA,stimmig,94,51,43,0.4574,22,0,0.0,0,38,34,0,0,0,
rs:0W2PZJM8XOY22M4GG883.CON,0W2PZJM8XOY22M4GG883,CON,2025-09-30,DekaBank Deutsche Girozentrale,Germany,Large highest EEA,stimmig,55,7,48,0.8727,3,0,0.0,0,6,46,0,0,0,
rs:0W2PZJM8XOY22M4GG883.CON,0W2PZJM8XOY22M4GG883,CON,2025-12-31,DekaBank Deutsche Girozentrale,Germany,Large highest EEA,stimmig,86,63,23,0.2674,38,0,0.0,0,44,4,0,0,0,
rs:0W2PZJM8XOY22M4GG883.CON,0W2PZJM8XOY22M4GG883,CON,2026-03-31,DekaBank Deutsche Girozentrale,Germany,Large highest EEA,stimmig,54,8,46,0.8519,3,0,0.0,0,6,45,0,0,0,
rs:0W5QHUNYV4W7GJO62R27.CON,0W5QHUNYV4W7GJO62R27,CON,2025-12-31,HYPO TIROL BANK AG,Austria,Other highest EEA,stimmig,86,49,37,0.4302,11,0,0.0,0,45,30,0,0,0,
rs:1FOLRR5RWTWWI397R131.IND,1FOLRR5RWTWWI397R131,IND,2025-06-30,Aktiebolaget Svensk Exportkredit,Sweden,Large highest EEA,stimmig,86,36,50,0.5814,21,1,0.0476,0,36,29,0,1,0,42.00
rs:1FOLRR5RWTWWI397R131.IND,1FOLRR5RWTWWI397R131,IND,2025-09-30,Aktiebolaget Svensk Exportkredit,Sweden,Large highest EEA,stimmig,55,6,49,0.8909,3,0,0.0,0,6,46,0,0,0,
rs:1FOLRR5RWTWWI397R131.IND,1FOLRR5RWTWWI397R131,IND,2025-12-31,Aktiebolaget Svensk Exportkredit,Sweden,Large highest EEA,stimmig,91,49,42,0.4615,42,5,0.119,2,45,4,0,2,0,03.00|30.02|30.03|42.00|64.01
rs:1FOLRR5RWTWWI397R131.IND,1FOLRR5RWTWWI397R131,IND,2026-03-31,Aktiebolaget Svensk Exportkredit,Sweden,Large highest EEA,stimmig,54,6,48,0.8889,3,0,0.0,0,6,45,0,0,0,
rs:2138002PVBMEHILJ1340.IND,2138002PVBMEHILJ1340,IND,2025-12-31,Mitsubishi UFJ Investor Services and Banking (Luxembourg) S.A.,Luxembourg,Other highest EEA,stimmig,71,6,65,0.9155,7,1,0.1429,0,34,30,0,0,14,80.00
rs:21380033CFFM2V1ZCK65.CON,21380033CFFM2V1ZCK65,CON,2025-12-31,SPARKASSE (HOLDINGS) MALTA LIMITED,Malta,Other highest EEA,stimmig,84,18,66,0.7857,10,2,0.2,0,44,30,0,2,0,80.00|90.01
rs:2138004FIUXU3B2MR537.CON,2138004FIUXU3B2MR537,CON,2025-06-30,"Caixa Económica Montepio Geral, Caixa Económica Bancária, S.A.",Portugal,Large highest EEA,stimmig,92,34,58,0.6304,21,0,0.0,0,37,34,0,1,0,
rs:2138004FIUXU3B2MR537.CON,2138004FIUXU3B2MR537,CON,2025-09-30,"Caixa Económica Montepio Geral, Caixa Económica Bancária, S.A.",Portugal,Large highest EEA,stimmig,55,3,52,0.9455,3,0,0.0,0,6,46,0,0,0,
rs:2138004FIUXU3B2MR537.CON,2138004FIUXU3B2MR537,CON,2026-03-31,"Caixa Económica Montepio Geral, Caixa Económica Bancária, S.A.",Portugal,Large highest EEA,stimmig,62,4,58,0.9355,3,0,0.0,0,6,45,0,0,0,
rs:21380057HUGFEAF25W84.CON,21380057HUGFEAF25W84,CON,2025-06-30,NOBA Group,Sweden,Other highest EEA,stimmig,55,1,54,0.9818,1,0,0.0,0,0,54,0,0,0,
rs:21380057HUGFEAF25W84.CON,21380057HUGFEAF25W84,CON,2025-12-31,NOBA Group,Sweden,Other highest EEA,stimmig,78,43,35,0.4487,9,0,0.0,0,39,30,0,0,0,
rs:2138005M92IEIQVEL297.CON,2138005M92IEIQVEL297,CON,2025-06-30,AS Inbank,Estonia,Other highest EEA,stimmig,63,4,59,0.9365,1,0,0.0,0,0,54,0,0,0,
rs:2138005M92IEIQVEL297.CON,2138005M92IEIQVEL297,CON,2025-12-31,AS Inbank,Estonia,Other highest EEA,stimmig,78,42,36,0.4615,9,0,0.0,0,39,30,0,1,0,
rs:2138005MGIT3X9ZTMP37.IND,2138005MGIT3X9ZTMP37,IND,2025-12-31,Rønde Sparekasse,Denmark,Other highest EEA,stimmig,84,22,62,0.7381,10,0,0.0,0,44,30,0,9,0,
rs:2138007F5HA5FFJROB80.CON,2138007F5HA5FFJROB80,CON,2025-12-31,"Akciju sabiedrība ""Rietumu Banka""",Latvia,Other highest EEA,stimmig,76,17,59,0.7763,8,0,0.0,0,38,30,0,0,0,
rs:2138007JGI1M5YF7FJ53.CON,2138007JGI1M5YF7FJ53,CON,2025-12-31,Frøs Sparekasse,Denmark,Other highest EEA,stimmig,84,22,62,0.7381,10,0,0.0,0,44,30,0,8,0,
rs:2138007WKF5CM2EUM824.IND,2138007WKF5CM2EUM824,IND,2025-12-31,"Citfin, spořitelní družstvo",Czech,Other highest EEA,stimmig,76,13,63,0.8289,8,0,0.0,0,38,30,0,2,0,
rs:213800984CWACNBY8F31.IND,213800984CWACNBY8F31,IND,2025-12-31,Sparekassen for Nr. Nebel og Omegn,Denmark,Other highest EEA,stimmig,84,22,62,0.7381,10,0,0.0,0,44,30,0,8,0,
rs:2138009Y59EAR7H1UO97.CON,2138009Y59EAR7H1UO97,CON,2025-06-30,"Akciju sabiedrība ""Citadele banka""",Latvia,Large highest EEA,stimmig,94,35,59,0.6277,22,1,0.0455,0,38,34,0,0,7,22.01
rs:2138009Y59EAR7H1UO97.CON,2138009Y59EAR7H1UO97,CON,2025-09-30,"Akciju sabiedrība ""Citadele banka""",Latvia,Large highest EEA,stimmig,55,3,52,0.9455,3,0,0.0,0,6,46,0,0,0,
rs:2138009Y59EAR7H1UO97.CON,2138009Y59EAR7H1UO97,CON,2025-12-31,"Akciju sabiedrība ""Citadele banka""",Latvia,Large highest EEA,stimmig,99,54,45,0.4545,44,3,0.0682,0,49,6,0,3,0,05.00|08.00|22.01
rs:2138009Y59EAR7H1UO97.CON,2138009Y59EAR7H1UO97,CON,2026-03-31,"Akciju sabiedrība ""Citadele banka""",Latvia,Large highest EEA,stimmig,54,3,51,0.9444,3,0,0.0,0,6,45,0,0,0,
rs:213800A1O379I6DMCU10.IND,213800A1O379I6DMCU10,IND,2025-06-30,APS BANK P.L.C.,Malta,Large highest EEA,stimmig,94,29,65,0.6915,22,2,0.0909,0,38,34,0,0,0,02.00|43.00
rs:213800A1O379I6DMCU10.IND,213800A1O379I6DMCU10,IND,2025-09-30,APS BANK P.L.C.,Malta,Large highest EEA,stimmig,55,4,51,0.9273,3,0,0.0,0,6,46,0,0,0,
rs:213800A1O379I6DMCU10.IND,213800A1O379I6DMCU10,IND,2025-12-31,APS BANK P.L.C.,Malta,Large highest EEA,stimmig,99,43,56,0.5657,44,8,0.1818,1,49,6,0,0,0,02.00|03.00|05.00|08.00|10.00|20.02|30.02|43.00
rs:213800A1O379I6DMCU10.IND,213800A1O379I6DMCU10,IND,2026-03-31,APS BANK P.L.C.,Malta,Large highest EEA,stimmig,54,3,51,0.9444,3,0,0.0,0,6,45,0,0,0,
rs:213800C78WI8VFJCYR09.IND,213800C78WI8VFJCYR09,IND,2025-12-31,Sparekassen Bredebro,Denmark,Other highest EEA,stimmig,84,22,62,0.7381,10,0,0.0,0,44,30,0,8,0,
rs:213800CBW4NPFP73ZK64.CON,213800CBW4NPFP73ZK64,CON,2025-12-31,ANCORIA INVESTMENTS PLC,Cyprus,Other highest EEA,stimmig,114,8,106,0.9298,11,3,0.2727,0,45,30,0,0,0,68.00|90.01|91.00
rs:213800CQ92347ZCS9V73.CON,213800CQ92347ZCS9V73,CON,2025-12-31,"ATLÂNTICO EUROPA, SGPS, SA",Portugal,Other highest EEA,stimmig,76,20,56,0.7368,8,0,0.0,0,38,30,0,9,0,
rs:213800DBQIB6VBNU5C64.CON,213800DBQIB6VBNU5C64,CON,2025-06-30,Alpha Bank S.A.,Greece,Large highest EEA,stimmig,86,42,44,0.5116,21,0,0.0,0,36,29,0,2,0,
rs:213800DBQIB6VBNU5C64.CON,213800DBQIB6VBNU5C64,CON,2025-09-30,Alpha Bank S.A.,Greece,Large highest EEA,stimmig,55,4,51,0.9273,3,0,0.0,0,6,46,0,0,0,
rs:213800DBQIB6VBNU5C64.CON,213800DBQIB6VBNU5C64,CON,2025-12-31,Alpha Bank S.A.,Greece,Large highest EEA,stimmig,86,60,26,0.3023,38,2,0.0526,0,44,4,0,9,1,19.02|22.01
rs:213800GO21RWIB6O9Q29.CON,213800GO21RWIB6O9Q29,CON,2025-12-31,Middelfart Sparekasse,Denmark,Other highest EEA,stimmig,70,20,50,0.7143,8,0,0.0,0,36,26,0,11,0,
rs:213800HDJ876ACJXXD05.CON,213800HDJ876ACJXXD05,CON,2025-06-30,AIKGROUP (CY) LIMITED,Cyprus,Large highest EEA,stimmig,73,48,25,0.3425,17,0,0.0,0,31,25,0,18,0,
rs:213800HDJ876ACJXXD05.CON,213800HDJ876ACJXXD05,CON,2025-09-30,AIKGROUP (CY) LIMITED,Cyprus,Large highest EEA,stimmig,55,10,45,0.8182,3,0,0.0,0,6,46,0,5,0,
rs:213800JF3JFF6MMR2P36.CON,213800JF3JFF6MMR2P36,CON,2025-12-31,Fynske Bank A/S,Denmark,Other highest EEA,stimmig,84,32,52,0.619,10,0,0.0,0,44,30,0,0,0,
rs:213800KGF4EFNUQKAT69.CON,213800KGF4EFNUQKAT69,CON,2025-12-31,EUROBANK S.A.,Greece,Large highest EEA,stimmig,94,80,14,0.1489,40,0,0.0,0,48,6,0,17,0,
rs:213800KOJ5JSZ6ID2R91.IND,213800KOJ5JSZ6ID2R91,IND,2025-12-31,Sparekassen Balling,Denmark,Other highest EEA,stimmig,84,22,62,0.7381,10,0,0.0,0,44,30,0,8,0,
rs:213800KYUPNOQPAQL758.CON,213800KYUPNOQPAQL758,CON,2025-12-31,BANCO DE INVESTIMENTO GLOBAL S.A.,Portugal,Other highest EEA,stimmig,76,13,63,0.8289,8,0,0.0,0,38,30,0,0,0,
rs:213800M7T3CYVZ3ZRT12.CON,213800M7T3CYVZ3ZRT12,CON,2025-06-30,Sparebanken Norge,Norway,Large highest EEA,stimmig,94,41,53,0.5638,22,1,0.0455,0,38,34,0,1,7,22.01
rs:213800M7T3CYVZ3ZRT12.CON,213800M7T3CYVZ3ZRT12,CON,2025-09-30,Sparebanken Norge,Norway,Large highest EEA,stimmig,63,7,56,0.8889,3,0,0.0,0,6,46,0,0,0,
rs:213800M7T3CYVZ3ZRT12.CON,213800M7T3CYVZ3ZRT12,CON,2025-12-31,Sparebanken Norge,Norway,Large highest EEA,stimmig,94,46,48,0.5106,40,6,0.15,0,48,6,0,1,0,03.00|08.00|10.00|20.02|22.01|83.01
rs:213800M7T3CYVZ3ZRT12.CON,213800M7T3CYVZ3ZRT12,CON,2026-03-31,Sparebanken Norge,Norway,Large highest EEA,stimmig,62,7,55,0.8871,3,0,0.0,0,6,45,0,0,0,
rs:213800MLL4APN9UP1J53.IND,213800MLL4APN9UP1J53,IND,2025-12-31,Rise Sparekasse,Denmark,Other highest EEA,stimmig,84,22,62,0.7381,10,0,0.0,0,44,30,0,8,0,
rs:213800P1P13ABO5R9V78.IND,213800P1P13ABO5R9V78,IND,2025-12-31,Societe Generale Bank - Cyprus Ltd,Cyprus,Other highest EEA,stimmig,76,9,67,0.8816,8,0,0.0,0,38,30,0,0,0,
rs:213800RENLNKMWZV8767.CON,213800RENLNKMWZV8767,CON,2025-12-31,Lollands Bank A/S,Denmark,Other highest EEA,stimmig,84,22,62,0.7381,10,3,0.3,0,44,30,0,0,2,21.01|80.00|82.00
rs:213800RZWHE5EUX9R444.CON,213800RZWHE5EUX9R444,CON,2025-12-31,Luminor Holding AS,Estonia,Large highest EEA,stimmig,86,59,27,0.314,40,0,0.0,0,43,3,0,3,0,
rs:213800TC9PZRBHMJW403.CON,213800TC9PZRBHMJW403,CON,2025-06-30,MDB Group Limited,Malta,Large subsidiaries,stimmig,86,38,48,0.5581,10,0,0.0,0,45,31,0,1,0,
rs:213800TC9PZRBHMJW403.CON,213800TC9PZRBHMJW403,CON,2025-09-30,MDB Group Limited,Malta,Large subsidiaries,stimmig,55,3,52,0.9455,3,0,0.0,0,7,45,0,0,0,
rs:213800TC9PZRBHMJW403.CON,213800TC9PZRBHMJW403,CON,2025-12-31,MDB Group Limited,Malta,Large subsidiaries,stimmig,91,38,53,0.5824,24,0,0.0,0,42,25,0,2,0,
rs:213800TKOS7J5UA3ZI07.IND,213800TKOS7J5UA3ZI07,IND,2025-12-31,EUROPE ARAB BANK SA,France,Other highest EEA,stimmig,76,16,60,0.7895,8,0,0.0,0,38,30,0,7,0,
rs:213800UIIZ6YSEQB5S26.CON,213800UIIZ6YSEQB5S26,CON,2025-12-31,Clearstream Fund Centre Holding S.A.,Luxembourg,Other highest EEA,stimmig,78,33,45,0.5769,9,2,0.2222,1,39,30,0,0,0,66.02|80.00
rs:213800UK7516IBWZO445.IND,213800UK7516IBWZO445,IND,2025-12-31,Borbjerg Sparekasse,Denmark,Other highest EEA,stimmig,84,21,63,0.75,10,1,0.1,0,44,30,0,9,14,80.00
rs:213800UYAHIRLZ4NSN67.IND,213800UYAHIRLZ4NSN67,IND,2025-06-30,Lån & Spar Bank A/S,Denmark,Other highest EEA,stimmig,63,6,57,0.9048,1,0,0.0,0,0,54,0,4,0,
rs:213800UYAHIRLZ4NSN67.IND,213800UYAHIRLZ4NSN67,IND,2025-12-31,Lån & Spar Bank A/S,Denmark,Other highest EEA,stimmig,86,60,26,0.3023,11,0,0.0,0,45,30,0,10,0,
rs:213800X3Q9LSAKRUWY91.CON,213800X3Q9LSAKRUWY91,CON,2025-06-30,KBC Groupe,Belgium,Large highest EEA,stimmig,23,9,14,0.6087,6,0,0.0,0,8,9,0,0,0,
rs:213800X3Q9LSAKRUWY91.CON,213800X3Q9LSAKRUWY91,CON,2025-12-31,KBC Groupe,Belgium,Large highest EEA,stimmig,20,12,8,0.4,9,0,0.0,0,8,3,0,0,0,
rs:213800X3Q9LSAKRUWY91.CON,213800X3Q9LSAKRUWY91,CON,2026-03-31,KBC Groupe,Belgium,Large highest EEA,stimmig,54,8,46,0.8519,3,0,0.0,0,6,45,0,0,0,
rs:213800ZOI1EW481WPV90.IND,213800ZOI1EW481WPV90,IND,2025-12-31,FCM Bank Ltd,Malta,Other highest EEA,stimmig,76,8,68,0.8947,8,0,0.0,0,38,30,0,0,0,
rs:22210058UCKT3BJTCN24.CON,22210058UCKT3BJTCN24,CON,2025-06-30,OTP Luxembourg S.à r.l.,Luxembourg,Large subsidiaries,unbrauchbar,55,0,55,1.0,1,1,1.0,0,31,23,2,0,11,61.00
rs:22210058UCKT3BJTCN24.CON,22210058UCKT3BJTCN24,CON,2025-12-31,OTP Luxembourg S.à r.l.,Luxembourg,Large subsidiaries,unbrauchbar,78,0,78,1.0,22,22,1.0,5,38,18,46,0,-1,21.01|21.02|23.00|24.00|30.01|30.03|30.05|60.00|66.01|66.02|67.01|67.02|68.00|70.00|71.00|72.00|73.00|74.00|80.00|82.00|83.01|84.01
rs:222100PG81CES7H3HZ28.CON,222100PG81CES7H3HZ28,CON,2025-12-31,Aneto S.à r.l.,Luxembourg,Other highest EEA,stimmig,76,11,65,0.8553,8,0,0.0,0,38,30,0,0,0,
rs:222100V03Y766EM5TZ83.IND,222100V03Y766EM5TZ83,IND,2025-12-31,Brown Brothers Harriman (Luxembourg) S.C.A.,Luxembourg,,stimmig,84,13,71,0.8452,0,0,,0,0,0,0,3,0,
rs:2534005A84927EKSR789.CON,2534005A84927EKSR789,CON,2025-12-31,Signet Bank AS,Latvia,Other highest EEA,stimmig,76,12,64,0.8421,8,1,0.125,1,38,30,0,2,18,66.02
rs:254900RNFMDM0P11YR84.CON,254900RNFMDM0P11YR84,CON,2025-06-30,Atlantic Lux HoldCo S.à r.l.,Luxembourg,Large highest EEA,stimmig,86,41,45,0.5233,21,0,0.0,0,36,29,0,0,0,
rs:254900RNFMDM0P11YR84.CON,254900RNFMDM0P11YR84,CON,2025-09-30,Atlantic Lux HoldCo S.à r.l.,Luxembourg,Large highest EEA,stimmig,55,7,48,0.8727,3,0,0.0,0,6,46,0,0,0,
rs:254900WR3I1Z9NPC7D84.CON,254900WR3I1Z9NPC7D84,CON,2025-12-31,Kvika banki hf.,Iceland,Other highest EEA,stimmig,84,14,70,0.8333,10,2,0.2,2,44,30,0,1,0,66.01|66.02
rs:2594000ZNGGQZXZKXH36.CON,2594000ZNGGQZXZKXH36,CON,2025-12-31,VELOBANK SA,Poland,Other highest EEA,stimmig,84,12,72,0.8571,10,0,0.0,0,44,30,0,0,0,
rs:259400BILZFH923Q1N56.IND,259400BILZFH923Q1N56,IND,2025-12-31,WARMINSKO - MAZURSKI BANK SPOLDZIELCZY,Poland,Other highest EEA,stimmig,84,18,66,0.7857,10,0,0.0,0,44,30,0,0,0,
rs:259400DAAAR5M4A6SI23.IND,259400DAAAR5M4A6SI23,IND,2025-12-31,Bank Pocztowy S.A.,Poland,Other highest EEA,stimmig,76,22,54,0.7105,8,0,0.0,0,38,30,0,3,0,
rs:259400DZXF7UJKK2AY35.CON,259400DZXF7UJKK2AY35,CON,2025-06-30,mBank S.A.,Poland,Large subsidiaries,stimmig,79,29,50,0.6329,6,0,0.0,0,37,36,0,0,0,
rs:259400DZXF7UJKK2AY35.CON,259400DZXF7UJKK2AY35,CON,2025-09-30,mBank S.A.,Poland,Large subsidiaries,stimmig,55,7,48,0.8727,3,0,0.0,0,7,45,0,0,0,
rs:259400DZXF7UJKK2AY35.CON,259400DZXF7UJKK2AY35,CON,2025-12-31,mBank S.A.,Poland,Large subsidiaries,stimmig,79,31,48,0.6076,18,1,0.0556,0,41,20,0,0,4,21.02
rs:259400DZXF7UJKK2AY35.CON,259400DZXF7UJKK2AY35,CON,2026-03-31,mBank S.A.,Poland,Large subsidiaries,stimmig,54,7,47,0.8704,3,0,0.0,0,7,44,0,0,0,
rs:259400GZKACLCASLRW25.IND,259400GZKACLCASLRW25,IND,2025-12-31,KRAKOWSKI BANK SPOLDZIELCZY,Poland,Other highest EEA,stimmig,84,18,66,0.7857,10,0,0.0,0,44,30,0,0,0,
rs:259400L03ZTD1W99FZ91.IND,259400L03ZTD1W99FZ91,IND,2025-12-31,BANK SPOLDZIELCZY W BRODNICY,Poland,Other highest EEA,stimmig,84,18,66,0.7857,10,0,0.0,0,44,30,0,4,0,
rs:259400LGXW3K0GDAG361.CON,259400LGXW3K0GDAG361,CON,2025-06-30,Santander Bank Polska S.A.,Poland,Large subsidiaries,stimmig,92,40,52,0.5652,9,0,0.0,0,47,36,0,1,0,
rs:259400LGXW3K0GDAG361.CON,259400LGXW3K0GDAG361,CON,2025-09-30,Santander Bank Polska S.A.,Poland,Large subsidiaries,stimmig,63,6,57,0.9048,3,0,0.0,0,7,45,0,0,0,
rs:259400LGXW3K0GDAG361.CON,259400LGXW3K0GDAG361,CON,2025-12-31,Santander Bank Polska S.A.,Poland,Large subsidiaries,stimmig,99,55,44,0.4444,24,0,0.0,0,48,27,0,2,0,
rs:259400LGXW3K0GDAG361.CON,259400LGXW3K0GDAG361,CON,2026-03-31,Santander Bank Polska S.A.,Poland,Large subsidiaries,stimmig,62,6,56,0.9032,3,0,0.0,0,7,44,0,0,0,
rs:259400OFDZ9KPZEO8K78.CON,259400OFDZ9KPZEO8K78,CON,2025-06-30,BANK MILLENNIUM SA,Poland,Large subsidiaries,stimmig,63,26,37,0.5873,1,0,0.0,0,34,28,0,0,0,
rs:259400P9KF07OP2K5P83.IND,259400P9KF07OP2K5P83,IND,2025-06-30,SGB-Bank S.A.,Poland,Large highest EEA,stimmig,55,1,54,0.9818,11,10,0.9091,1,27,17,0,0,6,02.00|24.00|25.00|60.00|66.01|70.00|71.00|72.00|73.00|74.00
rs:259400QHDOZWMJ103294.CON,259400QHDOZWMJ103294,CON,2025-06-30,ALIOR BANK S.A.,Poland,Other highest EEA,stimmig,114,13,101,0.886,1,0,0.0,0,0,54,0,0,0,
rs:259400QHDOZWMJ103294.CON,259400QHDOZWMJ103294,CON,2025-12-31,ALIOR BANK S.A.,Poland,Other highest EEA,stimmig,114,58,56,0.4912,11,0,0.0,0,45,30,0,7,0,
rs:259400WNAOMT2E4OIS38.CON,259400WNAOMT2E4OIS38,CON,2025-12-31,NEST BANK S.A.,Poland,Other highest EEA,stimmig,76,11,65,0.8553,8,0,0.0,0,38,30,0,1,0,
rs:259400YLRTOBISHBVX41.CON,259400YLRTOBISHBVX41,CON,2025-06-30,ING Bank Slaski S.A.,Poland,Large subsidiaries,stimmig,94,29,65,0.6915,10,6,0.6,0,48,36,0,0,0,41.00|42.00|45.00|61.00|68.00|83.01
rs:259400YLRTOBISHBVX41.CON,259400YLRTOBISHBVX41,CON,2025-09-30,ING Bank Slaski S.A.,Poland,Large subsidiaries,stimmig,63,5,58,0.9206,3,1,0.3333,0,7,45,0,0,11,61.00
rs:259400YLRTOBISHBVX41.CON,259400YLRTOBISHBVX41,CON,2025-12-31,ING Bank Slaski S.A.,Poland,Large subsidiaries,stimmig,114,45,69,0.6053,24,4,0.1667,0,48,27,0,2,0,41.00|42.00|68.00|83.01
rs:259400YLRTOBISHBVX41.CON,259400YLRTOBISHBVX41,CON,2026-03-31,ING Bank Slaski S.A.,Poland,Large subsidiaries,stimmig,54,5,49,0.9074,3,1,0.3333,0,7,44,0,0,11,61.00
rs:2G5BKIC2CB69PRJH1W31.IND,2G5BKIC2CB69PRJH1W31,IND,2025-06-30,Barclays Bank Ireland plc,Ireland,Large highest EEA,stimmig,94,49,45,0.4787,22,1,0.0455,0,38,34,0,0,2,90.01
rs:2G5BKIC2CB69PRJH1W31.IND,2G5BKIC2CB69PRJH1W31,IND,2025-09-30,Barclays Bank Ireland plc,Ireland,Large highest EEA,stimmig,63,9,54,0.8571,3,0,0.0,0,6,46,0,0,0,
rs:2G5BKIC2CB69PRJH1W31.IND,2G5BKIC2CB69PRJH1W31,IND,2025-12-31,Barclays Bank Ireland plc,Ireland,Large highest EEA,widersprüchlich,99,54,45,0.4545,44,12,0.2727,0,49,6,12,0,0,20.01|20.02|20.03|21.01|21.02|22.01|80.00|82.00|83.01|84.01|90.01|91.00
rs:2W8N8UU78PMDQKZENC08.CON,2W8N8UU78PMDQKZENC08,CON,2025-06-30,Intesa Sanpaolo S.p.A.,Italy,Large highest EEA,stimmig,86,53,33,0.3837,21,0,0.0,0,36,29,0,0,0,
rs:2W8N8UU78PMDQKZENC08.CON,2W8N8UU78PMDQKZENC08,CON,2025-09-30,Intesa Sanpaolo S.p.A.,Italy,Large highest EEA,stimmig,55,9,46,0.8364,3,0,0.0,0,6,46,0,0,0,
rs:2W8N8UU78PMDQKZENC08.CON,2W8N8UU78PMDQKZENC08,CON,2025-12-31,Intesa Sanpaolo S.p.A.,Italy,Large highest EEA,stimmig,91,75,16,0.1758,42,0,0.0,0,45,4,0,0,0,
rs:2W8N8UU78PMDQKZENC08.CON,2W8N8UU78PMDQKZENC08,CON,2026-03-31,Intesa Sanpaolo S.p.A.,Italy,Large highest EEA,stimmig,54,8,46,0.8519,3,0,0.0,0,6,45,0,0,0,
rs:2ZCNRR8UK83OBTEK2170.CON,2ZCNRR8UK83OBTEK2170,CON,2025-06-30,UniCredit Bank GmbH,Germany,Large subsidiaries,stimmig,79,29,50,0.6329,6,0,0.0,0,37,36,0,0,0,
rs:2ZCNRR8UK83OBTEK2170.CON,2ZCNRR8UK83OBTEK2170,CON,2025-09-30,UniCredit Bank GmbH,Germany,Large subsidiaries,stimmig,55,9,46,0.8364,3,0,0.0,0,7,45,0,0,0,
rs:2ZCNRR8UK83OBTEK2170.CON,2ZCNRR8UK83OBTEK2170,CON,2025-12-31,UniCredit Bank GmbH,Germany,Large subsidiaries,stimmig,79,31,48,0.6076,18,0,0.0,0,41,20,0,0,0,
rs:2ZCNRR8UK83OBTEK2170.CON,2ZCNRR8UK83OBTEK2170,CON,2026-03-31,UniCredit Bank GmbH,Germany,Large subsidiaries,stimmig,54,9,45,0.8333,3,0,0.0,0,7,44,0,0,0,
rs:31570010000000004460.CON,31570010000000004460,CON,2025-12-31,Raiffeisenbank a.s.,Czech,Large subsidiaries,stimmig,31,20,11,0.3548,10,0,0.0,0,19,2,0,0,0,
rs:31570014BNQ1Q99CNQ35.CON,31570014BNQ1Q99CNQ35,CON,2025-06-30,PPF Financial Holdings AS,Czech,Large highest EEA,unbrauchbar,55,0,55,1.0,11,11,1.0,1,27,17,1,0,-1,02.00|24.00|25.00|60.00|61.00|66.01|70.00|71.00|72.00|73.00|74.00
rs:31570014BNQ1Q99CNQ35.CON,31570014BNQ1Q99CNQ35,CON,2025-12-31,PPF Financial Holdings AS,Czech,Large highest EEA,unbrauchbar,71,0,71,1.0,33,33,1.0,2,37,1,8,0,-1,02.00|03.00|05.00|08.00|10.00|19.02|19.03|20.01|20.02|20.03|21.01|21.02|22.01|23.00|24.00|25.00|60.00|61.00|64.01|64.03|66.01|66.02|67.01|67.02|70.00|71.00|72.00|73.00|74.00|80.00|82.00|83.01|84.01
rs:3157002JBFAI478MD587.CON,3157002JBFAI478MD587,CON,2025-06-30,"Tatra banka, a.s.",Slovakia,Large subsidiaries,stimmig,94,72,22,0.234,10,0,0.0,0,48,36,0,20,0,
rs:3157002JBFAI478MD587.CON,3157002JBFAI478MD587,CON,2025-09-30,"Tatra banka, a.s.",Slovakia,Large subsidiaries,stimmig,55,9,46,0.8364,3,0,0.0,0,7,45,0,3,0,
rs:3157002JBFAI478MD587.CON,3157002JBFAI478MD587,CON,2025-12-31,"Tatra banka, a.s.",Slovakia,Large subsidiaries,stimmig,99,74,25,0.2525,24,1,0.0417,0,48,27,0,19,0,41.00
rs:3157002JBFAI478MD587.CON,3157002JBFAI478MD587,CON,2026-03-31,"Tatra banka, a.s.",Slovakia,Large subsidiaries,stimmig,54,6,48,0.8889,3,0,0.0,0,7,44,0,0,0,
rs:3157006K4C7PJT790450.IND,3157006K4C7PJT790450,IND,2025-12-31,BANCA CENTRALA COOPERATISTA CREDITCOOP,Romania,Other highest EEA,stimmig,71,10,61,0.8592,7,0,0.0,0,34,30,0,1,0,
rs:315700E9POA724IWFP59.CON,315700E9POA724IWFP59,CON,2025-06-30,J&amp;T FINANCE GROUP SE,Czech,Large highest EEA,stimmig,73,48,25,0.3425,17,0,0.0,0,31,25,0,21,0,
rs:315700E9POA724IWFP59.CON,315700E9POA724IWFP59,CON,2025-09-30,J&amp;T FINANCE GROUP SE,Czech,Large highest EEA,stimmig,55,9,46,0.8364,3,0,0.0,0,6,46,0,5,0,
rs:315700E9POA724IWFP59.CON,315700E9POA724IWFP59,CON,2025-12-31,J&amp;T FINANCE GROUP SE,Czech,Large highest EEA,stimmig,91,91,0,0.0,42,0,0.0,0,45,4,0,46,0,
rs:315700E9POA724IWFP59.CON,315700E9POA724IWFP59,CON,2026-03-31,J&amp;T FINANCE GROUP SE,Czech,Large highest EEA,stimmig,54,9,45,0.8333,3,0,0.0,0,6,45,0,6,0,
rs:315700K45LRKNGMUIW27.IND,315700K45LRKNGMUIW27,IND,2025-06-30,"Prima banka Slovensko, a.s.",Slovakia,Large highest EEA,stimmig,86,38,48,0.5581,21,3,0.1429,1,36,29,0,0,0,43.00|66.01|84.01
rs:315700K45LRKNGMUIW27.IND,315700K45LRKNGMUIW27,IND,2025-09-30,"Prima banka Slovensko, a.s.",Slovakia,Large highest EEA,stimmig,55,4,51,0.9273,3,0,0.0,0,6,46,0,0,0,
rs:315700K45LRKNGMUIW27.IND,315700K45LRKNGMUIW27,IND,2025-12-31,"Prima banka Slovensko, a.s.",Slovakia,Large highest EEA,stimmig,91,48,43,0.4725,42,8,0.1905,0,45,4,0,0,0,03.00|05.00|08.00|10.00|43.00|64.01|64.03|83.01
rs:315700K45LRKNGMUIW27.IND,315700K45LRKNGMUIW27,IND,2026-03-31,"Prima banka Slovensko, a.s.",Slovakia,Large highest EEA,stimmig,54,4,50,0.9259,3,0,0.0,0,6,45,0,0,0,
rs:39120001JPAYYPDRNN92.IND,39120001JPAYYPDRNN92,IND,2025-12-31,Deutsche Bausparkasse Badenia Aktiengesellschaft,Germany,Other highest EEA,stimmig,76,30,46,0.6053,8,0,0.0,0,38,30,0,0,0,
rs:391200EEGLNXBBCVKC73.CON,391200EEGLNXBBCVKC73,CON,2025-06-30,Erwerbsgesellschaft der S-Finanzgruppe mbH & Co. KG,Germany,Large highest EEA,stimmig,55,1,54,0.9818,11,10,0.9091,1,27,17,0,0,6,02.00|24.00|25.00|60.00|66.01|70.00|71.00|72.00|73.00|74.00
rs:391200EEGLNXBBCVKC73.CON,391200EEGLNXBBCVKC73,CON,2025-12-31,Erwerbsgesellschaft der S-Finanzgruppe mbH & Co. KG,Germany,Large highest EEA,stimmig,86,48,38,0.4419,38,3,0.0789,0,44,4,0,0,0,10.00|22.01|43.00
rs:3DM5DPGI3W6OU6GJ4N92.CON,3DM5DPGI3W6OU6GJ4N92,CON,2025-12-31,BANCO BPI S.A.,Portugal,Large subsidiaries,stimmig,99,59,40,0.404,24,0,0.0,0,48,27,0,1,0,
rs:3H0Q3U74FVFED2SHZT16.CON,3H0Q3U74FVFED2SHZT16,CON,2025-06-30,MBH bankcsoport,Hungary,Large highest EEA,stimmig,94,42,52,0.5532,22,0,0.0,0,38,34,0,0,0,
rs:3H0Q3U74FVFED2SHZT16.CON,3H0Q3U74FVFED2SHZT16,CON,2025-09-30,MBH bankcsoport,Hungary,Large highest EEA,stimmig,55,4,51,0.9273,3,0,0.0,0,6,46,0,0,0,
rs:3H0Q3U74FVFED2SHZT16.CON,3H0Q3U74FVFED2SHZT16,CON,2025-12-31,MBH bankcsoport,Hungary,Large highest EEA,stimmig,99,60,39,0.3939,44,1,0.0227,0,49,6,0,0,12,83.01
rs:3H0Q3U74FVFED2SHZT16.CON,3H0Q3U74FVFED2SHZT16,CON,2026-03-31,MBH bankcsoport,Hungary,Large highest EEA,stimmig,54,4,50,0.9259,3,0,0.0,0,6,45,0,0,0,
rs:3M5E1GQGKL17HI6CPN30.CON,3M5E1GQGKL17HI6CPN30,CON,2025-12-31,Jyske Bank A/S,Denmark,Large highest EEA,stimmig,5,5,0,0.0,4,0,0.0,0,1,0,0,0,0,
rs:3M5E1GQGKL17HI6CPN30.CON,3M5E1GQGKL17HI6CPN30,CON,2026-03-31,Jyske Bank A/S,Denmark,Large highest EEA,stimmig,62,7,55,0.8871,3,0,0.0,0,6,45,0,0,0,
rs:3TK20IVIUJ8J3ZU0QE75.CON,3TK20IVIUJ8J3ZU0QE75,CON,2025-12-31,ING Bank N.V.,Netherlands,Large subsidiaries,stimmig,94,57,37,0.3936,21,5,0.2381,0,46,27,0,0,0,70.00|71.00|72.00|73.00|74.00
rs:485100FX5Y9YLAQLNP12.CON,485100FX5Y9YLAQLNP12,CON,2025-12-31,Revolut Holdings Europe UAB,Lithuania,Large highest EEA,stimmig,101,57,44,0.4356,40,2,0.05,0,43,3,0,7,7,90.01|91.00
rs:5299000F1CGJQ8NAXQ58.IND,5299000F1CGJQ8NAXQ58,IND,2025-12-31,MERKANTI BANK LTD,Malta,Other highest EEA,stimmig,76,10,66,0.8684,8,0,0.0,0,38,30,0,0,0,
rs:5299000PCY1EP8QJFV48.CON,5299000PCY1EP8QJFV48,CON,2025-12-31,United Bulgarian Bank AD,Bulgaria,Large subsidiaries,stimmig,18,16,2,0.1111,7,0,0.0,0,11,0,0,0,0,
rs:5299000R7WZOVIFHLN21.CON,5299000R7WZOVIFHLN21,CON,2025-12-31,BFS SozialFinanz AG,Germany,Other highest EEA,stimmig,76,11,65,0.8553,8,0,0.0,0,38,30,0,0,0,
rs:5299001ADI8FLGT0GU28.IND,5299001ADI8FLGT0GU28,IND,2025-12-31,Sparkasse KölnBonn,Germany,Other highest EEA,stimmig,84,14,70,0.8333,10,0,0.0,0,44,30,0,0,0,
rs:5299001PEMDU9N24CH60.CON,5299001PEMDU9N24CH60,CON,2025-12-31,DELAVSKA HRANILNICA d.d. LJUBLJANA,Slovenia,Other highest EEA,unbrauchbar,76,0,76,1.0,8,8,1.0,3,38,30,21,0,-1,21.01|30.01|60.00|61.00|66.01|66.02|80.00|82.00
rs:52990026HQOTT4AJP655.IND,52990026HQOTT4AJP655,IND,2025-12-31,GLS Gemeinschaftsbank e.G.,Germany,Other highest EEA,stimmig,76,12,64,0.8421,8,0,0.0,0,38,30,0,0,0,
rs:5299002GPCR602QYJC04.CON,5299002GPCR602QYJC04,CON,2025-06-30,KfW Beteiligungsholding GmbH,Germany,Large highest EEA,stimmig,55,2,53,0.9636,11,10,0.9091,1,27,17,0,0,6,02.00|24.00|25.00|60.00|66.01|70.00|71.00|72.00|73.00|74.00
rs:5299002GPCR602QYJC04.CON,5299002GPCR602QYJC04,CON,2025-12-31,KfW Beteiligungsholding GmbH,Germany,Large highest EEA,stimmig,73,45,28,0.3836,34,3,0.0882,0,38,1,0,3,0,05.00|08.00|68.00
rs:52990033C5FUEN4LMC06.IND,52990033C5FUEN4LMC06,IND,2025-12-31,BANCA POPOLARE DELL'ALTO ADIGE SOCIETA' PER AZIONI (IN TEDESCO SUDTIROLER VOLKSBANK A.G.),Italy,Other highest EEA,stimmig,78,27,51,0.6538,9,0,0.0,0,39,30,0,0,0,
rs:5299003ATVTQVPTW4735.CON,5299003ATVTQVPTW4735,CON,2025-06-30,BTV Vier Länder Bank AG,Austria,Other highest EEA,stimmig,63,2,61,0.9683,1,0,0.0,0,0,54,0,0,0,
rs:52990045V2BWJN669Q34.CON,52990045V2BWJN669Q34,CON,2025-12-31,Wüstenrot Wohnungswirtschaft registrierte Genossenschaft mit beschränkter Haftung,Austria,Other highest EEA,stimmig,89,32,57,0.6404,8,2,0.25,0,38,30,0,0,0,80.00|82.00
rs:5299004R4U60UMXLSE36.IND,5299004R4U60UMXLSE36,IND,2025-12-31,Sparkasse Karlsruhe,Germany,Other highest EEA,stimmig,60,7,53,0.8833,5,0,0.0,0,29,26,0,0,0,
rs:5299005743YY767PR386.IND,5299005743YY767PR386,IND,2025-12-31,Dragsholm Sparekasse,Denmark,Other highest EEA,stimmig,84,21,63,0.75,10,1,0.1,0,44,30,0,9,2,21.01
rs:5299005OACOC1C1OFJ11.IND,5299005OACOC1C1OFJ11,IND,2025-06-30,Raiffeisen-Landesbank Tirol AG,Austria,Other highest EEA,stimmig,63,2,61,0.9683,1,0,0.0,0,0,54,0,0,0,
rs:5299005OACOC1C1OFJ11.IND,5299005OACOC1C1OFJ11,IND,2025-12-31,Raiffeisen-Landesbank Tirol AG,Austria,Other highest EEA,stimmig,86,44,42,0.4884,11,0,0.0,0,45,30,0,0,0,
rs:5299005UJX6K7BQKV086.CON,5299005UJX6K7BQKV086,CON,2025-12-31,OTP banka d.d.,Croatia,Large subsidiaries,stimmig,86,45,41,0.4767,22,0,0.0,0,44,20,0,0,0,
rs:5299005UJX6K7BQKV086.CON,5299005UJX6K7BQKV086,CON,2026-03-31,OTP banka d.d.,Croatia,Large subsidiaries,stimmig,62,4,58,0.9355,3,0,0.0,0,7,44,0,0,0,
rs:52990061592SQLEJN964.IND,52990061592SQLEJN964,IND,2025-12-31,Volksbank Mittelhessen eG,Germany,Other highest EEA,stimmig,71,10,61,0.8592,7,0,0.0,0,34,30,0,0,0,
rs:5299007QVIQ7IO64NX37.CON,5299007QVIQ7IO64NX37,CON,2025-09-30,UBS Europe SE,Germany,Large highest EEA,stimmig,8,1,7,0.875,0,0,,0,0,0,0,0,0,
rs:5299007S3UH5RKUYDA52.IND,5299007S3UH5RKUYDA52,IND,2025-06-30,DEUTSCHE APOTHEKER- UND ÄRZTEBANK EG,Germany,Large highest EEA,stimmig,86,40,46,0.5349,21,0,0.0,0,36,29,0,0,0,
rs:5299007S3UH5RKUYDA52.IND,5299007S3UH5RKUYDA52,IND,2025-09-30,DEUTSCHE APOTHEKER- UND ÄRZTEBANK EG,Germany,Large highest EEA,stimmig,55,7,48,0.8727,3,0,0.0,0,6,46,0,0,0,
rs:5299007S3UH5RKUYDA52.IND,5299007S3UH5RKUYDA52,IND,2025-12-31,DEUTSCHE APOTHEKER- UND ÄRZTEBANK EG,Germany,Large highest EEA,stimmig,91,56,35,0.3846,42,1,0.0238,0,45,4,0,4,12,83.01
rs:5299007S3UH5RKUYDA52.IND,5299007S3UH5RKUYDA52,IND,2026-03-31,DEUTSCHE APOTHEKER- UND ÄRZTEBANK EG,Germany,Large highest EEA,stimmig,54,7,47,0.8704,3,0,0.0,0,6,45,0,0,0,
rs:52990089LBIKLBM8YB23.IND,52990089LBIKLBM8YB23,IND,2025-12-31,VR Bank Nord eG,Germany,Other highest EEA,stimmig,76,12,64,0.8421,8,0,0.0,0,38,30,0,0,0,
rs:5299008FEH4GQXGZNP50.CON,5299008FEH4GQXGZNP50,CON,2025-12-31,"BANCO CTT, S.A.",Portugal,Other highest EEA,stimmig,76,11,65,0.8553,8,0,0.0,0,38,30,0,1,0,
rs:5299008I0TO44SUINZ71.IND,5299008I0TO44SUINZ71,IND,2025-12-31,Oldenburgische Landesbank Aktiengesellschaft,Germany,Large highest EEA,stimmig,91,58,33,0.3626,42,1,0.0238,0,45,4,0,0,1,10.00
rs:52990093INYLJNWHQ228.IND,52990093INYLJNWHQ228,IND,2025-12-31,Volksbank eG - Die Gestalterbank,Germany,Other highest EEA,stimmig,76,11,65,0.8553,8,0,0.0,0,38,30,0,0,0,
rs:52990096Q5LMCH1WU462.CON,52990096Q5LMCH1WU462,CON,2025-12-31,"Československá obchodná banka, a.s.",Slovakia,Large subsidiaries,stimmig,86,41,45,0.5233,22,1,0.0455,0,44,20,0,1,12,83.01
rs:52990096Q5LMCH1WU462.CON,52990096Q5LMCH1WU462,CON,2026-03-31,"Československá obchodná banka, a.s.",Slovakia,Large subsidiaries,stimmig,54,3,51,0.9444,3,2,0.6667,0,7,44,0,0,0,61.00|73.00
rs:5299009EHB4RBGMI5828.IND,5299009EHB4RBGMI5828,IND,2025-06-30,Raiffeisen Landesbank Kärnten und Revisionsverband eGen,Austria,Other highest EEA,stimmig,63,2,61,0.9683,1,0,0.0,0,0,54,0,0,0,
rs:5299009EHB4RBGMI5828.IND,5299009EHB4RBGMI5828,IND,2025-12-31,Raiffeisen Landesbank Kärnten und Revisionsverband eGen,Austria,Other highest EEA,stimmig,86,43,43,0.5,11,0,0.0,0,45,30,0,0,0,
rs:529900AVGYYBVL1VNQ03.IND,529900AVGYYBVL1VNQ03,IND,2025-12-31,Kreditbanken A/S,Denmark,Other highest EEA,stimmig,84,31,53,0.631,10,3,0.3,0,44,30,0,2,2,21.01|80.00|82.00
rs:529900B4OR3PD4V3AQ57.CON,529900B4OR3PD4V3AQ57,CON,2025-12-31,Finanzholding der Sparkasse in Bremen,Germany,Other highest EEA,stimmig,71,9,62,0.8732,7,0,0.0,0,34,30,0,0,0,
rs:529900B91AUH0YTEXN10.IND,529900B91AUH0YTEXN10,IND,2025-12-31,National-Bank Aktiengesellschaft,Germany,Other highest EEA,stimmig,76,10,66,0.8684,8,0,0.0,0,38,30,0,0,0,
rs:529900BHRYZ464GFD289.CON,529900BHRYZ464GFD289,CON,2025-06-30,GRENKE AG,Germany,Other highest EEA,stimmig,55,1,54,0.9818,1,0,0.0,0,0,54,0,0,0,
rs:529900BHRYZ464GFD289.CON,529900BHRYZ464GFD289,CON,2025-12-31,GRENKE AG,Germany,Other highest EEA,stimmig,78,39,39,0.5,9,0,0.0,0,39,30,0,0,0,
rs:529900BI5KIGX6YLX375.CON,529900BI5KIGX6YLX375,CON,2025-12-31,Oberösterreichische Landesbank Aktiengesellschaft,Austria,Other highest EEA,stimmig,84,20,64,0.7619,10,0,0.0,0,44,30,0,0,0,
rs:529900BIK4WRWS06MR52.IND,529900BIK4WRWS06MR52,IND,2025-12-31,Varengold Bank AG,Germany,Other highest EEA,stimmig,76,9,67,0.8816,8,1,0.125,0,38,30,0,0,14,80.00
rs:529900C3SHT3Q94H3W82.CON,529900C3SHT3Q94H3W82,CON,2025-12-31,Bank11 Holding GmbH,Germany,Other highest EEA,stimmig,76,11,65,0.8553,8,0,0.0,0,38,30,0,0,0,
rs:529900C9OP6Y0DPYSK11.IND,529900C9OP6Y0DPYSK11,IND,2025-12-31,VR Bank RheinAhrEifel eG,Germany,Other highest EEA,stimmig,76,11,65,0.8553,8,0,0.0,0,38,30,0,0,0,
rs:529900CJAJ0HDPPKUI53.IND,529900CJAJ0HDPPKUI53,IND,2025-12-31,Nassauische Sparkasse,Germany,Other highest EEA,stimmig,76,9,67,0.8816,8,0,0.0,0,38,30,0,0,0,
rs:529900D5G4V6THXC5P79.IND,529900D5G4V6THXC5P79,IND,2025-06-30,Hrvatska poštanska banka d.d.,Croatia,Large highest EEA,stimmig,81,24,57,0.7037,18,2,0.1111,0,33,30,0,0,0,74.00|84.01
rs:529900D5G4V6THXC5P79.IND,529900D5G4V6THXC5P79,IND,2025-09-30,Hrvatska poštanska banka d.d.,Croatia,Large highest EEA,stimmig,55,4,51,0.9273,3,0,0.0,0,6,46,0,0,0,
rs:529900D5G4V6THXC5P79.IND,529900D5G4V6THXC5P79,IND,2025-12-31,Hrvatska poštanska banka d.d.,Croatia,Large highest EEA,stimmig,86,47,39,0.4535,40,5,0.125,0,43,3,0,0,0,08.00|19.02|19.03|74.00|83.01
rs:529900DEAYRUPP22B339.CON,529900DEAYRUPP22B339,CON,2025-12-31,Mercedes-Benz Bank AG,Germany,Other highest EEA,stimmig,71,7,64,0.9014,7,0,0.0,0,34,30,0,0,0,
rs:529900DPOQPLDSF3R482.CON,529900DPOQPLDSF3R482,CON,2025-12-31,Kaiser Partner Privatbank AG,Liechtenstein,Other highest EEA,stimmig,76,7,69,0.9079,8,1,0.125,0,38,30,0,0,14,80.00
rs:529900DSIVJWCUQUMP41.IND,529900DSIVJWCUQUMP41,IND,2025-12-31,AKA Ausfuhrkredit-Gesellschaft mit beschränkter Haftung,Germany,Other highest EEA,stimmig,76,12,64,0.8421,8,0,0.0,0,38,30,0,0,0,
rs:529900DXTOU2U9IZDY54.IND,529900DXTOU2U9IZDY54,IND,2025-12-31,meine Volksbank Raiffeisenbank eG,Germany,Other highest EEA,stimmig,76,11,65,0.8553,8,0,0.0,0,38,30,0,0,0,
rs:529900E0WY09Z3H21393.IND,529900E0WY09Z3H21393,IND,2025-12-31,VR Bank Rhein-Neckar eG,Germany,Other highest EEA,stimmig,71,10,61,0.8592,7,0,0.0,0,34,30,0,0,0,
rs:529900EKPN8EYA3AX590.IND,529900EKPN8EYA3AX590,IND,2025-06-30,Texim Bank AD,Bulgaria,Other highest EEA,stimmig,55,1,54,0.9818,1,0,0.0,0,0,54,0,0,0,
rs:529900EKPN8EYA3AX590.IND,529900EKPN8EYA3AX590,IND,2025-12-31,Texim Bank AD,Bulgaria,Other highest EEA,stimmig,78,42,36,0.4615,9,0,0.0,0,39,30,0,0,0,
rs:529900EM0ZU25V87GD50.IND,529900EM0ZU25V87GD50,IND,2025-12-31,ALTE LEIPZIGER Bauspar AG,Germany,Other highest EEA,stimmig,71,9,62,0.8732,7,0,0.0,0,34,30,0,0,0,
rs:529900FEID5L4H2T2L70.IND,529900FEID5L4H2T2L70,IND,2025-06-30,Raiffeisen Landesbank Vorarlberg mit Revisionsverband eGen,Austria,Other highest EEA,stimmig,55,1,54,0.9818,1,0,0.0,0,0,54,0,0,0,
rs:529900FEID5L4H2T2L70.IND,529900FEID5L4H2T2L70,IND,2025-12-31,Raiffeisen Landesbank Vorarlberg mit Revisionsverband eGen,Austria,Other highest EEA,stimmig,79,53,26,0.3291,9,1,0.1111,1,40,30,0,0,18,66.02
rs:529900FU4WJ2XT7BVE31.IND,529900FU4WJ2XT7BVE31,IND,2025-06-30,LBS Landesbausparkasse Süd,Germany,Large highest EEA,stimmig,55,1,54,0.9818,11,10,0.9091,1,27,17,0,0,6,02.00|24.00|25.00|60.00|66.01|70.00|71.00|72.00|73.00|74.00
rs:529900FZWXWNKF3O8394.CON,529900FZWXWNKF3O8394,CON,2025-12-31,Sparekassen Thy,Denmark,Other highest EEA,stimmig,86,22,64,0.7442,11,1,0.0909,0,45,30,0,9,4,68.00
rs:529900GGYMNGRQTDOO93.CON,529900GGYMNGRQTDOO93,CON,2025-12-31,BNG Bank N.V.,Netherlands,Large highest EEA,stimmig,114,45,69,0.6053,44,5,0.1136,1,49,6,0,4,0,22.01|30.03|83.01|90.01|91.00
rs:529900GM944JT8YIRL63.IND,529900GM944JT8YIRL63,IND,2025-12-31,Münchener Hypothekenbank eG,Germany,Large highest EEA,stimmig,86,47,39,0.4535,38,2,0.0526,0,44,4,0,0,1,64.01|64.03
rs:529900HC4LDSGK0NCJ85.IND,529900HC4LDSGK0NCJ85,IND,2025-12-31,LBS Landesbausparkasse NordWest,Germany,Other highest EEA,stimmig,76,9,67,0.8816,8,0,0.0,0,38,30,0,0,0,
rs:529900HEKOENJHPNN480.CON,529900HEKOENJHPNN480,CON,2025-06-30,Kuntarahoitus Oyj,Finland,Large highest EEA,stimmig,94,42,52,0.5532,22,2,0.0909,0,38,34,0,5,0,43.00|90.01
rs:529900HEKOENJHPNN480.CON,529900HEKOENJHPNN480,CON,2025-12-31,Kuntarahoitus Oyj,Finland,Large highest EEA,stimmig,114,73,41,0.3596,44,4,0.0909,0,49,6,0,20,0,41.00|43.00|90.01|91.00
rs:529900HNOAA1KXQJUQ27.CON,529900HNOAA1KXQJUQ27,CON,2025-06-30,"DZ BANK AG Deutsche Zentral-Genossenschaftsbank, Frankfurt am Main",Germany,Large highest EEA,stimmig,94,52,42,0.4468,22,0,0.0,0,38,34,0,0,0,
rs:529900HNOAA1KXQJUQ27.CON,529900HNOAA1KXQJUQ27,CON,2025-09-30,"DZ BANK AG Deutsche Zentral-Genossenschaftsbank, Frankfurt am Main",Germany,Large highest EEA,stimmig,63,9,54,0.8571,3,0,0.0,0,6,46,0,0,0,
rs:529900HNOAA1KXQJUQ27.CON,529900HNOAA1KXQJUQ27,CON,2025-12-31,"DZ BANK AG Deutsche Zentral-Genossenschaftsbank, Frankfurt am Main",Germany,Large highest EEA,stimmig,114,90,24,0.2105,44,1,0.0227,0,49,6,0,0,1,82.00
rs:529900HNOAA1KXQJUQ27.CON,529900HNOAA1KXQJUQ27,CON,2026-03-31,"DZ BANK AG Deutsche Zentral-Genossenschaftsbank, Frankfurt am Main",Germany,Large highest EEA,stimmig,62,9,53,0.8548,3,0,0.0,0,6,45,0,0,0,
rs:529900I1UZV70CZRAU55.CON,529900I1UZV70CZRAU55,CON,2025-06-30,Raiffeisenbank Austria d.d.,Croatia,Large subsidiaries,stimmig,92,41,51,0.5543,9,0,0.0,0,47,36,0,0,0,
rs:529900I1UZV70CZRAU55.CON,529900I1UZV70CZRAU55,CON,2025-09-30,Raiffeisenbank Austria d.d.,Croatia,Large subsidiaries,stimmig,55,3,52,0.9455,3,0,0.0,0,7,45,0,0,0,
rs:529900I1UZV70CZRAU55.CON,529900I1UZV70CZRAU55,CON,2025-12-31,Raiffeisenbank Austria d.d.,Croatia,Large subsidiaries,stimmig,97,56,41,0.4227,23,0,0.0,0,47,27,0,0,0,
rs:529900IRBZTADXJB6757.CON,529900IRBZTADXJB6757,CON,2025-06-30,flatexDEGIRO AG,Germany,Other highest EEA,stimmig,55,1,54,0.9818,1,0,0.0,0,0,54,0,0,0,
rs:529900IRBZTADXJB6757.CON,529900IRBZTADXJB6757,CON,2025-12-31,flatexDEGIRO AG,Germany,Other highest EEA,stimmig,78,38,40,0.5128,9,0,0.0,0,39,30,0,0,0,
rs:529900J35NSHS856UA68.CON,529900J35NSHS856UA68,CON,2025-12-31,Sparekassen Kronjylland,Denmark,Other highest EEA,stimmig,84,23,61,0.7262,10,0,0.0,0,44,30,0,8,0,
rs:529900JCAE554QUYE140.IND,529900JCAE554QUYE140,IND,2025-12-31,Sparkasse Westmünsterland,Germany,Other highest EEA,stimmig,76,10,66,0.8684,8,0,0.0,0,38,30,0,0,0,
rs:529900JG015JC10LED24.CON,529900JG015JC10LED24,CON,2025-12-31,AS LHV Group,Estonia,Large highest EEA,stimmig,94,65,29,0.3085,40,0,0.0,0,48,6,0,19,0,
rs:529900JRKG8AEYL65326.IND,529900JRKG8AEYL65326,IND,2025-12-31,VR Bank Heilbronn Schwäbisch Hall eG,Germany,Other highest EEA,stimmig,76,11,65,0.8553,8,0,0.0,0,38,30,0,0,0,
rs:529900JZTYE3W7WQH904.CON,529900JZTYE3W7WQH904,CON,2025-06-30,HASPA Finanzholding,Germany,Large highest EEA,stimmig,86,34,52,0.6047,21,0,0.0,0,36,29,0,0,0,
rs:529900JZTYE3W7WQH904.CON,529900JZTYE3W7WQH904,CON,2025-09-30,HASPA Finanzholding,Germany,Large highest EEA,stimmig,55,4,51,0.9273,3,0,0.0,0,6,46,0,0,0,
rs:529900JZTYE3W7WQH904.CON,529900JZTYE3W7WQH904,CON,2025-12-31,HASPA Finanzholding,Germany,Large highest EEA,stimmig,91,51,40,0.4396,42,1,0.0238,0,45,4,0,0,12,83.01
rs:529900JZTYE3W7WQH904.CON,529900JZTYE3W7WQH904,CON,2026-03-31,HASPA Finanzholding,Germany,Large highest EEA,stimmig,54,4,50,0.9259,3,0,0.0,0,6,45,0,0,0,
rs:529900JZXXU699FCKK89.IND,529900JZXXU699FCKK89,IND,2025-06-30,Bausparkasse Schwäbisch Hall Aktiengesellschaft - Bausparkasse der Volksbanken und Raiffeisenbanken,Germany,Large subsidiaries,stimmig,79,27,52,0.6582,6,0,0.0,0,37,36,0,0,0,
rs:529900JZXXU699FCKK89.IND,529900JZXXU699FCKK89,IND,2025-09-30,Bausparkasse Schwäbisch Hall Aktiengesellschaft - Bausparkasse der Volksbanken und Raiffeisenbanken,Germany,Large subsidiaries,stimmig,55,5,50,0.9091,3,0,0.0,0,7,45,0,0,0,
rs:529900JZXXU699FCKK89.IND,529900JZXXU699FCKK89,IND,2025-12-31,Bausparkasse Schwäbisch Hall Aktiengesellschaft - Bausparkasse der Volksbanken und Raiffeisenbanken,Germany,Large subsidiaries,stimmig,84,33,51,0.6071,21,0,0.0,0,43,20,0,1,0,
rs:529900JZXXU699FCKK89.IND,529900JZXXU699FCKK89,IND,2026-03-31,Bausparkasse Schwäbisch Hall Aktiengesellschaft - Bausparkasse der Volksbanken und Raiffeisenbanken,Germany,Large subsidiaries,stimmig,54,5,49,0.9074,3,0,0.0,0,7,44,0,0,0,
rs:529900K16YGKC8BES892.IND,529900K16YGKC8BES892,IND,2025-06-30,Deutsche Kreditbank Aktiengesellschaft,Germany,Large subsidiaries,stimmig,71,21,50,0.7042,6,2,0.3333,0,34,31,0,1,1,83.01|84.01
rs:529900K16YGKC8BES892.IND,529900K16YGKC8BES892,IND,2025-09-30,Deutsche Kreditbank Aktiengesellschaft,Germany,Large subsidiaries,stimmig,55,4,51,0.9273,3,0,0.0,0,7,45,0,0,0,
rs:529900K16YGKC8BES892.IND,529900K16YGKC8BES892,IND,2025-12-31,Deutsche Kreditbank Aktiengesellschaft,Germany,Large subsidiaries,stimmig,76,26,50,0.6579,21,2,0.0952,0,37,18,0,0,1,83.01|84.01
rs:529900K16YGKC8BES892.IND,529900K16YGKC8BES892,IND,2026-03-31,Deutsche Kreditbank Aktiengesellschaft,Germany,Large subsidiaries,stimmig,54,4,50,0.9259,3,0,0.0,0,7,44,0,0,0,
rs:529900KRVTRP5RWP9K95.CON,529900KRVTRP5RWP9K95,CON,2025-12-31,Santander Consumer Holding GmbH,Germany,Large subsidiaries,stimmig,84,35,49,0.5833,21,2,0.0952,1,43,20,0,1,0,66.02|83.01
rs:529900L89TGSPV9OU151.CON,529900L89TGSPV9OU151,CON,2025-12-31,Porsche Bank Aktiengesellschaft,Austria,Other highest EEA,stimmig,71,8,63,0.8873,7,0,0.0,0,34,30,0,0,0,
rs:529900LIZVBUANJ20E31.IND,529900LIZVBUANJ20E31,IND,2025-12-31,BBBank eG,Germany,Other highest EEA,stimmig,76,13,63,0.8289,8,0,0.0,0,38,30,0,0,0,
rs:529900LKIMB57HKF3545.CON,529900LKIMB57HKF3545,CON,2025-12-31,Bank of China (Europe) S.A,Luxembourg,Other highest EEA,stimmig,78,37,41,0.5256,9,1,0.1111,1,39,30,0,0,18,66.02
rs:529900LU7D396TOO3B50.CON,529900LU7D396TOO3B50,CON,2025-06-30,Raiffeisenverband Salzburg eGen,Austria,Other highest EEA,stimmig,8,1,7,0.875,0,0,,0,0,0,0,0,0,
rs:529900LU7D396TOO3B50.CON,529900LU7D396TOO3B50,CON,2025-12-31,Raiffeisenverband Salzburg eGen,Austria,Other highest EEA,stimmig,84,22,62,0.7381,10,0,0.0,0,44,30,0,0,0,
rs:529900MQJIQGD8N3YV53.CON,529900MQJIQGD8N3YV53,CON,2025-12-31,Hannoversche Volksbank eG,Germany,Other highest EEA,stimmig,71,9,62,0.8732,7,0,0.0,0,34,30,0,0,0,
rs:529900NJYUGRO908KV84.CON,529900NJYUGRO908KV84,CON,2025-12-31,ALLIANZ BULGARIA HOLDING,Bulgaria,Other highest EEA,stimmig,76,15,61,0.8026,8,0,0.0,0,38,30,0,2,0,
rs:529900NNQW9IAE32GQ07.CON,529900NNQW9IAE32GQ07,CON,2025-12-31,GRAWE-Vermögensverwaltung,Austria,Other highest EEA,stimmig,96,17,79,0.8229,10,1,0.1,0,41,30,0,0,4,68.00
rs:529900ODI3047E2LIV03.CON,529900ODI3047E2LIV03,CON,2025-06-30,Nordea Bank Abp,Finland,Large highest EEA,widersprüchlich,94,47,47,0.5,22,4,0.1818,0,38,34,6,0,1,41.00|42.00|43.00|45.00
rs:529900ODI3047E2LIV03.CON,529900ODI3047E2LIV03,CON,2025-09-30,Nordea Bank Abp,Finland,Large highest EEA,stimmig,55,9,46,0.8364,3,0,0.0,0,6,46,0,0,0,
rs:529900ODI3047E2LIV03.CON,529900ODI3047E2LIV03,CON,2025-12-31,Nordea Bank Abp,Finland,Large highest EEA,widersprüchlich,94,66,28,0.2979,40,4,0.1,0,48,6,6,0,1,41.00|42.00|43.00|45.00
rs:529900ODI3047E2LIV03.CON,529900ODI3047E2LIV03,CON,2026-03-31,Nordea Bank Abp,Finland,Large highest EEA,stimmig,54,10,44,0.8148,3,0,0.0,0,6,45,0,0,0,
rs:529900OE1FOAM50XLP72.CON,529900OE1FOAM50XLP72,CON,2025-06-30,Liechtensteinische Landesbank AG,Liechtenstein,Large highest EEA,stimmig,63,4,59,0.9365,12,9,0.75,1,29,22,0,0,1,02.00|24.00|25.00|66.01|70.00|71.00|72.00|73.00|74.00
rs:529900OKPZTTS50FXP26.IND,529900OKPZTTS50FXP26,IND,2025-12-31,Advanzia Bank S.A.,Luxembourg,Other highest EEA,stimmig,78,18,60,0.7692,9,0,0.0,0,39,30,0,1,0,
rs:529900OLW8QPFMTBDC23.IND,529900OLW8QPFMTBDC23,IND,2025-12-31,Neue Bank AG,Liechtenstein,Other highest EEA,stimmig,71,8,63,0.8873,7,0,0.0,0,34,30,0,0,0,
rs:529900P8BY9HZTZ82T70.IND,529900P8BY9HZTZ82T70,IND,2025-12-31,Volksbank Kraichgau eG,Germany,Other highest EEA,stimmig,76,12,64,0.8421,8,0,0.0,0,38,30,0,0,0,
rs:529900PR2ELW8QI1B775.IND,529900PR2ELW8QI1B775,IND,2025-12-31,DLR Kredit A/S,Denmark,Large highest EEA,stimmig,36,21,15,0.4167,19,3,0.1579,1,14,3,0,0,0,20.02|30.03|43.00
rs:529900PUK9IU39VCWK54.IND,529900PUK9IU39VCWK54,IND,2025-12-31,Volksbank in Ostwestfalen eG,Germany,Other highest EEA,stimmig,76,11,65,0.8553,8,0,0.0,0,38,30,0,0,0,
rs:529900Q2C3I7VCILLG45.CON,529900Q2C3I7VCILLG45,CON,2025-12-31,FIMBank plc,Malta,Other highest EEA,stimmig,78,42,36,0.4615,9,0,0.0,0,39,30,0,0,0,
rs:529900QYEJ2GYSWK1F08.CON,529900QYEJ2GYSWK1F08,CON,2025-06-30,RLB-Stmk Verbund eGen,Austria,Other highest EEA,stimmig,55,1,54,0.9818,1,0,0.0,0,0,54,0,0,0,
rs:529900QYEJ2GYSWK1F08.CON,529900QYEJ2GYSWK1F08,CON,2025-12-31,RLB-Stmk Verbund eGen,Austria,Other highest EEA,stimmig,86,48,38,0.4419,11,1,0.0909,1,45,30,0,0,18,66.02
rs:529900RCLERIIXF4QM23.IND,529900RCLERIIXF4QM23,IND,2025-12-31,bank99 AG,Austria,Other highest EEA,stimmig,96,16,80,0.8333,10,1,0.1,0,41,30,0,0,4,68.00
rs:529900RPGHC6DQEQL615.IND,529900RPGHC6DQEQL615,IND,2025-12-31,International Asset Bank AD,Bulgaria,Other highest EEA,stimmig,78,47,31,0.3974,9,0,0.0,0,39,30,0,5,0,
rs:529900RQOBT3ZJMDRK43.CON,529900RQOBT3ZJMDRK43,CON,2025-12-31,Bank Frick AG,Liechtenstein,Other highest EEA,stimmig,60,7,53,0.8833,5,1,0.2,1,29,26,0,0,18,66.02
rs:529900RWC8ZYB066JF16.CON,529900RWC8ZYB066JF16,CON,2025-06-30,Bank of Valletta Plc,Malta,Large highest EEA,stimmig,94,40,54,0.5745,22,0,0.0,0,38,34,0,0,0,
rs:529900RWC8ZYB066JF16.CON,529900RWC8ZYB066JF16,CON,2025-09-30,Bank of Valletta Plc,Malta,Large highest EEA,stimmig,55,4,51,0.9273,3,0,0.0,0,6,46,0,0,0,
rs:529900RWC8ZYB066JF16.CON,529900RWC8ZYB066JF16,CON,2025-12-31,Bank of Valletta Plc,Malta,Large highest EEA,stimmig,94,56,38,0.4043,40,1,0.025,0,48,6,0,0,0,20.02
rs:529900S1KHKOEQL5CK20.IND,529900S1KHKOEQL5CK20,IND,2025-12-31,Wüstenrot Bausparkasse Aktiengesellschaft,Germany,Large highest EEA,stimmig,91,50,41,0.4505,42,2,0.0476,1,45,4,0,0,1,10.00|30.02
rs:529900SEFOTJH1MLGZ92.IND,529900SEFOTJH1MLGZ92,IND,2025-12-31,Lægernes Bank A/S,Denmark,Other highest EEA,stimmig,86,18,68,0.7907,11,3,0.2727,1,45,30,0,0,0,66.02|80.00|82.00
rs:529900SS7ZWCX82U3W60.IND,529900SS7ZWCX82U3W60,IND,2025-12-31,DEUTSCHE BANK S.P.A.,Italy,Large subsidiaries,stimmig,76,28,48,0.6316,21,1,0.0476,1,37,18,0,1,18,66.02
rs:529900SSGT49ZZSWYE62.CON,529900SSGT49ZZSWYE62,CON,2025-12-31,Volkswagen Financial Services AG,Germany,Large highest EEA,stimmig,86,49,37,0.4302,38,3,0.0789,0,44,4,0,0,1,20.01|20.02|20.03
rs:529900SSGT49ZZSWYE62.CON,529900SSGT49ZZSWYE62,CON,2026-03-31,Volkswagen Financial Services AG,Germany,Large highest EEA,stimmig,54,4,50,0.9259,3,0,0.0,0,6,45,0,0,0,
rs:529900SXEWPJ1MRRX537.CON,529900SXEWPJ1MRRX537,CON,2025-12-31,Raiffeisen-Holding Niederösterreich-Wien registrierte Genossenschaft mit beschränkter Haftung,Austria,Large highest EEA,stimmig,91,42,49,0.5385,42,5,0.119,1,45,4,0,0,0,19.02|22.01|30.02|83.01|84.01
rs:529900T32UL0CP1FZA06.CON,529900T32UL0CP1FZA06,CON,2025-12-31,ALLIANZ BANK FINANCIAL ADVISORS S.P.A.,Italy,Other highest EEA,stimmig,76,76,0,0.0,8,0,0.0,0,38,30,0,66,0,
rs:529900T7MYZUMMW4O176.CON,529900T7MYZUMMW4O176,CON,2025-12-31,Berliner Volksbank eG,Germany,Other highest EEA,stimmig,71,10,61,0.8592,7,0,0.0,0,34,30,0,0,0,
rs:529900TDG1TFZM39SF37.CON,529900TDG1TFZM39SF37,CON,2025-12-31,Baader Beteiligungs GmbH,Germany,Other highest EEA,stimmig,55,12,43,0.7818,4,1,0.25,1,25,26,0,0,18,66.02
rs:529900U5XAEYOT68AC40.IND,529900U5XAEYOT68AC40,IND,2025-12-31,EFG Bank (Luxembourg) S.A.,Luxembourg,,stimmig,76,14,62,0.8158,0,0,,0,0,0,0,2,0,
rs:529900UHDH7QLRMEJQ86.CON,529900UHDH7QLRMEJQ86,CON,2025-12-31,Sigma Bank AG,Liechtenstein,Other highest EEA,stimmig,76,9,67,0.8816,8,0,0.0,0,38,30,0,0,0,
rs:529900UIRB65OY6U4B21.IND,529900UIRB65OY6U4B21,IND,2025-12-31,Lombard Bank Malta plc,Malta,Other highest EEA,stimmig,86,29,57,0.6628,11,2,0.1818,0,45,30,0,1,7,90.01|91.00
rs:529900UKZBMDBDZIXD62.CON,529900UKZBMDBDZIXD62,CON,2025-06-30,Addiko Bank AG,Austria,Other highest EEA,stimmig,55,1,54,0.9818,1,0,0.0,0,0,54,0,0,0,
rs:529900UKZBMDBDZIXD62.CON,529900UKZBMDBDZIXD62,CON,2025-12-31,Addiko Bank AG,Austria,Other highest EEA,stimmig,78,42,36,0.4615,9,0,0.0,0,39,30,0,0,0,
rs:529900V3O1M5IHMOSF46.CON,529900V3O1M5IHMOSF46,CON,2025-06-30,State Street Europe Holdings Germany S.a.r.l. & Co. KG,Germany,Large highest EEA,stimmig,55,2,53,0.9636,11,10,0.9091,1,27,17,0,0,6,02.00|24.00|25.00|60.00|66.01|70.00|71.00|72.00|73.00|74.00
rs:529900VS0F7BA91P4I60.IND,529900VS0F7BA91P4I60,IND,2025-12-31,Alpha Bank Cyprus Limited,Cyprus,Large subsidiaries,stimmig,26,14,12,0.4615,7,0,0.0,0,17,2,0,0,0,
rs:529900VVDOKMRRAHZ894.IND,529900VVDOKMRRAHZ894,IND,2025-12-31,Bank GPB International S.A.,Luxembourg,Other highest EEA,stimmig,78,34,44,0.5641,9,1,0.1111,1,39,30,0,1,18,66.02
rs:529900W3MOO00A18X956.CON,529900W3MOO00A18X956,CON,2025-06-30,OTP-csoport,Hungary,Large highest EEA,stimmig,79,15,64,0.8101,17,8,0.4706,0,32,30,0,0,0,21.01|21.02|22.01|24.00|25.00|80.00|84.01|90.01
rs:529900W3MOO00A18X956.CON,529900W3MOO00A18X956,CON,2025-09-30,OTP-csoport,Hungary,Large highest EEA,stimmig,55,3,52,0.9455,3,0,0.0,0,6,46,0,0,0,
rs:529900W3MOO00A18X956.CON,529900W3MOO00A18X956,CON,2025-12-31,OTP-csoport,Hungary,Large highest EEA,stimmig,99,55,44,0.4444,44,0,0.0,0,49,6,0,0,0,
rs:529900W3MOO00A18X956.CON,529900W3MOO00A18X956,CON,2026-03-31,OTP-csoport,Hungary,Large highest EEA,stimmig,54,45,9,0.1667,3,0,0.0,0,6,45,0,0,0,
rs:529900WF3IXMJXSVJ831.IND,529900WF3IXMJXSVJ831,IND,2025-12-31,Vereinigte Volksbanken eG,Germany,Other highest EEA,stimmig,55,6,49,0.8909,4,0,0.0,0,25,26,0,0,0,
rs:529900XB6RQ3XCELQO62.IND,529900XB6RQ3XCELQO62,IND,2025-12-31,BENDURA BANK AG,Liechtenstein,Other highest EEA,stimmig,71,8,63,0.8873,7,0,0.0,0,34,30,0,0,0,
rs:529900XDLJV1P7HBAH18.IND,529900XDLJV1P7HBAH18,IND,2025-12-31,Sparkasse Holstein,Germany,Other highest EEA,stimmig,76,10,66,0.8684,8,0,0.0,0,38,30,0,0,0,
rs:529900XSTAE561178282.CON,529900XSTAE561178282,CON,2025-06-30,Raiffeisenbankengruppe OÖ Verbund eGen,Austria,Large highest EEA,stimmig,94,38,56,0.5957,22,0,0.0,0,38,34,0,0,0,
rs:529900XSTAE561178282.CON,529900XSTAE561178282,CON,2025-09-30,Raiffeisenbankengruppe OÖ Verbund eGen,Austria,Large highest EEA,stimmig,55,4,51,0.9273,3,0,0.0,0,6,46,0,0,0,
rs:529900XSTAE561178282.CON,529900XSTAE561178282,CON,2025-12-31,Raiffeisenbankengruppe OÖ Verbund eGen,Austria,Large highest EEA,stimmig,99,56,43,0.4343,44,2,0.0455,0,49,6,0,0,0,05.00|23.00
rs:529900XSTAE561178282.CON,529900XSTAE561178282,CON,2026-03-31,Raiffeisenbankengruppe OÖ Verbund eGen,Austria,Large highest EEA,stimmig,54,4,50,0.9259,3,0,0.0,0,6,45,0,0,0,
rs:529900ZMDTSQYEYCKL45.IND,529900ZMDTSQYEYCKL45,IND,2025-12-31,VR TeilhaberBank Metropolregion Nürnberg eG,Germany,Other highest EEA,stimmig,76,10,66,0.8684,8,0,0.0,0,38,30,0,0,0,
rs:529900ZVK4VTIS0TOT43.IND,529900ZVK4VTIS0TOT43,IND,2025-12-31,DenizBank AG,Austria,Other highest EEA,stimmig,84,15,69,0.8214,10,0,0.0,0,44,30,0,0,0,
rs:5493000LKS7B3UTF7H35.CON,5493000LKS7B3UTF7H35,CON,2025-06-30,Bank Polska Kasa Opieki S.A.,Poland,Large highest EEA,stimmig,94,51,43,0.4574,22,0,0.0,0,38,34,0,4,0,
rs:5493000LKS7B3UTF7H35.CON,5493000LKS7B3UTF7H35,CON,2025-09-30,Bank Polska Kasa Opieki S.A.,Poland,Large highest EEA,stimmig,55,3,52,0.9455,3,0,0.0,0,6,46,0,0,0,
rs:5493000LKS7B3UTF7H35.CON,5493000LKS7B3UTF7H35,CON,2025-12-31,Bank Polska Kasa Opieki S.A.,Poland,Large highest EEA,stimmig,99,62,37,0.3737,44,0,0.0,0,49,6,0,4,0,
rs:5493000LKS7B3UTF7H35.CON,5493000LKS7B3UTF7H35,CON,2026-03-31,Bank Polska Kasa Opieki S.A.,Poland,Large highest EEA,stimmig,54,3,51,0.9444,3,0,0.0,0,6,45,0,0,0,
rs:5493000LM0MZ4JPMGM90.CON,5493000LM0MZ4JPMGM90,CON,2025-06-30,"Santander Consumer Finance, S.A.",Spain,Large subsidiaries,stimmig,8,1,7,0.875,0,0,,0,3,5,0,0,0,
rs:5493000LM0MZ4JPMGM90.CON,5493000LM0MZ4JPMGM90,CON,2025-12-31,"Santander Consumer Finance, S.A.",Spain,Large subsidiaries,stimmig,84,34,50,0.5952,21,0,0.0,0,43,20,0,0,0,
rs:5493000UPYR7EEHN2R94.CON,5493000UPYR7EEHN2R94,CON,2025-12-31,"Gorenjska banka d.d., Kranj",Slovenia,Large subsidiaries,stimmig,76,23,53,0.6974,21,0,0.0,0,37,18,0,9,0,
rs:5493000YPN33HF74SN02.IND,5493000YPN33HF74SN02,IND,2025-10-31,Bank of Montreal Europe plc,Ireland,Other highest EEA,stimmig,59,17,42,0.7119,0,0,,0,0,0,0,3,0,
rs:5493001BABFV7P27OW30.CON,5493001BABFV7P27OW30,CON,2025-09-30,"Nova Ljubljanska Banka d.d., Ljubljana",Slovenia,Large highest EEA,stimmig,55,3,52,0.9455,3,0,0.0,0,6,46,0,0,0,
rs:5493001BABFV7P27OW30.CON,5493001BABFV7P27OW30,CON,2026-03-31,"Nova Ljubljanska Banka d.d., Ljubljana",Slovenia,Large highest EEA,stimmig,54,3,51,0.9444,3,0,0.0,0,6,45,0,0,0,
rs:5493001U1K6M7JOL5W45.CON,5493001U1K6M7JOL5W45,CON,2025-12-31,Raiffeisen Bank csoport,Hungary,Large subsidiaries,stimmig,86,54,32,0.3721,22,0,0.0,0,44,20,0,4,0,
rs:5493002DPKDEC2JN1Y86.CON,5493002DPKDEC2JN1Y86,CON,2025-12-31,Sparekassen Sjælland-Fyn A/S,Denmark,Other highest EEA,stimmig,99,52,47,0.4747,11,1,0.0909,0,45,30,0,0,14,80.00
rs:5493002K643MZPQEK497.IND,5493002K643MZPQEK497,IND,2025-12-31,Banco Bradesco Europa S.A.,Luxembourg,Other highest EEA,stimmig,60,9,51,0.85,5,0,0.0,0,29,26,0,2,0,
rs:5493003BDYD5VPGUQS04.CON,5493003BDYD5VPGUQS04,CON,2025-12-31,UniCredit Bank S.A.,Romania,Large subsidiaries,stimmig,114,43,71,0.6228,24,3,0.125,1,48,27,0,0,0,23.00|66.02|82.00
rs:5493003RJ3TPV33W0108.IND,5493003RJ3TPV33W0108,IND,2025-12-31,Union Bancaire Privée (Europe) S.A.,Luxembourg,Other highest EEA,stimmig,29,14,15,0.5172,6,0,0.0,0,19,4,0,9,0,
rs:5493004D82XDFVPWQJ91.IND,5493004D82XDFVPWQJ91,IND,2025-06-30,Ikano Bank AB (publ),Sweden,Other highest EEA,stimmig,55,1,54,0.9818,1,0,0.0,0,0,54,0,0,0,
rs:5493004D82XDFVPWQJ91.IND,5493004D82XDFVPWQJ91,IND,2025-12-31,Ikano Bank AB (publ),Sweden,Other highest EEA,stimmig,76,9,67,0.8816,8,0,0.0,0,38,30,0,0,0,
rs:5493004WUGGU2BQI7F14.CON,5493004WUGGU2BQI7F14,CON,2025-12-31,Landshypotek AB - gruppen,Sweden,Other highest EEA,stimmig,86,51,35,0.407,11,0,0.0,0,45,30,0,3,0,
rs:54930056FHWP7GIWYY08.CON,54930056FHWP7GIWYY08,CON,2025-09-30,Morgan Stanley Europe SE,Germany,Large highest EEA,stimmig,8,2,6,0.75,0,0,,0,0,0,0,0,0,
rs:54930056IRBXK0Q1FP96.CON,54930056IRBXK0Q1FP96,CON,2025-06-30,"Abanca Corporacion Bancaria, S.A.",Spain,Large highest EEA,stimmig,92,36,56,0.6087,21,1,0.0476,0,37,34,0,1,4,21.02
rs:54930056IRBXK0Q1FP96.CON,54930056IRBXK0Q1FP96,CON,2025-09-30,"Abanca Corporacion Bancaria, S.A.",Spain,Large highest EEA,stimmig,55,3,52,0.9455,3,0,0.0,0,6,46,0,0,0,
rs:54930060Q00W1SRIUI57.IND,54930060Q00W1SRIUI57,IND,2025-12-31,vdk bank,Belgium,Other highest EEA,stimmig,81,34,47,0.5802,10,3,0.3,1,41,30,0,0,0,66.02|90.01|91.00
rs:5493006QMFDDMYWIAM13.CON,5493006QMFDDMYWIAM13,CON,2025-06-30,"Banco Santander, S.A.",Spain,Large highest EEA,stimmig,94,51,43,0.4574,22,1,0.0455,0,38,34,0,0,2,71.00
rs:5493006QMFDDMYWIAM13.CON,5493006QMFDDMYWIAM13,CON,2025-09-30,"Banco Santander, S.A.",Spain,Large highest EEA,stimmig,63,8,55,0.873,3,0,0.0,0,6,46,0,0,0,
rs:5493006QMFDDMYWIAM13.CON,5493006QMFDDMYWIAM13,CON,2025-12-31,"Banco Santander, S.A.",Spain,Large highest EEA,stimmig,99,72,27,0.2727,44,0,0.0,0,49,6,0,0,0,
rs:5493006QMFDDMYWIAM13.CON,5493006QMFDDMYWIAM13,CON,2026-03-31,"Banco Santander, S.A.",Spain,Large highest EEA,stimmig,62,8,54,0.871,3,0,0.0,0,6,45,0,0,0,
rs:5493006Z4NTMNDDBGL49.IND,5493006Z4NTMNDDBGL49,IND,2025-09-30,ECCM Bank plc,Malta,Other highest EEA,stimmig,78,22,56,0.7179,0,0,,0,0,0,0,0,0,
rs:5493007BWYDPQZLZ0Y27.CON,5493007BWYDPQZLZ0Y27,CON,2025-06-30,HYPO NOE Landesbank für Niederösterreich und Wien AG,Austria,Other highest EEA,stimmig,63,4,59,0.9365,1,0,0.0,0,0,54,0,2,0,
rs:5493007BWYDPQZLZ0Y27.CON,5493007BWYDPQZLZ0Y27,CON,2025-12-31,HYPO NOE Landesbank für Niederösterreich und Wien AG,Austria,Other highest EEA,stimmig,86,45,41,0.4767,11,1,0.0909,0,45,30,0,3,2,91.00
rs:5493007QRSX9DS2CM858.IND,5493007QRSX9DS2CM858,IND,2025-12-31,China Construction Bank (Europe) S.A.,Luxembourg,Other highest EEA,stimmig,71,10,61,0.8592,7,0,0.0,0,34,30,0,0,0,
rs:5493007S4JE930SIUE86.CON,5493007S4JE930SIUE86,CON,2025-06-30,ING Holding Deutschland GmbH,Germany,Large subsidiaries,stimmig,79,32,47,0.5949,6,0,0.0,0,37,36,0,0,0,
rs:5493007S4JE930SIUE86.CON,5493007S4JE930SIUE86,CON,2025-09-30,ING Holding Deutschland GmbH,Germany,Large subsidiaries,stimmig,55,7,48,0.8727,3,0,0.0,0,7,45,0,0,0,
rs:5493007S4JE930SIUE86.CON,5493007S4JE930SIUE86,CON,2025-12-31,ING Holding Deutschland GmbH,Germany,Large subsidiaries,stimmig,84,34,50,0.5952,21,0,0.0,0,43,20,0,0,0,
rs:5493007SJLLCTM6J6M37.CON,5493007SJLLCTM6J6M37,CON,2026-03-31,"Unicaja Banco, S.A.",Spain,Large highest EEA,stimmig,62,7,55,0.8871,3,0,0.0,0,6,45,0,0,0,
rs:5493007SWCCN9S3J2748.CON,5493007SWCCN9S3J2748,CON,2025-12-31,Bigbank AS,Estonia,Large highest EEA,stimmig,91,39,52,0.5714,42,9,0.2143,2,45,4,0,0,0,02.00|03.00|05.00|08.00|20.02|20.03|30.02|30.03|43.00
rs:5493008QOCP58OLEN998.CON,5493008QOCP58OLEN998,CON,2025-06-30,Investeringsmaatschappij Argenta - Société d'investissements Argenta - Investierungsgesellschaft Arg,Belgium,Large highest EEA,stimmig,94,43,51,0.5426,22,1,0.0455,0,38,34,0,1,7,22.01
rs:5493008QOCP58OLEN998.CON,5493008QOCP58OLEN998,CON,2025-09-30,Investeringsmaatschappij Argenta - Société d'investissements Argenta - Investierungsgesellschaft Arg,Belgium,Large highest EEA,stimmig,55,7,48,0.8727,3,0,0.0,0,6,46,0,0,0,
rs:5493008QRHH0XCLJ4238.CON,5493008QRHH0XCLJ4238,CON,2025-06-30,BRD-Groupe Société Générale SA,Romania,Large subsidiaries,stimmig,79,23,56,0.7089,6,0,0.0,0,37,36,0,0,0,
rs:5493008QRHH0XCLJ4238.CON,5493008QRHH0XCLJ4238,CON,2025-09-30,BRD-Groupe Société Générale SA,Romania,Large subsidiaries,stimmig,55,5,50,0.9091,3,1,0.3333,0,7,45,0,0,11,61.00
rs:5493008QRHH0XCLJ4238.CON,5493008QRHH0XCLJ4238,CON,2025-12-31,BRD-Groupe Société Générale SA,Romania,Large subsidiaries,stimmig,84,27,57,0.6786,21,0,0.0,0,43,20,0,0,0,
rs:5493009EIBTCB1X12G89.CON,5493009EIBTCB1X12G89,CON,2025-06-30,LGT Group Foundation,Liechtenstein,Large highest EEA,stimmig,63,3,60,0.9524,12,9,0.75,1,29,22,0,0,1,02.00|24.00|25.00|66.01|70.00|71.00|72.00|73.00|74.00
rs:5493009EIBTCB1X12G89.CON,5493009EIBTCB1X12G89,CON,2025-12-31,LGT Group Foundation,Liechtenstein,Large highest EEA,stimmig,86,47,39,0.4535,40,0,0.0,0,43,3,0,0,0,
rs:5493009ML6YX83YHC820.CON,5493009ML6YX83YHC820,CON,2025-06-30,Argenta Bank- en Verzekeringsgroep NV,Belgium,Large subsidiaries,stimmig,94,43,51,0.5426,10,0,0.0,0,48,36,0,1,0,
rs:5493009ML6YX83YHC820.CON,5493009ML6YX83YHC820,CON,2025-09-30,Argenta Bank- en Verzekeringsgroep NV,Belgium,Large subsidiaries,stimmig,55,7,48,0.8727,3,0,0.0,0,7,45,0,0,0,
rs:5493009ML6YX83YHC820.CON,5493009ML6YX83YHC820,CON,2025-12-31,Argenta Bank- en Verzekeringsgroep NV,Belgium,Large subsidiaries,stimmig,99,62,37,0.3737,24,1,0.0417,1,48,27,0,0,0,30.03
rs:5493009ML6YX83YHC820.CON,5493009ML6YX83YHC820,CON,2026-03-31,Argenta Bank- en Verzekeringsgroep NV,Belgium,Large subsidiaries,stimmig,54,7,47,0.8704,3,0,0.0,0,7,44,0,0,0,
rs:5493009VJC01E4H6HH77.CON,5493009VJC01E4H6HH77,CON,2025-12-31,Avanza - Grupp,Sweden,Other highest EEA,stimmig,78,34,44,0.5641,9,1,0.1111,0,39,30,0,1,14,80.00
rs:5493009W2E2YDCXY6S81.CON,5493009W2E2YDCXY6S81,CON,2025-12-31,"NOVO BANCO, S.A.",Portugal,Large subsidiaries,stimmig,44,30,14,0.3182,12,0,0.0,0,23,9,0,1,0,
rs:549300A2F46GR0UOM390.CON,549300A2F46GR0UOM390,CON,2025-06-30,Erste&Steiermärkische Bank d.d.,Croatia,Large subsidiaries,stimmig,81,36,45,0.5556,7,0,0.0,0,38,36,0,0,0,
rs:549300A2F46GR0UOM390.CON,549300A2F46GR0UOM390,CON,2025-09-30,Erste&Steiermärkische Bank d.d.,Croatia,Large subsidiaries,stimmig,55,7,48,0.8727,3,0,0.0,0,7,45,0,0,0,
rs:549300A2F46GR0UOM390.CON,549300A2F46GR0UOM390,CON,2025-12-31,Erste&Steiermärkische Bank d.d.,Croatia,Large subsidiaries,stimmig,81,49,32,0.3951,19,0,0.0,0,42,20,0,0,0,
rs:549300BZZFFS0SOWR325.IND,549300BZZFFS0SOWR325,IND,2025-12-31,Ford Bank GmbH,Germany,Other highest EEA,stimmig,71,6,65,0.9155,7,1,0.1429,0,34,30,0,0,1,82.00
rs:549300C6TUMDXNOVXS82.CON,549300C6TUMDXNOVXS82,CON,2025-06-30,Länsförsäkringar Bank AB - gruppen,Sweden,Large highest EEA,stimmig,94,39,55,0.5851,22,0,0.0,0,38,34,0,0,0,
rs:549300C6TUMDXNOVXS82.CON,549300C6TUMDXNOVXS82,CON,2025-09-30,Länsförsäkringar Bank AB - gruppen,Sweden,Large highest EEA,stimmig,55,6,49,0.8909,3,0,0.0,0,6,46,0,0,0,
rs:549300C6TUMDXNOVXS82.CON,549300C6TUMDXNOVXS82,CON,2025-12-31,Länsförsäkringar Bank AB - gruppen,Sweden,Large highest EEA,stimmig,99,58,41,0.4141,44,2,0.0455,1,49,6,0,0,0,10.00|30.03
rs:549300C6TUMDXNOVXS82.CON,549300C6TUMDXNOVXS82,CON,2026-03-31,Länsförsäkringar Bank AB - gruppen,Sweden,Large highest EEA,stimmig,54,6,48,0.8889,3,0,0.0,0,6,45,0,0,0,
rs:549300CQ9NLEHMRCU505.IND,549300CQ9NLEHMRCU505,IND,2025-12-31,"Cecabank, S.A.",Spain,Other highest EEA,stimmig,84,19,65,0.7738,10,0,0.0,0,44,30,0,2,0,
rs:549300D7SF4JSQDV7040.IND,549300D7SF4JSQDV7040,IND,2025-12-31,Mirabaud & Cie (Europe) S.A.,Luxembourg,Other highest EEA,stimmig,16,2,14,0.875,3,1,0.3333,0,9,4,0,0,14,80.00
rs:549300DVPJYGNF2P7B03.CON,549300DVPJYGNF2P7B03,CON,2025-06-30,Steiermärkische Bank und Sparkassen Aktiengesellschaft,Austria,Large subsidiaries,stimmig,79,26,53,0.6709,6,0,0.0,0,37,36,0,0,0,
rs:549300DVPJYGNF2P7B03.CON,549300DVPJYGNF2P7B03,CON,2025-09-30,Steiermärkische Bank und Sparkassen Aktiengesellschaft,Austria,Large subsidiaries,stimmig,55,6,49,0.8909,3,0,0.0,0,7,45,0,0,0,
rs:549300DVPJYGNF2P7B03.CON,549300DVPJYGNF2P7B03,CON,2025-12-31,Steiermärkische Bank und Sparkassen Aktiengesellschaft,Austria,Large subsidiaries,stimmig,84,33,51,0.6071,21,0,0.0,0,43,20,0,0,0,
rs:549300DYPOFMXOR7XM56.CON,549300DYPOFMXOR7XM56,CON,2025-06-30,Crelan,Belgium,Large highest EEA,stimmig,94,40,54,0.5745,22,2,0.0909,0,38,34,0,0,0,22.01|43.00
rs:549300DYPOFMXOR7XM56.CON,549300DYPOFMXOR7XM56,CON,2025-12-31,Crelan,Belgium,Large highest EEA,stimmig,99,60,39,0.3939,44,2,0.0455,0,49,6,0,1,0,10.00|22.01
rs:549300EHNXQVOI120S55.CON,549300EHNXQVOI120S55,CON,2025-06-30,Coop Pank AS,Estonia,Large highest EEA,stimmig,86,28,58,0.6744,21,1,0.0476,0,36,29,0,0,7,22.01
rs:549300EHNXQVOI120S55.CON,549300EHNXQVOI120S55,CON,2025-09-30,Coop Pank AS,Estonia,Large highest EEA,stimmig,55,4,51,0.9273,3,0,0.0,0,6,46,0,0,0,
rs:549300EHNXQVOI120S55.CON,549300EHNXQVOI120S55,CON,2025-12-31,Coop Pank AS,Estonia,Large highest EEA,stimmig,86,37,49,0.5698,38,7,0.1842,0,44,4,0,0,0,05.00|08.00|10.00|22.01|64.01|64.03|83.01
rs:549300EHNXQVOI120S55.CON,549300EHNXQVOI120S55,CON,2026-03-31,Coop Pank AS,Estonia,Large highest EEA,stimmig,54,4,50,0.9259,3,0,0.0,0,6,45,0,0,0,
rs:549300F7FBD744MEP844.IND,549300F7FBD744MEP844,IND,2025-12-31,Banque Raiffeisen,Luxembourg,Other highest EEA,stimmig,71,9,62,0.8732,7,0,0.0,0,34,30,0,1,0,
rs:549300FH0WJAPEHTIQ77.IND,549300FH0WJAPEHTIQ77,IND,2025-06-30,BofA Securities Europe SA,France,Large highest EEA,stimmig,63,5,58,0.9206,12,11,0.9167,1,29,22,0,0,4,02.00|24.00|25.00|60.00|66.01|70.00|71.00|72.00|73.00|74.00|90.01
rs:549300FH0WJAPEHTIQ77.IND,549300FH0WJAPEHTIQ77,IND,2025-09-30,BofA Securities Europe SA,France,Large highest EEA,stimmig,8,1,7,0.875,0,0,,0,0,0,0,0,0,
rs:549300FH0WJAPEHTIQ77.IND,549300FH0WJAPEHTIQ77,IND,2025-12-31,BofA Securities Europe SA,France,Large highest EEA,stimmig,101,57,44,0.4356,40,3,0.075,0,43,3,0,0,0,22.01|80.00|90.01
rs:549300FRBP5L0O1HY885.IND,549300FRBP5L0O1HY885,IND,2025-12-31,Sparbanken Syd,Sweden,Other highest EEA,stimmig,76,11,65,0.8553,8,3,0.375,0,38,30,0,4,2,21.01|80.00|82.00
rs:549300G3C8M0WXQCWH61.CON,549300G3C8M0WXQCWH61,CON,2025-12-31,Caja Laboral Popular Coop. de Crédito,Spain,Other highest EEA,stimmig,84,15,69,0.8214,10,0,0.0,0,44,30,0,0,0,
rs:549300GKFG0RYRRQ1414.CON,549300GKFG0RYRRQ1414,CON,2025-06-30,DNB BANK ASA,Norway,Large highest EEA,stimmig,94,45,49,0.5213,22,2,0.0909,0,38,34,0,0,0,22.01|24.00
rs:549300GKFG0RYRRQ1414.CON,549300GKFG0RYRRQ1414,CON,2025-09-30,DNB BANK ASA,Norway,Large highest EEA,stimmig,63,8,55,0.873,3,0,0.0,0,6,46,0,0,0,
rs:549300GKFG0RYRRQ1414.CON,549300GKFG0RYRRQ1414,CON,2025-12-31,DNB BANK ASA,Norway,Large highest EEA,stimmig,99,62,37,0.3737,44,2,0.0455,0,49,6,0,0,1,19.02|22.01
rs:549300GKFG0RYRRQ1414.CON,549300GKFG0RYRRQ1414,CON,2026-03-31,DNB BANK ASA,Norway,Large highest EEA,stimmig,62,9,53,0.8548,3,0,0.0,0,6,45,0,0,0,
rs:549300HFEHJOXGE4ZE63.CON,549300HFEHJOXGE4ZE63,CON,2025-06-30,SFIL S.A.,France,Large highest EEA,stimmig,86,32,54,0.6279,21,2,0.0952,0,36,29,0,0,0,22.01|42.00
rs:549300HFEHJOXGE4ZE63.CON,549300HFEHJOXGE4ZE63,CON,2025-09-30,SFIL S.A.,France,Large highest EEA,stimmig,55,4,51,0.9273,3,0,0.0,0,6,46,0,0,0,
rs:549300HFEHJOXGE4ZE63.CON,549300HFEHJOXGE4ZE63,CON,2025-12-31,SFIL S.A.,France,Large highest EEA,stimmig,91,47,44,0.4835,42,3,0.0714,1,45,4,0,0,0,10.00|22.01|30.03
rs:549300HFEHJOXGE4ZE63.CON,549300HFEHJOXGE4ZE63,CON,2026-03-31,SFIL S.A.,France,Large highest EEA,stimmig,54,4,50,0.9259,3,0,0.0,0,6,45,0,0,0,
rs:549300HUKIA1IZQHFZ83.IND,549300HUKIA1IZQHFZ83,IND,2025-06-30,Erste Bank der oesterreichischen Sparkassen AG,Austria,Large subsidiaries,stimmig,63,2,61,0.9683,1,0,0.0,0,34,28,0,0,0,
rs:549300HUKIA1IZQHFZ83.IND,549300HUKIA1IZQHFZ83,IND,2025-12-31,Erste Bank der oesterreichischen Sparkassen AG,Austria,Large subsidiaries,stimmig,79,29,50,0.6329,18,0,0.0,0,41,20,0,0,0,
rs:549300IQZVZ949N37S44.CON,549300IQZVZ949N37S44,CON,2025-06-30,Euroclear Holding,Belgium,Large highest EEA,widersprüchlich,86,7,79,0.9186,21,17,0.8095,1,36,29,19,0,0,02.00|22.01|24.00|25.00|41.00|42.00|43.00|45.00|60.00|61.00|66.01|70.00|71.00|72.00|73.00|74.00|80.00
rs:549300IQZVZ949N37S44.CON,549300IQZVZ949N37S44,CON,2025-09-30,Euroclear Holding,Belgium,Large highest EEA,unbrauchbar,55,0,55,1.0,3,3,1.0,0,6,46,4,0,0,60.00|61.00|73.00
rs:549300IQZVZ949N37S44.CON,549300IQZVZ949N37S44,CON,2025-12-31,Euroclear Holding,Belgium,Large highest EEA,stimmig,99,49,50,0.5051,44,6,0.1364,0,49,6,0,0,0,41.00|42.00|43.00|45.00|90.01|91.00
rs:549300IRGNL8Q3O8Y413.IND,549300IRGNL8Q3O8Y413,IND,2025-12-31,Eurobank Bulgaria,Bulgaria,Large subsidiaries,stimmig,84,30,54,0.6429,21,0,0.0,0,43,20,0,1,0,
rs:549300J0GSZ83GTKBZ89.CON,549300J0GSZ83GTKBZ89,CON,2025-06-30,OTP banka d.d.,Slovenia,Large subsidiaries,unbrauchbar,8,0,8,1.0,0,0,,0,3,5,1,0,0,
rs:549300J0GSZ83GTKBZ89.CON,549300J0GSZ83GTKBZ89,CON,2025-12-31,OTP banka d.d.,Slovenia,Large subsidiaries,unbrauchbar,79,0,79,1.0,18,18,1.0,2,41,20,25,0,-1,21.01|21.02|23.00|24.00|60.00|66.01|66.02|67.01|67.02|70.00|71.00|72.00|73.00|74.00|80.00|82.00|83.01|84.01
rs:549300JB1P61FUTPEZ75.CON,549300JB1P61FUTPEZ75,CON,2025-06-30,"Všeobecná úverová banka, a.s.",Slovakia,Large subsidiaries,stimmig,94,48,46,0.4894,10,0,0.0,0,48,36,0,0,0,
rs:549300JB1P61FUTPEZ75.CON,549300JB1P61FUTPEZ75,CON,2025-09-30,"Všeobecná úverová banka, a.s.",Slovakia,Large subsidiaries,stimmig,55,7,48,0.8727,3,0,0.0,0,7,45,0,0,0,
rs:549300JB1P61FUTPEZ75.CON,549300JB1P61FUTPEZ75,CON,2025-12-31,"Všeobecná úverová banka, a.s.",Slovakia,Large subsidiaries,stimmig,99,68,31,0.3131,24,0,0.0,0,48,27,0,0,0,
rs:549300JB1P61FUTPEZ75.CON,549300JB1P61FUTPEZ75,CON,2026-03-31,"Všeobecná úverová banka, a.s.",Slovakia,Large subsidiaries,stimmig,54,7,47,0.8704,3,0,0.0,0,7,44,0,0,0,
rs:549300JECLPX13NZLU57.CON,549300JECLPX13NZLU57,CON,2025-12-31,Danske Andelskassers Bank A/S,Denmark,Other highest EEA,stimmig,86,28,58,0.6744,11,1,0.0909,1,45,30,0,0,18,66.02
rs:549300JSC82O1L4XV837.CON,549300JSC82O1L4XV837,CON,2025-12-31,Nordnet - Grupp,Sweden,Other highest EEA,stimmig,78,42,36,0.4615,9,0,0.0,0,39,30,0,1,0,
rs:549300KOORG6SN9LMO68.IND,549300KOORG6SN9LMO68,IND,2025-12-31,IIG Bank (Malta) Ltd,Malta,Other highest EEA,stimmig,76,8,68,0.8947,8,1,0.125,0,38,30,0,0,14,80.00
rs:549300L1IEXJYJ2NUV45.IND,549300L1IEXJYJ2NUV45,IND,2025-12-31,Sparekassen Danmark,Denmark,Other highest EEA,stimmig,84,22,62,0.7381,10,0,0.0,0,44,30,0,8,0,
rs:549300L7YCATGO57ZE10.CON,549300L7YCATGO57ZE10,CON,2025-06-30,FINECOBANK BANCA FINECO S.P.A. (IN BREVE FINECOBANK S.P.A. OVVERO BANCA FINECO S.P.A. OVVERO FINECO BANCA S.P.A.),Italy,Large highest EEA,stimmig,94,30,64,0.6809,22,1,0.0455,0,38,34,0,0,3,43.00
rs:549300L7YCATGO57ZE10.CON,549300L7YCATGO57ZE10,CON,2025-09-30,FINECOBANK BANCA FINECO S.P.A. (IN BREVE FINECOBANK S.P.A. OVVERO BANCA FINECO S.P.A. OVVERO FINECO BANCA S.P.A.),Italy,Large highest EEA,stimmig,55,3,52,0.9455,3,0,0.0,0,6,46,0,0,0,
rs:549300L7YCATGO57ZE10.CON,549300L7YCATGO57ZE10,CON,2025-12-31,FINECOBANK BANCA FINECO S.P.A. (IN BREVE FINECOBANK S.P.A. OVVERO BANCA FINECO S.P.A. OVVERO FINECO BANCA S.P.A.),Italy,Large highest EEA,stimmig,99,48,51,0.5152,44,2,0.0455,1,49,6,0,0,0,30.02|43.00
rs:549300L7YCATGO57ZE10.CON,549300L7YCATGO57ZE10,CON,2026-03-31,FINECOBANK BANCA FINECO S.P.A. (IN BREVE FINECOBANK S.P.A. OVVERO BANCA FINECO S.P.A. OVVERO FINECO BANCA S.P.A.),Italy,Large highest EEA,stimmig,54,3,51,0.9444,3,0,0.0,0,6,45,0,0,0,
rs:549300LYFYVPUCG6SY25.CON,549300LYFYVPUCG6SY25,CON,2025-12-31,"Banco Cooperativo Español, S.A.",Spain,Other highest EEA,stimmig,86,36,50,0.5814,11,1,0.0909,1,45,30,0,0,18,66.02
rs:549300M2IHOB9P5WE714.IND,549300M2IHOB9P5WE714,IND,2025-12-31,Swissquote Bank Europe S.A,Luxembourg,Other highest EEA,stimmig,78,24,54,0.6923,9,2,0.2222,1,39,30,0,0,0,30.01|80.00
rs:549300M6HRHPF3NQBP83.IND,549300M6HRHPF3NQBP83,IND,2025-12-31,SPAREBANK 1 BOLIGKREDITT AS,Norway,Other highest EEA,stimmig,73,38,35,0.4795,8,0,0.0,0,35,30,0,0,0,
rs:549300MM2G2LFEPR2M50.IND,549300MM2G2LFEPR2M50,IND,2025-12-31,Skandiabanken Aktiebolag (publ),Sweden,Other highest EEA,stimmig,99,43,56,0.5657,11,1,0.0909,0,45,30,0,1,11,61.00
rs:549300MSY5NIVC0BME80.CON,549300MSY5NIVC0BME80,CON,2025-06-30,CIB Bankcsoport,Hungary,Large subsidiaries,stimmig,63,3,60,0.9524,1,0,0.0,0,34,28,0,0,0,
rs:549300ND1MQ8SNNYMJ22.CON,549300ND1MQ8SNNYMJ22,CON,2025-06-30,AS SEB Pank,Estonia,Large subsidiaries,stimmig,55,1,54,0.9818,1,0,0.0,0,31,23,0,0,0,
rs:549300ND1MQ8SNNYMJ22.CON,549300ND1MQ8SNNYMJ22,CON,2025-12-31,AS SEB Pank,Estonia,Large subsidiaries,stimmig,76,31,45,0.5921,21,0,0.0,0,37,18,0,0,0,
rs:549300NYKK9MWM7GGW15.CON,549300NYKK9MWM7GGW15,CON,2025-06-30,ING Groep N.V.,Netherlands,Large highest EEA,widersprüchlich,94,41,53,0.5638,22,9,0.4091,0,38,34,14,0,0,21.01|21.02|22.01|41.00|42.00|43.00|45.00|80.00|84.01
rs:549300NYKK9MWM7GGW15.CON,549300NYKK9MWM7GGW15,CON,2025-09-30,ING Groep N.V.,Netherlands,Large highest EEA,widersprüchlich,63,1,62,0.9841,3,3,1.0,0,6,46,9,0,0,60.00|61.00|73.00
rs:549300NYKK9MWM7GGW15.CON,549300NYKK9MWM7GGW15,CON,2025-12-31,ING Groep N.V.,Netherlands,Large highest EEA,stimmig,114,88,26,0.2281,44,0,0.0,0,49,6,0,0,0,
rs:549300NYKK9MWM7GGW15.CON,549300NYKK9MWM7GGW15,CON,2026-03-31,ING Groep N.V.,Netherlands,Large highest EEA,stimmig,62,9,53,0.8548,3,0,0.0,0,6,45,0,0,0,
rs:549300O2UN9JLME31F08.IND,549300O2UN9JLME31F08,IND,2025-12-31,UniCredit Banka Slovenija d.d.,Slovenia,Large subsidiaries,stimmig,76,32,44,0.5789,21,0,0.0,0,37,18,0,2,0,
rs:549300O3HXYXXUHR0897.CON,549300O3HXYXXUHR0897,CON,2025-06-30,Klarna - Grupp,Sweden,Other highest EEA,stimmig,55,1,54,0.9818,1,0,0.0,0,0,54,0,0,0,
rs:549300O3HXYXXUHR0897.CON,549300O3HXYXXUHR0897,CON,2025-12-31,Klarna - Grupp,Sweden,Other highest EEA,stimmig,78,42,36,0.4615,9,0,0.0,0,39,30,0,0,0,
rs:549300OL514RA0SXJJ44.IND,549300OL514RA0SXJJ44,IND,2025-12-31,Clearstream Banking S.A.,Luxembourg,Large subsidiaries,stimmig,73,37,36,0.4932,19,2,0.1053,0,36,18,0,0,0,74.00|80.00
rs:549300OLBL49CW8CT155.CON,549300OLBL49CW8CT155,CON,2025-06-30,"Ibercaja Banco, S.A.",Spain,Large highest EEA,stimmig,94,35,59,0.6277,22,0,0.0,0,38,34,0,0,0,
rs:549300OLBL49CW8CT155.CON,549300OLBL49CW8CT155,CON,2025-09-30,"Ibercaja Banco, S.A.",Spain,Large highest EEA,stimmig,55,4,51,0.9273,3,0,0.0,0,6,46,0,0,0,
rs:549300OLBL49CW8CT155.CON,549300OLBL49CW8CT155,CON,2025-12-31,"Ibercaja Banco, S.A.",Spain,Large highest EEA,stimmig,99,55,44,0.4444,44,3,0.0682,1,49,6,0,1,0,10.00|30.02|83.01
rs:549300OLBL49CW8CT155.CON,549300OLBL49CW8CT155,CON,2026-03-31,"Ibercaja Banco, S.A.",Spain,Large highest EEA,stimmig,54,4,50,0.9259,3,0,0.0,0,6,45,0,0,0,
rs:549300OMTXWX1144LP69.IND,549300OMTXWX1144LP69,IND,2025-12-31,"Akciju sabiedrība ""Reģionālā investīciju banka""",Latvia,Other highest EEA,stimmig,76,16,60,0.7895,8,0,0.0,0,38,30,0,3,0,
rs:549300PZMFIQR79Q0T97.CON,549300PZMFIQR79Q0T97,CON,2025-12-31,Íslandsbanki hf.,Iceland,Large highest EEA,stimmig,99,52,47,0.4747,44,2,0.0455,2,49,6,0,1,1,30.02|30.03
rs:549300PZMFIQR79Q0T97.CON,549300PZMFIQR79Q0T97,CON,2026-03-31,Íslandsbanki hf.,Iceland,Large highest EEA,stimmig,62,4,58,0.9355,3,0,0.0,0,6,45,0,0,0,
rs:549300Q3OIWRHQUQM052.CON,549300Q3OIWRHQUQM052,CON,2025-12-31,SpareBank 1 Sør-Norge,Norway,Large highest EEA,stimmig,99,57,42,0.4242,44,4,0.0909,0,49,6,0,0,0,10.00|22.01|60.00|83.01
rs:549300Q3OIWRHQUQM052.CON,549300Q3OIWRHQUQM052,CON,2026-03-31,SpareBank 1 Sør-Norge,Norway,Large highest EEA,stimmig,62,8,54,0.871,3,0,0.0,0,6,45,0,0,0,
rs:549300RFKNCOX56F8591.CON,549300RFKNCOX56F8591,CON,2025-06-30,RAIFFEISEN BANK S.A.,Romania,Large subsidiaries,stimmig,94,40,54,0.5745,10,1,0.1,0,48,36,0,0,12,83.01
rs:549300RFKNCOX56F8591.CON,549300RFKNCOX56F8591,CON,2025-09-30,RAIFFEISEN BANK S.A.,Romania,Large subsidiaries,stimmig,55,6,49,0.8909,3,0,0.0,0,7,45,0,0,0,
rs:549300RFKNCOX56F8591.CON,549300RFKNCOX56F8591,CON,2025-12-31,RAIFFEISEN BANK S.A.,Romania,Large subsidiaries,stimmig,99,57,42,0.4242,24,1,0.0417,0,48,27,0,0,12,83.01
rs:549300RFKNCOX56F8591.CON,549300RFKNCOX56F8591,CON,2026-03-31,RAIFFEISEN BANK S.A.,Romania,Large subsidiaries,stimmig,38,4,34,0.8947,0,0,,0,0,0,0,0,0,
rs:549300RG3H390KEL8896.CON,549300RG3H390KEL8896,CON,2025-06-30,Banca Transilvania,Romania,Large highest EEA,stimmig,94,72,22,0.234,22,0,0.0,0,38,34,0,32,0,
rs:549300RG3H390KEL8896.CON,549300RG3H390KEL8896,CON,2025-09-30,Banca Transilvania,Romania,Large highest EEA,stimmig,55,4,51,0.9273,3,0,0.0,0,6,46,0,0,0,
rs:549300RG3H390KEL8896.CON,549300RG3H390KEL8896,CON,2025-12-31,Banca Transilvania,Romania,Large highest EEA,stimmig,99,54,45,0.4545,44,6,0.1364,0,49,6,0,0,0,08.00|10.00|22.01|23.00|45.00|82.00
rs:549300RMML7KXP6M1Y98.IND,549300RMML7KXP6M1Y98,IND,2025-12-31,BANCO BAI EUROPA S.A.,Portugal,Other highest EEA,stimmig,84,15,69,0.8214,10,1,0.1,0,44,30,0,4,2,91.00
rs:549300S2T3FWVVXWJI89.CON,549300S2T3FWVVXWJI89,CON,2025-06-30,"Slovenská sporiteľňa, a.s.",Slovakia,Large subsidiaries,stimmig,79,28,51,0.6456,6,0,0.0,0,37,36,0,0,0,
rs:549300S2T3FWVVXWJI89.CON,549300S2T3FWVVXWJI89,CON,2025-09-30,"Slovenská sporiteľňa, a.s.",Slovakia,Large subsidiaries,stimmig,55,7,48,0.8727,3,0,0.0,0,7,45,0,0,0,
rs:549300S2T3FWVVXWJI89.CON,549300S2T3FWVVXWJI89,CON,2025-12-31,"Slovenská sporiteľňa, a.s.",Slovakia,Large subsidiaries,stimmig,79,30,49,0.6203,18,0,0.0,0,41,20,0,0,0,
rs:549300S2T3FWVVXWJI89.CON,549300S2T3FWVVXWJI89,CON,2026-03-31,"Slovenská sporiteľňa, a.s.",Slovakia,Large subsidiaries,stimmig,54,7,47,0.8704,3,0,0.0,0,7,44,0,0,0,
rs:549300SBPFE9JX7N8J82.IND,549300SBPFE9JX7N8J82,IND,2025-06-30,AB SEB bankas,Lithuania,Large subsidiaries,stimmig,55,2,53,0.9636,1,0,0.0,0,31,23,0,0,0,
rs:549300SBPFE9JX7N8J82.IND,549300SBPFE9JX7N8J82,IND,2025-12-31,AB SEB bankas,Lithuania,Large subsidiaries,stimmig,76,31,45,0.5921,21,0,0.0,0,37,18,0,0,0,
rs:549300SGF4BS54YG8M65.CON,549300SGF4BS54YG8M65,CON,2025-12-31,Citco Bank Nederland N.V.,Netherlands,Other highest EEA,stimmig,114,19,95,0.8333,11,4,0.3636,0,45,30,0,3,0,68.00|80.00|90.01|91.00
rs:549300SXM92LQ05OJQ76.CON,549300SXM92LQ05OJQ76,CON,2025-06-30,Sparebank 1 Nord-Norge SPA,Norway,Other highest EEA,stimmig,55,17,38,0.6909,1,0,0.0,0,0,54,0,0,0,
rs:549300SXM92LQ05OJQ76.CON,549300SXM92LQ05OJQ76,CON,2025-12-31,Sparebank 1 Nord-Norge SPA,Norway,Other highest EEA,stimmig,73,73,0,0.0,8,0,0.0,0,35,30,0,29,0,
rs:549300TDPXT0OW2AY198.CON,549300TDPXT0OW2AY198,CON,2025-12-31,FinAx,Belgium,Other highest EEA,stimmig,71,7,64,0.9014,7,0,0.0,0,34,30,0,0,0,
rs:549300TEJKOLFN65KR76.IND,549300TEJKOLFN65KR76,IND,2025-12-31,BNF Bank plc,Malta,Other highest EEA,stimmig,78,34,44,0.5641,9,0,0.0,0,39,30,0,0,0,
rs:549300TJREQ7GHIXWR36.IND,549300TJREQ7GHIXWR36,IND,2025-06-30,Swedbank Hypotek AB,Sweden,Large subsidiaries,stimmig,79,33,46,0.5823,6,0,0.0,0,37,36,0,9,0,
rs:549300TJREQ7GHIXWR36.IND,549300TJREQ7GHIXWR36,IND,2025-09-30,Swedbank Hypotek AB,Sweden,Large subsidiaries,stimmig,63,12,51,0.8095,3,0,0.0,0,7,45,0,6,0,
rs:549300TJREQ7GHIXWR36.IND,549300TJREQ7GHIXWR36,IND,2025-12-31,Swedbank Hypotek AB,Sweden,Large subsidiaries,stimmig,84,46,38,0.4524,21,0,0.0,0,43,20,0,17,0,
rs:549300TJREQ7GHIXWR36.IND,549300TJREQ7GHIXWR36,IND,2026-03-31,Swedbank Hypotek AB,Sweden,Large subsidiaries,stimmig,54,10,44,0.8148,3,0,0.0,0,7,44,0,6,0,
rs:549300TK038P6EV4YU51.CON,549300TK038P6EV4YU51,CON,2025-12-31,AB Artea bankas,Lithuania,Large highest EEA,stimmig,99,56,43,0.4343,44,2,0.0455,0,49,6,0,1,0,08.00|45.00
rs:549300TK038P6EV4YU51.CON,549300TK038P6EV4YU51,CON,2026-03-31,AB Artea bankas,Lithuania,Large highest EEA,stimmig,54,2,52,0.963,3,1,0.3333,0,6,45,0,0,0,60.00
rs:549300TL5406IC1XKD09.CON,549300TL5406IC1XKD09,CON,2025-12-31,Saxo Bank A/S,Denmark,Large highest EEA,stimmig,86,55,31,0.3605,40,1,0.025,0,43,3,0,0,14,80.00
rs:549300TLZPT6JELDWM92.CON,549300TLZPT6JELDWM92,CON,2025-12-31,Landsbankinn hf.,Iceland,Large highest EEA,stimmig,55,28,27,0.4909,23,1,0.0435,0,31,1,0,1,0,08.00
rs:549300TLZPT6JELDWM92.CON,549300TLZPT6JELDWM92,CON,2026-03-31,Landsbankinn hf.,Iceland,Large highest EEA,stimmig,54,4,50,0.9259,3,0,0.0,0,6,45,0,0,0,
rs:549300TRUWO2CD2G5692.CON,549300TRUWO2CD2G5692,CON,2025-06-30,"UNICREDIT, SOCIETA' PER AZIONI",Italy,Large highest EEA,stimmig,86,50,36,0.4186,21,0,0.0,0,36,29,0,0,0,
rs:549300TRUWO2CD2G5692.CON,549300TRUWO2CD2G5692,CON,2025-09-30,"UNICREDIT, SOCIETA' PER AZIONI",Italy,Large highest EEA,stimmig,55,10,45,0.8182,3,0,0.0,0,6,46,0,0,0,
rs:549300TRUWO2CD2G5692.CON,549300TRUWO2CD2G5692,CON,2025-12-31,"UNICREDIT, SOCIETA' PER AZIONI",Italy,Large highest EEA,stimmig,91,71,20,0.2198,42,0,0.0,0,45,4,0,0,0,
rs:549300TRUWO2CD2G5692.CON,549300TRUWO2CD2G5692,CON,2026-03-31,"UNICREDIT, SOCIETA' PER AZIONI",Italy,Large highest EEA,stimmig,54,10,44,0.8148,3,0,0.0,0,6,45,0,0,0,
rs:549300TTZTKBUFKWH890.CON,549300TTZTKBUFKWH890,CON,2025-12-31,The Cyprus Development Bank Public Company Ltd,Cyprus,Other highest EEA,stimmig,114,31,83,0.7281,11,2,0.1818,0,45,30,0,0,7,90.01|91.00
rs:549300U4LIZV0REEQQ46.CON,549300U4LIZV0REEQQ46,CON,2025-06-30,"Kutxabank, S.A.",Spain,Large highest EEA,stimmig,94,37,57,0.6064,22,0,0.0,0,38,34,0,0,0,
rs:549300U4LIZV0REEQQ46.CON,549300U4LIZV0REEQQ46,CON,2025-09-30,"Kutxabank, S.A.",Spain,Large highest EEA,stimmig,55,7,48,0.8727,3,0,0.0,0,6,46,0,0,0,
rs:549300U4LIZV0REEQQ46.CON,549300U4LIZV0REEQQ46,CON,2025-12-31,"Kutxabank, S.A.",Spain,Large highest EEA,stimmig,99,61,38,0.3838,44,1,0.0227,0,49,6,0,0,12,83.01
rs:549300U4LIZV0REEQQ46.CON,549300U4LIZV0REEQQ46,CON,2026-03-31,"Kutxabank, S.A.",Spain,Large highest EEA,stimmig,54,7,47,0.8704,3,0,0.0,0,6,45,0,0,0,
rs:549300UARE5MHTBUPJ19.CON,549300UARE5MHTBUPJ19,CON,2025-12-31,Promontoria 19 Coöperatie U.A.,Netherlands,Large highest EEA,stimmig,86,30,56,0.6512,38,11,0.2895,1,44,4,0,0,0,10.00|19.02|19.03|21.02|22.01|43.00|64.01|64.03|66.02|73.00|74.00
rs:549300UOX05QGUJJ5707.IND,549300UOX05QGUJJ5707,IND,2025-06-30,Stadshypotek AB,Sweden,Large subsidiaries,stimmig,55,1,54,0.9818,1,0,0.0,0,31,23,0,0,0,
rs:549300UOX05QGUJJ5707.IND,549300UOX05QGUJJ5707,IND,2025-12-31,Stadshypotek AB,Sweden,Large subsidiaries,stimmig,84,25,59,0.7024,21,2,0.0952,2,43,20,0,0,0,30.03|66.02
rs:549300URJH9VSI58CS32.CON,549300URJH9VSI58CS32,CON,2025-06-30,"Banco Santander Totta, SA",Portugal,Large subsidiaries,stimmig,44,26,18,0.4091,9,1,0.1111,0,17,13,0,0,4,21.02
rs:549300URJH9VSI58CS32.CON,549300URJH9VSI58CS32,CON,2025-12-31,"Banco Santander Totta, SA",Portugal,Large subsidiaries,stimmig,99,62,37,0.3737,24,1,0.0417,0,48,27,0,0,4,21.02
rs:549300UY81ESCZJ0GR95.CON,549300UY81ESCZJ0GR95,CON,2025-06-30,First Investment Bank,Bulgaria,Large highest EEA,stimmig,86,65,21,0.2442,21,0,0.0,0,36,29,0,29,0,
rs:549300UY81ESCZJ0GR95.CON,549300UY81ESCZJ0GR95,CON,2025-09-30,First Investment Bank,Bulgaria,Large highest EEA,stimmig,55,3,52,0.9455,3,0,0.0,0,6,46,0,0,0,
rs:549300UY81ESCZJ0GR95.CON,549300UY81ESCZJ0GR95,CON,2025-12-31,First Investment Bank,Bulgaria,Large highest EEA,stimmig,99,96,3,0.0303,44,3,0.0682,0,49,6,0,43,1,20.01|20.02|20.03
rs:549300UY81ESCZJ0GR95.CON,549300UY81ESCZJ0GR95,CON,2026-03-31,First Investment Bank,Bulgaria,Large highest EEA,stimmig,54,3,51,0.9444,3,0,0.0,0,6,45,0,0,0,
rs:549300V1VN70Q7PQ7234.CON,549300V1VN70Q7PQ7234,CON,2025-06-30,CRÉDIT AGRICOLE AUTO BANK S.P.A.,Italy,Large subsidiaries,stimmig,79,21,58,0.7342,6,0,0.0,0,37,36,0,0,0,
rs:549300V1VN70Q7PQ7234.CON,549300V1VN70Q7PQ7234,CON,2025-09-30,CRÉDIT AGRICOLE AUTO BANK S.P.A.,Italy,Large subsidiaries,stimmig,55,3,52,0.9455,3,0,0.0,0,7,45,0,0,0,
rs:549300V1VN70Q7PQ7234.CON,549300V1VN70Q7PQ7234,CON,2025-12-31,CRÉDIT AGRICOLE AUTO BANK S.P.A.,Italy,Large subsidiaries,stimmig,84,28,56,0.6667,21,0,0.0,0,43,20,0,0,0,
rs:549300V4H4USWZUCE073.IND,549300V4H4USWZUCE073,IND,2025-12-31,"BISON BANK, SA",Portugal,Other highest EEA,stimmig,76,15,61,0.8026,8,0,0.0,0,38,30,0,2,0,
rs:549300VRM6G42M8OWN49.CON,549300VRM6G42M8OWN49,CON,2025-06-30,Sparebank 1 Østlandet,Norway,Other highest EEA,stimmig,63,2,61,0.9683,1,0,0.0,0,0,54,0,0,0,
rs:549300VRM6G42M8OWN49.CON,549300VRM6G42M8OWN49,CON,2025-12-31,Sparebank 1 Østlandet,Norway,Other highest EEA,stimmig,99,99,0,0.0,11,0,0.0,0,45,30,0,44,0,
rs:549300WDT1HWUMTUW770.IND,549300WDT1HWUMTUW770,IND,2025-06-30,Standard Chartered Bank AG,Germany,Other highest EEA,stimmig,55,6,49,0.8909,1,0,0.0,0,0,54,0,0,0,
rs:549300WDT1HWUMTUW770.IND,549300WDT1HWUMTUW770,IND,2025-12-31,Standard Chartered Bank AG,Germany,Other highest EEA,stimmig,60,10,50,0.8333,5,0,0.0,0,29,26,0,0,0,
rs:549300X34UUBDEUL1Z91.CON,549300X34UUBDEUL1Z91,CON,2025-06-30,HSBC Bank Malta p.l.c.,Malta,Large subsidiaries,stimmig,86,37,49,0.5698,10,0,0.0,0,45,31,0,0,0,
rs:549300X34UUBDEUL1Z91.CON,549300X34UUBDEUL1Z91,CON,2025-12-31,HSBC Bank Malta p.l.c.,Malta,Large subsidiaries,stimmig,91,40,51,0.5604,24,0,0.0,0,42,25,0,0,0,
rs:549300XGJX6FOWLOI640.IND,549300XGJX6FOWLOI640,IND,2025-12-31,FIDEURAM - INTESA SANPAOLO PRIVATE BANKING S.P.A.,Italy,Large subsidiaries,stimmig,89,25,64,0.7191,23,3,0.1304,1,41,25,0,0,0,30.03|73.00|74.00
rs:549300XWJHRKLHU2PS28.CON,549300XWJHRKLHU2PS28,CON,2025-12-31,ERSTE csoport,Hungary,Large subsidiaries,stimmig,114,71,43,0.3772,24,0,0.0,0,48,27,0,0,0,
rs:549300YV6LXRPJO3U576.IND,549300YV6LXRPJO3U576,IND,2025-12-31,Merkur Andelskasse,Denmark,Other highest EEA,stimmig,68,17,51,0.75,7,0,0.0,0,35,26,0,8,0,
rs:549300YW95G1VBBGGV07.CON,549300YW95G1VBBGGV07,CON,2025-06-30,"AS ""SEB banka""",Latvia,Large subsidiaries,stimmig,55,1,54,0.9818,1,0,0.0,0,31,23,0,0,0,
rs:549300YW95G1VBBGGV07.CON,549300YW95G1VBBGGV07,CON,2025-12-31,"AS ""SEB banka""",Latvia,Large subsidiaries,stimmig,76,29,47,0.6184,21,0,0.0,0,37,18,0,0,0,
rs:549300Z7V2WOFIMUEK50.CON,549300Z7V2WOFIMUEK50,CON,2025-06-30,UniCredit Bulbank AD,Bulgaria,Large subsidiaries,stimmig,55,1,54,0.9818,1,0,0.0,0,31,23,0,0,0,
rs:549300Z7V2WOFIMUEK50.CON,549300Z7V2WOFIMUEK50,CON,2025-12-31,UniCredit Bulbank AD,Bulgaria,Large subsidiaries,stimmig,78,57,21,0.2692,22,0,0.0,0,38,18,0,0,0,
rs:549300ZBZQ6M21ZGGY79.IND,549300ZBZQ6M21ZGGY79,IND,2025-12-31,China Merchants Bank (Europe) S.A,Luxembourg,Other highest EEA,stimmig,76,9,67,0.8816,8,1,0.125,1,38,30,0,0,18,66.02
rs:549300ZEF3QWM810M319.IND,549300ZEF3QWM810M319,IND,2025-12-31,Ziklo Bank AB,Sweden,Other highest EEA,stimmig,78,37,41,0.5256,9,1,0.1111,1,39,30,0,0,18,66.02
rs:549300ZHFZ4CSK7VS460.CON,549300ZHFZ4CSK7VS460,CON,2025-06-30,Privredna Banka Zagreb d.d.,Croatia,Large subsidiaries,stimmig,63,3,60,0.9524,1,0,0.0,0,34,28,0,0,0,
rs:549300ZHFZ4CSK7VS460.CON,549300ZHFZ4CSK7VS460,CON,2025-12-31,Privredna Banka Zagreb d.d.,Croatia,Large subsidiaries,stimmig,86,70,16,0.186,22,0,0.0,0,44,20,0,5,0,
rs:549300ZK53CNGEEI6A29.IND,549300ZK53CNGEEI6A29,IND,2025-06-30,J.P. Morgan SE,Germany,Large highest EEA,stimmig,63,3,60,0.9524,12,11,0.9167,1,29,22,0,0,4,02.00|24.00|25.00|60.00|66.01|70.00|71.00|72.00|73.00|74.00|90.01
rs:549300ZK53CNGEEI6A29.IND,549300ZK53CNGEEI6A29,IND,2025-09-30,J.P. Morgan SE,Germany,Large highest EEA,stimmig,8,1,7,0.875,0,0,,0,0,0,0,0,0,
rs:549300ZK53CNGEEI6A29.IND,549300ZK53CNGEEI6A29,IND,2025-12-31,J.P. Morgan SE,Germany,Large highest EEA,stimmig,86,50,36,0.4186,40,2,0.05,0,43,3,0,0,7,90.01|91.00
rs:549300ZOE0EU2VKF6M35.IND,549300ZOE0EU2VKF6M35,IND,2025-12-31,Lombard Odier (Europe) S.A.,Luxembourg,Other highest EEA,stimmig,60,9,51,0.85,5,0,0.0,0,29,26,0,2,0,
rs:5967007LIEEXZX51WW28.CON,5967007LIEEXZX51WW28,CON,2025-12-31,SPAREBANKEN ØST,Norway,Other highest EEA,stimmig,86,44,42,0.4884,11,1,0.0909,1,45,30,0,3,18,66.02
rs:5967007LIEEXZX5PU005.CON,5967007LIEEXZX5PU005,CON,2025-06-30,Sparebanken Møre SPA,Norway,Other highest EEA,stimmig,55,1,54,0.9818,1,0,0.0,0,0,54,0,0,0,
rs:5967007LIEEXZX5PU005.CON,5967007LIEEXZX5PU005,CON,2025-12-31,Sparebanken Møre SPA,Norway,Other highest EEA,stimmig,79,20,59,0.7468,9,5,0.5556,2,40,30,0,0,0,66.01|66.02|80.00|82.00|91.00
rs:5967007LIEEXZX659K67.IND,5967007LIEEXZX659K67,IND,2025-12-31,DNB BOLIGKREDITT AS,Norway,Large subsidiaries,stimmig,71,13,58,0.8169,18,7,0.3889,1,35,18,0,0,0,24.00|66.02|67.01|73.00|74.00|83.01|84.01
rs:5967007LIEEXZX659K67.IND,5967007LIEEXZX659K67,IND,2026-03-31,DNB BOLIGKREDITT AS,Norway,Large subsidiaries,stimmig,54,3,51,0.9444,3,1,0.3333,0,7,44,0,0,2,73.00
rs:5967007LIEEXZX76AW36.CON,5967007LIEEXZX76AW36,CON,2025-12-31,OBOS-BANKEN AS,Norway,Other highest EEA,stimmig,84,15,69,0.8214,10,1,0.1,0,44,30,0,1,2,90.01
rs:5967007LIEEXZX8UHK11.CON,5967007LIEEXZX8UHK11,CON,2025-12-31,SPAREBANK 1 SOGN OG FJORDANE,Norway,Other highest EEA,stimmig,68,29,39,0.5735,7,1,0.1429,1,35,26,0,0,18,66.02
rs:5UMCZOEYKCVFAW8ZLO05.CON,5UMCZOEYKCVFAW8ZLO05,CON,2025-06-30,"National Bank of Greece, S.A.",Greece,Large highest EEA,stimmig,94,52,42,0.4468,22,0,0.0,0,38,34,0,0,0,
rs:5UMCZOEYKCVFAW8ZLO05.CON,5UMCZOEYKCVFAW8ZLO05,CON,2025-12-31,"National Bank of Greece, S.A.",Greece,Large highest EEA,stimmig,94,65,29,0.3085,40,0,0.0,0,48,6,0,0,0,
rs:5UMCZOEYKCVFAW8ZLO05.CON,5UMCZOEYKCVFAW8ZLO05,CON,2026-03-31,"National Bank of Greece, S.A.",Greece,Large highest EEA,stimmig,62,9,53,0.8548,3,0,0.0,0,6,45,0,1,0,
rs:635400AKJBGNS5WNQL34.CON,635400AKJBGNS5WNQL34,CON,2025-06-30,AIB Group plc,Ireland,Large highest EEA,stimmig,94,45,49,0.5213,22,0,0.0,0,38,34,0,0,0,
rs:635400AKJBGNS5WNQL34.CON,635400AKJBGNS5WNQL34,CON,2025-09-30,AIB Group plc,Ireland,Large highest EEA,stimmig,55,6,49,0.8909,3,0,0.0,0,6,46,0,0,0,
rs:635400AKJBGNS5WNQL34.CON,635400AKJBGNS5WNQL34,CON,2025-12-31,AIB Group plc,Ireland,Large highest EEA,stimmig,99,67,32,0.3232,44,0,0.0,0,49,6,0,0,0,
rs:635400AKJBGNS5WNQL34.CON,635400AKJBGNS5WNQL34,CON,2026-03-31,AIB Group plc,Ireland,Large highest EEA,stimmig,54,6,48,0.8889,3,0,0.0,0,6,45,0,0,0,
rs:635400C8EK6DRI12LJ39.CON,635400C8EK6DRI12LJ39,CON,2025-06-30,Bank of Ireland Group plc,Ireland,Large highest EEA,stimmig,94,50,44,0.4681,22,0,0.0,0,38,34,0,6,0,
rs:635400C8EK6DRI12LJ39.CON,635400C8EK6DRI12LJ39,CON,2025-09-30,Bank of Ireland Group plc,Ireland,Large highest EEA,stimmig,55,7,48,0.8727,3,0,0.0,0,6,46,0,1,0,
rs:635400C8EK6DRI12LJ39.CON,635400C8EK6DRI12LJ39,CON,2025-12-31,Bank of Ireland Group plc,Ireland,Large highest EEA,stimmig,99,72,27,0.2727,44,0,0.0,0,49,6,0,6,0,
rs:635400C8EK6DRI12LJ39.CON,635400C8EK6DRI12LJ39,CON,2026-03-31,Bank of Ireland Group plc,Ireland,Large highest EEA,stimmig,54,6,48,0.8889,3,0,0.0,0,6,45,0,0,0,
rs:635400DTNHVYGZODKQ93.CON,635400DTNHVYGZODKQ93,CON,2025-09-30,Permanent TSB Group Holdings Plc,Ireland,Large highest EEA,stimmig,55,6,49,0.8909,3,0,0.0,0,6,46,0,0,0,
rs:635400DTNHVYGZODKQ93.CON,635400DTNHVYGZODKQ93,CON,2026-03-31,Permanent TSB Group Holdings Plc,Ireland,Large highest EEA,stimmig,54,6,48,0.8889,3,0,0.0,0,6,45,0,0,0,
rs:635400F6HLXKXNJJX605.IND,635400F6HLXKXNJJX605,IND,2025-06-30,EXIM BANCA ROMANEASCA S.A.,Romania,Large highest EEA,stimmig,63,9,54,0.8571,12,4,0.3333,0,29,22,0,0,0,02.00|24.00|25.00|60.00
rs:635400F6HLXKXNJJX605.IND,635400F6HLXKXNJJX605,IND,2025-12-31,EXIM BANCA ROMANEASCA S.A.,Romania,Large highest EEA,stimmig,99,58,41,0.4141,44,3,0.0682,0,49,6,0,1,0,05.00|08.00|43.00
rs:635400JLGKETPVVGPW53.CON,635400JLGKETPVVGPW53,CON,2025-12-31,De Lage Landen International B.V.,Netherlands,Large subsidiaries,stimmig,76,24,52,0.6842,21,4,0.1905,1,37,18,0,0,0,21.02|30.03|73.00|74.00
rs:635400L14KNHZXPUZM19.CON,635400L14KNHZXPUZM19,CON,2025-06-30,Bank of Cyprus Holdings Public Limited Company,Ireland,Large highest EEA,stimmig,94,36,58,0.617,22,0,0.0,0,38,34,0,0,0,
rs:635400L14KNHZXPUZM19.CON,635400L14KNHZXPUZM19,CON,2025-09-30,Bank of Cyprus Holdings Public Limited Company,Ireland,Large highest EEA,stimmig,55,3,52,0.9455,3,0,0.0,0,6,46,0,0,0,
rs:635400L14KNHZXPUZM19.CON,635400L14KNHZXPUZM19,CON,2025-12-31,Bank of Cyprus Holdings Public Limited Company,Ireland,Large highest EEA,stimmig,99,59,40,0.404,44,1,0.0227,0,49,6,0,0,1,10.00
rs:635400L14KNHZXPUZM19.CON,635400L14KNHZXPUZM19,CON,2026-03-31,Bank of Cyprus Holdings Public Limited Company,Ireland,Large highest EEA,stimmig,54,3,51,0.9444,3,0,0.0,0,6,45,0,0,0,
rs:635400LCCIYHUL6ELA34.CON,635400LCCIYHUL6ELA34,CON,2025-12-31,USB European (Holdings) Limited,Ireland,Other highest EEA,stimmig,76,10,66,0.8684,8,1,0.125,0,38,30,0,0,14,80.00
rs:6TJCK1B7E7UTXP528Y04.IND,6TJCK1B7E7UTXP528Y04,IND,2025-06-30,Citigroup Global Markets Europe AG,Germany,Large highest EEA,stimmig,63,3,60,0.9524,12,11,0.9167,1,29,22,0,0,4,02.00|24.00|25.00|60.00|66.01|70.00|71.00|72.00|73.00|74.00|90.01
rs:6TJCK1B7E7UTXP528Y04.IND,6TJCK1B7E7UTXP528Y04,IND,2025-09-30,Citigroup Global Markets Europe AG,Germany,Large highest EEA,stimmig,8,1,7,0.875,0,0,,0,0,0,0,0,0,
rs:6TJCK1B7E7UTXP528Y04.IND,6TJCK1B7E7UTXP528Y04,IND,2025-12-31,Citigroup Global Markets Europe AG,Germany,Large highest EEA,stimmig,86,48,38,0.4419,40,4,0.1,0,43,3,0,0,0,22.01|80.00|90.01|91.00
rs:724500973ODKK3IFQ447.CON,724500973ODKK3IFQ447,CON,2025-12-31,Adyen N.V.,Netherlands,Other highest EEA,stimmig,78,39,39,0.5,9,1,0.1111,0,39,30,0,0,14,80.00
rs:724500A1FNICHSDF2I11.CON,724500A1FNICHSDF2I11,CON,2025-06-30,ASN Bank N.V.,Netherlands,Large highest EEA,stimmig,94,39,55,0.5851,22,1,0.0455,0,38,34,0,0,0,45.00
rs:724500A1FNICHSDF2I11.CON,724500A1FNICHSDF2I11,CON,2025-12-31,ASN Bank N.V.,Netherlands,Large highest EEA,stimmig,114,56,58,0.5088,44,2,0.0455,1,49,6,0,0,0,30.03|45.00
rs:724500AG21Z9GIJE4735.CON,724500AG21Z9GIJE4735,CON,2025-12-31,WP XII Financial Holdings Coöperatief U.A.,Netherlands,Other highest EEA,stimmig,71,12,59,0.831,7,0,0.0,0,34,30,0,5,0,
rs:724500AH42V5X8BCPE49.CON,724500AH42V5X8BCPE49,CON,2025-06-30,Achmea Bank N.V.,Netherlands,Other highest EEA,stimmig,88,1,87,0.9886,1,0,0.0,0,0,54,0,0,0,
rs:724500BICUQ0LF1AH770.CON,724500BICUQ0LF1AH770,CON,2025-12-31,Nationale-Nederlanden Bank N.V.,Netherlands,Other highest EEA,stimmig,84,14,70,0.8333,10,0,0.0,0,44,30,0,0,0,
rs:724500D8WOYCL1BUCB80.CON,724500D8WOYCL1BUCB80,CON,2025-12-31,Van Lanschot Kempen N.V.,Netherlands,Other highest EEA,stimmig,91,53,38,0.4176,9,0,0.0,0,39,30,0,0,0,
rs:724500JIWG886A9RRT57.CON,724500JIWG886A9RRT57,CON,2025-06-30,RBS Holdings N.V.,Netherlands,Large highest EEA,stimmig,84,32,52,0.619,20,4,0.2,0,35,29,0,2,0,02.00|25.00|42.00|43.00
rs:724500JIWG886A9RRT57.CON,724500JIWG886A9RRT57,CON,2025-09-30,RBS Holdings N.V.,Netherlands,Large highest EEA,stimmig,55,9,46,0.8364,3,0,0.0,0,6,46,0,0,0,
rs:724500JIWG886A9RRT57.CON,724500JIWG886A9RRT57,CON,2025-12-31,RBS Holdings N.V.,Netherlands,Large highest EEA,stimmig,89,45,44,0.4944,41,15,0.3659,0,44,4,0,12,0,02.00|03.00|05.00|08.00|10.00|19.02|19.03|20.01|20.02|20.03|23.00|25.00|64.01|64.03|80.00
rs:724500M4G9AVEMHMV291.CON,724500M4G9AVEMHMV291,CON,2025-12-31,bunq Holding B.V.,Netherlands,Other highest EEA,stimmig,76,12,64,0.8421,8,0,0.0,0,38,30,0,0,0,
rs:724500PMK2A2M1SQQ228.CON,724500PMK2A2M1SQQ228,CON,2025-12-31,Triodos Bank N.V.,Netherlands,Other highest EEA,stimmig,86,44,42,0.4884,11,0,0.0,0,45,30,0,0,0,
rs:724500SF1CI8OD5AHI07.CON,724500SF1CI8OD5AHI07,CON,2025-12-31,HCBG Holding B.V.,Netherlands,Other highest EEA,stimmig,76,34,42,0.5526,8,0,0.0,0,38,30,0,2,0,
rs:724500ZNT2I60RYZQI38.IND,724500ZNT2I60RYZQI38,IND,2025-12-31,Anadolubank Nederland N.V.,Netherlands,Other highest EEA,stimmig,99,33,66,0.6667,11,5,0.4545,2,45,30,0,0,0,30.01|66.02|80.00|90.01|91.00
rs:7437003B5WFBOIEFY714.CON,7437003B5WFBOIEFY714,CON,2025-06-30,OP Osuuskunta,Finland,Large highest EEA,stimmig,94,55,39,0.4149,22,0,0.0,0,38,34,0,3,0,
rs:7437003B5WFBOIEFY714.CON,7437003B5WFBOIEFY714,CON,2025-09-30,OP Osuuskunta,Finland,Large highest EEA,stimmig,55,8,47,0.8545,3,0,0.0,0,6,46,0,0,0,
rs:7437003B5WFBOIEFY714.CON,7437003B5WFBOIEFY714,CON,2025-12-31,OP Osuuskunta,Finland,Large highest EEA,stimmig,99,71,28,0.2828,44,2,0.0455,0,49,6,0,9,1,64.01|64.03
rs:7437003B5WFBOIEFY714.CON,7437003B5WFBOIEFY714,CON,2026-03-31,OP Osuuskunta,Finland,Large highest EEA,stimmig,54,5,49,0.9074,3,0,0.0,0,6,45,0,0,0,
rs:7437005892K69S3MW344.CON,7437005892K69S3MW344,CON,2025-06-30,Säästöpankkiliitto osk,Finland,Other highest EEA,stimmig,63,4,59,0.9365,1,0,0.0,0,0,54,0,0,0,
rs:7437005892K69S3MW344.CON,7437005892K69S3MW344,CON,2025-12-31,Säästöpankkiliitto osk,Finland,Other highest EEA,stimmig,81,43,38,0.4691,10,0,0.0,0,41,30,0,0,0,
rs:7437006WYM821IJ3MN73.CON,7437006WYM821IJ3MN73,CON,2025-12-31,Ålandsbanken Abp,Finland,Other highest EEA,stimmig,78,39,39,0.5,9,0,0.0,0,39,30,0,0,0,
rs:743700FTBNXAUN57RH30.CON,743700FTBNXAUN57RH30,CON,2025-06-30,S-Pankki Oyj,Finland,Other highest EEA,stimmig,63,2,61,0.9683,1,0,0.0,0,0,54,0,0,0,
rs:743700FTBNXAUN57RH30.CON,743700FTBNXAUN57RH30,CON,2025-12-31,S-Pankki Oyj,Finland,Other highest EEA,stimmig,86,45,41,0.4767,11,0,0.0,0,45,30,0,1,0,
rs:743700GC62JLHFBUND16.CON,743700GC62JLHFBUND16,CON,2025-12-31,Aktia Bank Abp,Finland,Other highest EEA,stimmig,86,55,31,0.3605,11,0,0.0,0,45,30,0,0,0,
rs:743700PW2HDTPU3YRJ31.CON,743700PW2HDTPU3YRJ31,CON,2025-12-31,POP Pankkikeskus osk,Finland,Other highest EEA,stimmig,86,46,40,0.4651,11,0,0.0,0,45,30,0,0,0,
rs:747DLM6L5TO7LXZY5T60.IND,747DLM6L5TO7LXZY5T60,IND,2025-10-31,Scotiabank (Ireland) Designated Activity Company,Ireland,Other highest EEA,stimmig,78,46,32,0.4103,0,0,,0,0,0,0,0,0,
rs:7CUNS533WID6K7DGFI87.CON,7CUNS533WID6K7DGFI87,CON,2025-06-30,"CaixaBank, S.A.",Spain,Large highest EEA,stimmig,86,48,38,0.4419,21,1,0.0476,0,36,29,0,0,2,71.00
rs:7CUNS533WID6K7DGFI87.CON,7CUNS533WID6K7DGFI87,CON,2025-09-30,"CaixaBank, S.A.",Spain,Large highest EEA,stimmig,55,8,47,0.8545,3,0,0.0,0,6,46,0,0,0,
rs:7CUNS533WID6K7DGFI87.CON,7CUNS533WID6K7DGFI87,CON,2025-12-31,"CaixaBank, S.A.",Spain,Large highest EEA,stimmig,114,90,24,0.2105,44,0,0.0,0,49,6,0,1,0,
rs:7CUNS533WID6K7DGFI87.CON,7CUNS533WID6K7DGFI87,CON,2026-03-31,"CaixaBank, S.A.",Spain,Large highest EEA,stimmig,54,10,44,0.8148,3,0,0.0,0,6,45,0,1,0,
rs:7LTWFZYICNSX8D621K86.CON,7LTWFZYICNSX8D621K86,CON,2025-06-30,DEUTSCHE BANK AKTIENGESELLSCHAFT,Germany,Large highest EEA,stimmig,94,57,37,0.3936,22,0,0.0,0,38,34,0,0,0,
rs:7LTWFZYICNSX8D621K86.CON,7LTWFZYICNSX8D621K86,CON,2025-09-30,DEUTSCHE BANK AKTIENGESELLSCHAFT,Germany,Large highest EEA,stimmig,63,10,53,0.8413,3,0,0.0,0,6,46,0,0,0,
rs:7LTWFZYICNSX8D621K86.CON,7LTWFZYICNSX8D621K86,CON,2025-12-31,DEUTSCHE BANK AKTIENGESELLSCHAFT,Germany,Large highest EEA,stimmig,114,91,23,0.2018,44,0,0.0,0,49,6,0,0,0,
rs:7LTWFZYICNSX8D621K86.CON,7LTWFZYICNSX8D621K86,CON,2026-03-31,DEUTSCHE BANK AKTIENGESELLSCHAFT,Germany,Large highest EEA,stimmig,62,11,51,0.8226,3,0,0.0,0,6,45,0,0,0,
rs:7LVZJ6XRIE7VNZ4UBX81.CON,7LVZJ6XRIE7VNZ4UBX81,CON,2025-06-30,BANCA MEDIOLANUM S.P.A.,Italy,Large highest EEA,stimmig,94,38,56,0.5957,22,0,0.0,0,38,34,0,4,0,
rs:7LVZJ6XRIE7VNZ4UBX81.CON,7LVZJ6XRIE7VNZ4UBX81,CON,2025-09-30,BANCA MEDIOLANUM S.P.A.,Italy,Large highest EEA,stimmig,55,4,51,0.9273,3,0,0.0,0,6,46,0,0,0,
rs:7LVZJ6XRIE7VNZ4UBX81.CON,7LVZJ6XRIE7VNZ4UBX81,CON,2025-12-31,BANCA MEDIOLANUM S.P.A.,Italy,Large highest EEA,stimmig,94,49,45,0.4787,40,1,0.025,0,48,6,0,3,3,43.00
rs:7V6Z97IO7R1SEAO84Q32.CON,7V6Z97IO7R1SEAO84Q32,CON,2025-12-31,SpareBank 1 SMN,Norway,Other highest EEA,stimmig,73,73,0,0.0,8,0,0.0,0,35,30,0,32,0,
rs:81560017C4A61A529235.IND,81560017C4A61A529235,IND,2025-12-31,CASSA DI RISPARMIO DI FERMO S.P.A. (IN FORMA ABBREVIATA CARIFERMO S.P.A.),Italy,Other highest EEA,stimmig,76,74,2,0.0263,8,0,0.0,0,38,30,0,61,0,
rs:81560027D07F9BDB8436.CON,81560027D07F9BDB8436,CON,2025-12-31,CASSA DI RISPARMIO DI ASTI S.P.A. (IN FORMA ABBREVIATA BANCA C.R. ASTI S.P.A.),Italy,Other highest EEA,stimmig,76,15,61,0.8026,8,0,0.0,0,38,30,0,3,0,
rs:81560035485BD7DB3590.IND,81560035485BD7DB3590,IND,2025-12-31,BANCO DI CREDITO P.AZZOAGLIO - S.P.A.,Italy,Other highest EEA,stimmig,71,69,2,0.0282,7,0,0.0,0,34,30,0,63,0,
rs:8156003A4FB445454553.CON,8156003A4FB445454553,CON,2025-12-31,CASSA DI RISPARMIO DI BOLZANO S.P.A. - SUDTIROLER SPARKASSE AG,Italy,Other highest EEA,stimmig,76,13,63,0.8289,8,0,0.0,0,38,30,0,0,0,
rs:8156003D79D064FB5360.IND,8156003D79D064FB5360,IND,2025-12-31,CASSA LOMBARDA - S.P.A.,Italy,,stimmig,76,33,43,0.5658,0,0,,0,0,0,0,0,0,
rs:8156004BBB6E6B9B6F10.IND,8156004BBB6E6B9B6F10,IND,2025-12-31,BANCA POPOLARE DI PUGLIA E BASILICATA - SOCIETA' COOPERATIVA PER AZIONI,Italy,Other highest EEA,stimmig,76,12,64,0.8421,8,0,0.0,0,38,30,0,1,0,
rs:81560051AAE0E0F10021.IND,81560051AAE0E0F10021,IND,2025-12-31,CHERRY BANK S.P.A. (CON ACRONIMO CHERRY BANK O CHERRY),Italy,Other highest EEA,stimmig,5,4,1,0.2,1,0,0.0,0,4,0,0,0,0,
rs:8156005420362AE59184.CON,8156005420362AE59184,CON,2025-06-30,BANCA IFIS S.P.A. (OVVERO IFIS BANCA S.P.A. O IN FORMA ABBREVIATA IFIS S.P.A.),Italy,Other highest EEA,stimmig,55,2,53,0.9636,1,0,0.0,0,0,54,0,0,0,
rs:8156005420362AE59184.CON,8156005420362AE59184,CON,2025-12-31,BANCA IFIS S.P.A. (OVVERO IFIS BANCA S.P.A. O IN FORMA ABBREVIATA IFIS S.P.A.),Italy,Other highest EEA,stimmig,78,50,28,0.359,9,0,0.0,0,39,30,0,0,0,
rs:8156005C22D0BF134C40.IND,8156005C22D0BF134C40,IND,2025-12-31,BANCA POPOLARE PUGLIESE - SOCIETA' COOPERATIVA PER AZIONI,Italy,Other highest EEA,stimmig,76,74,2,0.0263,8,0,0.0,0,38,30,0,62,0,
rs:81560062CEAE87A85C80.CON,81560062CEAE87A85C80,CON,2025-12-31,AREPO BP S.P.A.,Italy,Other highest EEA,stimmig,78,74,4,0.0513,9,0,0.0,0,39,30,0,32,0,
rs:81560064085A02B2B297.CON,81560064085A02B2B297,CON,2025-12-31,MEDIOCREDITO CENTRALE - BANCA DEL MEZZOGIORNO SPA,Italy,Other highest EEA,stimmig,73,34,39,0.5342,8,0,0.0,0,35,30,0,0,0,
rs:815600722FAEE18D6013.CON,815600722FAEE18D6013,CON,2025-12-31,BANCA DEL FUCINO S.P.A.,Italy,Other highest EEA,stimmig,76,17,59,0.7763,8,0,0.0,0,38,30,0,4,0,
rs:8156007C053DC07AC307.IND,8156007C053DC07AC307,IND,2025-12-31,CREDITO LOMBARDO VENETO S.P.A.,Italy,Other highest EEA,stimmig,76,13,63,0.8289,8,1,0.125,1,38,30,0,4,18,66.02
rs:8156007D348794DB1690.CON,8156007D348794DB1690,CON,2025-06-30,CRÉDIT AGRICOLE ITALIA S.P.A.,Italy,Large subsidiaries,stimmig,79,25,54,0.6835,6,1,0.1667,0,37,36,0,0,12,83.01
rs:8156007D348794DB1690.CON,8156007D348794DB1690,CON,2025-09-30,CRÉDIT AGRICOLE ITALIA S.P.A.,Italy,Large subsidiaries,stimmig,55,6,49,0.8909,3,0,0.0,0,7,45,0,0,0,
rs:8156007D348794DB1690.CON,8156007D348794DB1690,CON,2025-12-31,CRÉDIT AGRICOLE ITALIA S.P.A.,Italy,Large subsidiaries,stimmig,84,37,47,0.5595,21,1,0.0476,0,43,20,0,0,12,83.01
rs:815600848DEFE160E913.CON,815600848DEFE160E913,CON,2025-12-31,IBL ISTITUTO BANCARIO DEL LAVORO S.P.A. (IN FORMA ABBREVIATA IBL BANCA),Italy,Other highest EEA,stimmig,84,24,60,0.7143,10,0,0.0,0,44,30,0,11,0,
rs:8156008B43CE788F4932.CON,8156008B43CE788F4932,CON,2025-12-31,BANCA AGRICOLA POPOLARE DI SICILIA SOCIETA' COOPERATIVA PER AZIONI,Italy,Other highest EEA,stimmig,76,17,59,0.7763,8,0,0.0,0,38,30,0,6,0,
rs:8156008FC57F3F707049.CON,8156008FC57F3F707049,CON,2025-12-31,ENTE CAMBIANO SOCIETA' COOPERATIVA PER AZIONI,Italy,Other highest EEA,stimmig,76,12,64,0.8421,8,0,0.0,0,38,30,0,1,0,
rs:815600903231FA2E7698.CON,815600903231FA2E7698,CON,2025-06-30,BANCA GENERALI - SOCIETA' PER AZIONI (IN FORMA ABBREVIATA GENERBANCA),Italy,Other highest EEA,stimmig,55,1,54,0.9818,1,0,0.0,0,0,54,0,0,0,
rs:815600903231FA2E7698.CON,815600903231FA2E7698,CON,2025-12-31,BANCA GENERALI - SOCIETA' PER AZIONI (IN FORMA ABBREVIATA GENERBANCA),Italy,Other highest EEA,stimmig,78,44,34,0.4359,9,0,0.0,0,39,30,0,0,0,
rs:815600914B5015427B51.IND,815600914B5015427B51,IND,2025-12-31,ZURICH ITALY BANK S.P.A.,Italy,Other highest EEA,stimmig,76,76,0,0.0,8,0,0.0,0,38,30,0,52,0,
rs:8156009F9B6BB7745A32.CON,8156009F9B6BB7745A32,CON,2025-12-31,PRIVATA HOLDING S.R.L.,Italy,Other highest EEA,stimmig,71,69,2,0.0282,7,0,0.0,0,34,30,0,62,0,
rs:815600A029117B20DD63.CON,815600A029117B20DD63,CON,2025-06-30,ILLIMITY BANK S.P.A.,Italy,Other highest EEA,stimmig,55,1,54,0.9818,1,0,0.0,0,0,54,0,0,0,
rs:815600A32DA05F693F24.CON,815600A32DA05F693F24,CON,2025-12-31,LA CASSA DI RAVENNA S.P.A.,Italy,Other highest EEA,stimmig,71,7,64,0.9014,7,0,0.0,0,34,30,0,0,0,
rs:815600AD83B2B6317788.CON,815600AD83B2B6317788,CON,2025-06-30,CREDITO EMILIANO HOLDING SOCIETA' PER AZIONI,Italy,Large highest EEA,stimmig,94,44,50,0.5319,22,0,0.0,0,38,34,0,1,0,
rs:815600AD83B2B6317788.CON,815600AD83B2B6317788,CON,2025-09-30,CREDITO EMILIANO HOLDING SOCIETA' PER AZIONI,Italy,Large highest EEA,stimmig,55,6,49,0.8909,3,0,0.0,0,6,46,0,0,0,
rs:815600AD83B2B6317788.CON,815600AD83B2B6317788,CON,2025-12-31,CREDITO EMILIANO HOLDING SOCIETA' PER AZIONI,Italy,Large highest EEA,stimmig,99,67,32,0.3232,44,0,0.0,0,49,6,0,0,0,
rs:815600AD83B2B6317788.CON,815600AD83B2B6317788,CON,2026-03-31,CREDITO EMILIANO HOLDING SOCIETA' PER AZIONI,Italy,Large highest EEA,stimmig,54,6,48,0.8889,3,0,0.0,0,6,45,0,0,0,
rs:815600B43BECA3919584.IND,815600B43BECA3919584,IND,2025-12-31,BANCA PROMOS S.P.A.,Italy,Other highest EEA,stimmig,76,18,58,0.7632,8,0,0.0,0,38,30,0,5,0,
rs:815600B5C61A10BBB451.CON,815600B5C61A10BBB451,CON,2025-12-31,BANCA SISTEMA S.P.A.,Italy,Other highest EEA,stimmig,78,72,6,0.0769,9,0,0.0,0,39,30,0,32,0,
rs:815600B6B356EC776E54.IND,815600B6B356EC776E54,IND,2025-12-31,CASSA DI RISPARMIO DI VOLTERRA S.P.A.,Italy,Other highest EEA,stimmig,76,9,67,0.8816,8,0,0.0,0,38,30,0,0,0,
rs:815600BEE9123CD92E12.CON,815600BEE9123CD92E12,CON,2025-12-31,BANCA VALSABBINA SOCIETA' COOPERATIVA PER AZIONI (IN BREVE LA VALSABBINA),Italy,Other highest EEA,stimmig,76,11,65,0.8553,8,0,0.0,0,38,30,0,3,0,
rs:815600DDCE9083CAC598.IND,815600DDCE9083CAC598,IND,2025-06-30,MEDIOBANCA PREMIER S.P.A.,Italy,Large subsidiaries,stimmig,99,45,54,0.5455,10,0,0.0,0,48,36,0,3,0,
rs:815600DDCE9083CAC598.IND,815600DDCE9083CAC598,IND,2025-12-31,MEDIOBANCA PREMIER S.P.A.,Italy,Large subsidiaries,stimmig,99,42,57,0.5758,24,4,0.1667,0,48,27,0,1,0,67.01|67.02|73.00|74.00
rs:815600E4E6DCD2D25E30.CON,815600E4E6DCD2D25E30,CON,2025-06-30,BANCO BPM SOCIETA' PER AZIONI,Italy,Large highest EEA,stimmig,94,53,41,0.4362,22,0,0.0,0,38,34,0,4,0,
rs:815600E4E6DCD2D25E30.CON,815600E4E6DCD2D25E30,CON,2025-09-30,BANCO BPM SOCIETA' PER AZIONI,Italy,Large highest EEA,stimmig,55,8,47,0.8545,3,0,0.0,0,6,46,0,1,0,
rs:815600E4E6DCD2D25E30.CON,815600E4E6DCD2D25E30,CON,2025-12-31,BANCO BPM SOCIETA' PER AZIONI,Italy,Large highest EEA,stimmig,99,75,24,0.2424,44,0,0.0,0,49,6,0,3,0,
rs:815600E4E6DCD2D25E30.CON,815600E4E6DCD2D25E30,CON,2026-03-31,BANCO BPM SOCIETA' PER AZIONI,Italy,Large highest EEA,stimmig,54,8,46,0.8519,3,0,0.0,0,6,45,0,1,0,
rs:815600F24AE25C9D1B94.CON,815600F24AE25C9D1B94,CON,2025-12-31,MAURIZIO SELLA - SOCIETA' IN ACCOMANDITA PER AZIONI,Italy,Other highest EEA,stimmig,86,35,51,0.593,11,2,0.1818,0,45,30,0,0,7,90.01|91.00
rs:815600FDD3EB3EA03194.CON,815600FDD3EB3EA03194,CON,2025-12-31,BANCA POPOLARE DEL LAZIO SOCIETA' COOPERATIVA,Italy,Other highest EEA,stimmig,78,18,60,0.7692,9,1,0.1111,0,39,30,0,8,4,68.00
rs:851WYGNLUQLFZBSYGB56.CON,851WYGNLUQLFZBSYGB56,CON,2025-06-30,COMMERZBANK Aktiengesellschaft,Germany,Large highest EEA,stimmig,94,54,40,0.4255,22,0,0.0,0,38,34,0,0,0,
rs:851WYGNLUQLFZBSYGB56.CON,851WYGNLUQLFZBSYGB56,CON,2025-09-30,COMMERZBANK Aktiengesellschaft,Germany,Large highest EEA,stimmig,55,9,46,0.8364,3,0,0.0,0,6,46,0,0,0,
rs:851WYGNLUQLFZBSYGB56.CON,851WYGNLUQLFZBSYGB56,CON,2025-12-31,COMMERZBANK Aktiengesellschaft,Germany,Large highest EEA,stimmig,114,92,22,0.193,44,0,0.0,0,49,6,0,0,0,
rs:851WYGNLUQLFZBSYGB56.CON,851WYGNLUQLFZBSYGB56,CON,2026-03-31,COMMERZBANK Aktiengesellschaft,Germany,Large highest EEA,stimmig,54,9,45,0.8333,3,0,0.0,0,6,45,0,0,0,
rs:894500N55FUZ70ZQ1784.CON,894500N55FUZ70ZQ1784,CON,2025-12-31,Green Opera Finance Invest AB,Sweden,Other highest EEA,stimmig,78,43,35,0.4487,9,0,0.0,0,39,30,0,0,0,
rs:8IBZUGJ7JPLH368JE346.IND,8IBZUGJ7JPLH368JE346,IND,2025-06-30,Goldman Sachs Bank Europe SE,Germany,Large highest EEA,stimmig,63,5,58,0.9206,12,10,0.8333,1,29,22,0,0,0,24.00|25.00|60.00|66.01|70.00|71.00|72.00|73.00|74.00|90.01
rs:8IBZUGJ7JPLH368JE346.IND,8IBZUGJ7JPLH368JE346,IND,2025-09-30,Goldman Sachs Bank Europe SE,Germany,Large highest EEA,stimmig,8,1,7,0.875,0,0,,0,0,0,0,0,0,
rs:8IBZUGJ7JPLH368JE346.IND,8IBZUGJ7JPLH368JE346,IND,2025-12-31,Goldman Sachs Bank Europe SE,Germany,Large highest EEA,stimmig,86,58,28,0.3256,40,2,0.05,0,43,3,0,0,7,90.01|91.00
rs:8IBZUGJ7JPLH368JE346.IND,8IBZUGJ7JPLH368JE346,IND,2026-03-31,Goldman Sachs Bank Europe SE,Germany,Large highest EEA,stimmig,62,9,53,0.8548,3,0,0.0,0,6,45,0,0,0,
rs:95980020140005012943.CON,95980020140005012943,CON,2025-12-31,"Caja Rural de Aragón, Sociedad Cooperativa de Crédito",Spain,Other highest EEA,stimmig,76,10,66,0.8684,8,0,0.0,0,38,30,0,0,0,
rs:95980020140005219553.IND,95980020140005219553,IND,2025-12-31,"Caja Rural de Asturias, Sociedad Cooperativa de Crédito",Spain,Other highest EEA,stimmig,76,10,66,0.8684,8,1,0.125,1,38,30,0,0,18,66.02
rs:95980020140005220135.IND,95980020140005220135,IND,2025-06-30,"Caja Rural de Granada, Sociedad Cooperativa de Crédito",Spain,Other highest EEA,stimmig,55,1,54,0.9818,1,0,0.0,0,0,54,0,0,0,
rs:95980020140005220135.IND,95980020140005220135,IND,2025-12-31,"Caja Rural de Granada, Sociedad Cooperativa de Crédito",Spain,Other highest EEA,stimmig,78,36,42,0.5385,9,1,0.1111,1,39,30,0,0,18,66.02
rs:95980020140005375335.CON,95980020140005375335,CON,2025-12-31,"Caja Rural del Sur, S. Coop. de Crédito",Spain,Other highest EEA,stimmig,76,9,67,0.8816,8,1,0.125,1,38,30,0,0,18,66.02
rs:95980020140005439549.IND,95980020140005439549,IND,2025-06-30,"Caja Rural de Navarra, S. Coop. de Crédito",Spain,Other highest EEA,stimmig,8,1,7,0.875,0,0,,0,0,0,0,0,0,
rs:95980020140005439549.IND,95980020140005439549,IND,2025-12-31,"Caja Rural de Navarra, S. Coop. de Crédito",Spain,Other highest EEA,stimmig,86,46,40,0.4651,11,1,0.0909,0,45,30,0,4,2,21.01
rs:95980020140005484654.CON,95980020140005484654,CON,2025-06-30,"Caja Rural de Albacete, Ciudad Real y Cuenca, Sociedad Cooperativa de Crédito",Spain,Other highest EEA,stimmig,55,1,54,0.9818,1,0,0.0,0,0,54,0,0,0,
rs:95980020140005484654.CON,95980020140005484654,CON,2025-12-31,"Caja Rural de Albacete, Ciudad Real y Cuenca, Sociedad Cooperativa de Crédito",Spain,Other highest EEA,stimmig,78,49,29,0.3718,9,1,0.1111,1,39,30,0,2,18,66.02
rs:95980020140005552166.CON,95980020140005552166,CON,2025-06-30,"Eurocaja Rural, Sociedad Cooperativa de Crédito",Spain,Other highest EEA,stimmig,55,1,54,0.9818,1,0,0.0,0,0,54,0,0,0,
rs:95980020140005552166.CON,95980020140005552166,CON,2025-12-31,"Eurocaja Rural, Sociedad Cooperativa de Crédito",Spain,Other highest EEA,stimmig,78,67,11,0.141,9,0,0.0,0,39,30,0,27,0,
rs:95980020140005658381.IND,95980020140005658381,IND,2025-06-30,"Aresbank, S.A.",Spain,Other highest EEA,stimmig,73,35,38,0.5205,1,0,0.0,0,0,54,0,1,0,
rs:95980020140005658381.IND,95980020140005658381,IND,2025-12-31,"Aresbank, S.A.",Spain,Other highest EEA,stimmig,18,7,11,0.6111,4,1,0.25,0,10,4,0,0,14,80.00
rs:95980020140005881190.CON,95980020140005881190,CON,2025-06-30,Banco de Crédito Social Cooperativo,Spain,Large highest EEA,stimmig,94,43,51,0.5426,22,0,0.0,0,38,34,0,0,0,
rs:95980020140005881190.CON,95980020140005881190,CON,2025-09-30,Banco de Crédito Social Cooperativo,Spain,Large highest EEA,stimmig,55,4,51,0.9273,3,0,0.0,0,6,46,0,0,0,
rs:95980020140005881190.CON,95980020140005881190,CON,2025-12-31,Banco de Crédito Social Cooperativo,Spain,Large highest EEA,stimmig,99,56,43,0.4343,44,2,0.0455,1,49,6,0,0,1,10.00|30.02
rs:95980020140005881190.CON,95980020140005881190,CON,2026-03-31,Banco de Crédito Social Cooperativo,Spain,Large highest EEA,stimmig,54,4,50,0.9259,3,0,0.0,0,6,45,0,0,0,
rs:9598002AYDQER7DXLR16.CON,9598002AYDQER7DXLR16,CON,2025-06-30,GRUCAJRURAL INVERSIONES SL,Spain,Other highest EEA,stimmig,63,2,61,0.9683,1,0,0.0,0,0,54,0,0,0,
rs:959800LQ598A5RQASA61.CON,959800LQ598A5RQASA61,CON,2025-06-30,"Banca March, S.A.",Spain,Other highest EEA,stimmig,26,13,13,0.5,0,0,,0,0,0,0,3,0,
rs:959800LQ598A5RQASA61.CON,959800LQ598A5RQASA61,CON,2025-09-30,"Banca March, S.A.",Spain,Other highest EEA,stimmig,8,2,6,0.75,0,0,,0,0,0,0,1,0,
rs:959800LQ598A5RQASA61.CON,959800LQ598A5RQASA61,CON,2025-12-31,"Banca March, S.A.",Spain,Other highest EEA,stimmig,81,76,5,0.0617,10,0,0.0,0,41,30,0,27,0,
rs:959800LQ598A5RQASA61.CON,959800LQ598A5RQASA61,CON,2026-03-31,"Banca March, S.A.",Spain,Other highest EEA,stimmig,8,2,6,0.75,0,0,,0,0,0,0,1,0,
rs:959800R86KE31EAVRC30.CON,959800R86KE31EAVRC30,CON,2025-12-31,LIBERTY PARTNERS S.L.U.,Spain,Other highest EEA,stimmig,78,27,51,0.6538,9,1,0.1111,0,39,30,0,0,14,80.00
rs:959800VHSP2QBPNRF210.IND,959800VHSP2QBPNRF210,IND,2025-12-31,"Bank of Africa Europe, S.A.",Spain,Other highest EEA,stimmig,84,18,66,0.7857,10,0,0.0,0,44,30,0,0,0,
rs:96950001WI712W7PQG45.CON,96950001WI712W7PQG45,CON,2025-06-30,RCI Banque,France,Large highest EEA,stimmig,94,58,36,0.383,22,1,0.0455,0,38,34,0,0,2,71.00
rs:96950001WI712W7PQG45.CON,96950001WI712W7PQG45,CON,2025-12-31,RCI Banque,France,Large highest EEA,stimmig,94,56,38,0.4043,40,4,0.1,0,48,6,0,2,0,21.02|42.00|90.01|91.00
rs:9695000CG7B84NLR5984.CON,9695000CG7B84NLR5984,CON,2025-06-30,Confédération Nationale du Crédit Mutuel,France,Large highest EEA,stimmig,76,8,68,0.8947,16,10,0.625,1,34,26,0,1,6,02.00|24.00|25.00|60.00|66.01|70.00|71.00|72.00|73.00|74.00
rs:9695000CG7B84NLR5984.CON,9695000CG7B84NLR5984,CON,2025-12-31,Confédération Nationale du Crédit Mutuel,France,Large highest EEA,stimmig,114,114,0,0.0,44,0,0.0,0,49,6,0,23,0,
rs:9695002JOWSRCLLLNY11.CON,9695002JOWSRCLLLNY11,CON,2025-12-31,Edmond de Rothschild (France),France,Other highest EEA,stimmig,76,15,61,0.8026,8,0,0.0,0,38,30,0,0,0,
rs:9695002K2HDLD20JU790.CON,9695002K2HDLD20JU790,CON,2025-06-30,AGENCE FRANCE LOCALE - SOCIETE TERRITORIALE,France,Other highest EEA,stimmig,55,1,54,0.9818,1,0,0.0,0,0,54,0,0,0,
rs:9695002K2HDLD20JU790.CON,9695002K2HDLD20JU790,CON,2025-12-31,AGENCE FRANCE LOCALE - SOCIETE TERRITORIALE,France,Other highest EEA,stimmig,78,41,37,0.4744,9,0,0.0,0,39,30,0,1,0,
rs:96950041VJ1QP0B69503.CON,96950041VJ1QP0B69503,CON,2025-06-30,Crédit mutuel Arkéa,France,Large subsidiaries,stimmig,86,43,43,0.5,10,0,0.0,0,45,31,0,3,0,
rs:96950041VJ1QP0B69503.CON,96950041VJ1QP0B69503,CON,2025-09-30,Crédit mutuel Arkéa,France,Large subsidiaries,stimmig,55,5,50,0.9091,3,0,0.0,0,7,45,0,1,0,
rs:96950041VJ1QP0B69503.CON,96950041VJ1QP0B69503,CON,2025-12-31,Crédit mutuel Arkéa,France,Large subsidiaries,stimmig,91,59,32,0.3516,24,0,0.0,0,42,25,0,3,0,
rs:96950041VJ1QP0B69503.CON,96950041VJ1QP0B69503,CON,2026-03-31,Crédit mutuel Arkéa,France,Large subsidiaries,stimmig,54,5,49,0.9074,3,0,0.0,0,7,44,0,1,0,
rs:9695007EQZDL89LUW373.CON,9695007EQZDL89LUW373,CON,2025-12-31,Banque Banorient France,France,Other highest EEA,stimmig,76,13,63,0.8289,8,0,0.0,0,38,30,0,0,0,
rs:969500A3Y5KTGJEMDZ32.CON,969500A3Y5KTGJEMDZ32,CON,2026-03-31,Caisse régionale de crédit agricole mutuel du Languedoc,France,Large subsidiaries,stimmig,54,5,49,0.9074,3,0,0.0,0,7,44,0,0,0,
rs:969500A4IPKVUBH3CA90.CON,969500A4IPKVUBH3CA90,CON,2025-12-31,Banque Delubac et Cie,France,Other highest EEA,stimmig,55,1,54,0.9818,4,3,0.75,2,25,26,0,0,0,60.00|66.01|66.02
rs:969500A9SZ8YP1810S21.CON,969500A9SZ8YP1810S21,CON,2025-12-31,Caisse d'épargne et de prévoyance Aquitaine Poitou-Charentes,France,Large subsidiaries,stimmig,71,16,55,0.7746,18,6,0.3333,1,35,18,0,2,0,21.02|60.00|66.01|70.00|71.00|72.00
rs:969500AGACQ54Q3UF243.CON,969500AGACQ54Q3UF243,CON,2025-06-30,Caisse régionale de crédit agricole mutuel de Centre France - Crédit agricole  Centre France (3ème du nom),France,Large subsidiaries,stimmig,68,5,63,0.9265,4,0,0.0,0,41,23,0,0,0,
rs:969500B5DNR7Q1ACGD23.CON,969500B5DNR7Q1ACGD23,CON,2026-03-31,Caisse régionale de crédit agricole mutuel Atlantique Vendée,France,Large subsidiaries,stimmig,54,5,49,0.9074,3,0,0.0,0,7,44,0,0,0,
rs:969500CJCTMI93QJKK89.CON,969500CJCTMI93QJKK89,CON,2025-12-31,Axa banque,France,Other highest EEA,stimmig,76,11,65,0.8553,8,1,0.125,0,38,30,0,2,14,80.00
rs:969500EVOBAGHKZEXA33.CON,969500EVOBAGHKZEXA33,CON,2025-12-31,Banque populaire Alsace Lorraine Champagne,France,Large subsidiaries,stimmig,76,27,49,0.6447,21,0,0.0,0,37,18,0,1,0,
rs:969500EYG6U339D3TI84.CON,969500EYG6U339D3TI84,CON,2025-06-30,Crédit Foncier de France,France,Large subsidiaries,stimmig,71,18,53,0.7465,6,1,0.1667,0,34,31,0,0,11,61.00
rs:969500EYG6U339D3TI84.CON,969500EYG6U339D3TI84,CON,2025-12-31,Crédit Foncier de France,France,Large subsidiaries,stimmig,76,20,56,0.7368,21,2,0.0952,0,37,18,0,0,0,71.00|74.00
rs:969500F3KYDJBFS4XM73.IND,969500F3KYDJBFS4XM73,IND,2025-12-31,Bank Audi France,France,Other highest EEA,stimmig,84,18,66,0.7857,10,0,0.0,0,44,30,0,6,0,
rs:969500FF9M4SBM5VHR15.CON,969500FF9M4SBM5VHR15,CON,2025-09-30,Caisse régionale de crédit agricole mutuel Nord de France,France,Large subsidiaries,stimmig,55,4,51,0.9273,3,0,0.0,0,7,45,0,0,0,
rs:969500FF9M4SBM5VHR15.CON,969500FF9M4SBM5VHR15,CON,2026-03-31,Caisse régionale de crédit agricole mutuel Nord de France,France,Large subsidiaries,stimmig,54,5,49,0.9074,3,0,0.0,0,7,44,0,0,0,
rs:969500FYEXW795NPJO79.CON,969500FYEXW795NPJO79,CON,2026-03-31,Caisse régionale de crédit agricole mutuel Brie Picardie,France,Large subsidiaries,stimmig,54,4,50,0.9259,3,0,0.0,0,7,44,0,0,0,
rs:969500GVS02SJYG9S632.CON,969500GVS02SJYG9S632,CON,2025-12-31,Carrefour banque,France,Other highest EEA,stimmig,78,76,2,0.0256,9,0,0.0,0,39,30,0,36,0,
rs:969500JJWO4PQG0R1C58.CON,969500JJWO4PQG0R1C58,CON,2025-12-31,CAISSE D'EPARGNE ET DE PREVOYANCE GRAND EST EUROPE,France,Large subsidiaries,stimmig,76,28,48,0.6316,21,0,0.0,0,37,18,0,0,0,
rs:969500JM7VIGQIPZOL49.CON,969500JM7VIGQIPZOL49,CON,2025-12-31,BANQUE POPULAIRE AUVERGNE RHONE ALPES,France,Large subsidiaries,stimmig,76,27,49,0.6447,21,0,0.0,0,37,18,0,0,0,
rs:969500LFTDNMONT2EP08.CON,969500LFTDNMONT2EP08,CON,2025-06-30,Caisse fédérale de crédit mutuel,France,Large subsidiaries,stimmig,86,58,28,0.3256,10,0,0.0,0,45,31,0,17,0,
rs:969500LFTDNMONT2EP08.CON,969500LFTDNMONT2EP08,CON,2025-09-30,Caisse fédérale de crédit mutuel,France,Large subsidiaries,stimmig,55,9,46,0.8364,3,0,0.0,0,7,45,0,5,0,
rs:969500LFTDNMONT2EP08.CON,969500LFTDNMONT2EP08,CON,2025-12-31,Caisse fédérale de crédit mutuel,France,Large subsidiaries,stimmig,91,91,0,0.0,24,0,0.0,0,42,25,0,30,0,
rs:969500LFTDNMONT2EP08.CON,969500LFTDNMONT2EP08,CON,2026-03-31,Caisse fédérale de crédit mutuel,France,Large subsidiaries,stimmig,54,10,44,0.8148,3,0,0.0,0,7,44,0,6,0,
rs:969500O971S0I6U24G84.CON,,,2025-12-31,,,,stimmig,55,0,55,1.0,0,0,,0,0,0,0,0,0,
rs:969500ORP9FTJYI28L37.CON,969500ORP9FTJYI28L37,CON,2025-06-30,Caisse régionale de crédit agricole mutuel des Savoie,France,Large subsidiaries,stimmig,68,5,63,0.9265,4,0,0.0,0,41,23,0,0,0,
rs:969500PI25OKPKTD9364.CON,969500PI25OKPKTD9364,CON,2026-03-31,Caisse régionale de crédit agricole mutuel de Paris et d'Ile-de-France,France,Large subsidiaries,stimmig,54,5,49,0.9074,3,0,0.0,0,7,44,0,0,0,
rs:969500SJXM8MW32ZVG75.CON,969500SJXM8MW32ZVG75,CON,2025-12-31,Caisse d'épargne et de prévoyance Bretagne-Pays de Loire,France,Large subsidiaries,stimmig,76,25,51,0.6711,21,2,0.0952,0,37,18,0,0,2,73.00|74.00
rs:969500STN7T9MRUMJ267.CON,969500STN7T9MRUMJ267,CON,2025-06-30,Bpifrance,France,Large highest EEA,stimmig,68,7,61,0.8971,15,10,0.6667,1,32,21,0,0,6,02.00|24.00|25.00|60.00|66.01|70.00|71.00|72.00|73.00|74.00
rs:969500STN7T9MRUMJ267.CON,969500STN7T9MRUMJ267,CON,2025-12-31,Bpifrance,France,Large highest EEA,stimmig,91,84,7,0.0769,42,0,0.0,0,45,4,0,29,0,
rs:969500TU5ZMYBIWP0R51.CON,969500TU5ZMYBIWP0R51,CON,2025-12-31,Caisse d'Epargne CEPAC,France,Large subsidiaries,stimmig,71,23,48,0.6761,18,0,0.0,0,35,18,0,0,0,
rs:969500VHT1ZNPVWOYF63.CON,969500VHT1ZNPVWOYF63,CON,2025-06-30,BNP Paribas Personal Finance,France,Large subsidiaries,stimmig,63,3,60,0.9524,1,0,0.0,0,34,28,0,0,0,
rs:969500VHT1ZNPVWOYF63.CON,969500VHT1ZNPVWOYF63,CON,2025-12-31,BNP Paribas Personal Finance,France,Large subsidiaries,stimmig,86,41,45,0.5233,22,2,0.0909,0,44,20,0,0,2,73.00|74.00
rs:969500VR2NA6ANMTXH21.CON,969500VR2NA6ANMTXH21,CON,2025-12-31,Caisse d'épargne et de prévoyance de Rhône Alpes,France,Large subsidiaries,stimmig,71,22,49,0.6901,18,0,0.0,0,35,18,0,0,0,
rs:969500W34S6NCZWYBV47.CON,969500W34S6NCZWYBV47,CON,2025-12-31,Caisse d'épargne et de prévoyance Ile-de-France,France,Large subsidiaries,stimmig,71,23,48,0.6761,18,0,0.0,0,35,18,0,0,0,
rs:969500W8SBCXNX1DG443.CON,969500W8SBCXNX1DG443,CON,2025-12-31,Banque populaire Rives de Paris,France,Large subsidiaries,stimmig,76,23,53,0.6974,21,3,0.1429,2,37,18,0,0,0,21.02|30.03|30.05
rs:969500WFZ7C2IBN9TB80.CON,969500WFZ7C2IBN9TB80,CON,2025-12-31,Banque populaire Grand Ouest,France,Large subsidiaries,stimmig,76,19,57,0.75,21,7,0.3333,1,37,18,0,0,0,60.00|66.01|67.01|67.02|70.00|71.00|72.00
rs:969500WJ4V0WNG8Q5L42.CON,969500WJ4V0WNG8Q5L42,CON,2025-06-30,Caisse régionale de crédit agricole mutuel Centre-Est,France,Large subsidiaries,stimmig,68,6,62,0.9118,4,0,0.0,0,41,23,0,1,0,
rs:969500X8MO6M37C47827.CON,969500X8MO6M37C47827,CON,2025-06-30,Caisse régionale de crédit agricole mutuel d'Aquitaine,France,Large subsidiaries,stimmig,68,5,63,0.9265,4,0,0.0,0,41,23,0,0,0,
rs:9845006BAF66DZ35C849.CON,9845006BAF66DZ35C849,CON,2025-12-31,Lunar Group A/S,Denmark,Other highest EEA,stimmig,70,25,45,0.6429,8,0,0.0,0,36,26,0,0,0,
rs:9845006C7B5CC707X660.CON,9845006C7B5CC707X660,CON,2025-06-30,Swedbank Baltics AS,Latvia,Large subsidiaries,stimmig,55,2,53,0.9636,1,0,0.0,0,31,23,0,0,0,
rs:9845009BE414FBF82130.CON,9845009BE414FBF82130,CON,2025-12-31,FESTA HOLDING,Bulgaria,Other highest EEA,stimmig,73,28,45,0.6164,8,3,0.375,1,35,30,0,8,0,21.01|66.02|80.00
rs:984500ADEE3DE4F14F51.IND,984500ADEE3DE4F14F51,IND,2025-12-31,Kompasbank A/S,Denmark,Other highest EEA,stimmig,84,15,69,0.8214,10,0,0.0,0,44,30,0,1,0,
rs:984500E4D07499C10435.CON,984500E4D07499C10435,CON,2025-12-31,TBI FINANCIAL SERVICES B.V.,Netherlands,Other highest EEA,stimmig,86,49,37,0.4302,11,0,0.0,0,45,30,0,0,0,
rs:9CZ7TVMR36CYD5TZBS50.CON,9CZ7TVMR36CYD5TZBS50,CON,2025-06-30,Banque Internationale à Luxembourg,Luxembourg,Large highest EEA,stimmig,94,43,51,0.5426,22,0,0.0,0,38,34,0,0,0,
rs:9CZ7TVMR36CYD5TZBS50.CON,9CZ7TVMR36CYD5TZBS50,CON,2025-09-30,Banque Internationale à Luxembourg,Luxembourg,Large highest EEA,stimmig,55,7,48,0.8727,3,0,0.0,0,6,46,0,0,0,
rs:9CZ7TVMR36CYD5TZBS50.CON,9CZ7TVMR36CYD5TZBS50,CON,2025-12-31,Banque Internationale à Luxembourg,Luxembourg,Large highest EEA,widersprüchlich,99,67,32,0.3232,44,1,0.0227,0,49,6,1,0,2,91.00
rs:9CZ7TVMR36CYD5TZBS50.CON,9CZ7TVMR36CYD5TZBS50,CON,2026-03-31,Banque Internationale à Luxembourg,Luxembourg,Large highest EEA,stimmig,54,7,47,0.8704,3,0,0.0,0,6,45,0,0,0,
rs:9KOGW2C2FCIOJQ7FF485.CON,9KOGW2C2FCIOJQ7FF485,CON,2025-06-30,"Česká spořitelna, a.s.",Czech,Large subsidiaries,stimmig,79,30,49,0.6203,6,0,0.0,0,37,36,0,0,0,
rs:9KOGW2C2FCIOJQ7FF485.CON,9KOGW2C2FCIOJQ7FF485,CON,2025-09-30,"Česká spořitelna, a.s.",Czech,Large subsidiaries,stimmig,55,10,45,0.8182,3,0,0.0,0,7,45,0,0,0,
rs:9KOGW2C2FCIOJQ7FF485.CON,9KOGW2C2FCIOJQ7FF485,CON,2025-12-31,"Česká spořitelna, a.s.",Czech,Large subsidiaries,stimmig,84,40,44,0.5238,21,0,0.0,0,43,20,0,0,0,
rs:9KOGW2C2FCIOJQ7FF485.CON,9KOGW2C2FCIOJQ7FF485,CON,2026-03-31,"Česká spořitelna, a.s.",Czech,Large subsidiaries,stimmig,54,10,44,0.8148,3,1,0.3333,0,7,44,0,0,11,61.00
rs:9ZHRYM6F437SQJ6OUG95.CON,9ZHRYM6F437SQJ6OUG95,CON,2025-06-30,Raiffeisen Bank International AG,Austria,Large highest EEA,stimmig,109,54,55,0.5046,22,1,0.0455,0,38,34,0,0,3,43.00
rs:9ZHRYM6F437SQJ6OUG95.CON,9ZHRYM6F437SQJ6OUG95,CON,2025-09-30,Raiffeisen Bank International AG,Austria,Large highest EEA,stimmig,55,8,47,0.8545,3,0,0.0,0,6,46,0,0,0,
rs:9ZHRYM6F437SQJ6OUG95.CON,9ZHRYM6F437SQJ6OUG95,CON,2025-12-31,Raiffeisen Bank International AG,Austria,Large highest EEA,stimmig,106,70,36,0.3396,42,1,0.0238,0,45,4,0,0,3,43.00
rs:A5GWLFH3KM7YV2SFQL84.CON,A5GWLFH3KM7YV2SFQL84,CON,2025-06-30,Belfius Bank,Belgium,Large highest EEA,stimmig,94,55,39,0.4149,22,1,0.0455,1,38,34,0,2,1,66.01
rs:A5GWLFH3KM7YV2SFQL84.CON,A5GWLFH3KM7YV2SFQL84,CON,2025-09-30,Belfius Bank,Belgium,Large highest EEA,stimmig,55,8,47,0.8545,3,0,0.0,0,6,46,0,1,0,
rs:A5GWLFH3KM7YV2SFQL84.CON,A5GWLFH3KM7YV2SFQL84,CON,2025-12-31,Belfius Bank,Belgium,Large highest EEA,stimmig,99,75,24,0.2424,44,1,0.0227,0,49,6,0,2,7,22.01
rs:A5GWLFH3KM7YV2SFQL84.CON,A5GWLFH3KM7YV2SFQL84,CON,2026-03-31,Belfius Bank,Belgium,Large highest EEA,stimmig,54,8,46,0.8519,3,0,0.0,0,6,45,0,1,0,
rs:AT0000000000043000VB.CON,AT0000000000043000VB,CON,2025-12-31,VOLKSBANK WIEN AG VB,Austria,Large highest EEA,stimmig,99,56,43,0.4343,44,1,0.0227,0,49,6,0,0,12,83.01
rs:B64D6Y3LBJS4ANNPCU93.CON,B64D6Y3LBJS4ANNPCU93,CON,2025-12-31,NIBC Bank N.V.,Netherlands,Other highest EEA,stimmig,114,56,58,0.5088,11,2,0.1818,0,45,30,0,0,7,90.01|91.00
rs:B81CK4ESI35472RHJ606.CON,B81CK4ESI35472RHJ606,CON,2026-03-31,Landesbank Baden-Württemberg,Germany,Large highest EEA,stimmig,54,8,46,0.8519,3,0,0.0,0,6,45,0,0,0,
rs:BB3BGO3LCED63R8R9R41.CON,BB3BGO3LCED63R8R9R41,CON,2025-12-31,BANK POLSKIEJ SPOLDZIELCZOSCI S.A.,Poland,Large highest EEA,stimmig,86,50,36,0.4186,40,4,0.1,0,43,3,0,0,0,05.00|08.00|10.00|83.01
rs:BFXS5XCH7N0Y05NIXW11.CON,BFXS5XCH7N0Y05NIXW11,CON,2025-06-30,ABN AMRO Bank N.V.,Netherlands,Large highest EEA,stimmig,94,50,44,0.4681,22,0,0.0,0,38,34,0,0,0,
rs:BFXS5XCH7N0Y05NIXW11.CON,BFXS5XCH7N0Y05NIXW11,CON,2025-09-30,ABN AMRO Bank N.V.,Netherlands,Large highest EEA,stimmig,55,7,48,0.8727,3,0,0.0,0,6,46,0,0,0,
rs:BFXS5XCH7N0Y05NIXW11.CON,BFXS5XCH7N0Y05NIXW11,CON,2025-12-31,ABN AMRO Bank N.V.,Netherlands,Large highest EEA,stimmig,99,70,29,0.2929,44,0,0.0,0,49,6,0,0,0,
rs:BFXS5XCH7N0Y05NIXW11.CON,BFXS5XCH7N0Y05NIXW11,CON,2026-03-31,ABN AMRO Bank N.V.,Netherlands,Large highest EEA,stimmig,54,7,47,0.8704,3,0,0.0,0,6,45,0,0,0,
rs:CXUHEGU3MADZ2CEV7C11.CON,CXUHEGU3MADZ2CEV7C11,CON,2025-12-31,Eurobank Limited,Cyprus,Large subsidiaries,stimmig,99,44,55,0.5556,24,1,0.0417,0,48,27,0,0,4,68.00
rs:D1HEB8VEU6D9M8ZUXG17.CON,D1HEB8VEU6D9M8ZUXG17,CON,2025-06-30,UniCredit Bank Austria AG,Austria,Large subsidiaries,stimmig,79,30,49,0.6203,6,1,0.1667,0,37,36,0,0,11,61.00
rs:D1HEB8VEU6D9M8ZUXG17.CON,D1HEB8VEU6D9M8ZUXG17,CON,2025-09-30,UniCredit Bank Austria AG,Austria,Large subsidiaries,stimmig,55,8,47,0.8545,3,1,0.3333,0,7,45,0,0,11,61.00
rs:D1HEB8VEU6D9M8ZUXG17.CON,D1HEB8VEU6D9M8ZUXG17,CON,2025-12-31,UniCredit Bank Austria AG,Austria,Large subsidiaries,stimmig,84,37,47,0.5595,21,0,0.0,0,43,20,0,0,0,
rs:D1HEB8VEU6D9M8ZUXG17.CON,D1HEB8VEU6D9M8ZUXG17,CON,2026-03-31,UniCredit Bank Austria AG,Austria,Large subsidiaries,stimmig,54,8,46,0.8519,3,1,0.3333,0,7,44,0,0,11,61.00
rs:DG3RU1DBUFHT4ZF9WN62.CON,DG3RU1DBUFHT4ZF9WN62,CON,2025-12-31,Coöperatieve Rabobank U.A.,Netherlands,Large highest EEA,stimmig,99,61,38,0.3838,44,8,0.1818,1,49,6,0,0,0,21.02|64.01|64.03|66.02|70.00|71.00|72.00|74.00
rs:DG3RU1DBUFHT4ZF9WN62.CON,DG3RU1DBUFHT4ZF9WN62,CON,2026-03-31,Coöperatieve Rabobank U.A.,Netherlands,Large highest EEA,stimmig,54,8,46,0.8519,3,0,0.0,0,6,45,0,0,0,
rs:DIZES5CFO5K3I5R58746.CON,DIZES5CFO5K3I5R58746,CON,2025-06-30,Landesbank Hessen-Thüringen Girozentrale,Germany,Large highest EEA,stimmig,86,54,32,0.3721,21,0,0.0,0,36,29,0,3,0,
rs:DIZES5CFO5K3I5R58746.CON,DIZES5CFO5K3I5R58746,CON,2025-09-30,Landesbank Hessen-Thüringen Girozentrale,Germany,Large highest EEA,stimmig,55,10,45,0.8182,3,0,0.0,0,6,46,0,2,0,
rs:DIZES5CFO5K3I5R58746.CON,DIZES5CFO5K3I5R58746,CON,2025-12-31,Landesbank Hessen-Thüringen Girozentrale,Germany,Large highest EEA,stimmig,99,86,13,0.1313,44,0,0.0,0,49,6,0,13,0,
rs:DIZES5CFO5K3I5R58746.CON,DIZES5CFO5K3I5R58746,CON,2026-03-31,Landesbank Hessen-Thüringen Girozentrale,Germany,Large highest EEA,stimmig,54,8,46,0.8519,3,0,0.0,0,6,45,0,0,0,
rs:DSNHHQ2B9X5N6OUJ1236.CON,DSNHHQ2B9X5N6OUJ1236,CON,2025-12-31,Norddeutsche Landesbank - Girozentrale -,Germany,Large highest EEA,stimmig,99,75,24,0.2424,44,0,0.0,0,49,6,0,0,0,
rs:DSNHHQ2B9X5N6OUJ1236.CON,DSNHHQ2B9X5N6OUJ1236,CON,2026-03-31,Norddeutsche Landesbank - Girozentrale -,Germany,Large highest EEA,stimmig,54,8,46,0.8519,3,0,0.0,0,6,45,0,0,0,
rs:DZZ47B9A52ZJ6LT6VV95.CON,DZZ47B9A52ZJ6LT6VV95,CON,2025-06-30,Deutsche Pfandbriefbank AG,Germany,Large highest EEA,stimmig,94,42,52,0.5532,22,0,0.0,0,38,34,0,0,0,
rs:DZZ47B9A52ZJ6LT6VV95.CON,DZZ47B9A52ZJ6LT6VV95,CON,2025-09-30,Deutsche Pfandbriefbank AG,Germany,Large highest EEA,stimmig,55,7,48,0.8727,3,0,0.0,0,6,46,0,0,0,
rs:DZZ47B9A52ZJ6LT6VV95.CON,DZZ47B9A52ZJ6LT6VV95,CON,2025-12-31,Deutsche Pfandbriefbank AG,Germany,Large highest EEA,stimmig,99,66,33,0.3333,44,2,0.0455,1,49,6,0,0,0,64.01|66.02
rs:DZZ47B9A52ZJ6LT6VV95.CON,DZZ47B9A52ZJ6LT6VV95,CON,2026-03-31,Deutsche Pfandbriefbank AG,Germany,Large highest EEA,stimmig,54,7,47,0.8704,3,0,0.0,0,6,45,0,0,0,
rs:EQYXK86SF381Q21S3020.IND,EQYXK86SF381Q21S3020,IND,2025-06-30,Bank of America Europe Designated Activity Company,Ireland,Large highest EEA,stimmig,63,5,58,0.9206,12,11,0.9167,1,29,22,0,0,4,02.00|24.00|25.00|60.00|66.01|70.00|71.00|72.00|73.00|74.00|90.01
rs:EQYXK86SF381Q21S3020.IND,EQYXK86SF381Q21S3020,IND,2025-09-30,Bank of America Europe Designated Activity Company,Ireland,Large highest EEA,stimmig,8,1,7,0.875,0,0,,0,0,0,0,0,0,
rs:EQYXK86SF381Q21S3020.IND,EQYXK86SF381Q21S3020,IND,2025-12-31,Bank of America Europe Designated Activity Company,Ireland,Large highest EEA,stimmig,101,58,43,0.4257,40,1,0.025,0,43,3,0,0,2,90.01
rs:EV2XZWMLLXF2QRX0CD47.CON,EV2XZWMLLXF2QRX0CD47,CON,2025-06-30,Kommuninvest - Grupp,Sweden,Large highest EEA,stimmig,86,35,51,0.593,21,3,0.1429,0,36,29,0,1,0,22.01|42.00|80.00
rs:EV2XZWMLLXF2QRX0CD47.CON,EV2XZWMLLXF2QRX0CD47,CON,2025-09-30,Kommuninvest - Grupp,Sweden,Large highest EEA,stimmig,55,4,51,0.9273,3,0,0.0,0,6,46,0,0,0,
rs:EV2XZWMLLXF2QRX0CD47.CON,EV2XZWMLLXF2QRX0CD47,CON,2025-12-31,Kommuninvest - Grupp,Sweden,Large highest EEA,stimmig,91,46,45,0.4945,42,8,0.1905,2,45,4,0,2,0,10.00|19.02|19.03|22.01|30.02|30.03|42.00|80.00
rs:EV2XZWMLLXF2QRX0CD47.CON,EV2XZWMLLXF2QRX0CD47,CON,2026-03-31,Kommuninvest - Grupp,Sweden,Large highest EEA,stimmig,54,4,50,0.9259,3,0,0.0,0,6,45,0,0,0,
rs:F0HUI1NY1AZMJMD8LP67.CON,F0HUI1NY1AZMJMD8LP67,CON,2025-06-30,HSBC Continental Europe,France,Large highest EEA,stimmig,86,54,32,0.3721,21,0,0.0,0,36,29,0,0,0,
rs:F0HUI1NY1AZMJMD8LP67.CON,F0HUI1NY1AZMJMD8LP67,CON,2025-12-31,HSBC Continental Europe,France,Large highest EEA,stimmig,91,59,32,0.3516,42,5,0.119,0,45,4,0,0,0,20.01|20.02|20.03|64.01|64.03
rs:F3JS33DEI6XQ4ZBPTN86.CON,F3JS33DEI6XQ4ZBPTN86,CON,2025-06-30,Skandinaviska Enskilda Banken - gruppen,Sweden,Large highest EEA,stimmig,94,54,40,0.4255,22,0,0.0,0,38,34,0,0,0,
rs:F3JS33DEI6XQ4ZBPTN86.CON,F3JS33DEI6XQ4ZBPTN86,CON,2025-09-30,Skandinaviska Enskilda Banken - gruppen,Sweden,Large highest EEA,stimmig,55,10,45,0.8182,3,0,0.0,0,6,46,0,0,0,
rs:F3JS33DEI6XQ4ZBPTN86.CON,F3JS33DEI6XQ4ZBPTN86,CON,2025-12-31,Skandinaviska Enskilda Banken - gruppen,Sweden,Large highest EEA,stimmig,99,74,25,0.2525,44,0,0.0,0,49,6,0,0,0,
rs:F3JS33DEI6XQ4ZBPTN86.CON,F3JS33DEI6XQ4ZBPTN86,CON,2026-03-31,Skandinaviska Enskilda Banken - gruppen,Sweden,Large highest EEA,stimmig,54,9,45,0.8333,3,0,0.0,0,6,45,0,0,0,
rs:FR9695005MSX1OYEMGDF.CON,FR9695005MSX1OYEMGDF,CON,2025-06-30,Groupe BPCE,France,Large highest EEA,stimmig,94,52,42,0.4468,22,1,0.0455,0,38,34,0,0,7,22.01
rs:FR9695005MSX1OYEMGDF.CON,FR9695005MSX1OYEMGDF,CON,2025-09-30,Groupe BPCE,France,Large highest EEA,stimmig,55,5,50,0.9091,3,1,0.3333,0,6,46,0,0,2,73.00
rs:FR9695005MSX1OYEMGDF.CON,FR9695005MSX1OYEMGDF,CON,2025-12-31,Groupe BPCE,France,Large highest EEA,stimmig,114,100,14,0.1228,44,1,0.0227,0,49,6,0,11,7,22.01
rs:FR9695005MSX1OYEMGDF.CON,FR9695005MSX1OYEMGDF,CON,2026-03-31,Groupe BPCE,France,Large highest EEA,stimmig,62,12,50,0.8065,3,0,0.0,0,6,45,0,1,0,
rs:FR969500TJ5KRTCJQWXH.CON,FR969500TJ5KRTCJQWXH,CON,2025-06-30,Groupe Crédit Agricole,France,Large highest EEA,stimmig,13,5,8,0.6154,4,0,0.0,0,5,4,0,0,0,
rs:FR969500TJ5KRTCJQWXH.CON,FR969500TJ5KRTCJQWXH,CON,2025-12-31,Groupe Crédit Agricole,France,Large highest EEA,stimmig,28,20,8,0.2857,4,0,0.0,0,6,3,0,0,0,
rs:G8ZTNESVNKW4NN761W05.CON,G8ZTNESVNKW4NN761W05,CON,2025-06-30,ABN AMRO Clearing Bank N.V.,Netherlands,Large subsidiaries,stimmig,63,2,61,0.9683,1,0,0.0,0,34,28,0,0,0,
rs:G8ZTNESVNKW4NN761W05.CON,G8ZTNESVNKW4NN761W05,CON,2025-12-31,ABN AMRO Clearing Bank N.V.,Netherlands,Large subsidiaries,stimmig,81,36,45,0.5556,19,1,0.0526,0,42,20,0,0,14,80.00
rs:GDI8P8WHFH4PS5YTU851.CON,GDI8P8WHFH4PS5YTU851,CON,2025-06-30,"HAITONG BANK, S.A.",Portugal,Other highest EEA,stimmig,55,1,54,0.9818,1,0,0.0,0,0,54,0,0,0,
rs:GDI8P8WHFH4PS5YTU851.CON,GDI8P8WHFH4PS5YTU851,CON,2025-12-31,"HAITONG BANK, S.A.",Portugal,Other highest EEA,stimmig,78,45,33,0.4231,9,0,0.0,0,39,30,0,0,0,
rs:GP5DT10VX1QRQUKVBK64.CON,GP5DT10VX1QRQUKVBK64,CON,2026-03-31,AL Sydbank A/S,Denmark,Large highest EEA,stimmig,54,7,47,0.8704,3,0,0.0,0,6,45,0,0,0,
rs:GTQYZJON3I7SXRNJTT73.IND,GTQYZJON3I7SXRNJTT73,IND,2025-12-31,BSK 1818 AG,Germany,Large subsidiaries,stimmig,79,23,56,0.7089,18,1,0.0556,0,41,20,0,1,2,21.01
rs:H0YX5LBGKDVOWCXBZ594.CON,H0YX5LBGKDVOWCXBZ594,CON,2025-06-30,SBAB Bank AB - Grupp,Sweden,Large highest EEA,stimmig,86,38,48,0.5581,21,1,0.0476,0,36,29,0,1,0,74.00
rs:H0YX5LBGKDVOWCXBZ594.CON,H0YX5LBGKDVOWCXBZ594,CON,2025-09-30,SBAB Bank AB - Grupp,Sweden,Large highest EEA,stimmig,55,7,48,0.8727,3,0,0.0,0,6,46,0,0,0,
rs:H0YX5LBGKDVOWCXBZ594.CON,H0YX5LBGKDVOWCXBZ594,CON,2025-12-31,SBAB Bank AB - Grupp,Sweden,Large highest EEA,stimmig,91,52,39,0.4286,42,2,0.0476,2,45,4,0,0,1,30.02|30.03
rs:H0YX5LBGKDVOWCXBZ594.CON,H0YX5LBGKDVOWCXBZ594,CON,2026-03-31,SBAB Bank AB - Grupp,Sweden,Large highest EEA,stimmig,54,8,46,0.8519,3,0,0.0,0,6,45,0,0,0,
rs:H8MIG1MMPR6JXUQVBM04.IND,H8MIG1MMPR6JXUQVBM04,IND,2025-12-31,Bank BPH S.A.,Poland,Other highest EEA,stimmig,76,14,62,0.8158,8,0,0.0,0,38,30,0,0,0,
rs:HWIPDOTRM1EKRPKYKH81.IND,HWIPDOTRM1EKRPKYKH81,IND,2025-12-31,Northern Trust Global Services SE,Luxembourg,Other highest EEA,stimmig,84,19,65,0.7738,10,0,0.0,0,44,30,0,3,0,
rs:I6SS27Q1Q3385V753S50.IND,I6SS27Q1Q3385V753S50,IND,2025-06-30,Raiffeisenlandesbank Oberösterreich Aktiengesellschaft,Austria,Large subsidiaries,stimmig,86,31,55,0.6395,10,0,0.0,0,45,31,0,0,0,
rs:I6SS27Q1Q3385V753S50.IND,I6SS27Q1Q3385V753S50,IND,2025-09-30,Raiffeisenlandesbank Oberösterreich Aktiengesellschaft,Austria,Large subsidiaries,stimmig,55,4,51,0.9273,3,0,0.0,0,7,45,0,0,0,
rs:I6SS27Q1Q3385V753S50.IND,I6SS27Q1Q3385V753S50,IND,2025-12-31,Raiffeisenlandesbank Oberösterreich Aktiengesellschaft,Austria,Large subsidiaries,stimmig,89,30,59,0.6629,23,2,0.087,0,41,25,0,0,0,23.00|24.00
rs:I6SS27Q1Q3385V753S50.IND,I6SS27Q1Q3385V753S50,IND,2026-03-31,Raiffeisenlandesbank Oberösterreich Aktiengesellschaft,Austria,Large subsidiaries,stimmig,54,3,51,0.9444,3,0,0.0,0,7,44,0,0,0,
rs:I6USJ58BDV2BO5KP3C31.CON,I6USJ58BDV2BO5KP3C31,CON,2025-06-30,"MONETA Money Bank, a.s.",Czech,Other highest EEA,stimmig,63,2,61,0.9683,1,0,0.0,0,0,54,0,0,0,
rs:I6USJ58BDV2BO5KP3C31.CON,I6USJ58BDV2BO5KP3C31,CON,2025-12-31,"MONETA Money Bank, a.s.",Czech,Other highest EEA,stimmig,78,41,37,0.4744,9,0,0.0,0,39,30,0,5,0,
rs:I7ETN0QQO2AHZZGHJ389.IND,I7ETN0QQO2AHZZGHJ389,IND,2025-12-31,KOMMUNALBANKEN AS,Norway,Large highest EEA,stimmig,86,47,39,0.4535,38,10,0.2632,0,44,4,0,14,0,10.00|19.02|19.03|21.01|22.01|23.00|80.00|82.00|83.01|84.01
rs:I7ETN0QQO2AHZZGHJ389.IND,I7ETN0QQO2AHZZGHJ389,IND,2026-03-31,KOMMUNALBANKEN AS,Norway,Large highest EEA,stimmig,56,56,0,0.0,3,0,0.0,0,6,45,0,33,0,
rs:J48C8PCSJVUBR8KCW529.CON,J48C8PCSJVUBR8KCW529,CON,2025-06-30,BANCA POPOLARE DI SONDRIO SOCIETA' PER AZIONI,Italy,Large subsidiaries,stimmig,94,49,45,0.4787,10,0,0.0,0,48,36,0,1,0,
rs:J48C8PCSJVUBR8KCW529.CON,J48C8PCSJVUBR8KCW529,CON,2025-09-30,BANCA POPOLARE DI SONDRIO SOCIETA' PER AZIONI,Italy,Large subsidiaries,stimmig,55,6,49,0.8909,3,0,0.0,0,7,45,0,0,0,
rs:J4CP7MHCXR8DAQMKIL78.CON,J4CP7MHCXR8DAQMKIL78,CON,2025-06-30,Banca Monte dei Paschi di Siena S.p.A.,Italy,Large highest EEA,stimmig,94,47,47,0.5,22,0,0.0,0,38,34,0,2,0,
rs:J4CP7MHCXR8DAQMKIL78.CON,J4CP7MHCXR8DAQMKIL78,CON,2025-09-30,Banca Monte dei Paschi di Siena S.p.A.,Italy,Large highest EEA,stimmig,55,6,49,0.8909,3,0,0.0,0,6,46,0,0,0,
rs:J4CP7MHCXR8DAQMKIL78.CON,J4CP7MHCXR8DAQMKIL78,CON,2025-12-31,Banca Monte dei Paschi di Siena S.p.A.,Italy,Large highest EEA,stimmig,99,76,23,0.2323,44,1,0.0227,0,49,6,0,6,12,83.01
rs:J4CP7MHCXR8DAQMKIL78.CON,J4CP7MHCXR8DAQMKIL78,CON,2026-03-31,Banca Monte dei Paschi di Siena S.p.A.,Italy,Large highest EEA,stimmig,54,7,47,0.8704,3,0,0.0,0,6,45,0,1,0,
rs:JLS56RAMYQZECFUF2G44.CON,JLS56RAMYQZECFUF2G44,CON,2025-06-30,ING Belgie,Belgium,Large subsidiaries,stimmig,81,41,40,0.4938,7,1,0.1429,0,38,36,0,0,4,21.02
rs:JU1U6S0DG9YLT7N8ZV32.CON,JU1U6S0DG9YLT7N8ZV32,CON,2025-06-30,"Banco Comercial Português, SA",Portugal,Large highest EEA,stimmig,94,47,47,0.5,22,0,0.0,0,38,34,0,0,0,
rs:JU1U6S0DG9YLT7N8ZV32.CON,JU1U6S0DG9YLT7N8ZV32,CON,2025-09-30,"Banco Comercial Português, SA",Portugal,Large highest EEA,stimmig,55,7,48,0.8727,3,0,0.0,0,6,46,0,0,0,
rs:JU1U6S0DG9YLT7N8ZV32.CON,JU1U6S0DG9YLT7N8ZV32,CON,2025-12-31,"Banco Comercial Português, SA",Portugal,Large highest EEA,stimmig,99,74,25,0.2525,44,0,0.0,0,49,6,0,0,0,
rs:K8MS7FD7N5Z2WQ51AZ71.CON,K8MS7FD7N5Z2WQ51AZ71,CON,2025-06-30,"Banco Bilbao Vizcaya Argentaria, S.A.",Spain,Large highest EEA,stimmig,94,48,46,0.4894,22,1,0.0455,0,38,34,0,0,2,73.00
rs:K8MS7FD7N5Z2WQ51AZ71.CON,K8MS7FD7N5Z2WQ51AZ71,CON,2025-09-30,"Banco Bilbao Vizcaya Argentaria, S.A.",Spain,Large highest EEA,stimmig,55,8,47,0.8545,3,0,0.0,0,6,46,0,0,0,
rs:K8MS7FD7N5Z2WQ51AZ71.CON,K8MS7FD7N5Z2WQ51AZ71,CON,2025-12-31,"Banco Bilbao Vizcaya Argentaria, S.A.",Spain,Large highest EEA,stimmig,101,86,15,0.1485,40,0,0.0,0,43,3,0,0,0,
rs:K8MS7FD7N5Z2WQ51AZ71.CON,K8MS7FD7N5Z2WQ51AZ71,CON,2026-03-31,"Banco Bilbao Vizcaya Argentaria, S.A.",Spain,Large highest EEA,stimmig,54,8,46,0.8519,3,0,0.0,0,6,45,0,0,0,
rs:KFUXYFTU2LHQFQZDQG45.CON,KFUXYFTU2LHQFQZDQG45,CON,2025-06-30,Kereskedelmi és Hitelbank csoport,Hungary,Large subsidiaries,stimmig,92,27,65,0.7065,9,3,0.3333,0,47,36,0,2,1,21.02|83.01|84.01
rs:KFUXYFTU2LHQFQZDQG45.CON,KFUXYFTU2LHQFQZDQG45,CON,2025-09-30,Kereskedelmi és Hitelbank csoport,Hungary,Large subsidiaries,stimmig,55,7,48,0.8727,3,0,0.0,0,7,45,0,1,0,
rs:KFUXYFTU2LHQFQZDQG45.CON,KFUXYFTU2LHQFQZDQG45,CON,2025-12-31,Kereskedelmi és Hitelbank csoport,Hungary,Large subsidiaries,stimmig,97,36,61,0.6289,23,3,0.1304,0,47,27,0,1,1,21.02|83.01|84.01
rs:KGCEPHLVVKVRZYO1T647.CON,KGCEPHLVVKVRZYO1T647,CON,2025-06-30,BNP Paribas Fortis,Belgium,Large subsidiaries,stimmig,114,26,88,0.7719,10,4,0.4,0,48,36,0,0,0,41.00|42.00|45.00|68.00
rs:KGCEPHLVVKVRZYO1T647.CON,KGCEPHLVVKVRZYO1T647,CON,2025-09-30,BNP Paribas Fortis,Belgium,Large subsidiaries,stimmig,114,8,106,0.9298,3,0,0.0,0,7,45,0,0,0,
rs:KGCEPHLVVKVRZYO1T647.CON,KGCEPHLVVKVRZYO1T647,CON,2025-12-31,BNP Paribas Fortis,Belgium,Large subsidiaries,stimmig,106,39,67,0.6321,24,3,0.125,0,42,25,0,0,0,41.00|42.00|68.00
rs:KGCEPHLVVKVRZYO1T647.CON,KGCEPHLVVKVRZYO1T647,CON,2026-03-31,BNP Paribas Fortis,Belgium,Large subsidiaries,stimmig,114,6,108,0.9474,3,0,0.0,0,7,44,0,0,0,
rs:KR6LSKV3BTSJRD41IF75.CON,KR6LSKV3BTSJRD41IF75,CON,2025-06-30,"UniCredit Bank Czech Republic and Slovakia, a.s.",Czech,Large subsidiaries,stimmig,79,30,49,0.6203,6,0,0.0,0,37,36,0,0,0,
rs:KR6LSKV3BTSJRD41IF75.CON,KR6LSKV3BTSJRD41IF75,CON,2025-09-30,"UniCredit Bank Czech Republic and Slovakia, a.s.",Czech,Large subsidiaries,stimmig,55,8,47,0.8545,3,1,0.3333,0,7,45,0,0,11,61.00
rs:KR6LSKV3BTSJRD41IF75.CON,KR6LSKV3BTSJRD41IF75,CON,2025-12-31,"UniCredit Bank Czech Republic and Slovakia, a.s.",Czech,Large subsidiaries,stimmig,84,35,49,0.5833,21,0,0.0,0,43,20,0,0,0,
rs:KR6LSKV3BTSJRD41IF75.CON,KR6LSKV3BTSJRD41IF75,CON,2026-03-31,"UniCredit Bank Czech Republic and Slovakia, a.s.",Czech,Large subsidiaries,stimmig,54,8,46,0.8519,3,1,0.3333,0,7,44,0,0,11,61.00
rs:KX1WK48MPD4Y2NCUIZ63.CON,KX1WK48MPD4Y2NCUIZ63,CON,2025-06-30,Natixis,France,Large subsidiaries,stimmig,71,43,28,0.3944,6,0,0.0,0,34,31,0,0,0,
rs:KX1WK48MPD4Y2NCUIZ63.CON,KX1WK48MPD4Y2NCUIZ63,CON,2025-12-31,Natixis,France,Large subsidiaries,stimmig,76,65,11,0.1447,21,0,0.0,0,37,18,0,2,0,
rs:LIU16F6VZJSD6UKHD557.CON,LIU16F6VZJSD6UKHD557,CON,2025-06-30,Nykredit Realkredit A/S,Denmark,Large highest EEA,stimmig,86,44,42,0.4884,21,1,0.0476,1,36,29,0,0,1,66.01
rs:LIU16F6VZJSD6UKHD557.CON,LIU16F6VZJSD6UKHD557,CON,2025-09-30,Nykredit Realkredit A/S,Denmark,Large highest EEA,stimmig,55,8,47,0.8545,3,0,0.0,0,6,46,0,0,0,
rs:LIU16F6VZJSD6UKHD557.CON,LIU16F6VZJSD6UKHD557,CON,2025-12-31,Nykredit Realkredit A/S,Denmark,Large highest EEA,stimmig,91,64,27,0.2967,42,0,0.0,0,45,4,0,0,0,
rs:LIU16F6VZJSD6UKHD557.CON,LIU16F6VZJSD6UKHD557,CON,2026-03-31,Nykredit Realkredit A/S,Denmark,Large highest EEA,stimmig,54,8,46,0.8519,3,0,0.0,0,6,45,0,0,0,
rs:LOO0AWXR8GF142JCO404.CON,LOO0AWXR8GF142JCO404,CON,2025-06-30,CASSA CENTRALE BANCA - CREDITO COOPERATIVO ITALIANOSOCIETA' PER AZIONI (IN SIGLA CASSA CENTRALE BANCA),Italy,Large highest EEA,stimmig,94,36,58,0.617,22,0,0.0,0,38,34,0,0,0,
rs:LOO0AWXR8GF142JCO404.CON,LOO0AWXR8GF142JCO404,CON,2025-09-30,CASSA CENTRALE BANCA - CREDITO COOPERATIVO ITALIANOSOCIETA' PER AZIONI (IN SIGLA CASSA CENTRALE BANCA),Italy,Large highest EEA,stimmig,55,4,51,0.9273,3,0,0.0,0,6,46,0,0,0,
rs:LOO0AWXR8GF142JCO404.CON,LOO0AWXR8GF142JCO404,CON,2025-12-31,CASSA CENTRALE BANCA - CREDITO COOPERATIVO ITALIANOSOCIETA' PER AZIONI (IN SIGLA CASSA CENTRALE BANCA),Italy,Large highest EEA,stimmig,99,57,42,0.4242,44,3,0.0682,0,49,6,0,0,0,67.01|67.02|83.01
rs:M312WZV08Y7LYUC71685.CON,M312WZV08Y7LYUC71685,CON,2025-06-30,Swedbank - Grupp,Sweden,Large highest EEA,stimmig,94,57,37,0.3936,22,0,0.0,0,38,34,0,7,0,
rs:M312WZV08Y7LYUC71685.CON,M312WZV08Y7LYUC71685,CON,2025-09-30,Swedbank - Grupp,Sweden,Large highest EEA,stimmig,63,12,51,0.8095,3,0,0.0,0,6,46,0,2,0,
rs:M312WZV08Y7LYUC71685.CON,M312WZV08Y7LYUC71685,CON,2025-12-31,Swedbank - Grupp,Sweden,Large highest EEA,stimmig,99,88,11,0.1111,44,0,0.0,0,49,6,0,17,0,
rs:M312WZV08Y7LYUC71685.CON,M312WZV08Y7LYUC71685,CON,2026-03-31,Swedbank - Grupp,Sweden,Large highest EEA,stimmig,54,10,44,0.8148,3,0,0.0,0,6,45,0,2,0,
rs:M6AD1Y1KW32H8THQ6F76.CON,M6AD1Y1KW32H8THQ6F76,CON,2025-06-30,Piraeus Financial Holdings,Greece,Large highest EEA,stimmig,86,45,41,0.4767,21,0,0.0,0,36,29,0,4,0,
rs:M6AD1Y1KW32H8THQ6F76.CON,M6AD1Y1KW32H8THQ6F76,CON,2025-09-30,Piraeus Financial Holdings,Greece,Large highest EEA,stimmig,55,3,52,0.9455,3,0,0.0,0,6,46,0,0,0,
rs:MAES062Z21O4RZ2U7M96.CON,MAES062Z21O4RZ2U7M96,CON,2025-06-30,Danske Bank A/S,Denmark,Large highest EEA,stimmig,94,46,48,0.5106,22,0,0.0,0,38,34,0,1,0,
rs:MAES062Z21O4RZ2U7M96.CON,MAES062Z21O4RZ2U7M96,CON,2025-09-30,Danske Bank A/S,Denmark,Large highest EEA,stimmig,55,8,47,0.8545,3,0,0.0,0,6,46,0,0,0,
rs:MAES062Z21O4RZ2U7M96.CON,MAES062Z21O4RZ2U7M96,CON,2025-12-31,Danske Bank A/S,Denmark,Large highest EEA,stimmig,99,70,29,0.2929,44,2,0.0455,0,49,6,0,4,0,10.00|19.02
rs:MAES062Z21O4RZ2U7M96.CON,MAES062Z21O4RZ2U7M96,CON,2026-03-31,Danske Bank A/S,Denmark,Large highest EEA,stimmig,54,8,46,0.8519,3,0,0.0,0,6,45,0,0,0,
rs:MKP1B7E76TN04CD85Z79.CON,MKP1B7E76TN04CD85Z79,CON,2025-06-30,BANK OCHRONY ŚRODOWISKA SA,Poland,Other highest EEA,stimmig,63,2,61,0.9683,1,0,0.0,0,0,54,0,0,0,
rs:MKP1B7E76TN04CD85Z79.CON,MKP1B7E76TN04CD85Z79,CON,2025-12-31,BANK OCHRONY ŚRODOWISKA SA,Poland,Other highest EEA,stimmig,86,43,43,0.5,11,0,0.0,0,45,30,0,0,0,
rs:MMYX0N4ZEZ13Z4XCG897.IND,MMYX0N4ZEZ13Z4XCG897,IND,2025-06-30,THE BANK OF NEW YORK MELLON,Belgium,Large highest EEA,stimmig,63,5,58,0.9206,12,11,0.9167,1,29,22,0,0,4,02.00|24.00|25.00|60.00|66.01|70.00|71.00|72.00|73.00|74.00|90.01
rs:MMYX0N4ZEZ13Z4XCG897.IND,MMYX0N4ZEZ13Z4XCG897,IND,2025-09-30,THE BANK OF NEW YORK MELLON,Belgium,Large highest EEA,stimmig,8,2,6,0.75,0,0,,0,0,0,0,1,0,
rs:MMYX0N4ZEZ13Z4XCG897.IND,MMYX0N4ZEZ13Z4XCG897,IND,2025-12-31,THE BANK OF NEW YORK MELLON,Belgium,Large highest EEA,stimmig,86,47,39,0.4535,40,5,0.125,0,43,3,0,0,0,22.01|80.00|84.01|90.01|91.00
rs:N1FBEDJ5J41VKZLO2475.CON,N1FBEDJ5J41VKZLO2475,CON,2025-06-30,Citibank Europe plc,Ireland,Large highest EEA,stimmig,94,39,55,0.5851,22,2,0.0909,0,38,34,0,0,0,45.00|90.01
rs:N1FBEDJ5J41VKZLO2475.CON,N1FBEDJ5J41VKZLO2475,CON,2025-09-30,Citibank Europe plc,Ireland,Large highest EEA,stimmig,63,7,56,0.8889,3,0,0.0,0,6,46,0,0,0,
rs:N1FBEDJ5J41VKZLO2475.CON,N1FBEDJ5J41VKZLO2475,CON,2025-12-31,Citibank Europe plc,Ireland,Large highest EEA,stimmig,44,24,20,0.4545,21,2,0.0952,0,18,5,0,0,7,90.01|91.00
rs:N4JDFKKH2FTD8RKFXO39.CON,N4JDFKKH2FTD8RKFXO39,CON,2025-06-30,Crédit industriel et commercial - CIC,France,Large subsidiaries,stimmig,86,58,28,0.3256,10,0,0.0,0,45,31,0,17,0,
rs:N4JDFKKH2FTD8RKFXO39.CON,N4JDFKKH2FTD8RKFXO39,CON,2025-09-30,Crédit industriel et commercial - CIC,France,Large subsidiaries,stimmig,55,9,46,0.8364,3,0,0.0,0,7,45,0,5,0,
rs:N4JDFKKH2FTD8RKFXO39.CON,N4JDFKKH2FTD8RKFXO39,CON,2025-12-31,Crédit industriel et commercial - CIC,France,Large subsidiaries,stimmig,91,91,0,0.0,24,0,0.0,0,42,25,0,32,0,
rs:N4JDFKKH2FTD8RKFXO39.CON,N4JDFKKH2FTD8RKFXO39,CON,2026-03-31,Crédit industriel et commercial - CIC,France,Large subsidiaries,stimmig,54,10,44,0.8148,3,0,0.0,0,7,44,0,6,0,
rs:N747OI7JINV7RUUH6190.CON,N747OI7JINV7RUUH6190,CON,2025-06-30,BPER Banca S.p.A.,Italy,Large highest EEA,stimmig,94,48,46,0.4894,22,0,0.0,0,38,34,0,0,0,
rs:N747OI7JINV7RUUH6190.CON,N747OI7JINV7RUUH6190,CON,2025-09-30,BPER Banca S.p.A.,Italy,Large highest EEA,stimmig,55,7,48,0.8727,3,0,0.0,0,6,46,0,0,0,
rs:N747OI7JINV7RUUH6190.CON,N747OI7JINV7RUUH6190,CON,2025-12-31,BPER Banca S.p.A.,Italy,Large highest EEA,stimmig,99,69,30,0.303,44,0,0.0,0,49,6,0,0,0,
rs:NHBDILHZTYCNBV5UYZ31.CON,NHBDILHZTYCNBV5UYZ31,CON,2025-06-30,Svenska Handelsbanken - gruppen,Sweden,Large highest EEA,stimmig,94,41,53,0.5638,22,0,0.0,0,38,34,0,0,0,
rs:NHBDILHZTYCNBV5UYZ31.CON,NHBDILHZTYCNBV5UYZ31,CON,2025-09-30,Svenska Handelsbanken - gruppen,Sweden,Large highest EEA,stimmig,55,5,50,0.9091,3,0,0.0,0,6,46,0,0,0,
rs:NHBDILHZTYCNBV5UYZ31.CON,NHBDILHZTYCNBV5UYZ31,CON,2025-12-31,Svenska Handelsbanken - gruppen,Sweden,Large highest EEA,stimmig,114,73,41,0.3596,44,1,0.0227,0,49,6,0,0,1,23.00
rs:NHBDILHZTYCNBV5UYZ31.CON,NHBDILHZTYCNBV5UYZ31,CON,2026-03-31,Svenska Handelsbanken - gruppen,Sweden,Large highest EEA,stimmig,54,6,48,0.8889,3,0,0.0,0,6,45,0,0,0,
rs:NICH5Q04ADUV9SN3Q390.CON,NICH5Q04ADUV9SN3Q390,CON,2025-06-30,BRED - Banque populaire,France,Large subsidiaries,stimmig,71,22,49,0.6901,6,1,0.1667,0,34,31,0,2,11,61.00
rs:NICH5Q04ADUV9SN3Q390.CON,NICH5Q04ADUV9SN3Q390,CON,2025-12-31,BRED - Banque populaire,France,Large subsidiaries,stimmig,76,29,47,0.6184,21,0,0.0,0,37,18,0,0,0,
rs:NMH2KF074RKAGTH4CM63.CON,NMH2KF074RKAGTH4CM63,CON,2025-06-30,BNP PARIBAS BANK POLSKA S.A,Poland,Large subsidiaries,stimmig,73,31,42,0.5753,7,0,0.0,0,35,31,0,0,0,
rs:NMH2KF074RKAGTH4CM63.CON,NMH2KF074RKAGTH4CM63,CON,2025-09-30,BNP PARIBAS BANK POLSKA S.A,Poland,Large subsidiaries,stimmig,55,5,50,0.9091,3,0,0.0,0,7,45,0,0,0,
rs:NMH2KF074RKAGTH4CM63.CON,NMH2KF074RKAGTH4CM63,CON,2025-12-31,BNP PARIBAS BANK POLSKA S.A,Poland,Large subsidiaries,stimmig,86,50,36,0.4186,22,0,0.0,0,44,20,0,0,0,
rs:NMH2KF074RKAGTH4CM63.CON,NMH2KF074RKAGTH4CM63,CON,2026-03-31,BNP PARIBAS BANK POLSKA S.A,Poland,Large subsidiaries,stimmig,54,3,51,0.9444,3,0,0.0,0,7,44,0,0,0,
rs:NNVPP80YIZGEY2314M97.CON,NNVPP80YIZGEY2314M97,CON,2025-06-30,ICCREA BANCA S.P.A. - ISTITUTO CENTRALE DEL CREDITO COOPERATIVO (IN FORMA ABBREVIATA: ICCREA BANCA S.P.A.),Italy,Large highest EEA,stimmig,94,40,54,0.5745,22,0,0.0,0,38,34,0,4,0,
rs:NNVPP80YIZGEY2314M97.CON,NNVPP80YIZGEY2314M97,CON,2025-09-30,ICCREA BANCA S.P.A. - ISTITUTO CENTRALE DEL CREDITO COOPERATIVO (IN FORMA ABBREVIATA: ICCREA BANCA S.P.A.),Italy,Large highest EEA,stimmig,55,4,51,0.9273,3,0,0.0,0,6,46,0,1,0,
rs:NNVPP80YIZGEY2314M97.CON,NNVPP80YIZGEY2314M97,CON,2025-12-31,ICCREA BANCA S.P.A. - ISTITUTO CENTRALE DEL CREDITO COOPERATIVO (IN FORMA ABBREVIATA: ICCREA BANCA S.P.A.),Italy,Large highest EEA,stimmig,99,55,44,0.4444,44,1,0.0227,0,49,6,0,0,12,83.01
rs:NNVPP80YIZGEY2314M97.CON,NNVPP80YIZGEY2314M97,CON,2026-03-31,ICCREA BANCA S.P.A. - ISTITUTO CENTRALE DEL CREDITO COOPERATIVO (IN FORMA ABBREVIATA: ICCREA BANCA S.P.A.),Italy,Large highest EEA,stimmig,54,3,51,0.9444,3,0,0.0,0,6,45,0,0,0,
rs:O2RNE8IBXP4R0TD8PU41.CON,O2RNE8IBXP4R0TD8PU41,CON,2025-06-30,Société générale S.A.,France,Large highest EEA,stimmig,81,81,0,0.0,18,0,0.0,0,33,30,0,24,0,
rs:O2RNE8IBXP4R0TD8PU41.CON,O2RNE8IBXP4R0TD8PU41,CON,2025-09-30,Société générale S.A.,France,Large highest EEA,stimmig,63,9,54,0.8571,3,0,0.0,0,6,46,0,0,0,
rs:O2RNE8IBXP4R0TD8PU41.CON,O2RNE8IBXP4R0TD8PU41,CON,2025-12-31,Société générale S.A.,France,Large highest EEA,stimmig,81,81,0,0.0,36,0,0.0,0,42,3,0,10,0,
rs:O2RNE8IBXP4R0TD8PU41.CON,O2RNE8IBXP4R0TD8PU41,CON,2026-03-31,Société générale S.A.,France,Large highest EEA,stimmig,62,9,53,0.8548,3,0,0.0,0,6,45,0,0,0,
rs:P4GTT6GF1W40CVIMFR43.CON,P4GTT6GF1W40CVIMFR43,CON,2025-06-30,Powszechna Kasa Oszczednosci Bank Polski S.A.,Poland,Large highest EEA,stimmig,97,35,62,0.6392,21,0,0.0,0,37,34,0,0,0,
rs:P4GTT6GF1W40CVIMFR43.CON,P4GTT6GF1W40CVIMFR43,CON,2025-09-30,Powszechna Kasa Oszczednosci Bank Polski S.A.,Poland,Large highest EEA,stimmig,55,3,52,0.9455,3,0,0.0,0,6,46,0,0,0,
rs:P4GTT6GF1W40CVIMFR43.CON,P4GTT6GF1W40CVIMFR43,CON,2025-12-31,Powszechna Kasa Oszczednosci Bank Polski S.A.,Poland,Large highest EEA,stimmig,97,52,45,0.4639,43,1,0.0233,0,48,6,0,5,12,83.01
rs:P4GTT6GF1W40CVIMFR43.CON,P4GTT6GF1W40CVIMFR43,CON,2026-03-31,Powszechna Kasa Oszczednosci Bank Polski S.A.,Poland,Large highest EEA,stimmig,54,3,51,0.9444,3,0,0.0,0,6,45,0,0,0,
rs:PQOH26KWDF7CG10L6792.CON,PQOH26KWDF7CG10L6792,CON,2025-06-30,Erste Group Bank AG,Austria,Large highest EEA,stimmig,94,49,45,0.4787,22,0,0.0,0,38,34,0,0,0,
rs:PQOH26KWDF7CG10L6792.CON,PQOH26KWDF7CG10L6792,CON,2025-09-30,Erste Group Bank AG,Austria,Large highest EEA,stimmig,55,7,48,0.8727,3,0,0.0,0,6,46,0,0,0,
rs:PRNXTNXHBI0TSY1V8P17.CON,PRNXTNXHBI0TSY1V8P17,CON,2025-06-30,Zagrebačka banka d.d.,Croatia,Large subsidiaries,stimmig,73,29,44,0.6027,7,0,0.0,0,35,31,0,0,0,
rs:PRNXTNXHBI0TSY1V8P17.CON,PRNXTNXHBI0TSY1V8P17,CON,2025-09-30,Zagrebačka banka d.d.,Croatia,Large subsidiaries,stimmig,55,3,52,0.9455,3,0,0.0,0,7,45,0,0,0,
rs:PRNXTNXHBI0TSY1V8P17.CON,PRNXTNXHBI0TSY1V8P17,CON,2025-12-31,Zagrebačka banka d.d.,Croatia,Large subsidiaries,stimmig,99,43,56,0.5657,24,0,0.0,0,48,27,0,0,0,
rs:PRNXTNXHBI0TSY1V8P17.CON,PRNXTNXHBI0TSY1V8P17,CON,2026-03-31,Zagrebačka banka d.d.,Croatia,Large subsidiaries,stimmig,54,3,51,0.9444,3,0,0.0,0,7,44,0,0,0,
rs:PSNL19R2RXX5U3QWHI44.CON,PSNL19R2RXX5U3QWHI44,CON,2025-06-30,MEDIOBANCA - BANCA DI CREDITO FINANZIARIO S.P.A.,Italy,Large subsidiaries,stimmig,99,79,20,0.202,10,0,0.0,0,48,36,0,5,0,
rs:PSNL19R2RXX5U3QWHI44.CON,PSNL19R2RXX5U3QWHI44,CON,2025-09-30,MEDIOBANCA - BANCA DI CREDITO FINANZIARIO S.P.A.,Italy,Large subsidiaries,stimmig,55,7,48,0.8727,3,0,0.0,0,7,45,0,1,0,
rs:PSNL19R2RXX5U3QWHI44.IND,PSNL19R2RXX5U3QWHI44,IND,2025-12-31,MEDIOBANCA - BANCA DI CREDITO FINANZIARIO S.P.A.,Italy,Large subsidiaries,stimmig,97,36,61,0.6289,23,2,0.087,0,47,27,0,1,2,73.00|74.00
rs:PWEFG14QWWESISQ84C69.CON,PWEFG14QWWESISQ84C69,CON,2025-12-31,IKB Deutsche Industriebank Aktiengesellschaft,Germany,Other highest EEA,stimmig,76,14,62,0.8158,8,0,0.0,0,38,30,0,0,0,
rs:Q5BP2UEQ48R75BOTCB92.CON,Q5BP2UEQ48R75BOTCB92,CON,2025-06-30,"Československá obchodní banka, a.s.",Czech,Large subsidiaries,stimmig,63,2,61,0.9683,1,0,0.0,0,34,28,0,0,0,
rs:Q5BP2UEQ48R75BOTCB92.CON,Q5BP2UEQ48R75BOTCB92,CON,2025-12-31,"Československá obchodní banka, a.s.",Czech,Large subsidiaries,stimmig,16,12,4,0.25,6,0,0.0,0,10,0,0,1,0,
rs:QS3ZEAHRBZY9228Z0111.IND,QS3ZEAHRBZY9228Z0111,IND,2025-12-31,Bank Julius Baer Europe S.A.,Luxembourg,Other highest EEA,stimmig,76,7,69,0.9079,8,3,0.375,2,38,30,0,0,0,30.01|66.02|80.00
rs:R0MUWSFPU8MPRO8K5P83.CON,R0MUWSFPU8MPRO8K5P83,CON,2025-06-30,BNP Paribas,France,Large highest EEA,stimmig,94,54,40,0.4255,22,1,0.0455,0,38,34,0,0,7,22.01
rs:R0MUWSFPU8MPRO8K5P83.CON,R0MUWSFPU8MPRO8K5P83,CON,2025-09-30,BNP Paribas,France,Large highest EEA,stimmig,63,10,53,0.8413,3,0,0.0,0,6,46,0,0,0,
rs:R0MUWSFPU8MPRO8K5P83.CON,R0MUWSFPU8MPRO8K5P83,CON,2025-12-31,BNP Paribas,France,Large highest EEA,stimmig,114,92,22,0.193,44,0,0.0,0,49,6,0,0,0,
rs:R0MUWSFPU8MPRO8K5P83.CON,R0MUWSFPU8MPRO8K5P83,CON,2026-03-31,BNP Paribas,France,Large highest EEA,stimmig,62,11,51,0.8226,3,0,0.0,0,6,45,0,0,0,
rs:R1IO4YJ0O79SMWVCHB58.IND,R1IO4YJ0O79SMWVCHB58,IND,2025-12-31,Banque centrale de compensation,France,Large highest EEA,stimmig,78,18,60,0.7692,38,24,0.6316,5,39,1,0,7,0,02.00|05.00|19.02|22.01|23.00|24.00|25.00|30.01|30.02|30.03|30.05|64.01|64.03|66.02|67.01|67.02|70.00|71.00|72.00|74.00|80.00|82.00|83.01|84.01
rs:R7CQUF1DQM73HUTV1078.IND,R7CQUF1DQM73HUTV1078,IND,2025-06-30,"Banque et Caisse d´Epargne de l´Etat, Luxembourg",Luxembourg,Large highest EEA,stimmig,92,40,52,0.5652,21,0,0.0,0,37,34,0,0,0,
rs:R7CQUF1DQM73HUTV1078.IND,R7CQUF1DQM73HUTV1078,IND,2025-09-30,"Banque et Caisse d´Epargne de l´Etat, Luxembourg",Luxembourg,Large highest EEA,stimmig,55,7,48,0.8727,3,0,0.0,0,6,46,0,0,0,
rs:R7CQUF1DQM73HUTV1078.IND,R7CQUF1DQM73HUTV1078,IND,2025-12-31,"Banque et Caisse d´Epargne de l´Etat, Luxembourg",Luxembourg,Large highest EEA,stimmig,99,63,36,0.3636,44,0,0.0,0,49,6,0,0,0,
rs:RG3IZJKPYQ4H6IQPIC08.IND,RG3IZJKPYQ4H6IQPIC08,IND,2025-06-30,Addiko Bank d.d.,Croatia,Large subsidiaries,stimmig,63,2,61,0.9683,1,0,0.0,0,34,28,0,0,0,
rs:RG3IZJKPYQ4H6IQPIC08.IND,RG3IZJKPYQ4H6IQPIC08,IND,2025-12-31,Addiko Bank d.d.,Croatia,Large subsidiaries,stimmig,86,43,43,0.5,22,0,0.0,0,44,20,0,2,0,
rs:RRUN0TCQ1K2JDV7MXO75.CON,RRUN0TCQ1K2JDV7MXO75,CON,2025-06-30,Oberbank AG,Austria,Other highest EEA,stimmig,63,2,61,0.9683,1,0,0.0,0,0,54,0,0,0,
rs:RRUN0TCQ1K2JDV7MXO75.CON,RRUN0TCQ1K2JDV7MXO75,CON,2025-12-31,Oberbank AG,Austria,Other highest EEA,stimmig,86,45,41,0.4767,11,0,0.0,0,45,30,0,0,0,
rs:RUOKPID0PZ0UWJYU9J61.CON,RUOKPID0PZ0UWJYU9J61,CON,2025-10-31,John Deere Bank S.A.,Luxembourg,Other highest EEA,stimmig,16,4,12,0.75,0,0,,0,0,0,0,1,0,
rs:RY3KI4Q2655O2GIL8D68.CON,RY3KI4Q2655O2GIL8D68,CON,2025-12-31,BANCA INVESTIS S.P.A.,Italy,Other highest EEA,stimmig,76,12,64,0.8421,8,0,0.0,0,38,30,0,1,0,
rs:SI5RG2M0WQQLZCXKRM20.CON,SI5RG2M0WQQLZCXKRM20,CON,2025-06-30,"Banco de Sabadell, S.A.",Spain,Large highest EEA,stimmig,94,94,0,0.0,22,0,0.0,0,38,34,0,47,0,
rs:SI5RG2M0WQQLZCXKRM20.CON,SI5RG2M0WQQLZCXKRM20,CON,2025-09-30,"Banco de Sabadell, S.A.",Spain,Large highest EEA,stimmig,55,55,0,0.0,3,0,0.0,0,6,46,0,45,0,
rs:SI5RG2M0WQQLZCXKRM20.CON,SI5RG2M0WQQLZCXKRM20,CON,2025-12-31,"Banco de Sabadell, S.A.",Spain,Large highest EEA,stimmig,99,99,0,0.0,44,0,0.0,0,49,6,0,32,0,
rs:SI5RG2M0WQQLZCXKRM20.CON,SI5RG2M0WQQLZCXKRM20,CON,2026-03-31,"Banco de Sabadell, S.A.",Spain,Large highest EEA,stimmig,54,10,44,0.8148,3,0,0.0,0,6,45,0,0,0,
rs:SX0CI4F7GVW5530ZMN03.IND,SX0CI4F7GVW5530ZMN03,IND,2025-12-31,Wells Fargo Bank International Unlimited Company,Ireland,Other highest EEA,stimmig,76,11,65,0.8553,8,0,0.0,0,38,30,0,0,0,
rs:TO822O0VT80V06K0FH57.CON,TO822O0VT80V06K0FH57,CON,2025-12-31,"Caixa Geral de Depósitos, S.A.",Portugal,Large highest EEA,stimmig,99,50,49,0.4949,44,3,0.0682,0,49,6,0,2,0,43.00|90.01|91.00
rs:TPS0Q8GFSZF45ZZFL873.CON,TPS0Q8GFSZF45ZZFL873,CON,2025-12-31,Société Générale Luxembourg,Luxembourg,Large subsidiaries,stimmig,76,31,45,0.5921,21,0,0.0,0,37,18,0,0,0,
rs:TUKDD90GPC79G1KOE162.CON,TUKDD90GPC79G1KOE162,CON,2025-06-30,Hamburg Commercial Bank AG,Germany,Large highest EEA,stimmig,86,41,45,0.5233,21,3,0.1429,0,36,29,0,0,1,42.00|43.00|45.00
rs:TUKDD90GPC79G1KOE162.CON,TUKDD90GPC79G1KOE162,CON,2025-09-30,Hamburg Commercial Bank AG,Germany,Large highest EEA,stimmig,55,7,48,0.8727,3,0,0.0,0,6,46,0,0,0,
rs:TUKDD90GPC79G1KOE162.CON,TUKDD90GPC79G1KOE162,CON,2025-12-31,Hamburg Commercial Bank AG,Germany,Large highest EEA,stimmig,91,61,30,0.3297,42,3,0.0714,0,45,4,0,0,1,42.00|43.00|45.00
rs:UAIAINAJ28P30E5GWE37.CON,UAIAINAJ28P30E5GWE37,CON,2025-06-30,BGL BNP Paribas,Luxembourg,Large subsidiaries,stimmig,8,1,7,0.875,0,0,,0,3,5,0,0,0,
rs:UAIAINAJ28P30E5GWE37.CON,UAIAINAJ28P30E5GWE37,CON,2025-12-31,BGL BNP Paribas,Luxembourg,Large subsidiaries,stimmig,86,36,50,0.5814,22,1,0.0455,1,44,20,0,0,0,30.05
rs:UI802FYJ52XDB7N4KN18.CON,UI802FYJ52XDB7N4KN18,CON,2025-06-30,BANCA NAZIONALE DEL LAVORO S.P.A. (IN FORMA CONTRATTA BNL S.P.A.),Italy,Large subsidiaries,stimmig,114,10,104,0.9123,10,6,0.6,0,48,36,0,0,0,21.02|41.00|42.00|45.00|68.00|83.01
rs:UI802FYJ52XDB7N4KN18.CON,UI802FYJ52XDB7N4KN18,CON,2025-12-31,BANCA NAZIONALE DEL LAVORO S.P.A. (IN FORMA CONTRATTA BNL S.P.A.),Italy,Large subsidiaries,stimmig,114,38,76,0.6667,24,2,0.0833,0,48,27,0,1,0,68.00|83.01
rs:VDYMYTQGZZ6DU0912C88.CON,VDYMYTQGZZ6DU0912C88,CON,2025-06-30,Bayerische Landesbank,Germany,Large highest EEA,stimmig,86,44,42,0.4884,21,0,0.0,0,36,29,0,0,0,
rs:VDYMYTQGZZ6DU0912C88.CON,VDYMYTQGZZ6DU0912C88,CON,2025-09-30,Bayerische Landesbank,Germany,Large highest EEA,stimmig,55,6,49,0.8909,3,0,0.0,0,6,46,0,0,0,
rs:VDYMYTQGZZ6DU0912C88.CON,VDYMYTQGZZ6DU0912C88,CON,2025-12-31,Bayerische Landesbank,Germany,Large highest EEA,stimmig,86,59,27,0.314,38,0,0.0,0,44,4,0,0,0,
rs:VDYMYTQGZZ6DU0912C88.CON,VDYMYTQGZZ6DU0912C88,CON,2026-03-31,Bayerische Landesbank,Germany,Large highest EEA,stimmig,54,6,48,0.8889,3,0,0.0,0,6,45,0,0,0,
rs:VWMYAEQSTOPNV0SUGU82.CON,VWMYAEQSTOPNV0SUGU82,CON,2025-06-30,"Bankinter, S.A.",Spain,Large highest EEA,stimmig,94,42,52,0.5532,22,0,0.0,0,38,34,0,0,0,
rs:VWMYAEQSTOPNV0SUGU82.CON,VWMYAEQSTOPNV0SUGU82,CON,2025-12-31,"Bankinter, S.A.",Spain,Large highest EEA,stimmig,99,86,13,0.1313,44,0,0.0,0,49,6,0,22,0,
rs:VWMYAEQSTOPNV0SUGU82.CON,VWMYAEQSTOPNV0SUGU82,CON,2026-03-31,"Bankinter, S.A.",Spain,Large highest EEA,stimmig,54,6,48,0.8889,3,0,0.0,0,6,45,0,0,0,
rs:XLEZHWWOI4HFQDGL4793.CON,XLEZHWWOI4HFQDGL4793,CON,2025-09-30,BANK HANDLOWY W WARSZAWIE SA,Poland,Large subsidiaries,stimmig,63,5,58,0.9206,3,0,0.0,0,7,45,0,1,0,
rs:XLEZHWWOI4HFQDGL4793.CON,XLEZHWWOI4HFQDGL4793,CON,2025-12-31,BANK HANDLOWY W WARSZAWIE SA,Poland,Large subsidiaries,stimmig,99,60,39,0.3939,24,1,0.0417,0,48,27,0,3,0,70.00
rs:XLEZHWWOI4HFQDGL4793.CON,XLEZHWWOI4HFQDGL4793,CON,2026-03-31,BANK HANDLOWY W WARSZAWIE SA,Poland,Large subsidiaries,stimmig,62,5,57,0.9194,3,0,0.0,0,7,44,0,1,0,
rs:XTC5E2QFTEF0435JWL77.CON,XTC5E2QFTEF0435JWL77,CON,2025-12-31,Nederlandse Financierings-Maatschappij voor Ontwikkelingslanden N.V.,Netherlands,Other highest EEA,stimmig,76,8,68,0.8947,8,0,0.0,0,38,30,0,0,0,
rs:Y28RT6GGYJ696PMW8T44.CON,Y28RT6GGYJ696PMW8T44,CON,2025-12-31,UniCredit csoport,Hungary,Large subsidiaries,stimmig,78,53,25,0.3205,22,1,0.0455,0,38,18,0,2,1,23.00
rs:Y28RT6GGYJ696PMW8T44.CON,Y28RT6GGYJ696PMW8T44,CON,2026-03-31,UniCredit csoport,Hungary,Large subsidiaries,stimmig,2,1,1,0.5,0,0,,0,0,0,0,0,0,
