institution_type,refPeriod,template_id,template_title,n_peer,n_offengelegt,quote_peer,band,art_432_2
Large highest EEA,2025-06-30,00.01,Accompanying narrative FINDIS,87,44,0.5057,uneinheitlich,
Large highest EEA,2025-06-30,00.02,Accompanying narrative CONDIS,104,55,0.5288,uneinheitlich,
Large highest EEA,2025-06-30,00.03,Accompanying narrative ESGDIS,86,50,0.5814,uneinheitlich,
Large highest EEA,2025-06-30,00.04,Accompanying narrative IRRBBDIS,82,29,0.3537,uneinheitlich,
Large highest EEA,2025-06-30,00.05,Accompanying narrative MREL/TLACDIS,74,25,0.3378,uneinheitlich,
Large highest EEA,2025-06-30,01.00,EU CAE1 – Exposures to crypto-assets,104,4,0.0385,untypisch,
Large highest EEA,2025-06-30,02.00,EU CCR1 – Analysis of CCR exposure by approach,104,85,0.8173,erwartbar,
Large highest EEA,2025-06-30,03.00,EU CCR3 – Standardised approach – CCR exposures by regulatory exposure class and risk weights,104,81,0.7788,uneinheitlich,
Large highest EEA,2025-06-30,04.00,EU CCR4 – IRB approach – CCR exposures by exposure class and PD scale (I),104,47,0.4519,uneinheitlich,
Large highest EEA,2025-06-30,05.00,EU CCR5 – Composition of collateral for CCR exposures (I),104,80,0.7692,uneinheitlich,
Large highest EEA,2025-06-30,06.00,EU CCR6 – Credit derivatives exposures,104,45,0.4327,uneinheitlich,
Large highest EEA,2025-06-30,07.00,EU CCR7 – RWEA flow statements of CCR exposures under the IMM,104,23,0.2212,uneinheitlich,
Large highest EEA,2025-06-30,08.00,EU CCR8 – Exposures to CCPs,104,78,0.75,uneinheitlich,
Large highest EEA,2025-06-30,09.01,EU-SEC1 - Securitisation exposures in the non-trading book,104,59,0.5673,uneinheitlich,
Large highest EEA,2025-06-30,09.02,EU-SEC2 - Securitisation exposures in the trading book,104,19,0.1827,untypisch,
Large highest EEA,2025-06-30,09.03,EU-SEC3 - Securitisation exposures in the non-trading book and associated regulatory capital requirements - institution acting as originator or as sponsor,104,47,0.4519,uneinheitlich,
Large highest EEA,2025-06-30,09.04,EU-SEC4 - Securitisation exposures in the non-trading book and associated regulatory capital requirements - institution acting as investor,104,50,0.4808,uneinheitlich,
Large highest EEA,2025-06-30,09.05,EU-SEC5 - Exposures securitised by the institution - Exposures in default and specific credit risk adjustments,104,47,0.4519,uneinheitlich,
Large highest EEA,2025-06-30,10.00,EU MR1 - Market risk under the standardised approach,104,70,0.6731,uneinheitlich,
Large highest EEA,2025-06-30,11.00,EU MR2-A - Market risk under the internal Model Approach (IMA) - RWEA,104,36,0.3462,uneinheitlich,
Large highest EEA,2025-06-30,12.00,EU MR2-B - RWA flow statements of market risk exposures under the IMA,104,37,0.3558,uneinheitlich,
Large highest EEA,2025-06-30,13.00,EU MR3 - IMA values for trading portfolios,104,35,0.3365,uneinheitlich,
Large highest EEA,2025-06-30,18.01,EU CVA 1 – Credit valuation adjustment risk under the Reduced Basic Approach - OFR components,104,2,0.0192,untypisch,
Large highest EEA,2025-06-30,18.02,EU CVA 2 – Credit valuation adjustment risk under the Full Basic Approach - OFRs,104,2,0.0192,untypisch,
Large highest EEA,2025-06-30,18.03,EU CVA3 – Credit valuation adjustment risk under the Standardised Approach,104,2,0.0192,untypisch,
Large highest EEA,2025-06-30,18.04,EU CVA4 – RWEA flow statements of credit valuation adjustment risk under the Standardised Approach,104,21,0.2019,uneinheitlich,
Large highest EEA,2025-06-30,19.01,EU OR1 -Operational risk losses,104,2,0.0192,untypisch,
Large highest EEA,2025-06-30,19.02,"EU OR2 - Business Indicator, components and subcomponents",104,3,0.0288,untypisch,
Large highest EEA,2025-06-30,19.03,EU OR3 - Operational risk own funds requirements and risk exposure amounts,104,3,0.0288,untypisch,
Large highest EEA,2025-06-30,20.01,EU AE1 - Encumbered and unencumbered assets,87,3,0.0345,untypisch,
Large highest EEA,2025-06-30,20.02,EU AE2 - Collateral received and own debt securities issued,87,3,0.0345,untypisch,
Large highest EEA,2025-06-30,20.03,EU AE3 - Sources   of  encumbrance,87,3,0.0345,untypisch,
Large highest EEA,2025-06-30,21.01,EU CR1: Performing and non-performing exposures and related provisions,87,85,0.977,erwartbar,
Large highest EEA,2025-06-30,21.02,EU CR1-A: Maturity of exposures,87,84,0.9655,erwartbar,
Large highest EEA,2025-06-30,22.01,EU CR2: Changes in the stock of non-performing loans and advances,87,74,0.8506,erwartbar,
Large highest EEA,2025-06-30,22.02,EU CR2a: Changes in the stock of non-performing loans and advances and related net accumulated recoveries,87,11,0.1264,untypisch,
Large highest EEA,2025-06-30,23.00,EU CR3 –  CRM techniques overview:  Disclosure of the use of credit risk mitigation techniques,104,80,0.7692,uneinheitlich,
Large highest EEA,2025-06-30,24.00,EU CR4 – standardised approach – Credit risk exposure and CRM effects,104,84,0.8077,erwartbar,
Large highest EEA,2025-06-30,25.00,EU CR5 – standardised approach,104,84,0.8077,erwartbar,
Large highest EEA,2025-06-30,26.00,EU CR6 – IRB approach – Credit risk exposures by exposure class and PD range (I),104,53,0.5096,uneinheitlich,
Large highest EEA,2025-06-30,26.01,EU CR6-A – Scope of the use of IRB and SA approaches,104,3,0.0288,untypisch,
Large highest EEA,2025-06-30,27.01,EU CR7 – IRB approach – Effect on the RWEAs of credit derivatives used as CRM techniques,104,37,0.3558,uneinheitlich,
Large highest EEA,2025-06-30,27.02,EU CR7-A – IRB approach – Disclosure of the extent of the use of CRM techniques,104,55,0.5288,uneinheitlich,
Large highest EEA,2025-06-30,28.00,EU CR8 –  RWEA flow statements of credit risk exposures under the IRB approach,104,54,0.5192,uneinheitlich,
Large highest EEA,2025-06-30,29.00,EU CR9 –IRB approach – Back-testing of PD per exposure class (fixed PD scale),104,2,0.0192,untypisch,
Large highest EEA,2025-06-30,29.01,EU CR9.1 –IRB approach – Back-testing of PD per exposure class (only for PD estimates according to point (f) of Article 180(1) CRR) (I),104,2,0.0192,untypisch,
Large highest EEA,2025-06-30,29.02,EU CR10 –  Specialised lending and equity exposures under the simple riskweighted approach,104,53,0.5096,uneinheitlich,
Large highest EEA,2025-06-30,41.00,"Template 1 - Banking book- Indicators of potential climate Change transition risk: Credit quality of exposures by sector, emissions and residual maturity",86,83,0.9651,erwartbar,
Large highest EEA,2025-06-30,42.00,Template 2 - Banking book - Indicators of potential climate change transition risk: Loans collateralised by immovable property - Energy efficiency of the collateral (I),86,78,0.907,erwartbar,
Large highest EEA,2025-06-30,43.00,Template 3 - Banking book - Indicators of potential climate change transition risk: Alignment metrics (IAE/NACE codes),86,75,0.8721,erwartbar,
Large highest EEA,2025-06-30,44.00,Template 4 - Banking book - Indicators of potential climate change transition risk: Exposures to top 20 carbon-intensive firms,86,66,0.7674,uneinheitlich,
Large highest EEA,2025-06-30,45.00,Template 5 - Banking book - Indicators of potential climate change physical risk: Exposures subject to physical risk (I),86,80,0.9302,erwartbar,
Large highest EEA,2025-06-30,46.00,Template 6 - Summary of GAR KPIs (I),86,18,0.2093,uneinheitlich,
Large highest EEA,2025-06-30,47.00,Template 7 - Mitigating actions: Assets for the calculation of GAR (I),86,18,0.2093,uneinheitlich,
Large highest EEA,2025-06-30,48.00,Template 8 - GAR (%) (I),86,18,0.2093,uneinheitlich,
Large highest EEA,2025-06-30,49.01,Template 9.1 - Mitigating actions: Assets for the calculation of BTAR,86,8,0.093,untypisch,
Large highest EEA,2025-06-30,49.02,Template 9.2 - BTAR % (I),86,8,0.093,untypisch,
Large highest EEA,2025-06-30,49.03,Template 9.3 - Summary table - BTAR % (I),86,8,0.093,untypisch,
Large highest EEA,2025-06-30,50.00,Template 10 - Other climate change mitigating actions that are not covered in the EU Taxonomy,86,17,0.1977,untypisch,
Large highest EEA,2025-06-30,60.00,EU OV1 – Overview of total risk exposure amounts (I),104,88,0.8462,erwartbar,
Large highest EEA,2025-06-30,61.00,EU KM1 - Key metrics template,104,102,0.9808,erwartbar,
Large highest EEA,2025-06-30,62.01,EU INS1 - Insurance participations,104,3,0.0288,untypisch,
Large highest EEA,2025-06-30,62.02,EU INS2 - Financial conglomerates information on own funds and capital adequacy ratio,104,3,0.0288,untypisch,
Large highest EEA,2025-06-30,63.01,EU CMS1 – Comparison of modelled and standardised risk weighted exposure amounts at risk level,104,58,0.5577,uneinheitlich,
Large highest EEA,2025-06-30,63.02,EU CMS2 – Comparison of modelled and standardised risk weighted exposure amounts for credit risk at asset class level,104,55,0.5288,uneinheitlich,
Large highest EEA,2025-06-30,64.01,EU LI1 - Differences between the accounting scope and the scope of prudential consolidation and mapping of financial statement categories with regulatory risk categories,104,2,0.0192,untypisch,
Large highest EEA,2025-06-30,64.02,EU LI3 - Outline of the differences in the scopes of consolidation (entity by entity),104,3,0.0288,untypisch,
Large highest EEA,2025-06-30,64.03,EU LI2 - Main sources of differences between regulatory exposure amounts and carrying values in financial statements,104,3,0.0288,untypisch,
Large highest EEA,2025-06-30,65.00,EU PV1: Prudent valuation adjustments (PVA),104,2,0.0192,untypisch,
Large highest EEA,2025-06-30,66.01,EU CC1 - Composition of regulatory own funds,104,84,0.8077,erwartbar,Art. 437 Eigenmittel (CC1)
Large highest EEA,2025-06-30,66.02,EU CC2 - reconciliation of regulatory own funds to balance sheet in the audited financial statements,104,79,0.7596,uneinheitlich,Art. 437 Eigenmittel (CC2)
Large highest EEA,2025-06-30,67.01,EU CCyB1 - Geographical distribution of credit exposures relevant for the calculation of the countercyclical buffer,104,83,0.7981,uneinheitlich,
Large highest EEA,2025-06-30,67.02,EU CCyB2 - Amount of institution-specific countercyclical capital buffer,104,83,0.7981,uneinheitlich,
Large highest EEA,2025-06-30,68.00,EU IRRBB1 - Interest rate risks of non-trading book activities,82,82,1.0,erwartbar,
Large highest EEA,2025-06-30,70.00,EU LR1 - LRSum: Summary reconciliation of accounting assets and leverage ratio exposures,104,87,0.8365,erwartbar,
Large highest EEA,2025-06-30,71.00,EU LR2 - LRCom: Leverage ratio common disclosure,104,84,0.8077,erwartbar,
Large highest EEA,2025-06-30,72.00,"EU LR3 - LRSpl: Split-up of on balance sheet exposures (excluding derivatives, SFTs and exempted exposures)",104,87,0.8365,erwartbar,
Large highest EEA,2025-06-30,73.00,EU LIQ1 - Quantitative information of LCR,104,86,0.8269,erwartbar,
Large highest EEA,2025-06-30,74.00,EU LIQ2: Net Stable Funding Ratio,104,85,0.8173,erwartbar,
Large highest EEA,2025-06-30,80.00,EU CQ1: Credit quality of forborne exposures,87,83,0.954,erwartbar,
Large highest EEA,2025-06-30,81.00,EU CQ2: Quality of forbearance,87,10,0.1149,untypisch,
Large highest EEA,2025-06-30,82.00,EU CQ3: Credit quality of performing and non-performing exposures by past due days,87,8,0.092,untypisch,
Large highest EEA,2025-06-30,83.01,EU CQ4: Quality of non-performing exposures by geography,87,69,0.7931,uneinheitlich,
Large highest EEA,2025-06-30,84.01,EU CQ5: Credit quality of loans and advances by industry,87,83,0.954,erwartbar,
Large highest EEA,2025-06-30,85.00,EU CQ6: Collateral valuation - loans and advances,87,12,0.1379,untypisch,
Large highest EEA,2025-06-30,86.00,EU CQ7: Collateral obtained by taking possession and execution processes,87,59,0.6782,uneinheitlich,
Large highest EEA,2025-06-30,87.00,EU CQ8: Collateral obtained by taking possession and execution processes – vintage breakdown,87,9,0.1034,untypisch,
Large highest EEA,2025-06-30,90.01,"EU KM2 - Key metrics - MREL and, where applicable, G-SII requirement for own funds and eligible liabilities",74,64,0.8649,erwartbar,
Large highest EEA,2025-06-30,91.00,"EU TLAC1 - Composition - MREL and, where applicable, G-SII requirement for own funds and eligible liabilities",74,20,0.2703,uneinheitlich,
Large highest EEA,2025-06-30,93.00,"EU ILAC - Internal loss absorbing capacity: internal MREL and, where applicable, requirement for own funds and eligible liabilities for non-EU G-SIIs",74,14,0.1892,untypisch,
Large highest EEA,2025-06-30,95.00,EU TLAC2a - Creditor ranking - Entity that is not a resolution entity,74,13,0.1757,untypisch,
Large highest EEA,2025-06-30,96.00,EU TLAC2b: Creditor ranking - Entity that is not a resolution entity,74,2,0.027,untypisch,
Large highest EEA,2025-06-30,97.00,EU TLAC3a - creditor ranking - resolution entity,74,12,0.1622,untypisch,
Large highest EEA,2025-06-30,98.00,EU TLAC3b: creditor ranking - resolution entity,74,4,0.0541,untypisch,
Large highest EEA,2025-09-30,00.02,Accompanying narrative CONDIS,82,39,0.4756,uneinheitlich,
Large highest EEA,2025-09-30,01.00,EU CAE1 – Exposures to crypto-assets,82,1,0.0122,untypisch,
Large highest EEA,2025-09-30,02.00,EU CCR1 – Analysis of CCR exposure by approach,82,3,0.0366,untypisch,
Large highest EEA,2025-09-30,03.00,EU CCR3 – Standardised approach – CCR exposures by regulatory exposure class and risk weights,82,1,0.0122,untypisch,
Large highest EEA,2025-09-30,04.00,EU CCR4 – IRB approach – CCR exposures by exposure class and PD scale (I),82,1,0.0122,untypisch,
Large highest EEA,2025-09-30,05.00,EU CCR5 – Composition of collateral for CCR exposures (I),82,1,0.0122,untypisch,
Large highest EEA,2025-09-30,06.00,EU CCR6 – Credit derivatives exposures,82,1,0.0122,untypisch,
Large highest EEA,2025-09-30,07.00,EU CCR7 – RWEA flow statements of CCR exposures under the IMM,82,18,0.2195,uneinheitlich,
Large highest EEA,2025-09-30,08.00,EU CCR8 – Exposures to CCPs,82,1,0.0122,untypisch,
Large highest EEA,2025-09-30,09.01,EU-SEC1 - Securitisation exposures in the non-trading book,82,1,0.0122,untypisch,
Large highest EEA,2025-09-30,09.02,EU-SEC2 - Securitisation exposures in the trading book,82,1,0.0122,untypisch,
Large highest EEA,2025-09-30,09.03,EU-SEC3 - Securitisation exposures in the non-trading book and associated regulatory capital requirements - institution acting as originator or as sponsor,82,1,0.0122,untypisch,
Large highest EEA,2025-09-30,09.04,EU-SEC4 - Securitisation exposures in the non-trading book and associated regulatory capital requirements - institution acting as investor,82,1,0.0122,untypisch,
Large highest EEA,2025-09-30,09.05,EU-SEC5 - Exposures securitised by the institution - Exposures in default and specific credit risk adjustments,82,1,0.0122,untypisch,
Large highest EEA,2025-09-30,10.00,EU MR1 - Market risk under the standardised approach,82,1,0.0122,untypisch,
Large highest EEA,2025-09-30,11.00,EU MR2-A - Market risk under the internal Model Approach (IMA) - RWEA,82,1,0.0122,untypisch,
Large highest EEA,2025-09-30,12.00,EU MR2-B - RWA flow statements of market risk exposures under the IMA,82,27,0.3293,uneinheitlich,
Large highest EEA,2025-09-30,13.00,EU MR3 - IMA values for trading portfolios,82,1,0.0122,untypisch,
Large highest EEA,2025-09-30,18.01,EU CVA 1 – Credit valuation adjustment risk under the Reduced Basic Approach - OFR components,82,1,0.0122,untypisch,
Large highest EEA,2025-09-30,18.02,EU CVA 2 – Credit valuation adjustment risk under the Full Basic Approach - OFRs,82,1,0.0122,untypisch,
Large highest EEA,2025-09-30,18.03,EU CVA3 – Credit valuation adjustment risk under the Standardised Approach,82,1,0.0122,untypisch,
Large highest EEA,2025-09-30,18.04,EU CVA4 – RWEA flow statements of credit valuation adjustment risk under the Standardised Approach,82,15,0.1829,untypisch,
Large highest EEA,2025-09-30,19.01,EU OR1 -Operational risk losses,82,1,0.0122,untypisch,
Large highest EEA,2025-09-30,19.02,"EU OR2 - Business Indicator, components and subcomponents",82,1,0.0122,untypisch,
Large highest EEA,2025-09-30,19.03,EU OR3 - Operational risk own funds requirements and risk exposure amounts,82,1,0.0122,untypisch,
Large highest EEA,2025-09-30,23.00,EU CR3 –  CRM techniques overview:  Disclosure of the use of credit risk mitigation techniques,82,1,0.0122,untypisch,
Large highest EEA,2025-09-30,24.00,EU CR4 – standardised approach – Credit risk exposure and CRM effects,82,1,0.0122,untypisch,
Large highest EEA,2025-09-30,25.00,EU CR5 – standardised approach,82,1,0.0122,untypisch,
Large highest EEA,2025-09-30,26.00,EU CR6 – IRB approach – Credit risk exposures by exposure class and PD range (I),82,1,0.0122,untypisch,
Large highest EEA,2025-09-30,26.01,EU CR6-A – Scope of the use of IRB and SA approaches,82,1,0.0122,untypisch,
Large highest EEA,2025-09-30,27.01,EU CR7 – IRB approach – Effect on the RWEAs of credit derivatives used as CRM techniques,82,1,0.0122,untypisch,
Large highest EEA,2025-09-30,27.02,EU CR7-A – IRB approach – Disclosure of the extent of the use of CRM techniques,82,1,0.0122,untypisch,
Large highest EEA,2025-09-30,28.00,EU CR8 –  RWEA flow statements of credit risk exposures under the IRB approach,82,48,0.5854,uneinheitlich,
Large highest EEA,2025-09-30,29.00,EU CR9 –IRB approach – Back-testing of PD per exposure class (fixed PD scale),82,1,0.0122,untypisch,
Large highest EEA,2025-09-30,29.01,EU CR9.1 –IRB approach – Back-testing of PD per exposure class (only for PD estimates according to point (f) of Article 180(1) CRR) (I),82,1,0.0122,untypisch,
Large highest EEA,2025-09-30,29.02,EU CR10 –  Specialised lending and equity exposures under the simple riskweighted approach,82,1,0.0122,untypisch,
Large highest EEA,2025-09-30,60.00,EU OV1 – Overview of total risk exposure amounts (I),82,80,0.9756,erwartbar,
Large highest EEA,2025-09-30,61.00,EU KM1 - Key metrics template,82,80,0.9756,erwartbar,
Large highest EEA,2025-09-30,62.01,EU INS1 - Insurance participations,82,1,0.0122,untypisch,
Large highest EEA,2025-09-30,62.02,EU INS2 - Financial conglomerates information on own funds and capital adequacy ratio,82,2,0.0244,untypisch,
Large highest EEA,2025-09-30,63.01,EU CMS1 – Comparison of modelled and standardised risk weighted exposure amounts at risk level,82,53,0.6463,uneinheitlich,
Large highest EEA,2025-09-30,63.02,EU CMS2 – Comparison of modelled and standardised risk weighted exposure amounts for credit risk at asset class level,82,48,0.5854,uneinheitlich,
Large highest EEA,2025-09-30,64.01,EU LI1 - Differences between the accounting scope and the scope of prudential consolidation and mapping of financial statement categories with regulatory risk categories,82,1,0.0122,untypisch,
Large highest EEA,2025-09-30,64.02,EU LI3 - Outline of the differences in the scopes of consolidation (entity by entity),82,1,0.0122,untypisch,
Large highest EEA,2025-09-30,64.03,EU LI2 - Main sources of differences between regulatory exposure amounts and carrying values in financial statements,82,1,0.0122,untypisch,
Large highest EEA,2025-09-30,65.00,EU PV1: Prudent valuation adjustments (PVA),82,1,0.0122,untypisch,
Large highest EEA,2025-09-30,66.01,EU CC1 - Composition of regulatory own funds,82,3,0.0366,untypisch,Art. 437 Eigenmittel (CC1)
Large highest EEA,2025-09-30,66.02,EU CC2 - reconciliation of regulatory own funds to balance sheet in the audited financial statements,82,1,0.0122,untypisch,Art. 437 Eigenmittel (CC2)
Large highest EEA,2025-09-30,67.01,EU CCyB1 - Geographical distribution of credit exposures relevant for the calculation of the countercyclical buffer,82,1,0.0122,untypisch,
Large highest EEA,2025-09-30,67.02,EU CCyB2 - Amount of institution-specific countercyclical capital buffer,82,2,0.0244,untypisch,
Large highest EEA,2025-09-30,70.00,EU LR1 - LRSum: Summary reconciliation of accounting assets and leverage ratio exposures,82,1,0.0122,untypisch,
Large highest EEA,2025-09-30,71.00,EU LR2 - LRCom: Leverage ratio common disclosure,82,1,0.0122,untypisch,
Large highest EEA,2025-09-30,72.00,"EU LR3 - LRSpl: Split-up of on balance sheet exposures (excluding derivatives, SFTs and exempted exposures)",82,1,0.0122,untypisch,
Large highest EEA,2025-09-30,73.00,EU LIQ1 - Quantitative information of LCR,82,79,0.9634,erwartbar,
Large highest EEA,2025-09-30,74.00,EU LIQ2: Net Stable Funding Ratio,82,1,0.0122,untypisch,
Large highest EEA,2025-12-31,00.01,Accompanying narrative FINDIS,117,61,0.5214,uneinheitlich,
Large highest EEA,2025-12-31,00.02,Accompanying narrative CONDIS,116,71,0.6121,uneinheitlich,
Large highest EEA,2025-12-31,00.03,Accompanying narrative ESGDIS,102,55,0.5392,uneinheitlich,
Large highest EEA,2025-12-31,00.04,Accompanying narrative IRRBBDIS,115,39,0.3391,uneinheitlich,
Large highest EEA,2025-12-31,00.05,Accompanying narrative MREL/TLACDIS,84,33,0.3929,uneinheitlich,
Large highest EEA,2025-12-31,01.00,EU CAE1 – Exposures to crypto-assets,116,28,0.2414,uneinheitlich,
Large highest EEA,2025-12-31,02.00,EU CCR1 – Analysis of CCR exposure by approach,116,111,0.9569,erwartbar,
Large highest EEA,2025-12-31,03.00,EU CCR3 – Standardised approach – CCR exposures by regulatory exposure class and risk weights,116,109,0.9397,erwartbar,
Large highest EEA,2025-12-31,04.00,EU CCR4 – IRB approach – CCR exposures by exposure class and PD scale (I),116,50,0.431,uneinheitlich,
Large highest EEA,2025-12-31,05.00,EU CCR5 – Composition of collateral for CCR exposures (I),116,104,0.8966,erwartbar,
Large highest EEA,2025-12-31,06.00,EU CCR6 – Credit derivatives exposures,116,54,0.4655,uneinheitlich,
Large highest EEA,2025-12-31,07.00,EU CCR7 – RWEA flow statements of CCR exposures under the IMM,116,28,0.2414,uneinheitlich,
Large highest EEA,2025-12-31,08.00,EU CCR8 – Exposures to CCPs,116,101,0.8707,erwartbar,
Large highest EEA,2025-12-31,09.01,EU-SEC1 - Securitisation exposures in the non-trading book,116,70,0.6034,uneinheitlich,
Large highest EEA,2025-12-31,09.02,EU-SEC2 - Securitisation exposures in the trading book,116,24,0.2069,uneinheitlich,
Large highest EEA,2025-12-31,09.03,EU-SEC3 - Securitisation exposures in the non-trading book and associated regulatory capital requirements - institution acting as originator or as sponsor,116,54,0.4655,uneinheitlich,
Large highest EEA,2025-12-31,09.04,EU-SEC4 - Securitisation exposures in the non-trading book and associated regulatory capital requirements - institution acting as investor,116,58,0.5,uneinheitlich,
Large highest EEA,2025-12-31,09.05,EU-SEC5 - Exposures securitised by the institution - Exposures in default and specific credit risk adjustments,116,55,0.4741,uneinheitlich,
Large highest EEA,2025-12-31,10.00,EU MR1 - Market risk under the standardised approach,116,94,0.8103,erwartbar,
Large highest EEA,2025-12-31,11.00,EU MR2-A - Market risk under the internal Model Approach (IMA) - RWEA,116,39,0.3362,uneinheitlich,
Large highest EEA,2025-12-31,12.00,EU MR2-B - RWA flow statements of market risk exposures under the IMA,116,40,0.3448,uneinheitlich,
Large highest EEA,2025-12-31,13.00,EU MR3 - IMA values for trading portfolios,116,38,0.3276,uneinheitlich,
Large highest EEA,2025-12-31,18.01,EU CVA 1 – Credit valuation adjustment risk under the Reduced Basic Approach - OFR components,116,84,0.7241,uneinheitlich,
Large highest EEA,2025-12-31,18.02,EU CVA 2 – Credit valuation adjustment risk under the Full Basic Approach - OFRs,116,38,0.3276,uneinheitlich,
Large highest EEA,2025-12-31,18.03,EU CVA3 – Credit valuation adjustment risk under the Standardised Approach,116,29,0.25,uneinheitlich,
Large highest EEA,2025-12-31,18.04,EU CVA4 – RWEA flow statements of credit valuation adjustment risk under the Standardised Approach,116,28,0.2414,uneinheitlich,
Large highest EEA,2025-12-31,19.01,EU OR1 -Operational risk losses,116,91,0.7845,uneinheitlich,
Large highest EEA,2025-12-31,19.02,"EU OR2 - Business Indicator, components and subcomponents",116,105,0.9052,erwartbar,
Large highest EEA,2025-12-31,19.03,EU OR3 - Operational risk own funds requirements and risk exposure amounts,116,110,0.9483,erwartbar,
Large highest EEA,2025-12-31,20.01,EU AE1 - Encumbered and unencumbered assets,117,111,0.9487,erwartbar,
Large highest EEA,2025-12-31,20.02,EU AE2 - Collateral received and own debt securities issued,117,106,0.906,erwartbar,
Large highest EEA,2025-12-31,20.03,EU AE3 - Sources   of  encumbrance,117,110,0.9402,erwartbar,
Large highest EEA,2025-12-31,21.01,EU CR1: Performing and non-performing exposures and related provisions,117,114,0.9744,erwartbar,
Large highest EEA,2025-12-31,21.02,EU CR1-A: Maturity of exposures,117,112,0.9573,erwartbar,
Large highest EEA,2025-12-31,22.01,EU CR2: Changes in the stock of non-performing loans and advances,117,94,0.8034,erwartbar,
Large highest EEA,2025-12-31,22.02,EU CR2a: Changes in the stock of non-performing loans and advances and related net accumulated recoveries,117,38,0.3248,uneinheitlich,
Large highest EEA,2025-12-31,23.00,EU CR3 –  CRM techniques overview:  Disclosure of the use of credit risk mitigation techniques,116,109,0.9397,erwartbar,
Large highest EEA,2025-12-31,24.00,EU CR4 – standardised approach – Credit risk exposure and CRM effects,116,114,0.9828,erwartbar,
Large highest EEA,2025-12-31,25.00,EU CR5 – standardised approach,116,113,0.9741,erwartbar,
Large highest EEA,2025-12-31,26.00,EU CR6 – IRB approach – Credit risk exposures by exposure class and PD range (I),116,61,0.5259,uneinheitlich,
Large highest EEA,2025-12-31,26.01,EU CR6-A – Scope of the use of IRB and SA approaches,116,59,0.5086,uneinheitlich,
Large highest EEA,2025-12-31,27.01,EU CR7 – IRB approach – Effect on the RWEAs of credit derivatives used as CRM techniques,116,42,0.3621,uneinheitlich,
Large highest EEA,2025-12-31,27.02,EU CR7-A – IRB approach – Disclosure of the extent of the use of CRM techniques,116,62,0.5345,uneinheitlich,
Large highest EEA,2025-12-31,28.00,EU CR8 –  RWEA flow statements of credit risk exposures under the IRB approach,116,61,0.5259,uneinheitlich,
Large highest EEA,2025-12-31,29.00,EU CR9 –IRB approach – Back-testing of PD per exposure class (fixed PD scale),116,54,0.4655,uneinheitlich,
Large highest EEA,2025-12-31,29.01,EU CR9.1 –IRB approach – Back-testing of PD per exposure class (only for PD estimates according to point (f) of Article 180(1) CRR) (I),116,17,0.1466,untypisch,
Large highest EEA,2025-12-31,29.02,EU CR10 –  Specialised lending and equity exposures under the simple riskweighted approach,116,62,0.5345,uneinheitlich,
Large highest EEA,2025-12-31,30.01,EU REM1 - Remuneration awarded for the financial year,99,98,0.9899,erwartbar,Art. 450 Vergütung (REM1)
Large highest EEA,2025-12-31,30.02,EU REM2 - Special payments  to staff whose professional activities have a material impact on institutions’ risk profile (identified staff),99,87,0.8788,erwartbar,Art. 450 Vergütung (REM2)
Large highest EEA,2025-12-31,30.03,EU REM3 - Deferred remuneration,99,88,0.8889,erwartbar,Art. 450 Vergütung (REM3)
Large highest EEA,2025-12-31,30.04,EU REM4 - Remuneration of 1 million EUR or more per year,99,77,0.7778,uneinheitlich,Art. 450 Vergütung (REM4)
Large highest EEA,2025-12-31,30.05,EU REM5 - Information on remuneration of staff whose professional activities have a material impact on institutions’ risk profile (identified staff) (I),99,98,0.9899,erwartbar,Art. 450 Vergütung (REM5)
Large highest EEA,2025-12-31,41.00,"Template 1 - Banking book- Indicators of potential climate Change transition risk: Credit quality of exposures by sector, emissions and residual maturity",102,99,0.9706,erwartbar,
Large highest EEA,2025-12-31,42.00,Template 2 - Banking book - Indicators of potential climate change transition risk: Loans collateralised by immovable property - Energy efficiency of the collateral (I),102,96,0.9412,erwartbar,
Large highest EEA,2025-12-31,43.00,Template 3 - Banking book - Indicators of potential climate change transition risk: Alignment metrics (IAE/NACE codes),102,87,0.8529,erwartbar,
Large highest EEA,2025-12-31,44.00,Template 4 - Banking book - Indicators of potential climate change transition risk: Exposures to top 20 carbon-intensive firms,102,72,0.7059,uneinheitlich,
Large highest EEA,2025-12-31,45.00,Template 5 - Banking book - Indicators of potential climate change physical risk: Exposures subject to physical risk (I),102,96,0.9412,erwartbar,
Large highest EEA,2025-12-31,46.00,Template 6 - Summary of GAR KPIs (I),102,22,0.2157,uneinheitlich,
Large highest EEA,2025-12-31,47.00,Template 7 - Mitigating actions: Assets for the calculation of GAR (I),102,23,0.2255,uneinheitlich,
Large highest EEA,2025-12-31,48.00,Template 8 - GAR (%) (I),102,22,0.2157,uneinheitlich,
Large highest EEA,2025-12-31,49.01,Template 9.1 - Mitigating actions: Assets for the calculation of BTAR,102,13,0.1275,untypisch,
Large highest EEA,2025-12-31,49.02,Template 9.2 - BTAR % (I),102,12,0.1176,untypisch,
Large highest EEA,2025-12-31,49.03,Template 9.3 - Summary table - BTAR % (I),102,12,0.1176,untypisch,
Large highest EEA,2025-12-31,50.00,Template 10 - Other climate change mitigating actions that are not covered in the EU Taxonomy,102,21,0.2059,uneinheitlich,
Large highest EEA,2025-12-31,60.00,EU OV1 – Overview of total risk exposure amounts (I),116,114,0.9828,erwartbar,
Large highest EEA,2025-12-31,61.00,EU KM1 - Key metrics template,116,115,0.9914,erwartbar,
Large highest EEA,2025-12-31,62.01,EU INS1 - Insurance participations,116,43,0.3707,uneinheitlich,
Large highest EEA,2025-12-31,62.02,EU INS2 - Financial conglomerates information on own funds and capital adequacy ratio,116,27,0.2328,uneinheitlich,
Large highest EEA,2025-12-31,63.01,EU CMS1 – Comparison of modelled and standardised risk weighted exposure amounts at risk level,116,73,0.6293,uneinheitlich,
Large highest EEA,2025-12-31,63.02,EU CMS2 – Comparison of modelled and standardised risk weighted exposure amounts for credit risk at asset class level,116,66,0.569,uneinheitlich,
Large highest EEA,2025-12-31,64.01,EU LI1 - Differences between the accounting scope and the scope of prudential consolidation and mapping of financial statement categories with regulatory risk categories,116,104,0.8966,erwartbar,
Large highest EEA,2025-12-31,64.02,EU LI3 - Outline of the differences in the scopes of consolidation (entity by entity),116,88,0.7586,uneinheitlich,
Large highest EEA,2025-12-31,64.03,EU LI2 - Main sources of differences between regulatory exposure amounts and carrying values in financial statements,116,106,0.9138,erwartbar,
Large highest EEA,2025-12-31,65.00,EU PV1: Prudent valuation adjustments (PVA),116,72,0.6207,uneinheitlich,
Large highest EEA,2025-12-31,66.01,EU CC1 - Composition of regulatory own funds,116,115,0.9914,erwartbar,Art. 437 Eigenmittel (CC1)
Large highest EEA,2025-12-31,66.02,EU CC2 - reconciliation of regulatory own funds to balance sheet in the audited financial statements,116,111,0.9569,erwartbar,Art. 437 Eigenmittel (CC2)
Large highest EEA,2025-12-31,67.01,EU CCyB1 - Geographical distribution of credit exposures relevant for the calculation of the countercyclical buffer,116,113,0.9741,erwartbar,
Large highest EEA,2025-12-31,67.02,EU CCyB2 - Amount of institution-specific countercyclical capital buffer,116,113,0.9741,erwartbar,
Large highest EEA,2025-12-31,68.00,EU IRRBB1 - Interest rate risks of non-trading book activities,115,114,0.9913,erwartbar,
Large highest EEA,2025-12-31,70.00,EU LR1 - LRSum: Summary reconciliation of accounting assets and leverage ratio exposures,116,113,0.9741,erwartbar,
Large highest EEA,2025-12-31,71.00,EU LR2 - LRCom: Leverage ratio common disclosure,116,113,0.9741,erwartbar,
Large highest EEA,2025-12-31,72.00,"EU LR3 - LRSpl: Split-up of on balance sheet exposures (excluding derivatives, SFTs and exempted exposures)",116,113,0.9741,erwartbar,
Large highest EEA,2025-12-31,73.00,EU LIQ1 - Quantitative information of LCR,116,114,0.9828,erwartbar,
Large highest EEA,2025-12-31,74.00,EU LIQ2: Net Stable Funding Ratio,116,111,0.9569,erwartbar,
Large highest EEA,2025-12-31,80.00,EU CQ1: Credit quality of forborne exposures,117,107,0.9145,erwartbar,
Large highest EEA,2025-12-31,81.00,EU CQ2: Quality of forbearance,117,30,0.2564,uneinheitlich,
Large highest EEA,2025-12-31,82.00,EU CQ3: Credit quality of performing and non-performing exposures by past due days,117,111,0.9487,erwartbar,
Large highest EEA,2025-12-31,83.01,EU CQ4: Quality of non-performing exposures by geography,117,95,0.812,erwartbar,
Large highest EEA,2025-12-31,84.01,EU CQ5: Credit quality of loans and advances by industry,117,111,0.9487,erwartbar,
Large highest EEA,2025-12-31,85.00,EU CQ6: Collateral valuation - loans and advances,117,33,0.2821,uneinheitlich,
Large highest EEA,2025-12-31,86.00,EU CQ7: Collateral obtained by taking possession and execution processes,117,68,0.5812,uneinheitlich,
Large highest EEA,2025-12-31,87.00,EU CQ8: Collateral obtained by taking possession and execution processes – vintage breakdown,117,31,0.265,uneinheitlich,
Large highest EEA,2025-12-31,90.01,"EU KM2 - Key metrics - MREL and, where applicable, G-SII requirement for own funds and eligible liabilities",84,70,0.8333,erwartbar,
Large highest EEA,2025-12-31,91.00,"EU TLAC1 - Composition - MREL and, where applicable, G-SII requirement for own funds and eligible liabilities",84,71,0.8452,erwartbar,
Large highest EEA,2025-12-31,93.00,"EU ILAC - Internal loss absorbing capacity: internal MREL and, where applicable, requirement for own funds and eligible liabilities for non-EU G-SIIs",84,17,0.2024,uneinheitlich,
Large highest EEA,2025-12-31,95.00,EU TLAC2a - Creditor ranking - Entity that is not a resolution entity,84,13,0.1548,untypisch,
Large highest EEA,2025-12-31,96.00,EU TLAC2b: Creditor ranking - Entity that is not a resolution entity,84,8,0.0952,untypisch,
Large highest EEA,2025-12-31,97.00,EU TLAC3a - creditor ranking - resolution entity,84,29,0.3452,uneinheitlich,
Large highest EEA,2025-12-31,98.00,EU TLAC3b: creditor ranking - resolution entity,84,46,0.5476,uneinheitlich,
Large highest EEA,2026-03-31,00.02,Accompanying narrative CONDIS,77,36,0.4675,uneinheitlich,
Large highest EEA,2026-03-31,01.00,EU CAE1 – Exposures to crypto-assets,77,2,0.026,untypisch,
Large highest EEA,2026-03-31,02.00,EU CCR1 – Analysis of CCR exposure by approach,77,6,0.0779,untypisch,
Large highest EEA,2026-03-31,03.00,EU CCR3 – Standardised approach – CCR exposures by regulatory exposure class and risk weights,77,2,0.026,untypisch,
Large highest EEA,2026-03-31,04.00,EU CCR4 – IRB approach – CCR exposures by exposure class and PD scale (I),77,1,0.013,untypisch,
Large highest EEA,2026-03-31,05.00,EU CCR5 – Composition of collateral for CCR exposures (I),77,2,0.026,untypisch,
Large highest EEA,2026-03-31,06.00,EU CCR6 – Credit derivatives exposures,77,2,0.026,untypisch,
Large highest EEA,2026-03-31,07.00,EU CCR7 – RWEA flow statements of CCR exposures under the IMM,77,18,0.2338,uneinheitlich,
Large highest EEA,2026-03-31,08.00,EU CCR8 – Exposures to CCPs,77,2,0.026,untypisch,
Large highest EEA,2026-03-31,09.01,EU-SEC1 - Securitisation exposures in the non-trading book,77,2,0.026,untypisch,
Large highest EEA,2026-03-31,09.02,EU-SEC2 - Securitisation exposures in the trading book,77,2,0.026,untypisch,
Large highest EEA,2026-03-31,09.03,EU-SEC3 - Securitisation exposures in the non-trading book and associated regulatory capital requirements - institution acting as originator or as sponsor,77,2,0.026,untypisch,
Large highest EEA,2026-03-31,09.04,EU-SEC4 - Securitisation exposures in the non-trading book and associated regulatory capital requirements - institution acting as investor,77,2,0.026,untypisch,
Large highest EEA,2026-03-31,09.05,EU-SEC5 - Exposures securitised by the institution - Exposures in default and specific credit risk adjustments,77,2,0.026,untypisch,
Large highest EEA,2026-03-31,10.00,EU MR1 - Market risk under the standardised approach,77,2,0.026,untypisch,
Large highest EEA,2026-03-31,11.00,EU MR2-A - Market risk under the internal Model Approach (IMA) - RWEA,77,2,0.026,untypisch,
Large highest EEA,2026-03-31,12.00,EU MR2-B - RWA flow statements of market risk exposures under the IMA,77,28,0.3636,uneinheitlich,
Large highest EEA,2026-03-31,13.00,EU MR3 - IMA values for trading portfolios,77,2,0.026,untypisch,
Large highest EEA,2026-03-31,18.01,EU CVA 1 – Credit valuation adjustment risk under the Reduced Basic Approach - OFR components,77,2,0.026,untypisch,
Large highest EEA,2026-03-31,18.02,EU CVA 2 – Credit valuation adjustment risk under the Full Basic Approach - OFRs,77,2,0.026,untypisch,
Large highest EEA,2026-03-31,18.03,EU CVA3 – Credit valuation adjustment risk under the Standardised Approach,77,2,0.026,untypisch,
Large highest EEA,2026-03-31,18.04,EU CVA4 – RWEA flow statements of credit valuation adjustment risk under the Standardised Approach,77,14,0.1818,untypisch,
Large highest EEA,2026-03-31,19.01,EU OR1 -Operational risk losses,77,2,0.026,untypisch,
Large highest EEA,2026-03-31,19.02,"EU OR2 - Business Indicator, components and subcomponents",77,2,0.026,untypisch,
Large highest EEA,2026-03-31,19.03,EU OR3 - Operational risk own funds requirements and risk exposure amounts,77,2,0.026,untypisch,
Large highest EEA,2026-03-31,24.00,EU CR4 – standardised approach – Credit risk exposure and CRM effects,77,2,0.026,untypisch,
Large highest EEA,2026-03-31,25.00,EU CR5 – standardised approach,77,2,0.026,untypisch,
Large highest EEA,2026-03-31,26.00,EU CR6 – IRB approach – Credit risk exposures by exposure class and PD range (I),77,1,0.013,untypisch,
Large highest EEA,2026-03-31,26.01,EU CR6-A – Scope of the use of IRB and SA approaches,77,1,0.013,untypisch,
Large highest EEA,2026-03-31,27.01,EU CR7 – IRB approach – Effect on the RWEAs of credit derivatives used as CRM techniques,77,1,0.013,untypisch,
Large highest EEA,2026-03-31,27.02,EU CR7-A – IRB approach – Disclosure of the extent of the use of CRM techniques,77,1,0.013,untypisch,
Large highest EEA,2026-03-31,28.00,EU CR8 –  RWEA flow statements of credit risk exposures under the IRB approach,77,51,0.6623,uneinheitlich,
Large highest EEA,2026-03-31,29.00,EU CR9 –IRB approach – Back-testing of PD per exposure class (fixed PD scale),77,1,0.013,untypisch,
Large highest EEA,2026-03-31,29.01,EU CR9.1 –IRB approach – Back-testing of PD per exposure class (only for PD estimates according to point (f) of Article 180(1) CRR) (I),77,1,0.013,untypisch,
Large highest EEA,2026-03-31,29.02,EU CR10 –  Specialised lending and equity exposures under the simple riskweighted approach,77,1,0.013,untypisch,
Large highest EEA,2026-03-31,60.00,EU OV1 – Overview of total risk exposure amounts (I),77,76,0.987,erwartbar,
Large highest EEA,2026-03-31,61.00,EU KM1 - Key metrics template,77,77,1.0,erwartbar,
Large highest EEA,2026-03-31,62.01,EU INS1 - Insurance participations,77,2,0.026,untypisch,
Large highest EEA,2026-03-31,62.02,EU INS2 - Financial conglomerates information on own funds and capital adequacy ratio,77,3,0.039,untypisch,
Large highest EEA,2026-03-31,63.01,EU CMS1 – Comparison of modelled and standardised risk weighted exposure amounts at risk level,77,53,0.6883,uneinheitlich,
Large highest EEA,2026-03-31,63.02,EU CMS2 – Comparison of modelled and standardised risk weighted exposure amounts for credit risk at asset class level,77,51,0.6623,uneinheitlich,
Large highest EEA,2026-03-31,64.01,EU LI1 - Differences between the accounting scope and the scope of prudential consolidation and mapping of financial statement categories with regulatory risk categories,77,2,0.026,untypisch,
Large highest EEA,2026-03-31,64.02,EU LI3 - Outline of the differences in the scopes of consolidation (entity by entity),77,1,0.013,untypisch,
Large highest EEA,2026-03-31,64.03,EU LI2 - Main sources of differences between regulatory exposure amounts and carrying values in financial statements,77,2,0.026,untypisch,
Large highest EEA,2026-03-31,65.00,EU PV1: Prudent valuation adjustments (PVA),77,2,0.026,untypisch,
Large highest EEA,2026-03-31,66.01,EU CC1 - Composition of regulatory own funds,77,5,0.0649,untypisch,Art. 437 Eigenmittel (CC1)
Large highest EEA,2026-03-31,66.02,EU CC2 - reconciliation of regulatory own funds to balance sheet in the audited financial statements,77,2,0.026,untypisch,Art. 437 Eigenmittel (CC2)
Large highest EEA,2026-03-31,67.01,EU CCyB1 - Geographical distribution of credit exposures relevant for the calculation of the countercyclical buffer,77,2,0.026,untypisch,
Large highest EEA,2026-03-31,67.02,EU CCyB2 - Amount of institution-specific countercyclical capital buffer,77,3,0.039,untypisch,
Large highest EEA,2026-03-31,70.00,EU LR1 - LRSum: Summary reconciliation of accounting assets and leverage ratio exposures,77,4,0.0519,untypisch,
Large highest EEA,2026-03-31,71.00,EU LR2 - LRCom: Leverage ratio common disclosure,77,4,0.0519,untypisch,
Large highest EEA,2026-03-31,72.00,"EU LR3 - LRSpl: Split-up of on balance sheet exposures (excluding derivatives, SFTs and exempted exposures)",77,3,0.039,untypisch,
Large highest EEA,2026-03-31,73.00,EU LIQ1 - Quantitative information of LCR,77,77,1.0,erwartbar,
Large highest EEA,2026-03-31,74.00,EU LIQ2: Net Stable Funding Ratio,77,3,0.039,untypisch,
Large subsidiaries,2025-06-30,00.01,Accompanying narrative FINDIS,41,12,0.2927,uneinheitlich,
Large subsidiaries,2025-06-30,00.02,Accompanying narrative CONDIS,59,14,0.2373,uneinheitlich,
Large subsidiaries,2025-06-30,00.03,Accompanying narrative ESGDIS,24,10,0.4167,uneinheitlich,
Large subsidiaries,2025-06-30,00.04,Accompanying narrative IRRBBDIS,21,5,0.2381,uneinheitlich,
Large subsidiaries,2025-06-30,00.05,Accompanying narrative MREL/TLACDIS,40,8,0.2,uneinheitlich,
Large subsidiaries,2025-06-30,01.00,EU CAE1 – Exposures to crypto-assets,59,1,0.0169,untypisch,
Large subsidiaries,2025-06-30,02.00,EU CCR1 – Analysis of CCR exposure by approach,59,21,0.3559,uneinheitlich,
Large subsidiaries,2025-06-30,03.00,EU CCR3 – Standardised approach – CCR exposures by regulatory exposure class and risk weights,59,19,0.322,uneinheitlich,
Large subsidiaries,2025-06-30,04.00,EU CCR4 – IRB approach – CCR exposures by exposure class and PD scale (I),59,12,0.2034,uneinheitlich,
Large subsidiaries,2025-06-30,05.00,EU CCR5 – Composition of collateral for CCR exposures (I),59,16,0.2712,uneinheitlich,
Large subsidiaries,2025-06-30,06.00,EU CCR6 – Credit derivatives exposures,59,8,0.1356,untypisch,
Large subsidiaries,2025-06-30,07.00,EU CCR7 – RWEA flow statements of CCR exposures under the IMM,59,9,0.1525,untypisch,
Large subsidiaries,2025-06-30,08.00,EU CCR8 – Exposures to CCPs,59,14,0.2373,uneinheitlich,
Large subsidiaries,2025-06-30,09.01,EU-SEC1 - Securitisation exposures in the non-trading book,59,16,0.2712,uneinheitlich,
Large subsidiaries,2025-06-30,09.02,EU-SEC2 - Securitisation exposures in the trading book,59,5,0.0847,untypisch,
Large subsidiaries,2025-06-30,09.03,EU-SEC3 - Securitisation exposures in the non-trading book and associated regulatory capital requirements - institution acting as originator or as sponsor,59,13,0.2203,uneinheitlich,
Large subsidiaries,2025-06-30,09.04,EU-SEC4 - Securitisation exposures in the non-trading book and associated regulatory capital requirements - institution acting as investor,59,10,0.1695,untypisch,
Large subsidiaries,2025-06-30,09.05,EU-SEC5 - Exposures securitised by the institution - Exposures in default and specific credit risk adjustments,59,15,0.2542,uneinheitlich,
Large subsidiaries,2025-06-30,10.00,EU MR1 - Market risk under the standardised approach,59,17,0.2881,uneinheitlich,
Large subsidiaries,2025-06-30,11.00,EU MR2-A - Market risk under the internal Model Approach (IMA) - RWEA,59,6,0.1017,untypisch,
Large subsidiaries,2025-06-30,12.00,EU MR2-B - RWA flow statements of market risk exposures under the IMA,59,11,0.1864,untypisch,
Large subsidiaries,2025-06-30,13.00,EU MR3 - IMA values for trading portfolios,59,6,0.1017,untypisch,
Large subsidiaries,2025-06-30,18.01,EU CVA 1 – Credit valuation adjustment risk under the Reduced Basic Approach - OFR components,59,2,0.0339,untypisch,
Large subsidiaries,2025-06-30,18.02,EU CVA 2 – Credit valuation adjustment risk under the Full Basic Approach - OFRs,59,0,0.0,untypisch,
Large subsidiaries,2025-06-30,18.03,EU CVA3 – Credit valuation adjustment risk under the Standardised Approach,59,0,0.0,untypisch,
Large subsidiaries,2025-06-30,18.04,EU CVA4 – RWEA flow statements of credit valuation adjustment risk under the Standardised Approach,59,12,0.2034,uneinheitlich,
Large subsidiaries,2025-06-30,19.01,EU OR1 -Operational risk losses,59,2,0.0339,untypisch,
Large subsidiaries,2025-06-30,19.02,"EU OR2 - Business Indicator, components and subcomponents",59,3,0.0508,untypisch,
Large subsidiaries,2025-06-30,19.03,EU OR3 - Operational risk own funds requirements and risk exposure amounts,59,3,0.0508,untypisch,
Large subsidiaries,2025-06-30,20.01,EU AE1 - Encumbered and unencumbered assets,41,3,0.0732,untypisch,
Large subsidiaries,2025-06-30,20.02,EU AE2 - Collateral received and own debt securities issued,41,3,0.0732,untypisch,
Large subsidiaries,2025-06-30,20.03,EU AE3 - Sources   of  encumbrance,41,3,0.0732,untypisch,
Large subsidiaries,2025-06-30,21.01,EU CR1: Performing and non-performing exposures and related provisions,41,41,1.0,erwartbar,
Large subsidiaries,2025-06-30,21.02,EU CR1-A: Maturity of exposures,41,37,0.9024,erwartbar,
Large subsidiaries,2025-06-30,22.01,EU CR2: Changes in the stock of non-performing loans and advances,41,31,0.7561,uneinheitlich,
Large subsidiaries,2025-06-30,22.02,EU CR2a: Changes in the stock of non-performing loans and advances and related net accumulated recoveries,41,2,0.0488,untypisch,
Large subsidiaries,2025-06-30,23.00,EU CR3 –  CRM techniques overview:  Disclosure of the use of credit risk mitigation techniques,59,40,0.678,uneinheitlich,
Large subsidiaries,2025-06-30,24.00,EU CR4 – standardised approach – Credit risk exposure and CRM effects,59,40,0.678,uneinheitlich,
Large subsidiaries,2025-06-30,25.00,EU CR5 – standardised approach,59,23,0.3898,uneinheitlich,
Large subsidiaries,2025-06-30,26.00,EU CR6 – IRB approach – Credit risk exposures by exposure class and PD range (I),59,13,0.2203,uneinheitlich,
Large subsidiaries,2025-06-30,26.01,EU CR6-A – Scope of the use of IRB and SA approaches,59,1,0.0169,untypisch,
Large subsidiaries,2025-06-30,27.01,EU CR7 – IRB approach – Effect on the RWEAs of credit derivatives used as CRM techniques,59,24,0.4068,uneinheitlich,
Large subsidiaries,2025-06-30,27.02,EU CR7-A – IRB approach – Disclosure of the extent of the use of CRM techniques,59,30,0.5085,uneinheitlich,
Large subsidiaries,2025-06-30,28.00,EU CR8 –  RWEA flow statements of credit risk exposures under the IRB approach,59,30,0.5085,uneinheitlich,
Large subsidiaries,2025-06-30,29.00,EU CR9 –IRB approach – Back-testing of PD per exposure class (fixed PD scale),59,1,0.0169,untypisch,
Large subsidiaries,2025-06-30,29.01,EU CR9.1 –IRB approach – Back-testing of PD per exposure class (only for PD estimates according to point (f) of Article 180(1) CRR) (I),59,1,0.0169,untypisch,
Large subsidiaries,2025-06-30,29.02,EU CR10 –  Specialised lending and equity exposures under the simple riskweighted approach,59,24,0.4068,uneinheitlich,
Large subsidiaries,2025-06-30,41.00,"Template 1 - Banking book- Indicators of potential climate Change transition risk: Credit quality of exposures by sector, emissions and residual maturity",24,21,0.875,erwartbar,
Large subsidiaries,2025-06-30,42.00,Template 2 - Banking book - Indicators of potential climate change transition risk: Loans collateralised by immovable property - Energy efficiency of the collateral (I),24,21,0.875,erwartbar,
Large subsidiaries,2025-06-30,43.00,Template 3 - Banking book - Indicators of potential climate change transition risk: Alignment metrics (IAE/NACE codes),24,14,0.5833,uneinheitlich,
Large subsidiaries,2025-06-30,44.00,Template 4 - Banking book - Indicators of potential climate change transition risk: Exposures to top 20 carbon-intensive firms,24,19,0.7917,uneinheitlich,
Large subsidiaries,2025-06-30,45.00,Template 5 - Banking book - Indicators of potential climate change physical risk: Exposures subject to physical risk (I),24,21,0.875,erwartbar,
Large subsidiaries,2025-06-30,46.00,Template 6 - Summary of GAR KPIs (I),24,9,0.375,uneinheitlich,
Large subsidiaries,2025-06-30,47.00,Template 7 - Mitigating actions: Assets for the calculation of GAR (I),24,9,0.375,uneinheitlich,
Large subsidiaries,2025-06-30,48.00,Template 8 - GAR (%) (I),24,9,0.375,uneinheitlich,
Large subsidiaries,2025-06-30,49.01,Template 9.1 - Mitigating actions: Assets for the calculation of BTAR,24,5,0.2083,uneinheitlich,
Large subsidiaries,2025-06-30,49.02,Template 9.2 - BTAR % (I),24,5,0.2083,uneinheitlich,
Large subsidiaries,2025-06-30,49.03,Template 9.3 - Summary table - BTAR % (I),24,5,0.2083,uneinheitlich,
Large subsidiaries,2025-06-30,50.00,Template 10 - Other climate change mitigating actions that are not covered in the EU Taxonomy,24,10,0.4167,uneinheitlich,
Large subsidiaries,2025-06-30,60.00,EU OV1 – Overview of total risk exposure amounts (I),59,40,0.678,uneinheitlich,
Large subsidiaries,2025-06-30,61.00,EU KM1 - Key metrics template,59,54,0.9153,erwartbar,
Large subsidiaries,2025-06-30,62.01,EU INS1 - Insurance participations,59,1,0.0169,untypisch,
Large subsidiaries,2025-06-30,62.02,EU INS2 - Financial conglomerates information on own funds and capital adequacy ratio,59,0,0.0,untypisch,
Large subsidiaries,2025-06-30,63.01,EU CMS1 – Comparison of modelled and standardised risk weighted exposure amounts at risk level,59,25,0.4237,uneinheitlich,
Large subsidiaries,2025-06-30,63.02,EU CMS2 – Comparison of modelled and standardised risk weighted exposure amounts for credit risk at asset class level,59,25,0.4237,uneinheitlich,
Large subsidiaries,2025-06-30,64.01,EU LI1 - Differences between the accounting scope and the scope of prudential consolidation and mapping of financial statement categories with regulatory risk categories,59,3,0.0508,untypisch,
Large subsidiaries,2025-06-30,64.02,EU LI3 - Outline of the differences in the scopes of consolidation (entity by entity),59,1,0.0169,untypisch,
Large subsidiaries,2025-06-30,64.03,EU LI2 - Main sources of differences between regulatory exposure amounts and carrying values in financial statements,59,2,0.0339,untypisch,
Large subsidiaries,2025-06-30,65.00,EU PV1: Prudent valuation adjustments (PVA),59,1,0.0169,untypisch,
Large subsidiaries,2025-06-30,66.01,EU CC1 - Composition of regulatory own funds,59,41,0.6949,uneinheitlich,Art. 437 Eigenmittel (CC1)
Large subsidiaries,2025-06-30,66.02,EU CC2 - reconciliation of regulatory own funds to balance sheet in the audited financial statements,59,38,0.6441,uneinheitlich,Art. 437 Eigenmittel (CC2)
Large subsidiaries,2025-06-30,67.01,EU CCyB1 - Geographical distribution of credit exposures relevant for the calculation of the countercyclical buffer,59,39,0.661,uneinheitlich,
Large subsidiaries,2025-06-30,67.02,EU CCyB2 - Amount of institution-specific countercyclical capital buffer,59,39,0.661,uneinheitlich,
Large subsidiaries,2025-06-30,68.00,EU IRRBB1 - Interest rate risks of non-trading book activities,21,18,0.8571,erwartbar,
Large subsidiaries,2025-06-30,70.00,EU LR1 - LRSum: Summary reconciliation of accounting assets and leverage ratio exposures,59,41,0.6949,uneinheitlich,
Large subsidiaries,2025-06-30,71.00,EU LR2 - LRCom: Leverage ratio common disclosure,59,39,0.661,uneinheitlich,
Large subsidiaries,2025-06-30,72.00,"EU LR3 - LRSpl: Split-up of on balance sheet exposures (excluding derivatives, SFTs and exempted exposures)",59,40,0.678,uneinheitlich,
Large subsidiaries,2025-06-30,73.00,EU LIQ1 - Quantitative information of LCR,59,39,0.661,uneinheitlich,
Large subsidiaries,2025-06-30,74.00,EU LIQ2: Net Stable Funding Ratio,59,39,0.661,uneinheitlich,
Large subsidiaries,2025-06-30,80.00,EU CQ1: Credit quality of forborne exposures,41,41,1.0,erwartbar,
Large subsidiaries,2025-06-30,81.00,EU CQ2: Quality of forbearance,41,2,0.0488,untypisch,
Large subsidiaries,2025-06-30,82.00,EU CQ3: Credit quality of performing and non-performing exposures by past due days,41,8,0.1951,untypisch,
Large subsidiaries,2025-06-30,83.01,EU CQ4: Quality of non-performing exposures by geography,41,35,0.8537,erwartbar,
Large subsidiaries,2025-06-30,84.01,EU CQ5: Credit quality of loans and advances by industry,41,39,0.9512,erwartbar,
Large subsidiaries,2025-06-30,85.00,EU CQ6: Collateral valuation - loans and advances,41,1,0.0244,untypisch,
Large subsidiaries,2025-06-30,86.00,EU CQ7: Collateral obtained by taking possession and execution processes,41,28,0.6829,uneinheitlich,
Large subsidiaries,2025-06-30,87.00,EU CQ8: Collateral obtained by taking possession and execution processes – vintage breakdown,41,2,0.0488,untypisch,
Large subsidiaries,2025-06-30,90.01,"EU KM2 - Key metrics - MREL and, where applicable, G-SII requirement for own funds and eligible liabilities",40,15,0.375,uneinheitlich,
Large subsidiaries,2025-06-30,91.00,"EU TLAC1 - Composition - MREL and, where applicable, G-SII requirement for own funds and eligible liabilities",40,4,0.1,untypisch,
Large subsidiaries,2025-06-30,93.00,"EU ILAC - Internal loss absorbing capacity: internal MREL and, where applicable, requirement for own funds and eligible liabilities for non-EU G-SIIs",40,27,0.675,uneinheitlich,
Large subsidiaries,2025-06-30,95.00,EU TLAC2a - Creditor ranking - Entity that is not a resolution entity,40,5,0.125,untypisch,
Large subsidiaries,2025-06-30,96.00,EU TLAC2b: Creditor ranking - Entity that is not a resolution entity,40,4,0.1,untypisch,
Large subsidiaries,2025-06-30,97.00,EU TLAC3a - creditor ranking - resolution entity,40,3,0.075,untypisch,
Large subsidiaries,2025-06-30,98.00,EU TLAC3b: creditor ranking - resolution entity,40,0,0.0,untypisch,
Large subsidiaries,2025-09-30,00.02,Accompanying narrative CONDIS,35,10,0.2857,uneinheitlich,
Large subsidiaries,2025-09-30,01.00,EU CAE1 – Exposures to crypto-assets,35,0,0.0,untypisch,
Large subsidiaries,2025-09-30,02.00,EU CCR1 – Analysis of CCR exposure by approach,35,0,0.0,untypisch,
Large subsidiaries,2025-09-30,03.00,EU CCR3 – Standardised approach – CCR exposures by regulatory exposure class and risk weights,35,0,0.0,untypisch,
Large subsidiaries,2025-09-30,04.00,EU CCR4 – IRB approach – CCR exposures by exposure class and PD scale (I),35,0,0.0,untypisch,
Large subsidiaries,2025-09-30,05.00,EU CCR5 – Composition of collateral for CCR exposures (I),35,0,0.0,untypisch,
Large subsidiaries,2025-09-30,06.00,EU CCR6 – Credit derivatives exposures,35,0,0.0,untypisch,
Large subsidiaries,2025-09-30,07.00,EU CCR7 – RWEA flow statements of CCR exposures under the IMM,35,9,0.2571,uneinheitlich,
Large subsidiaries,2025-09-30,08.00,EU CCR8 – Exposures to CCPs,35,0,0.0,untypisch,
Large subsidiaries,2025-09-30,09.01,EU-SEC1 - Securitisation exposures in the non-trading book,35,0,0.0,untypisch,
Large subsidiaries,2025-09-30,09.02,EU-SEC2 - Securitisation exposures in the trading book,35,0,0.0,untypisch,
Large subsidiaries,2025-09-30,09.03,EU-SEC3 - Securitisation exposures in the non-trading book and associated regulatory capital requirements - institution acting as originator or as sponsor,35,0,0.0,untypisch,
Large subsidiaries,2025-09-30,09.04,EU-SEC4 - Securitisation exposures in the non-trading book and associated regulatory capital requirements - institution acting as investor,35,0,0.0,untypisch,
Large subsidiaries,2025-09-30,09.05,EU-SEC5 - Exposures securitised by the institution - Exposures in default and specific credit risk adjustments,35,0,0.0,untypisch,
Large subsidiaries,2025-09-30,10.00,EU MR1 - Market risk under the standardised approach,35,0,0.0,untypisch,
Large subsidiaries,2025-09-30,11.00,EU MR2-A - Market risk under the internal Model Approach (IMA) - RWEA,35,0,0.0,untypisch,
Large subsidiaries,2025-09-30,12.00,EU MR2-B - RWA flow statements of market risk exposures under the IMA,35,9,0.2571,uneinheitlich,
Large subsidiaries,2025-09-30,13.00,EU MR3 - IMA values for trading portfolios,35,0,0.0,untypisch,
Large subsidiaries,2025-09-30,18.01,EU CVA 1 – Credit valuation adjustment risk under the Reduced Basic Approach - OFR components,35,0,0.0,untypisch,
Large subsidiaries,2025-09-30,18.02,EU CVA 2 – Credit valuation adjustment risk under the Full Basic Approach - OFRs,35,0,0.0,untypisch,
Large subsidiaries,2025-09-30,18.03,EU CVA3 – Credit valuation adjustment risk under the Standardised Approach,35,0,0.0,untypisch,
Large subsidiaries,2025-09-30,18.04,EU CVA4 – RWEA flow statements of credit valuation adjustment risk under the Standardised Approach,35,11,0.3143,uneinheitlich,
Large subsidiaries,2025-09-30,19.01,EU OR1 -Operational risk losses,35,0,0.0,untypisch,
Large subsidiaries,2025-09-30,19.02,"EU OR2 - Business Indicator, components and subcomponents",35,0,0.0,untypisch,
Large subsidiaries,2025-09-30,19.03,EU OR3 - Operational risk own funds requirements and risk exposure amounts,35,0,0.0,untypisch,
Large subsidiaries,2025-09-30,23.00,EU CR3 –  CRM techniques overview:  Disclosure of the use of credit risk mitigation techniques,35,0,0.0,untypisch,
Large subsidiaries,2025-09-30,24.00,EU CR4 – standardised approach – Credit risk exposure and CRM effects,35,0,0.0,untypisch,
Large subsidiaries,2025-09-30,25.00,EU CR5 – standardised approach,35,0,0.0,untypisch,
Large subsidiaries,2025-09-30,26.00,EU CR6 – IRB approach – Credit risk exposures by exposure class and PD range (I),35,0,0.0,untypisch,
Large subsidiaries,2025-09-30,26.01,EU CR6-A – Scope of the use of IRB and SA approaches,35,0,0.0,untypisch,
Large subsidiaries,2025-09-30,27.01,EU CR7 – IRB approach – Effect on the RWEAs of credit derivatives used as CRM techniques,35,0,0.0,untypisch,
Large subsidiaries,2025-09-30,27.02,EU CR7-A – IRB approach – Disclosure of the extent of the use of CRM techniques,35,0,0.0,untypisch,
Large subsidiaries,2025-09-30,28.00,EU CR8 –  RWEA flow statements of credit risk exposures under the IRB approach,35,25,0.7143,uneinheitlich,
Large subsidiaries,2025-09-30,29.00,EU CR9 –IRB approach – Back-testing of PD per exposure class (fixed PD scale),35,0,0.0,untypisch,
Large subsidiaries,2025-09-30,29.01,EU CR9.1 –IRB approach – Back-testing of PD per exposure class (only for PD estimates according to point (f) of Article 180(1) CRR) (I),35,0,0.0,untypisch,
Large subsidiaries,2025-09-30,29.02,EU CR10 –  Specialised lending and equity exposures under the simple riskweighted approach,35,0,0.0,untypisch,
Large subsidiaries,2025-09-30,60.00,EU OV1 – Overview of total risk exposure amounts (I),35,35,1.0,erwartbar,
Large subsidiaries,2025-09-30,61.00,EU KM1 - Key metrics template,35,31,0.8857,erwartbar,
Large subsidiaries,2025-09-30,62.01,EU INS1 - Insurance participations,35,0,0.0,untypisch,
Large subsidiaries,2025-09-30,62.02,EU INS2 - Financial conglomerates information on own funds and capital adequacy ratio,35,0,0.0,untypisch,
Large subsidiaries,2025-09-30,63.01,EU CMS1 – Comparison of modelled and standardised risk weighted exposure amounts at risk level,35,23,0.6571,uneinheitlich,
Large subsidiaries,2025-09-30,63.02,EU CMS2 – Comparison of modelled and standardised risk weighted exposure amounts for credit risk at asset class level,35,23,0.6571,uneinheitlich,
Large subsidiaries,2025-09-30,64.01,EU LI1 - Differences between the accounting scope and the scope of prudential consolidation and mapping of financial statement categories with regulatory risk categories,35,1,0.0286,untypisch,
Large subsidiaries,2025-09-30,64.02,EU LI3 - Outline of the differences in the scopes of consolidation (entity by entity),35,0,0.0,untypisch,
Large subsidiaries,2025-09-30,64.03,EU LI2 - Main sources of differences between regulatory exposure amounts and carrying values in financial statements,35,0,0.0,untypisch,
Large subsidiaries,2025-09-30,65.00,EU PV1: Prudent valuation adjustments (PVA),35,0,0.0,untypisch,
Large subsidiaries,2025-09-30,66.01,EU CC1 - Composition of regulatory own funds,35,1,0.0286,untypisch,Art. 437 Eigenmittel (CC1)
Large subsidiaries,2025-09-30,66.02,EU CC2 - reconciliation of regulatory own funds to balance sheet in the audited financial statements,35,1,0.0286,untypisch,Art. 437 Eigenmittel (CC2)
Large subsidiaries,2025-09-30,67.01,EU CCyB1 - Geographical distribution of credit exposures relevant for the calculation of the countercyclical buffer,35,0,0.0,untypisch,
Large subsidiaries,2025-09-30,67.02,EU CCyB2 - Amount of institution-specific countercyclical capital buffer,35,1,0.0286,untypisch,
Large subsidiaries,2025-09-30,70.00,EU LR1 - LRSum: Summary reconciliation of accounting assets and leverage ratio exposures,35,0,0.0,untypisch,
Large subsidiaries,2025-09-30,71.00,EU LR2 - LRCom: Leverage ratio common disclosure,35,0,0.0,untypisch,
Large subsidiaries,2025-09-30,72.00,"EU LR3 - LRSpl: Split-up of on balance sheet exposures (excluding derivatives, SFTs and exempted exposures)",35,0,0.0,untypisch,
Large subsidiaries,2025-09-30,73.00,EU LIQ1 - Quantitative information of LCR,35,35,1.0,erwartbar,
Large subsidiaries,2025-09-30,74.00,EU LIQ2: Net Stable Funding Ratio,35,1,0.0286,untypisch,
Large subsidiaries,2025-12-31,00.01,Accompanying narrative FINDIS,89,28,0.3146,uneinheitlich,
Large subsidiaries,2025-12-31,00.02,Accompanying narrative CONDIS,84,30,0.3571,uneinheitlich,
Large subsidiaries,2025-12-31,00.03,Accompanying narrative ESGDIS,28,14,0.5,uneinheitlich,
Large subsidiaries,2025-12-31,00.04,Accompanying narrative IRRBBDIS,40,15,0.375,uneinheitlich,
Large subsidiaries,2025-12-31,00.05,Accompanying narrative MREL/TLACDIS,52,11,0.2115,uneinheitlich,
Large subsidiaries,2025-12-31,01.00,EU CAE1 – Exposures to crypto-assets,84,4,0.0476,untypisch,
Large subsidiaries,2025-12-31,02.00,EU CCR1 – Analysis of CCR exposure by approach,84,34,0.4048,uneinheitlich,
Large subsidiaries,2025-12-31,03.00,EU CCR3 – Standardised approach – CCR exposures by regulatory exposure class and risk weights,84,28,0.3333,uneinheitlich,
Large subsidiaries,2025-12-31,04.00,EU CCR4 – IRB approach – CCR exposures by exposure class and PD scale (I),84,14,0.1667,untypisch,
Large subsidiaries,2025-12-31,05.00,EU CCR5 – Composition of collateral for CCR exposures (I),84,28,0.3333,uneinheitlich,
Large subsidiaries,2025-12-31,06.00,EU CCR6 – Credit derivatives exposures,84,9,0.1071,untypisch,
Large subsidiaries,2025-12-31,07.00,EU CCR7 – RWEA flow statements of CCR exposures under the IMM,84,12,0.1429,untypisch,
Large subsidiaries,2025-12-31,08.00,EU CCR8 – Exposures to CCPs,84,19,0.2262,uneinheitlich,
Large subsidiaries,2025-12-31,09.01,EU-SEC1 - Securitisation exposures in the non-trading book,84,19,0.2262,uneinheitlich,
Large subsidiaries,2025-12-31,09.02,EU-SEC2 - Securitisation exposures in the trading book,84,6,0.0714,untypisch,
Large subsidiaries,2025-12-31,09.03,EU-SEC3 - Securitisation exposures in the non-trading book and associated regulatory capital requirements - institution acting as originator or as sponsor,84,15,0.1786,untypisch,
Large subsidiaries,2025-12-31,09.04,EU-SEC4 - Securitisation exposures in the non-trading book and associated regulatory capital requirements - institution acting as investor,84,10,0.119,untypisch,
Large subsidiaries,2025-12-31,09.05,EU-SEC5 - Exposures securitised by the institution - Exposures in default and specific credit risk adjustments,84,16,0.1905,untypisch,
Large subsidiaries,2025-12-31,10.00,EU MR1 - Market risk under the standardised approach,84,26,0.3095,uneinheitlich,
Large subsidiaries,2025-12-31,11.00,EU MR2-A - Market risk under the internal Model Approach (IMA) - RWEA,84,7,0.0833,untypisch,
Large subsidiaries,2025-12-31,12.00,EU MR2-B - RWA flow statements of market risk exposures under the IMA,84,12,0.1429,untypisch,
Large subsidiaries,2025-12-31,13.00,EU MR3 - IMA values for trading portfolios,84,8,0.0952,untypisch,
Large subsidiaries,2025-12-31,18.01,EU CVA 1 – Credit valuation adjustment risk under the Reduced Basic Approach - OFR components,84,23,0.2738,uneinheitlich,
Large subsidiaries,2025-12-31,18.02,EU CVA 2 – Credit valuation adjustment risk under the Full Basic Approach - OFRs,84,8,0.0952,untypisch,
Large subsidiaries,2025-12-31,18.03,EU CVA3 – Credit valuation adjustment risk under the Standardised Approach,84,6,0.0714,untypisch,
Large subsidiaries,2025-12-31,18.04,EU CVA4 – RWEA flow statements of credit valuation adjustment risk under the Standardised Approach,84,19,0.2262,uneinheitlich,
Large subsidiaries,2025-12-31,19.01,EU OR1 -Operational risk losses,84,19,0.2262,uneinheitlich,
Large subsidiaries,2025-12-31,19.02,"EU OR2 - Business Indicator, components and subcomponents",84,28,0.3333,uneinheitlich,
Large subsidiaries,2025-12-31,19.03,EU OR3 - Operational risk own funds requirements and risk exposure amounts,84,28,0.3333,uneinheitlich,
Large subsidiaries,2025-12-31,20.01,EU AE1 - Encumbered and unencumbered assets,89,32,0.3596,uneinheitlich,
Large subsidiaries,2025-12-31,20.02,EU AE2 - Collateral received and own debt securities issued,89,32,0.3596,uneinheitlich,
Large subsidiaries,2025-12-31,20.03,EU AE3 - Sources   of  encumbrance,89,31,0.3483,uneinheitlich,
Large subsidiaries,2025-12-31,21.01,EU CR1: Performing and non-performing exposures and related provisions,89,86,0.9663,erwartbar,
Large subsidiaries,2025-12-31,21.02,EU CR1-A: Maturity of exposures,89,81,0.9101,erwartbar,
Large subsidiaries,2025-12-31,22.01,EU CR2: Changes in the stock of non-performing loans and advances,89,58,0.6517,uneinheitlich,
Large subsidiaries,2025-12-31,22.02,EU CR2a: Changes in the stock of non-performing loans and advances and related net accumulated recoveries,89,21,0.236,uneinheitlich,
Large subsidiaries,2025-12-31,23.00,EU CR3 –  CRM techniques overview:  Disclosure of the use of credit risk mitigation techniques,84,79,0.9405,erwartbar,
Large subsidiaries,2025-12-31,24.00,EU CR4 – standardised approach – Credit risk exposure and CRM effects,84,80,0.9524,erwartbar,
Large subsidiaries,2025-12-31,25.00,EU CR5 – standardised approach,84,33,0.3929,uneinheitlich,
Large subsidiaries,2025-12-31,26.00,EU CR6 – IRB approach – Credit risk exposures by exposure class and PD range (I),84,18,0.2143,uneinheitlich,
Large subsidiaries,2025-12-31,26.01,EU CR6-A – Scope of the use of IRB and SA approaches,84,16,0.1905,untypisch,
Large subsidiaries,2025-12-31,27.01,EU CR7 – IRB approach – Effect on the RWEAs of credit derivatives used as CRM techniques,84,45,0.5357,uneinheitlich,
Large subsidiaries,2025-12-31,27.02,EU CR7-A – IRB approach – Disclosure of the extent of the use of CRM techniques,84,59,0.7024,uneinheitlich,
Large subsidiaries,2025-12-31,28.00,EU CR8 –  RWEA flow statements of credit risk exposures under the IRB approach,84,58,0.6905,uneinheitlich,
Large subsidiaries,2025-12-31,29.00,EU CR9 –IRB approach – Back-testing of PD per exposure class (fixed PD scale),84,12,0.1429,untypisch,
Large subsidiaries,2025-12-31,29.01,EU CR9.1 –IRB approach – Back-testing of PD per exposure class (only for PD estimates according to point (f) of Article 180(1) CRR) (I),84,4,0.0476,untypisch,
Large subsidiaries,2025-12-31,29.02,EU CR10 –  Specialised lending and equity exposures under the simple riskweighted approach,84,45,0.5357,uneinheitlich,
Large subsidiaries,2025-12-31,30.01,EU REM1 - Remuneration awarded for the financial year,71,70,0.9859,erwartbar,Art. 450 Vergütung (REM1)
Large subsidiaries,2025-12-31,30.02,EU REM2 - Special payments  to staff whose professional activities have a material impact on institutions’ risk profile (identified staff),71,56,0.7887,uneinheitlich,Art. 450 Vergütung (REM2)
Large subsidiaries,2025-12-31,30.03,EU REM3 - Deferred remuneration,71,65,0.9155,erwartbar,Art. 450 Vergütung (REM3)
Large subsidiaries,2025-12-31,30.04,EU REM4 - Remuneration of 1 million EUR or more per year,71,39,0.5493,uneinheitlich,Art. 450 Vergütung (REM4)
Large subsidiaries,2025-12-31,30.05,EU REM5 - Information on remuneration of staff whose professional activities have a material impact on institutions’ risk profile (identified staff) (I),71,68,0.9577,erwartbar,Art. 450 Vergütung (REM5)
Large subsidiaries,2025-12-31,41.00,"Template 1 - Banking book- Indicators of potential climate Change transition risk: Credit quality of exposures by sector, emissions and residual maturity",28,25,0.8929,erwartbar,
Large subsidiaries,2025-12-31,42.00,Template 2 - Banking book - Indicators of potential climate change transition risk: Loans collateralised by immovable property - Energy efficiency of the collateral (I),28,26,0.9286,erwartbar,
Large subsidiaries,2025-12-31,43.00,Template 3 - Banking book - Indicators of potential climate change transition risk: Alignment metrics (IAE/NACE codes),28,20,0.7143,uneinheitlich,
Large subsidiaries,2025-12-31,44.00,Template 4 - Banking book - Indicators of potential climate change transition risk: Exposures to top 20 carbon-intensive firms,28,16,0.5714,uneinheitlich,
Large subsidiaries,2025-12-31,45.00,Template 5 - Banking book - Indicators of potential climate change physical risk: Exposures subject to physical risk (I),28,22,0.7857,uneinheitlich,
Large subsidiaries,2025-12-31,46.00,Template 6 - Summary of GAR KPIs (I),28,5,0.1786,untypisch,
Large subsidiaries,2025-12-31,47.00,Template 7 - Mitigating actions: Assets for the calculation of GAR (I),28,5,0.1786,untypisch,
Large subsidiaries,2025-12-31,48.00,Template 8 - GAR (%) (I),28,5,0.1786,untypisch,
Large subsidiaries,2025-12-31,49.01,Template 9.1 - Mitigating actions: Assets for the calculation of BTAR,28,2,0.0714,untypisch,
Large subsidiaries,2025-12-31,49.02,Template 9.2 - BTAR % (I),28,2,0.0714,untypisch,
Large subsidiaries,2025-12-31,49.03,Template 9.3 - Summary table - BTAR % (I),28,2,0.0714,untypisch,
Large subsidiaries,2025-12-31,50.00,Template 10 - Other climate change mitigating actions that are not covered in the EU Taxonomy,28,5,0.1786,untypisch,
Large subsidiaries,2025-12-31,60.00,EU OV1 – Overview of total risk exposure amounts (I),84,80,0.9524,erwartbar,
Large subsidiaries,2025-12-31,61.00,EU KM1 - Key metrics template,84,67,0.7976,uneinheitlich,
Large subsidiaries,2025-12-31,62.01,EU INS1 - Insurance participations,84,13,0.1548,untypisch,
Large subsidiaries,2025-12-31,62.02,EU INS2 - Financial conglomerates information on own funds and capital adequacy ratio,84,9,0.1071,untypisch,
Large subsidiaries,2025-12-31,63.01,EU CMS1 – Comparison of modelled and standardised risk weighted exposure amounts at risk level,84,40,0.4762,uneinheitlich,
Large subsidiaries,2025-12-31,63.02,EU CMS2 – Comparison of modelled and standardised risk weighted exposure amounts for credit risk at asset class level,84,39,0.4643,uneinheitlich,
Large subsidiaries,2025-12-31,64.01,EU LI1 - Differences between the accounting scope and the scope of prudential consolidation and mapping of financial statement categories with regulatory risk categories,84,25,0.2976,uneinheitlich,
Large subsidiaries,2025-12-31,64.02,EU LI3 - Outline of the differences in the scopes of consolidation (entity by entity),84,24,0.2857,uneinheitlich,
Large subsidiaries,2025-12-31,64.03,EU LI2 - Main sources of differences between regulatory exposure amounts and carrying values in financial statements,84,23,0.2738,uneinheitlich,
Large subsidiaries,2025-12-31,65.00,EU PV1: Prudent valuation adjustments (PVA),84,21,0.25,uneinheitlich,
Large subsidiaries,2025-12-31,66.01,EU CC1 - Composition of regulatory own funds,84,80,0.9524,erwartbar,Art. 437 Eigenmittel (CC1)
Large subsidiaries,2025-12-31,66.02,EU CC2 - reconciliation of regulatory own funds to balance sheet in the audited financial statements,84,77,0.9167,erwartbar,Art. 437 Eigenmittel (CC2)
Large subsidiaries,2025-12-31,67.01,EU CCyB1 - Geographical distribution of credit exposures relevant for the calculation of the countercyclical buffer,84,79,0.9405,erwartbar,
Large subsidiaries,2025-12-31,67.02,EU CCyB2 - Amount of institution-specific countercyclical capital buffer,84,80,0.9524,erwartbar,
Large subsidiaries,2025-12-31,68.00,EU IRRBB1 - Interest rate risks of non-trading book activities,40,35,0.875,erwartbar,
Large subsidiaries,2025-12-31,70.00,EU LR1 - LRSum: Summary reconciliation of accounting assets and leverage ratio exposures,84,78,0.9286,erwartbar,
Large subsidiaries,2025-12-31,71.00,EU LR2 - LRCom: Leverage ratio common disclosure,84,78,0.9286,erwartbar,
Large subsidiaries,2025-12-31,72.00,"EU LR3 - LRSpl: Split-up of on balance sheet exposures (excluding derivatives, SFTs and exempted exposures)",84,79,0.9405,erwartbar,
Large subsidiaries,2025-12-31,73.00,EU LIQ1 - Quantitative information of LCR,84,74,0.881,erwartbar,
Large subsidiaries,2025-12-31,74.00,EU LIQ2: Net Stable Funding Ratio,84,72,0.8571,erwartbar,
Large subsidiaries,2025-12-31,80.00,EU CQ1: Credit quality of forborne exposures,89,85,0.9551,erwartbar,
Large subsidiaries,2025-12-31,81.00,EU CQ2: Quality of forbearance,89,19,0.2135,uneinheitlich,
Large subsidiaries,2025-12-31,82.00,EU CQ3: Credit quality of performing and non-performing exposures by past due days,89,86,0.9663,erwartbar,
Large subsidiaries,2025-12-31,83.01,EU CQ4: Quality of non-performing exposures by geography,89,78,0.8764,erwartbar,
Large subsidiaries,2025-12-31,84.01,EU CQ5: Credit quality of loans and advances by industry,89,84,0.9438,erwartbar,
Large subsidiaries,2025-12-31,85.00,EU CQ6: Collateral valuation - loans and advances,89,19,0.2135,uneinheitlich,
Large subsidiaries,2025-12-31,86.00,EU CQ7: Collateral obtained by taking possession and execution processes,89,56,0.6292,uneinheitlich,
Large subsidiaries,2025-12-31,87.00,EU CQ8: Collateral obtained by taking possession and execution processes – vintage breakdown,89,19,0.2135,uneinheitlich,
Large subsidiaries,2025-12-31,90.01,"EU KM2 - Key metrics - MREL and, where applicable, G-SII requirement for own funds and eligible liabilities",52,19,0.3654,uneinheitlich,
Large subsidiaries,2025-12-31,91.00,"EU TLAC1 - Composition - MREL and, where applicable, G-SII requirement for own funds and eligible liabilities",52,16,0.3077,uneinheitlich,
Large subsidiaries,2025-12-31,93.00,"EU ILAC - Internal loss absorbing capacity: internal MREL and, where applicable, requirement for own funds and eligible liabilities for non-EU G-SIIs",52,31,0.5962,uneinheitlich,
Large subsidiaries,2025-12-31,95.00,EU TLAC2a - Creditor ranking - Entity that is not a resolution entity,52,9,0.1731,untypisch,
Large subsidiaries,2025-12-31,96.00,EU TLAC2b: Creditor ranking - Entity that is not a resolution entity,52,22,0.4231,uneinheitlich,
Large subsidiaries,2025-12-31,97.00,EU TLAC3a - creditor ranking - resolution entity,52,10,0.1923,untypisch,
Large subsidiaries,2025-12-31,98.00,EU TLAC3b: creditor ranking - resolution entity,52,11,0.2115,uneinheitlich,
Large subsidiaries,2026-03-31,00.02,Accompanying narrative CONDIS,30,8,0.2667,uneinheitlich,
Large subsidiaries,2026-03-31,01.00,EU CAE1 – Exposures to crypto-assets,30,0,0.0,untypisch,
Large subsidiaries,2026-03-31,02.00,EU CCR1 – Analysis of CCR exposure by approach,30,0,0.0,untypisch,
Large subsidiaries,2026-03-31,03.00,EU CCR3 – Standardised approach – CCR exposures by regulatory exposure class and risk weights,30,0,0.0,untypisch,
Large subsidiaries,2026-03-31,04.00,EU CCR4 – IRB approach – CCR exposures by exposure class and PD scale (I),30,0,0.0,untypisch,
Large subsidiaries,2026-03-31,05.00,EU CCR5 – Composition of collateral for CCR exposures (I),30,0,0.0,untypisch,
Large subsidiaries,2026-03-31,06.00,EU CCR6 – Credit derivatives exposures,30,0,0.0,untypisch,
Large subsidiaries,2026-03-31,07.00,EU CCR7 – RWEA flow statements of CCR exposures under the IMM,30,7,0.2333,uneinheitlich,
Large subsidiaries,2026-03-31,08.00,EU CCR8 – Exposures to CCPs,30,0,0.0,untypisch,
Large subsidiaries,2026-03-31,09.01,EU-SEC1 - Securitisation exposures in the non-trading book,30,0,0.0,untypisch,
Large subsidiaries,2026-03-31,09.02,EU-SEC2 - Securitisation exposures in the trading book,30,0,0.0,untypisch,
Large subsidiaries,2026-03-31,09.03,EU-SEC3 - Securitisation exposures in the non-trading book and associated regulatory capital requirements - institution acting as originator or as sponsor,30,0,0.0,untypisch,
Large subsidiaries,2026-03-31,09.04,EU-SEC4 - Securitisation exposures in the non-trading book and associated regulatory capital requirements - institution acting as investor,30,0,0.0,untypisch,
Large subsidiaries,2026-03-31,09.05,EU-SEC5 - Exposures securitised by the institution - Exposures in default and specific credit risk adjustments,30,0,0.0,untypisch,
Large subsidiaries,2026-03-31,10.00,EU MR1 - Market risk under the standardised approach,30,0,0.0,untypisch,
Large subsidiaries,2026-03-31,11.00,EU MR2-A - Market risk under the internal Model Approach (IMA) - RWEA,30,0,0.0,untypisch,
Large subsidiaries,2026-03-31,12.00,EU MR2-B - RWA flow statements of market risk exposures under the IMA,30,8,0.2667,uneinheitlich,
Large subsidiaries,2026-03-31,13.00,EU MR3 - IMA values for trading portfolios,30,0,0.0,untypisch,
Large subsidiaries,2026-03-31,18.01,EU CVA 1 – Credit valuation adjustment risk under the Reduced Basic Approach - OFR components,30,0,0.0,untypisch,
Large subsidiaries,2026-03-31,18.02,EU CVA 2 – Credit valuation adjustment risk under the Full Basic Approach - OFRs,30,0,0.0,untypisch,
Large subsidiaries,2026-03-31,18.03,EU CVA3 – Credit valuation adjustment risk under the Standardised Approach,30,0,0.0,untypisch,
Large subsidiaries,2026-03-31,18.04,EU CVA4 – RWEA flow statements of credit valuation adjustment risk under the Standardised Approach,30,12,0.4,uneinheitlich,
Large subsidiaries,2026-03-31,19.01,EU OR1 -Operational risk losses,30,0,0.0,untypisch,
Large subsidiaries,2026-03-31,19.02,"EU OR2 - Business Indicator, components and subcomponents",30,0,0.0,untypisch,
Large subsidiaries,2026-03-31,19.03,EU OR3 - Operational risk own funds requirements and risk exposure amounts,30,0,0.0,untypisch,
Large subsidiaries,2026-03-31,24.00,EU CR4 – standardised approach – Credit risk exposure and CRM effects,30,0,0.0,untypisch,
Large subsidiaries,2026-03-31,25.00,EU CR5 – standardised approach,30,0,0.0,untypisch,
Large subsidiaries,2026-03-31,26.00,EU CR6 – IRB approach – Credit risk exposures by exposure class and PD range (I),30,0,0.0,untypisch,
Large subsidiaries,2026-03-31,26.01,EU CR6-A – Scope of the use of IRB and SA approaches,30,0,0.0,untypisch,
Large subsidiaries,2026-03-31,27.01,EU CR7 – IRB approach – Effect on the RWEAs of credit derivatives used as CRM techniques,30,0,0.0,untypisch,
Large subsidiaries,2026-03-31,27.02,EU CR7-A – IRB approach – Disclosure of the extent of the use of CRM techniques,30,0,0.0,untypisch,
Large subsidiaries,2026-03-31,28.00,EU CR8 –  RWEA flow statements of credit risk exposures under the IRB approach,30,21,0.7,uneinheitlich,
Large subsidiaries,2026-03-31,29.00,EU CR9 –IRB approach – Back-testing of PD per exposure class (fixed PD scale),30,0,0.0,untypisch,
Large subsidiaries,2026-03-31,29.01,EU CR9.1 –IRB approach – Back-testing of PD per exposure class (only for PD estimates according to point (f) of Article 180(1) CRR) (I),30,0,0.0,untypisch,
Large subsidiaries,2026-03-31,29.02,EU CR10 –  Specialised lending and equity exposures under the simple riskweighted approach,30,0,0.0,untypisch,
Large subsidiaries,2026-03-31,60.00,EU OV1 – Overview of total risk exposure amounts (I),30,30,1.0,erwartbar,
Large subsidiaries,2026-03-31,61.00,EU KM1 - Key metrics template,30,25,0.8333,erwartbar,
Large subsidiaries,2026-03-31,62.01,EU INS1 - Insurance participations,30,1,0.0333,untypisch,
Large subsidiaries,2026-03-31,62.02,EU INS2 - Financial conglomerates information on own funds and capital adequacy ratio,30,0,0.0,untypisch,
Large subsidiaries,2026-03-31,63.01,EU CMS1 – Comparison of modelled and standardised risk weighted exposure amounts at risk level,30,14,0.4667,uneinheitlich,
Large subsidiaries,2026-03-31,63.02,EU CMS2 – Comparison of modelled and standardised risk weighted exposure amounts for credit risk at asset class level,30,14,0.4667,uneinheitlich,
Large subsidiaries,2026-03-31,64.01,EU LI1 - Differences between the accounting scope and the scope of prudential consolidation and mapping of financial statement categories with regulatory risk categories,30,0,0.0,untypisch,
Large subsidiaries,2026-03-31,64.02,EU LI3 - Outline of the differences in the scopes of consolidation (entity by entity),30,0,0.0,untypisch,
Large subsidiaries,2026-03-31,64.03,EU LI2 - Main sources of differences between regulatory exposure amounts and carrying values in financial statements,30,0,0.0,untypisch,
Large subsidiaries,2026-03-31,65.00,EU PV1: Prudent valuation adjustments (PVA),30,0,0.0,untypisch,
Large subsidiaries,2026-03-31,66.01,EU CC1 - Composition of regulatory own funds,30,2,0.0667,untypisch,Art. 437 Eigenmittel (CC1)
Large subsidiaries,2026-03-31,66.02,EU CC2 - reconciliation of regulatory own funds to balance sheet in the audited financial statements,30,1,0.0333,untypisch,Art. 437 Eigenmittel (CC2)
Large subsidiaries,2026-03-31,67.01,EU CCyB1 - Geographical distribution of credit exposures relevant for the calculation of the countercyclical buffer,30,0,0.0,untypisch,
Large subsidiaries,2026-03-31,67.02,EU CCyB2 - Amount of institution-specific countercyclical capital buffer,30,1,0.0333,untypisch,
Large subsidiaries,2026-03-31,70.00,EU LR1 - LRSum: Summary reconciliation of accounting assets and leverage ratio exposures,30,1,0.0333,untypisch,
Large subsidiaries,2026-03-31,71.00,EU LR2 - LRCom: Leverage ratio common disclosure,30,0,0.0,untypisch,
Large subsidiaries,2026-03-31,72.00,"EU LR3 - LRSpl: Split-up of on balance sheet exposures (excluding derivatives, SFTs and exempted exposures)",30,0,0.0,untypisch,
Large subsidiaries,2026-03-31,73.00,EU LIQ1 - Quantitative information of LCR,30,28,0.9333,erwartbar,
Large subsidiaries,2026-03-31,74.00,EU LIQ2: Net Stable Funding Ratio,30,0,0.0,untypisch,
Other highest EEA,2025-06-30,00.02,Accompanying narrative CONDIS,36,6,0.1667,untypisch,
Other highest EEA,2025-06-30,01.00,EU CAE1 – Exposures to crypto-assets,36,0,0.0,untypisch,
Other highest EEA,2025-06-30,02.00,EU CCR1 – Analysis of CCR exposure by approach,36,3,0.0833,untypisch,
Other highest EEA,2025-06-30,03.00,EU CCR3 – Standardised approach – CCR exposures by regulatory exposure class and risk weights,36,2,0.0556,untypisch,
Other highest EEA,2025-06-30,04.00,EU CCR4 – IRB approach – CCR exposures by exposure class and PD scale (I),36,0,0.0,untypisch,
Other highest EEA,2025-06-30,05.00,EU CCR5 – Composition of collateral for CCR exposures (I),36,2,0.0556,untypisch,
Other highest EEA,2025-06-30,06.00,EU CCR6 – Credit derivatives exposures,36,1,0.0278,untypisch,
Other highest EEA,2025-06-30,07.00,EU CCR7 – RWEA flow statements of CCR exposures under the IMM,36,0,0.0,untypisch,
Other highest EEA,2025-06-30,08.00,EU CCR8 – Exposures to CCPs,36,2,0.0556,untypisch,
Other highest EEA,2025-06-30,09.01,EU-SEC1 - Securitisation exposures in the non-trading book,36,1,0.0278,untypisch,
Other highest EEA,2025-06-30,09.02,EU-SEC2 - Securitisation exposures in the trading book,36,1,0.0278,untypisch,
Other highest EEA,2025-06-30,09.03,EU-SEC3 - Securitisation exposures in the non-trading book and associated regulatory capital requirements - institution acting as originator or as sponsor,36,1,0.0278,untypisch,
Other highest EEA,2025-06-30,09.04,EU-SEC4 - Securitisation exposures in the non-trading book and associated regulatory capital requirements - institution acting as investor,36,1,0.0278,untypisch,
Other highest EEA,2025-06-30,09.05,EU-SEC5 - Exposures securitised by the institution - Exposures in default and specific credit risk adjustments,36,1,0.0278,untypisch,
Other highest EEA,2025-06-30,10.00,EU MR1 - Market risk under the standardised approach,36,1,0.0278,untypisch,
Other highest EEA,2025-06-30,11.00,EU MR2-A - Market risk under the internal Model Approach (IMA) - RWEA,36,0,0.0,untypisch,
Other highest EEA,2025-06-30,12.00,EU MR2-B - RWA flow statements of market risk exposures under the IMA,36,0,0.0,untypisch,
Other highest EEA,2025-06-30,13.00,EU MR3 - IMA values for trading portfolios,36,0,0.0,untypisch,
Other highest EEA,2025-06-30,18.01,EU CVA 1 – Credit valuation adjustment risk under the Reduced Basic Approach - OFR components,36,0,0.0,untypisch,
Other highest EEA,2025-06-30,18.02,EU CVA 2 – Credit valuation adjustment risk under the Full Basic Approach - OFRs,36,0,0.0,untypisch,
Other highest EEA,2025-06-30,18.03,EU CVA3 – Credit valuation adjustment risk under the Standardised Approach,36,0,0.0,untypisch,
Other highest EEA,2025-06-30,18.04,EU CVA4 – RWEA flow statements of credit valuation adjustment risk under the Standardised Approach,36,0,0.0,untypisch,
Other highest EEA,2025-06-30,19.01,EU OR1 -Operational risk losses,36,0,0.0,untypisch,
Other highest EEA,2025-06-30,19.02,"EU OR2 - Business Indicator, components and subcomponents",36,0,0.0,untypisch,
Other highest EEA,2025-06-30,19.03,EU OR3 - Operational risk own funds requirements and risk exposure amounts,36,0,0.0,untypisch,
Other highest EEA,2025-06-30,23.00,EU CR3 –  CRM techniques overview:  Disclosure of the use of credit risk mitigation techniques,36,1,0.0278,untypisch,
Other highest EEA,2025-06-30,24.00,EU CR4 – standardised approach – Credit risk exposure and CRM effects,36,2,0.0556,untypisch,
Other highest EEA,2025-06-30,25.00,EU CR5 – standardised approach,36,2,0.0556,untypisch,
Other highest EEA,2025-06-30,26.00,EU CR6 – IRB approach – Credit risk exposures by exposure class and PD range (I),36,1,0.0278,untypisch,
Other highest EEA,2025-06-30,26.01,EU CR6-A – Scope of the use of IRB and SA approaches,36,0,0.0,untypisch,
Other highest EEA,2025-06-30,27.01,EU CR7 – IRB approach – Effect on the RWEAs of credit derivatives used as CRM techniques,36,0,0.0,untypisch,
Other highest EEA,2025-06-30,27.02,EU CR7-A – IRB approach – Disclosure of the extent of the use of CRM techniques,36,1,0.0278,untypisch,
Other highest EEA,2025-06-30,28.00,EU CR8 –  RWEA flow statements of credit risk exposures under the IRB approach,36,2,0.0556,untypisch,
Other highest EEA,2025-06-30,29.00,EU CR9 –IRB approach – Back-testing of PD per exposure class (fixed PD scale),36,0,0.0,untypisch,
Other highest EEA,2025-06-30,29.01,EU CR9.1 –IRB approach – Back-testing of PD per exposure class (only for PD estimates according to point (f) of Article 180(1) CRR) (I),36,0,0.0,untypisch,
Other highest EEA,2025-06-30,29.02,EU CR10 –  Specialised lending and equity exposures under the simple riskweighted approach,36,1,0.0278,untypisch,
Other highest EEA,2025-06-30,60.00,EU OV1 – Overview of total risk exposure amounts (I),36,3,0.0833,untypisch,
Other highest EEA,2025-06-30,61.00,EU KM1 - Key metrics template,36,36,1.0,erwartbar,
Other highest EEA,2025-06-30,62.01,EU INS1 - Insurance participations,36,1,0.0278,untypisch,
Other highest EEA,2025-06-30,62.02,EU INS2 - Financial conglomerates information on own funds and capital adequacy ratio,36,0,0.0,untypisch,
Other highest EEA,2025-06-30,63.01,EU CMS1 – Comparison of modelled and standardised risk weighted exposure amounts at risk level,36,3,0.0833,untypisch,
Other highest EEA,2025-06-30,63.02,EU CMS2 – Comparison of modelled and standardised risk weighted exposure amounts for credit risk at asset class level,36,1,0.0278,untypisch,
Other highest EEA,2025-06-30,64.01,EU LI1 - Differences between the accounting scope and the scope of prudential consolidation and mapping of financial statement categories with regulatory risk categories,36,0,0.0,untypisch,
Other highest EEA,2025-06-30,64.02,EU LI3 - Outline of the differences in the scopes of consolidation (entity by entity),36,0,0.0,untypisch,
Other highest EEA,2025-06-30,64.03,EU LI2 - Main sources of differences between regulatory exposure amounts and carrying values in financial statements,36,0,0.0,untypisch,
Other highest EEA,2025-06-30,65.00,EU PV1: Prudent valuation adjustments (PVA),36,0,0.0,untypisch,
Other highest EEA,2025-06-30,66.01,EU CC1 - Composition of regulatory own funds,36,2,0.0556,untypisch,Art. 437 Eigenmittel (CC1)
Other highest EEA,2025-06-30,66.02,EU CC2 - reconciliation of regulatory own funds to balance sheet in the audited financial statements,36,2,0.0556,untypisch,Art. 437 Eigenmittel (CC2)
Other highest EEA,2025-06-30,67.01,EU CCyB1 - Geographical distribution of credit exposures relevant for the calculation of the countercyclical buffer,36,2,0.0556,untypisch,
Other highest EEA,2025-06-30,67.02,EU CCyB2 - Amount of institution-specific countercyclical capital buffer,36,2,0.0556,untypisch,
Other highest EEA,2025-06-30,70.00,EU LR1 - LRSum: Summary reconciliation of accounting assets and leverage ratio exposures,36,2,0.0556,untypisch,
Other highest EEA,2025-06-30,71.00,EU LR2 - LRCom: Leverage ratio common disclosure,36,2,0.0556,untypisch,
Other highest EEA,2025-06-30,72.00,"EU LR3 - LRSpl: Split-up of on balance sheet exposures (excluding derivatives, SFTs and exempted exposures)",36,2,0.0556,untypisch,
Other highest EEA,2025-06-30,73.00,EU LIQ1 - Quantitative information of LCR,36,1,0.0278,untypisch,
Other highest EEA,2025-06-30,74.00,EU LIQ2: Net Stable Funding Ratio,36,1,0.0278,untypisch,
Other highest EEA,2025-12-31,00.01,Accompanying narrative FINDIS,208,83,0.399,uneinheitlich,
Other highest EEA,2025-12-31,00.02,Accompanying narrative CONDIS,217,93,0.4286,uneinheitlich,
Other highest EEA,2025-12-31,00.04,Accompanying narrative IRRBBDIS,80,27,0.3375,uneinheitlich,
Other highest EEA,2025-12-31,00.05,Accompanying narrative MREL/TLACDIS,76,43,0.5658,uneinheitlich,
Other highest EEA,2025-12-31,01.00,EU CAE1 – Exposures to crypto-assets,217,18,0.0829,untypisch,
Other highest EEA,2025-12-31,02.00,EU CCR1 – Analysis of CCR exposure by approach,217,75,0.3456,uneinheitlich,
Other highest EEA,2025-12-31,03.00,EU CCR3 – Standardised approach – CCR exposures by regulatory exposure class and risk weights,217,73,0.3364,uneinheitlich,
Other highest EEA,2025-12-31,04.00,EU CCR4 – IRB approach – CCR exposures by exposure class and PD scale (I),217,13,0.0599,untypisch,
Other highest EEA,2025-12-31,05.00,EU CCR5 – Composition of collateral for CCR exposures (I),217,55,0.2535,uneinheitlich,
Other highest EEA,2025-12-31,06.00,EU CCR6 – Credit derivatives exposures,217,23,0.106,untypisch,
Other highest EEA,2025-12-31,07.00,EU CCR7 – RWEA flow statements of CCR exposures under the IMM,217,15,0.0691,untypisch,
Other highest EEA,2025-12-31,08.00,EU CCR8 – Exposures to CCPs,217,44,0.2028,uneinheitlich,
Other highest EEA,2025-12-31,09.01,EU-SEC1 - Securitisation exposures in the non-trading book,217,30,0.1382,untypisch,
Other highest EEA,2025-12-31,09.02,EU-SEC2 - Securitisation exposures in the trading book,217,15,0.0691,untypisch,
Other highest EEA,2025-12-31,09.03,EU-SEC3 - Securitisation exposures in the non-trading book and associated regulatory capital requirements - institution acting as originator or as sponsor,217,23,0.106,untypisch,
Other highest EEA,2025-12-31,09.04,EU-SEC4 - Securitisation exposures in the non-trading book and associated regulatory capital requirements - institution acting as investor,217,23,0.106,untypisch,
Other highest EEA,2025-12-31,09.05,EU-SEC5 - Exposures securitised by the institution - Exposures in default and specific credit risk adjustments,217,24,0.1106,untypisch,
Other highest EEA,2025-12-31,10.00,EU MR1 - Market risk under the standardised approach,217,59,0.2719,uneinheitlich,
Other highest EEA,2025-12-31,11.00,EU MR2-A - Market risk under the internal Model Approach (IMA) - RWEA,217,15,0.0691,untypisch,
Other highest EEA,2025-12-31,12.00,EU MR2-B - RWA flow statements of market risk exposures under the IMA,217,15,0.0691,untypisch,
Other highest EEA,2025-12-31,13.00,EU MR3 - IMA values for trading portfolios,217,15,0.0691,untypisch,
Other highest EEA,2025-12-31,18.01,EU CVA 1 – Credit valuation adjustment risk under the Reduced Basic Approach - OFR components,217,51,0.235,uneinheitlich,
Other highest EEA,2025-12-31,18.02,EU CVA 2 – Credit valuation adjustment risk under the Full Basic Approach - OFRs,217,20,0.0922,untypisch,
Other highest EEA,2025-12-31,18.03,EU CVA3 – Credit valuation adjustment risk under the Standardised Approach,217,16,0.0737,untypisch,
Other highest EEA,2025-12-31,18.04,EU CVA4 – RWEA flow statements of credit valuation adjustment risk under the Standardised Approach,217,65,0.2995,uneinheitlich,
Other highest EEA,2025-12-31,19.01,EU OR1 -Operational risk losses,217,33,0.1521,untypisch,
Other highest EEA,2025-12-31,19.02,"EU OR2 - Business Indicator, components and subcomponents",217,76,0.3502,uneinheitlich,
Other highest EEA,2025-12-31,19.03,EU OR3 - Operational risk own funds requirements and risk exposure amounts,217,88,0.4055,uneinheitlich,
Other highest EEA,2025-12-31,20.01,EU AE1 - Encumbered and unencumbered assets,208,80,0.3846,uneinheitlich,
Other highest EEA,2025-12-31,20.02,EU AE2 - Collateral received and own debt securities issued,208,75,0.3606,uneinheitlich,
Other highest EEA,2025-12-31,20.03,EU AE3 - Sources   of  encumbrance,208,70,0.3365,uneinheitlich,
Other highest EEA,2025-12-31,21.01,EU CR1: Performing and non-performing exposures and related provisions,208,201,0.9663,erwartbar,
Other highest EEA,2025-12-31,21.02,EU CR1-A: Maturity of exposures,208,70,0.3365,uneinheitlich,
Other highest EEA,2025-12-31,22.01,EU CR2: Changes in the stock of non-performing loans and advances,208,61,0.2933,uneinheitlich,
Other highest EEA,2025-12-31,22.02,EU CR2a: Changes in the stock of non-performing loans and advances and related net accumulated recoveries,208,31,0.149,untypisch,
Other highest EEA,2025-12-31,23.00,EU CR3 –  CRM techniques overview:  Disclosure of the use of credit risk mitigation techniques,217,78,0.3594,uneinheitlich,
Other highest EEA,2025-12-31,24.00,EU CR4 – standardised approach – Credit risk exposure and CRM effects,217,87,0.4009,uneinheitlich,
Other highest EEA,2025-12-31,25.00,EU CR5 – standardised approach,217,85,0.3917,uneinheitlich,
Other highest EEA,2025-12-31,26.00,EU CR6 – IRB approach – Credit risk exposures by exposure class and PD range (I),217,24,0.1106,untypisch,
Other highest EEA,2025-12-31,26.01,EU CR6-A – Scope of the use of IRB and SA approaches,217,25,0.1152,untypisch,
Other highest EEA,2025-12-31,27.01,EU CR7 – IRB approach – Effect on the RWEAs of credit derivatives used as CRM techniques,217,22,0.1014,untypisch,
Other highest EEA,2025-12-31,27.02,EU CR7-A – IRB approach – Disclosure of the extent of the use of CRM techniques,217,27,0.1244,untypisch,
Other highest EEA,2025-12-31,28.00,EU CR8 –  RWEA flow statements of credit risk exposures under the IRB approach,217,28,0.129,untypisch,
Other highest EEA,2025-12-31,29.00,EU CR9 –IRB approach – Back-testing of PD per exposure class (fixed PD scale),217,21,0.0968,untypisch,
Other highest EEA,2025-12-31,29.01,EU CR9.1 –IRB approach – Back-testing of PD per exposure class (only for PD estimates according to point (f) of Article 180(1) CRR) (I),217,9,0.0415,untypisch,
Other highest EEA,2025-12-31,29.02,EU CR10 –  Specialised lending and equity exposures under the simple riskweighted approach,217,37,0.1705,untypisch,
Other highest EEA,2025-12-31,30.01,EU REM1 - Remuneration awarded for the financial year,184,180,0.9783,erwartbar,Art. 450 Vergütung (REM1)
Other highest EEA,2025-12-31,30.02,EU REM2 - Special payments  to staff whose professional activities have a material impact on institutions’ risk profile (identified staff),184,109,0.5924,uneinheitlich,Art. 450 Vergütung (REM2)
Other highest EEA,2025-12-31,30.03,EU REM3 - Deferred remuneration,184,124,0.6739,uneinheitlich,Art. 450 Vergütung (REM3)
Other highest EEA,2025-12-31,30.04,EU REM4 - Remuneration of 1 million EUR or more per year,184,84,0.4565,uneinheitlich,Art. 450 Vergütung (REM4)
Other highest EEA,2025-12-31,30.05,EU REM5 - Information on remuneration of staff whose professional activities have a material impact on institutions’ risk profile (identified staff) (I),184,91,0.4946,uneinheitlich,Art. 450 Vergütung (REM5)
Other highest EEA,2025-12-31,60.00,EU OV1 – Overview of total risk exposure amounts (I),217,215,0.9908,erwartbar,
Other highest EEA,2025-12-31,61.00,EU KM1 - Key metrics template,217,215,0.9908,erwartbar,
Other highest EEA,2025-12-31,62.01,EU INS1 - Insurance participations,217,22,0.1014,untypisch,
Other highest EEA,2025-12-31,62.02,EU INS2 - Financial conglomerates information on own funds and capital adequacy ratio,217,19,0.0876,untypisch,
Other highest EEA,2025-12-31,63.01,EU CMS1 – Comparison of modelled and standardised risk weighted exposure amounts at risk level,217,84,0.3871,uneinheitlich,
Other highest EEA,2025-12-31,63.02,EU CMS2 – Comparison of modelled and standardised risk weighted exposure amounts for credit risk at asset class level,217,77,0.3548,uneinheitlich,
Other highest EEA,2025-12-31,64.01,EU LI1 - Differences between the accounting scope and the scope of prudential consolidation and mapping of financial statement categories with regulatory risk categories,217,56,0.2581,uneinheitlich,
Other highest EEA,2025-12-31,64.02,EU LI3 - Outline of the differences in the scopes of consolidation (entity by entity),217,50,0.2304,uneinheitlich,
Other highest EEA,2025-12-31,64.03,EU LI2 - Main sources of differences between regulatory exposure amounts and carrying values in financial statements,217,58,0.2673,uneinheitlich,
Other highest EEA,2025-12-31,65.00,EU PV1: Prudent valuation adjustments (PVA),217,34,0.1567,untypisch,
Other highest EEA,2025-12-31,66.01,EU CC1 - Composition of regulatory own funds,217,213,0.9816,erwartbar,Art. 437 Eigenmittel (CC1)
Other highest EEA,2025-12-31,66.02,EU CC2 - reconciliation of regulatory own funds to balance sheet in the audited financial statements,217,189,0.871,erwartbar,Art. 437 Eigenmittel (CC2)
Other highest EEA,2025-12-31,67.01,EU CCyB1 - Geographical distribution of credit exposures relevant for the calculation of the countercyclical buffer,217,80,0.3687,uneinheitlich,
Other highest EEA,2025-12-31,67.02,EU CCyB2 - Amount of institution-specific countercyclical capital buffer,217,83,0.3825,uneinheitlich,
Other highest EEA,2025-12-31,68.00,EU IRRBB1 - Interest rate risks of non-trading book activities,80,74,0.925,erwartbar,
Other highest EEA,2025-12-31,70.00,EU LR1 - LRSum: Summary reconciliation of accounting assets and leverage ratio exposures,217,84,0.3871,uneinheitlich,
Other highest EEA,2025-12-31,71.00,EU LR2 - LRCom: Leverage ratio common disclosure,217,84,0.3871,uneinheitlich,
Other highest EEA,2025-12-31,72.00,"EU LR3 - LRSpl: Split-up of on balance sheet exposures (excluding derivatives, SFTs and exempted exposures)",217,83,0.3825,uneinheitlich,
Other highest EEA,2025-12-31,73.00,EU LIQ1 - Quantitative information of LCR,217,80,0.3687,uneinheitlich,
Other highest EEA,2025-12-31,74.00,EU LIQ2: Net Stable Funding Ratio,217,81,0.3733,uneinheitlich,
Other highest EEA,2025-12-31,80.00,EU CQ1: Credit quality of forborne exposures,208,181,0.8702,erwartbar,
Other highest EEA,2025-12-31,81.00,EU CQ2: Quality of forbearance,208,25,0.1202,untypisch,
Other highest EEA,2025-12-31,82.00,EU CQ3: Credit quality of performing and non-performing exposures by past due days,208,200,0.9615,erwartbar,
Other highest EEA,2025-12-31,83.01,EU CQ4: Quality of non-performing exposures by geography,208,59,0.2837,uneinheitlich,
Other highest EEA,2025-12-31,84.01,EU CQ5: Credit quality of loans and advances by industry,208,69,0.3317,uneinheitlich,
Other highest EEA,2025-12-31,85.00,EU CQ6: Collateral valuation - loans and advances,208,28,0.1346,untypisch,
Other highest EEA,2025-12-31,86.00,EU CQ7: Collateral obtained by taking possession and execution processes,208,117,0.5625,uneinheitlich,
Other highest EEA,2025-12-31,87.00,EU CQ8: Collateral obtained by taking possession and execution processes – vintage breakdown,208,20,0.0962,untypisch,
Other highest EEA,2025-12-31,90.01,"EU KM2 - Key metrics - MREL and, where applicable, G-SII requirement for own funds and eligible liabilities",76,66,0.8684,erwartbar,
Other highest EEA,2025-12-31,91.00,"EU TLAC1 - Composition - MREL and, where applicable, G-SII requirement for own funds and eligible liabilities",76,65,0.8553,erwartbar,
Other highest EEA,2025-12-31,93.00,"EU ILAC - Internal loss absorbing capacity: internal MREL and, where applicable, requirement for own funds and eligible liabilities for non-EU G-SIIs",76,21,0.2763,uneinheitlich,
Other highest EEA,2025-12-31,95.00,EU TLAC2a - Creditor ranking - Entity that is not a resolution entity,76,16,0.2105,uneinheitlich,
Other highest EEA,2025-12-31,96.00,EU TLAC2b: Creditor ranking - Entity that is not a resolution entity,76,17,0.2237,uneinheitlich,
Other highest EEA,2025-12-31,97.00,EU TLAC3a - creditor ranking - resolution entity,76,33,0.4342,uneinheitlich,
Other highest EEA,2025-12-31,98.00,EU TLAC3b: creditor ranking - resolution entity,76,46,0.6053,uneinheitlich,
