lei,scope,refPeriod,bank_name,country,institution_type,trea_eur,lr_exposure_eur,rwa_density,ov1_total_eur,ov1_abweichung,ov1_teile_summe,ov1_teile_stimmt,anteil_kredit,anteil_ccr,anteil_markt,anteil_operationell,kredit_sa_anteil,kredit_irb_anteil,ansatz,skalenverdacht,plausibel
0W2PZJM8XOY22M4GG883,CON,2025-06-30,DekaBank Deutsche Girozentrale,Germany,Large highest EEA,28965357494.21,89166982542.5,0.3248,28965357494.2,0.0,28965357494.21,true,0.4662,0.0584,0.2086,0.2528,0.3155,0.6845,gemischt,false,true
0W2PZJM8XOY22M4GG883,CON,2025-09-30,DekaBank Deutsche Girozentrale,Germany,Large highest EEA,28010431893.42,86232819352.32,0.3248,28010431893.42,0.0,28010431893.41,true,0.466,0.0602,0.1983,0.2614,0.3474,0.6526,gemischt,false,true
0W2PZJM8XOY22M4GG883,CON,2025-12-31,DekaBank Deutsche Girozentrale,Germany,Large highest EEA,28440717025.66,80279725489.8,0.3543,28440717025.66,0.0,28440717025.66,true,0.4544,0.0551,0.1965,0.2776,0.3334,0.6666,gemischt,false,true
0W2PZJM8XOY22M4GG883,CON,2026-03-31,DekaBank Deutsche Girozentrale,Germany,Large highest EEA,29488941474.42,92158135384.33,0.32,29488941474.42,0.0,29488925136.04,true,0.4491,0.0604,0.2072,0.2677,0.3263,0.6737,gemischt,false,true
0W5QHUNYV4W7GJO62R27,CON,2025-12-31,HYPO TIROL BANK AG,Austria,Other highest EEA,3500826623.46,8263098438.8,0.4237,3500826623.84,0.0,3502495045.71,true,0.9025,0.0006,0.0,0.0948,1.0,,SA,unbekannt,true
1FOLRR5RWTWWI397R131,IND,2025-06-30,Aktiebolaget Svensk Exportkredit,Sweden,Large highest EEA,8715622676.79,22940156926.37,0.3799,8715622676.79,0.0,8715622676.79,true,0.9053,0.011,0.0176,0.0449,0.0595,0.8808,gemischt,false,true
1FOLRR5RWTWWI397R131,IND,2025-09-30,Aktiebolaget Svensk Exportkredit,Sweden,Large highest EEA,8997370427.31,22961319109.29,0.3918,8997370427.31,0.0,8997370427.31,true,0.907,0.0109,0.0192,0.0438,0.0558,0.8726,gemischt,false,true
1FOLRR5RWTWWI397R131,IND,2025-12-31,Aktiebolaget Svensk Exportkredit,Sweden,Large highest EEA,9232833994.72,22558557488.01,0.4093,9232833994.72,0.0,9232833994.72,true,0.901,0.0106,0.025,0.0446,0.0641,0.8418,gemischt,false,true
1FOLRR5RWTWWI397R131,IND,2026-03-31,Aktiebolaget Svensk Exportkredit,Sweden,Large highest EEA,9279139243.89,23707628616.96,0.3914,9279139243.89,0.0,9279139243.89,true,0.9122,0.0121,0.0077,0.0438,0.0654,0.8411,gemischt,false,true
2138002PVBMEHILJ1340,IND,2025-12-31,Mitsubishi UFJ Investor Services and Banking (Luxembourg) S.A.,Luxembourg,Other highest EEA,1413538489.1,7673240681.19,0.1842,1413538489.1,0.0,1413538489.1,true,0.7742,,0.0,0.2105,1.0,,SA,unbekannt,true
21380033CFFM2V1ZCK65,CON,2025-12-31,SPARKASSE (HOLDINGS) MALTA LIMITED,Malta,Other highest EEA,185105768.9,991075107.91,0.1868,185105768.9,0.0,185105768.89,true,0.729,0.014,0.0,0.2429,1.0,,SA,unbekannt,true
2138004FIUXU3B2MR537,CON,2025-06-30,"Caixa Económica Montepio Geral, Caixa Económica Bancária, S.A.",Portugal,Large highest EEA,8087545893.37,19598794456.78,0.4127,8115626084.05,0.003472,8115626084.05,true,0.8621,,0.0027,0.1091,0.9842,,SA,false,true
2138004FIUXU3B2MR537,CON,2025-09-30,"Caixa Económica Montepio Geral, Caixa Económica Bancária, S.A.",Portugal,Large highest EEA,8105289514.15,19719584405.88,0.411,8133257053.15,0.003451,8133257053.15,true,0.8577,0.0039,0.0042,0.1089,0.9849,,SA,false,true
2138004FIUXU3B2MR537,CON,2026-03-31,"Caixa Económica Montepio Geral, Caixa Económica Bancária, S.A.",Portugal,Large highest EEA,8590754083.51,20319745833.04,0.4228,8619080154.77,0.003297,8619080154.77,true,0.8674,0.0055,0.0022,0.102,0.989,,SA,false,true
21380057HUGFEAF25W84,CON,2025-06-30,NOBA Group,Sweden,Other highest EEA,100878171066.57,161172191359.0,0.6259,,,,,,,,,,,unbekannt,false,true
21380057HUGFEAF25W84,CON,2025-12-31,NOBA Group,Sweden,Other highest EEA,9632510836.59,14956213574.45,0.644,9632510836.59,0.0,9632510836.59,true,0.9113,0.0015,,0.0791,1.0,,SA,false,true
2138005M92IEIQVEL297,CON,2025-06-30,AS Inbank,Estonia,Other highest EEA,956951171.58,1463694679.26,0.6538,,,,,,,,,,,unbekannt,false,true
2138005M92IEIQVEL297,CON,2025-12-31,AS Inbank,Estonia,Other highest EEA,1045267228.61,1545667996.16,0.6763,1045267228.61,0.0,1045267228.61,true,0.9333,0.0004,,0.061,1.0,,SA,false,true
2138005MGIT3X9ZTMP37,IND,2025-12-31,Rønde Sparekasse,Denmark,Other highest EEA,53335645.54,198315229.16,0.2689,53335645.54,0.0,53335645.54,true,0.7353,,0.094,0.1707,1.0,,SA,unbekannt,true
2138007F5HA5FFJROB80,CON,2025-12-31,"Akciju sabiedrība ""Rietumu Banka""",Latvia,Other highest EEA,1235059000.0,1428164000.0,0.8648,1235059000.0,0.0,1235059000.0,true,0.9236,0.0006,0.0107,0.0651,1.0,,SA,unbekannt,true
2138007JGI1M5YF7FJ53,CON,2025-12-31,Frøs Sparekasse,Denmark,Other highest EEA,827487505.06,1860046354.68,0.4449,827487505.06,0.0,827487505.06,true,0.8127,0.001,0.0627,0.1234,1.0,,SA,unbekannt,true
213800984CWACNBY8F31,IND,2025-12-31,Sparekassen for Nr. Nebel og Omegn,Denmark,Other highest EEA,160309549.36,409804940.1,0.3912,160309549.36,0.0,160309549.36,true,0.7026,0.0009,0.1785,0.1172,1.0,,SA,unbekannt,true
2138009Y59EAR7H1UO97,CON,2025-06-30,"Akciju sabiedrība ""Citadele banka""",Latvia,Large highest EEA,2608029616.56,5157385000.49,0.5057,2608029616.56,0.0,2608029616.56,true,0.8783,0.0025,0.0012,0.1167,1.0,,SA,false,true
2138009Y59EAR7H1UO97,CON,2025-09-30,"Akciju sabiedrība ""Citadele banka""",Latvia,Large highest EEA,2641443855.81,5355441868.4,0.4932,2641443855.81,0.0,2641443855.81,true,0.8793,0.0025,0.0019,0.1153,1.0,,SA,false,true
2138009Y59EAR7H1UO97,CON,2025-12-31,"Akciju sabiedrība ""Citadele banka""",Latvia,Large highest EEA,2716369482.21,5461767014.86,0.4973,2716369482.21,0.0,2716369482.21,true,0.8805,0.0025,0.001,0.1148,1.0,,SA,false,true
2138009Y59EAR7H1UO97,CON,2026-03-31,"Akciju sabiedrība ""Citadele banka""",Latvia,Large highest EEA,2743289145.96,5442472729.55,0.5041,2743289145.96,0.0,2743289145.96,true,0.8792,0.0036,0.0019,0.1137,1.0,,SA,false,true
213800A1O379I6DMCU10,IND,2025-06-30,APS BANK P.L.C.,Malta,Large highest EEA,1878198367.48,4428191538.65,0.4241,1878198.37,0.999,1878198.37,true,0.9332,0.0,0.0,0.0668,1.0,,SA,false,true
213800A1O379I6DMCU10,IND,2025-09-30,APS BANK P.L.C.,Malta,Large highest EEA,1906849501.72,4489808728.59,0.4247,1906849501.72,0.0,1906849501.72,true,0.9342,0.0,0.0,0.0658,1.0,,SA,false,true
213800A1O379I6DMCU10,IND,2025-12-31,APS BANK P.L.C.,Malta,Large highest EEA,1853672300.14,4755060268.29,0.3898,1853672300.14,0.0,1853672300.14,true,0.9276,,0.0,0.0723,1.0,,SA,false,true
213800A1O379I6DMCU10,IND,2026-03-31,APS BANK P.L.C.,Malta,Large highest EEA,1921119393.99,4830300126.21,0.3977,1921119393.99,0.0,1921119393.98,true,0.9302,,0.0,0.0698,1.0,,SA,false,true
213800C78WI8VFJCYR09,IND,2025-12-31,Sparekassen Bredebro,Denmark,Other highest EEA,166879379.8,499198093.23,0.3343,166879379.8,0.0,166879379.8,true,0.8367,,0.0276,0.1357,1.0,,SA,unbekannt,true
213800CBW4NPFP73ZK64,CON,2025-12-31,ANCORIA INVESTMENTS PLC,Cyprus,Other highest EEA,199412464.55,915692831.82,0.2178,199412464.55,0.0,199412464.55,true,0.8397,0.0,0.0,0.1603,1.0,,SA,unbekannt,true
213800CQ92347ZCS9V73,CON,2025-12-31,"ATLÂNTICO EUROPA, SGPS, SA",Portugal,Other highest EEA,273193711.33,845122776.33,0.3233,273193711.33,0.0,273193711.33,true,0.8289,0.0048,0.0027,0.1634,1.0058,,SA,unbekannt,true
213800DBQIB6VBNU5C64,CON,2025-06-30,Alpha Bank S.A.,Greece,Large highest EEA,30604478899.41,74581069163.04,0.4104,30604478899.41,0.0,30604478899.41,true,0.8363,0.0072,0.0148,0.1186,1.0,,SA,false,true
213800DBQIB6VBNU5C64,CON,2025-09-30,Alpha Bank S.A.,Greece,Large highest EEA,30984595704.95,75737726854.2,0.4091,30984595704.95,0.0,30984595704.95,true,0.8443,0.0057,0.0116,0.1171,1.0,,SA,false,true
213800DBQIB6VBNU5C64,CON,2025-12-31,Alpha Bank S.A.,Greece,Large highest EEA,32482147955.74,79265199026.14,0.4098,32482147955.74,0.0,32482147955.74,true,0.8514,0.005,0.0146,0.1067,1.0,,SA,false,true
213800GO21RWIB6O9Q29,CON,2025-12-31,Middelfart Sparekasse,Denmark,Other highest EEA,1602035125.14,4288182249.95,0.3736,1602035125.14,0.0,1602035125.14,true,0.8005,0.0002,0.0588,0.1403,1.0,,SA,unbekannt,true
213800HDJ876ACJXXD05,CON,2025-06-30,AIKGROUP (CY) LIMITED,Cyprus,Large highest EEA,6868048579.57,10446106037.16,0.6575,6868048579.57,0.0,6868048579.57,true,0.9168,0.0016,0.0027,0.0779,1.0,,SA,false,true
213800HDJ876ACJXXD05,CON,2025-09-30,AIKGROUP (CY) LIMITED,Cyprus,Large highest EEA,7147631124.9,10654291219.52,0.6709,7147631124.9,0.0,7147631124.9,true,0.9184,0.0023,0.0029,0.0748,1.0,,SA,false,true
213800JF3JFF6MMR2P36,CON,2025-12-31,Fynske Bank A/S,Denmark,Other highest EEA,732072131.06,1499666810.82,0.4882,732072131.19,0.0,732072131.19,true,0.753,0.0024,0.1346,0.11,1.0,,SA,unbekannt,true
213800KGF4EFNUQKAT69,CON,2025-12-31,EUROBANK S.A.,Greece,Large highest EEA,53646935316.43,113522804143.46,0.4726,,,,,,,,,1.0,,SA,unbekannt,true
213800KOJ5JSZ6ID2R91,IND,2025-12-31,Sparekassen Balling,Denmark,Other highest EEA,97963800.16,253197497.6,0.3869,97963800.16,0.0,97963800.16,true,0.7446,,0.1204,0.135,1.0,,SA,unbekannt,true
213800KYUPNOQPAQL758,CON,2025-12-31,BANCO DE INVESTIMENTO GLOBAL S.A.,Portugal,Other highest EEA,1082761.0,2929680.0,0.3696,1082761.0,0.0,1082761.0,true,0.7169,0.0132,0.0999,0.1215,1.0,,SA,unbekannt,true
213800M7T3CYVZ3ZRT12,CON,2025-06-30,Sparebanken Norge,Norway,Large highest EEA,17159963191.41,48886608950.54,0.351,17159963191.41,0.0,17159963191.41,true,0.9126,0.0018,,0.0791,0.5325,0.4675,gemischt,false,true
213800M7T3CYVZ3ZRT12,CON,2025-09-30,Sparebanken Norge,Norway,Large highest EEA,17971905647.48,52076326954.48,0.3451,17971905647.48,0.0,17971905647.48,true,0.9128,0.0052,,0.0763,0.4756,0.5244,gemischt,false,true
213800M7T3CYVZ3ZRT12,CON,2025-12-31,Sparebanken Norge,Norway,Large highest EEA,18031175996.05,49080618740.54,0.3674,18031175996.05,0.0,18031175996.05,true,0.9075,0.0048,,0.0822,0.4222,0.5778,gemischt,false,true
213800M7T3CYVZ3ZRT12,CON,2026-03-31,Sparebanken Norge,Norway,Large highest EEA,19124142307.07,51395155714.48,0.3721,19124142307.07,0.0,19124142307.07,true,0.9085,0.0046,,0.0818,0.4066,0.5934,gemischt,false,true
213800MLL4APN9UP1J53,IND,2025-12-31,Rise Sparekasse,Denmark,Other highest EEA,99176924.3,308422414.12,0.3216,99176924.3,0.0,99176924.3,true,0.6306,,0.2015,0.1679,1.0,,SA,unbekannt,true
213800P1P13ABO5R9V78,IND,2025-12-31,Societe Generale Bank - Cyprus Ltd,Cyprus,Other highest EEA,412951.0,738816.91,0.5589,412951.0,0.0,412951.0,true,0.9213,,,0.0787,1.0,,SA,unbekannt,true
213800RENLNKMWZV8767,CON,2025-12-31,Lollands Bank A/S,Denmark,Other highest EEA,363219901.73,815103624.67,0.4456,363219901.73,0.0,363219901.73,true,0.7422,0.0,0.1264,0.1313,1.0,,SA,unbekannt,true
213800RZWHE5EUX9R444,CON,2025-12-31,Luminor Holding AS,Estonia,Large highest EEA,7899514109.64,16687481004.14,0.4734,7899514109.64,0.0,7899514109.64,true,0.8933,0.0063,0.001,0.0986,1.0,,SA,unbekannt,true
213800TC9PZRBHMJW403,CON,2025-06-30,MDB Group Limited,Malta,Large subsidiaries,1261.39,4990.25,0.2528,1261.39,0.0,1261.39,true,0.8168,0.0093,,0.1037,1.0,,SA,false,true
213800TC9PZRBHMJW403,CON,2025-09-30,MDB Group Limited,Malta,Large subsidiaries,1192.61,5104.79,0.2336,1192.61,0.0,1192.61,true,0.8107,0.0099,,0.1097,1.0,,SA,false,true
213800TC9PZRBHMJW403,CON,2025-12-31,MDB Group Limited,Malta,Large subsidiaries,1192.84,5185.94,0.23,1192.84,0.0,1192.84,true,0.8179,0.0096,,0.1098,1.0,,SA,false,true
213800TKOS7J5UA3ZI07,IND,2025-12-31,EUROPE ARAB BANK SA,France,Other highest EEA,440917666.22,1064610783.09,0.4142,440917666.22,0.0,440917666.22,true,0.9422,,,0.0578,1.0,,SA,unbekannt,true
213800UIIZ6YSEQB5S26,CON,2025-12-31,Clearstream Fund Centre Holding S.A.,Luxembourg,Other highest EEA,605032324.25,1083881851.65,0.5582,605373453.1,0.000564,605373453.1,true,0.1888,0.0018,0.0453,0.7636,1.0,,SA,unbekannt,true
213800UK7516IBWZO445,IND,2025-12-31,Borbjerg Sparekasse,Denmark,Other highest EEA,66036351.21,127797697.31,0.5167,66036351.21,0.0,66036351.21,true,0.813,,0.0874,0.0996,1.0,,SA,unbekannt,true
213800UYAHIRLZ4NSN67,IND,2025-06-30,Lån & Spar Bank A/S,Denmark,Other highest EEA,1925567404.45,6204204004.42,0.3104,,,,,,,,,,,unbekannt,false,true
213800UYAHIRLZ4NSN67,IND,2025-12-31,Lån & Spar Bank A/S,Denmark,Other highest EEA,2038235760.62,6345285781.85,0.3212,2038235760.62,0.0,2038235760.62,true,0.7423,0.0035,0.0986,0.1536,0.4858,0.469,gemischt,false,true
213800X3Q9LSAKRUWY91,CON,2026-03-31,KBC Groupe,Belgium,Large highest EEA,132591473891.37,387554123017.34,0.3421,132591473891.37,0.0,132591473891.37,true,0.8087,0.0197,0.0207,0.134,0.3918,0.6044,gemischt,unbekannt,true
213800ZOI1EW481WPV90,IND,2025-12-31,FCM Bank Ltd,Malta,Other highest EEA,462944114.0,590851045.0,0.7835,462944114.0,0.0,462944114.0,true,0.9539,,,0.0461,1.0,,SA,unbekannt,true
22210058UCKT3BJTCN24,CON,2025-06-30,OTP Luxembourg S.à r.l.,Luxembourg,Large subsidiaries,7558603000.0,15911302000.0,0.475,,,,,,,,,,,unbekannt,false,true
22210058UCKT3BJTCN24,CON,2025-12-31,OTP Luxembourg S.à r.l.,Luxembourg,Large subsidiaries,7880667000.0,16357427000.0,0.4818,7880667000.0,0.0,7880668000.0,true,0.8937,0.0029,0.0001,0.1029,1.0,,SA,false,true
222100PG81CES7H3HZ28,CON,2025-12-31,Aneto S.à r.l.,Luxembourg,Other highest EEA,1616964000.0,3495457000.0,0.4626,1616964000.0,0.0,1616964000.0,true,0.7884,0.0023,,0.1848,1.0,,SA,unbekannt,true
222100V03Y766EM5TZ83,IND,2025-12-31,Brown Brothers Harriman (Luxembourg) S.C.A.,Luxembourg,,382554859.77,165691880.77,2.3088,382554859.77,0.0,382554859.77,true,0.2304,,0.0191,0.7505,1.0,,SA,unbekannt,true
2534005A84927EKSR789,CON,2025-12-31,Signet Bank AS,Latvia,Other highest EEA,378333168.92,713659033.83,0.5301,378333168.92,0.0,378333168.92,true,0.8306,0.0062,0.0007,0.1612,1.0,,SA,unbekannt,true
254900RNFMDM0P11YR84,CON,2025-06-30,Atlantic Lux HoldCo S.à r.l.,Luxembourg,Large highest EEA,13313427595.2,46230307018.3,0.288,13313427595.2,0.0,13313427595.2,true,0.8201,0.0263,0.0072,0.1342,0.1465,0.8535,gemischt,false,true
254900RNFMDM0P11YR84,CON,2025-09-30,Atlantic Lux HoldCo S.à r.l.,Luxembourg,Large highest EEA,12833792486.59,46425799139.94,0.2764,12833792486.59,0.0,12820912638.54,false,0.8214,0.0264,,0.1393,0.1204,0.8796,gemischt,false,true
254900WR3I1Z9NPC7D84,CON,2025-12-31,Kvika banki hf.,Iceland,Other highest EEA,1268144806.6,2173053267.0,0.5836,1268144806.6,0.0,1388823272.9,false,0.8239,0.0216,0.0293,0.1098,1.0,,SA,unbekannt,true
2594000ZNGGQZXZKXH36,CON,2025-12-31,VELOBANK SA,Poland,Other highest EEA,3584045786.83,13026279872.3,0.2751,3584045786.83,0.0,3584045786.83,true,0.8387,0.0045,0.0003,0.1505,1.0,,SA,unbekannt,true
259400BILZFH923Q1N56,IND,2025-12-31,WARMINSKO - MAZURSKI BANK SPOLDZIELCZY,Poland,Other highest EEA,143086041.82,310090044.85,0.4614,143086041.82,0.0,143086041.82,true,0.9231,,,0.0769,1.0,,SA,unbekannt,true
259400DAAAR5M4A6SI23,IND,2025-12-31,Bank Pocztowy S.A.,Poland,Other highest EEA,789086408.47,2677248229.33,0.2947,789086408.47,0.0,789086408.47,true,0.8547,0.0002,,0.145,1.0,,SA,unbekannt,true
259400DZXF7UJKK2AY35,CON,2025-06-30,mBank S.A.,Poland,Large subsidiaries,28063915206.56,65956481777.68,0.4255,28063915206.56,0.0,28063915206.56,true,0.7806,0.0121,0.0088,0.1488,0.3295,0.5911,gemischt,false,true
259400DZXF7UJKK2AY35,CON,2025-09-30,mBank S.A.,Poland,Large subsidiaries,28368838044.0,66803479672.0,0.4247,28368838044.0,0.0,28368838044.0,true,0.7899,0.0119,0.0091,0.1463,0.3219,0.6064,gemischt,false,true
259400DZXF7UJKK2AY35,CON,2025-12-31,mBank S.A.,Poland,Large subsidiaries,30060352547.5,72522196582.24,0.4145,30060352547.5,0.0,30060352547.5,true,0.7556,0.0112,0.0082,0.1828,0.3088,0.625,gemischt,false,true
259400DZXF7UJKK2AY35,CON,2026-03-31,mBank S.A.,Poland,Large subsidiaries,31685655124.26,73794686853.45,0.4294,,,,,,,,,0.29,0.6493,gemischt,false,true
259400GZKACLCASLRW25,IND,2025-12-31,KRAKOWSKI BANK SPOLDZIELCZY,Poland,Other highest EEA,319981622.28,1443509376.93,0.2217,319981622.28,0.0,319981622.28,true,0.8322,,,0.1678,1.0,,SA,unbekannt,true
259400L03ZTD1W99FZ91,IND,2025-12-31,BANK SPOLDZIELCZY W BRODNICY,Poland,Other highest EEA,286453574.42,1026432101.83,0.2791,286453574.42,0.0,286453574.42,true,0.8788,,,0.1212,1.0,,SA,unbekannt,true
259400LGXW3K0GDAG361,CON,2025-06-30,Santander Bank Polska S.A.,Poland,Large subsidiaries,34947848129.21,77520265887.02,0.4508,34947848129.21,0.0,34947848129.21,true,0.7742,0.0312,0.024,0.1476,1.0,,SA,false,true
259400LGXW3K0GDAG361,CON,2025-09-30,Santander Bank Polska S.A.,Poland,Large subsidiaries,34868860652.24,78154126104.28,0.4462,34868860652.01,0.0,34868860651.77,true,0.7783,0.0285,0.0238,0.147,1.0,,SA,false,true
259400LGXW3K0GDAG361,CON,2025-12-31,Santander Bank Polska S.A.,Poland,Large subsidiaries,31429498126.08,76653950965.3,0.41,31429498126.08,0.0,31429498126.08,true,0.7551,0.0315,0.021,0.165,1.0,,SA,false,true
259400LGXW3K0GDAG361,CON,2026-03-31,Santander Bank Polska S.A.,Poland,Large subsidiaries,32533929542.31,76458720192.67,0.4255,32533929542.31,0.0,32533929542.31,true,0.7678,0.0335,0.02,0.1519,1.0,,SA,false,true
259400OFDZ9KPZEO8K78,CON,2025-06-30,BANK MILLENNIUM SA,Poland,Large subsidiaries,51106510892.0,151075519871.0,0.3383,51476637155.0,0.007242,51476637155.0,true,0.6539,0.0049,0.0074,0.2378,0.7359,0.2515,gemischt,unbekannt,true
259400P9KF07OP2K5P83,IND,2025-06-30,SGB-Bank S.A.,Poland,Large highest EEA,1460.76,7136.19,0.2047,,,,,,,,,,,unbekannt,unbekannt,true
259400QHDOZWMJ103294,CON,2025-06-30,ALIOR BANK S.A.,Poland,Other highest EEA,13790657168.0,25802854080.0,0.5345,,,,,,,,,,,unbekannt,false,true
259400QHDOZWMJ103294,CON,2025-12-31,ALIOR BANK S.A.,Poland,Other highest EEA,14130023130.0,26402198040.0,0.5352,14130023130.0,0.0,14130023130.0,true,0.882,0.0136,0.006,0.098,1.0,,SA,false,true
259400WNAOMT2E4OIS38,CON,2025-12-31,NEST BANK S.A.,Poland,Other highest EEA,745937.91,2410089.93,0.3095,745938.14,0.0,745938.14,true,0.8629,0.0,,0.137,1.0,,SA,unbekannt,true
259400YLRTOBISHBVX41,CON,2025-12-31,ING Bank Slaski S.A.,Poland,Large subsidiaries,30354927767.96,72835670955.85,0.4168,30354927768.2,0.0,30354927768.2,true,0.8621,0.0053,0.0128,0.1128,0.4661,0.44,gemischt,unbekannt,true
2G5BKIC2CB69PRJH1W31,IND,2025-06-30,Barclays Bank Ireland plc,Ireland,Large highest EEA,35650961719.56,130421101193.72,0.2734,35650961719.56,0.0,35650961719.56,true,0.3376,0.2599,0.225,0.0857,1.0,,SA,false,true
2G5BKIC2CB69PRJH1W31,IND,2025-09-30,Barclays Bank Ireland plc,Ireland,Large highest EEA,37204624480.49,126432578032.56,0.2943,37204624480.49,0.0,37204624480.49,true,0.3127,0.2649,0.2345,0.0821,1.0,,SA,false,true
2G5BKIC2CB69PRJH1W31,IND,2025-12-31,Barclays Bank Ireland plc,Ireland,Large highest EEA,36863040311.65,124637242088.5,0.2958,36863040311.65,0.0,36863040311.65,true,0.3472,0.2556,0.224,0.0702,1.0,,SA,false,true
2W8N8UU78PMDQKZENC08,CON,2025-06-30,Intesa Sanpaolo S.p.A.,Italy,Large highest EEA,308508000000.0,823751000000.0,0.3745,308508000000.0,0.0,308415000000.0,true,0.7377,0.0179,0.0497,0.1629,0.4292,0.547,gemischt,false,true
2W8N8UU78PMDQKZENC08,CON,2025-09-30,Intesa Sanpaolo S.p.A.,Italy,Large highest EEA,306097000000.0,824144000000.0,0.3714,306097000000.0,0.0,305967000000.0,true,0.737,0.0173,0.0489,0.1642,0.4304,0.549,gemischt,false,true
2W8N8UU78PMDQKZENC08,CON,2025-12-31,Intesa Sanpaolo S.p.A.,Italy,Large highest EEA,310201000000.0,831920000000.0,0.3729,310201000000.0,0.0,310171000000.0,true,0.7258,0.0171,0.0482,0.173,0.4375,0.5466,gemischt,false,true
2W8N8UU78PMDQKZENC08,CON,2026-03-31,Intesa Sanpaolo S.p.A.,Italy,Large highest EEA,313516000000.0,858894000000.0,0.365,313516000000.0,0.0,313459000000.0,true,0.7317,0.0177,0.0465,0.1711,0.449,0.5421,gemischt,false,true
2ZCNRR8UK83OBTEK2170,CON,2025-06-30,UniCredit Bank GmbH,Germany,Large subsidiaries,69427303149.0,312348000000.0,0.2223,69427303149.0,0.0,69405459067.0,true,0.644,0.0725,0.0384,0.1661,0.0698,0.8621,gemischt,false,true
2ZCNRR8UK83OBTEK2170,CON,2025-12-31,UniCredit Bank GmbH,Germany,Large subsidiaries,69130799778.0,305340000000.0,0.2264,69130799778.0,0.0,69044892237.0,false,0.6387,0.0717,0.037,0.1742,0.0723,0.8531,gemischt,false,true
31570014BNQ1Q99CNQ35,CON,2025-06-30,PPF Financial Holdings AS,Czech,Large highest EEA,11176732980.62,26294719082.4,0.4251,,,,,,,,,,,unbekannt,false,true
31570014BNQ1Q99CNQ35,CON,2025-12-31,PPF Financial Holdings AS,Czech,Large highest EEA,9767346023.74,25828314218.61,0.3782,9767346023.74,0.0,9767346023.74,true,0.7877,0.0182,0.0499,0.1373,1.0,,SA,false,true
3157002JBFAI478MD587,CON,2025-06-30,"Tatra banka, a.s.",Slovakia,Large subsidiaries,7812522821.0,21822788544.0,0.358,7812522821.0,0.0,7812933371.0,true,0.8639,0.0015,0.0014,0.132,0.1975,0.6135,gemischt,false,true
3157002JBFAI478MD587,CON,2025-09-30,"Tatra banka, a.s.",Slovakia,Large subsidiaries,8130821359.5,22774931945.0,0.357,8130821359.5,0.0,8130821359.5,true,0.8709,0.0009,0.0013,0.1269,0.1926,0.6139,gemischt,false,true
3157002JBFAI478MD587,CON,2025-12-31,"Tatra banka, a.s.",Slovakia,Large subsidiaries,8310574079.0,24047351111.0,0.3456,8310574079.0,0.0,8310574079.0,true,0.8558,0.0013,0.0007,0.1411,0.1929,0.617,gemischt,false,true
3157002JBFAI478MD587,CON,2026-03-31,"Tatra banka, a.s.",Slovakia,Large subsidiaries,8375102420.0,23886208561.0,0.3506,8375102420.0,0.0,8375102420.0,true,0.8576,0.0008,0.0009,0.14,0.1872,0.625,gemischt,false,true
3157006K4C7PJT790450,IND,2025-12-31,BANCA CENTRALA COOPERATISTA CREDITCOOP,Romania,Other highest EEA,228574439.52,368184762.33,0.6208,228574439.52,0.0,228574439.52,true,0.9167,,,0.0833,1.0,,SA,unbekannt,true
315700E9POA724IWFP59,CON,2025-06-30,J&amp;T FINANCE GROUP SE,Czech,Large highest EEA,10240034640.54,19858843240.16,0.5156,10240034640.54,0.0,10240034640.5,true,0.8265,0.0109,0.0567,0.1038,1.0,,SA,false,true
315700E9POA724IWFP59,CON,2025-09-30,J&amp;T FINANCE GROUP SE,Czech,Large highest EEA,10206124593.72,19045673611.12,0.5359,10206124593.72,0.0,10206124593.76,true,0.8261,0.0093,0.0567,0.1059,1.0,,SA,false,true
315700E9POA724IWFP59,CON,2025-12-31,J&amp;T FINANCE GROUP SE,Czech,Large highest EEA,10500678165.31,19279285360.58,0.5447,10500678165.31,0.0,10500678165.31,true,0.8303,0.0088,0.0519,0.1071,1.0,,SA,false,true
315700E9POA724IWFP59,CON,2026-03-31,J&amp;T FINANCE GROUP SE,Czech,Large highest EEA,9595265175.56,13521398596.38,0.7096,9595265175.56,0.0,9595265175.56,true,0.7426,0.0093,0.1302,0.1159,1.0,,SA,false,true
315700K45LRKNGMUIW27,IND,2025-06-30,"Prima banka Slovensko, a.s.",Slovakia,Large highest EEA,2381.0,6864.0,0.3469,2381.0,0.0,2380.0,true,0.9164,0.0,0.0,0.0832,0.9922,,SA,false,true
315700K45LRKNGMUIW27,IND,2025-09-30,"Prima banka Slovensko, a.s.",Slovakia,Large highest EEA,2421.0,6972.0,0.3472,2421.0,0.0,2420.0,true,0.9178,,,0.0818,0.9928,,SA,false,true
315700K45LRKNGMUIW27,IND,2025-12-31,"Prima banka Slovensko, a.s.",Slovakia,Large highest EEA,2531.0,7087.0,0.3571,2531.0,0.0,2531.0,true,0.8985,0.0,,0.1015,1.0,,SA,false,true
315700K45LRKNGMUIW27,IND,2026-03-31,"Prima banka Slovensko, a.s.",Slovakia,Large highest EEA,2562.0,7372.0,0.3475,,,,,,,,,1.0,,SA,false,true
39120001JPAYYPDRNN92,IND,2025-12-31,Deutsche Bausparkasse Badenia Aktiengesellschaft,Germany,Other highest EEA,1265173198.38,5299663999.58,0.2387,1265173198.38,0.0,1265173198.38,true,0.7677,,,0.2323,0.3317,0.667,gemischt,unbekannt,true
391200EEGLNXBBCVKC73,CON,2025-06-30,Erwerbsgesellschaft der S-Finanzgruppe mbH & Co. KG,Germany,Large highest EEA,16017291906.3,46505069389.02,0.3444,,,,,,,,,,,unbekannt,false,true
391200EEGLNXBBCVKC73,CON,2025-12-31,Erwerbsgesellschaft der S-Finanzgruppe mbH & Co. KG,Germany,Large highest EEA,15508102262.51,45754321617.51,0.3389,15508102262.51,0.0,15508102262.51,true,0.834,0.0012,,0.1645,0.1589,0.8231,gemischt,false,true
3DM5DPGI3W6OU6GJ4N92,CON,2025-12-31,BANCO BPI S.A.,Portugal,Large subsidiaries,20594299636.57,44718457446.7,0.4605,20594299636.57,0.0,20594299636.57,true,0.8817,0.004,0.012,0.0991,0.787,0.213,gemischt,unbekannt,true
3H0Q3U74FVFED2SHZT16,CON,2025-06-30,MBH bankcsoport,Hungary,Large highest EEA,13014637460.0,33130341926.19,0.3928,13014637460.0,0.0,13014637459.99,true,0.8133,0.0166,0.0038,0.1619,1.0,,SA,false,true
3H0Q3U74FVFED2SHZT16,CON,2025-09-30,MBH bankcsoport,Hungary,Large highest EEA,13117836280.35,33310773649.48,0.3938,13117836280.35,0.0,13117836280.35,true,0.8111,0.016,0.0033,0.1645,1.0,,SA,false,true
3H0Q3U74FVFED2SHZT16,CON,2025-12-31,MBH bankcsoport,Hungary,Large highest EEA,14020526081.63,37935860398.99,0.3696,14020526081.63,0.0,14020526081.63,true,0.8075,0.0139,0.003,0.1713,1.0,,SA,false,true
3H0Q3U74FVFED2SHZT16,CON,2026-03-31,MBH bankcsoport,Hungary,Large highest EEA,14777621471.51,39091028357.88,0.378,14777621471.51,0.0,14777621471.51,true,0.815,0.014,0.004,0.1625,1.0,,SA,false,true
3M5E1GQGKL17HI6CPN30,CON,2026-03-31,Jyske Bank A/S,Denmark,Large highest EEA,33932753783.74,107457565990.15,0.3158,33932753783.74,0.0,33932753783.74,true,0.8132,0.0211,0.0444,0.1053,0.1317,0.7341,gemischt,unbekannt,true
485100FX5Y9YLAQLNP12,CON,2025-12-31,Revolut Holdings Europe UAB,Lithuania,Large highest EEA,6069509814.0,34567327662.0,0.1756,6069509814.0,0.0,6069509814.0,true,0.3906,0.0114,0.0166,0.5127,1.0,,SA,unbekannt,true
5299000F1CGJQ8NAXQ58,IND,2025-12-31,MERKANTI BANK LTD,Malta,Other highest EEA,18129251.08,31152720.88,0.5819,18129251.13,0.0,18068044.38,false,0.5009,0.0,0.0,0.4957,1.0,,SA,unbekannt,true
5299000R7WZOVIFHLN21,CON,2025-12-31,BFS SozialFinanz AG,Germany,Other highest EEA,5267617158.01,10601806665.65,0.4969,5267617158.01,0.0,5267617158.01,true,0.9325,0.0001,0.0,0.0674,1.0,,SA,unbekannt,true
5299001ADI8FLGT0GU28,IND,2025-12-31,Sparkasse KölnBonn,Germany,Other highest EEA,11044071329.73,30020608785.24,0.3679,11044071329.73,0.0,11044071329.73,true,0.8661,0.0049,0.0065,0.122,0.2516,0.7484,gemischt,unbekannt,true
5299001PEMDU9N24CH60,CON,2025-12-31,DELAVSKA HRANILNICA d.d. LJUBLJANA,Slovenia,Other highest EEA,725366000.0,2683259000.0,0.2703,725366000.0,0.0,725366000.0,true,0.832,,,0.168,1.0,,SA,unbekannt,true
52990026HQOTT4AJP655,IND,2025-12-31,GLS Gemeinschaftsbank e.G.,Germany,Other highest EEA,6370456699.62,9878093102.98,0.6449,6370456699.62,0.0,6370456699.62,true,0.9469,0.0,0.0,0.0531,1.0,,SA,unbekannt,true
5299002GPCR602QYJC04,CON,2025-06-30,KfW Beteiligungsholding GmbH,Germany,Large highest EEA,21888350834.15,46350105189.74,0.4722,,,,,,,,,,,unbekannt,false,true
5299002GPCR602QYJC04,CON,2025-12-31,KfW Beteiligungsholding GmbH,Germany,Large highest EEA,23586244481.27,48204659396.49,0.4893,23586244481.27,0.0,23586244481.27,true,0.932,0.0148,0.0,0.0532,0.0594,0.9119,IRB,false,true
52990033C5FUEN4LMC06,IND,2025-12-31,BANCA POPOLARE DELL'ALTO ADIGE SOCIETA' PER AZIONI (IN TEDESCO SUDTIROLER VOLKSBANK A.G.),Italy,Other highest EEA,5551076095.0,13010153039.0,0.4267,5551076094.0,0.0,5551076094.0,true,0.8787,0.0002,0.0088,0.1121,1.0,,SA,unbekannt,true
5299003ATVTQVPTW4735,CON,2025-06-30,BTV Vier Länder Bank AG,Austria,Other highest EEA,10049905530.58,15281201449.67,0.6577,,,,,,,,,,,unbekannt,unbekannt,true
52990045V2BWJN669Q34,CON,2025-12-31,Wüstenrot Wohnungswirtschaft registrierte Genossenschaft mit beschränkter Haftung,Austria,Other highest EEA,2958293686.31,7608089128.74,0.3888,2958293686.29,0.0,2958293686.29,true,0.904,0.0013,0.0,0.0939,1.0,,SA,unbekannt,true
5299004R4U60UMXLSE36,IND,2025-12-31,Sparkasse Karlsruhe,Germany,Other highest EEA,8563232390.38,12166680021.84,0.7038,8563232390.38,0.0,8563232390.38,true,0.9527,0.0,,0.0473,1.0,,SA,unbekannt,true
5299005743YY767PR386,IND,2025-12-31,Dragsholm Sparekasse,Denmark,Other highest EEA,125159940.87,428237459.03,0.2923,125159940.87,0.0,125159940.87,true,0.7607,,0.0856,0.1537,1.0,,SA,unbekannt,true
5299005OACOC1C1OFJ11,IND,2025-06-30,Raiffeisen-Landesbank Tirol AG,Austria,Other highest EEA,3729447572.82,8064927082.44,0.4624,,,,,,,,,,,unbekannt,false,true
5299005OACOC1C1OFJ11,IND,2025-12-31,Raiffeisen-Landesbank Tirol AG,Austria,Other highest EEA,3492084703.99,8027238545.71,0.435,3492084703.99,0.0,3492084703.99,true,0.921,0.0015,0.0,0.0709,1.0,,SA,false,true
5299005UJX6K7BQKV086,CON,2025-12-31,OTP banka d.d.,Croatia,Large subsidiaries,6164466091.72,10799128506.43,0.5708,6164466091.72,0.0,6164466091.72,true,0.8951,0.0093,0.0058,0.0898,1.0,,SA,false,true
5299005UJX6K7BQKV086,CON,2026-03-31,OTP banka d.d.,Croatia,Large subsidiaries,6345168713.37,10799128506.43,0.5876,6345168713.37,0.0,6345168713.37,true,0.8977,0.0111,0.0039,0.0873,0.9876,,SA,false,true
52990061592SQLEJN964,IND,2025-12-31,Volksbank Mittelhessen eG,Germany,Other highest EEA,9373205824.47,14161642813.76,0.6619,9373205824.47,0.0,9373205824.47,true,0.9276,0.0002,0.0042,0.0664,1.0,,SA,unbekannt,true
5299007S3UH5RKUYDA52,IND,2025-06-30,DEUTSCHE APOTHEKER- UND ÄRZTEBANK EG,Germany,Large highest EEA,14531593379.0,53471256728.41,0.2718,14531593379.0,0.0,14531593379.0,true,0.8702,0.0003,0.0,0.1284,0.2,0.7832,gemischt,false,true
5299007S3UH5RKUYDA52,IND,2025-09-30,DEUTSCHE APOTHEKER- UND ÄRZTEBANK EG,Germany,Large highest EEA,14712441373.45,54006819458.32,0.2724,14712441373.45,0.0,14340433619.08,false,0.8465,0.0003,0.0,0.1268,0.2074,0.7926,gemischt,false,true
5299007S3UH5RKUYDA52,IND,2025-12-31,DEUTSCHE APOTHEKER- UND ÄRZTEBANK EG,Germany,Large highest EEA,14626528816.91,54907178791.6,0.2664,14626528816.91,0.0,14385773037.3,false,0.8448,0.0002,0.0,0.1376,0.2066,0.7934,gemischt,false,true
5299007S3UH5RKUYDA52,IND,2026-03-31,DEUTSCHE APOTHEKER- UND ÄRZTEBANK EG,Germany,Large highest EEA,16342292024.4,55449819120.11,0.2947,16342292024.4,0.0,14491395340.64,false,0.7626,0.0002,,0.1232,0.2069,0.7931,gemischt,false,true
52990089LBIKLBM8YB23,IND,2025-12-31,VR Bank Nord eG,Germany,Other highest EEA,4290832167.44,5986352778.44,0.7168,4290832167.44,0.0,4290832167.44,true,0.9508,0.0,0.0037,0.0455,1.0,,SA,unbekannt,true
5299008FEH4GQXGZNP50,CON,2025-12-31,"BANCO CTT, S.A.",Portugal,Other highest EEA,1189543.0,4785162.0,0.2486,1189568.0,2.1e-05,1189567.0,true,0.8449,0.0047,,0.1458,1.0,,SA,unbekannt,true
5299008I0TO44SUINZ71,IND,2025-12-31,Oldenburgische Landesbank Aktiengesellschaft,Germany,Large highest EEA,12870000000.0,35993000000.0,0.3576,12870000000.0,0.0,12864000000.0,true,0.8458,0.0069,0.0,0.1052,0.5237,0.4265,gemischt,unbekannt,true
52990093INYLJNWHQ228,IND,2025-12-31,Volksbank eG - Die Gestalterbank,Germany,Other highest EEA,8382853587.13,14295826577.14,0.5864,8382853587.13,0.0,8382853587.13,true,0.9292,0.0007,0.0085,0.0588,1.0,,SA,unbekannt,true
52990096Q5LMCH1WU462,CON,2025-12-31,"Československá obchodná banka, a.s.",Slovakia,Large subsidiaries,7877.0,18133.0,0.4344,6993.0,0.112225,7763.0,false,1.0263,0.004,,0.0798,1.0,,SA,unbekannt,true
5299009EHB4RBGMI5828,IND,2025-06-30,Raiffeisen Landesbank Kärnten und Revisionsverband eGen,Austria,Other highest EEA,1954.54,3644.39,0.5363,,,,,,,,,,,unbekannt,false,true
5299009EHB4RBGMI5828,IND,2025-12-31,Raiffeisen Landesbank Kärnten und Revisionsverband eGen,Austria,Other highest EEA,2053.34,3779.76,0.5432,2053.34,0.0,2053.34,true,0.9078,0.0,0.0,0.0904,1.0,,SA,false,true
529900AVGYYBVL1VNQ03,IND,2025-12-31,Kreditbanken A/S,Denmark,Other highest EEA,446.11,995.99,0.4479,446.11,0.0,446.11,true,0.7922,0.0004,0.0774,0.1298,1.0,,SA,unbekannt,true
529900B4OR3PD4V3AQ57,CON,2025-12-31,Finanzholding der Sparkasse in Bremen,Germany,Other highest EEA,6459643753.09,15764634237.82,0.4098,6459643753.09,0.0,6459643753.09,true,0.875,0.0021,,0.1228,0.4191,0.5809,gemischt,unbekannt,true
529900B91AUH0YTEXN10,IND,2025-12-31,National-Bank Aktiengesellschaft,Germany,Other highest EEA,3654924176.82,7092586091.92,0.5153,3654924176.82,0.0,3654924176.82,true,0.9013,0.0039,0.0,0.0859,1.0,,SA,unbekannt,true
529900BHRYZ464GFD289,CON,2025-06-30,GRENKE AG,Germany,Other highest EEA,6932122622.12,8691900033.48,0.7975,,,,,,,,,,,unbekannt,false,true
529900BHRYZ464GFD289,CON,2025-12-31,GRENKE AG,Germany,Other highest EEA,7182742350.27,8752003205.52,0.8207,7182742350.27,0.0,7182742350.27,true,0.9144,0.0026,,0.0804,1.0,,SA,false,true
529900BI5KIGX6YLX375,CON,2025-12-31,Oberösterreichische Landesbank Aktiengesellschaft,Austria,Other highest EEA,4049572.54,8928516.46,0.4536,4049572.54,0.0,4049572.54,true,0.9425,0.0022,0.0,0.0468,1.0,,SA,unbekannt,true
529900BIK4WRWS06MR52,IND,2025-12-31,Varengold Bank AG,Germany,Other highest EEA,402271102.51,1086283029.81,0.3703,402271102.51,0.0,402271102.51,true,0.7603,0.0021,0.0154,0.153,1.0,,SA,unbekannt,true
529900C3SHT3Q94H3W82,CON,2025-12-31,Bank11 Holding GmbH,Germany,Other highest EEA,3028832863.24,5788445549.57,0.5233,3364056840.24,0.110678,3364056840.24,true,0.7076,0.0011,0.0,0.1021,1.0,,SA,unbekannt,true
529900C9OP6Y0DPYSK11,IND,2025-12-31,VR Bank RheinAhrEifel eG,Germany,Other highest EEA,5111698172.18,6985235376.11,0.7318,5111698172.18,0.0,5111698172.18,true,0.948,0.0,0.0,0.0519,1.0,,SA,unbekannt,true
529900CJAJ0HDPPKUI53,IND,2025-12-31,Nassauische Sparkasse,Germany,Other highest EEA,8299035490.51,15448013374.86,0.5372,8299035490.51,0.0,8299035490.51,true,0.9211,0.0002,0.013,0.0655,1.0,,SA,unbekannt,true
529900D5G4V6THXC5P79,IND,2025-06-30,Hrvatska poštanska banka d.d.,Croatia,Large highest EEA,2632212186.08,7844285970.07,0.3356,2632212186.08,0.0,2632212186.08,true,0.8525,0.0004,0.0133,0.1329,1.0,,SA,false,true
529900D5G4V6THXC5P79,IND,2025-09-30,Hrvatska poštanska banka d.d.,Croatia,Large highest EEA,2700403351.62,8245257444.75,0.3275,2700403351.62,0.0,2700403351.62,true,0.8549,0.0007,0.0134,0.1296,1.0,,SA,false,true
529900D5G4V6THXC5P79,IND,2025-12-31,Hrvatska poštanska banka d.d.,Croatia,Large highest EEA,2813546304.61,9096122827.89,0.3093,2813546304.61,0.0,2813546304.62,true,0.8504,0.0011,0.0128,0.1338,1.0,,SA,false,true
529900DEAYRUPP22B339,CON,2025-12-31,Mercedes-Benz Bank AG,Germany,Other highest EEA,13172000000.0,15571000000.0,0.8459,13173000000.0,7.6e-05,13173000000.0,true,0.9266,0.0007,,0.072,1.0,,SA,unbekannt,true
529900DPOQPLDSF3R482,CON,2025-12-31,Kaiser Partner Privatbank AG,Liechtenstein,Other highest EEA,298562384.77,981407146.54,0.3042,298562384.77,0.0,300404906.5,false,0.705,0.0336,0.0096,0.2518,1.0,,SA,unbekannt,true
529900DSIVJWCUQUMP41,IND,2025-12-31,AKA Ausfuhrkredit-Gesellschaft mit beschränkter Haftung,Germany,Other highest EEA,1511791361.73,1630074540.12,0.9274,1511791361.73,0.0,1511791361.73,true,0.9075,0.0056,0.0051,0.0651,1.0,,SA,unbekannt,true
529900DXTOU2U9IZDY54,IND,2025-12-31,meine Volksbank Raiffeisenbank eG,Germany,Other highest EEA,7760911476.21,12110302589.03,0.6409,7760911476.21,0.0,7760911476.21,true,0.9362,0.0,0.0094,0.0544,1.0,,SA,unbekannt,true
529900E0WY09Z3H21393,IND,2025-12-31,VR Bank Rhein-Neckar eG,Germany,Other highest EEA,2990379968.81,5081328765.27,0.5885,2990379968.81,0.0,2990379968.81,true,0.9244,0.0,0.0126,0.0628,1.0,,SA,unbekannt,true
529900EKPN8EYA3AX590,IND,2025-06-30,Texim Bank AD,Bulgaria,Other highest EEA,191368341.4,300117249.7,0.6376,,,,,,,,,,,unbekannt,false,true
529900EKPN8EYA3AX590,IND,2025-12-31,Texim Bank AD,Bulgaria,Other highest EEA,249733236.4,325650549.1,0.7669,249733236.4,0.0,249733236.4,true,0.8745,0.0657,,0.0598,1.0,,SA,false,true
529900EM0ZU25V87GD50,IND,2025-12-31,ALTE LEIPZIGER Bauspar AG,Germany,Other highest EEA,326968037.87,1718855525.73,0.1902,326968037.87,0.0,303350623.89,false,0.7336,,,0.1942,0.0681,0.9319,IRB,unbekannt,true
529900FEID5L4H2T2L70,IND,2025-06-30,Raiffeisen Landesbank Vorarlberg mit Revisionsverband eGen,Austria,Other highest EEA,2447.69,4674.05,0.5237,,,,,,,,,,,unbekannt,false,true
529900FEID5L4H2T2L70,IND,2025-12-31,Raiffeisen Landesbank Vorarlberg mit Revisionsverband eGen,Austria,Other highest EEA,2488.96,4373.09,0.5692,2488.96,0.0,2488.97,true,0.9238,0.0117,0.0,0.0572,1.0,,SA,false,true
529900FU4WJ2XT7BVE31,IND,2025-06-30,LBS Landesbausparkasse Süd,Germany,Large highest EEA,11899704552.65,30692120124.89,0.3877,,,,,,,,,,,unbekannt,unbekannt,true
529900FZWXWNKF3O8394,CON,2025-12-31,Sparekassen Thy,Denmark,Other highest EEA,1100532444.14,2283019597.24,0.4821,1100532444.14,0.0,1100532444.14,true,0.8277,0.0001,0.0631,0.1091,1.0,,SA,unbekannt,true
529900GGYMNGRQTDOO93,CON,2025-12-31,BNG Bank N.V.,Netherlands,Large highest EEA,10324084076.37,31984610986.38,0.3228,10324084076.37,0.0,10324084076.37,true,0.7081,0.0505,,0.0957,1.0,,SA,unbekannt,true
529900GM944JT8YIRL63,IND,2025-12-31,Münchener Hypothekenbank eG,Germany,Large highest EEA,8985600098.47,52447618591.92,0.1713,8985600098.47,0.0,8985600098.47,true,0.8566,0.0091,,0.1005,0.1288,0.8549,gemischt,unbekannt,true
529900HC4LDSGK0NCJ85,IND,2025-12-31,LBS Landesbausparkasse NordWest,Germany,Other highest EEA,8694634562.34,18160996102.8,0.4788,8694634562.34,0.0,8694634562.34,true,0.9239,,,0.0761,1.0,,SA,unbekannt,true
529900HEKOENJHPNN480,CON,2025-06-30,Kuntarahoitus Oyj,Finland,Large highest EEA,1850630000.0,14474635000.0,0.1279,1850630000.0,0.0,1850630000.0,true,0.4042,0.0232,,0.2441,1.0,,SA,false,true
529900HEKOENJHPNN480,CON,2025-12-31,Kuntarahoitus Oyj,Finland,Large highest EEA,1815051000.0,13042867000.0,0.1392,1815051000.0,0.0,1815051000.0,true,0.4103,0.0238,,0.2504,1.0,,SA,false,true
529900HNOAA1KXQJUQ27,CON,2025-06-30,"DZ BANK AG Deutsche Zentral-Genossenschaftsbank, Frankfurt am Main",Germany,Large highest EEA,151528911624.81,448452688465.2,0.3379,151528911625.8,0.0,151493631359.17,true,0.7531,0.0309,0.0341,0.137,0.4523,0.4836,gemischt,false,true
529900HNOAA1KXQJUQ27,CON,2025-09-30,"DZ BANK AG Deutsche Zentral-Genossenschaftsbank, Frankfurt am Main",Germany,Large highest EEA,148617410468.53,455855745213.99,0.326,148617410468.53,0.0,148571699072.28,true,0.7597,0.0318,0.0276,0.1397,0.448,0.4844,gemischt,false,true
529900HNOAA1KXQJUQ27,CON,2025-12-31,"DZ BANK AG Deutsche Zentral-Genossenschaftsbank, Frankfurt am Main",Germany,Large highest EEA,152131737885.69,447437426691.49,0.34,152131737885.69,0.0,152088091162.58,true,0.7544,0.0296,0.0395,0.1365,0.4521,0.4756,gemischt,false,true
529900HNOAA1KXQJUQ27,CON,2026-03-31,"DZ BANK AG Deutsche Zentral-Genossenschaftsbank, Frankfurt am Main",Germany,Large highest EEA,157572562152.34,462658255826.43,0.3406,157572562152.34,0.0,157567343423.7,true,0.7496,0.0336,0.049,0.1282,0.4365,0.4908,gemischt,false,true
529900I1UZV70CZRAU55,CON,2025-06-30,Raiffeisenbank Austria d.d.,Croatia,Large subsidiaries,3107681994.52,7782584675.08,0.3993,3107681994.52,0.0,3107681994.51,true,0.6743,0.003,0.0075,0.1412,1.0,,SA,false,true
529900I1UZV70CZRAU55,CON,2025-09-30,Raiffeisenbank Austria d.d.,Croatia,Large subsidiaries,3226866671.59,7782584675.08,0.4146,3226866671.59,0.0,3226866671.59,true,0.7454,0.0031,0.0084,0.136,0.6969,0.3031,gemischt,false,true
529900I1UZV70CZRAU55,CON,2025-12-31,Raiffeisenbank Austria d.d.,Croatia,Large subsidiaries,3270844187.51,8146188938.58,0.4015,3270840000.0,1e-06,3270840000.0,true,0.7625,0.0035,0.0072,0.1328,0.712,0.288,gemischt,false,true
529900IRBZTADXJB6757,CON,2025-06-30,flatexDEGIRO AG,Germany,Other highest EEA,1179856886.97,6705981670.27,0.1759,,,,,,,,,,,unbekannt,false,true
529900IRBZTADXJB6757,CON,2025-12-31,flatexDEGIRO AG,Germany,Other highest EEA,1480008114.81,7950455831.29,0.1862,1480008114.81,0.0,1480008114.81,true,0.5444,0.0052,0.0088,0.4416,1.0,,SA,false,true
529900J35NSHS856UA68,CON,2025-12-31,Sparekassen Kronjylland,Denmark,Other highest EEA,4216972097.65,7444648748.09,0.5664,4216972097.65,0.0,4216972097.65,true,0.8311,0.0017,0.0706,0.0963,1.0,,SA,unbekannt,true
529900JCAE554QUYE140,IND,2025-12-31,Sparkasse Westmünsterland,Germany,Other highest EEA,7631496025.42,11828565722.65,0.6452,7631496025.42,0.0,7631496025.42,true,0.9438,0.0005,,0.0556,1.0,,SA,unbekannt,true
529900JG015JC10LED24,CON,2025-12-31,AS LHV Group,Estonia,Large highest EEA,3859983671.17,10455476038.71,0.3692,3859858333.92,3.2e-05,3869551857.6,false,0.8546,0.0064,0.0317,0.1073,1.0,,SA,unbekannt,true
529900JRKG8AEYL65326,IND,2025-12-31,VR Bank Heilbronn Schwäbisch Hall eG,Germany,Other highest EEA,3110009378.01,4753879157.88,0.6542,3110009378.01,0.0,3110009378.01,true,0.9353,0.0,0.0,0.0647,1.0,,SA,unbekannt,true
529900JZTYE3W7WQH904,CON,2025-06-30,HASPA Finanzholding,Germany,Large highest EEA,28718322289.68,56583195127.62,0.5075,28718322289.68,0.0,28718322289.68,true,0.8926,0.0145,0.0105,0.0714,1.0,,SA,false,true
529900JZTYE3W7WQH904,CON,2025-09-30,HASPA Finanzholding,Germany,Large highest EEA,28902934122.78,56362339918.95,0.5128,28902934122.78,0.0,28902934122.78,true,0.8937,0.0128,0.0125,0.0709,1.0001,,SA,false,true
529900JZTYE3W7WQH904,CON,2025-12-31,HASPA Finanzholding,Germany,Large highest EEA,30188566459.71,56473367039.77,0.5346,30188566459.71,0.0,30188566459.71,true,0.8916,0.0125,0.0122,0.0735,1.0,,SA,false,true
529900JZTYE3W7WQH904,CON,2026-03-31,HASPA Finanzholding,Germany,Large highest EEA,29971856760.0,56882594390.0,0.5269,29971856760.0,0.0,29971856751.4,true,0.8917,0.0121,0.0123,0.074,1.0,,SA,false,true
529900JZXXU699FCKK89,IND,2025-06-30,Bausparkasse Schwäbisch Hall Aktiengesellschaft - Bausparkasse der Volksbanken und Raiffeisenbanken,Germany,Large subsidiaries,15219771261.14,70331581717.01,0.2164,15219771261.14,0.0,15219771261.14,true,0.9232,,,0.0768,0.201,0.799,gemischt,false,true
529900JZXXU699FCKK89,IND,2025-09-30,Bausparkasse Schwäbisch Hall Aktiengesellschaft - Bausparkasse der Volksbanken und Raiffeisenbanken,Germany,Large subsidiaries,14584378733.08,69995200713.7,0.2084,14584378733.08,0.0,14584378733.08,true,0.9199,,,0.0801,0.2088,0.7912,gemischt,false,true
529900JZXXU699FCKK89,IND,2025-12-31,Bausparkasse Schwäbisch Hall Aktiengesellschaft - Bausparkasse der Volksbanken und Raiffeisenbanken,Germany,Large subsidiaries,14550982467.49,69423474003.5,0.2096,14550982467.49,0.0,14550982467.49,true,0.9197,,,0.0803,0.2084,0.7916,gemischt,false,true
529900JZXXU699FCKK89,IND,2026-03-31,Bausparkasse Schwäbisch Hall Aktiengesellschaft - Bausparkasse der Volksbanken und Raiffeisenbanken,Germany,Large subsidiaries,14605615404.13,69238394691.45,0.2109,14605615404.13,0.0,14605615404.13,true,0.9208,,,0.0792,0.2078,0.7922,gemischt,false,true
529900K16YGKC8BES892,IND,2025-06-30,Deutsche Kreditbank Aktiengesellschaft,Germany,Large subsidiaries,25755565612.3,134822642608.34,0.191,,,,,,,,,0.0586,0.9414,IRB,false,true
529900K16YGKC8BES892,IND,2025-09-30,Deutsche Kreditbank Aktiengesellschaft,Germany,Large subsidiaries,26648800404.47,134705549817.71,0.1978,26648800404.47,0.0,26648800404.46,true,0.8589,0.0037,,0.1373,0.0559,0.9441,IRB,false,true
529900K16YGKC8BES892,IND,2025-12-31,Deutsche Kreditbank Aktiengesellschaft,Germany,Large subsidiaries,27861645205.91,139299086170.41,0.2,27861645205.91,0.0,27861645205.91,true,0.8494,0.0017,,0.149,0.0488,0.9512,IRB,false,true
529900K16YGKC8BES892,IND,2026-03-31,Deutsche Kreditbank Aktiengesellschaft,Germany,Large subsidiaries,28493222979.61,138758497446.8,0.2053,28493222979.61,0.0,28493222979.62,true,0.8523,0.002,,0.1457,0.0411,0.9589,IRB,false,true
529900KRVTRP5RWP9K95,CON,2025-12-31,Santander Consumer Holding GmbH,Germany,Large subsidiaries,24926077965.79,44522088362.0,0.5599,24926077965.79,0.0,24926077965.78,true,0.8232,0.0062,,0.134,0.6833,0.3167,gemischt,unbekannt,true
529900L89TGSPV9OU151,CON,2025-12-31,Porsche Bank Aktiengesellschaft,Austria,Other highest EEA,8132888352.5,9960865086.48,0.8165,8132888352.5,0.0,8132888352.5,true,0.8939,0.0,0.0388,0.0673,1.0,,SA,unbekannt,true
529900LIZVBUANJ20E31,IND,2025-12-31,BBBank eG,Germany,Other highest EEA,9444732867.69,19649879675.72,0.4807,9444732867.69,0.0,9444732867.69,true,0.8976,0.0218,0.0216,0.0579,1.0,,SA,unbekannt,true
529900LKIMB57HKF3545,CON,2025-12-31,Bank of China (Europe) S.A,Luxembourg,Other highest EEA,6988455159.05,13747756416.12,0.5083,6988455159.05,0.0,6988455159.05,true,0.9473,0.0005,0.0109,0.0413,1.0,,SA,unbekannt,true
529900LU7D396TOO3B50,CON,2025-12-31,Raiffeisenverband Salzburg eGen,Austria,Other highest EEA,5535.16,9778.59,0.566,5535.16,0.0,5535.16,true,0.9208,0.0011,0.0,0.0772,1.0,,SA,unbekannt,true
529900MQJIQGD8N3YV53,CON,2025-12-31,Hannoversche Volksbank eG,Germany,Other highest EEA,6285786574.21,9380780184.68,0.6701,6285786574.21,0.0,6285786574.21,true,0.937,0.0005,0.0052,0.0572,1.0,,SA,unbekannt,true
529900NJYUGRO908KV84,CON,2025-12-31,ALLIANZ BULGARIA HOLDING,Bulgaria,Other highest EEA,1005.22,2486.45,0.4043,1005.22,0.0,1005.22,true,0.8535,0.0,0.0,0.1241,1.0,,SA,unbekannt,true
529900NNQW9IAE32GQ07,CON,2025-12-31,GRAWE-Vermögensverwaltung,Austria,Other highest EEA,4875126336.03,8084015199.13,0.6031,4875126336.04,0.0,4875126336.04,true,0.8318,0.0059,0.0101,0.1485,1.0,,SA,unbekannt,true
529900ODI3047E2LIV03,CON,2025-06-30,Nordea Bank Abp,Finland,Large highest EEA,158575524065.79,561391946533.48,0.2825,158575524065.79,0.0,158575524065.79,true,0.7918,0.0165,0.0329,0.1332,0.1076,0.8071,gemischt,false,true
529900ODI3047E2LIV03,CON,2025-09-30,Nordea Bank Abp,Finland,Large highest EEA,158370819404.02,571435459774.54,0.2771,158370819404.02,0.0,158370819404.02,true,0.7936,0.0164,0.0315,0.1334,0.1009,0.8152,gemischt,false,true
529900ODI3047E2LIV03,CON,2025-12-31,Nordea Bank Abp,Finland,Large highest EEA,159658625057.87,572605092279.32,0.2788,159658625057.87,0.0,159658625057.87,true,0.7945,0.016,0.0323,0.1323,0.0961,0.8187,gemischt,false,true
529900ODI3047E2LIV03,CON,2026-03-31,Nordea Bank Abp,Finland,Large highest EEA,162068409571.51,597273533505.9,0.2713,162068409571.51,0.0,162068409571.51,true,0.7916,0.0157,0.0355,0.132,0.0916,0.7746,gemischt,false,true
529900OE1FOAM50XLP72,CON,2025-06-30,Liechtensteinische Landesbank AG,Liechtenstein,Large highest EEA,10757494812.57,30879034967.91,0.3484,10757494812.57,0.0,10733369557.41,false,0.8287,0.0223,0.0346,0.0996,1.0,,SA,unbekannt,true
529900OKPZTTS50FXP26,IND,2025-12-31,Advanzia Bank S.A.,Luxembourg,Other highest EEA,2960946485.54,5303266506.66,0.5583,2960946485.54,0.0,2960946485.54,true,0.9008,,,0.0992,1.0,,SA,unbekannt,true
529900OLW8QPFMTBDC23,IND,2025-12-31,Neue Bank AG,Liechtenstein,Other highest EEA,539260336.14,1617971981.31,0.3333,539260336.14,0.0,500366518.57,false,0.8002,0.0,0.0191,0.1071,1.0,,SA,unbekannt,true
529900P8BY9HZTZ82T70,IND,2025-12-31,Volksbank Kraichgau eG,Germany,Other highest EEA,6205311689.5,10328447681.57,0.6008,6205311689.5,0.0,6205311689.5,true,0.9262,0.0003,0.0122,0.0612,1.0,,SA,unbekannt,true
529900PUK9IU39VCWK54,IND,2025-12-31,Volksbank in Ostwestfalen eG,Germany,Other highest EEA,7710036961.92,10933561239.33,0.7052,7710036961.92,0.0,7710036961.92,true,0.9389,0.0012,0.0072,0.0527,1.0,,SA,unbekannt,true
529900Q2C3I7VCILLG45,CON,2025-12-31,FIMBank plc,Malta,Other highest EEA,1085936453.0,1407061970.0,0.7718,1085936453.0,0.0,1085936453.0,true,0.5762,0.0078,0.3229,0.0932,1.0,,SA,unbekannt,true
529900QYEJ2GYSWK1F08,CON,2025-06-30,RLB-Stmk Verbund eGen,Austria,Other highest EEA,8623469927.23,14739017542.83,0.5851,,,,,,,,,,,unbekannt,false,true
529900QYEJ2GYSWK1F08,CON,2025-12-31,RLB-Stmk Verbund eGen,Austria,Other highest EEA,8938675248.73,15678281566.32,0.5701,8938675248.73,0.0,8938675248.73,true,0.9187,0.0093,0.0061,0.0521,1.0,,SA,false,true
529900RCLERIIXF4QM23,IND,2025-12-31,bank99 AG,Austria,Other highest EEA,1000.05,4237.2,0.236,1000.05,0.0,1000.04,true,0.8037,0.0039,0.0,0.1785,1.0,,SA,unbekannt,true
529900RPGHC6DQEQL615,IND,2025-12-31,International Asset Bank AD,Bulgaria,Other highest EEA,512396.74,1692672.46,0.3027,512396.74,0.0,512396.74,true,0.8943,,,0.1057,1.0,,SA,unbekannt,true
529900RQOBT3ZJMDRK43,CON,2025-12-31,Bank Frick AG,Liechtenstein,Other highest EEA,817519287.22,3009140287.1,0.2717,817519287.22,0.0,820626334.26,false,0.7577,0.0038,0.0117,0.2268,1.0,,SA,unbekannt,true
529900RWC8ZYB066JF16,CON,2025-06-30,Bank of Valletta Plc,Malta,Large highest EEA,5740.29,16412.75,0.3497,5740.29,0.0,5740.29,true,0.891,0.0027,0.0005,0.1023,1.0,,SA,false,true
529900RWC8ZYB066JF16,CON,2025-09-30,Bank of Valletta Plc,Malta,Large highest EEA,5800.14,16573.37,0.35,5800.14,0.0,5800.12,true,0.8921,0.0028,0.0005,0.1013,1.0,,SA,false,true
529900RWC8ZYB066JF16,CON,2025-12-31,Bank of Valletta Plc,Malta,Large highest EEA,6272.64,17039.05,0.3681,6272.64,0.0,6272.63,true,0.8857,0.0024,0.0005,0.1085,1.0,,SA,false,true
529900S1KHKOEQL5CK20,IND,2025-12-31,Wüstenrot Bausparkasse Aktiengesellschaft,Germany,Large highest EEA,7571866501.84,33472383087.67,0.2262,7571866501.84,0.0,7571866501.85,true,0.8262,0.0013,,0.1726,0.2345,0.7655,gemischt,unbekannt,true
529900SEFOTJH1MLGZ92,IND,2025-12-31,Lægernes Bank A/S,Denmark,Other highest EEA,712948852.65,1701213570.06,0.4191,712948718.76,0.0,713294422.74,true,0.8191,0.001,0.0707,0.1091,1.0,,SA,unbekannt,true
529900SS7ZWCX82U3W60,IND,2025-12-31,DEUTSCHE BANK S.P.A.,Italy,Large subsidiaries,20701028522.0,35461016000.0,0.5838,20701028521.0,0.0,20701028521.0,true,0.885,0.0263,,0.0822,1.0,,SA,unbekannt,true
529900SSGT49ZZSWYE62,CON,2025-12-31,Volkswagen Financial Services AG,Germany,Large highest EEA,185638637908.54,211818350016.69,0.8764,185638637908.54,0.0,185638637908.53,true,0.8544,0.005,0.0369,0.0907,1.0,,SA,false,true
529900SSGT49ZZSWYE62,CON,2026-03-31,Volkswagen Financial Services AG,Germany,Large highest EEA,186519251043.15,224293985059.4,0.8316,186519251043.15,0.0,186519251043.17,true,0.8581,0.0049,0.0352,0.0903,1.0,,SA,false,true
529900SXEWPJ1MRRX537,CON,2025-12-31,Raiffeisen-Holding Niederösterreich-Wien registrierte Genossenschaft mit beschränkter Haftung,Austria,Large highest EEA,16883.01,32720.75,0.516,16883.01,0.0,16870.26,true,0.9438,0.0053,0.0015,0.0447,1.0,,SA,unbekannt,true
529900T32UL0CP1FZA06,CON,2025-12-31,ALLIANZ BANK FINANCIAL ADVISORS S.P.A.,Italy,Other highest EEA,3822.34,11399.97,0.3353,3822.34,0.0,3822.34,true,0.6772,0.0001,0.0,0.3227,1.0,,SA,unbekannt,true
529900T7MYZUMMW4O176,CON,2025-12-31,Berliner Volksbank eG,Germany,Other highest EEA,12382540019.9,18355835779.29,0.6746,12382540019.9,0.0,12382437454.56,true,0.9289,0.0004,0.0,0.0683,1.0,,SA,unbekannt,true
529900TDG1TFZM39SF37,CON,2025-12-31,Baader Beteiligungs GmbH,Germany,Other highest EEA,1154054798.32,3257071718.01,0.3543,1154054798.32,0.0,1154054798.32,true,0.287,0.01,0.2203,0.4828,1.0,,SA,unbekannt,true
529900U5XAEYOT68AC40,IND,2025-12-31,EFG Bank (Luxembourg) S.A.,Luxembourg,,707704904.97,4066536572.24,0.174,707704904.97,0.0,707704904.97,true,0.7158,0.0596,,0.2246,1.0,,SA,unbekannt,true
529900UHDH7QLRMEJQ86,CON,2025-12-31,Sigma Bank AG,Liechtenstein,Other highest EEA,790415131.69,1071039985.88,0.738,790415131.69,0.0,790415131.62,true,0.7896,0.004,0.0735,0.127,1.0,,SA,unbekannt,true
529900UIRB65OY6U4B21,IND,2025-12-31,Lombard Bank Malta plc,Malta,Other highest EEA,1027828499.77,1520114287.04,0.6762,1027828499.77,0.0,1027828499.77,true,0.9472,,0.0001,0.0527,1.0,,SA,unbekannt,true
529900UKZBMDBDZIXD62,CON,2025-06-30,Addiko Bank AG,Austria,Other highest EEA,3865.09,6726.22,0.5746,,,,,,,,,,,unbekannt,false,true
529900UKZBMDBDZIXD62,CON,2025-12-31,Addiko Bank AG,Austria,Other highest EEA,3891.68,6700.11,0.5808,3891.68,0.0,3891.67,true,0.8373,0.0036,0.0533,0.105,1.0,,SA,false,true
529900V3O1M5IHMOSF46,CON,2025-06-30,State Street Europe Holdings Germany S.a.r.l. & Co. KG,Germany,Large highest EEA,12754828698.09,58950788908.52,0.2164,,,,,,,,,,,unbekannt,unbekannt,true
529900VVDOKMRRAHZ894,IND,2025-12-31,Bank GPB International S.A.,Luxembourg,Other highest EEA,526450699.2,827913685.97,0.6359,385662705.56,0.267429,385662705.56,true,0.9702,0.0,0.0,0.0298,1.0,,SA,unbekannt,true
529900W3MOO00A18X956,CON,2025-06-30,OTP-csoport,Hungary,Large highest EEA,68248747905.2,118850705673.99,0.5742,68248747905.2,0.0,68248747905.21,true,0.8583,0.0061,0.0104,0.1242,1.0,,SA,false,true
529900W3MOO00A18X956,CON,2025-09-30,OTP-csoport,Hungary,Large highest EEA,70594112206.44,125828036289.72,0.561,70594112206.44,0.0,70594112206.44,true,0.8586,0.0093,0.0085,0.123,1.0,,SA,false,true
529900W3MOO00A18X956,CON,2025-12-31,OTP-csoport,Hungary,Large highest EEA,75548521059.21,126579669737.73,0.5968,75548521059.21,0.0,75548521059.21,true,0.8457,0.0074,0.012,0.1321,1.0,,SA,false,true
529900W3MOO00A18X956,CON,2026-03-31,OTP-csoport,Hungary,Large highest EEA,78488042888.24,134196305667.23,0.5849,78488042888.24,0.0,78488033476.24,true,0.8432,0.009,0.0157,0.1272,1.0,,SA,false,true
529900WF3IXMJXSVJ831,IND,2025-12-31,Vereinigte Volksbanken eG,Germany,Other highest EEA,3323686138.48,5838014908.51,0.5693,3323686138.48,0.0,3323686138.48,true,0.9289,0.0,0.005,0.0661,1.0,,SA,unbekannt,true
529900XDLJV1P7HBAH18,IND,2025-12-31,Sparkasse Holstein,Germany,Other highest EEA,6642544547.12,10094499643.86,0.658,6642544547.12,0.0,6642544547.12,true,0.928,,0.007,0.0651,1.0,,SA,unbekannt,true
529900XSTAE561178282,CON,2025-06-30,Raiffeisenbankengruppe OÖ Verbund eGen,Austria,Large highest EEA,30357246351.63,43375150072.81,0.6999,30357246351.63,0.0,30357246351.63,true,0.9276,0.0029,0.0025,0.0644,1.0,,SA,false,true
529900XSTAE561178282,CON,2025-09-30,Raiffeisenbankengruppe OÖ Verbund eGen,Austria,Large highest EEA,30693919480.31,42724506284.73,0.7184,30693919480.31,0.0,30693919480.31,true,0.9286,0.0029,0.0024,0.0637,1.0,,SA,false,true
529900XSTAE561178282,CON,2025-12-31,Raiffeisenbankengruppe OÖ Verbund eGen,Austria,Large highest EEA,31339245127.75,44554244570.56,0.7034,31339245127.89,0.0,31339245127.89,true,0.9298,0.0032,0.0027,0.0617,1.0,,SA,false,true
529900XSTAE561178282,CON,2026-03-31,Raiffeisenbankengruppe OÖ Verbund eGen,Austria,Large highest EEA,32097526890.36,43299513827.24,0.7413,32097526890.36,0.0,32097526890.36,true,0.9308,0.004,0.0025,0.0602,1.0,,SA,false,true
529900ZMDTSQYEYCKL45,IND,2025-12-31,VR TeilhaberBank Metropolregion Nürnberg eG,Germany,Other highest EEA,3649549809.77,5545985781.39,0.6581,3649549809.77,0.0,3649549809.77,true,0.9223,0.0,0.0194,0.0582,1.0,,SA,unbekannt,true
529900ZVK4VTIS0TOT43,IND,2025-12-31,DenizBank AG,Austria,Other highest EEA,3254643188.24,7406867285.9,0.4394,3254643188.23,0.0,3254643188.22,true,0.925,0.0077,0.0,0.0618,1.0,,SA,unbekannt,true
5493000LKS7B3UTF7H35,CON,2025-06-30,Bank Polska Kasa Opieki S.A.,Poland,Large highest EEA,38982616998.2,87638397162.86,0.4448,38982616998.2,0.0,38982616998.2,true,0.853,0.016,0.0074,0.1216,1.0,,SA,false,true
5493000LKS7B3UTF7H35,CON,2025-09-30,Bank Polska Kasa Opieki S.A.,Poland,Large highest EEA,40111599485.49,86214952635.43,0.4653,40111599485.49,0.0,40111599485.49,true,0.8604,0.0141,0.0063,0.1174,1.0,,SA,false,true
5493000LKS7B3UTF7H35,CON,2025-12-31,Bank Polska Kasa Opieki S.A.,Poland,Large highest EEA,41963739496.53,90678973289.53,0.4628,41963739496.53,0.0,41963739496.53,true,0.853,0.0139,0.0074,0.1237,1.0,,SA,false,true
5493000LKS7B3UTF7H35,CON,2026-03-31,Bank Polska Kasa Opieki S.A.,Poland,Large highest EEA,42246411125.69,90280470914.48,0.4679,,,,,,,,,1.0,,SA,false,true
5493000LM0MZ4JPMGM90,CON,2025-12-31,"Santander Consumer Finance, S.A.",Spain,Large subsidiaries,78331268077.08,132752917345.64,0.5901,78331268077.06,0.0,78331268077.06,true,0.8542,0.0064,0.0139,0.0881,0.6602,0.3238,gemischt,unbekannt,true
5493001BABFV7P27OW30,CON,2025-09-30,"Nova Ljubljanska Banka d.d., Ljubljana",Slovenia,Large highest EEA,19116570000.0,31945235000.0,0.5984,19116570000.0,0.0,19116570000.0,true,0.8271,0.0013,0.0853,0.0853,1.0,,SA,false,true
5493001BABFV7P27OW30,CON,2026-03-31,"Nova Ljubljanska Banka d.d., Ljubljana",Slovenia,Large highest EEA,20163888000.0,33708914000.0,0.5982,20163888000.0,0.0,20163888000.0,true,0.8271,0.0012,0.0833,0.0876,1.0,,SA,false,true
5493001U1K6M7JOL5W45,CON,2025-12-31,Raiffeisen Bank csoport,Hungary,Large subsidiaries,4658006788.99,12572263441.77,0.3705,4658006788.99,0.0,4658006788.99,true,0.7454,0.0159,0.0035,0.2109,0.1403,0.6752,gemischt,unbekannt,true
5493002DPKDEC2JN1Y86,CON,2025-12-31,Sparekassen Sjælland-Fyn A/S,Denmark,Other highest EEA,2628084043.19,5220292929.73,0.5034,2628084043.12,0.0,2628084043.12,true,0.8693,0.0019,0.0171,0.1116,1.0,,SA,unbekannt,true
5493002K643MZPQEK497,IND,2025-12-31,Banco Bradesco Europa S.A.,Luxembourg,Other highest EEA,1853544772.28,1989355156.45,0.9317,1932120753.86,0.042392,1932120753.86,true,0.9186,0.0001,,0.0406,1.0,,SA,unbekannt,true
5493003BDYD5VPGUQS04,CON,2025-12-31,UniCredit Bank S.A.,Romania,Large subsidiaries,10505344756.43,23728405917.89,0.4427,10737792750.77,0.022127,10737792750.77,true,0.8543,0.0032,0.0003,0.1145,1.0,,SA,unbekannt,true
5493004D82XDFVPWQJ91,IND,2025-06-30,Ikano Bank AB (publ),Sweden,Other highest EEA,3123549522.47,4251774157.9,0.7346,,,,,,,,,,,unbekannt,false,true
5493004D82XDFVPWQJ91,IND,2025-12-31,Ikano Bank AB (publ),Sweden,Other highest EEA,3078571598.97,4089741100.23,0.7528,3078571598.97,0.0,3078571598.97,true,0.8746,0.002,0.0373,0.0848,1.0,,SA,false,true
5493004WUGGU2BQI7F14,CON,2025-12-31,Landshypotek AB - gruppen,Sweden,Other highest EEA,3224462748.71,12305369384.99,0.262,3224462748.69,0.0,3224462748.69,true,0.9121,0.0054,,0.0509,0.032,0.5193,gemischt,unbekannt,true
54930056IRBXK0Q1FP96,CON,2025-09-30,"Abanca Corporacion Bancaria, S.A.",Spain,Large highest EEA,39116279545.0,84153234000.0,0.4648,39116279545.0,0.0,39116279545.0,true,0.9052,0.0049,0.0023,0.0854,1.0,,SA,false,true
54930060Q00W1SRIUI57,IND,2025-12-31,vdk bank,Belgium,Other highest EEA,1621452423.17,5967759942.72,0.2717,1621452423.17,0.0,1621452423.17,true,0.9074,0.0044,,0.0837,0.8064,0.1637,gemischt,unbekannt,true
5493006QMFDDMYWIAM13,CON,2025-06-30,"Banco Santander, S.A.",Spain,Large highest EEA,625750267632.0,1850859400610.0,0.3381,625750000000.0,0.0,625750443766.6,true,0.7576,0.0241,0.0326,0.157,0.5982,0.357,gemischt,false,true
5493006QMFDDMYWIAM13,CON,2025-09-30,"Banco Santander, S.A.",Spain,Large highest EEA,630753000000.0,1893050000000.0,0.3332,630753183610.6,0.0,630753183610.6,true,0.7564,0.0237,0.0354,0.1562,0.5947,0.359,gemischt,false,true
5493006QMFDDMYWIAM13,CON,2025-12-31,"Banco Santander, S.A.",Spain,Large highest EEA,629430000000.0,1924350000000.0,0.3271,629430000000.0,0.0,629430193410.5,true,0.7495,0.0224,0.0341,0.1627,0.5956,0.354,gemischt,false,true
5493006QMFDDMYWIAM13,CON,2026-03-31,"Banco Santander, S.A.",Spain,Large highest EEA,600511359156.55,1902914209125.0,0.3156,600511000000.0,1e-06,600511000000.0,true,0.7485,0.0241,0.037,0.1575,0.6006,0.3485,gemischt,false,true
5493006Z4NTMNDDBGL49,IND,2025-09-30,ECCM Bank plc,Malta,Other highest EEA,947763385.38,1299134011.83,0.7295,947763385.38,0.0,947763385.37,true,0.4954,0.0,0.4364,0.0682,1.0,,SA,unbekannt,true
5493007BWYDPQZLZ0Y27,CON,2025-06-30,HYPO NOE Landesbank für Niederösterreich und Wien AG,Austria,Other highest EEA,4683327000.0,17342451000.0,0.27,,,,,,,,,,,unbekannt,false,true
5493007BWYDPQZLZ0Y27,CON,2025-12-31,HYPO NOE Landesbank für Niederösterreich und Wien AG,Austria,Other highest EEA,4734931000.0,16621723000.0,0.2849,4734931000.0,0.0,4734930000.0,true,0.9234,0.0039,0.0,0.0688,1.0,,SA,false,true
5493007QRSX9DS2CM858,IND,2025-12-31,China Construction Bank (Europe) S.A.,Luxembourg,Other highest EEA,3175819122.47,3963733644.93,0.8012,3175819122.47,0.0,3175819122.47,true,0.9519,0.0016,0.0065,0.0383,1.0,,SA,unbekannt,true
5493007S4JE930SIUE86,CON,2025-06-30,ING Holding Deutschland GmbH,Germany,Large subsidiaries,46173252802.92,211817725416.69,0.218,46173252802.92,0.0,46173252802.92,true,0.8345,0.0042,,0.1593,0.2043,0.7478,gemischt,false,true
5493007S4JE930SIUE86,CON,2025-09-30,ING Holding Deutschland GmbH,Germany,Large subsidiaries,47322777605.88,204735567783.67,0.2311,47322777605.88,0.0,47322777605.88,true,0.8388,0.0038,,0.1554,0.1981,0.7608,gemischt,false,true
5493007S4JE930SIUE86,CON,2025-12-31,ING Holding Deutschland GmbH,Germany,Large subsidiaries,49075388515.87,207924797233.41,0.236,49075388515.87,0.0,49075388515.87,true,0.8282,0.0053,,0.1647,0.2039,0.7013,gemischt,false,true
5493007SJLLCTM6J6M37,CON,2026-03-31,"Unicaja Banco, S.A.",Spain,Large highest EEA,30097390082.0,94932783892.0,0.317,30097390082.0,0.0,30097390082.0,true,0.842,0.0057,0.0088,0.1376,0.7205,0.2795,gemischt,unbekannt,true
5493007SWCCN9S3J2748,CON,2025-12-31,Bigbank AS,Estonia,Large highest EEA,2017858077.22,3328630672.95,0.6062,2017858077.22,0.0,2017858077.22,true,0.9247,,0.0195,0.0558,1.0,,SA,unbekannt,true
5493008QOCP58OLEN998,CON,2025-06-30,Investeringsmaatschappij Argenta - Société d'investissements Argenta - Investierungsgesellschaft Arg,Belgium,Large highest EEA,10382571044.15,61852312488.67,0.1679,10382571044.15,0.0,10382571044.15,true,0.7853,0.0133,,0.1548,0.1906,0.7763,gemischt,false,true
5493008QOCP58OLEN998,CON,2025-09-30,Investeringsmaatschappij Argenta - Société d'investissements Argenta - Investierungsgesellschaft Arg,Belgium,Large highest EEA,10385176140.04,62001915042.16,0.1675,10385176140.04,0.0,10385176140.04,true,0.789,0.0141,,0.1548,0.1846,0.7798,gemischt,false,true
5493008QRHH0XCLJ4238,CON,2025-06-30,BRD-Groupe Société Générale SA,Romania,Large subsidiaries,8303394161.19,20029872958.41,0.4146,8303394160.99,0.0,8204322362.87,false,0.8535,0.0,0.006,0.1217,1.0,,SA,false,true
5493008QRHH0XCLJ4238,CON,2025-12-31,BRD-Groupe Société Générale SA,Romania,Large subsidiaries,8755973100.79,21320058305.6,0.4107,8755973100.79,0.0,8755973100.79,true,0.8486,0.0085,0.0071,0.1241,1.0,,SA,false,true
5493009EIBTCB1X12G89,CON,2025-06-30,LGT Group Foundation,Liechtenstein,Large highest EEA,28076096388.2,65647555370.63,0.4277,28076096388.2,0.0,28076096388.2,true,0.6853,0.0318,0.0969,0.1754,1.0,,SA,false,true
5493009EIBTCB1X12G89,CON,2025-12-31,LGT Group Foundation,Liechtenstein,Large highest EEA,25215352726.85,64710864774.01,0.3897,25215352726.85,0.0,25215352726.85,true,0.647,0.0345,0.0944,0.2119,1.0,,SA,false,true
5493009ML6YX83YHC820,CON,2025-06-30,Argenta Bank- en Verzekeringsgroep NV,Belgium,Large subsidiaries,10382571044.15,61852312488.67,0.1679,10382571044.15,0.0,10382571044.15,true,0.7853,0.0133,,0.1548,0.1906,0.7763,gemischt,false,true
5493009ML6YX83YHC820,CON,2025-09-30,Argenta Bank- en Verzekeringsgroep NV,Belgium,Large subsidiaries,10385176140.04,62001915042.16,0.1675,10385176140.04,0.0,10385176140.04,true,0.789,0.0141,,0.1548,0.1846,0.7798,gemischt,false,true
5493009ML6YX83YHC820,CON,2025-12-31,Argenta Bank- en Verzekeringsgroep NV,Belgium,Large subsidiaries,10367240474.11,62502630668.0,0.1659,10367240474.11,0.0,10367240474.11,true,0.7837,0.0138,,0.1664,0.1896,0.7741,gemischt,false,true
5493009ML6YX83YHC820,CON,2026-03-31,Argenta Bank- en Verzekeringsgroep NV,Belgium,Large subsidiaries,11121396978.89,62335379620.27,0.1784,11121396978.89,0.0,10511058240.58,false,0.7428,0.0129,,0.1551,0.1917,0.7715,gemischt,false,true
5493009VJC01E4H6HH77,CON,2025-12-31,Avanza - Grupp,Sweden,Other highest EEA,1755290036.95,10489972060.98,0.1673,1755290036.95,0.0,1755290036.95,true,0.6861,0.0001,0.0,0.3135,1.0,,SA,unbekannt,true
549300A2F46GR0UOM390,CON,2025-06-30,Erste&Steiermärkische Bank d.d.,Croatia,Large subsidiaries,7610992916.41,18039440193.09,0.4219,7610992916.41,0.0,7610992916.42,true,0.8871,0.0014,0.0004,0.1108,0.2766,0.5652,gemischt,false,true
549300A2F46GR0UOM390,CON,2025-09-30,Erste&Steiermärkische Bank d.d.,Croatia,Large subsidiaries,7572483270.97,19014393694.56,0.3983,7572483270.97,0.0,7572483270.96,true,0.8867,0.0013,0.0003,0.1113,0.2773,0.5534,gemischt,false,true
549300A2F46GR0UOM390,CON,2025-12-31,Erste&Steiermärkische Bank d.d.,Croatia,Large subsidiaries,8067578529.89,18767028468.47,0.4299,8067578529.89,0.0,8067578529.9,true,0.8893,0.0009,0.0003,0.1089,0.2621,0.5772,gemischt,false,true
549300BZZFFS0SOWR325,IND,2025-12-31,Ford Bank GmbH,Germany,Other highest EEA,5181057649.23,9238668577.96,0.5608,5181057649.23,0.0,5181057649.23,true,0.9429,0.0009,,0.0553,1.0,,SA,unbekannt,true
549300C6TUMDXNOVXS82,CON,2025-06-30,Länsförsäkringar Bank AB - gruppen,Sweden,Large highest EEA,12515711230.0,47705492545.31,0.2624,12515711230.0,0.0,12614211238.45,false,0.8803,0.0124,,0.1072,0.0672,0.2684,gemischt,false,true
549300C6TUMDXNOVXS82,CON,2025-09-30,Länsförsäkringar Bank AB - gruppen,Sweden,Large highest EEA,12628396199.22,48895669302.23,0.2583,12628396199.22,0.0,12628396199.22,true,0.8834,0.004,,0.1073,0.0657,0.2655,gemischt,false,true
549300C6TUMDXNOVXS82,CON,2025-12-31,Länsförsäkringar Bank AB - gruppen,Sweden,Large highest EEA,12994326872.11,48878478768.19,0.2658,12994326872.11,0.0,12994326872.11,true,0.8848,0.0036,,0.1065,0.0668,0.2631,gemischt,false,true
549300C6TUMDXNOVXS82,CON,2026-03-31,Länsförsäkringar Bank AB - gruppen,Sweden,Large highest EEA,13013114013.83,50124910058.81,0.2596,13013114013.83,0.0,13013114013.83,true,0.8841,0.0044,,0.1059,0.0685,0.2604,gemischt,false,true
549300CQ9NLEHMRCU505,IND,2025-12-31,"Cecabank, S.A.",Spain,Other highest EEA,2431932004.0,17705759000.0,0.1374,2431932003.0,0.0,2431932003.0,true,0.4538,0.0821,0.1189,0.2747,1.0,,SA,unbekannt,true
549300DVPJYGNF2P7B03,CON,2025-06-30,Steiermärkische Bank und Sparkassen Aktiengesellschaft,Austria,Large subsidiaries,11929800184.34,22530061159.1,0.5295,11929800184.34,0.0,11929800184.34,true,0.8773,0.0018,0.0269,0.0939,0.3906,0.351,gemischt,false,true
549300DVPJYGNF2P7B03,CON,2025-09-30,Steiermärkische Bank und Sparkassen Aktiengesellschaft,Austria,Large subsidiaries,11959065221.22,22332526735.22,0.5355,11959065221.22,0.0,11959065221.22,true,0.8795,0.0017,0.0251,0.0937,0.4001,0.3483,gemischt,false,true
549300DVPJYGNF2P7B03,CON,2025-12-31,Steiermärkische Bank und Sparkassen Aktiengesellschaft,Austria,Large subsidiaries,12095231486.55,22996590082.22,0.526,12095231486.55,0.0,12095231486.55,true,0.8753,0.0013,0.0257,0.0976,0.4173,0.3484,gemischt,false,true
549300DYPOFMXOR7XM56,CON,2025-06-30,Crelan,Belgium,Large highest EEA,11700525856.92,57933069820.44,0.202,11700525856.92,0.0,9382745685.55,false,0.6262,0.0072,0.0002,0.1567,0.3832,0.5584,gemischt,false,true
549300DYPOFMXOR7XM56,CON,2025-12-31,Crelan,Belgium,Large highest EEA,12156315342.34,58361489080.33,0.2083,12156315341.88,0.0,9725052273.87,false,0.6258,0.0076,0.0002,0.1567,0.3634,0.5662,gemischt,false,true
549300EHNXQVOI120S55,CON,2025-06-30,Coop Pank AS,Estonia,Large highest EEA,1309796108.07,2562595799.89,0.5111,1309796108.07,0.0,1309796108.07,true,0.9343,0.001,,0.0598,1.0,,SA,false,true
549300EHNXQVOI120S55,CON,2025-09-30,Coop Pank AS,Estonia,Large highest EEA,1328949716.88,2743808390.37,0.4843,1328949716.88,0.0,1328949716.88,true,0.9359,0.0009,,0.0589,1.0,,SA,false,true
549300EHNXQVOI120S55,CON,2025-12-31,Coop Pank AS,Estonia,Large highest EEA,1437572496.37,2933178732.31,0.4901,1437572496.37,0.0,1437572496.37,true,0.9414,0.0008,,0.0545,1.0,,SA,false,true
549300EHNXQVOI120S55,CON,2026-03-31,Coop Pank AS,Estonia,Large highest EEA,1477830900.02,2941139121.08,0.5025,1477830900.02,0.0,1477830900.02,true,0.9352,0.0007,,0.0613,1.0,,SA,false,true
549300F7FBD744MEP844,IND,2025-12-31,Banque Raiffeisen,Luxembourg,Other highest EEA,5233678924.91,12610364792.53,0.415,5233678924.91,0.0,5233678924.91,true,0.9255,0.0004,,0.073,1.0,,SA,unbekannt,true
549300FH0WJAPEHTIQ77,IND,2025-06-30,BofA Securities Europe SA,France,Large highest EEA,43401606069.06,124724660782.37,0.348,,,,,,,,,,,unbekannt,false,true
549300FH0WJAPEHTIQ77,IND,2025-12-31,BofA Securities Europe SA,France,Large highest EEA,42217648088.69,108453306269.88,0.3893,42217648088.69,0.0,42217648088.69,true,0.036,0.4335,0.3481,0.0743,1.0,,SA,false,true
549300FRBP5L0O1HY885,IND,2025-12-31,Sparbanken Syd,Sweden,Other highest EEA,592343547.84,1282163557.14,0.462,592343547.84,0.0,592343547.84,true,0.899,,,0.101,1.0,,SA,unbekannt,true
549300G3C8M0WXQCWH61,CON,2025-12-31,Caja Laboral Popular Coop. de Crédito,Spain,Other highest EEA,9120580474.0,28576065984.0,0.3192,9120580474.0,0.0,9120580474.0,true,0.8467,0.0017,0.0,0.1473,1.0,,SA,unbekannt,true
549300GKFG0RYRRQ1414,CON,2025-06-30,DNB BANK ASA,Norway,Large highest EEA,95444227037.46,309182422507.9,0.3087,95444227037.46,0.0,95444227037.46,true,0.8271,0.0191,0.0064,0.1425,0.2867,0.7133,gemischt,false,true
549300GKFG0RYRRQ1414,CON,2025-12-31,DNB BANK ASA,Norway,Large highest EEA,98881675994.6,294133077142.25,0.3362,98881675994.6,0.0,98710996683.45,false,0.8252,0.0171,0.0066,0.1469,0.2708,0.7292,gemischt,false,true
549300GKFG0RYRRQ1414,CON,2026-03-31,DNB BANK ASA,Norway,Large highest EEA,104856748116.24,321151915806.74,0.3265,104856748116.24,0.0,104856748116.24,true,0.8253,0.0182,0.0059,0.1464,0.2737,0.7263,gemischt,false,true
549300HFEHJOXGE4ZE63,CON,2025-06-30,SFIL S.A.,France,Large highest EEA,3348593550.33,15399220580.4,0.2175,3348593550.34,0.0,3348593550.34,true,0.8369,0.0157,0.0,0.0947,1.0,,SA,false,true
549300HFEHJOXGE4ZE63,CON,2025-09-30,SFIL S.A.,France,Large highest EEA,3304205807.73,14046354153.09,0.2352,3304205807.74,0.0,3304205807.74,true,0.8269,0.0164,0.0,,1.0,,SA,false,true
549300HFEHJOXGE4ZE63,CON,2025-12-31,SFIL S.A.,France,Large highest EEA,3184146678.11,15580835885.24,0.2044,3184146678.1,0.0,3184146678.1,true,0.8242,0.0163,0.0,0.1013,1.0,,SA,false,true
549300HFEHJOXGE4ZE63,CON,2026-03-31,SFIL S.A.,France,Large highest EEA,3244308931.01,15669611852.15,0.207,3244308931.01,0.0,3244308931.01,true,0.8306,0.0161,0.0,0.0994,1.0,,SA,false,true
549300HUKIA1IZQHFZ83,IND,2025-06-30,Erste Bank der oesterreichischen Sparkassen AG,Austria,Large subsidiaries,11848.08,30891.7,0.3835,,,,,,,,,,,unbekannt,false,true
549300HUKIA1IZQHFZ83,IND,2025-12-31,Erste Bank der oesterreichischen Sparkassen AG,Austria,Large subsidiaries,14862.1,39821.37,0.3732,14927.67,0.004412,14927.67,true,0.8105,0.0009,0.0039,0.1751,0.0848,0.6802,gemischt,false,true
549300IQZVZ949N37S44,CON,2025-06-30,Euroclear Holding,Belgium,Large highest EEA,14387567266.0,19004400000.0,0.7571,14387567266.0,0.0,14387567267.0,true,0.2166,0.0349,0.0176,0.7291,1.0,,SA,false,true
549300IQZVZ949N37S44,CON,2025-09-30,Euroclear Holding,Belgium,Large highest EEA,14446586705.0,18478026938.0,0.7818,14446586705.0,0.0,14446586705.0,true,0.2067,0.0477,0.0177,0.7261,1.0,,SA,false,true
549300IQZVZ949N37S44,CON,2025-12-31,Euroclear Holding,Belgium,Large highest EEA,15634561262.0,18978525817.0,0.8238,15634561262.0,0.0,15634561263.0,true,0.1926,0.0337,0.0151,0.7556,1.0,,SA,false,true
549300IRGNL8Q3O8Y413,IND,2025-12-31,Eurobank Bulgaria,Bulgaria,Large subsidiaries,6783331201.6,14206861133.2,0.4775,6783331201.6,0.0,6783331201.6,true,0.9186,0.002,0.0005,0.0764,1.0,,SA,unbekannt,true
549300JB1P61FUTPEZ75,CON,2025-06-30,"Všeobecná úverová banka, a.s.",Slovakia,Large subsidiaries,11099541756.12,26500812629.43,0.4188,11099541756.12,0.0,11109260751.23,true,0.8761,0.0027,0.0236,0.0976,0.1561,0.5854,gemischt,false,true
549300JB1P61FUTPEZ75,CON,2025-09-30,"Všeobecná úverová banka, a.s.",Slovakia,Large subsidiaries,10974396303.35,26998897033.55,0.4065,10974396303.36,0.0,10998184767.29,false,0.8811,0.0029,0.0173,0.0987,0.1579,0.6002,gemischt,false,true
549300JB1P61FUTPEZ75,CON,2025-12-31,"Všeobecná úverová banka, a.s.",Slovakia,Large subsidiaries,10313922687.18,28013734846.6,0.3682,10313922687.18,0.0,10332876679.63,false,0.8616,0.0028,0.015,0.1206,0.1644,0.5938,gemischt,false,true
549300JB1P61FUTPEZ75,CON,2026-03-31,"Všeobecná úverová banka, a.s.",Slovakia,Large subsidiaries,10617476002.67,27892481820.26,0.3807,10617476002.67,0.0,10635322561.93,false,0.8573,0.0045,0.0211,0.1172,0.2097,0.5426,gemischt,false,true
549300JECLPX13NZLU57,CON,2025-12-31,Danske Andelskassers Bank A/S,Denmark,Other highest EEA,1299173721.91,2316844357.99,0.5608,1299173721.91,0.0,1299173721.91,true,0.7762,0.0033,0.1154,0.1049,1.0,,SA,unbekannt,true
549300JSC82O1L4XV837,CON,2025-12-31,Nordnet - Grupp,Sweden,Other highest EEA,1892697479.25,8877978672.93,0.2132,1892697479.35,0.0,1788517748.27,false,0.6158,,0.005,0.3241,1.0,,SA,unbekannt,true
549300KOORG6SN9LMO68,IND,2025-12-31,IIG Bank (Malta) Ltd,Malta,Other highest EEA,77711969.94,102519611.59,0.758,77711969.94,0.0,77711969.94,true,0.8954,0.0,0.0002,0.1044,1.0,,SA,unbekannt,true
549300L1IEXJYJ2NUV45,IND,2025-12-31,Sparekassen Danmark,Denmark,Other highest EEA,7092659521.76,13660304438.6,0.5192,7092659521.76,0.0,7092659521.76,true,0.8342,0.0007,0.0682,0.0968,1.0,,SA,unbekannt,true
549300L7YCATGO57ZE10,CON,2025-06-30,FINECOBANK BANCA FINECO S.P.A. (IN BREVE FINECOBANK S.P.A. OVVERO BANCA FINECO S.P.A. OVVERO FINECO BANCA S.P.A.),Italy,Large highest EEA,5805480683.0,35812643816.0,0.1621,5805480683.0,0.0,5805480683.0,true,0.4782,0.0356,0.0233,0.4627,1.0,,SA,false,true
549300L7YCATGO57ZE10,CON,2025-09-30,FINECOBANK BANCA FINECO S.P.A. (IN BREVE FINECOBANK S.P.A. OVVERO BANCA FINECO S.P.A. OVVERO FINECO BANCA S.P.A.),Italy,Large highest EEA,5814636571.0,37032523910.0,0.157,5814636571.0,0.0,5814636571.0,true,0.4684,0.0443,0.0252,0.462,1.0,,SA,false,true
549300L7YCATGO57ZE10,CON,2025-12-31,FINECOBANK BANCA FINECO S.P.A. (IN BREVE FINECOBANK S.P.A. OVVERO BANCA FINECO S.P.A. OVVERO FINECO BANCA S.P.A.),Italy,Large highest EEA,6201581866.0,38355223394.0,0.1617,6201581866.0,0.0,6201581866.0,true,0.4452,0.0467,0.0266,0.4814,1.0,,SA,false,true
549300L7YCATGO57ZE10,CON,2026-03-31,FINECOBANK BANCA FINECO S.P.A. (IN BREVE FINECOBANK S.P.A. OVVERO BANCA FINECO S.P.A. OVVERO FINECO BANCA S.P.A.),Italy,Large highest EEA,6299478641.0,38326345537.0,0.1644,6299478641.0,0.0,6299478641.0,true,0.4388,0.0602,0.0269,0.4739,1.0,,SA,false,true
549300LYFYVPUCG6SY25,CON,2025-12-31,"Banco Cooperativo Español, S.A.",Spain,Other highest EEA,2791109477.0,10219555474.0,0.2731,2791109477.0,0.0,2791109476.0,true,0.6019,0.1768,0.0167,0.1193,1.0,,SA,unbekannt,true
549300M2IHOB9P5WE714,IND,2025-12-31,Swissquote Bank Europe S.A,Luxembourg,Other highest EEA,494350585.92,1787461202.37,0.2766,494350585.92,0.0,494350585.92,true,0.7818,0.0878,,0.1012,1.0,,SA,unbekannt,true
549300MSY5NIVC0BME80,CON,2025-06-30,CIB Bankcsoport,Hungary,Large subsidiaries,3717479449.37,9503888099.37,0.3912,,,,,,,,,,,unbekannt,unbekannt,true
549300ND1MQ8SNNYMJ22,CON,2025-06-30,AS SEB Pank,Estonia,Large subsidiaries,3467412064.1,9988280344.9,0.3471,,,,,,,,,,,unbekannt,false,true
549300ND1MQ8SNNYMJ22,CON,2025-12-31,AS SEB Pank,Estonia,Large subsidiaries,3330476309.5,10160046266.0,0.3278,3330476309.46,0.0,3330476309.46,true,0.8643,0.0045,0.004,0.1261,0.0868,0.694,gemischt,false,true
549300NYKK9MWM7GGW15,CON,2025-06-30,ING Groep N.V.,Netherlands,Large highest EEA,335803778755.56,1186760545170.77,0.283,335803778755.56,0.0,335803778755.56,true,0.7862,0.0306,0.0357,0.1284,0.1521,0.7071,gemischt,false,true
549300NYKK9MWM7GGW15,CON,2025-09-30,ING Groep N.V.,Netherlands,Large highest EEA,336195748412.09,1198343756701.0,0.2806,336195748412.09,0.0,336195748412.09,true,0.7911,0.0309,0.0293,0.1283,0.152,0.7089,gemischt,false,true
549300NYKK9MWM7GGW15,CON,2025-12-31,ING Groep N.V.,Netherlands,Large highest EEA,340739000000.0,1155490000000.0,0.2949,340739000000.0,0.0,340740000000.0,true,0.7811,0.0295,0.0354,0.1329,0.1708,0.6839,gemischt,false,true
549300NYKK9MWM7GGW15,CON,2026-03-31,ING Groep N.V.,Netherlands,Large highest EEA,344302555070.0,1241563468745.74,0.2773,344302555074.0,0.0,344302555074.0,true,0.7816,0.0317,0.0345,0.1315,0.1726,0.7033,gemischt,false,true
549300O3HXYXXUHR0897,CON,2025-06-30,Klarna - Grupp,Sweden,Other highest EEA,6813528477.61,15939667470.87,0.4275,,,,,,,,,,,unbekannt,false,true
549300O3HXYXXUHR0897,CON,2025-12-31,Klarna - Grupp,Sweden,Other highest EEA,8562166425.33,15926328674.81,0.5376,8562166425.33,0.0,8562166425.33,true,0.839,0.0023,0.0687,0.0772,1.0,,SA,false,true
549300OL514RA0SXJJ44,IND,2025-12-31,Clearstream Banking S.A.,Luxembourg,Large subsidiaries,3134286406.08,4701447510.98,0.6667,3138554183.71,0.001362,3138554183.71,true,0.1693,0.0038,0.0083,0.8172,1.0,,SA,unbekannt,true
549300OLBL49CW8CT155,CON,2025-06-30,"Ibercaja Banco, S.A.",Spain,Large highest EEA,18547292000.0,46891487000.0,0.3955,,,,,,,,,1.0,,SA,false,true
549300OLBL49CW8CT155,CON,2025-09-30,"Ibercaja Banco, S.A.",Spain,Large highest EEA,18387044000.0,46647946000.0,0.3942,,,,,,,,,1.0,,SA,false,true
549300OLBL49CW8CT155,CON,2025-12-31,"Ibercaja Banco, S.A.",Spain,Large highest EEA,18878091000.0,47923325000.0,0.3939,,,,,,,,,1.0,,SA,false,true
549300OLBL49CW8CT155,CON,2026-03-31,"Ibercaja Banco, S.A.",Spain,Large highest EEA,19220983000.0,49222113000.0,0.3905,19220984000.0,0.0,19220984000.0,true,0.8927,0.0038,0.0,0.1026,1.0,,SA,false,true
549300OMTXWX1144LP69,IND,2025-12-31,"Akciju sabiedrība ""Reģionālā investīciju banka""",Latvia,Other highest EEA,229480397.0,479658351.0,0.4784,229480397.0,0.0,229480397.0,true,0.8976,,0.007,0.0954,1.0,,SA,unbekannt,true
549300PZMFIQR79Q0T97,CON,2025-12-31,Íslandsbanki hf.,Iceland,Large highest EEA,7019420520.0,12206525590.0,0.5751,7019420520.0,0.0,7019413730.0,true,0.9023,0.0067,0.004,0.0857,1.0,,SA,false,true
549300PZMFIQR79Q0T97,CON,2026-03-31,Íslandsbanki hf.,Iceland,Large highest EEA,7304067600.0,12868747680.0,0.5676,7304067600.0,0.0,7304067600.0,true,0.9032,0.0064,0.0048,0.0844,1.0,,SA,false,true
549300Q3OIWRHQUQM052,CON,2025-12-31,SpareBank 1 Sør-Norge,Norway,Large highest EEA,19191082662.59,51110698238.76,0.3755,,,,,,,,,,,unbekannt,false,true
549300RFKNCOX56F8591,CON,2025-06-30,RAIFFEISEN BANK S.A.,Romania,Large subsidiaries,6692036.56,17355456.0,0.3856,,,,,,,,,0.1093,0.8899,gemischt,false,true
549300RFKNCOX56F8591,CON,2025-09-30,RAIFFEISEN BANK S.A.,Romania,Large subsidiaries,7119134.03,17002069.51,0.4187,,,,,,,,,0.098,0.9013,IRB,false,true
549300RFKNCOX56F8591,CON,2025-12-31,RAIFFEISEN BANK S.A.,Romania,Large subsidiaries,7014326.78,18825144.55,0.3726,,,,,,,,,0.1108,0.8872,gemischt,false,true
549300RG3H390KEL8896,CON,2025-06-30,Banca Transilvania,Romania,Large highest EEA,18457650285.01,42281290.07,436.5442,18457650285.01,0.0,17667753802.01,false,0.8051,0.0012,0.0,0.1488,1.0,,SA,true,false
549300RG3H390KEL8896,CON,2025-09-30,Banca Transilvania,Romania,Large highest EEA,18831077405.07,43335591340.59,0.4345,18831077405.07,0.0,17931619586.8,false,0.8035,0.001,0.0,0.1458,1.0,,SA,false,true
549300RMML7KXP6M1Y98,IND,2025-12-31,BANCO BAI EUROPA S.A.,Portugal,Other highest EEA,523693400.88,896342127.55,0.5843,523693400.88,0.0,523693400.88,true,0.9273,0.0,0.0,0.0727,1.0,,SA,unbekannt,true
549300S2T3FWVVXWJI89,CON,2025-06-30,"Slovenská sporiteľňa, a.s.",Slovakia,Large subsidiaries,11003017.0,28420477.0,0.3872,11003017.0,0.0,11003018.0,true,0.8738,0.0019,0.0005,0.1022,0.1244,0.7321,gemischt,false,true
549300S2T3FWVVXWJI89,CON,2025-09-30,"Slovenská sporiteľňa, a.s.",Slovakia,Large subsidiaries,10512922.0,29113685.0,0.3611,10622255.0,0.0104,10622256.0,true,0.8633,0.0018,0.0001,0.1059,0.1294,0.7128,gemischt,false,true
549300S2T3FWVVXWJI89,CON,2025-12-31,"Slovenská sporiteľňa, a.s.",Slovakia,Large subsidiaries,10819721.0,29683883.0,0.3645,10934083.0,0.01057,10934083.0,true,0.8534,0.0014,0.0002,0.1171,0.1283,0.7104,gemischt,false,true
549300S2T3FWVVXWJI89,CON,2026-03-31,"Slovenská sporiteľňa, a.s.",Slovakia,Large subsidiaries,10813050.0,29434747.0,0.3674,10887809.0,0.006914,10887809.0,true,0.8559,0.0013,0.0002,0.1176,0.128,0.7051,gemischt,false,true
549300SBPFE9JX7N8J82,IND,2025-06-30,AB SEB bankas,Lithuania,Large subsidiaries,5554006468.28,15755425883.28,0.3525,,,,,,,,,,,unbekannt,false,true
549300SBPFE9JX7N8J82,IND,2025-12-31,AB SEB bankas,Lithuania,Large subsidiaries,5070736504.95,17132580079.89,0.296,5070736504.95,0.0,5070736504.95,true,0.8352,0.0043,0.0045,0.1559,0.1728,0.6646,gemischt,false,true
549300SGF4BS54YG8M65,CON,2025-12-31,Citco Bank Nederland N.V.,Netherlands,Other highest EEA,1388794700.0,8744005844.0,0.1588,1388794700.0,0.0,1388794700.0,true,0.5924,0.0309,0.0017,0.2908,1.0,,SA,unbekannt,true
549300TDPXT0OW2AY198,CON,2025-12-31,FinAx,Belgium,Other highest EEA,6231075771.67,13385997795.01,0.4655,6231075771.67,0.0,6231075771.67,true,0.777,0.0002,0.0107,0.2118,1.0,,SA,unbekannt,true
549300TEJKOLFN65KR76,IND,2025-12-31,BNF Bank plc,Malta,Other highest EEA,646645007.32,1445161220.33,0.4475,646645007.32,0.0,646645007.32,true,0.909,0.0066,0.0069,0.0776,1.0,,SA,unbekannt,true
549300TJREQ7GHIXWR36,IND,2025-06-30,Swedbank Hypotek AB,Sweden,Large subsidiaries,26121937220.0,100298740430.0,0.2604,26121937220.0,0.0,26121937220.0,true,0.9448,,,0.0552,,0.3268,gemischt,false,true
549300TJREQ7GHIXWR36,IND,2025-09-30,Swedbank Hypotek AB,Sweden,Large subsidiaries,26330249400.0,101473137360.0,0.2595,26330249400.0,0.0,26330249400.0,true,0.9448,,,0.0552,,0.3206,gemischt,false,true
549300TJREQ7GHIXWR36,IND,2025-12-31,Swedbank Hypotek AB,Sweden,Large subsidiaries,26590977500.0,103469166750.0,0.257,26590977500.0,0.0,26590885090.0,true,0.9511,,,0.0489,,0.3124,gemischt,false,true
549300TJREQ7GHIXWR36,IND,2026-03-31,Swedbank Hypotek AB,Sweden,Large subsidiaries,26470958400.0,102525709980.0,0.2582,26470958400.0,0.0,26470958400.0,true,0.9514,,,0.0486,,0.3141,gemischt,false,true
549300TK038P6EV4YU51,CON,2025-12-31,AB Artea bankas,Lithuania,Large highest EEA,2835136008.0,6138901.92,461.8311,2835136008.0,0.0,2835136008.0,true,0.8289,0.01,0.0042,0.0862,1.0,,SA,true,false
549300TK038P6EV4YU51,CON,2026-03-31,AB Artea bankas,Lithuania,Large highest EEA,2855601000.0,6179965000.0,0.4621,,,,,,,,,,,unbekannt,false,true
549300TL5406IC1XKD09,CON,2025-12-31,Saxo Bank A/S,Denmark,Large highest EEA,19066.55,94142.0,0.2025,19066.55,0.0,19034.03,false,0.2593,0.1543,0.0556,0.473,1.0,,SA,unbekannt,true
549300TLZPT6JELDWM92,CON,2025-12-31,Landsbankinn hf.,Iceland,Large highest EEA,10001.89,16200.0,0.6174,10001.89,0.0,9624.57,false,0.8737,0.0012,0.0089,0.0771,1.0,,SA,false,true
549300TLZPT6JELDWM92,CON,2026-03-31,Landsbankinn hf.,Iceland,Large highest EEA,10411.61,16716.29,0.6228,10804.81,0.037765,10411.61,false,0.8785,0.0009,0.01,0.0732,1.0,,SA,false,true
549300TRUWO2CD2G5692,CON,2025-06-30,"UNICREDIT, SOCIETA' PER AZIONI",Italy,Large highest EEA,287742531981.0,896715764000.0,0.3209,287742531978.0,0.0,287720687898.0,true,0.7449,0.0245,0.0301,0.1644,0.403,0.543,gemischt,false,true
549300TRUWO2CD2G5692,CON,2025-09-30,"UNICREDIT, SOCIETA' PER AZIONI",Italy,Large highest EEA,291467037502.0,919776309000.0,0.3169,291467037498.0,0.0,291442902973.0,true,0.744,0.0244,0.0319,0.1623,0.3915,0.551,gemischt,false,true
549300TRUWO2CD2G5692,CON,2025-12-31,"UNICREDIT, SOCIETA' PER AZIONI",Italy,Large highest EEA,296326903419.0,906925177415.0,0.3267,296326903419.0,0.0,296289650965.0,true,0.7384,0.0219,0.0331,0.1697,0.3977,0.539,gemischt,false,true
549300TRUWO2CD2G5692,CON,2026-03-31,"UNICREDIT, SOCIETA' PER AZIONI",Italy,Large highest EEA,298933798254.0,936219794601.0,0.3193,298933798252.0,0.0,298925447636.0,true,0.74,0.0195,0.0347,0.1677,0.3953,0.5588,gemischt,false,true
549300TTZTKBUFKWH890,CON,2025-12-31,The Cyprus Development Bank Public Company Ltd,Cyprus,Other highest EEA,207943.05,610998.31,0.3403,207943.05,0.0,207943.05,true,0.8764,0.0,0.0,0.1236,1.0,,SA,unbekannt,true
549300U4LIZV0REEQQ46,CON,2025-06-30,"Kutxabank, S.A.",Spain,Large highest EEA,30254293620.0,71740962440.0,0.4217,30254293620.0,0.0,30254293620.0,true,0.8743,0.0092,0.0016,0.1135,1.0,,SA,false,true
549300U4LIZV0REEQQ46,CON,2025-09-30,"Kutxabank, S.A.",Spain,Large highest EEA,28701396370.0,72952604020.0,0.3934,28701396370.0,0.0,28701396370.0,true,0.8686,0.0092,0.0013,0.1196,0.657,0.2796,gemischt,false,true
549300U4LIZV0REEQQ46,CON,2025-12-31,"Kutxabank, S.A.",Spain,Large highest EEA,29185571000.0,71915405000.0,0.4058,29185571000.0,0.0,29185571000.0,true,0.8575,0.0079,0.0009,0.1313,0.6818,0.2623,gemischt,false,true
549300U4LIZV0REEQQ46,CON,2026-03-31,"Kutxabank, S.A.",Spain,Large highest EEA,30879944000.0,75239349000.0,0.4104,30879944000.0,0.0,30879944000.0,true,0.8646,0.0082,0.0011,0.1241,0.6959,0.2554,gemischt,false,true
549300UARE5MHTBUPJ19,CON,2025-12-31,Promontoria 19 Coöperatie U.A.,Netherlands,Large highest EEA,9983705657.92,28659468092.79,0.3484,9879831103.62,0.010404,9879831103.62,true,0.854,0.0009,0.0,0.134,1.0123,,SA,unbekannt,true
549300UOX05QGUJJ5707,IND,2025-06-30,Stadshypotek AB,Sweden,Large subsidiaries,31531234152.98,141143413512.13,0.2234,,,,,,,,,,,unbekannt,false,true
549300UOX05QGUJJ5707,IND,2025-12-31,Stadshypotek AB,Sweden,Large subsidiaries,32500079029.82,145269225753.37,0.2237,32500079029.84,0.0,42444758140.14,false,0.9432,0.3093,,0.0534,0.001,0.0196,gemischt,false,true
549300URJH9VSI58CS32,CON,2025-12-31,"Banco Santander Totta, SA",Portugal,Large subsidiaries,15072469945.5,60486826809.71,0.2492,15072469944.34,0.0,15072469944.34,true,0.7153,0.015,0.0001,0.206,0.1958,0.7562,gemischt,unbekannt,true
549300UY81ESCZJ0GR95,CON,2025-06-30,First Investment Bank,Bulgaria,Large highest EEA,4755528.18,8909272.12,0.5338,4755528.18,0.0,4755528.18,true,0.9147,,0.0006,0.0846,1.0,,SA,true,false
549300UY81ESCZJ0GR95,CON,2025-09-30,First Investment Bank,Bulgaria,Large highest EEA,4868047.93,9285094.49,0.5243,4868047.93,0.0,4868047.93,true,0.9167,,0.0006,0.0827,1.0,,SA,true,false
549300UY81ESCZJ0GR95,CON,2025-12-31,First Investment Bank,Bulgaria,Large highest EEA,4935324272.6,9988427522.8,0.4941,4935324272.6,0.0,4935324272.6,true,0.9179,,0.0006,0.0816,1.0,,SA,false,true
549300UY81ESCZJ0GR95,CON,2026-03-31,First Investment Bank,Bulgaria,Large highest EEA,5046160867.0,10959310187.0,0.4604,5046160867.0,0.0,5046160867.0,true,0.9032,,0.0005,0.0963,1.0,,SA,false,true
549300V1VN70Q7PQ7234,CON,2025-06-30,CRÉDIT AGRICOLE AUTO BANK S.P.A.,Italy,Large subsidiaries,24085426490.0,31515110395.0,0.7643,24085426490.0,0.0,24085426490.0,true,0.8897,0.0011,0.0233,0.0742,1.0,,SA,false,true
549300V1VN70Q7PQ7234,CON,2025-09-30,CRÉDIT AGRICOLE AUTO BANK S.P.A.,Italy,Large subsidiaries,24370004297.0,31293191529.0,0.7788,24370004297.0,0.0,24370004297.0,true,0.8916,0.0013,0.0237,0.0734,1.0,,SA,false,true
549300V1VN70Q7PQ7234,CON,2025-12-31,CRÉDIT AGRICOLE AUTO BANK S.P.A.,Italy,Large subsidiaries,23980553298.0,30299862791.0,0.7914,23980553298.0,0.0,23980553298.0,true,0.8817,0.0005,0.0267,0.0796,1.0,,SA,false,true
549300V4H4USWZUCE073,IND,2025-12-31,"BISON BANK, SA",Portugal,Other highest EEA,129402.22,639380.38,0.2024,129402.22,0.0,129402.22,true,0.8445,0.0,0.0,0.1555,1.0,,SA,unbekannt,true
549300VRM6G42M8OWN49,CON,2025-06-30,Sparebank 1 Østlandet,Norway,Other highest EEA,9511431427.51,26735953962.15,0.3558,,,,,,,,,,,unbekannt,false,true
549300WDT1HWUMTUW770,IND,2025-06-30,Standard Chartered Bank AG,Germany,Other highest EEA,2804263741.37,20932719291.51,0.134,2804263741.37,0.0,2804263741.37,true,0.3697,0.3067,0.0786,0.1516,0.0926,0.9074,IRB,false,true
549300WDT1HWUMTUW770,IND,2025-12-31,Standard Chartered Bank AG,Germany,Other highest EEA,6213381032.45,22099064392.65,0.2812,6213381032.45,0.0,6213381032.46,true,0.5907,0.2811,0.0178,0.0816,1.0,,SA,false,true
549300X34UUBDEUL1Z91,CON,2025-06-30,HSBC Bank Malta p.l.c.,Malta,Large subsidiaries,2212235188.53,7565392409.53,0.2924,2212235188.54,0.0,2212235188.54,true,0.8634,0.0102,0.0001,0.1257,1.0,,SA,false,true
549300X34UUBDEUL1Z91,CON,2025-12-31,HSBC Bank Malta p.l.c.,Malta,Large subsidiaries,2173519754.79,7811711195.06,0.2782,2173519754.79,0.0,2173519754.79,true,0.8597,0.0077,0.0,0.1322,1.0,,SA,false,true
549300XWJHRKLHU2PS28,CON,2025-12-31,ERSTE csoport,Hungary,Large subsidiaries,6356443600.0,14453875800.0,0.4398,6356443600.0,0.0,6356443600.0,true,0.7209,0.0111,0.0076,0.2395,0.0732,0.7712,gemischt,unbekannt,true
549300YV6LXRPJO3U576,IND,2025-12-31,Merkur Andelskasse,Denmark,Other highest EEA,338502788.76,880691795.56,0.3844,338502788.76,0.0,338502788.76,true,0.7953,0.0001,0.0797,0.1249,1.0,,SA,unbekannt,true
549300YW95G1VBBGGV07,CON,2025-06-30,"AS ""SEB banka""",Latvia,Large subsidiaries,2521858972.91,6336817974.16,0.398,,,,,,,,,,,unbekannt,false,true
549300YW95G1VBBGGV07,CON,2025-12-31,"AS ""SEB banka""",Latvia,Large subsidiaries,2611820516.96,6896676007.96,0.3787,2611820516.96,0.0,2611820516.96,true,0.8586,0.004,0.0047,0.1327,0.0817,0.7699,gemischt,false,true
549300Z7V2WOFIMUEK50,CON,2025-06-30,UniCredit Bulbank AD,Bulgaria,Large subsidiaries,8329448203.8,20494533513.1,0.4064,,,,,,,,,,,unbekannt,false,true
549300Z7V2WOFIMUEK50,CON,2025-12-31,UniCredit Bulbank AD,Bulgaria,Large subsidiaries,9049462397.7,22423008324.8,0.4036,9049462397.7,0.0,9049462397.7,true,0.8351,0.0222,0.0048,0.1174,0.918,0.0451,SA,false,true
549300ZHFZ4CSK7VS460,CON,2025-06-30,Privredna Banka Zagreb d.d.,Croatia,Large subsidiaries,12077649004.89,26387319326.75,0.4577,,,,,,,,,,,unbekannt,false,true
549300ZHFZ4CSK7VS460,CON,2025-12-31,Privredna Banka Zagreb d.d.,Croatia,Large subsidiaries,12041794115.2,27132394901.04,0.4438,12041794115.2,0.0,12041794115.2,true,0.8801,0.0013,0.0098,0.1087,0.9314,0.0686,SA,false,true
549300ZK53CNGEEI6A29,IND,2025-06-30,J.P. Morgan SE,Germany,Large highest EEA,137670167310.59,458865973194.69,0.3,,,,,,,,,,,unbekannt,false,true
549300ZK53CNGEEI6A29,IND,2025-12-31,J.P. Morgan SE,Germany,Large highest EEA,125190598428.14,398933620218.92,0.3138,125190598428.14,0.0,125163051226.89,true,0.3237,0.2157,0.2436,0.1257,0.9193,,SA,false,true
549300ZOE0EU2VKF6M35,IND,2025-12-31,Lombard Odier (Europe) S.A.,Luxembourg,Other highest EEA,801697101.0,4085133017.0,0.1962,,,,,,,,,1.0,,SA,unbekannt,true
5967007LIEEXZX51WW28,CON,2025-12-31,SPAREBANKEN ØST,Norway,Other highest EEA,1414740109.58,3968886529.08,0.3565,1414740109.58,0.0,1357051124.3,false,0.8586,0.0009,,0.0973,1.0,,SA,unbekannt,true
5967007LIEEXZX5PU005,CON,2025-06-30,Sparebanken Møre SPA,Norway,Other highest EEA,3111290000.0,9666039500.0,0.3219,,,,,,,,,,,unbekannt,false,true
5967007LIEEXZX5PU005,CON,2025-12-31,Sparebanken Møre SPA,Norway,Other highest EEA,3508988640.0,9540875600.0,0.3678,3508988640.0,0.0,3114316080.0,false,0.7995,,,0.0853,0.0827,0.9173,IRB,false,true
5967007LIEEXZX659K67,IND,2026-03-31,DNB BOLIGKREDITT AS,Norway,Large subsidiaries,20393668498.73,71801854857.71,0.284,20393650260.0,1e-06,20393739450.0,true,0.947,0.0016,0.0138,0.0375,0.0237,0.8183,gemischt,false,true
5967007LIEEXZX76AW36,CON,2025-12-31,OBOS-BANKEN AS,Norway,Other highest EEA,1544427136.93,6585364847.74,0.2345,1544427136.93,0.0,1544427136.93,true,0.9113,0.0003,0.0,0.0884,1.0007,,SA,unbekannt,true
5UMCZOEYKCVFAW8ZLO05,CON,2025-06-30,"National Bank of Greece, S.A.",Greece,Large highest EEA,38074000000.0,80139.63,475095.7797,38074000000.0,0.0,38074000000.0,true,0.8207,0.0125,0.0484,0.1051,1.0,,SA,true,false
5UMCZOEYKCVFAW8ZLO05,CON,2025-12-31,"National Bank of Greece, S.A.",Greece,Large highest EEA,39760000000.0,81517000000.0,0.4878,39760000000.0,0.0,39760000000.0,true,0.8331,0.0119,0.0452,0.0991,1.0,,SA,false,true
5UMCZOEYKCVFAW8ZLO05,CON,2026-03-31,"National Bank of Greece, S.A.",Greece,Large highest EEA,41100000000.0,85988000000.0,0.478,41100000000.0,0.0,41100000000.0,true,0.8368,0.0127,0.043,0.0959,1.0,,SA,false,true
635400AKJBGNS5WNQL34,CON,2025-06-30,AIB Group plc,Ireland,Large highest EEA,55731005168.13,148957068311.67,0.3741,55731005168.13,0.0,55731005168.13,true,0.8382,0.0128,0.0088,0.1233,0.5382,0.4615,gemischt,false,true
635400AKJBGNS5WNQL34,CON,2025-09-30,AIB Group plc,Ireland,Large highest EEA,54745957797.78,150193045613.67,0.3645,54745957797.78,0.0,54745957797.78,true,0.8399,0.0118,0.0065,0.1257,0.5203,0.4753,gemischt,false,true
635400AKJBGNS5WNQL34,CON,2025-12-31,AIB Group plc,Ireland,Large highest EEA,54178092084.26,152781377079.18,0.3546,54178092084.26,0.0,54178092084.26,true,0.827,0.0133,0.0079,0.1308,0.536,0.4252,gemischt,false,true
635400AKJBGNS5WNQL34,CON,2026-03-31,AIB Group plc,Ireland,Large highest EEA,54358017870.77,151423321717.84,0.359,54358017870.76,0.0,54358017870.76,true,0.8311,0.013,0.0051,0.1303,0.5326,0.4013,gemischt,false,true
635400C8EK6DRI12LJ39,CON,2025-06-30,Bank of Ireland Group plc,Ireland,Large highest EEA,52152672752.05,140957430549.92,0.37,52152672752.05,0.0,52152672752.05,true,0.8165,0.0121,0.0054,0.1369,0.3172,0.6686,gemischt,false,true
635400C8EK6DRI12LJ39,CON,2025-09-30,Bank of Ireland Group plc,Ireland,Large highest EEA,52949391353.93,140325704178.71,0.3773,52949391353.93,0.0,52949391353.93,true,0.821,0.0104,0.0043,0.1348,0.3067,0.6638,gemischt,false,true
635400C8EK6DRI12LJ39,CON,2025-12-31,Bank of Ireland Group plc,Ireland,Large highest EEA,55818205391.96,140232276713.3,0.398,55818205391.96,0.0,55818205391.96,true,0.8243,0.0093,0.0048,0.1299,0.2942,0.6216,gemischt,false,true
635400C8EK6DRI12LJ39,CON,2026-03-31,Bank of Ireland Group plc,Ireland,Large highest EEA,56446111681.25,140054033149.47,0.403,56446111681.25,0.0,56446111681.25,true,0.8292,0.0092,0.0054,0.1284,0.2893,0.6883,gemischt,false,true
635400DTNHVYGZODKQ93,CON,2025-09-30,Permanent TSB Group Holdings Plc,Ireland,Large highest EEA,10736380501.51,30546657731.05,0.3515,10736380501.51,0.0,10736380501.51,true,0.9059,0.0002,0.0,0.0936,0.3425,0.6374,gemischt,false,true
635400DTNHVYGZODKQ93,CON,2026-03-31,Permanent TSB Group Holdings Plc,Ireland,Large highest EEA,10056839312.5,30894926505.17,0.3255,10056839312.5,0.0,10056839312.5,true,0.8938,0.0003,0.0,0.1056,0.3797,0.5968,gemischt,false,true
635400F6HLXKXNJJX605,IND,2025-06-30,EXIM BANCA ROMANEASCA S.A.,Romania,Large highest EEA,1951609091.97,5508551409.65,0.3543,,,,,,,,,,,unbekannt,false,true
635400F6HLXKXNJJX605,IND,2025-12-31,EXIM BANCA ROMANEASCA S.A.,Romania,Large highest EEA,2238337.66,6328673.97,0.3537,2238337.66,0.0,2238337.66,true,0.8657,0.0049,0.0256,0.0954,1.0,,SA,true,false
635400JLGKETPVVGPW53,CON,2025-12-31,De Lage Landen International B.V.,Netherlands,Large subsidiaries,32008514300.0,49788034824.55,0.6429,32008514300.0,0.0,47457209600.0,false,0.9345,0.5327,,,0.198,0.077,gemischt,unbekannt,true
635400L14KNHZXPUZM19,CON,2025-06-30,Bank of Cyprus Holdings Public Limited Company,Ireland,Large highest EEA,10300363131.0,26832163487.0,0.3839,10300363131.0,0.0,10300363131.0,true,0.8783,0.0013,0.0,0.1203,1.0,,SA,false,true
635400L14KNHZXPUZM19,CON,2025-09-30,Bank of Cyprus Holdings Public Limited Company,Ireland,Large highest EEA,10438766399.0,27512904670.0,0.3794,10438766399.0,0.0,10438766399.0,true,0.8796,0.0015,0.0,0.1187,1.0,,SA,false,true
635400L14KNHZXPUZM19,CON,2025-12-31,Bank of Cyprus Holdings Public Limited Company,Ireland,Large highest EEA,10424038168.0,28190636751.0,0.3698,10424038168.0,0.0,10424038168.0,true,0.8756,0.002,0.0,0.1222,1.0,,SA,false,true
635400L14KNHZXPUZM19,CON,2026-03-31,Bank of Cyprus Holdings Public Limited Company,Ireland,Large highest EEA,10563647403.0,28381416633.0,0.3722,10563647403.0,0.0,10563647403.0,true,0.8771,0.002,0.0,0.1206,1.0,,SA,false,true
635400LCCIYHUL6ELA34,CON,2025-12-31,USB European (Holdings) Limited,Ireland,Other highest EEA,1564219756.64,6491053697.67,0.241,1564219756.64,0.0,1564219756.64,true,0.3498,0.0002,0.0298,0.6202,1.0,,SA,unbekannt,true
6TJCK1B7E7UTXP528Y04,IND,2025-06-30,Citigroup Global Markets Europe AG,Germany,Large highest EEA,19208260732.62,57332168073.06,0.335,,,,,,,,,,,unbekannt,false,true
6TJCK1B7E7UTXP528Y04,IND,2025-12-31,Citigroup Global Markets Europe AG,Germany,Large highest EEA,14848243517.1,59103949617.75,0.2512,14848243517.1,0.0,14848243517.1,true,0.0326,0.5172,0.0951,0.0904,0.9644,,SA,false,true
724500973ODKK3IFQ447,CON,2025-12-31,Adyen N.V.,Netherlands,Other highest EEA,7032215319.54,12246060639.93,0.5742,7032215319.54,0.0,7032215319.54,true,0.2638,,0.1206,0.6156,1.0,,SA,unbekannt,true
724500A1FNICHSDF2I11,CON,2025-06-30,ASN Bank N.V.,Netherlands,Large highest EEA,17931247871.0,75393689567.21,0.2378,17931247871.0,0.0,17931247870.0,true,0.8464,0.0084,0.0093,0.1305,0.3491,0.521,gemischt,false,true
724500A1FNICHSDF2I11,CON,2025-12-31,ASN Bank N.V.,Netherlands,Large highest EEA,18258565112.0,76810310509.51,0.2377,18258565112.33,0.0,18258565112.33,true,0.8374,0.0091,0.0105,0.1373,0.3199,0.5572,gemischt,false,true
724500AG21Z9GIJE4735,CON,2025-12-31,WP XII Financial Holdings Coöperatief U.A.,Netherlands,Other highest EEA,323246476.19,1477522031.14,0.2188,323246476.19,0.0,323246476.19,true,0.6262,,,0.3708,1.0,,SA,unbekannt,true
724500AH42V5X8BCPE49,CON,2025-06-30,Achmea Bank N.V.,Netherlands,Other highest EEA,4361224582.03,20901860745.65,0.2087,,,,,,,,,,,unbekannt,unbekannt,true
724500BICUQ0LF1AH770,CON,2025-12-31,Nationale-Nederlanden Bank N.V.,Netherlands,Other highest EEA,5263541156.0,26058679637.0,0.202,5263541156.0,0.0,5263541156.0,true,0.8722,0.0002,,0.1271,1.0,,SA,unbekannt,true
724500D8WOYCL1BUCB80,CON,2025-12-31,Van Lanschot Kempen N.V.,Netherlands,Other highest EEA,4682585.26,17871299.73,0.262,4682585.26,0.0,4754899.69,false,0.7053,0.0317,0.0268,0.2429,0.6993,0.0002,gemischt,unbekannt,true
724500JIWG886A9RRT57,CON,2025-06-30,RBS Holdings N.V.,Netherlands,Large highest EEA,6713631590.08,30964003553.0,0.2168,6713631589.97,0.0,6713631589.97,true,0.4802,0.2527,0.0593,0.0917,0.2636,0.2489,gemischt,false,true
724500JIWG886A9RRT57,CON,2025-09-30,RBS Holdings N.V.,Netherlands,Large highest EEA,7014956000.7,32873000000.0,0.2134,7014956001.0,0.0,7014956001.89,true,0.5161,0.2451,0.0509,0.0878,0.3588,0.2423,gemischt,false,true
724500JIWG886A9RRT57,CON,2025-12-31,RBS Holdings N.V.,Netherlands,Large highest EEA,7897854103.87,27448341749.0,0.2877,7897854103.87,0.0,7897854103.87,true,0.5043,0.2843,0.0447,0.077,0.3554,0.2364,gemischt,false,true
724500M4G9AVEMHMV291,CON,2025-12-31,bunq Holding B.V.,Netherlands,Other highest EEA,1648837829.6,9154364798.38,0.1801,1648837829.6,0.0,1648837829.6,true,0.5966,0.0018,0.0,0.2129,1.0,,SA,unbekannt,true
724500PMK2A2M1SQQ228,CON,2025-12-31,Triodos Bank N.V.,Netherlands,Other highest EEA,6600423668.64,17970470278.6,0.3673,6600423668.64,0.0,6600423668.63,true,0.8921,0.0002,,0.1077,1.0,,SA,unbekannt,true
724500SF1CI8OD5AHI07,CON,2025-12-31,HCBG Holding B.V.,Netherlands,Other highest EEA,1397966394.3,2102526483.18,0.6649,1397966394.3,0.0,1397966394.3,true,0.9362,0.0039,0.0078,0.0491,1.0,,SA,unbekannt,true
7437003B5WFBOIEFY714,CON,2025-06-30,OP Osuuskunta,Finland,Large highest EEA,77301000000.0,152229000000.0,0.5078,77301000000.0,0.0,77302000000.0,true,0.8876,0.0114,0.0122,0.085,0.9636,,SA,false,true
7437003B5WFBOIEFY714,CON,2025-09-30,OP Osuuskunta,Finland,Large highest EEA,77822000000.0,149182000000.0,0.5217,77822000000.0,0.0,77823000000.0,true,0.8853,0.0103,0.0164,0.0844,0.9638,,SA,false,true
7437003B5WFBOIEFY714,CON,2025-12-31,OP Osuuskunta,Finland,Large highest EEA,78516000000.0,149873000000.0,0.5239,78516000000.0,0.0,78516000000.0,true,0.8862,0.0098,0.0168,0.0837,0.9641,,SA,false,true
7437003B5WFBOIEFY714,CON,2026-03-31,OP Osuuskunta,Finland,Large highest EEA,78354000000.0,148803000000.0,0.5266,78354000000.0,0.0,78321000000.0,true,0.8718,0.0107,0.0172,0.0962,0.9757,,SA,false,true
7437005892K69S3MW344,CON,2025-06-30,Säästöpankkiliitto osk,Finland,Other highest EEA,5477183203.88,12928732287.81,0.4236,,,,,,,,,,,unbekannt,false,true
7437005892K69S3MW344,CON,2025-12-31,Säästöpankkiliitto osk,Finland,Other highest EEA,5531347166.57,13380826460.48,0.4134,5531347166.57,0.0,5531347166.57,true,0.8818,0.0011,,0.1143,1.0,,SA,false,true
7437006WYM821IJ3MN73,CON,2025-12-31,Ålandsbanken Abp,Finland,Other highest EEA,1887785853.91,5285817471.56,0.3571,1887785853.96,0.0,1887785853.96,true,0.8206,0.0109,,0.1672,0.5186,0.4814,gemischt,unbekannt,true
743700FTBNXAUN57RH30,CON,2025-06-30,S-Pankki Oyj,Finland,Other highest EEA,4036600000.0,13172200000.0,0.3064,,,,,,,,,,,unbekannt,false,true
743700FTBNXAUN57RH30,CON,2025-12-31,S-Pankki Oyj,Finland,Other highest EEA,4129000000.0,13439400000.0,0.3072,4129000000.0,0.0,4129000000.0,true,0.8413,0.0006,,0.1558,1.0,,SA,false,true
743700GC62JLHFBUND16,CON,2025-12-31,Aktia Bank Abp,Finland,Other highest EEA,3378855772.0,10015450647.47,0.3374,3378855771.84,0.0,3378855771.84,true,0.865,0.0019,,0.1277,0.7258,0.2126,gemischt,unbekannt,true
743700PW2HDTPU3YRJ31,CON,2025-12-31,POP Pankkikeskus osk,Finland,Other highest EEA,2968417345.71,6307385237.35,0.4706,2968417345.71,0.0,2968417345.71,true,0.8859,0.0018,0.0077,0.1028,1.0,,SA,unbekannt,true
747DLM6L5TO7LXZY5T60,IND,2025-10-31,Scotiabank (Ireland) Designated Activity Company,Ireland,Other highest EEA,5324357289.19,16919485895.38,0.3147,5324357289.19,0.0,5324357289.19,true,0.8653,0.0212,0.005,0.0927,1.0,,SA,unbekannt,true
7CUNS533WID6K7DGFI87,CON,2025-06-30,"CaixaBank, S.A.",Spain,Large highest EEA,241835280629.0,618281257168.0,0.3911,241835280629.0,0.0,241835280428.0,true,0.865,0.0108,0.0047,0.1156,0.3739,0.5454,gemischt,false,true
7CUNS533WID6K7DGFI87,CON,2025-09-30,"CaixaBank, S.A.",Spain,Large highest EEA,243703798646.0,624246730934.0,0.3904,243703798646.0,0.0,243703798646.0,true,0.8675,0.0094,0.0048,0.1147,0.3723,0.5478,gemischt,false,true
7CUNS533WID6K7DGFI87,CON,2025-12-31,"CaixaBank, S.A.",Spain,Large highest EEA,244455402343.0,619212815998.0,0.3948,244455402343.0,0.0,244455402343.0,true,0.8581,0.0091,0.0062,0.1218,0.3816,0.5211,gemischt,false,true
7CUNS533WID6K7DGFI87,CON,2026-03-31,"CaixaBank, S.A.",Spain,Large highest EEA,246600104737.0,627032706356.0,0.3933,246600104737.0,0.0,246600104737.0,true,0.8599,0.0088,0.0057,0.1208,0.3292,0.5238,gemischt,false,true
7LTWFZYICNSX8D621K86,CON,2025-06-30,DEUTSCHE BANK AKTIENGESELLSCHAFT,Germany,Large highest EEA,340805061753.63,1276035049391.35,0.2671,340805061752.61,0.0,329388254026.47,false,0.6004,0.0681,0.0641,0.1729,0.1729,0.8245,gemischt,false,true
7LTWFZYICNSX8D621K86,CON,2025-09-30,DEUTSCHE BANK AKTIENGESELLSCHAFT,Germany,Large highest EEA,340387404093.76,1299655337363.44,0.2619,340387404093.76,0.0,327459729335.18,false,0.6134,0.0621,0.0556,0.1732,0.2036,0.7955,gemischt,false,true
7LTWFZYICNSX8D621K86,CON,2025-12-31,DEUTSCHE BANK AKTIENGESELLSCHAFT,Germany,Large highest EEA,347132563372.0,1327440574441.27,0.2615,347132563372.0,0.0,333484892889.4,false,0.5964,0.0626,0.0606,0.182,0.2034,0.7956,gemischt,false,true
7LTWFZYICNSX8D621K86,CON,2026-03-31,DEUTSCHE BANK AKTIENGESELLSCHAFT,Germany,Large highest EEA,361094340103.25,1361684419734.28,0.2652,,,,,,,,,0.2054,0.7937,gemischt,false,true
7LVZJ6XRIE7VNZ4UBX81,CON,2025-06-30,BANCA MEDIOLANUM S.P.A.,Italy,Large highest EEA,15361616966.0,41268173531.0,0.3722,15361616966.0,0.0,15361616966.0,true,0.6779,0.0001,0.0062,0.3157,1.0,,SA,false,true
7LVZJ6XRIE7VNZ4UBX81,CON,2025-09-30,BANCA MEDIOLANUM S.P.A.,Italy,Large highest EEA,15240712842.0,41281798592.0,0.3692,15240712842.0,0.0,15240712842.0,true,0.6756,0.0001,0.006,0.3182,1.0,,SA,false,true
7LVZJ6XRIE7VNZ4UBX81,CON,2025-12-31,BANCA MEDIOLANUM S.P.A.,Italy,Large highest EEA,16681605098.0,40504980711.0,0.4118,16681605098.0,0.0,16681605098.0,true,0.6568,0.0001,0.002,0.3411,1.0,,SA,false,true
81560017C4A61A529235,IND,2025-12-31,CASSA DI RISPARMIO DI FERMO S.P.A. (IN FORMA ABBREVIATA CARIFERMO S.P.A.),Italy,Other highest EEA,902083284.0,2708553572.0,0.333,902083285.0,0.0,902083285.0,true,0.7146,0.0024,0.1083,0.1673,1.0,,SA,unbekannt,true
81560027D07F9BDB8436,CON,2025-12-31,CASSA DI RISPARMIO DI ASTI S.P.A. (IN FORMA ABBREVIATA BANCA C.R. ASTI S.P.A.),Italy,Other highest EEA,5213053604.0,13870810042.0,0.3758,5213053604.0,0.0,5213053604.0,true,0.8001,0.0089,0.0117,0.1644,0.375,0.5317,gemischt,unbekannt,true
81560035485BD7DB3590,IND,2025-12-31,BANCO DI CREDITO P.AZZOAGLIO - S.P.A.,Italy,Other highest EEA,726948866.0,2601117322.0,0.2795,726948866.0,0.0,726948866.0,true,0.8367,0.0009,,0.1492,1.0,,SA,unbekannt,true
8156003A4FB445454553,CON,2025-12-31,CASSA DI RISPARMIO DI BOLZANO S.P.A. - SUDTIROLER SPARKASSE AG,Italy,Other highest EEA,6741162974.0,16743553337.0,0.4026,6795920224.0,0.008123,6795920224.0,true,0.8477,0.015,0.0089,0.1023,0.5467,0.2899,gemischt,unbekannt,true
8156003D79D064FB5360,IND,2025-12-31,CASSA LOMBARDA - S.P.A.,Italy,,438049293.0,1193288619.0,0.3671,438049292.0,0.0,438049292.0,true,0.8027,0.0008,0.0002,0.1958,1.0,,SA,unbekannt,true
8156004BBB6E6B9B6F10,IND,2025-12-31,BANCA POPOLARE DI PUGLIA E BASILICATA - SOCIETA' COOPERATIVA PER AZIONI,Italy,Other highest EEA,1608472727.0,5044549370.0,0.3189,1608472726.0,0.0,1602995468.0,false,0.7805,,0.0211,0.1747,1.0,,SA,unbekannt,true
8156005420362AE59184,CON,2025-06-30,BANCA IFIS S.P.A. (OVVERO IFIS BANCA S.P.A. O IN FORMA ABBREVIATA IFIS S.P.A.),Italy,Other highest EEA,9821496226.0,15286676535.0,0.6425,,,,,,,,,,,unbekannt,false,true
8156005420362AE59184,CON,2025-12-31,BANCA IFIS S.P.A. (OVVERO IFIS BANCA S.P.A. O IN FORMA ABBREVIATA IFIS S.P.A.),Italy,Other highest EEA,13913593269.0,23173672292.0,0.6004,13913593269.0,0.0,13913593269.0,true,0.8466,0.017,0.005,0.0858,1.0,,SA,false,true
8156005C22D0BF134C40,IND,2025-12-31,BANCA POPOLARE PUGLIESE - SOCIETA' COOPERATIVA PER AZIONI,Italy,Other highest EEA,1781953.0,4926759.0,0.3617,1781953.0,0.0,1781953.0,true,0.8122,0.0027,0.0025,0.142,1.0,,SA,unbekannt,true
81560062CEAE87A85C80,CON,2025-12-31,AREPO BP S.P.A.,Italy,Other highest EEA,472335118.0,1814762152.0,0.2603,472335118.0,0.0,472335118.0,true,0.4378,0.029,0.2138,0.3082,1.0,,SA,unbekannt,true
81560064085A02B2B297,CON,2025-12-31,MEDIOCREDITO CENTRALE - BANCA DEL MEZZOGIORNO SPA,Italy,Other highest EEA,6521022224.0,17125892551.0,0.3808,6521022224.0,0.0,6521022224.0,true,0.861,0.0023,0.0016,0.129,1.0,,SA,unbekannt,true
815600722FAEE18D6013,CON,2025-12-31,BANCA DEL FUCINO S.P.A.,Italy,Other highest EEA,2059667583.1,5685829516.0,0.3622,2059667583.1,0.0,2059667583.1,true,0.7426,0.0011,0.0099,0.1422,1.0,,SA,unbekannt,true
8156007C053DC07AC307,IND,2025-12-31,CREDITO LOMBARDO VENETO S.P.A.,Italy,Other highest EEA,126516417.0,387844944.0,0.3262,126516417.0,0.0,126516417.0,true,0.8869,0.0024,,0.0946,1.0,,SA,unbekannt,true
8156007D348794DB1690,CON,2025-06-30,CRÉDIT AGRICOLE ITALIA S.P.A.,Italy,Large subsidiaries,37969626052.0,95528781783.0,0.3975,37969626052.0,0.0,37969626052.0,true,0.8576,0.0071,0.0002,0.1334,0.7693,0.2294,gemischt,false,true
8156007D348794DB1690,CON,2025-09-30,CRÉDIT AGRICOLE ITALIA S.P.A.,Italy,Large subsidiaries,37740170515.0,95080601487.0,0.3969,37740170515.0,0.0,37740170515.0,true,0.8578,0.0061,0.0003,0.1342,0.77,0.2288,gemischt,false,true
8156007D348794DB1690,CON,2025-12-31,CRÉDIT AGRICOLE ITALIA S.P.A.,Italy,Large subsidiaries,43759890367.0,97427720933.0,0.4492,43759890367.0,0.0,43759890368.0,true,0.8683,0.0061,0.0003,0.1249,0.6599,0.1931,gemischt,false,true
815600848DEFE160E913,CON,2025-12-31,IBL ISTITUTO BANCARIO DEL LAVORO S.P.A. (IN FORMA ABBREVIATA IBL BANCA),Italy,Other highest EEA,3167176127.0,10197853526.0,0.3106,3167176127.0,0.0,3167176127.0,true,0.8209,0.011,,0.1123,1.0,,SA,unbekannt,true
8156008B43CE788F4932,CON,2025-12-31,BANCA AGRICOLA POPOLARE DI SICILIA SOCIETA' COOPERATIVA PER AZIONI,Italy,Other highest EEA,2184808015.0,6307994856.0,0.3464,2184808015.0,0.0,2184808015.0,true,0.8374,0.0012,0.0002,0.1577,1.0,,SA,unbekannt,true
8156008FC57F3F707049,CON,2025-12-31,ENTE CAMBIANO SOCIETA' COOPERATIVA PER AZIONI,Italy,Other highest EEA,1690760574.0,4456126397.0,0.3794,1690760574.0,0.0,1690760574.0,true,0.8416,0.007,0.0222,0.129,1.0,,SA,unbekannt,true
815600903231FA2E7698,CON,2025-06-30,BANCA GENERALI - SOCIETA' PER AZIONI (IN FORMA ABBREVIATA GENERBANCA),Italy,Other highest EEA,5086222976.0,17570760731.0,0.2895,,,,,,,,,,,unbekannt,false,true
815600903231FA2E7698,CON,2025-12-31,BANCA GENERALI - SOCIETA' PER AZIONI (IN FORMA ABBREVIATA GENERBANCA),Italy,Other highest EEA,5464859043.0,18536646320.0,0.2948,5464859043.0,0.0,5464859043.0,true,0.5197,0.0063,0.01,0.4595,1.0,,SA,false,true
8156009F9B6BB7745A32,CON,2025-12-31,PRIVATA HOLDING S.R.L.,Italy,Other highest EEA,246349.62,491694.06,0.501,246349.62,0.0,246349.62,true,0.8942,,,0.1058,1.0,,SA,unbekannt,true
815600A029117B20DD63,CON,2025-06-30,ILLIMITY BANK S.P.A.,Italy,Other highest EEA,4546529000.0,8075276000.0,0.563,,,,,,,,,,,unbekannt,unbekannt,true
815600A32DA05F693F24,CON,2025-12-31,LA CASSA DI RAVENNA S.P.A.,Italy,Other highest EEA,2761011309.0,8280496326.0,0.3334,2761011309.0,0.0,2761011309.0,true,0.8576,0.0009,0.0002,0.1392,1.0,,SA,unbekannt,true
815600AD83B2B6317788,CON,2025-06-30,CREDITO EMILIANO HOLDING SOCIETA' PER AZIONI,Italy,Large highest EEA,22577295054.0,56006483635.0,0.4031,22577295054.0,0.0,22577295054.0,true,0.8484,0.0022,0.005,0.1393,0.407,0.593,gemischt,false,true
815600AD83B2B6317788,CON,2025-09-30,CREDITO EMILIANO HOLDING SOCIETA' PER AZIONI,Italy,Large highest EEA,22390972325.0,57215188877.0,0.3913,22390972325.0,0.0,22390972325.0,true,0.8476,0.0024,0.0038,0.1405,0.4062,0.5938,gemischt,false,true
815600AD83B2B6317788,CON,2025-12-31,CREDITO EMILIANO HOLDING SOCIETA' PER AZIONI,Italy,Large highest EEA,23568409212.0,58539785230.0,0.4026,23568409212.0,0.0,23568409212.0,true,0.8406,0.0021,0.0029,0.1485,0.4138,0.5862,gemischt,false,true
815600AD83B2B6317788,CON,2026-03-31,CREDITO EMILIANO HOLDING SOCIETA' PER AZIONI,Italy,Large highest EEA,23192588795.0,57315172222.0,0.4047,23192588795.0,0.0,23192588795.0,true,0.8365,0.002,0.0038,0.1509,0.417,0.583,gemischt,false,true
815600B43BECA3919584,IND,2025-12-31,BANCA PROMOS S.P.A.,Italy,Other highest EEA,18317761.0,44228175.0,0.4142,18317760.0,0.0,18317760.0,true,0.6396,,0.0,0.3603,1.0,,SA,unbekannt,true
815600B5C61A10BBB451,CON,2025-12-31,BANCA SISTEMA S.P.A.,Italy,Other highest EEA,1681277239.31,4230883136.0,0.3974,1705801526.81,0.014587,1705801526.81,true,0.7662,0.0152,0.0058,0.1385,1.0,,SA,unbekannt,true
815600B6B356EC776E54,IND,2025-12-31,CASSA DI RISPARMIO DI VOLTERRA S.P.A.,Italy,Other highest EEA,815411934.44,1966482690.1,0.4147,815411934.44,0.0,815411934.43,true,0.8347,0.0002,0.0004,0.1615,1.0,,SA,unbekannt,true
815600BEE9123CD92E12,CON,2025-12-31,BANCA VALSABBINA SOCIETA' COOPERATIVA PER AZIONI (IN BREVE LA VALSABBINA),Italy,Other highest EEA,3252857187.0,9497747671.0,0.3425,3252857187.0,0.0,3252857187.0,true,0.8261,,0.0225,0.1242,1.0,,SA,unbekannt,true
815600DDCE9083CAC598,IND,2025-06-30,MEDIOBANCA PREMIER S.P.A.,Italy,Large subsidiaries,3430931559.0,13822666505.0,0.2482,3430931559.0,0.0,3430931559.0,true,0.7773,0.0,0.0,0.2227,0.3173,0.6827,gemischt,false,true
815600DDCE9083CAC598,IND,2025-12-31,MEDIOBANCA PREMIER S.P.A.,Italy,Large subsidiaries,3542523372.0,14091695880.0,0.2514,3542523371.0,0.0,3542523371.0,true,0.7638,0.0,0.0,0.2362,0.3376,0.6624,gemischt,false,true
815600E4E6DCD2D25E30,CON,2025-06-30,BANCO BPM SOCIETA' PER AZIONI,Italy,Large highest EEA,64279766407.0,214804280089.0,0.2992,64279766407.0,0.0,64279766407.0,true,0.7501,0.0167,0.0234,0.1795,0.4067,0.5262,gemischt,false,true
815600E4E6DCD2D25E30,CON,2025-09-30,BANCO BPM SOCIETA' PER AZIONI,Italy,Large highest EEA,64546816288.0,219498250229.0,0.2941,64546816299.0,0.0,64546816299.0,true,0.7562,0.015,0.0227,0.1788,0.3989,0.5215,gemischt,false,true
815600E4E6DCD2D25E30,CON,2025-12-31,BANCO BPM SOCIETA' PER AZIONI,Italy,Large highest EEA,65278232381.0,204304407495.0,0.3195,65278232381.0,0.0,65278232381.0,true,0.7381,0.0183,0.0185,0.1925,0.4179,0.5001,gemischt,false,true
815600E4E6DCD2D25E30,CON,2026-03-31,BANCO BPM SOCIETA' PER AZIONI,Italy,Large highest EEA,65867288519.0,218029461877.0,0.3021,65867288520.0,0.0,65867288520.0,true,0.735,0.0225,0.0177,0.1908,0.4162,0.5097,gemischt,false,true
815600F24AE25C9D1B94,CON,2025-12-31,MAURIZIO SELLA - SOCIETA' IN ACCOMANDITA PER AZIONI,Italy,Other highest EEA,10112185226.0,25537465807.0,0.396,10112185226.0,0.0,10112185226.0,true,0.7449,0.005,0.022,0.2157,0.5744,0.4256,gemischt,unbekannt,true
815600FDD3EB3EA03194,CON,2025-12-31,BANCA POPOLARE DEL LAZIO SOCIETA' COOPERATIVA,Italy,Other highest EEA,1535236705.0,3728634482.0,0.4117,1537728686.0,0.001623,1537728686.0,true,0.867,0.0007,0.0082,0.1222,1.0,,SA,unbekannt,true
851WYGNLUQLFZBSYGB56,CON,2025-06-30,COMMERZBANK Aktiengesellschaft,Germany,Large highest EEA,176124485553.88,672701330000.0,0.2618,176124485553.88,0.0,176124485553.88,true,0.7272,0.0525,0.0442,0.1399,0.2782,0.7086,gemischt,false,true
851WYGNLUQLFZBSYGB56,CON,2025-09-30,COMMERZBANK Aktiengesellschaft,Germany,Large highest EEA,174986490000.0,679814590000.0,0.2574,174986486360.91,0.0,174986486360.92,true,0.7372,0.0409,0.0399,0.1423,0.2669,0.721,gemischt,false,true
851WYGNLUQLFZBSYGB56,CON,2025-12-31,COMMERZBANK Aktiengesellschaft,Germany,Large highest EEA,175769328187.32,678192470000.0,0.2592,175769328187.32,0.0,175769328187.31,true,0.7245,0.0398,0.0428,0.1484,0.262,0.7265,gemischt,false,true
851WYGNLUQLFZBSYGB56,CON,2026-03-31,COMMERZBANK Aktiengesellschaft,Germany,Large highest EEA,179713864698.97,691773125939.32,0.2598,179713864698.97,0.0,179713864698.98,true,0.7259,0.0423,0.0415,0.146,0.2671,0.7217,gemischt,false,true
894500N55FUZ70ZQ1784,CON,2025-12-31,Green Opera Finance Invest AB,Sweden,Other highest EEA,4441599.33,7459535.49,0.5954,4441599.33,0.0,4441599.34,true,0.9071,0.0174,0.0063,0.0646,1.0,,SA,unbekannt,true
8IBZUGJ7JPLH368JE346,IND,2025-06-30,Goldman Sachs Bank Europe SE,Germany,Large highest EEA,56582804214.92,150614863962.13,0.3757,,,,,,,,,,,unbekannt,false,true
8IBZUGJ7JPLH368JE346,IND,2025-12-31,Goldman Sachs Bank Europe SE,Germany,Large highest EEA,59331315257.12,151030951309.31,0.3928,59331315257.12,0.0,59329361213.75,true,0.1741,0.3091,0.2771,0.0798,1.0,,SA,false,true
8IBZUGJ7JPLH368JE346,IND,2026-03-31,Goldman Sachs Bank Europe SE,Germany,Large highest EEA,60200252683.96,184062306628.64,0.3271,60200252683.96,0.0,60200252683.96,true,0.2103,0.3149,0.2093,0.0909,1.0,,SA,false,true
95980020140005012943,CON,2025-12-31,"Caja Rural de Aragón, Sociedad Cooperativa de Crédito",Spain,Other highest EEA,2289289250.0,5673237116.0,0.4035,2289289250.0,0.0,2289289250.0,true,0.8797,0.0001,0.0,0.1054,1.0,,SA,unbekannt,true
95980020140005219553,IND,2025-12-31,"Caja Rural de Asturias, Sociedad Cooperativa de Crédito",Spain,Other highest EEA,2841564787.0,7493000110.0,0.3792,2841564787.0,0.0,2841564787.0,true,0.8871,0.0,0.0,0.1128,1.0,,SA,unbekannt,true
95980020140005220135,IND,2025-06-30,"Caja Rural de Granada, Sociedad Cooperativa de Crédito",Spain,Other highest EEA,3136090782.0,8246571275.0,0.3803,,,,,,,,,,,unbekannt,false,true
95980020140005220135,IND,2025-12-31,"Caja Rural de Granada, Sociedad Cooperativa de Crédito",Spain,Other highest EEA,3477781069.0,8391171507.0,0.4145,3477781069.0,0.0,3477781069.0,true,0.8888,0.0016,0.0,0.1095,1.0,,SA,false,true
95980020140005375335,CON,2025-12-31,"Caja Rural del Sur, S. Coop. de Crédito",Spain,Other highest EEA,5009051779.0,11683784201.0,0.4287,5009051779.0,0.0,5009051779.0,true,0.8903,0.0001,0.0,0.109,1.0,,SA,unbekannt,true
95980020140005439549,IND,2025-12-31,"Caja Rural de Navarra, S. Coop. de Crédito",Spain,Other highest EEA,7707715950.0,18208655204.0,0.4233,7707715950.0,0.0,7707715949.0,true,0.9129,0.0006,0.0,0.086,1.0,,SA,unbekannt,true
95980020140005484654,CON,2025-06-30,"Caja Rural de Albacete, Ciudad Real y Cuenca, Sociedad Cooperativa de Crédito",Spain,Other highest EEA,3650419369.0,9201893810.0,0.3967,,,,,,,,,,,unbekannt,false,true
95980020140005484654,CON,2025-12-31,"Caja Rural de Albacete, Ciudad Real y Cuenca, Sociedad Cooperativa de Crédito",Spain,Other highest EEA,3911382679.0,9560816056.0,0.4091,3911382679.0,0.0,3911382678.0,true,0.8798,0.0,0.0,0.1161,1.0,,SA,false,true
95980020140005552166,CON,2025-06-30,"Eurocaja Rural, Sociedad Cooperativa de Crédito",Spain,Other highest EEA,4202792046.0,10964197131.0,0.3833,,,,,,,,,,,unbekannt,false,true
95980020140005552166,CON,2025-12-31,"Eurocaja Rural, Sociedad Cooperativa de Crédito",Spain,Other highest EEA,4359638882.0,11716389676.0,0.3721,4359638882.0,0.0,4359638882.0,true,0.9038,0.0036,0.0,0.089,1.0,,SA,false,true
95980020140005658381,IND,2025-06-30,"Aresbank, S.A.",Spain,Other highest EEA,810861000.0,1378883000.0,0.5881,810861000.0,0.0,810861000.0,true,0.9341,0.0,0.0,0.0659,1.0,,SA,unbekannt,true
95980020140005881190,CON,2025-06-30,Banco de Crédito Social Cooperativo,Spain,Large highest EEA,27794865506.0,63169335721.0,0.44,27794865506.0,0.0,27794865505.0,true,0.9126,0.0009,0.0,0.0826,1.0,,SA,false,true
95980020140005881190,CON,2025-09-30,Banco de Crédito Social Cooperativo,Spain,Large highest EEA,28444076240.0,62782576480.0,0.4531,28444076240.0,0.0,28444076240.0,true,0.9134,0.0024,0.0,0.0808,1.0,,SA,false,true
95980020140005881190,CON,2025-12-31,Banco de Crédito Social Cooperativo,Spain,Large highest EEA,29173611648.0,64413250017.0,0.4529,29173611648.0,0.0,29173611648.0,true,0.904,0.0019,0.0,0.0909,1.0,,SA,false,true
95980020140005881190,CON,2026-03-31,Banco de Crédito Social Cooperativo,Spain,Large highest EEA,30190657477.0,64852302076.0,0.4655,30190657477.0,0.0,30190657476.0,true,0.9073,0.0016,0.0,0.0878,1.0,,SA,false,true
9598002AYDQER7DXLR16,CON,2025-06-30,GRUCAJRURAL INVERSIONES SL,Spain,Other highest EEA,2590690874.0,14392410305.0,0.18,,,,,,,,,,,unbekannt,unbekannt,true
959800R86KE31EAVRC30,CON,2025-12-31,LIBERTY PARTNERS S.L.U.,Spain,Other highest EEA,1720864000.0,3496562000.0,0.4922,,,,,,,,,1.0,,SA,unbekannt,true
959800VHSP2QBPNRF210,IND,2025-12-31,"Bank of Africa Europe, S.A.",Spain,Other highest EEA,326990845.0,938689362.0,0.3483,,,,,,,,,1.0,,SA,unbekannt,true
96950001WI712W7PQG45,CON,2025-06-30,RCI Banque,France,Large highest EEA,48168012836.16,75777870140.35,0.6356,48168012836.15,0.0,48168012836.15,true,0.8665,0.0032,0.023,0.1028,4.1481,0.5834,SA,false,true
96950001WI712W7PQG45,CON,2025-12-31,RCI Banque,France,Large highest EEA,48934538140.6,76346406546.99,0.641,48934538140.6,0.0,48934538140.6,true,0.8654,0.003,0.0258,0.102,0.4028,0.5972,gemischt,false,true
9695000CG7B84NLR5984,CON,2025-06-30,Confédération Nationale du Crédit Mutuel,France,Large highest EEA,369018981569.88,961143269544.73,0.3839,,,,,,,,,,,unbekannt,false,true
9695000CG7B84NLR5984,CON,2025-12-31,Confédération Nationale du Crédit Mutuel,France,Large highest EEA,378904261955.12,967636312799.7,0.3916,378904261955.12,0.0,378904261955.12,true,0.8736,0.008,0.007,0.1041,0.4707,0.4301,gemischt,false,true
9695002JOWSRCLLLNY11,CON,2025-12-31,Edmond de Rothschild (France),France,Other highest EEA,1831316040.63,4707183380.61,0.389,1831316040.63,0.0,1831316040.63,true,0.5734,0.0115,0.0007,0.4046,1.0,,SA,unbekannt,true
9695002K2HDLD20JU790,CON,2025-06-30,AGENCE FRANCE LOCALE - SOCIETE TERRITORIALE,France,Other highest EEA,477737690.64,2234533023.04,0.2138,,,,,,,,,,,unbekannt,false,true
9695002K2HDLD20JU790,CON,2025-12-31,AGENCE FRANCE LOCALE - SOCIETE TERRITORIALE,France,Other highest EEA,455524556.52,2498739438.83,0.1823,455524556.52,0.0,455524556.52,true,0.7471,0.0259,0.039,0.1016,1.0,,SA,false,true
96950041VJ1QP0B69503,CON,2025-06-30,Crédit mutuel Arkéa,France,Large subsidiaries,48901272206.41,140197084087.22,0.3488,48901272206.41,0.0,48872619055.16,true,0.9015,0.0129,0.0,0.0827,0.4969,0.4743,gemischt,false,true
96950041VJ1QP0B69503,CON,2025-09-30,Crédit mutuel Arkéa,France,Large subsidiaries,48976751000.0,135522483000.0,0.3614,48976751000.0,0.0,48086009000.0,false,0.8838,0.0131,0.0,0.0823,0.5104,0.4707,gemischt,false,true
96950041VJ1QP0B69503,CON,2025-12-31,Crédit mutuel Arkéa,France,Large subsidiaries,50611510409.71,137069712000.0,0.3692,50611510000.0,0.0,49734280000.0,false,0.8867,0.0132,0.0,0.0801,0.5132,0.4676,gemischt,false,true
96950041VJ1QP0B69503,CON,2026-03-31,Crédit mutuel Arkéa,France,Large subsidiaries,51025726774.99,139176290287.54,0.3666,51025726774.99,0.0,51025726774.99,true,0.9065,0.0121,0.0,0.0783,0.5053,0.4575,gemischt,false,true
9695007EQZDL89LUW373,CON,2025-12-31,Banque Banorient France,France,Other highest EEA,1044113535.0,2546486.04,410.0213,1044113535.0,0.0,1717417156.42,false,0.865,0.0004,0.0248,0.1098,1.0,,SA,true,false
969500A3Y5KTGJEMDZ32,CON,2026-03-31,Caisse régionale de crédit agricole mutuel du Languedoc,France,Large subsidiaries,13527529525.05,31525210413.48,0.4291,13527529525.05,0.0,13527529525.06,true,0.9056,0.0036,0.0,0.079,0.3073,0.6927,gemischt,unbekannt,true
969500A4IPKVUBH3CA90,CON,2025-12-31,Banque Delubac et Cie,France,Other highest EEA,257238.93,1130655.16,0.2275,,,,,,,,,,,unbekannt,unbekannt,true
969500AGACQ54Q3UF243,CON,2025-06-30,Caisse régionale de crédit agricole mutuel de Centre France - Crédit agricole  Centre France (3ème du nom),France,Large subsidiaries,10635682053.5,27866022008.39,0.3817,,,,,,,,,,,unbekannt,unbekannt,true
969500B5DNR7Q1ACGD23,CON,2026-03-31,Caisse régionale de crédit agricole mutuel Atlantique Vendée,France,Large subsidiaries,9038439335.0,27840677151.0,0.3246,9038439335.0,0.0,8891679959.0,false,0.8934,0.002,,0.0883,0.3008,0.6992,gemischt,unbekannt,true
969500CJCTMI93QJKK89,CON,2025-12-31,Axa banque,France,Other highest EEA,2998.88,10832.93,0.2768,2998.9,7e-06,3003.39,false,0.8913,0.0173,0.0,0.0844,1.0,,SA,unbekannt,true
969500F3KYDJBFS4XM73,IND,2025-12-31,Bank Audi France,France,Other highest EEA,491055472.67,1250937474.85,0.3925,491055472.67,0.0,491055472.67,true,0.8892,0.0002,,0.1107,1.0,,SA,unbekannt,true
969500FF9M4SBM5VHR15,CON,2025-09-30,Caisse régionale de crédit agricole mutuel Nord de France,France,Large subsidiaries,11739894452.28,32786128908.27,0.3581,11739894452.28,0.0,11739894452.28,true,0.8808,0.0043,0.0,0.0962,0.371,0.629,gemischt,false,true
969500FF9M4SBM5VHR15,CON,2026-03-31,Caisse régionale de crédit agricole mutuel Nord de France,France,Large subsidiaries,12279408164.77,33277262360.4,0.369,12279408165.0,0.0,12279408164.54,true,0.885,0.0028,0.0,0.0931,0.3635,0.6365,gemischt,false,true
969500FYEXW795NPJO79,CON,2026-03-31,Caisse régionale de crédit agricole mutuel Brie Picardie,France,Large subsidiaries,12363931073.98,33853596641.01,0.3652,12363931073.98,0.0,12363931073.98,true,0.8903,0.0019,0.0,0.0965,0.3268,0.6732,gemischt,unbekannt,true
969500GVS02SJYG9S632,CON,2025-12-31,Carrefour banque,France,Other highest EEA,1654455174.41,2544544795.19,0.6502,1654455174.4,0.0,1364264194.99,false,0.8246,0.0,,,1.0,,SA,unbekannt,true
969500LFTDNMONT2EP08,CON,2025-06-30,Caisse fédérale de crédit mutuel,France,Large subsidiaries,312605910526.51,786523546600.39,0.3975,312605910526.51,0.0,311554128882.51,false,0.8638,0.0111,0.01,0.1036,0.4716,0.446,gemischt,false,true
969500LFTDNMONT2EP08,CON,2025-09-30,Caisse fédérale de crédit mutuel,France,Large subsidiaries,312722586171.47,800307074552.5,0.3908,312722586171.47,0.0,311507317749.6,false,0.8637,0.0101,0.0103,0.1035,0.4664,0.4477,gemischt,false,true
969500LFTDNMONT2EP08,CON,2025-12-31,Caisse fédérale de crédit mutuel,France,Large subsidiaries,320012337126.57,797026214899.82,0.4015,320012337126.57,0.0,319316459697.82,false,0.8629,0.0089,0.0108,0.107,0.4675,0.4429,gemischt,false,true
969500LFTDNMONT2EP08,CON,2026-03-31,Caisse fédérale de crédit mutuel,France,Large subsidiaries,334381274680.61,846948014416.93,0.3948,334381274681.02,0.0,328854897177.65,false,0.8452,0.0089,0.0118,0.1072,0.4551,0.4555,gemischt,false,true
969500ORP9FTJYI28L37,CON,2025-06-30,Caisse régionale de crédit agricole mutuel des Savoie,France,Large subsidiaries,12114007937.95,34641272497.7,0.3497,,,,,,,,,,,unbekannt,unbekannt,true
969500PI25OKPKTD9364,CON,2026-03-31,Caisse régionale de crédit agricole mutuel de Paris et d'Ile-de-France,France,Large subsidiaries,24624959499.18,71554226754.04,0.3441,24624959499.18,0.0,24624959499.18,true,0.8793,0.006,0.0,0.0722,0.2657,0.7343,gemischt,unbekannt,true
969500STN7T9MRUMJ267,CON,2025-06-30,Bpifrance,France,Large highest EEA,94430282528.38,118875780720.47,0.7944,,,,,,,,,,,unbekannt,false,true
969500STN7T9MRUMJ267,CON,2025-12-31,Bpifrance,France,Large highest EEA,91445333689.57,120952806475.3,0.756,91445333689.57,0.0,91445333689.57,true,0.9573,0.0002,0.0078,0.0339,1.0,,SA,false,true
969500VHT1ZNPVWOYF63,CON,2025-06-30,BNP Paribas Personal Finance,France,Large subsidiaries,62974854800.0,93917992388.5,0.6705,,,,,,,,,,,unbekannt,false,true
969500VHT1ZNPVWOYF63,CON,2025-12-31,BNP Paribas Personal Finance,France,Large subsidiaries,62698959357.5,95505229464.8,0.6565,62698959357.5,0.0,62698959357.5,true,0.8936,0.0002,0.0084,0.0901,0.8989,0.1011,gemischt,false,true
969500WJ4V0WNG8Q5L42,CON,2025-06-30,Caisse régionale de crédit agricole mutuel Centre-Est,France,Large subsidiaries,14964379269.03,35880617601.17,0.4171,,,,,,,,,,,unbekannt,unbekannt,true
969500X8MO6M37C47827,CON,2025-06-30,Caisse régionale de crédit agricole mutuel d'Aquitaine,France,Large subsidiaries,13256373178.14,31618755985.1,0.4193,,,,,,,,,,,unbekannt,unbekannt,true
9845006BAF66DZ35C849,CON,2025-12-31,Lunar Group A/S,Denmark,Other highest EEA,260514781.42,1581916037.69,0.1647,,,,,,,,,1.0,,SA,unbekannt,true
9845006C7B5CC707X660,CON,2025-06-30,Swedbank Baltics AS,Latvia,Large subsidiaries,17996692000.0,49170622000.0,0.366,,,,,,,,,,,unbekannt,unbekannt,true
984500ADEE3DE4F14F51,IND,2025-12-31,Kompasbank A/S,Denmark,Other highest EEA,108991854.16,269843804.69,0.4039,108991854.16,0.0,108991854.16,true,0.8932,,0.001,0.1058,1.0,,SA,unbekannt,true
984500E4D07499C10435,CON,2025-12-31,TBI FINANCIAL SERVICES B.V.,Netherlands,Other highest EEA,1449.73,2207.16,0.6568,1449.73,0.0,1449.73,true,0.9324,0.0091,0.0,0.0573,1.0,,SA,unbekannt,true
9CZ7TVMR36CYD5TZBS50,CON,2025-06-30,Banque Internationale à Luxembourg,Luxembourg,Large highest EEA,10986937609.0,31763294497.74,0.3459,10986937608.9,0.0,10986937608.89,true,0.8771,0.01,0.0002,0.1045,0.3375,0.501,gemischt,false,true
9CZ7TVMR36CYD5TZBS50,CON,2025-09-30,Banque Internationale à Luxembourg,Luxembourg,Large highest EEA,11532786283.22,32034630651.85,0.36,11532786283.22,0.0,11532786283.22,true,0.8793,0.0118,0.0002,0.0996,0.8232,0.1768,gemischt,false,true
9CZ7TVMR36CYD5TZBS50,CON,2025-12-31,Banque Internationale à Luxembourg,Luxembourg,Large highest EEA,11728753025.47,32420941100.81,0.3618,11728753025.47,0.0,11728753025.47,true,0.8775,0.0131,0.0003,0.0996,0.8215,0.1785,gemischt,false,true
9CZ7TVMR36CYD5TZBS50,CON,2026-03-31,Banque Internationale à Luxembourg,Luxembourg,Large highest EEA,11695376623.09,32623479227.88,0.3585,11695376623.34,0.0,11695376623.34,true,0.8734,0.0155,0.0002,0.0999,0.8348,0.1652,gemischt,false,true
9KOGW2C2FCIOJQ7FF485,CON,2025-06-30,"Česká spořitelna, a.s.",Czech,Large subsidiaries,29071301779.9,87131299221.49,0.3336,29071301779.9,0.0,29071301779.9,true,0.8165,0.0154,0.025,0.1313,0.1529,0.6821,gemischt,false,true
9KOGW2C2FCIOJQ7FF485,CON,2025-12-31,"Česká spořitelna, a.s.",Czech,Large subsidiaries,28130725899.56,87647325556.87,0.321,28130725899.56,0.0,28130725899.56,true,0.8141,0.015,0.0047,0.1386,0.1556,0.6656,gemischt,false,true
9ZHRYM6F437SQJ6OUG95,CON,2025-06-30,Raiffeisen Bank International AG,Austria,Large highest EEA,96100209540.41,231137516831.27,0.4158,96670379471.16,0.005933,96657573751.86,true,0.6672,0.0107,0.1033,0.1891,0.4075,0.4848,gemischt,false,true
9ZHRYM6F437SQJ6OUG95,CON,2025-09-30,Raiffeisen Bank International AG,Austria,Large highest EEA,97599380538.53,239072744300.67,0.4082,97916150808.15,0.003246,97903839957.02,true,0.6745,0.0105,0.1032,0.1867,0.3806,0.5135,gemischt,false,true
9ZHRYM6F437SQJ6OUG95,CON,2025-12-31,Raiffeisen Bank International AG,Austria,Large highest EEA,100927099698.27,221527333029.85,0.4556,101260147152.65,0.0033,101246195223.65,true,0.6677,0.0112,0.1089,0.183,0.3916,0.5003,gemischt,false,true
A5GWLFH3KM7YV2SFQL84,CON,2025-06-30,Belfius Bank,Belgium,Large highest EEA,70577462012.0,187645270114.0,0.3761,70577462012.0,0.0,70577462011.0,true,0.8676,0.017,0.0218,0.084,0.38,0.62,gemischt,false,true
A5GWLFH3KM7YV2SFQL84,CON,2025-09-30,Belfius Bank,Belgium,Large highest EEA,70878494454.0,190103398876.0,0.3728,70878494454.0,0.0,70878494454.0,true,0.8695,0.0158,0.023,0.0837,0.3778,0.6222,gemischt,false,true
A5GWLFH3KM7YV2SFQL84,CON,2025-12-31,Belfius Bank,Belgium,Large highest EEA,72147771498.42,191008901385.0,0.3777,72147771498.0,0.0,72147771498.0,true,0.8736,0.0137,0.0219,0.0833,0.368,0.6218,gemischt,false,true
A5GWLFH3KM7YV2SFQL84,CON,2026-03-31,Belfius Bank,Belgium,Large highest EEA,70722076396.0,192987524459.49,0.3665,70722076396.0,0.0,70722076396.0,true,0.8711,0.0132,0.0235,0.085,0.3696,0.6282,gemischt,false,true
AT0000000000043000VB,CON,2025-12-31,VOLKSBANK WIEN AG VB,Austria,Large highest EEA,16191680000.0,33699306000.0,0.4805,16191680000.0,0.0,16191680000.0,true,0.9056,0.0005,0.0015,0.0918,1.0,,SA,unbekannt,true
B64D6Y3LBJS4ANNPCU93,CON,2025-12-31,NIBC Bank N.V.,Netherlands,Other highest EEA,6783360962.06,22636638210.0,0.2997,6783360962.06,0.0,6783360962.06,true,0.863,0.012,0.003,0.1063,0.7063,0.1677,gemischt,unbekannt,true
B81CK4ESI35472RHJ606,CON,2026-03-31,Landesbank Baden-Württemberg,Germany,Large highest EEA,89161377082.01,346237016525.16,0.2575,90320800935.01,0.013004,90320800935.02,true,0.7421,0.064,0.0464,0.0856,0.2238,0.7283,gemischt,unbekannt,true
BB3BGO3LCED63R8R9R41,CON,2025-12-31,BANK POLSKIEJ SPOLDZIELCZOSCI S.A.,Poland,Large highest EEA,1685850721.1,7270493858.38,0.2319,1685850721.34,0.0,1484041041.6,false,0.874,0.0038,,,1.0,,SA,unbekannt,true
BFXS5XCH7N0Y05NIXW11,CON,2025-06-30,ABN AMRO Bank N.V.,Netherlands,Large highest EEA,139789476483.88,448941370416.61,0.3114,139789476483.0,0.0,140072635751.0,false,0.8224,0.0429,0.0133,0.1169,0.065,0.5937,gemischt,false,true
BFXS5XCH7N0Y05NIXW11,CON,2025-09-30,ABN AMRO Bank N.V.,Netherlands,Large highest EEA,143143411806.0,463529838000.0,0.3088,143143411806.0,0.0,143384859626.23,false,0.8072,0.0552,0.0134,0.1197,0.7628,0.1418,gemischt,false,true
BFXS5XCH7N0Y05NIXW11,CON,2025-12-31,ABN AMRO Bank N.V.,Netherlands,Large highest EEA,135398079418.95,453650179731.72,0.2985,135398079418.88,0.0,135644415291.45,false,0.8004,0.051,0.0119,0.1302,0.7499,0.1485,gemischt,false,true
BFXS5XCH7N0Y05NIXW11,CON,2026-03-31,ABN AMRO Bank N.V.,Netherlands,Large highest EEA,136567182393.66,503717841977.85,0.2711,136567182393.66,0.0,136808268744.84,false,0.7911,0.0595,0.0144,0.1291,0.747,0.1478,gemischt,false,true
CXUHEGU3MADZ2CEV7C11,CON,2025-12-31,Eurobank Limited,Cyprus,Large subsidiaries,8616771126.9,29034406498.81,0.2968,8616771126.9,0.0,8616771126.9,true,0.8228,0.0153,0.0031,0.1385,1.0,,SA,unbekannt,true
DG3RU1DBUFHT4ZF9WN62,CON,2025-12-31,Coöperatieve Rabobank U.A.,Netherlands,Large highest EEA,239223349591.73,683774802358.88,0.3499,239223349591.73,0.0,239223349591.72,true,0.8394,0.0152,0.0102,0.1243,0.2168,0.6262,gemischt,false,true
DG3RU1DBUFHT4ZF9WN62,CON,2026-03-31,Coöperatieve Rabobank U.A.,Netherlands,Large highest EEA,245710821840.06,704571858365.97,0.3487,245710821840.06,0.0,245710821840.06,true,0.8412,0.0144,0.0124,0.1211,0.2307,0.6197,gemischt,false,true
DIZES5CFO5K3I5R58746,CON,2025-06-30,Landesbank Hessen-Thüringen Girozentrale,Germany,Large highest EEA,56501333259.29,191322600856.55,0.2953,56703108278.01,0.003571,56703108278.01,true,0.7181,0.0184,0.0961,0.0915,0.2051,0.7191,gemischt,false,true
DIZES5CFO5K3I5R58746,CON,2025-09-30,Landesbank Hessen-Thüringen Girozentrale,Germany,Large highest EEA,55977048701.66,185408057321.15,0.3019,56192403628.03,0.003847,56192403628.03,true,0.7263,0.0169,0.088,0.0923,0.197,0.7265,gemischt,false,true
DIZES5CFO5K3I5R58746,CON,2025-12-31,Landesbank Hessen-Thüringen Girozentrale,Germany,Large highest EEA,55982396696.63,188411801986.24,0.2971,56264215424.44,0.005034,56264215424.44,true,0.7291,0.0169,0.0919,0.0922,0.1988,0.7208,gemischt,false,true
DIZES5CFO5K3I5R58746,CON,2026-03-31,Landesbank Hessen-Thüringen Girozentrale,Germany,Large highest EEA,57557731207.13,194353756663.32,0.2961,57868167799.51,0.005393,57868167799.5,true,0.7355,0.0162,0.0914,0.0892,0.1908,0.731,gemischt,false,true
DSNHHQ2B9X5N6OUJ1236,CON,2025-12-31,Norddeutsche Landesbank - Girozentrale -,Germany,Large highest EEA,40937535230.79,122850247406.49,0.3332,40937535230.79,0.0,40937535230.78,true,0.791,0.0164,0.0312,0.1173,0.105,0.8721,gemischt,false,true
DSNHHQ2B9X5N6OUJ1236,CON,2026-03-31,Norddeutsche Landesbank - Girozentrale -,Germany,Large highest EEA,42037628755.64,126009382928.11,0.3336,42037628755.64,0.0,42037628755.64,true,0.7971,0.0168,0.0343,0.1142,0.1037,0.8433,gemischt,false,true
DZZ47B9A52ZJ6LT6VV95,CON,2025-06-30,Deutsche Pfandbriefbank AG,Germany,Large highest EEA,17668.0,40971.0,0.4312,17668.0,0.0,17668.0,true,0.9255,0.0088,0.0071,0.0501,0.2389,0.7611,gemischt,true,false
DZZ47B9A52ZJ6LT6VV95,CON,2025-09-30,Deutsche Pfandbriefbank AG,Germany,Large highest EEA,17528.0,41991.0,0.4174,17528.0,0.0,17528.0,true,0.9223,0.0078,0.0114,0.0505,0.2417,0.7583,gemischt,true,false
DZZ47B9A52ZJ6LT6VV95,CON,2025-12-31,Deutsche Pfandbriefbank AG,Germany,Large highest EEA,17495000000.0,37173000000.0,0.4706,17495000000.0,0.0,17496000000.0,true,0.9143,0.0069,0.0128,0.0471,0.2348,0.7652,gemischt,false,true
DZZ47B9A52ZJ6LT6VV95,CON,2026-03-31,Deutsche Pfandbriefbank AG,Germany,Large highest EEA,17997000000.0,37368900000.0,0.4816,17997000000.0,0.0,17996000000.0,true,0.8961,0.0053,0.0081,0.046,0.241,0.7589,gemischt,false,true
EQYXK86SF381Q21S3020,IND,2025-06-30,Bank of America Europe Designated Activity Company,Ireland,Large highest EEA,55534292618.66,99197735454.65,0.5598,,,,,,,,,,,unbekannt,false,true
EQYXK86SF381Q21S3020,IND,2025-12-31,Bank of America Europe Designated Activity Company,Ireland,Large highest EEA,60452938405.19,113053802261.6,0.5347,60452938405.19,0.0,60452938405.19,true,0.6893,0.0529,0.0393,0.0894,1.0,,SA,false,true
EV2XZWMLLXF2QRX0CD47,CON,2025-06-30,Kommuninvest - Grupp,Sweden,Large highest EEA,302286816.0,9151927128.0,0.033,302277845.0,3e-05,429809581.0,false,,0.4921,,0.4413,,,unbekannt,false,true
EV2XZWMLLXF2QRX0CD47,CON,2025-09-30,Kommuninvest - Grupp,Sweden,Large highest EEA,276728312.0,7135137184.0,0.0388,276728312.0,0.0,400034208.0,false,0.059,0.4551,,0.4859,1.0,,SA,false,true
EV2XZWMLLXF2QRX0CD47,CON,2025-12-31,Kommuninvest - Grupp,Sweden,Large highest EEA,312844814.0,5342425402.0,0.0586,312844814.0,0.0,441405606.0,false,0.0668,0.4132,,0.52,1.0,,SA,false,true
EV2XZWMLLXF2QRX0CD47,CON,2026-03-31,Kommuninvest - Grupp,Sweden,Large highest EEA,288943560.0,9314272020.0,0.031,288943560.0,0.0,403351320.0,false,0.0425,0.4007,,0.5568,1.0,,SA,false,true
F0HUI1NY1AZMJMD8LP67,CON,2025-06-30,HSBC Continental Europe,France,Large highest EEA,67610082486.0,249202151509.82,0.2713,67609082310.25,1.5e-05,67609082310.25,true,0.736,0.0662,0.0529,0.1039,0.3632,0.5461,gemischt,false,true
F0HUI1NY1AZMJMD8LP67,CON,2025-12-31,HSBC Continental Europe,France,Large highest EEA,60303393905.0,256274519575.98,0.2353,60304411347.37,1.7e-05,60304411347.36,true,0.6896,0.0749,0.0655,0.1264,0.4164,0.5793,gemischt,false,true
F3JS33DEI6XQ4ZBPTN86,CON,2025-06-30,Skandinaviska Enskilda Banken - gruppen,Sweden,Large highest EEA,88812575281.47,344359848151.53,0.2579,88812575281.47,0.0,88812575281.56,true,0.7702,0.0257,0.032,0.1558,0.1186,0.669,gemischt,false,true
F3JS33DEI6XQ4ZBPTN86,CON,2025-09-30,Skandinaviska Enskilda Banken - gruppen,Sweden,Large highest EEA,88602804381.36,340893787453.62,0.2599,88602804381.36,0.0,88602804381.36,true,0.7753,0.0235,0.0292,0.1574,0.1219,0.6568,gemischt,false,true
F3JS33DEI6XQ4ZBPTN86,CON,2025-12-31,Skandinaviska Enskilda Banken - gruppen,Sweden,Large highest EEA,91127772413.13,306895176770.15,0.2969,91127772413.13,0.0,91127772413.22,true,0.7761,0.0228,0.0298,0.1599,0.1173,0.6493,gemischt,false,true
F3JS33DEI6XQ4ZBPTN86,CON,2026-03-31,Skandinaviska Enskilda Banken - gruppen,Sweden,Large highest EEA,92413527326.72,346199987484.26,0.2669,92413527326.72,0.0,92413527326.81,true,0.7823,0.023,0.0307,0.156,0.1177,0.6408,gemischt,false,true
FR9695005MSX1OYEMGDF,CON,2025-06-30,Groupe BPCE,France,Large highest EEA,451854407158.0,1457183023540.0,0.3101,451854407159.0,0.0,451854407159.0,true,0.8282,0.0241,0.0333,0.0959,0.4614,0.5,gemischt,false,true
FR9695005MSX1OYEMGDF,CON,2025-09-30,Groupe BPCE,France,Large highest EEA,455028806579.0,1479193692874.0,0.3076,455028806579.0,0.0,455028803988.0,true,0.8278,0.026,0.0332,0.0952,0.4595,0.5016,gemischt,false,true
FR9695005MSX1OYEMGDF,CON,2025-12-31,Groupe BPCE,France,Large highest EEA,463054190287.71,1489338876950.21,0.3109,463054190000.0,0.0,463054185477.26,true,0.8106,0.0242,0.0378,0.1098,0.4673,0.5006,gemischt,false,true
FR9695005MSX1OYEMGDF,CON,2026-03-31,Groupe BPCE,France,Large highest EEA,470806408573.07,1518893155573.38,0.31,470806408573.07,0.0,470806408379.61,true,0.8094,0.0262,0.041,0.1079,0.4563,0.5118,gemischt,false,true
G8ZTNESVNKW4NN761W05,CON,2025-06-30,ABN AMRO Clearing Bank N.V.,Netherlands,Large subsidiaries,6518050001.0,43905581229.0,0.1485,,,,,,,,,,,unbekannt,false,true
G8ZTNESVNKW4NN761W05,CON,2025-12-31,ABN AMRO Clearing Bank N.V.,Netherlands,Large subsidiaries,6694127208.0,34138147997.48,0.1961,6694127208.0,0.0,6694127208.0,true,0.1567,0.6497,0.0084,0.1822,0.7359,0.2641,gemischt,false,true
GDI8P8WHFH4PS5YTU851,CON,2025-12-31,"HAITONG BANK, S.A.",Portugal,Other highest EEA,2111653138.38,4558551891.75,0.4632,2111653138.38,0.0,2111653138.38,true,0.7197,0.0274,0.1819,0.0568,1.0,,SA,unbekannt,true
GP5DT10VX1QRQUKVBK64,CON,2026-03-31,AL Sydbank A/S,Denmark,Large highest EEA,17996.1,42951.43,0.419,17996.1,0.0,17245.11,false,0.7324,0.0058,0.0694,0.1485,0.5916,0.4084,gemischt,unbekannt,true
H0YX5LBGKDVOWCXBZ594,CON,2025-06-30,SBAB Bank AB - Grupp,Sweden,Large highest EEA,13648058821.31,60921476949.95,0.224,13648058821.31,0.0,13648058821.31,true,0.9247,0.0052,0.005,0.0506,0.0751,0.3037,gemischt,false,true
H0YX5LBGKDVOWCXBZ594,CON,2025-09-30,SBAB Bank AB - Grupp,Sweden,Large highest EEA,13643423913.82,61474141397.78,0.2219,13643423913.82,0.0,13643423913.82,true,0.9256,0.0051,0.0049,0.051,0.0651,0.3052,gemischt,false,true
H0YX5LBGKDVOWCXBZ594,CON,2025-12-31,SBAB Bank AB - Grupp,Sweden,Large highest EEA,13932486561.05,61133801255.16,0.2279,13932486561.05,0.0,13932486561.15,true,0.9234,0.0049,0.0046,0.0544,0.057,0.3063,gemischt,false,true
H0YX5LBGKDVOWCXBZ594,CON,2026-03-31,SBAB Bank AB - Grupp,Sweden,Large highest EEA,13969035611.38,61138241882.48,0.2285,13969035611.38,0.0,13969035611.38,true,0.9224,0.0053,0.0044,0.0554,0.0617,0.3113,gemischt,false,true
H8MIG1MMPR6JXUQVBM04,IND,2025-12-31,Bank BPH S.A.,Poland,Other highest EEA,574646.29,1548870.43,0.371,574646.29,0.0,574646.29,true,0.4856,0.0321,0.0,0.4823,0.3803,0.6197,gemischt,unbekannt,true
HWIPDOTRM1EKRPKYKH81,IND,2025-12-31,Northern Trust Global Services SE,Luxembourg,Other highest EEA,1418878060.73,8469568495.0,0.1675,1418878060.73,0.0,1418878060.73,true,0.3223,0.1428,0.0059,0.4798,1.0,,SA,unbekannt,true
I6SS27Q1Q3385V753S50,IND,2025-06-30,Raiffeisenlandesbank Oberösterreich Aktiengesellschaft,Austria,Large subsidiaries,27710524856.54,41017284215.56,0.6756,27710524856.54,0.0,27710524856.54,true,0.9437,0.0032,0.0028,0.0476,1.0,,SA,false,true
I6SS27Q1Q3385V753S50,IND,2025-09-30,Raiffeisenlandesbank Oberösterreich Aktiengesellschaft,Austria,Large subsidiaries,27904879850.98,40292568166.66,0.6926,27904879850.98,0.0,27904879850.98,true,0.9443,0.0032,0.0026,0.0472,1.0,,SA,false,true
I6SS27Q1Q3385V753S50,IND,2025-12-31,Raiffeisenlandesbank Oberösterreich Aktiengesellschaft,Austria,Large subsidiaries,28482389903.61,42113673886.96,0.6763,28482389903.78,0.0,28482389903.78,true,0.9425,0.0035,0.003,0.0481,1.0,,SA,false,true
I6SS27Q1Q3385V753S50,IND,2026-03-31,Raiffeisenlandesbank Oberösterreich Aktiengesellschaft,Austria,Large subsidiaries,28972010349.79,40833444632.81,0.7095,28972010349.79,0.0,28972010349.79,true,0.9427,0.0044,0.0027,0.0473,1.0,,SA,false,true
I6USJ58BDV2BO5KP3C31,CON,2025-06-30,"MONETA Money Bank, a.s.",Czech,Other highest EEA,6777435048.11,20376577381.45,0.3326,,,,,,,,,,,unbekannt,false,true
I6USJ58BDV2BO5KP3C31,CON,2025-12-31,"MONETA Money Bank, a.s.",Czech,Other highest EEA,6799675012.73,20882303684.1,0.3256,6799675012.73,0.0,6799675012.73,true,0.8798,0.0025,0.0,0.1171,1.0,,SA,false,true
J48C8PCSJVUBR8KCW529,CON,2025-06-30,BANCA POPOLARE DI SONDRIO SOCIETA' PER AZIONI,Italy,Large subsidiaries,26461108371.0,62248370174.0,0.4251,26461108371.0,0.0,26461108371.0,true,0.8619,0.0068,0.0288,0.0883,0.5465,0.4535,gemischt,false,true
J48C8PCSJVUBR8KCW529,CON,2025-09-30,BANCA POPOLARE DI SONDRIO SOCIETA' PER AZIONI,Italy,Large subsidiaries,24332992114.0,61325676996.0,0.3968,24332992114.0,0.0,24332992114.0,true,0.8548,0.0065,0.0304,0.096,0.5107,0.4893,gemischt,false,true
J4CP7MHCXR8DAQMKIL78,CON,2025-06-30,Banca Monte dei Paschi di Siena S.p.A.,Italy,Large highest EEA,45864030050.0,130050307781.0,0.3527,45864030050.0,0.0,45864030050.0,true,0.7723,0.0154,0.0452,0.149,0.3326,0.6345,gemischt,false,true
J4CP7MHCXR8DAQMKIL78,CON,2025-09-30,Banca Monte dei Paschi di Siena S.p.A.,Italy,Large highest EEA,85040102661.0,226425753550.0,0.3756,85040102664.0,0.0,85040102664.0,true,0.7631,0.022,0.0522,0.1448,0.3872,0.5935,gemischt,false,true
J4CP7MHCXR8DAQMKIL78,CON,2025-12-31,Banca Monte dei Paschi di Siena S.p.A.,Italy,Large highest EEA,87713186901.0,230373155900.0,0.3807,87713186907.0,0.0,87711565047.0,true,0.761,0.023,0.0486,0.1507,0.389,0.5796,gemischt,false,true
J4CP7MHCXR8DAQMKIL78,CON,2026-03-31,Banca Monte dei Paschi di Siena S.p.A.,Italy,Large highest EEA,89814245291.0,226364991193.0,0.3968,89814245291.0,0.0,89813103373.0,true,0.7619,0.0233,0.0523,0.1472,0.3754,0.5913,gemischt,false,true
JLS56RAMYQZECFUF2G44,CON,2025-06-30,ING Belgie,Belgium,Large subsidiaries,48214379738.93,174030220066.39,0.277,45202352286.94,0.062472,45202352286.94,true,0.8056,0.0232,0.0001,0.1549,0.0444,0.9556,IRB,unbekannt,true
JU1U6S0DG9YLT7N8ZV32,CON,2025-06-30,"Banco Comercial Português, SA",Portugal,Large highest EEA,40822846551.93,112221922155.71,0.3638,40822846551.93,0.0,40822846551.93,true,0.7657,0.0036,0.0198,0.1776,0.4404,0.4261,gemischt,false,true
JU1U6S0DG9YLT7N8ZV32,CON,2025-09-30,"Banco Comercial Português, SA",Portugal,Large highest EEA,41783884222.5,116665092320.68,0.3582,41783884222.5,0.0,41783884222.5,true,0.7752,0.0027,0.0156,0.1735,0.4396,0.4338,gemischt,false,true
JU1U6S0DG9YLT7N8ZV32,CON,2025-12-31,"Banco Comercial Português, SA",Portugal,Large highest EEA,42901543108.17,117014727829.37,0.3666,42901543108.17,0.0,42901543108.18,true,0.7832,0.0027,0.0133,0.1785,0.4373,0.445,gemischt,false,true
K8MS7FD7N5Z2WQ51AZ71,CON,2025-09-30,"Banco Bilbao Vizcaya Argentaria, S.A.",Spain,Large highest EEA,395271000000.0,871029000000.0,0.4538,395271000000.0,0.0,395259000000.0,true,0.8188,0.025,0.0432,0.0969,0.5638,0.3837,gemischt,false,true
K8MS7FD7N5Z2WQ51AZ71,CON,2025-12-31,"Banco Bilbao Vizcaya Argentaria, S.A.",Spain,Large highest EEA,397241000000.0,908869000000.0,0.4371,397241000000.0,0.0,397228000000.0,true,0.7921,0.0252,0.0462,0.1172,0.6501,0.2993,gemischt,false,true
K8MS7FD7N5Z2WQ51AZ71,CON,2026-03-31,"Banco Bilbao Vizcaya Argentaria, S.A.",Spain,Large highest EEA,408854000000.0,939629000000.0,0.4351,408854000000.0,0.0,408842000000.0,true,0.7893,0.0252,0.0514,0.1142,0.6614,0.2785,gemischt,false,true
KFUXYFTU2LHQFQZDQG45,CON,2025-06-30,Kereskedelmi és Hitelbank csoport,Hungary,Large subsidiaries,7592166014.05,15891070146.25,0.4778,7592166014.05,0.0,7592166014.05,true,0.8349,0.011,0.0,0.154,0.2401,0.6972,gemischt,false,true
KFUXYFTU2LHQFQZDQG45,CON,2025-09-30,Kereskedelmi és Hitelbank csoport,Hungary,Large subsidiaries,7540231384.27,16454577624.82,0.4582,7540231384.27,0.0,7540231384.27,true,0.8276,0.013,0.0001,0.1587,0.2563,0.678,gemischt,false,true
KFUXYFTU2LHQFQZDQG45,CON,2025-12-31,Kereskedelmi és Hitelbank csoport,Hungary,Large subsidiaries,8331820583.1,17100239345.65,0.4872,8331820583.1,0.0,8331820583.1,true,0.8299,0.0137,0.0001,0.1556,0.2701,0.6696,gemischt,false,true
KGCEPHLVVKVRZYO1T647,CON,2025-06-30,BNP Paribas Fortis,Belgium,Large subsidiaries,187839002938.75,409033049928.47,0.4592,187839002938.75,0.0,187839002938.75,true,0.8513,0.0104,0.0103,0.1207,0.5929,0.4071,gemischt,false,true
KGCEPHLVVKVRZYO1T647,CON,2025-09-30,BNP Paribas Fortis,Belgium,Large subsidiaries,184060179495.0,413657788906.2,0.445,184060179495.0,0.0,184060179495.0,true,0.8479,0.0098,0.0104,0.1232,0.586,0.414,gemischt,false,true
KGCEPHLVVKVRZYO1T647,CON,2025-12-31,BNP Paribas Fortis,Belgium,Large subsidiaries,186576219510.0,408741738668.5,0.4565,186576219510.0,0.0,186576219510.0,true,0.8509,0.0099,0.0096,0.1206,0.5875,0.4125,gemischt,false,true
KGCEPHLVVKVRZYO1T647,CON,2026-03-31,BNP Paribas Fortis,Belgium,Large subsidiaries,187863809618.75,406179645487.2,0.4625,187863809618.75,0.0,187863809618.75,true,0.8516,0.0106,0.0102,0.1198,0.5963,0.4037,gemischt,false,true
KR6LSKV3BTSJRD41IF75,CON,2025-06-30,"UniCredit Bank Czech Republic and Slovakia, a.s.",Czech,Large subsidiaries,12618348351.62,46757763213.85,0.2699,12618348351.62,0.0,12618348351.62,true,0.8303,0.0334,0.0105,0.113,0.1938,0.786,gemischt,false,true
KR6LSKV3BTSJRD41IF75,CON,2025-12-31,"UniCredit Bank Czech Republic and Slovakia, a.s.",Czech,Large subsidiaries,12899969095.48,42742213431.42,0.3018,12899969095.48,0.0,12899969095.48,true,0.8396,0.0203,0.0098,0.1184,0.1951,0.786,gemischt,false,true
KX1WK48MPD4Y2NCUIZ63,CON,2025-06-30,Natixis,France,Large subsidiaries,103479230597.53,413495988104.94,0.2503,103479230597.53,0.0,103479230597.53,true,0.5717,0.0722,0.1265,0.1676,0.3016,0.6616,gemischt,false,true
KX1WK48MPD4Y2NCUIZ63,CON,2025-12-31,Natixis,France,Large subsidiaries,106813334227.06,418558945363.58,0.2552,106813334227.06,0.0,106813333958.62,true,0.5454,0.0742,0.1475,0.1736,0.2751,0.6832,gemischt,false,true
LIU16F6VZJSD6UKHD557,CON,2025-06-30,Nykredit Realkredit A/S,Denmark,Large highest EEA,69179788854.28,260958855131.43,0.2651,69179788854.28,0.0,69179788854.28,true,0.8302,0.0133,0.0547,0.1,0.2,0.8,gemischt,false,true
LIU16F6VZJSD6UKHD557,CON,2025-09-30,Nykredit Realkredit A/S,Denmark,Large highest EEA,69021533176.92,268257544526.12,0.2573,69021533176.92,0.0,69021533176.92,true,0.8346,0.0122,0.0514,0.1002,0.2016,0.7984,gemischt,false,true
LIU16F6VZJSD6UKHD557,CON,2025-12-31,Nykredit Realkredit A/S,Denmark,Large highest EEA,69952800038.2,272337991506.53,0.2569,69952800038.2,0.0,69952800038.2,true,0.8334,0.0113,0.0498,0.1037,0.1988,0.8012,gemischt,false,true
LIU16F6VZJSD6UKHD557,CON,2026-03-31,Nykredit Realkredit A/S,Denmark,Large highest EEA,69501562261.27,272489441781.16,0.2551,,,,,,,,,0.1966,0.8034,gemischt,false,true
LOO0AWXR8GF142JCO404,CON,2025-06-30,CASSA CENTRALE BANCA - CREDITO COOPERATIVO ITALIANOSOCIETA' PER AZIONI (IN SIGLA CASSA CENTRALE BANCA),Italy,Large highest EEA,33033738750.0,93714015621.0,0.3525,33033738750.0,0.0,33033738750.0,true,0.8214,0.0018,0.0041,0.1696,1.0,,SA,false,true
LOO0AWXR8GF142JCO404,CON,2025-09-30,CASSA CENTRALE BANCA - CREDITO COOPERATIVO ITALIANOSOCIETA' PER AZIONI (IN SIGLA CASSA CENTRALE BANCA),Italy,Large highest EEA,33213390396.0,94946471507.0,0.3498,33213390396.0,0.0,33213390396.0,true,0.8218,0.0017,0.0043,0.1687,1.0,,SA,false,true
LOO0AWXR8GF142JCO404,CON,2025-12-31,CASSA CENTRALE BANCA - CREDITO COOPERATIVO ITALIANOSOCIETA' PER AZIONI (IN SIGLA CASSA CENTRALE BANCA),Italy,Large highest EEA,33611309414.0,97212206706.0,0.3458,33611309414.0,0.0,33611309414.0,true,0.8221,0.0017,0.0046,0.1682,1.0,,SA,false,true
M312WZV08Y7LYUC71685,CON,2025-06-30,Swedbank - Grupp,Sweden,Large highest EEA,79710923400.0,256000134110.0,0.3114,79710923400.0,0.0,79710923400.0,true,0.807,0.017,0.0187,0.1529,0.0808,0.6217,gemischt,false,true
M312WZV08Y7LYUC71685,CON,2025-09-30,Swedbank - Grupp,Sweden,Large highest EEA,81470251240.0,261729380640.0,0.3113,81470251240.0,0.0,81470341680.0,true,0.8129,0.0151,0.0175,0.1508,0.0863,0.6154,gemischt,false,true
M312WZV08Y7LYUC71685,CON,2025-12-31,Swedbank - Grupp,Sweden,Large highest EEA,86134436900.0,255184115940.0,0.3375,86134436900.0,0.0,86134436900.0,true,0.8093,0.0115,0.0148,0.161,0.1038,0.6034,gemischt,false,true
M312WZV08Y7LYUC71685,CON,2026-03-31,Swedbank - Grupp,Sweden,Large highest EEA,87246334320.0,265946960580.0,0.3281,87246334320.0,0.0,87246334320.0,true,0.8095,0.0123,0.0167,0.1572,0.1017,0.5983,gemischt,false,true
M6AD1Y1KW32H8THQ6F76,CON,2025-06-30,Piraeus Financial Holdings,Greece,Large highest EEA,36118554226.2,83906848260.2,0.4305,36756524251.2,0.017663,36756524251.2,true,0.8333,0.0091,0.0132,0.1057,0.9993,,SA,false,true
M6AD1Y1KW32H8THQ6F76,CON,2025-09-30,Piraeus Financial Holdings,Greece,Large highest EEA,36604471638.44,85910229730.83,0.4261,37085035925.94,0.013129,37085035925.94,true,0.8339,0.009,0.015,0.1047,0.9993,,SA,false,true
MAES062Z21O4RZ2U7M96,CON,2025-06-30,Danske Bank A/S,Denmark,Large highest EEA,108029268516.41,446971744159.47,0.2417,108029268516.41,0.0,108029268516.41,true,0.8248,0.0223,0.0412,0.1082,0.214,0.7825,gemischt,false,true
MAES062Z21O4RZ2U7M96,CON,2025-09-30,Danske Bank A/S,Denmark,Large highest EEA,106945700276.11,442790118448.35,0.2415,106945700276.11,0.0,95368096616.13,false,0.837,0.0216,0.0291,0.001,0.2108,0.7295,gemischt,false,true
MAES062Z21O4RZ2U7M96,CON,2025-12-31,Danske Bank A/S,Denmark,Large highest EEA,110067973487.21,453325622184.41,0.2428,110068023420.0,0.0,110067968831.15,true,0.8203,0.024,0.0333,0.119,0.1238,0.8762,gemischt,false,true
MAES062Z21O4RZ2U7M96,CON,2026-03-31,Danske Bank A/S,Denmark,Large highest EEA,112065815922.08,458218490314.06,0.2446,112065815922.08,0.0,112065815922.08,true,0.8198,0.0235,0.0364,0.1168,0.1314,0.7282,gemischt,false,true
MKP1B7E76TN04CD85Z79,CON,2025-06-30,BANK OCHRONY ŚRODOWISKA SA,Poland,Other highest EEA,3309243359.24,6230805100.9,0.5311,,,,,,,,,,,unbekannt,false,true
MKP1B7E76TN04CD85Z79,CON,2025-12-31,BANK OCHRONY ŚRODOWISKA SA,Poland,Other highest EEA,3381061426.05,6656066683.84,0.508,3381061426.05,0.0,3381061426.05,true,0.7984,0.019,0.041,0.1409,1.0,,SA,false,true
MMYX0N4ZEZ13Z4XCG897,IND,2025-06-30,THE BANK OF NEW YORK MELLON,Belgium,Large highest EEA,6104823362.99,55585023672.81,0.1098,,,,,,,,,,,unbekannt,false,true
MMYX0N4ZEZ13Z4XCG897,IND,2025-12-31,THE BANK OF NEW YORK MELLON,Belgium,Large highest EEA,6091849319.01,53533607615.14,0.1138,6091849319.01,0.0,6091849319.01,true,0.5429,0.061,0.02,0.346,1.0,,SA,false,true
N1FBEDJ5J41VKZLO2475,CON,2025-06-30,Citibank Europe plc,Ireland,Large highest EEA,78461783986.74,205093247419.76,0.3826,78461783986.74,0.0,78461783986.74,true,0.5813,0.0826,0.2163,0.088,1.0,,SA,false,true
N1FBEDJ5J41VKZLO2475,CON,2025-09-30,Citibank Europe plc,Ireland,Large highest EEA,78080743044.28,205799426821.88,0.3794,78080743044.28,0.0,78080743044.28,true,0.5834,0.0852,0.2108,0.0882,1.0,,SA,false,true
N4JDFKKH2FTD8RKFXO39,CON,2025-06-30,Crédit industriel et commercial - CIC,France,Large subsidiaries,155248671086.62,410506456003.73,0.3782,155248671086.62,0.0,155242723850.12,true,0.8644,0.0195,0.0145,0.085,0.284,0.5847,gemischt,false,true
N4JDFKKH2FTD8RKFXO39,CON,2025-09-30,Crédit industriel et commercial - CIC,France,Large subsidiaries,155996563487.55,423169772090.06,0.3686,155996563487.55,0.0,155911898903.18,true,0.8654,0.0176,0.0149,0.0846,0.2773,0.5871,gemischt,false,true
N4JDFKKH2FTD8RKFXO39,CON,2025-12-31,Crédit industriel et commercial - CIC,France,Large subsidiaries,160883764029.28,415313095905.81,0.3874,160883764029.28,0.0,161191467703.03,false,0.8688,0.0152,0.0164,0.0849,0.2838,0.5739,gemischt,false,true
N4JDFKKH2FTD8RKFXO39,CON,2026-03-31,Crédit industriel et commercial - CIC,France,Large subsidiaries,162642551602.46,434186637561.98,0.3746,162642551602.46,0.0,160628283426.71,false,0.8533,0.0152,0.0179,0.0838,0.2658,0.5907,gemischt,false,true
N747OI7JINV7RUUH6190,CON,2025-06-30,BPER Banca S.p.A.,Italy,Large highest EEA,55597209228.0,149894495875.0,0.3709,55603106341.0,0.000106,55603106341.0,true,0.8018,0.0087,0.0125,0.173,0.4674,0.5219,gemischt,false,true
N747OI7JINV7RUUH6190,CON,2025-09-30,BPER Banca S.p.A.,Italy,Large highest EEA,82360781232.0,217000087099.0,0.3795,82366652882.0,7.1e-05,82366652882.0,true,0.8188,0.0084,0.0161,0.1508,0.5023,0.4907,gemischt,false,true
N747OI7JINV7RUUH6190,CON,2025-12-31,BPER Banca S.p.A.,Italy,Large highest EEA,80141721578.0,214299571218.0,0.374,80147593228.0,7.3e-05,80147593228.0,true,0.8051,0.0079,0.0129,0.1667,0.4472,0.5449,gemischt,false,true
NHBDILHZTYCNBV5UYZ31,CON,2025-06-30,Svenska Handelsbanken - gruppen,Sweden,Large highest EEA,72521912532.74,312864597102.94,0.2318,72521912532.74,0.0,72521912532.74,true,0.8178,0.0091,0.0261,0.1433,0.2643,0.3701,gemischt,false,true
NHBDILHZTYCNBV5UYZ31,CON,2025-09-30,Svenska Handelsbanken - gruppen,Sweden,Large highest EEA,72491252166.5,327677159223.18,0.2212,72491252166.5,0.0,72491252166.5,true,0.8165,0.0072,0.0284,0.1445,0.2619,0.3651,gemischt,false,true
NHBDILHZTYCNBV5UYZ31,CON,2025-12-31,Svenska Handelsbanken - gruppen,Sweden,Large highest EEA,72054764087.44,295152154191.43,0.2441,72054764087.44,0.0,72054764087.44,true,0.827,0.0065,0.0237,0.14,0.2565,0.3496,gemischt,false,true
NHBDILHZTYCNBV5UYZ31,CON,2026-03-31,Svenska Handelsbanken - gruppen,Sweden,Large highest EEA,73324539618.23,324627384404.42,0.2259,73324539618.23,0.0,73324539618.23,true,0.8309,0.0075,0.0219,0.1361,0.2677,0.3468,gemischt,false,true
NMH2KF074RKAGTH4CM63,CON,2025-06-30,BNP PARIBAS BANK POLSKA S.A,Poland,Large subsidiaries,23124335007.96,43705470044.69,0.5291,23178727177.09,0.002352,23178727177.09,true,0.8306,0.0287,0.0142,0.1226,1.0,,SA,false,true
NMH2KF074RKAGTH4CM63,CON,2025-09-30,BNP PARIBAS BANK POLSKA S.A,Poland,Large subsidiaries,23320654899.43,43477640815.99,0.5364,23320654899.43,0.0,23320654899.43,true,0.8347,0.0266,0.0141,0.121,1.0,,SA,false,true
NMH2KF074RKAGTH4CM63,CON,2025-12-31,BNP PARIBAS BANK POLSKA S.A,Poland,Large subsidiaries,24572829232.6,47013120697.91,0.5227,24572829232.6,0.0,24572829232.6,true,0.8377,0.0243,0.0116,0.1232,1.0,,SA,false,true
NMH2KF074RKAGTH4CM63,CON,2026-03-31,BNP PARIBAS BANK POLSKA S.A,Poland,Large subsidiaries,23993486442.25,45467157494.28,0.5277,23993486442.25,0.0,23993486442.25,true,0.8401,0.0229,0.0121,0.1241,1.0,,SA,false,true
NNVPP80YIZGEY2314M97,CON,2025-06-30,ICCREA BANCA S.P.A. - ISTITUTO CENTRALE DEL CREDITO COOPERATIVO (IN FORMA ABBREVIATA: ICCREA BANCA S.P.A.),Italy,Large highest EEA,65026686225.0,175820159127.0,0.3698,65026686225.0,0.0,65026686225.0,true,0.8298,0.0051,0.0019,0.1541,1.0,,SA,false,true
NNVPP80YIZGEY2314M97,CON,2025-09-30,ICCREA BANCA S.P.A. - ISTITUTO CENTRALE DEL CREDITO COOPERATIVO (IN FORMA ABBREVIATA: ICCREA BANCA S.P.A.),Italy,Large highest EEA,65153286953.0,176710749576.0,0.3687,65153286953.0,0.0,65153286953.0,true,0.8334,0.004,0.0015,0.1538,1.0,,SA,false,true
NNVPP80YIZGEY2314M97,CON,2025-12-31,ICCREA BANCA S.P.A. - ISTITUTO CENTRALE DEL CREDITO COOPERATIVO (IN FORMA ABBREVIATA: ICCREA BANCA S.P.A.),Italy,Large highest EEA,66437238109.0,177013915664.0,0.3753,66437238109.0,0.0,66437238109.0,true,0.836,0.0037,0.0018,0.1514,1.0,,SA,false,true
NNVPP80YIZGEY2314M97,CON,2026-03-31,ICCREA BANCA S.P.A. - ISTITUTO CENTRALE DEL CREDITO COOPERATIVO (IN FORMA ABBREVIATA: ICCREA BANCA S.P.A.),Italy,Large highest EEA,66449066142.0,176935143084.0,0.3756,66449066142.0,0.0,66449066142.0,true,0.8363,0.0042,0.0019,0.1513,1.0,,SA,false,true
O2RNE8IBXP4R0TD8PU41,CON,2025-06-30,Société générale S.A.,France,Large highest EEA,388029000000.0,1405566000000.0,0.2761,388029000000.0,0.0,388020011770.0,true,0.7286,0.0476,0.0281,0.1626,0.4145,0.548,gemischt,false,true
O2RNE8IBXP4R0TD8PU41,CON,2025-09-30,Société générale S.A.,France,Large highest EEA,388462452240.0,1447550291340.0,0.2684,388462000000.0,1e-06,388458000000.0,true,0.7262,0.0502,0.0281,0.162,0.4199,0.5367,gemischt,false,true
O2RNE8IBXP4R0TD8PU41,CON,2025-12-31,Société générale S.A.,France,Large highest EEA,393128678680.0,1405991871690.0,0.2796,393128722750.0,0.0,379896407759.72,false,0.7351,0.0151,0.0303,0.1575,0.4153,0.2424,gemischt,false,true
O2RNE8IBXP4R0TD8PU41,CON,2026-03-31,Société générale S.A.,France,Large highest EEA,397218000000.0,1472346000000.0,0.2698,397218000000.0,0.0,397213000000.0,true,0.7349,0.0515,0.0297,0.1556,0.4331,0.5129,gemischt,false,true
P4GTT6GF1W40CVIMFR43,CON,2025-06-30,Powszechna Kasa Oszczednosci Bank Polski S.A.,Poland,Large highest EEA,64458909593.59,142403164760.1,0.4527,,,,,,,,,1.0,,SA,false,true
P4GTT6GF1W40CVIMFR43,CON,2025-09-30,Powszechna Kasa Oszczednosci Bank Polski S.A.,Poland,Large highest EEA,65720017796.91,143738993297.79,0.4572,65720017796.91,0.0,65720017796.91,true,0.8497,0.013,0.0034,0.1307,1.0,,SA,false,true
P4GTT6GF1W40CVIMFR43,CON,2025-12-31,Powszechna Kasa Oszczednosci Bank Polski S.A.,Poland,Large highest EEA,69422713829.04,151604401319.25,0.4579,69456577999.12,0.000488,69456577999.12,true,0.84,0.0122,0.0026,0.1416,1.0,,SA,false,true
P4GTT6GF1W40CVIMFR43,CON,2026-03-31,Powszechna Kasa Oszczednosci Bank Polski S.A.,Poland,Large highest EEA,70362745892.09,152278971792.54,0.4621,,,,,,,,,1.0,,SA,false,true
PQOH26KWDF7CG10L6792,CON,2025-06-30,Erste Group Bank AG,Austria,Large highest EEA,152586.36,381364.3,0.4001,153327.07,0.004854,153327.07,true,0.8024,0.0092,0.0351,0.1379,0.1998,0.604,gemischt,false,true
PQOH26KWDF7CG10L6792,CON,2025-09-30,Erste Group Bank AG,Austria,Large highest EEA,151102.83,383745.02,0.3938,151941.59,0.005551,151941.58,true,0.804,0.0088,0.0326,0.1391,0.1993,0.6035,gemischt,false,true
PRNXTNXHBI0TSY1V8P17,CON,2025-06-30,Zagrebačka banka d.d.,Croatia,Large subsidiaries,11670.0,28907.0,0.4037,11670.0,0.0,11669.0,true,0.8525,0.0043,0.0246,0.1143,1.0,,SA,false,true
PRNXTNXHBI0TSY1V8P17,CON,2025-09-30,Zagrebačka banka d.d.,Croatia,Large subsidiaries,11553.0,29849.0,0.387,11553.0,0.0,11553.0,true,0.8605,0.0038,0.0155,0.1155,1.0,,SA,false,true
PRNXTNXHBI0TSY1V8P17,CON,2025-12-31,Zagrebačka banka d.d.,Croatia,Large subsidiaries,12051.0,29663.0,0.4063,12050.0,8.3e-05,12050.0,true,0.8617,0.0033,0.0148,0.1152,1.0,,SA,false,true
PRNXTNXHBI0TSY1V8P17,CON,2026-03-31,Zagrebačka banka d.d.,Croatia,Large subsidiaries,12290.19,29399.34,0.418,,,,,,,,,1.0,,SA,false,true
PSNL19R2RXX5U3QWHI44,CON,2025-06-30,MEDIOBANCA - BANCA DI CREDITO FINANZIARIO S.P.A.,Italy,Large subsidiaries,46091580453.0,101797957255.0,0.4528,46091580453.0,0.0,46091580453.0,true,0.7963,0.0248,0.0434,0.1203,0.5194,0.4806,gemischt,false,true
PSNL19R2RXX5U3QWHI44,CON,2025-09-30,MEDIOBANCA - BANCA DI CREDITO FINANZIARIO S.P.A.,Italy,Large subsidiaries,45224205494.0,103019192790.0,0.439,45224205494.0,0.0,45224205494.0,true,0.783,0.0262,0.0506,0.1226,0.5444,0.4556,gemischt,false,true
PSNL19R2RXX5U3QWHI44,IND,2025-12-31,MEDIOBANCA - BANCA DI CREDITO FINANZIARIO S.P.A.,Italy,Large subsidiaries,34040244233.0,77913261226.0,0.4369,34040244233.0,0.0,34038622372.0,true,0.7767,0.0424,0.0622,0.0919,0.8392,0.1608,gemischt,unbekannt,true
PWEFG14QWWESISQ84C69,CON,2025-12-31,IKB Deutsche Industriebank Aktiengesellschaft,Germany,Other highest EEA,5614000000.0,15538000000.0,0.3613,5614000000.0,0.0,5614000000.0,true,0.8744,0.0107,0.0071,0.1076,0.0923,0.9077,IRB,unbekannt,true
Q5BP2UEQ48R75BOTCB92,CON,2025-06-30,"Československá obchodní banka, a.s.",Czech,Large subsidiaries,21639203358.51,95396658194.24,0.2268,,,,,,,,,,,unbekannt,unbekannt,true
QS3ZEAHRBZY9228Z0111,IND,2025-12-31,Bank Julius Baer Europe S.A.,Luxembourg,Other highest EEA,673755353.69,4638078663.03,0.1453,673755353.69,0.0,673755353.69,true,0.4291,0.0389,0.058,0.4682,1.0,,SA,unbekannt,true
R0MUWSFPU8MPRO8K5P83,CON,2025-06-30,BNP Paribas,France,Large highest EEA,788849555437.35,2604849769209.7,0.3028,788849555437.35,0.0,788849555437.35,true,0.7339,0.0596,0.038,0.1351,0.4896,0.487,gemischt,false,true
R0MUWSFPU8MPRO8K5P83,CON,2025-09-30,BNP Paribas,France,Large highest EEA,779176779685.95,2592105546760.71,0.3006,,,,,,,,,0.5004,0.4755,gemischt,false,true
R0MUWSFPU8MPRO8K5P83,CON,2025-12-31,BNP Paribas,France,Large highest EEA,779489618768.03,2565818915623.6,0.3038,779489618768.28,0.0,779489616826.78,true,0.7273,0.0515,0.0397,0.1443,0.5123,0.4708,gemischt,false,true
R0MUWSFPU8MPRO8K5P83,CON,2026-03-31,BNP Paribas,France,Large highest EEA,783898418288.01,2664341000000.0,0.2942,783898418288.01,0.0,783898418288.01,true,0.7241,0.056,0.0385,0.1435,0.5251,0.4679,gemischt,false,true
R7CQUF1DQM73HUTV1078,IND,2025-06-30,"Banque et Caisse d´Epargne de l´Etat, Luxembourg",Luxembourg,Large highest EEA,21140940858.58,60750878784.11,0.348,21140940858.57,0.0,21140940858.57,true,0.8706,0.0342,0.0172,0.0756,0.5454,0.3037,gemischt,false,true
R7CQUF1DQM73HUTV1078,IND,2025-09-30,"Banque et Caisse d´Epargne de l´Etat, Luxembourg",Luxembourg,Large highest EEA,21182316424.66,61933413168.34,0.342,21182316424.64,0.0,21182316424.64,true,0.8683,0.0368,0.0175,0.0755,0.5418,0.3069,gemischt,false,true
R7CQUF1DQM73HUTV1078,IND,2025-12-31,"Banque et Caisse d´Epargne de l´Etat, Luxembourg",Luxembourg,Large highest EEA,21604862310.46,62698224761.5,0.3446,21604862310.44,0.0,21604862310.44,true,0.8568,0.0347,0.0185,0.0882,0.54,0.3022,gemischt,false,true
RG3IZJKPYQ4H6IQPIC08,IND,2025-06-30,Addiko Bank d.d.,Croatia,Large subsidiaries,1159893956.4,2383720239.63,0.4866,,,,,,,,,,,unbekannt,false,true
RG3IZJKPYQ4H6IQPIC08,IND,2025-12-31,Addiko Bank d.d.,Croatia,Large subsidiaries,1155691796.77,2433478773.17,0.4749,1155691796.77,0.0,1155691796.77,true,0.8456,0.0118,0.0019,0.129,1.0,,SA,false,true
RRUN0TCQ1K2JDV7MXO75,CON,2025-06-30,Oberbank AG,Austria,Other highest EEA,18994.85,30800.1,0.6167,,,,,,,,,,,unbekannt,false,true
RRUN0TCQ1K2JDV7MXO75,CON,2025-12-31,Oberbank AG,Austria,Other highest EEA,19357.07,31415.96,0.6162,19357.07,0.0,19357.07,true,0.9267,0.0024,0.0003,0.0703,1.0,,SA,false,true
RY3KI4Q2655O2GIL8D68,CON,2025-12-31,BANCA INVESTIS S.P.A.,Italy,Other highest EEA,245128279.0,896636597.0,0.2734,245128279.0,0.0,245128280.0,true,0.5278,0.0211,0.0634,0.3628,1.0,,SA,unbekannt,true
SI5RG2M0WQQLZCXKRM20,CON,2025-06-30,"Banco de Sabadell, S.A.",Spain,Large highest EEA,79264557660.0,252191133800.0,0.3143,79264557660.0,0.0,79264557660.0,true,0.8262,0.0081,0.0061,0.1506,0.3233,0.5697,gemischt,false,true
SI5RG2M0WQQLZCXKRM20,CON,2025-09-30,"Banco de Sabadell, S.A.",Spain,Large highest EEA,79706678960.0,243454701700.0,0.3274,79706678960.0,0.0,79706678960.0,true,0.8286,0.007,0.0063,0.1498,0.3072,0.5571,gemischt,false,true
SI5RG2M0WQQLZCXKRM20,CON,2025-12-31,"Banco de Sabadell, S.A.",Spain,Large highest EEA,80108675910.0,245981025000.0,0.3257,80108675900.0,0.0,80108675900.0,true,0.8175,0.0068,0.0056,0.1581,0.312,0.5494,gemischt,false,true
SI5RG2M0WQQLZCXKRM20,CON,2026-03-31,"Banco de Sabadell, S.A.",Spain,Large highest EEA,80720936710.0,246610895000.0,0.3273,80720936710.0,0.0,80720936710.0,true,0.8188,0.0063,0.0068,0.1569,0.317,0.5463,gemischt,false,true
SX0CI4F7GVW5530ZMN03,IND,2025-12-31,Wells Fargo Bank International Unlimited Company,Ireland,Other highest EEA,6840264486.56,14446039137.0,0.4735,6840264486.57,0.0,6840264486.57,true,0.9167,0.0026,0.0,0.0778,1.0,,SA,unbekannt,true
TO822O0VT80V06K0FH57,CON,2025-12-31,"Caixa Geral de Depósitos, S.A.",Portugal,Large highest EEA,47952630705.92,112933096733.59,0.4246,47952630705.92,0.0,47952630705.92,true,0.814,0.0177,0.0398,0.1282,1.0,,SA,unbekannt,true
TPS0Q8GFSZF45ZZFL873,CON,2025-12-31,Société Générale Luxembourg,Luxembourg,Large subsidiaries,16533889.13,65240382.43,0.2534,16533889.13,0.0,16533889.14,true,0.6188,0.0112,0.0009,0.1506,0.1289,0.8711,gemischt,unbekannt,true
TUKDD90GPC79G1KOE162,CON,2025-06-30,Hamburg Commercial Bank AG,Germany,Large highest EEA,14739328752.75,32217174420.0,0.4575,14739328752.75,0.0,14739328752.75,true,0.8259,0.0138,0.0028,0.0868,0.4954,0.4392,gemischt,false,true
TUKDD90GPC79G1KOE162,CON,2025-09-30,Hamburg Commercial Bank AG,Germany,Large highest EEA,13968425804.94,30839516446.0,0.4529,13968425804.94,0.0,13968425804.94,true,0.8266,0.0116,0.0042,0.0916,0.4901,0.4431,gemischt,false,true
TUKDD90GPC79G1KOE162,CON,2025-12-31,Hamburg Commercial Bank AG,Germany,Large highest EEA,13054215444.93,29670746639.0,0.44,13054215444.93,0.0,13054215444.93,true,0.8155,0.0101,0.0118,0.0975,0.489,0.4515,gemischt,false,true
UAIAINAJ28P30E5GWE37,CON,2025-12-31,BGL BNP Paribas,Luxembourg,Large subsidiaries,33599188146.25,66255238913.6,0.5071,33599188146.25,0.0,33599188146.25,true,0.8727,0.0007,0.0067,0.1135,0.6573,0.3426,gemischt,unbekannt,true
UI802FYJ52XDB7N4KN18,CON,2025-06-30,BANCA NAZIONALE DEL LAVORO S.P.A. (IN FORMA CONTRATTA BNL S.P.A.),Italy,Large subsidiaries,45887872943.0,108877927604.0,0.4215,,,,,,,,,,,unbekannt,false,true
UI802FYJ52XDB7N4KN18,CON,2025-12-31,BANCA NAZIONALE DEL LAVORO S.P.A. (IN FORMA CONTRATTA BNL S.P.A.),Italy,Large subsidiaries,46573241170.0,109561913747.0,0.4251,46573241170.0,0.0,46573241170.0,true,0.8777,0.0067,,0.1068,0.2743,0.7257,gemischt,false,true
VDYMYTQGZZ6DU0912C88,CON,2025-06-30,Bayerische Landesbank,Germany,Large highest EEA,63504291286.68,270131230067.98,0.2351,63504291286.68,0.0,63504291286.68,true,0.7866,0.0304,0.036,0.128,0.0801,0.8474,gemischt,false,true
VDYMYTQGZZ6DU0912C88,CON,2025-09-30,Bayerische Landesbank,Germany,Large highest EEA,64064807922.95,261572131744.65,0.2449,64064807922.95,0.0,64064807922.95,true,0.79,0.028,0.0372,0.1269,0.1138,0.8158,gemischt,false,true
VDYMYTQGZZ6DU0912C88,CON,2025-12-31,Bayerische Landesbank,Germany,Large highest EEA,65311813925.69,261965320418.68,0.2493,65311813925.69,0.0,65311813925.69,true,0.7985,0.0257,0.037,0.1208,0.1062,0.8213,gemischt,false,true
VDYMYTQGZZ6DU0912C88,CON,2026-03-31,Bayerische Landesbank,Germany,Large highest EEA,66825620398.45,268683584339.96,0.2487,66825620398.45,0.0,66825620398.45,true,0.8062,0.026,0.0304,0.118,0.0981,0.8245,gemischt,false,true
VWMYAEQSTOPNV0SUGU82,CON,2025-06-30,"Bankinter, S.A.",Spain,Large highest EEA,43965314780.0,123997403096.0,0.3546,43965314780.0,0.0,43965314780.0,true,0.8523,0.0064,0.0159,0.1221,0.5041,0.4639,gemischt,false,true
VWMYAEQSTOPNV0SUGU82,CON,2025-12-31,"Bankinter, S.A.",Spain,Large highest EEA,45453891374.0,125191297471.0,0.3631,45453891374.0,0.0,45453891374.0,true,0.8555,0.005,0.0078,0.128,0.5161,0.453,gemischt,false,true
VWMYAEQSTOPNV0SUGU82,CON,2026-03-31,"Bankinter, S.A.",Spain,Large highest EEA,45567287639.0,126229497746.0,0.361,45567287639.0,0.0,45567287138.0,true,0.8532,0.0053,0.01,0.1277,0.517,0.4551,gemischt,false,true
XLEZHWWOI4HFQDGL4793,CON,2025-09-30,BANK HANDLOWY W WARSZAWIE SA,Poland,Large subsidiaries,7611074008.7,21079703557.22,0.3611,7611074008.7,0.0,7611074008.7,true,0.7913,0.0303,0.0394,0.1306,1.0,,SA,false,true
XLEZHWWOI4HFQDGL4793,CON,2025-12-31,BANK HANDLOWY W WARSZAWIE SA,Poland,Large subsidiaries,7821467531.88,20874544489.5,0.3747,7821467531.88,0.0,7821467531.88,true,0.7811,0.0299,0.0437,0.137,1.0,,SA,false,true
XLEZHWWOI4HFQDGL4793,CON,2026-03-31,BANK HANDLOWY W WARSZAWIE SA,Poland,Large subsidiaries,8021350540.11,22863903145.18,0.3508,,,,,,,,,1.0,,SA,false,true
XTC5E2QFTEF0435JWL77,CON,2025-12-31,Nederlandse Financierings-Maatschappij voor Ontwikkelingslanden N.V.,Netherlands,Other highest EEA,14034324445.52,12057955881.95,1.1639,14034324445.52,0.0,14034324445.53,true,0.7757,0.0015,0.1688,0.0429,1.0,,SA,unbekannt,true
Y28RT6GGYJ696PMW8T44,CON,2025-12-31,UniCredit csoport,Hungary,Large subsidiaries,4724840306.8,13742680407.15,0.3438,4724840306.8,0.0,4724840306.8,true,0.8251,0.0196,0.0073,0.146,0.5928,0.3558,gemischt,unbekannt,true
