ebene,entityID,lei,scope,refPeriod,template_id,bank_name,country,trea_eur,versatz_log10,zeitreihe_faktor,decimals_deklariert,anteil_erreicht_genauigkeit,n_zellen,signale,urteil,faktor_geschaetzt
report,rs:0W2PZJM8XOY22M4GG883.CON,0W2PZJM8XOY22M4GG883,CON,2025-06-30,,DekaBank Deutsche Girozentrale,Germany,28970000000.0,0.038,1,-6.0,0.7032,2556,,unauffaellig,
report,rs:0W2PZJM8XOY22M4GG883.CON,0W2PZJM8XOY22M4GG883,CON,2025-09-30,,DekaBank Deutsche Girozentrale,Germany,28010000000.0,0.109,1,-6.0,0.9678,417,,unauffaellig,
report,rs:0W2PZJM8XOY22M4GG883.CON,0W2PZJM8XOY22M4GG883,CON,2025-12-31,,DekaBank Deutsche Girozentrale,Germany,28440000000.0,0.357,1,-6.0,0.7386,2963,,unauffaellig,
report,rs:0W2PZJM8XOY22M4GG883.CON,0W2PZJM8XOY22M4GG883,CON,2026-03-31,,DekaBank Deutsche Girozentrale,Germany,29490000000.0,0.047,1,-6.0,0.9446,422,,unauffaellig,
report,rs:0W5QHUNYV4W7GJO62R27.CON,0W5QHUNYV4W7GJO62R27,CON,2025-12-31,,HYPO TIROL BANK AG,Austria,3501000000.0,-0.466,,2.0,0.0,1933,,unauffaellig,
report,rs:1FOLRR5RWTWWI397R131.IND,1FOLRR5RWTWWI397R131,IND,2025-06-30,,Aktiebolaget Svensk Exportkredit,Sweden,8716000000.0,-0.276,1,-3.0,0.9632,1731,,unauffaellig,
report,rs:1FOLRR5RWTWWI397R131.IND,1FOLRR5RWTWWI397R131,IND,2025-09-30,,Aktiebolaget Svensk Exportkredit,Sweden,8997000000.0,-0.383,1,-3.0,0.9829,281,,unauffaellig,
report,rs:1FOLRR5RWTWWI397R131.IND,1FOLRR5RWTWWI397R131,IND,2025-12-31,,Aktiebolaget Svensk Exportkredit,Sweden,9233000000.0,0.085,1,-3.0,0.9469,1610,,unauffaellig,
report,rs:1FOLRR5RWTWWI397R131.IND,1FOLRR5RWTWWI397R131,IND,2026-03-31,,Aktiebolaget Svensk Exportkredit,Sweden,9279000000.0,-0.457,1,-3.0,0.9896,283,,unauffaellig,
report,rs:2138002PVBMEHILJ1340.IND,2138002PVBMEHILJ1340,IND,2025-12-31,,Mitsubishi UFJ Investor Services and Banking (Luxembourg) S.A.,Luxembourg,1414000000.0,-0.422,,-3.0,0.9943,169,,unauffaellig,
report,rs:21380033CFFM2V1ZCK65.CON,21380033CFFM2V1ZCK65,CON,2025-12-31,,SPARKASSE (HOLDINGS) MALTA LIMITED,Malta,185100000.0,-1.21,,-6.0,0.5862,415,,unauffaellig,
report,rs:2138004FIUXU3B2MR537.CON,2138004FIUXU3B2MR537,CON,2025-06-30,,"Caixa Económica Montepio Geral, Caixa Económica Bancária, S.A.",Portugal,8088000000.0,-0.496,1,-6.0,0.8704,1802,,unauffaellig,
report,rs:2138004FIUXU3B2MR537.CON,2138004FIUXU3B2MR537,CON,2025-09-30,,"Caixa Económica Montepio Geral, Caixa Económica Bancária, S.A.",Portugal,8105000000.0,-0.576,1,-4.0,1.0,224,,unauffaellig,
report,rs:2138004FIUXU3B2MR537.CON,2138004FIUXU3B2MR537,CON,2026-03-31,,"Caixa Económica Montepio Geral, Caixa Económica Bancária, S.A.",Portugal,8591000000.0,-0.612,1,-4.0,1.0,235,,unauffaellig,
report,rs:21380057HUGFEAF25W84.CON,21380057HUGFEAF25W84,CON,2025-06-30,,NOBA Group,Sweden,100900000000.0,0.562,1,-3.0,1.0,59,,unauffaellig,
report,rs:21380057HUGFEAF25W84.CON,21380057HUGFEAF25W84,CON,2025-12-31,,NOBA Group,Sweden,9633000000.0,-0.127,10,-3.0,0.996,1172,,unauffaellig,
report,rs:2138005M92IEIQVEL297.CON,2138005M92IEIQVEL297,CON,2025-06-30,,AS Inbank,Estonia,957000000.0,-1.492,1,-3.0,1.0,63,,unauffaellig,
report,rs:2138005M92IEIQVEL297.CON,2138005M92IEIQVEL297,CON,2025-12-31,,AS Inbank,Estonia,1045000000.0,-1.102,1,-3.0,0.9731,1024,,unauffaellig,
report,rs:2138005MGIT3X9ZTMP37.IND,2138005MGIT3X9ZTMP37,IND,2025-12-31,,Rønde Sparekasse,Denmark,53340000.0,-1.827,,-3.0,0.9646,291,,unauffaellig,
report,rs:2138007F5HA5FFJROB80.CON,2138007F5HA5FFJROB80,CON,2025-12-31,,"Akciju sabiedrība ""Rietumu Banka""",Latvia,1235000000.0,-0.565,,-3.0,0.9203,713,,unauffaellig,
report,rs:2138007JGI1M5YF7FJ53.CON,2138007JGI1M5YF7FJ53,CON,2025-12-31,,Frøs Sparekasse,Denmark,827500000.0,-0.854,,-3.0,0.9752,294,,unauffaellig,
report,rs:2138007WKF5CM2EUM824.IND,2138007WKF5CM2EUM824,IND,2025-12-31,,"Citfin, spořitelní družstvo",Czech,,-0.023,,-3.0,0.9836,325,,unauffaellig,
report,rs:213800984CWACNBY8F31.IND,213800984CWACNBY8F31,IND,2025-12-31,,Sparekassen for Nr. Nebel og Omegn,Denmark,160300000.0,-1.553,,-3.0,0.982,258,,unauffaellig,
report,rs:2138009Y59EAR7H1UO97.CON,2138009Y59EAR7H1UO97,CON,2025-06-30,,"Akciju sabiedrība ""Citadele banka""",Latvia,2608000000.0,-1.152,1,-3.0,0.9295,2336,,unauffaellig,
report,rs:2138009Y59EAR7H1UO97.CON,2138009Y59EAR7H1UO97,CON,2025-09-30,,"Akciju sabiedrība ""Citadele banka""",Latvia,2641000000.0,-1.025,1,-3.0,1.0,243,,unauffaellig,
report,rs:2138009Y59EAR7H1UO97.CON,2138009Y59EAR7H1UO97,CON,2025-12-31,,"Akciju sabiedrība ""Citadele banka""",Latvia,2716000000.0,-0.752,1,-3.0,0.932,2744,,unauffaellig,
report,rs:2138009Y59EAR7H1UO97.CON,2138009Y59EAR7H1UO97,CON,2026-03-31,,"Akciju sabiedrība ""Citadele banka""",Latvia,2743000000.0,-1.074,1,-3.0,1.0,228,,unauffaellig,
report,rs:213800A1O379I6DMCU10.IND,213800A1O379I6DMCU10,IND,2025-06-30,,APS BANK P.L.C.,Malta,1878000000.0,-1.224,1,-6.0,0.7516,1227,,unauffaellig,
report,rs:213800A1O379I6DMCU10.IND,213800A1O379I6DMCU10,IND,2025-09-30,,APS BANK P.L.C.,Malta,1907000000.0,-1.243,1,-6.0,0.9492,192,,unauffaellig,
report,rs:213800A1O379I6DMCU10.IND,213800A1O379I6DMCU10,IND,2025-12-31,,APS BANK P.L.C.,Malta,1854000000.0,-0.783,1,-6.0,0.6949,1568,,unauffaellig,
report,rs:213800A1O379I6DMCU10.IND,213800A1O379I6DMCU10,IND,2026-03-31,,APS BANK P.L.C.,Malta,1921000000.0,-1.238,1,-6.0,0.9512,205,,unauffaellig,
report,rs:213800C78WI8VFJCYR09.IND,213800C78WI8VFJCYR09,IND,2025-12-31,,Sparekassen Bredebro,Denmark,166900000.0,-1.474,,-3.0,0.9904,287,,unauffaellig,
report,rs:213800CBW4NPFP73ZK64.CON,213800CBW4NPFP73ZK64,CON,2025-12-31,,ANCORIA INVESTMENTS PLC,Cyprus,199400000.0,-1.358,,0.0,0.0,339,,unauffaellig,
report,rs:213800CQ92347ZCS9V73.CON,213800CQ92347ZCS9V73,CON,2025-12-31,,"ATLÂNTICO EUROPA, SGPS, SA",Portugal,273200000.0,-1.308,,0.0,0.3527,363,,unauffaellig,
report,rs:213800DBQIB6VBNU5C64.CON,213800DBQIB6VBNU5C64,CON,2025-06-30,,Alpha Bank S.A.,Greece,30600000000.0,-0.006,1,-6.0,0.9342,2293,,unauffaellig,
report,rs:213800DBQIB6VBNU5C64.CON,213800DBQIB6VBNU5C64,CON,2025-09-30,,Alpha Bank S.A.,Greece,30980000000.0,-0.001,1,-6.0,0.9897,289,,unauffaellig,
report,rs:213800DBQIB6VBNU5C64.CON,213800DBQIB6VBNU5C64,CON,2025-12-31,,Alpha Bank S.A.,Greece,32480000000.0,0.412,1,-6.0,0.9343,2853,,unauffaellig,
report,rs:213800GO21RWIB6O9Q29.CON,213800GO21RWIB6O9Q29,CON,2025-12-31,,Middelfart Sparekasse,Denmark,1602000000.0,-0.687,,-3.0,0.984,188,,unauffaellig,
report,rs:213800HDJ876ACJXXD05.CON,213800HDJ876ACJXXD05,CON,2025-06-30,,AIKGROUP (CY) LIMITED,Cyprus,6868000000.0,-0.803,1,2.0,0.0,1825,,unauffaellig,
report,rs:213800HDJ876ACJXXD05.CON,213800HDJ876ACJXXD05,CON,2025-09-30,,AIKGROUP (CY) LIMITED,Cyprus,7148000000.0,-0.764,1,2.0,0.0,238,,unauffaellig,
report,rs:213800JF3JFF6MMR2P36.CON,213800JF3JFF6MMR2P36,CON,2025-12-31,,Fynske Bank A/S,Denmark,732100000.0,-1.029,,2.0,0.0,905,,unauffaellig,
report,rs:213800KGF4EFNUQKAT69.CON,213800KGF4EFNUQKAT69,CON,2025-12-31,,EUROBANK S.A.,Greece,53650000000.0,0.509,,-3.0,0.9858,3070,,unauffaellig,
report,rs:213800KOJ5JSZ6ID2R91.IND,213800KOJ5JSZ6ID2R91,IND,2025-12-31,,Sparekassen Balling,Denmark,97960000.0,-1.783,,-3.0,0.9863,266,,unauffaellig,
report,rs:213800KYUPNOQPAQL758.CON,213800KYUPNOQPAQL758,CON,2025-12-31,,BANCO DE INVESTIMENTO GLOBAL S.A.,Portugal,1083000.0,-3.596,,0.0,0.0,285,versatz,verdacht,10^3
report,rs:213800M7T3CYVZ3ZRT12.CON,213800M7T3CYVZ3ZRT12,CON,2025-06-30,,Sparebanken Norge,Norway,17160000000.0,-0.988,1,-4.0,0.6779,1848,,unauffaellig,
report,rs:213800M7T3CYVZ3ZRT12.CON,213800M7T3CYVZ3ZRT12,CON,2025-09-30,,Sparebanken Norge,Norway,17970000000.0,-0.499,1,-4.0,0.9896,268,,unauffaellig,
report,rs:213800M7T3CYVZ3ZRT12.CON,213800M7T3CYVZ3ZRT12,CON,2025-12-31,,Sparebanken Norge,Norway,18030000000.0,-0.064,1,-4.0,0.886,2205,,unauffaellig,
report,rs:213800M7T3CYVZ3ZRT12.CON,213800M7T3CYVZ3ZRT12,CON,2026-03-31,,Sparebanken Norge,Norway,19120000000.0,-0.471,1,-4.0,0.9894,268,,unauffaellig,
report,rs:213800MLL4APN9UP1J53.IND,213800MLL4APN9UP1J53,IND,2025-12-31,,Rise Sparekasse,Denmark,99180000.0,-1.635,,-3.0,0.9969,293,,unauffaellig,
report,rs:213800P1P13ABO5R9V78.IND,213800P1P13ABO5R9V78,IND,2025-12-31,,Societe Generale Bank - Cyprus Ltd,Cyprus,413000.0,-4.077,,-3.0,0.7154,335,untergrenze|versatz,skaliert,10^3
report,rs:213800RENLNKMWZV8767.CON,213800RENLNKMWZV8767,CON,2025-12-31,,Lollands Bank A/S,Denmark,363200000.0,-1.249,,2.0,0.0,361,,unauffaellig,
report,rs:213800RZWHE5EUX9R444.CON,213800RZWHE5EUX9R444,CON,2025-12-31,,Luminor Holding AS,Estonia,7900000000.0,-0.196,,2.0,0.0,1919,,unauffaellig,
report,rs:213800TC9PZRBHMJW403.CON,213800TC9PZRBHMJW403,CON,2025-06-30,,MDB Group Limited,Malta,1261.0,-6.978,1,-6.0,0.1333,1476,untergrenze|versatz,skaliert,10^6
report,rs:213800TC9PZRBHMJW403.CON,213800TC9PZRBHMJW403,CON,2025-09-30,,MDB Group Limited,Malta,1193.0,-7.308,1,-6.0,0.0,218,untergrenze|versatz|decimals,skaliert,10^6
report,rs:213800TC9PZRBHMJW403.CON,213800TC9PZRBHMJW403,CON,2025-12-31,,MDB Group Limited,Malta,1193.0,-6.74,1,-6.0,0.0,1457,untergrenze|versatz|decimals,skaliert,10^6
report,rs:213800TKOS7J5UA3ZI07.IND,213800TKOS7J5UA3ZI07,IND,2025-12-31,,EUROPE ARAB BANK SA,France,440900000.0,-1.125,,-3.0,0.9918,114,,unauffaellig,
report,rs:213800UIIZ6YSEQB5S26.CON,213800UIIZ6YSEQB5S26,CON,2025-12-31,,Clearstream Fund Centre Holding S.A.,Luxembourg,605000000.0,-1.22,,-6.0,0.7566,571,,unauffaellig,
report,rs:213800UK7516IBWZO445.IND,213800UK7516IBWZO445,IND,2025-12-31,,Borbjerg Sparekasse,Denmark,66040000.0,-1.853,,-3.0,0.9919,225,,unauffaellig,
report,rs:213800UYAHIRLZ4NSN67.IND,213800UYAHIRLZ4NSN67,IND,2025-06-30,,Lån & Spar Bank A/S,Denmark,1926000000.0,-0.955,1,-3.0,1.0,61,,unauffaellig,
report,rs:213800UYAHIRLZ4NSN67.IND,213800UYAHIRLZ4NSN67,IND,2025-12-31,,Lån & Spar Bank A/S,Denmark,2038000000.0,-0.759,1,-3.0,0.9814,1330,,unauffaellig,
report,rs:213800X3Q9LSAKRUWY91.CON,213800X3Q9LSAKRUWY91,CON,2025-06-30,,KBC Groupe,Belgium,,0.28,,-3.0,0.9827,1202,,unauffaellig,
report,rs:213800X3Q9LSAKRUWY91.CON,213800X3Q9LSAKRUWY91,CON,2025-12-31,,KBC Groupe,Belgium,,0.503,,-3.0,0.98,1287,,unauffaellig,
report,rs:213800X3Q9LSAKRUWY91.CON,213800X3Q9LSAKRUWY91,CON,2026-03-31,,KBC Groupe,Belgium,132600000000.0,0.594,,-3.0,0.9978,436,,unauffaellig,
report,rs:213800ZOI1EW481WPV90.IND,213800ZOI1EW481WPV90,IND,2025-12-31,,FCM Bank Ltd,Malta,462900000.0,-1.19,,-6.0,0.7004,237,,unauffaellig,
report,rs:22210058UCKT3BJTCN24.CON,22210058UCKT3BJTCN24,CON,2025-06-30,,OTP Luxembourg S.à r.l.,Luxembourg,7559000000.0,,1,-3.0,1.0,0,,unauffaellig,
report,rs:22210058UCKT3BJTCN24.CON,22210058UCKT3BJTCN24,CON,2025-12-31,,OTP Luxembourg S.à r.l.,Luxembourg,7881000000.0,-0.145,1,-3.0,0.9981,1926,,unauffaellig,
report,rs:222100PG81CES7H3HZ28.CON,222100PG81CES7H3HZ28,CON,2025-12-31,,Aneto S.à r.l.,Luxembourg,1617000000.0,-0.213,,-3.0,0.9971,293,,unauffaellig,
report,rs:222100V03Y766EM5TZ83.IND,222100V03Y766EM5TZ83,IND,2025-12-31,,Brown Brothers Harriman (Luxembourg) S.C.A.,Luxembourg,382600000.0,-1.266,,-6.0,0.788,152,,unauffaellig,
report,rs:2534005A84927EKSR789.CON,2534005A84927EKSR789,CON,2025-12-31,,Signet Bank AS,Latvia,378300000.0,-1.378,,2.0,0.0,385,,unauffaellig,
report,rs:254900RNFMDM0P11YR84.CON,254900RNFMDM0P11YR84,CON,2025-06-30,,Atlantic Lux HoldCo S.à r.l.,Luxembourg,13310000000.0,-0.18,1,-6.0,0.9089,1883,,unauffaellig,
report,rs:254900RNFMDM0P11YR84.CON,254900RNFMDM0P11YR84,CON,2025-09-30,,Atlantic Lux HoldCo S.à r.l.,Luxembourg,12830000000.0,-0.297,1,-6.0,0.9887,351,,unauffaellig,
report,rs:254900WR3I1Z9NPC7D84.CON,254900WR3I1Z9NPC7D84,CON,2025-12-31,,Kvika banki hf.,Iceland,1268000000.0,-0.849,,2.0,0.0,404,,unauffaellig,
report,rs:2594000ZNGGQZXZKXH36.CON,2594000ZNGGQZXZKXH36,CON,2025-12-31,,VELOBANK SA,Poland,3584000000.0,-0.273,,-6.0,0.7461,426,,unauffaellig,
report,rs:259400BILZFH923Q1N56.IND,259400BILZFH923Q1N56,IND,2025-12-31,,WARMINSKO - MAZURSKI BANK SPOLDZIELCZY,Poland,143100000.0,-1.685,,0.0,0.0,272,,unauffaellig,
report,rs:259400DAAAR5M4A6SI23.IND,259400DAAAR5M4A6SI23,IND,2025-12-31,,Bank Pocztowy S.A.,Poland,789100000.0,-0.876,,0.0,0.0,443,,unauffaellig,
report,rs:259400DZXF7UJKK2AY35.CON,259400DZXF7UJKK2AY35,CON,2025-06-30,,mBank S.A.,Poland,28060000000.0,-0.206,1,-6.0,0.7436,2221,,unauffaellig,
report,rs:259400DZXF7UJKK2AY35.CON,259400DZXF7UJKK2AY35,CON,2025-09-30,,mBank S.A.,Poland,28370000000.0,-0.11,1,-6.0,0.983,351,,unauffaellig,
report,rs:259400DZXF7UJKK2AY35.CON,259400DZXF7UJKK2AY35,CON,2025-12-31,,mBank S.A.,Poland,30060000000.0,0.105,1,-6.0,0.7362,2857,,unauffaellig,
report,rs:259400DZXF7UJKK2AY35.CON,259400DZXF7UJKK2AY35,CON,2026-03-31,,mBank S.A.,Poland,31690000000.0,-0.127,1,-6.0,0.9845,385,,unauffaellig,
report,rs:259400GZKACLCASLRW25.IND,259400GZKACLCASLRW25,IND,2025-12-31,,KRAKOWSKI BANK SPOLDZIELCZY,Poland,320000000.0,-1.044,,-3.0,0.8413,307,,unauffaellig,
report,rs:259400L03ZTD1W99FZ91.IND,259400L03ZTD1W99FZ91,IND,2025-12-31,,BANK SPOLDZIELCZY W BRODNICY,Poland,286500000.0,-1.205,,0.0,0.0,355,,unauffaellig,
report,rs:259400LGXW3K0GDAG361.CON,259400LGXW3K0GDAG361,CON,2025-06-30,,Santander Bank Polska S.A.,Poland,34950000000.0,-0.029,1,0.0,0.0,2470,,unauffaellig,
report,rs:259400LGXW3K0GDAG361.CON,259400LGXW3K0GDAG361,CON,2025-09-30,,Santander Bank Polska S.A.,Poland,34870000000.0,0.177,1,0.0,0.0,248,,unauffaellig,
report,rs:259400LGXW3K0GDAG361.CON,259400LGXW3K0GDAG361,CON,2025-12-31,,Santander Bank Polska S.A.,Poland,31430000000.0,0.225,1,0.0,0.0,3427,,unauffaellig,
report,rs:259400LGXW3K0GDAG361.CON,259400LGXW3K0GDAG361,CON,2026-03-31,,Santander Bank Polska S.A.,Poland,32530000000.0,0.129,1,0.0,0.0,258,,unauffaellig,
report,rs:259400OFDZ9KPZEO8K78.CON,259400OFDZ9KPZEO8K78,CON,2025-06-30,,BANK MILLENNIUM SA,Poland,51110000000.0,0.232,,-3.0,0.9984,576,,unauffaellig,
report,rs:259400P9KF07OP2K5P83.IND,259400P9KF07OP2K5P83,IND,2025-06-30,,SGB-Bank S.A.,Poland,1461.0,,,-6.0,0.0,0,untergrenze|decimals,skaliert,
report,rs:259400QHDOZWMJ103294.CON,259400QHDOZWMJ103294,CON,2025-06-30,,ALIOR BANK S.A.,Poland,13790000000.0,,1,-6.0,0.6899,0,,unauffaellig,
report,rs:259400QHDOZWMJ103294.CON,259400QHDOZWMJ103294,CON,2025-12-31,,ALIOR BANK S.A.,Poland,14130000000.0,0.115,1,-6.0,0.9107,1536,,unauffaellig,
report,rs:259400WNAOMT2E4OIS38.CON,259400WNAOMT2E4OIS38,CON,2025-12-31,,NEST BANK S.A.,Poland,745900.0,-3.779,,-6.0,0.0657,358,untergrenze|versatz,skaliert,10^3
report,rs:259400YLRTOBISHBVX41.CON,259400YLRTOBISHBVX41,CON,2025-06-30,,ING Bank Slaski S.A.,Poland,,-0.147,,-3.0,0.9304,1894,,unauffaellig,
report,rs:259400YLRTOBISHBVX41.CON,259400YLRTOBISHBVX41,CON,2025-09-30,,ING Bank Slaski S.A.,Poland,,-0.024,,-6.0,0.9682,314,,unauffaellig,
report,rs:259400YLRTOBISHBVX41.CON,259400YLRTOBISHBVX41,CON,2025-12-31,,ING Bank Slaski S.A.,Poland,30350000000.0,0.312,,-6.0,0.818,2395,,unauffaellig,
report,rs:259400YLRTOBISHBVX41.CON,259400YLRTOBISHBVX41,CON,2026-03-31,,ING Bank Slaski S.A.,Poland,,-0.086,,-6.0,0.9739,304,,unauffaellig,
report,rs:2G5BKIC2CB69PRJH1W31.IND,2G5BKIC2CB69PRJH1W31,IND,2025-06-30,,Barclays Bank Ireland plc,Ireland,35650000000.0,0.025,1,-6.0,0.8224,2164,,unauffaellig,
report,rs:2G5BKIC2CB69PRJH1W31.IND,2G5BKIC2CB69PRJH1W31,IND,2025-09-30,,Barclays Bank Ireland plc,Ireland,37200000000.0,0.304,1,-6.0,0.9839,333,,unauffaellig,
report,rs:2G5BKIC2CB69PRJH1W31.IND,2G5BKIC2CB69PRJH1W31,IND,2025-12-31,,Barclays Bank Ireland plc,Ireland,36860000000.0,0.398,1,-6.0,0.837,2931,,unauffaellig,
report,rs:2W8N8UU78PMDQKZENC08.CON,2W8N8UU78PMDQKZENC08,CON,2025-06-30,,Intesa Sanpaolo S.p.A.,Italy,308500000000.0,0.933,1,-6.0,0.9959,4589,,unauffaellig,
report,rs:2W8N8UU78PMDQKZENC08.CON,2W8N8UU78PMDQKZENC08,CON,2025-09-30,,Intesa Sanpaolo S.p.A.,Italy,306100000000.0,1.01,1,-6.0,1.0,447,,unauffaellig,
report,rs:2W8N8UU78PMDQKZENC08.CON,2W8N8UU78PMDQKZENC08,CON,2025-12-31,,Intesa Sanpaolo S.p.A.,Italy,310200000000.0,1.219,1,-6.0,0.9878,5498,,unauffaellig,
report,rs:2W8N8UU78PMDQKZENC08.CON,2W8N8UU78PMDQKZENC08,CON,2026-03-31,,Intesa Sanpaolo S.p.A.,Italy,313500000000.0,0.94,1,-6.0,1.0,443,,unauffaellig,
report,rs:2ZCNRR8UK83OBTEK2170.CON,2ZCNRR8UK83OBTEK2170,CON,2025-06-30,,UniCredit Bank GmbH,Germany,69430000000.0,0.536,1,-6.0,0.9968,1391,,unauffaellig,
report,rs:2ZCNRR8UK83OBTEK2170.CON,2ZCNRR8UK83OBTEK2170,CON,2025-09-30,,UniCredit Bank GmbH,Germany,69310000000.0,0.529,1,-6.0,0.9914,430,,unauffaellig,
report,rs:2ZCNRR8UK83OBTEK2170.CON,2ZCNRR8UK83OBTEK2170,CON,2025-12-31,,UniCredit Bank GmbH,Germany,69130000000.0,1.003,1,-6.0,0.9957,1497,,unauffaellig,
report,rs:2ZCNRR8UK83OBTEK2170.CON,2ZCNRR8UK83OBTEK2170,CON,2026-03-31,,UniCredit Bank GmbH,Germany,71170000000.0,0.451,1,-6.0,0.978,413,,unauffaellig,
report,rs:31570010000000004460.CON,31570010000000004460,CON,2025-12-31,,Raiffeisenbank a.s.,Czech,,0.106,,2.0,0.0,713,,unauffaellig,
report,rs:31570014BNQ1Q99CNQ35.CON,31570014BNQ1Q99CNQ35,CON,2025-06-30,,PPF Financial Holdings AS,Czech,11180000000.0,,1,-3.0,1.0,0,,unauffaellig,
report,rs:31570014BNQ1Q99CNQ35.CON,31570014BNQ1Q99CNQ35,CON,2025-12-31,,PPF Financial Holdings AS,Czech,9767000000.0,0.025,1,-3.0,0.9843,407,,unauffaellig,
report,rs:3157002JBFAI478MD587.CON,3157002JBFAI478MD587,CON,2025-06-30,,"Tatra banka, a.s.",Slovakia,7813000000.0,-0.661,1,2.0,0.0,2132,,unauffaellig,
report,rs:3157002JBFAI478MD587.CON,3157002JBFAI478MD587,CON,2025-09-30,,"Tatra banka, a.s.",Slovakia,8131000000.0,-0.559,1,2.0,0.0,326,,unauffaellig,
report,rs:3157002JBFAI478MD587.CON,3157002JBFAI478MD587,CON,2025-12-31,,"Tatra banka, a.s.",Slovakia,8311000000.0,-0.184,1,2.0,0.0,1877,,unauffaellig,
report,rs:3157002JBFAI478MD587.CON,3157002JBFAI478MD587,CON,2026-03-31,,"Tatra banka, a.s.",Slovakia,8375000000.0,-0.612,1,2.0,0.0,328,,unauffaellig,
report,rs:3157006K4C7PJT790450.IND,3157006K4C7PJT790450,IND,2025-12-31,,BANCA CENTRALA COOPERATISTA CREDITCOOP,Romania,228600000.0,-2.108,,-3.0,0.917,277,versatz,unauffaellig,10^3
report,rs:315700E9POA724IWFP59.CON,315700E9POA724IWFP59,CON,2025-06-30,,J&amp;T FINANCE GROUP SE,Czech,10240000000.0,-0.563,1,-3.0,0.9592,1402,,unauffaellig,
report,rs:315700E9POA724IWFP59.CON,315700E9POA724IWFP59,CON,2025-09-30,,J&amp;T FINANCE GROUP SE,Czech,10210000000.0,-0.537,1,-3.0,1.0,225,,unauffaellig,
report,rs:315700E9POA724IWFP59.CON,315700E9POA724IWFP59,CON,2025-12-31,,J&amp;T FINANCE GROUP SE,Czech,10500000000.0,-0.11,1,-3.0,0.9692,2127,,unauffaellig,
report,rs:315700E9POA724IWFP59.CON,315700E9POA724IWFP59,CON,2026-03-31,,J&amp;T FINANCE GROUP SE,Czech,9595000000.0,-0.585,1,-3.0,1.0,241,,unauffaellig,
report,rs:315700K45LRKNGMUIW27.IND,315700K45LRKNGMUIW27,IND,2025-06-30,,"Prima banka Slovensko, a.s.",Slovakia,2381.0,-7.1,1,-3.0,0.191,745,untergrenze|versatz,skaliert,10^6
report,rs:315700K45LRKNGMUIW27.IND,315700K45LRKNGMUIW27,IND,2025-09-30,,"Prima banka Slovensko, a.s.",Slovakia,2421.0,-7.206,1,-3.0,0.2041,193,untergrenze|versatz,skaliert,10^6
report,rs:315700K45LRKNGMUIW27.IND,315700K45LRKNGMUIW27,IND,2025-12-31,,"Prima banka Slovensko, a.s.",Slovakia,2531.0,-6.632,1,-3.0,0.2482,1206,untergrenze|versatz,skaliert,10^6
report,rs:315700K45LRKNGMUIW27.IND,315700K45LRKNGMUIW27,IND,2026-03-31,,"Prima banka Slovensko, a.s.",Slovakia,2562.0,-7.233,1,-3.0,0.2116,189,untergrenze|versatz,skaliert,10^6
report,rs:39120001JPAYYPDRNN92.IND,39120001JPAYYPDRNN92,IND,2025-12-31,,Deutsche Bausparkasse Badenia Aktiengesellschaft,Germany,1265000000.0,-0.931,,-3.0,0.9076,803,,unauffaellig,
report,rs:391200EEGLNXBBCVKC73.CON,391200EEGLNXBBCVKC73,CON,2025-06-30,,Erwerbsgesellschaft der S-Finanzgruppe mbH & Co. KG,Germany,16020000000.0,0.032,1,2.0,0.0,56,,unauffaellig,
report,rs:391200EEGLNXBBCVKC73.CON,391200EEGLNXBBCVKC73,CON,2025-12-31,,Erwerbsgesellschaft der S-Finanzgruppe mbH & Co. KG,Germany,15510000000.0,-0.073,1,-4.0,0.7372,3596,,unauffaellig,
report,rs:3DM5DPGI3W6OU6GJ4N92.CON,3DM5DPGI3W6OU6GJ4N92,CON,2025-12-31,,BANCO BPI S.A.,Portugal,20590000000.0,-0.06,,-4.0,0.8063,2483,,unauffaellig,
report,rs:3H0Q3U74FVFED2SHZT16.CON,3H0Q3U74FVFED2SHZT16,CON,2025-06-30,,MBH bankcsoport,Hungary,13010000000.0,-0.365,1,-3.0,0.8567,2352,,unauffaellig,
report,rs:3H0Q3U74FVFED2SHZT16.CON,3H0Q3U74FVFED2SHZT16,CON,2025-09-30,,MBH bankcsoport,Hungary,13120000000.0,-0.319,1,-3.0,1.0,242,,unauffaellig,
report,rs:3H0Q3U74FVFED2SHZT16.CON,3H0Q3U74FVFED2SHZT16,CON,2025-12-31,,MBH bankcsoport,Hungary,14020000000.0,0.0,1,-3.0,0.8833,3027,,unauffaellig,
report,rs:3H0Q3U74FVFED2SHZT16.CON,3H0Q3U74FVFED2SHZT16,CON,2026-03-31,,MBH bankcsoport,Hungary,14780000000.0,-0.337,1,-3.0,1.0,247,,unauffaellig,
report,rs:3M5E1GQGKL17HI6CPN30.CON,3M5E1GQGKL17HI6CPN30,CON,2025-12-31,,Jyske Bank A/S,Denmark,,0.13,,-3.0,1.0,59,,unauffaellig,
report,rs:3M5E1GQGKL17HI6CPN30.CON,3M5E1GQGKL17HI6CPN30,CON,2026-03-31,,Jyske Bank A/S,Denmark,33930000000.0,0.0,,-3.0,1.0,339,,unauffaellig,
report,rs:3TK20IVIUJ8J3ZU0QE75.CON,3TK20IVIUJ8J3ZU0QE75,CON,2025-12-31,,ING Bank N.V.,Netherlands,340200000000.0,1.214,,-6.0,0.773,4820,,unauffaellig,
report,rs:485100FX5Y9YLAQLNP12.CON,485100FX5Y9YLAQLNP12,CON,2025-12-31,,Revolut Holdings Europe UAB,Lithuania,6070000000.0,-0.109,,-6.0,0.6913,1756,,unauffaellig,
report,rs:5299000F1CGJQ8NAXQ58.IND,5299000F1CGJQ8NAXQ58,IND,2025-12-31,,MERKANTI BANK LTD,Malta,18130000.0,-2.448,,-6.0,0.671,300,versatz,verdacht,10^3
report,rs:5299000PCY1EP8QJFV48.CON,5299000PCY1EP8QJFV48,CON,2025-12-31,,United Bulgarian Bank AD,Bulgaria,,-2.983,,-3.0,0.8192,610,versatz,unauffaellig,10^3
report,rs:5299000R7WZOVIFHLN21.CON,5299000R7WZOVIFHLN21,CON,2025-12-31,,BFS SozialFinanz AG,Germany,5268000000.0,-0.174,,-3.0,0.9937,284,,unauffaellig,
report,rs:5299001ADI8FLGT0GU28.IND,5299001ADI8FLGT0GU28,IND,2025-12-31,,Sparkasse KölnBonn,Germany,11040000000.0,0.121,,-4.0,0.9923,485,,unauffaellig,
report,rs:5299001PEMDU9N24CH60.CON,5299001PEMDU9N24CH60,CON,2025-12-31,,DELAVSKA HRANILNICA d.d. LJUBLJANA,Slovenia,725400000.0,-1.063,,-3.0,1.0,586,,unauffaellig,
report,rs:52990026HQOTT4AJP655.IND,52990026HQOTT4AJP655,IND,2025-12-31,,GLS Gemeinschaftsbank e.G.,Germany,6370000000.0,-0.064,,-3.0,0.9967,291,,unauffaellig,
report,rs:5299002GPCR602QYJC04.CON,5299002GPCR602QYJC04,CON,2025-06-30,,KfW Beteiligungsholding GmbH,Germany,21890000000.0,,1,-6.0,1.0,0,,unauffaellig,
report,rs:5299002GPCR602QYJC04.CON,5299002GPCR602QYJC04,CON,2025-12-31,,KfW Beteiligungsholding GmbH,Germany,23590000000.0,0.431,1,-6.0,0.8404,1930,,unauffaellig,
report,rs:52990033C5FUEN4LMC06.IND,52990033C5FUEN4LMC06,IND,2025-12-31,,BANCA POPOLARE DELL'ALTO ADIGE SOCIETA' PER AZIONI (IN TEDESCO SUDTIROLER VOLKSBANK A.G.),Italy,5551000000.0,-0.047,,-3.0,0.9722,1273,,unauffaellig,
report,rs:5299003ATVTQVPTW4735.CON,5299003ATVTQVPTW4735,CON,2025-06-30,,BTV Vier Länder Bank AG,Austria,10050000000.0,,,6.0,0.0,0,,unauffaellig,
report,rs:52990045V2BWJN669Q34.CON,52990045V2BWJN669Q34,CON,2025-12-31,,Wüstenrot Wohnungswirtschaft registrierte Genossenschaft mit beschränkter Haftung,Austria,2958000000.0,-0.826,,-3.0,0.8248,700,,unauffaellig,
report,rs:5299004R4U60UMXLSE36.IND,5299004R4U60UMXLSE36,IND,2025-12-31,,Sparkasse Karlsruhe,Germany,8563000000.0,0.008,,-4.0,0.8381,93,,unauffaellig,
report,rs:5299005743YY767PR386.IND,5299005743YY767PR386,IND,2025-12-31,,Dragsholm Sparekasse,Denmark,125200000.0,-1.54,,-3.0,0.9817,196,,unauffaellig,
report,rs:5299005OACOC1C1OFJ11.IND,5299005OACOC1C1OFJ11,IND,2025-06-30,,Raiffeisen-Landesbank Tirol AG,Austria,3729000000.0,,1,6.0,0.0,0,,unauffaellig,
report,rs:5299005OACOC1C1OFJ11.IND,5299005OACOC1C1OFJ11,IND,2025-12-31,,Raiffeisen-Landesbank Tirol AG,Austria,3492000000.0,-0.406,1,6.0,0.0,1666,,unauffaellig,
report,rs:5299005UJX6K7BQKV086.CON,5299005UJX6K7BQKV086,CON,2025-12-31,,OTP banka d.d.,Croatia,6164000000.0,-0.295,1,-3.0,0.9781,1449,,unauffaellig,
report,rs:5299005UJX6K7BQKV086.CON,5299005UJX6K7BQKV086,CON,2026-03-31,,OTP banka d.d.,Croatia,6345000000.0,-0.751,1,-3.0,1.0,168,,unauffaellig,
report,rs:52990061592SQLEJN964.IND,52990061592SQLEJN964,IND,2025-12-31,,Volksbank Mittelhessen eG,Germany,9373000000.0,0.059,,-3.0,0.9837,283,,unauffaellig,
report,rs:5299007QVIQ7IO64NX37.CON,5299007QVIQ7IO64NX37,CON,2025-09-30,,UBS Europe SE,Germany,,,,0.0,0.0,0,,unauffaellig,
report,rs:5299007S3UH5RKUYDA52.IND,5299007S3UH5RKUYDA52,IND,2025-06-30,,DEUTSCHE APOTHEKER- UND ÄRZTEBANK EG,Germany,14530000000.0,-0.305,1,-6.0,0.7816,1884,,unauffaellig,
report,rs:5299007S3UH5RKUYDA52.IND,5299007S3UH5RKUYDA52,IND,2025-09-30,,DEUTSCHE APOTHEKER- UND ÄRZTEBANK EG,Germany,14710000000.0,-0.282,1,-6.0,0.9767,341,,unauffaellig,
report,rs:5299007S3UH5RKUYDA52.IND,5299007S3UH5RKUYDA52,IND,2025-12-31,,DEUTSCHE APOTHEKER- UND ÄRZTEBANK EG,Germany,14630000000.0,0.064,1,-6.0,0.7801,2213,,unauffaellig,
report,rs:5299007S3UH5RKUYDA52.IND,5299007S3UH5RKUYDA52,IND,2026-03-31,,DEUTSCHE APOTHEKER- UND ÄRZTEBANK EG,Germany,16340000000.0,-0.327,1,-6.0,0.968,340,,unauffaellig,
report,rs:52990089LBIKLBM8YB23.IND,52990089LBIKLBM8YB23,IND,2025-12-31,,VR Bank Nord eG,Germany,4291000000.0,-0.302,,-3.0,0.9966,281,,unauffaellig,
report,rs:5299008FEH4GQXGZNP50.CON,5299008FEH4GQXGZNP50,CON,2025-12-31,,"BANCO CTT, S.A.",Portugal,1190000.0,-3.618,,-6.0,0.3388,377,versatz,verdacht,10^3
report,rs:5299008I0TO44SUINZ71.IND,5299008I0TO44SUINZ71,IND,2025-12-31,,Oldenburgische Landesbank Aktiengesellschaft,Germany,12870000000.0,-0.112,,-6.0,0.8367,3334,,unauffaellig,
report,rs:52990093INYLJNWHQ228.IND,52990093INYLJNWHQ228,IND,2025-12-31,,Volksbank eG - Die Gestalterbank,Germany,8383000000.0,0.117,,-3.0,0.9938,301,,unauffaellig,
report,rs:52990096Q5LMCH1WU462.CON,52990096Q5LMCH1WU462,CON,2025-12-31,,"Československá obchodná banka, a.s.",Slovakia,7877.0,-5.969,,-3.0,0.4139,1271,untergrenze|versatz,skaliert,10^6
report,rs:52990096Q5LMCH1WU462.CON,52990096Q5LMCH1WU462,CON,2026-03-31,,"Československá obchodná banka, a.s.",Slovakia,,,,-3.0,0.26,0,,unauffaellig,
report,rs:5299009EHB4RBGMI5828.IND,5299009EHB4RBGMI5828,IND,2025-06-30,,Raiffeisen Landesbank Kärnten und Revisionsverband eGen,Austria,1955.0,,1,6.0,0.0,0,untergrenze,skaliert,
report,rs:5299009EHB4RBGMI5828.IND,5299009EHB4RBGMI5828,IND,2025-12-31,,Raiffeisen Landesbank Kärnten und Revisionsverband eGen,Austria,2053.0,-6.622,1,6.0,0.0,1421,untergrenze|versatz,skaliert,10^6
report,rs:529900AVGYYBVL1VNQ03.IND,529900AVGYYBVL1VNQ03,IND,2025-12-31,,Kreditbanken A/S,Denmark,446.1,-7.283,,-3.0,0.0337,591,untergrenze|versatz,skaliert,10^6
report,rs:529900B4OR3PD4V3AQ57.CON,529900B4OR3PD4V3AQ57,CON,2025-12-31,,Finanzholding der Sparkasse in Bremen,Germany,6460000000.0,0.021,,-4.0,0.9932,424,,unauffaellig,
report,rs:529900B91AUH0YTEXN10.IND,529900B91AUH0YTEXN10,IND,2025-12-31,,National-Bank Aktiengesellschaft,Germany,3655000000.0,-0.225,,-3.0,0.9906,307,,unauffaellig,
report,rs:529900BHRYZ464GFD289.CON,529900BHRYZ464GFD289,CON,2025-06-30,,GRENKE AG,Germany,6932000000.0,,1,-6.0,1.0,0,,unauffaellig,
report,rs:529900BHRYZ464GFD289.CON,529900BHRYZ464GFD289,CON,2025-12-31,,GRENKE AG,Germany,7183000000.0,-0.032,1,-6.0,0.8998,1455,,unauffaellig,
report,rs:529900BI5KIGX6YLX375.CON,529900BI5KIGX6YLX375,CON,2025-12-31,,Oberösterreichische Landesbank Aktiengesellschaft,Austria,4050000.0,-3.442,,6.0,0.0,800,versatz,verdacht,10^3
report,rs:529900BIK4WRWS06MR52.IND,529900BIK4WRWS06MR52,IND,2025-12-31,,Varengold Bank AG,Germany,402300000.0,-1.052,,-3.0,0.9958,159,,unauffaellig,
report,rs:529900C3SHT3Q94H3W82.CON,529900C3SHT3Q94H3W82,CON,2025-12-31,,Bank11 Holding GmbH,Germany,3029000000.0,-0.284,,-3.0,0.9903,272,,unauffaellig,
report,rs:529900C9OP6Y0DPYSK11.IND,529900C9OP6Y0DPYSK11,IND,2025-12-31,,VR Bank RheinAhrEifel eG,Germany,5112000000.0,-0.24,,-3.0,0.9903,292,,unauffaellig,
report,rs:529900CJAJ0HDPPKUI53.IND,529900CJAJ0HDPPKUI53,IND,2025-12-31,,Nassauische Sparkasse,Germany,8299000000.0,0.01,,-4.0,0.9851,310,,unauffaellig,
report,rs:529900D5G4V6THXC5P79.IND,529900D5G4V6THXC5P79,IND,2025-06-30,,Hrvatska poštanska banka d.d.,Croatia,2632000000.0,-0.906,1,2.0,0.0,795,,unauffaellig,
report,rs:529900D5G4V6THXC5P79.IND,529900D5G4V6THXC5P79,IND,2025-09-30,,Hrvatska poštanska banka d.d.,Croatia,2700000000.0,-0.981,1,2.0,0.0,221,,unauffaellig,
report,rs:529900D5G4V6THXC5P79.IND,529900D5G4V6THXC5P79,IND,2025-12-31,,Hrvatska poštanska banka d.d.,Croatia,2814000000.0,-0.401,1,2.0,0.0,1288,,unauffaellig,
report,rs:529900DEAYRUPP22B339.CON,529900DEAYRUPP22B339,CON,2025-12-31,,Mercedes-Benz Bank AG,Germany,13170000000.0,0.073,,-6.0,0.9698,216,,unauffaellig,
report,rs:529900DPOQPLDSF3R482.CON,529900DPOQPLDSF3R482,CON,2025-12-31,,Kaiser Partner Privatbank AG,Liechtenstein,298600000.0,-1.136,,-3.0,0.978,150,,unauffaellig,
report,rs:529900DSIVJWCUQUMP41.IND,529900DSIVJWCUQUMP41,IND,2025-12-31,,AKA Ausfuhrkredit-Gesellschaft mit beschränkter Haftung,Germany,1512000000.0,-0.337,,-3.0,0.9855,336,,unauffaellig,
report,rs:529900DXTOU2U9IZDY54.IND,529900DXTOU2U9IZDY54,IND,2025-12-31,,meine Volksbank Raiffeisenbank eG,Germany,7761000000.0,0.015,,-3.0,0.9877,298,,unauffaellig,
report,rs:529900E0WY09Z3H21393.IND,529900E0WY09Z3H21393,IND,2025-12-31,,VR Bank Rhein-Neckar eG,Germany,2990000000.0,-0.439,,-3.0,0.9964,278,,unauffaellig,
report,rs:529900EKPN8EYA3AX590.IND,529900EKPN8EYA3AX590,IND,2025-06-30,,Texim Bank AD,Bulgaria,191400000.0,-2.05,1,-6.0,1.0,57,versatz,unauffaellig,10^3
report,rs:529900EKPN8EYA3AX590.IND,529900EKPN8EYA3AX590,IND,2025-12-31,,Texim Bank AD,Bulgaria,249700000.0,-1.674,1,-6.0,0.6738,983,,unauffaellig,
report,rs:529900EM0ZU25V87GD50.IND,529900EM0ZU25V87GD50,IND,2025-12-31,,ALTE LEIPZIGER Bauspar AG,Germany,327000000.0,-1.274,,-3.0,0.9905,185,,unauffaellig,
report,rs:529900FEID5L4H2T2L70.IND,529900FEID5L4H2T2L70,IND,2025-06-30,,Raiffeisen Landesbank Vorarlberg mit Revisionsverband eGen,Austria,2448.0,,1,6.0,0.0,0,untergrenze,skaliert,
report,rs:529900FEID5L4H2T2L70.IND,529900FEID5L4H2T2L70,IND,2025-12-31,,Raiffeisen Landesbank Vorarlberg mit Revisionsverband eGen,Austria,2489.0,-6.358,1,6.0,0.0,1443,untergrenze|versatz,skaliert,10^6
report,rs:529900FU4WJ2XT7BVE31.IND,529900FU4WJ2XT7BVE31,IND,2025-06-30,,LBS Landesbausparkasse Süd,Germany,11900000000.0,-0.282,,-3.0,0.8182,55,,unauffaellig,
report,rs:529900FZWXWNKF3O8394.CON,529900FZWXWNKF3O8394,CON,2025-12-31,,Sparekassen Thy,Denmark,1101000000.0,-0.749,,-3.0,0.9692,425,,unauffaellig,
report,rs:529900GGYMNGRQTDOO93.CON,529900GGYMNGRQTDOO93,CON,2025-12-31,,BNG Bank N.V.,Netherlands,10320000000.0,0.245,,-3.0,0.853,1340,,unauffaellig,
report,rs:529900GM944JT8YIRL63.IND,529900GM944JT8YIRL63,IND,2025-12-31,,Münchener Hypothekenbank eG,Germany,8986000000.0,-0.169,,-3.0,0.9804,3949,,unauffaellig,
report,rs:529900HC4LDSGK0NCJ85.IND,529900HC4LDSGK0NCJ85,IND,2025-12-31,,LBS Landesbausparkasse NordWest,Germany,8695000000.0,0.074,,-4.0,0.9962,213,,unauffaellig,
report,rs:529900HEKOENJHPNN480.CON,529900HEKOENJHPNN480,CON,2025-06-30,,Kuntarahoitus Oyj,Finland,1851000000.0,-0.305,1,-3.0,0.9967,1070,,unauffaellig,
report,rs:529900HEKOENJHPNN480.CON,529900HEKOENJHPNN480,CON,2025-12-31,,Kuntarahoitus Oyj,Finland,1815000000.0,0.168,1,-3.0,0.9974,1354,,unauffaellig,
report,rs:529900HNOAA1KXQJUQ27.CON,529900HNOAA1KXQJUQ27,CON,2025-06-30,,"DZ BANK AG Deutsche Zentral-Genossenschaftsbank, Frankfurt am Main",Germany,151500000000.0,0.713,1,2.0,0.0,2882,,unauffaellig,
report,rs:529900HNOAA1KXQJUQ27.CON,529900HNOAA1KXQJUQ27,CON,2025-09-30,,"DZ BANK AG Deutsche Zentral-Genossenschaftsbank, Frankfurt am Main",Germany,148600000000.0,0.782,1,2.0,0.0,443,,unauffaellig,
report,rs:529900HNOAA1KXQJUQ27.CON,529900HNOAA1KXQJUQ27,CON,2025-12-31,,"DZ BANK AG Deutsche Zentral-Genossenschaftsbank, Frankfurt am Main",Germany,152100000000.0,0.949,1,2.0,0.0,4720,,unauffaellig,
report,rs:529900HNOAA1KXQJUQ27.CON,529900HNOAA1KXQJUQ27,CON,2026-03-31,,"DZ BANK AG Deutsche Zentral-Genossenschaftsbank, Frankfurt am Main",Germany,157600000000.0,0.712,1,2.0,0.0,442,,unauffaellig,
report,rs:529900I1UZV70CZRAU55.CON,529900I1UZV70CZRAU55,CON,2025-06-30,,Raiffeisenbank Austria d.d.,Croatia,3108000000.0,-1.007,1,-3.0,0.9664,1666,,unauffaellig,
report,rs:529900I1UZV70CZRAU55.CON,529900I1UZV70CZRAU55,CON,2025-09-30,,Raiffeisenbank Austria d.d.,Croatia,3227000000.0,-0.923,1,-3.0,1.0,240,,unauffaellig,
report,rs:529900I1UZV70CZRAU55.CON,529900I1UZV70CZRAU55,CON,2025-12-31,,Raiffeisenbank Austria d.d.,Croatia,3271000000.0,-0.598,1,-3.0,0.9743,2163,,unauffaellig,
report,rs:529900IRBZTADXJB6757.CON,529900IRBZTADXJB6757,CON,2025-06-30,,flatexDEGIRO AG,Germany,1180000000.0,,1,-6.0,1.0,0,,unauffaellig,
report,rs:529900IRBZTADXJB6757.CON,529900IRBZTADXJB6757,CON,2025-12-31,,flatexDEGIRO AG,Germany,1480000000.0,-0.692,1,-6.0,0.6124,1466,,unauffaellig,
report,rs:529900J35NSHS856UA68.CON,529900J35NSHS856UA68,CON,2025-12-31,,Sparekassen Kronjylland,Denmark,4217000000.0,-0.227,,-3.0,0.9648,428,,unauffaellig,
report,rs:529900JCAE554QUYE140.IND,529900JCAE554QUYE140,IND,2025-12-31,,Sparkasse Westmünsterland,Germany,7631000000.0,-0.144,,-4.0,0.9803,293,,unauffaellig,
report,rs:529900JG015JC10LED24.CON,529900JG015JC10LED24,CON,2025-12-31,,AS LHV Group,Estonia,3860000000.0,-0.537,,-3.0,0.9302,1549,,unauffaellig,
report,rs:529900JRKG8AEYL65326.IND,529900JRKG8AEYL65326,IND,2025-12-31,,VR Bank Heilbronn Schwäbisch Hall eG,Germany,3110000000.0,-0.506,,-3.0,0.9737,281,,unauffaellig,
report,rs:529900JZTYE3W7WQH904.CON,529900JZTYE3W7WQH904,CON,2025-06-30,,HASPA Finanzholding,Germany,28720000000.0,-0.127,1,2.0,0.0,1861,,unauffaellig,
report,rs:529900JZTYE3W7WQH904.CON,529900JZTYE3W7WQH904,CON,2025-09-30,,HASPA Finanzholding,Germany,28900000000.0,-0.054,1,2.0,0.0,247,,unauffaellig,
report,rs:529900JZTYE3W7WQH904.CON,529900JZTYE3W7WQH904,CON,2025-12-31,,HASPA Finanzholding,Germany,30190000000.0,0.255,1,2.0,0.0,2278,,unauffaellig,
report,rs:529900JZTYE3W7WQH904.CON,529900JZTYE3W7WQH904,CON,2026-03-31,,HASPA Finanzholding,Germany,29970000000.0,-0.094,1,2.0,0.0,250,,unauffaellig,
report,rs:529900JZXXU699FCKK89.IND,529900JZXXU699FCKK89,IND,2025-06-30,,Bausparkasse Schwäbisch Hall Aktiengesellschaft - Bausparkasse der Volksbanken und Raiffeisenbanken,Germany,15220000000.0,-0.475,1,-6.0,0.7242,1061,,unauffaellig,
report,rs:529900JZXXU699FCKK89.IND,529900JZXXU699FCKK89,IND,2025-09-30,,Bausparkasse Schwäbisch Hall Aktiengesellschaft - Bausparkasse der Volksbanken und Raiffeisenbanken,Germany,14580000000.0,-0.536,1,-6.0,1.0,199,,unauffaellig,
report,rs:529900JZXXU699FCKK89.IND,529900JZXXU699FCKK89,IND,2025-12-31,,Bausparkasse Schwäbisch Hall Aktiengesellschaft - Bausparkasse der Volksbanken und Raiffeisenbanken,Germany,14550000000.0,0.07,1,-6.0,0.7437,1392,,unauffaellig,
report,rs:529900JZXXU699FCKK89.IND,529900JZXXU699FCKK89,IND,2026-03-31,,Bausparkasse Schwäbisch Hall Aktiengesellschaft - Bausparkasse der Volksbanken und Raiffeisenbanken,Germany,14610000000.0,-0.594,1,-6.0,0.9907,216,,unauffaellig,
report,rs:529900K16YGKC8BES892.IND,529900K16YGKC8BES892,IND,2025-06-30,,Deutsche Kreditbank Aktiengesellschaft,Germany,25760000000.0,-0.121,1,-6.0,0.6013,966,,unauffaellig,
report,rs:529900K16YGKC8BES892.IND,529900K16YGKC8BES892,IND,2025-09-30,,Deutsche Kreditbank Aktiengesellschaft,Germany,26650000000.0,0.068,1,-6.0,0.976,250,,unauffaellig,
report,rs:529900K16YGKC8BES892.IND,529900K16YGKC8BES892,IND,2025-12-31,,Deutsche Kreditbank Aktiengesellschaft,Germany,27860000000.0,0.268,1,-6.0,0.5747,1875,,unauffaellig,
report,rs:529900K16YGKC8BES892.IND,529900K16YGKC8BES892,IND,2026-03-31,,Deutsche Kreditbank Aktiengesellschaft,Germany,28490000000.0,0.028,1,-6.0,1.0,247,,unauffaellig,
report,rs:529900KRVTRP5RWP9K95.CON,529900KRVTRP5RWP9K95,CON,2025-12-31,,Santander Consumer Holding GmbH,Germany,24930000000.0,0.052,,-6.0,0.8257,1864,,unauffaellig,
report,rs:529900L89TGSPV9OU151.CON,529900L89TGSPV9OU151,CON,2025-12-31,,Porsche Bank Aktiengesellschaft,Austria,8133000000.0,-0.385,,2.0,0.0,311,,unauffaellig,
report,rs:529900LIZVBUANJ20E31.IND,529900LIZVBUANJ20E31,IND,2025-12-31,,BBBank eG,Germany,9445000000.0,-0.156,,-3.0,0.9968,303,,unauffaellig,
report,rs:529900LKIMB57HKF3545.CON,529900LKIMB57HKF3545,CON,2025-12-31,,Bank of China (Europe) S.A,Luxembourg,6988000000.0,-0.153,,-6.0,0.8462,1004,,unauffaellig,
report,rs:529900LU7D396TOO3B50.CON,529900LU7D396TOO3B50,CON,2025-06-30,,Raiffeisenverband Salzburg eGen,Austria,,,,6.0,0.0,0,,unauffaellig,
report,rs:529900LU7D396TOO3B50.CON,529900LU7D396TOO3B50,CON,2025-12-31,,Raiffeisenverband Salzburg eGen,Austria,5535.0,-6.107,,6.0,0.0,387,untergrenze|versatz,skaliert,10^6
report,rs:529900MQJIQGD8N3YV53.CON,529900MQJIQGD8N3YV53,CON,2025-12-31,,Hannoversche Volksbank eG,Germany,6286000000.0,-0.197,,-3.0,0.9761,293,,unauffaellig,
report,rs:529900NJYUGRO908KV84.CON,529900NJYUGRO908KV84,CON,2025-12-31,,ALLIANZ BULGARIA HOLDING,Bulgaria,1005.0,-6.682,,-6.0,0.0,309,untergrenze|versatz|decimals,skaliert,10^6
report,rs:529900NNQW9IAE32GQ07.CON,529900NNQW9IAE32GQ07,CON,2025-12-31,,GRAWE-Vermögensverwaltung,Austria,4875000000.0,-0.072,,6.0,0.0,357,,unauffaellig,
report,rs:529900ODI3047E2LIV03.CON,529900ODI3047E2LIV03,CON,2025-06-30,,Nordea Bank Abp,Finland,158600000000.0,0.614,1,-6.0,0.772,4131,,unauffaellig,
report,rs:529900ODI3047E2LIV03.CON,529900ODI3047E2LIV03,CON,2025-09-30,,Nordea Bank Abp,Finland,158400000000.0,0.753,1,-6.0,0.9956,420,,unauffaellig,
report,rs:529900ODI3047E2LIV03.CON,529900ODI3047E2LIV03,CON,2025-12-31,,Nordea Bank Abp,Finland,159700000000.0,0.903,1,-6.0,0.7812,4463,,unauffaellig,
report,rs:529900ODI3047E2LIV03.CON,529900ODI3047E2LIV03,CON,2026-03-31,,Nordea Bank Abp,Finland,162100000000.0,0.691,1,-6.0,0.9937,442,,unauffaellig,
report,rs:529900OE1FOAM50XLP72.CON,529900OE1FOAM50XLP72,CON,2025-06-30,,Liechtensteinische Landesbank AG,Liechtenstein,10760000000.0,-0.196,,-3.0,1.0,70,,unauffaellig,
report,rs:529900OKPZTTS50FXP26.IND,529900OKPZTTS50FXP26,IND,2025-12-31,,Advanzia Bank S.A.,Luxembourg,2961000000.0,-0.283,,-3.0,0.9978,424,,unauffaellig,
report,rs:529900OLW8QPFMTBDC23.IND,529900OLW8QPFMTBDC23,IND,2025-12-31,,Neue Bank AG,Liechtenstein,539300000.0,-0.904,,-3.0,0.9959,197,,unauffaellig,
report,rs:529900P8BY9HZTZ82T70.IND,529900P8BY9HZTZ82T70,IND,2025-12-31,,Volksbank Kraichgau eG,Germany,6205000000.0,-0.084,,-3.0,0.9969,298,,unauffaellig,
report,rs:529900PR2ELW8QI1B775.IND,529900PR2ELW8QI1B775,IND,2025-12-31,,DLR Kredit A/S,Denmark,,-6.206,,-3.0,0.1806,572,versatz,skaliert,10^6
report,rs:529900PUK9IU39VCWK54.IND,529900PUK9IU39VCWK54,IND,2025-12-31,,Volksbank in Ostwestfalen eG,Germany,7710000000.0,-0.036,,-3.0,0.9879,313,,unauffaellig,
report,rs:529900Q2C3I7VCILLG45.CON,529900Q2C3I7VCILLG45,CON,2025-12-31,,FIMBank plc,Malta,1086000000.0,-1.059,,-6.0,0.7954,1500,,unauffaellig,
report,rs:529900QYEJ2GYSWK1F08.CON,529900QYEJ2GYSWK1F08,CON,2025-06-30,,RLB-Stmk Verbund eGen,Austria,8623000000.0,,1,6.0,0.0,0,,unauffaellig,
report,rs:529900QYEJ2GYSWK1F08.CON,529900QYEJ2GYSWK1F08,CON,2025-12-31,,RLB-Stmk Verbund eGen,Austria,8939000000.0,-0.08,1,6.0,0.0,2030,,unauffaellig,
report,rs:529900RCLERIIXF4QM23.IND,529900RCLERIIXF4QM23,IND,2025-12-31,,bank99 AG,Austria,1000.0,-6.698,,6.0,0.0,203,untergrenze|versatz,skaliert,10^6
report,rs:529900RPGHC6DQEQL615.IND,529900RPGHC6DQEQL615,IND,2025-12-31,,International Asset Bank AD,Bulgaria,512400.0,-4.154,,-3.0,0.7405,1253,untergrenze|versatz,skaliert,10^3
report,rs:529900RQOBT3ZJMDRK43.CON,529900RQOBT3ZJMDRK43,CON,2025-12-31,,Bank Frick AG,Liechtenstein,817500000.0,-0.648,,-3.0,0.9783,84,,unauffaellig,
report,rs:529900RWC8ZYB066JF16.CON,529900RWC8ZYB066JF16,CON,2025-06-30,,Bank of Valletta Plc,Malta,5740.0,-6.581,1,-6.0,0.0221,1751,untergrenze|versatz,skaliert,10^6
report,rs:529900RWC8ZYB066JF16.CON,529900RWC8ZYB066JF16,CON,2025-09-30,,Bank of Valletta Plc,Malta,5800.0,-6.578,1,-6.0,0.0,237,untergrenze|versatz|decimals,skaliert,10^6
report,rs:529900RWC8ZYB066JF16.CON,529900RWC8ZYB066JF16,CON,2025-12-31,,Bank of Valletta Plc,Malta,6273.0,-6.121,1,-6.0,0.0026,2179,untergrenze|versatz|decimals,skaliert,10^6
report,rs:529900S1KHKOEQL5CK20.IND,529900S1KHKOEQL5CK20,IND,2025-12-31,,Wüstenrot Bausparkasse Aktiengesellschaft,Germany,7572000000.0,-0.219,,-6.0,0.7628,2230,,unauffaellig,
report,rs:529900SEFOTJH1MLGZ92.IND,529900SEFOTJH1MLGZ92,IND,2025-12-31,,Lægernes Bank A/S,Denmark,712900000.0,-1.102,,2.0,0.0,170,,unauffaellig,
report,rs:529900SS7ZWCX82U3W60.IND,529900SS7ZWCX82U3W60,IND,2025-12-31,,DEUTSCHE BANK S.P.A.,Italy,20700000000.0,0.149,,-3.0,0.8962,1668,,unauffaellig,
report,rs:529900SSGT49ZZSWYE62.CON,529900SSGT49ZZSWYE62,CON,2025-12-31,,Volkswagen Financial Services AG,Germany,185600000000.0,0.446,1,-6.0,0.3257,2897,,unauffaellig,
report,rs:529900SSGT49ZZSWYE62.CON,529900SSGT49ZZSWYE62,CON,2026-03-31,,Volkswagen Financial Services AG,Germany,186500000000.0,0.419,1,-6.0,0.9785,230,,unauffaellig,
report,rs:529900SXEWPJ1MRRX537.CON,529900SXEWPJ1MRRX537,CON,2025-12-31,,Raiffeisen-Holding Niederösterreich-Wien registrierte Genossenschaft mit beschränkter Haftung,Austria,16880.0,-5.88,,-3.0,0.2252,2148,untergrenze|versatz,skaliert,10^6
report,rs:529900T32UL0CP1FZA06.CON,529900T32UL0CP1FZA06,CON,2025-12-31,,ALLIANZ BANK FINANCIAL ADVISORS S.P.A.,Italy,3822.0,-6.426,,-6.0,0.0,257,untergrenze|versatz|decimals,skaliert,10^6
report,rs:529900T7MYZUMMW4O176.CON,529900T7MYZUMMW4O176,CON,2025-12-31,,Berliner Volksbank eG,Germany,12380000000.0,0.157,,-3.0,0.9735,284,,unauffaellig,
report,rs:529900TDG1TFZM39SF37.CON,529900TDG1TFZM39SF37,CON,2025-12-31,,Baader Beteiligungs GmbH,Germany,1154000000.0,-0.686,,-3.0,0.99,301,,unauffaellig,
report,rs:529900U5XAEYOT68AC40.IND,529900U5XAEYOT68AC40,IND,2025-12-31,,EFG Bank (Luxembourg) S.A.,Luxembourg,707700000.0,-0.74,,2.0,0.0,315,,unauffaellig,
report,rs:529900UHDH7QLRMEJQ86.CON,529900UHDH7QLRMEJQ86,CON,2025-12-31,,Sigma Bank AG,Liechtenstein,790400000.0,-0.796,,-3.0,0.9896,260,,unauffaellig,
report,rs:529900UIRB65OY6U4B21.IND,529900UIRB65OY6U4B21,IND,2025-12-31,,Lombard Bank Malta plc,Malta,1028000000.0,-1.087,,-3.0,0.9719,1296,,unauffaellig,
report,rs:529900UKZBMDBDZIXD62.CON,529900UKZBMDBDZIXD62,CON,2025-06-30,,Addiko Bank AG,Austria,3865.0,,1,6.0,0.0,0,untergrenze,skaliert,
report,rs:529900UKZBMDBDZIXD62.CON,529900UKZBMDBDZIXD62,CON,2025-12-31,,Addiko Bank AG,Austria,3892.0,-6.486,1,6.0,0.0,1678,untergrenze|versatz,skaliert,10^6
report,rs:529900V3O1M5IHMOSF46.CON,529900V3O1M5IHMOSF46,CON,2025-06-30,,State Street Europe Holdings Germany S.a.r.l. & Co. KG,Germany,12750000000.0,,,-6.0,1.0,0,,unauffaellig,
report,rs:529900VS0F7BA91P4I60.IND,529900VS0F7BA91P4I60,IND,2025-12-31,,Alpha Bank Cyprus Limited,Cyprus,,-0.939,,-3.0,0.9403,624,,unauffaellig,
report,rs:529900VVDOKMRRAHZ894.IND,529900VVDOKMRRAHZ894,IND,2025-12-31,,Bank GPB International S.A.,Luxembourg,526500000.0,-1.071,,2.0,0.0,852,,unauffaellig,
report,rs:529900W3MOO00A18X956.CON,529900W3MOO00A18X956,CON,2025-06-30,,OTP-csoport,Hungary,68250000000.0,0.235,1,-3.0,0.9952,706,,unauffaellig,
report,rs:529900W3MOO00A18X956.CON,529900W3MOO00A18X956,CON,2025-09-30,,OTP-csoport,Hungary,70590000000.0,0.328,1,-3.0,1.0,235,,unauffaellig,
report,rs:529900W3MOO00A18X956.CON,529900W3MOO00A18X956,CON,2025-12-31,,OTP-csoport,Hungary,75550000000.0,0.633,1,-3.0,0.7542,2684,,unauffaellig,
report,rs:529900W3MOO00A18X956.CON,529900W3MOO00A18X956,CON,2026-03-31,,OTP-csoport,Hungary,78490000000.0,0.277,1,-3.0,0.9983,236,,unauffaellig,
report,rs:529900WF3IXMJXSVJ831.IND,529900WF3IXMJXSVJ831,IND,2025-12-31,,Vereinigte Volksbanken eG,Germany,3324000000.0,-0.353,,-3.0,0.9684,84,,unauffaellig,
report,rs:529900XB6RQ3XCELQO62.IND,529900XB6RQ3XCELQO62,IND,2025-12-31,,BENDURA BANK AG,Liechtenstein,464200000.0,-1.071,,-3.0,0.9952,165,,unauffaellig,
report,rs:529900XDLJV1P7HBAH18.IND,529900XDLJV1P7HBAH18,IND,2025-12-31,,Sparkasse Holstein,Germany,6643000000.0,-0.146,,-4.0,0.9676,305,,unauffaellig,
report,rs:529900XSTAE561178282.CON,529900XSTAE561178282,CON,2025-06-30,,Raiffeisenbankengruppe OÖ Verbund eGen,Austria,30360000000.0,-0.042,1,6.0,0.0,3077,,unauffaellig,
report,rs:529900XSTAE561178282.CON,529900XSTAE561178282,CON,2025-09-30,,Raiffeisenbankengruppe OÖ Verbund eGen,Austria,30690000000.0,-0.076,1,6.0,0.0,241,,unauffaellig,
report,rs:529900XSTAE561178282.CON,529900XSTAE561178282,CON,2025-12-31,,Raiffeisenbankengruppe OÖ Verbund eGen,Austria,31340000000.0,0.283,1,-3.0,0.9542,3727,,unauffaellig,
report,rs:529900XSTAE561178282.CON,529900XSTAE561178282,CON,2026-03-31,,Raiffeisenbankengruppe OÖ Verbund eGen,Austria,32100000000.0,-0.149,1,6.0,0.0,247,,unauffaellig,
report,rs:529900ZMDTSQYEYCKL45.IND,529900ZMDTSQYEYCKL45,IND,2025-12-31,,VR TeilhaberBank Metropolregion Nürnberg eG,Germany,3650000000.0,-0.6,,-3.0,0.9904,299,,unauffaellig,
report,rs:529900ZVK4VTIS0TOT43.IND,529900ZVK4VTIS0TOT43,IND,2025-12-31,,DenizBank AG,Austria,3255000000.0,-0.317,,0.0,0.0,274,,unauffaellig,
report,rs:5493000LKS7B3UTF7H35.CON,5493000LKS7B3UTF7H35,CON,2025-06-30,,Bank Polska Kasa Opieki S.A.,Poland,38980000000.0,0.035,1,-6.0,0.7293,2660,,unauffaellig,
report,rs:5493000LKS7B3UTF7H35.CON,5493000LKS7B3UTF7H35,CON,2025-09-30,,Bank Polska Kasa Opieki S.A.,Poland,40110000000.0,0.124,1,-6.0,1.0,239,,unauffaellig,
report,rs:5493000LKS7B3UTF7H35.CON,5493000LKS7B3UTF7H35,CON,2025-12-31,,Bank Polska Kasa Opieki S.A.,Poland,41960000000.0,0.453,1,-6.0,0.7627,3317,,unauffaellig,
report,rs:5493000LKS7B3UTF7H35.CON,5493000LKS7B3UTF7H35,CON,2026-03-31,,Bank Polska Kasa Opieki S.A.,Poland,42250000000.0,0.102,1,-6.0,1.0,244,,unauffaellig,
report,rs:5493000LM0MZ4JPMGM90.CON,5493000LM0MZ4JPMGM90,CON,2025-06-30,,"Santander Consumer Finance, S.A.",Spain,,,,-6.0,1.0,0,,unauffaellig,
report,rs:5493000LM0MZ4JPMGM90.CON,5493000LM0MZ4JPMGM90,CON,2025-12-31,,"Santander Consumer Finance, S.A.",Spain,78330000000.0,0.39,,-6.0,0.7208,2213,,unauffaellig,
report,rs:5493000UPYR7EEHN2R94.CON,5493000UPYR7EEHN2R94,CON,2025-12-31,,"Gorenjska banka d.d., Kranj",Slovenia,1846000.0,-3.795,,-6.0,0.1814,781,versatz,verdacht,10^3
report,rs:5493000YPN33HF74SN02.IND,5493000YPN33HF74SN02,IND,2025-10-31,,Bank of Montreal Europe plc,Ireland,,,,0.0,0.0,0,,unauffaellig,
report,rs:5493001BABFV7P27OW30.CON,5493001BABFV7P27OW30,CON,2025-09-30,,"Nova Ljubljanska Banka d.d., Ljubljana",Slovenia,19120000000.0,-0.336,1,0.0,0.0,227,,unauffaellig,
report,rs:5493001BABFV7P27OW30.CON,5493001BABFV7P27OW30,CON,2026-03-31,,"Nova Ljubljanska Banka d.d., Ljubljana",Slovenia,20160000000.0,-0.395,1,0.0,0.0,229,,unauffaellig,
report,rs:5493001U1K6M7JOL5W45.CON,5493001U1K6M7JOL5W45,CON,2025-12-31,,Raiffeisen Bank csoport,Hungary,4658000000.0,-0.395,,2.0,0.0,2375,,unauffaellig,
report,rs:5493002DPKDEC2JN1Y86.CON,5493002DPKDEC2JN1Y86,CON,2025-12-31,,Sparekassen Sjælland-Fyn A/S,Denmark,2628000000.0,-0.559,,-3.0,0.9658,1218,,unauffaellig,
report,rs:5493002K643MZPQEK497.IND,5493002K643MZPQEK497,IND,2025-12-31,,Banco Bradesco Europa S.A.,Luxembourg,1854000000.0,-0.72,,-3.0,0.993,119,,unauffaellig,
report,rs:5493003BDYD5VPGUQS04.CON,5493003BDYD5VPGUQS04,CON,2025-12-31,,UniCredit Bank S.A.,Romania,10510000000.0,-0.323,,-3.0,0.8589,2142,,unauffaellig,
report,rs:5493003RJ3TPV33W0108.IND,5493003RJ3TPV33W0108,IND,2025-12-31,,Union Bancaire Privée (Europe) S.A.,Luxembourg,,-0.901,,-3.0,0.9882,166,,unauffaellig,
report,rs:5493004D82XDFVPWQJ91.IND,5493004D82XDFVPWQJ91,IND,2025-06-30,,Ikano Bank AB (publ),Sweden,3124000000.0,,1,-6.0,1.0,0,,unauffaellig,
report,rs:5493004D82XDFVPWQJ91.IND,5493004D82XDFVPWQJ91,IND,2025-12-31,,Ikano Bank AB (publ),Sweden,3079000000.0,-0.352,1,-6.0,0.7973,339,,unauffaellig,
report,rs:5493004WUGGU2BQI7F14.CON,5493004WUGGU2BQI7F14,CON,2025-12-31,,Landshypotek AB - gruppen,Sweden,3224000000.0,-0.692,,-4.0,0.8996,1467,,unauffaellig,
report,rs:54930056FHWP7GIWYY08.CON,54930056FHWP7GIWYY08,CON,2025-09-30,,Morgan Stanley Europe SE,Germany,,,,-6.0,1.0,0,,unauffaellig,
report,rs:54930056IRBXK0Q1FP96.CON,54930056IRBXK0Q1FP96,CON,2025-06-30,,"Abanca Corporacion Bancaria, S.A.",Spain,,-0.308,,-6.0,0.6171,2116,,unauffaellig,
report,rs:54930056IRBXK0Q1FP96.CON,54930056IRBXK0Q1FP96,CON,2025-09-30,,"Abanca Corporacion Bancaria, S.A.",Spain,39120000000.0,0.033,,-6.0,0.963,108,,unauffaellig,
report,rs:54930060Q00W1SRIUI57.IND,54930060Q00W1SRIUI57,IND,2025-12-31,,vdk bank,Belgium,1621000000.0,-0.746,,-6.0,0.822,1390,,unauffaellig,
report,rs:5493006QMFDDMYWIAM13.CON,5493006QMFDDMYWIAM13,CON,2025-06-30,,"Banco Santander, S.A.",Spain,625800000000.0,1.121,1,-6.0,0.7668,4890,,unauffaellig,
report,rs:5493006QMFDDMYWIAM13.CON,5493006QMFDDMYWIAM13,CON,2025-09-30,,"Banco Santander, S.A.",Spain,630800000000.0,1.368,1,-6.0,0.99,435,,unauffaellig,
report,rs:5493006QMFDDMYWIAM13.CON,5493006QMFDDMYWIAM13,CON,2025-12-31,,"Banco Santander, S.A.",Spain,629400000000.0,1.443,1,-6.0,0.9525,5422,,unauffaellig,
report,rs:5493006QMFDDMYWIAM13.CON,5493006QMFDDMYWIAM13,CON,2026-03-31,,"Banco Santander, S.A.",Spain,600500000000.0,1.304,1,-6.0,1.0,438,,unauffaellig,
report,rs:5493006Z4NTMNDDBGL49.IND,5493006Z4NTMNDDBGL49,IND,2025-09-30,,ECCM Bank plc,Malta,947800000.0,-1.476,,-6.0,0.858,55,,unauffaellig,
report,rs:5493007BWYDPQZLZ0Y27.CON,5493007BWYDPQZLZ0Y27,CON,2025-06-30,,HYPO NOE Landesbank für Niederösterreich und Wien AG,Austria,4683000000.0,,1,-3.0,1.0,0,,unauffaellig,
report,rs:5493007BWYDPQZLZ0Y27.CON,5493007BWYDPQZLZ0Y27,CON,2025-12-31,,HYPO NOE Landesbank für Niederösterreich und Wien AG,Austria,4735000000.0,-0.277,1,-3.0,0.9979,1818,,unauffaellig,
report,rs:5493007QRSX9DS2CM858.IND,5493007QRSX9DS2CM858,IND,2025-12-31,,China Construction Bank (Europe) S.A.,Luxembourg,3176000000.0,-0.475,,-6.0,0.8368,213,,unauffaellig,
report,rs:5493007S4JE930SIUE86.CON,5493007S4JE930SIUE86,CON,2025-06-30,,ING Holding Deutschland GmbH,Germany,46170000000.0,0.208,1,-3.0,0.9565,1787,,unauffaellig,
report,rs:5493007S4JE930SIUE86.CON,5493007S4JE930SIUE86,CON,2025-09-30,,ING Holding Deutschland GmbH,Germany,47320000000.0,0.22,1,-3.0,1.0,361,,unauffaellig,
report,rs:5493007S4JE930SIUE86.CON,5493007S4JE930SIUE86,CON,2025-12-31,,ING Holding Deutschland GmbH,Germany,49080000000.0,0.819,1,-3.0,0.9752,2153,,unauffaellig,
report,rs:5493007SJLLCTM6J6M37.CON,5493007SJLLCTM6J6M37,CON,2026-03-31,,"Unicaja Banco, S.A.",Spain,30100000000.0,-0.095,,-3.0,1.0,365,,unauffaellig,
report,rs:5493007SWCCN9S3J2748.CON,5493007SWCCN9S3J2748,CON,2025-12-31,,Bigbank AS,Estonia,2018000000.0,-1.097,,-3.0,0.8956,1650,,unauffaellig,
report,rs:5493008QOCP58OLEN998.CON,5493008QOCP58OLEN998,CON,2025-06-30,,Investeringsmaatschappij Argenta - Société d'investissements Argenta - Investierungsgesellschaft Arg,Belgium,10380000000.0,-0.66,1,-6.0,0.5948,2257,,unauffaellig,
report,rs:5493008QOCP58OLEN998.CON,5493008QOCP58OLEN998,CON,2025-09-30,,Investeringsmaatschappij Argenta - Société d'investissements Argenta - Investierungsgesellschaft Arg,Belgium,10390000000.0,-0.428,1,-6.0,0.9941,339,,unauffaellig,
report,rs:5493008QRHH0XCLJ4238.CON,5493008QRHH0XCLJ4238,CON,2025-06-30,,BRD-Groupe Société Générale SA,Romania,8303000000.0,-1.14,1,-3.0,0.9628,1177,,unauffaellig,
report,rs:5493008QRHH0XCLJ4238.CON,5493008QRHH0XCLJ4238,CON,2025-09-30,,BRD-Groupe Société Générale SA,Romania,,-3.35,,-3.0,0.9649,215,versatz,unauffaellig,10^3
report,rs:5493008QRHH0XCLJ4238.CON,5493008QRHH0XCLJ4238,CON,2025-12-31,,BRD-Groupe Société Générale SA,Romania,8756000000.0,-0.199,1,-3.0,0.7225,2213,,unauffaellig,
report,rs:5493009EIBTCB1X12G89.CON,5493009EIBTCB1X12G89,CON,2025-06-30,,LGT Group Foundation,Liechtenstein,28080000000.0,0.23,1,-6.0,0.9333,75,,unauffaellig,
report,rs:5493009EIBTCB1X12G89.CON,5493009EIBTCB1X12G89,CON,2025-12-31,,LGT Group Foundation,Liechtenstein,25220000000.0,0.555,1,-6.0,0.7114,2593,,unauffaellig,
report,rs:5493009ML6YX83YHC820.CON,5493009ML6YX83YHC820,CON,2025-06-30,,Argenta Bank- en Verzekeringsgroep NV,Belgium,10380000000.0,-0.649,1,-6.0,0.6025,2272,,unauffaellig,
report,rs:5493009ML6YX83YHC820.CON,5493009ML6YX83YHC820,CON,2025-09-30,,Argenta Bank- en Verzekeringsgroep NV,Belgium,10390000000.0,-0.428,1,-6.0,0.9941,339,,unauffaellig,
report,rs:5493009ML6YX83YHC820.CON,5493009ML6YX83YHC820,CON,2025-12-31,,Argenta Bank- en Verzekeringsgroep NV,Belgium,10370000000.0,-0.238,1,-6.0,0.6199,2996,,unauffaellig,
report,rs:5493009ML6YX83YHC820.CON,5493009ML6YX83YHC820,CON,2026-03-31,,Argenta Bank- en Verzekeringsgroep NV,Belgium,11120000000.0,-0.521,1,-3.0,1.0,340,,unauffaellig,
report,rs:5493009VJC01E4H6HH77.CON,5493009VJC01E4H6HH77,CON,2025-12-31,,Avanza - Grupp,Sweden,1755000000.0,-0.458,,0.0,0.0,698,,unauffaellig,
report,rs:5493009W2E2YDCXY6S81.CON,5493009W2E2YDCXY6S81,CON,2025-12-31,,"NOVO BANCO, S.A.",Portugal,,0.438,,-6.0,0.8649,1562,,unauffaellig,
report,rs:549300A2F46GR0UOM390.CON,549300A2F46GR0UOM390,CON,2025-06-30,,Erste&Steiermärkische Bank d.d.,Croatia,7611000000.0,-0.832,1,-3.0,0.8032,1902,,unauffaellig,
report,rs:549300A2F46GR0UOM390.CON,549300A2F46GR0UOM390,CON,2025-09-30,,Erste&Steiermärkische Bank d.d.,Croatia,7572000000.0,-0.605,1,-3.0,1.0,358,,unauffaellig,
report,rs:549300A2F46GR0UOM390.CON,549300A2F46GR0UOM390,CON,2025-12-31,,Erste&Steiermärkische Bank d.d.,Croatia,8068000000.0,-0.42,1,-3.0,0.8285,2304,,unauffaellig,
report,rs:549300BZZFFS0SOWR325.IND,549300BZZFFS0SOWR325,IND,2025-12-31,,Ford Bank GmbH,Germany,5181000000.0,-0.455,,-6.0,0.8878,188,,unauffaellig,
report,rs:549300C6TUMDXNOVXS82.CON,549300C6TUMDXNOVXS82,CON,2025-06-30,,Länsförsäkringar Bank AB - gruppen,Sweden,12520000000.0,-0.716,1,-6.0,0.7862,2116,,unauffaellig,
report,rs:549300C6TUMDXNOVXS82.CON,549300C6TUMDXNOVXS82,CON,2025-09-30,,Länsförsäkringar Bank AB - gruppen,Sweden,12630000000.0,-0.394,1,-6.0,0.9883,340,,unauffaellig,
report,rs:549300C6TUMDXNOVXS82.CON,549300C6TUMDXNOVXS82,CON,2025-12-31,,Länsförsäkringar Bank AB - gruppen,Sweden,12990000000.0,-0.277,1,-6.0,0.7993,2512,,unauffaellig,
report,rs:549300C6TUMDXNOVXS82.CON,549300C6TUMDXNOVXS82,CON,2026-03-31,,Länsförsäkringar Bank AB - gruppen,Sweden,13010000000.0,-0.46,1,-6.0,0.9942,341,,unauffaellig,
report,rs:549300CQ9NLEHMRCU505.IND,549300CQ9NLEHMRCU505,IND,2025-12-31,,"Cecabank, S.A.",Spain,2432000000.0,-0.085,,-6.0,0.7927,478,,unauffaellig,
report,rs:549300D7SF4JSQDV7040.IND,549300D7SF4JSQDV7040,IND,2025-12-31,,Mirabaud & Cie (Europe) S.A.,Luxembourg,,-2.153,,-3.0,0.8682,129,versatz,unauffaellig,10^3
report,rs:549300DVPJYGNF2P7B03.CON,549300DVPJYGNF2P7B03,CON,2025-06-30,,Steiermärkische Bank und Sparkassen Aktiengesellschaft,Austria,11930000000.0,-0.591,1,6.0,0.0,2072,,unauffaellig,
report,rs:549300DVPJYGNF2P7B03.CON,549300DVPJYGNF2P7B03,CON,2025-09-30,,Steiermärkische Bank und Sparkassen Aktiengesellschaft,Austria,11960000000.0,-0.564,1,6.0,0.0,368,,unauffaellig,
report,rs:549300DVPJYGNF2P7B03.CON,549300DVPJYGNF2P7B03,CON,2025-12-31,,Steiermärkische Bank und Sparkassen Aktiengesellschaft,Austria,12100000000.0,-0.181,1,6.0,0.0,2394,,unauffaellig,
report,rs:549300DYPOFMXOR7XM56.CON,549300DYPOFMXOR7XM56,CON,2025-06-30,,Crelan,Belgium,11700000000.0,-0.592,1,-6.0,0.6041,2839,,unauffaellig,
report,rs:549300DYPOFMXOR7XM56.CON,549300DYPOFMXOR7XM56,CON,2025-12-31,,Crelan,Belgium,12160000000.0,-0.234,1,-6.0,0.6372,3364,,unauffaellig,
report,rs:549300EHNXQVOI120S55.CON,549300EHNXQVOI120S55,CON,2025-06-30,,Coop Pank AS,Estonia,1310000000.0,-1.539,1,-6.0,0.6916,1249,,unauffaellig,
report,rs:549300EHNXQVOI120S55.CON,549300EHNXQVOI120S55,CON,2025-09-30,,Coop Pank AS,Estonia,1329000000.0,-1.592,1,-6.0,0.899,198,,unauffaellig,
report,rs:549300EHNXQVOI120S55.CON,549300EHNXQVOI120S55,CON,2025-12-31,,Coop Pank AS,Estonia,1438000000.0,-1.087,1,-6.0,0.7053,1580,,unauffaellig,
report,rs:549300EHNXQVOI120S55.CON,549300EHNXQVOI120S55,CON,2026-03-31,,Coop Pank AS,Estonia,1478000000.0,-1.633,1,-6.0,0.9147,211,,unauffaellig,
report,rs:549300F7FBD744MEP844.IND,549300F7FBD744MEP844,IND,2025-12-31,,Banque Raiffeisen,Luxembourg,5234000000.0,0.152,,-3.0,0.9907,401,,unauffaellig,
report,rs:549300FH0WJAPEHTIQ77.IND,549300FH0WJAPEHTIQ77,IND,2025-06-30,,BofA Securities Europe SA,France,43400000000.0,,1,-6.0,1.0,0,,unauffaellig,
report,rs:549300FH0WJAPEHTIQ77.IND,549300FH0WJAPEHTIQ77,IND,2025-09-30,,BofA Securities Europe SA,France,,,,-6.0,1.0,0,,unauffaellig,
report,rs:549300FH0WJAPEHTIQ77.IND,549300FH0WJAPEHTIQ77,IND,2025-12-31,,BofA Securities Europe SA,France,42220000000.0,0.51,1,-6.0,0.8545,1771,,unauffaellig,
report,rs:549300FRBP5L0O1HY885.IND,549300FRBP5L0O1HY885,IND,2025-12-31,,Sparbanken Syd,Sweden,592300000.0,-1.047,,-3.0,0.9504,119,,unauffaellig,
report,rs:549300G3C8M0WXQCWH61.CON,549300G3C8M0WXQCWH61,CON,2025-12-31,,Caja Laboral Popular Coop. de Crédito,Spain,9121000000.0,0.2,,-3.0,0.9945,499,,unauffaellig,
report,rs:549300GKFG0RYRRQ1414.CON,549300GKFG0RYRRQ1414,CON,2025-06-30,,DNB BANK ASA,Norway,95440000000.0,0.389,1,2.0,0.0,2899,,unauffaellig,
report,rs:549300GKFG0RYRRQ1414.CON,549300GKFG0RYRRQ1414,CON,2025-09-30,,DNB BANK ASA,Norway,,0.557,,2.0,0.0,380,,unauffaellig,
report,rs:549300GKFG0RYRRQ1414.CON,549300GKFG0RYRRQ1414,CON,2025-12-31,,DNB BANK ASA,Norway,98880000000.0,0.671,1,2.0,0.0,3460,,unauffaellig,
report,rs:549300GKFG0RYRRQ1414.CON,549300GKFG0RYRRQ1414,CON,2026-03-31,,DNB BANK ASA,Norway,104900000000.0,0.485,1,-3.0,1.0,409,,unauffaellig,
report,rs:549300HFEHJOXGE4ZE63.CON,549300HFEHJOXGE4ZE63,CON,2025-06-30,,SFIL S.A.,France,3349000000.0,-0.415,1,-6.0,0.8778,1119,,unauffaellig,
report,rs:549300HFEHJOXGE4ZE63.CON,549300HFEHJOXGE4ZE63,CON,2025-09-30,,SFIL S.A.,France,3304000000.0,-0.554,1,-6.0,0.9789,187,,unauffaellig,
report,rs:549300HFEHJOXGE4ZE63.CON,549300HFEHJOXGE4ZE63,CON,2025-12-31,,SFIL S.A.,France,3184000000.0,0.096,1,-6.0,0.8917,1312,,unauffaellig,
report,rs:549300HFEHJOXGE4ZE63.CON,549300HFEHJOXGE4ZE63,CON,2026-03-31,,SFIL S.A.,France,3244000000.0,-0.607,1,-6.0,0.9648,199,,unauffaellig,
report,rs:549300HUKIA1IZQHFZ83.IND,549300HUKIA1IZQHFZ83,IND,2025-06-30,,Erste Bank der oesterreichischen Sparkassen AG,Austria,11850.0,,1,6.0,0.0,0,untergrenze,skaliert,
report,rs:549300HUKIA1IZQHFZ83.IND,549300HUKIA1IZQHFZ83,IND,2025-12-31,,Erste Bank der oesterreichischen Sparkassen AG,Austria,14860.0,-5.825,1,6.0,0.0,1967,untergrenze|versatz,skaliert,10^6
report,rs:549300IQZVZ949N37S44.CON,549300IQZVZ949N37S44,CON,2025-06-30,,Euroclear Holding,Belgium,14390000000.0,-0.264,1,-3.0,0.8316,930,,unauffaellig,
report,rs:549300IQZVZ949N37S44.CON,549300IQZVZ949N37S44,CON,2025-09-30,,Euroclear Holding,Belgium,14450000000.0,0.478,1,-3.0,1.0,213,,unauffaellig,
report,rs:549300IQZVZ949N37S44.CON,549300IQZVZ949N37S44,CON,2025-12-31,,Euroclear Holding,Belgium,15630000000.0,0.263,1,-3.0,0.8736,1345,,unauffaellig,
report,rs:549300IRGNL8Q3O8Y413.IND,549300IRGNL8Q3O8Y413,IND,2025-12-31,,Eurobank Bulgaria,Bulgaria,6783000000.0,-0.133,,-3.0,0.9993,1443,,unauffaellig,
report,rs:549300J0GSZ83GTKBZ89.CON,549300J0GSZ83GTKBZ89,CON,2025-06-30,,OTP banka d.d.,Slovenia,,,,-3.0,1.0,0,,unauffaellig,
report,rs:549300J0GSZ83GTKBZ89.CON,549300J0GSZ83GTKBZ89,CON,2025-12-31,,OTP banka d.d.,Slovenia,,-0.063,,-3.0,0.9991,992,,unauffaellig,
report,rs:549300JB1P61FUTPEZ75.CON,549300JB1P61FUTPEZ75,CON,2025-06-30,,"Všeobecná úverová banka, a.s.",Slovakia,11100000000.0,-0.476,1,2.0,0.0,2330,,unauffaellig,
report,rs:549300JB1P61FUTPEZ75.CON,549300JB1P61FUTPEZ75,CON,2025-09-30,,"Všeobecná úverová banka, a.s.",Slovakia,10970000000.0,-0.472,1,2.0,0.0,396,,unauffaellig,
report,rs:549300JB1P61FUTPEZ75.CON,549300JB1P61FUTPEZ75,CON,2025-12-31,,"Všeobecná úverová banka, a.s.",Slovakia,10310000000.0,-0.197,1,2.0,0.0,3126,,unauffaellig,
report,rs:549300JB1P61FUTPEZ75.CON,549300JB1P61FUTPEZ75,CON,2026-03-31,,"Všeobecná úverová banka, a.s.",Slovakia,10620000000.0,-0.513,1,2.0,0.0,397,,unauffaellig,
report,rs:549300JECLPX13NZLU57.CON,549300JECLPX13NZLU57,CON,2025-12-31,,Danske Andelskassers Bank A/S,Denmark,1299000000.0,-0.78,,2.0,0.0,756,,unauffaellig,
report,rs:549300JSC82O1L4XV837.CON,549300JSC82O1L4XV837,CON,2025-12-31,,Nordnet - Grupp,Sweden,1893000000.0,-0.496,,-6.0,0.832,1114,,unauffaellig,
report,rs:549300KOORG6SN9LMO68.IND,549300KOORG6SN9LMO68,IND,2025-12-31,,IIG Bank (Malta) Ltd,Malta,77710000.0,-1.83,,-6.0,0.6422,199,,unauffaellig,
report,rs:549300L1IEXJYJ2NUV45.IND,549300L1IEXJYJ2NUV45,IND,2025-12-31,,Sparekassen Danmark,Denmark,7093000000.0,0.029,,-3.0,0.9815,464,,unauffaellig,
report,rs:549300L7YCATGO57ZE10.CON,549300L7YCATGO57ZE10,CON,2025-06-30,,FINECOBANK BANCA FINECO S.P.A. (IN BREVE FINECOBANK S.P.A. OVVERO BANCA FINECO S.P.A. OVVERO FINECO BANCA S.P.A.),Italy,5805000000.0,-1.556,1,-6.0,0.4514,1967,,unauffaellig,
report,rs:549300L7YCATGO57ZE10.CON,549300L7YCATGO57ZE10,CON,2025-09-30,,FINECOBANK BANCA FINECO S.P.A. (IN BREVE FINECOBANK S.P.A. OVVERO BANCA FINECO S.P.A. OVVERO FINECO BANCA S.P.A.),Italy,5815000000.0,-0.273,1,-6.0,0.9578,237,,unauffaellig,
report,rs:549300L7YCATGO57ZE10.CON,549300L7YCATGO57ZE10,CON,2025-12-31,,FINECOBANK BANCA FINECO S.P.A. (IN BREVE FINECOBANK S.P.A. OVVERO BANCA FINECO S.P.A. OVVERO FINECO BANCA S.P.A.),Italy,6202000000.0,-0.687,1,-6.0,0.5477,2643,,unauffaellig,
report,rs:549300L7YCATGO57ZE10.CON,549300L7YCATGO57ZE10,CON,2026-03-31,,FINECOBANK BANCA FINECO S.P.A. (IN BREVE FINECOBANK S.P.A. OVVERO BANCA FINECO S.P.A. OVVERO FINECO BANCA S.P.A.),Italy,6299000000.0,-0.334,1,-6.0,0.954,239,,unauffaellig,
report,rs:549300LYFYVPUCG6SY25.CON,549300LYFYVPUCG6SY25,CON,2025-12-31,,"Banco Cooperativo Español, S.A.",Spain,2791000000.0,-0.473,,-3.0,0.9836,1199,,unauffaellig,
report,rs:549300M2IHOB9P5WE714.IND,549300M2IHOB9P5WE714,IND,2025-12-31,,Swissquote Bank Europe S.A,Luxembourg,494400000.0,-0.981,,-6.0,0.8488,528,,unauffaellig,
report,rs:549300M6HRHPF3NQBP83.IND,549300M6HRHPF3NQBP83,IND,2025-12-31,,SPAREBANK 1 BOLIGKREDITT AS,Norway,,-0.081,,-3.0,0.9854,724,,unauffaellig,
report,rs:549300MM2G2LFEPR2M50.IND,549300MM2G2LFEPR2M50,IND,2025-12-31,,Skandiabanken Aktiebolag (publ),Sweden,,-0.793,,-4.0,0.9274,1054,,unauffaellig,
report,rs:549300MSY5NIVC0BME80.CON,549300MSY5NIVC0BME80,CON,2025-06-30,,CIB Bankcsoport,Hungary,3717000000.0,-0.736,,-3.0,1.0,53,,unauffaellig,
report,rs:549300ND1MQ8SNNYMJ22.CON,549300ND1MQ8SNNYMJ22,CON,2025-06-30,,AS SEB Pank,Estonia,3467000000.0,,1,-3.0,1.0,0,,unauffaellig,
report,rs:549300ND1MQ8SNNYMJ22.CON,549300ND1MQ8SNNYMJ22,CON,2025-12-31,,AS SEB Pank,Estonia,3330000000.0,-0.538,1,-3.0,0.9888,1281,,unauffaellig,
report,rs:549300NYKK9MWM7GGW15.CON,549300NYKK9MWM7GGW15,CON,2025-06-30,,ING Groep N.V.,Netherlands,335800000000.0,0.978,1,-6.0,0.7553,4693,,unauffaellig,
report,rs:549300NYKK9MWM7GGW15.CON,549300NYKK9MWM7GGW15,CON,2025-09-30,,ING Groep N.V.,Netherlands,336200000000.0,1.178,1,-6.0,0.9875,442,,unauffaellig,
report,rs:549300NYKK9MWM7GGW15.CON,549300NYKK9MWM7GGW15,CON,2025-12-31,,ING Groep N.V.,Netherlands,340700000000.0,1.299,1,-6.0,0.7906,5567,,unauffaellig,
report,rs:549300NYKK9MWM7GGW15.CON,549300NYKK9MWM7GGW15,CON,2026-03-31,,ING Groep N.V.,Netherlands,344300000000.0,1.087,1,-6.0,0.9959,446,,unauffaellig,
report,rs:549300O2UN9JLME31F08.IND,549300O2UN9JLME31F08,IND,2025-12-31,,UniCredit Banka Slovenija d.d.,Slovenia,,-3.669,,-3.0,0.7466,1353,versatz,unauffaellig,10^3
report,rs:549300O3HXYXXUHR0897.CON,549300O3HXYXXUHR0897,CON,2025-06-30,,Klarna - Grupp,Sweden,6814000000.0,,1,2.0,0.0,0,,unauffaellig,
report,rs:549300O3HXYXXUHR0897.CON,549300O3HXYXXUHR0897,CON,2025-12-31,,Klarna - Grupp,Sweden,8562000000.0,-0.107,1,2.0,0.0,1207,,unauffaellig,
report,rs:549300OL514RA0SXJJ44.IND,549300OL514RA0SXJJ44,IND,2025-12-31,,Clearstream Banking S.A.,Luxembourg,3134000000.0,-0.464,,-6.0,0.6669,1045,,unauffaellig,
report,rs:549300OLBL49CW8CT155.CON,549300OLBL49CW8CT155,CON,2025-06-30,,"Ibercaja Banco, S.A.",Spain,18550000000.0,-0.304,1,4.0,0.0,1926,,unauffaellig,
report,rs:549300OLBL49CW8CT155.CON,549300OLBL49CW8CT155,CON,2025-09-30,,"Ibercaja Banco, S.A.",Spain,18390000000.0,-0.238,1,4.0,0.0,202,,unauffaellig,
report,rs:549300OLBL49CW8CT155.CON,549300OLBL49CW8CT155,CON,2025-12-31,,"Ibercaja Banco, S.A.",Spain,18880000000.0,0.084,1,4.0,0.0,2455,,unauffaellig,
report,rs:549300OLBL49CW8CT155.CON,549300OLBL49CW8CT155,CON,2026-03-31,,"Ibercaja Banco, S.A.",Spain,19220000000.0,-0.368,1,4.0,0.0,244,,unauffaellig,
report,rs:549300OMTXWX1144LP69.IND,549300OMTXWX1144LP69,IND,2025-12-31,,"Akciju sabiedrība ""Reģionālā investīciju banka""",Latvia,229500000.0,-1.253,,-3.0,0.9721,306,,unauffaellig,
report,rs:549300PZMFIQR79Q0T97.CON,549300PZMFIQR79Q0T97,CON,2025-12-31,,Íslandsbanki hf.,Iceland,7019000000.0,-0.323,1,-6.0,0.818,1862,,unauffaellig,
report,rs:549300PZMFIQR79Q0T97.CON,549300PZMFIQR79Q0T97,CON,2026-03-31,,Íslandsbanki hf.,Iceland,7304000000.0,-0.805,1,-6.0,0.992,246,,unauffaellig,
report,rs:549300Q3OIWRHQUQM052.CON,549300Q3OIWRHQUQM052,CON,2025-12-31,,SpareBank 1 Sør-Norge,Norway,19190000000.0,-0.037,,-3.0,0.978,2439,,unauffaellig,
report,rs:549300Q3OIWRHQUQM052.CON,549300Q3OIWRHQUQM052,CON,2026-03-31,,SpareBank 1 Sør-Norge,Norway,,-0.394,,-3.0,1.0,336,,unauffaellig,
report,rs:549300RFKNCOX56F8591.CON,549300RFKNCOX56F8591,CON,2025-06-30,,RAIFFEISEN BANK S.A.,Romania,6692000.0,-3.751,1,-3.0,0.7287,2487,versatz,verdacht,10^3
report,rs:549300RFKNCOX56F8591.CON,549300RFKNCOX56F8591,CON,2025-09-30,,RAIFFEISEN BANK S.A.,Romania,7119000.0,-3.568,1,-3.0,0.9483,340,versatz,verdacht,10^3
report,rs:549300RFKNCOX56F8591.CON,549300RFKNCOX56F8591,CON,2025-12-31,,RAIFFEISEN BANK S.A.,Romania,7014000.0,-3.329,1,-3.0,0.763,3046,versatz,verdacht,10^3
report,rs:549300RFKNCOX56F8591.CON,549300RFKNCOX56F8591,CON,2026-03-31,,RAIFFEISEN BANK S.A.,Romania,,,,-3.0,0.5795,0,,unauffaellig,
report,rs:549300RG3H390KEL8896.CON,549300RG3H390KEL8896,CON,2025-06-30,,Banca Transilvania,Romania,18460000000.0,-0.207,1,-3.0,0.9868,1927,,unauffaellig,
report,rs:549300RG3H390KEL8896.CON,549300RG3H390KEL8896,CON,2025-09-30,,Banca Transilvania,Romania,18830000000.0,-0.178,1,-3.0,1.0,221,,unauffaellig,
report,rs:549300RG3H390KEL8896.CON,549300RG3H390KEL8896,CON,2025-12-31,,Banca Transilvania,Romania,19430000000.0,0.194,1,-3.0,0.9684,2398,,unauffaellig,
report,rs:549300RMML7KXP6M1Y98.IND,549300RMML7KXP6M1Y98,IND,2025-12-31,,BANCO BAI EUROPA S.A.,Portugal,523700000.0,-1.156,,0.0,0.0,366,,unauffaellig,
report,rs:549300S2T3FWVVXWJI89.CON,549300S2T3FWVVXWJI89,CON,2025-06-30,,"Slovenská sporiteľňa, a.s.",Slovakia,11000000.0,-3.458,1,-3.0,0.7407,1681,versatz,verdacht,10^3
report,rs:549300S2T3FWVVXWJI89.CON,549300S2T3FWVVXWJI89,CON,2025-09-30,,"Slovenská sporiteľňa, a.s.",Slovakia,10510000.0,-3.439,1,-3.0,0.9625,370,versatz,verdacht,10^3
report,rs:549300S2T3FWVVXWJI89.CON,549300S2T3FWVVXWJI89,CON,2025-12-31,,"Slovenská sporiteľňa, a.s.",Slovakia,10820000.0,-3.018,1,-3.0,0.7319,2030,versatz,verdacht,10^3
report,rs:549300S2T3FWVVXWJI89.CON,549300S2T3FWVVXWJI89,CON,2026-03-31,,"Slovenská sporiteľňa, a.s.",Slovakia,10810000.0,-3.498,1,-3.0,0.9783,364,versatz,verdacht,10^3
report,rs:549300SBPFE9JX7N8J82.IND,549300SBPFE9JX7N8J82,IND,2025-06-30,,AB SEB bankas,Lithuania,5554000000.0,,1,-3.0,1.0,0,,unauffaellig,
report,rs:549300SBPFE9JX7N8J82.IND,549300SBPFE9JX7N8J82,IND,2025-12-31,,AB SEB bankas,Lithuania,5071000000.0,-0.397,1,-3.0,0.9856,1290,,unauffaellig,
report,rs:549300SGF4BS54YG8M65.CON,549300SGF4BS54YG8M65,CON,2025-12-31,,Citco Bank Nederland N.V.,Netherlands,1389000000.0,-0.422,,-3.0,0.9958,211,,unauffaellig,
report,rs:549300SXM92LQ05OJQ76.CON,549300SXM92LQ05OJQ76,CON,2025-06-30,,Sparebank 1 Nord-Norge SPA,Norway,,-0.662,,2.0,0.0,676,,unauffaellig,
report,rs:549300SXM92LQ05OJQ76.CON,549300SXM92LQ05OJQ76,CON,2025-12-31,,Sparebank 1 Nord-Norge SPA,Norway,,-0.409,,2.0,0.0,1710,,unauffaellig,
report,rs:549300TDPXT0OW2AY198.CON,549300TDPXT0OW2AY198,CON,2025-12-31,,FinAx,Belgium,6231000000.0,-0.474,,-3.0,0.9701,341,,unauffaellig,
report,rs:549300TEJKOLFN65KR76.IND,549300TEJKOLFN65KR76,IND,2025-12-31,,BNF Bank plc,Malta,646600000.0,-1.189,,-6.0,0.7351,1494,,unauffaellig,
report,rs:549300TJREQ7GHIXWR36.IND,549300TJREQ7GHIXWR36,IND,2025-06-30,,Swedbank Hypotek AB,Sweden,26120000000.0,-0.373,1,-6.0,0.8584,442,,unauffaellig,
report,rs:549300TJREQ7GHIXWR36.IND,549300TJREQ7GHIXWR36,IND,2025-09-30,,Swedbank Hypotek AB,Sweden,26330000000.0,,1,-6.0,1.0,0,,unauffaellig,
report,rs:549300TJREQ7GHIXWR36.IND,549300TJREQ7GHIXWR36,IND,2025-12-31,,Swedbank Hypotek AB,Sweden,26590000000.0,0.081,1,-6.0,0.8613,514,,unauffaellig,
report,rs:549300TJREQ7GHIXWR36.IND,549300TJREQ7GHIXWR36,IND,2026-03-31,,Swedbank Hypotek AB,Sweden,26470000000.0,-0.07,1,-6.0,1.0,51,,unauffaellig,
report,rs:549300TK038P6EV4YU51.CON,549300TK038P6EV4YU51,CON,2025-12-31,,AB Artea bankas,Lithuania,2835000000.0,-0.631,1,-4.0,0.9402,2215,,unauffaellig,
report,rs:549300TK038P6EV4YU51.CON,549300TK038P6EV4YU51,CON,2026-03-31,,AB Artea bankas,Lithuania,2856000000.0,-1.123,1,-4.0,1.0,206,,unauffaellig,
report,rs:549300TL5406IC1XKD09.CON,549300TL5406IC1XKD09,CON,2025-12-31,,Saxo Bank A/S,Denmark,19070.0,-5.153,,-6.0,0.0,1505,untergrenze|versatz|decimals,skaliert,10^6
report,rs:549300TLZPT6JELDWM92.CON,549300TLZPT6JELDWM92,CON,2025-12-31,,Landsbankinn hf.,Iceland,10000.0,-6.207,1,-4.0,0.0645,1229,untergrenze|versatz,skaliert,10^6
report,rs:549300TLZPT6JELDWM92.CON,549300TLZPT6JELDWM92,CON,2026-03-31,,Landsbankinn hf.,Iceland,10410.0,-6.724,1,-4.0,0.1193,243,untergrenze|versatz,skaliert,10^6
report,rs:549300TRUWO2CD2G5692.CON,549300TRUWO2CD2G5692,CON,2025-06-30,,"UNICREDIT, SOCIETA' PER AZIONI",Italy,287700000000.0,0.945,1,-6.0,0.8694,5271,,unauffaellig,
report,rs:549300TRUWO2CD2G5692.CON,549300TRUWO2CD2G5692,CON,2025-09-30,,"UNICREDIT, SOCIETA' PER AZIONI",Italy,291500000000.0,1.035,1,-6.0,0.9943,444,,unauffaellig,
report,rs:549300TRUWO2CD2G5692.CON,549300TRUWO2CD2G5692,CON,2025-12-31,,"UNICREDIT, SOCIETA' PER AZIONI",Italy,296300000000.0,1.222,1,-6.0,0.8833,6290,,unauffaellig,
report,rs:549300TRUWO2CD2G5692.CON,549300TRUWO2CD2G5692,CON,2026-03-31,,"UNICREDIT, SOCIETA' PER AZIONI",Italy,298900000000.0,0.995,1,-6.0,0.9849,446,,unauffaellig,
report,rs:549300TTZTKBUFKWH890.CON,549300TTZTKBUFKWH890,CON,2025-12-31,,The Cyprus Development Bank Public Company Ltd,Cyprus,207900.0,-4.428,,-3.0,0.7415,807,untergrenze|versatz,skaliert,10^3
report,rs:549300U4LIZV0REEQQ46.CON,549300U4LIZV0REEQQ46,CON,2025-06-30,,"Kutxabank, S.A.",Spain,30250000000.0,-0.082,1,-6.0,0.8248,1826,,unauffaellig,
report,rs:549300U4LIZV0REEQQ46.CON,549300U4LIZV0REEQQ46,CON,2025-09-30,,"Kutxabank, S.A.",Spain,28700000000.0,-0.038,1,-6.0,0.9704,335,,unauffaellig,
report,rs:549300U4LIZV0REEQQ46.CON,549300U4LIZV0REEQQ46,CON,2025-12-31,,"Kutxabank, S.A.",Spain,29190000000.0,0.254,1,-6.0,0.8254,2790,,unauffaellig,
report,rs:549300U4LIZV0REEQQ46.CON,549300U4LIZV0REEQQ46,CON,2026-03-31,,"Kutxabank, S.A.",Spain,30880000000.0,-0.09,1,-6.0,0.9856,344,,unauffaellig,
report,rs:549300UARE5MHTBUPJ19.CON,549300UARE5MHTBUPJ19,CON,2025-12-31,,Promontoria 19 Coöperatie U.A.,Netherlands,9984000000.0,-0.129,,-6.0,0.41,2232,,unauffaellig,
report,rs:549300UOX05QGUJJ5707.IND,549300UOX05QGUJJ5707,IND,2025-06-30,,Stadshypotek AB,Sweden,31530000000.0,0.229,1,0.0,0.0,50,,unauffaellig,
report,rs:549300UOX05QGUJJ5707.IND,549300UOX05QGUJJ5707,IND,2025-12-31,,Stadshypotek AB,Sweden,32500000000.0,0.0,1,0.0,0.0,1121,,unauffaellig,
report,rs:549300URJH9VSI58CS32.CON,549300URJH9VSI58CS32,CON,2025-06-30,,"Banco Santander Totta, SA",Portugal,,-5.431,,-3.0,0.6093,1258,versatz,skaliert,10^6
report,rs:549300URJH9VSI58CS32.CON,549300URJH9VSI58CS32,CON,2025-12-31,,"Banco Santander Totta, SA",Portugal,15070000000.0,0.082,,-3.0,0.9313,3012,,unauffaellig,
report,rs:549300UY81ESCZJ0GR95.CON,549300UY81ESCZJ0GR95,CON,2025-06-30,,First Investment Bank,Bulgaria,4756000.0,-3.783,1061,,0.0,1678,versatz|zeitreihe,skaliert,10^3
report,rs:549300UY81ESCZJ0GR95.CON,549300UY81ESCZJ0GR95,CON,2025-09-30,,First Investment Bank,Bulgaria,4868000.0,-3.816,1037,,0.0,180,versatz|zeitreihe,skaliert,10^3
report,rs:549300UY81ESCZJ0GR95.CON,549300UY81ESCZJ0GR95,CON,2025-12-31,,First Investment Bank,Bulgaria,4935000000.0,-0.268,1,,0.0,2151,,unauffaellig,
report,rs:549300UY81ESCZJ0GR95.CON,549300UY81ESCZJ0GR95,CON,2026-03-31,,First Investment Bank,Bulgaria,5046000000.0,-0.851,1,,0.0,179,,unauffaellig,
report,rs:549300V1VN70Q7PQ7234.CON,549300V1VN70Q7PQ7234,CON,2025-06-30,,CRÉDIT AGRICOLE AUTO BANK S.P.A.,Italy,24090000000.0,-0.266,1,-3.0,0.9781,1123,,unauffaellig,
report,rs:549300V1VN70Q7PQ7234.CON,549300V1VN70Q7PQ7234,CON,2025-09-30,,CRÉDIT AGRICOLE AUTO BANK S.P.A.,Italy,24370000000.0,-0.333,1,-3.0,1.0,227,,unauffaellig,
report,rs:549300V1VN70Q7PQ7234.CON,549300V1VN70Q7PQ7234,CON,2025-12-31,,CRÉDIT AGRICOLE AUTO BANK S.P.A.,Italy,23980000000.0,0.131,1,-3.0,0.9905,1304,,unauffaellig,
report,rs:549300V4H4USWZUCE073.IND,549300V4H4USWZUCE073,IND,2025-12-31,,"BISON BANK, SA",Portugal,129400.0,-4.294,,2.0,0.0,173,untergrenze|versatz,skaliert,10^3
report,rs:549300VRM6G42M8OWN49.CON,549300VRM6G42M8OWN49,CON,2025-06-30,,Sparebank 1 Østlandet,Norway,9511000000.0,,,-3.0,1.0,0,,unauffaellig,
report,rs:549300VRM6G42M8OWN49.CON,549300VRM6G42M8OWN49,CON,2025-12-31,,Sparebank 1 Østlandet,Norway,,-0.288,,-3.0,0.7936,2279,,unauffaellig,
report,rs:549300WDT1HWUMTUW770.IND,549300WDT1HWUMTUW770,IND,2025-06-30,,Standard Chartered Bank AG,Germany,2804000000.0,-0.565,2,-6.0,0.9464,90,,unauffaellig,
report,rs:549300WDT1HWUMTUW770.IND,549300WDT1HWUMTUW770,IND,2025-12-31,,Standard Chartered Bank AG,Germany,6213000000.0,0.343,1,-6.0,0.8421,193,,unauffaellig,
report,rs:549300X34UUBDEUL1Z91.CON,549300X34UUBDEUL1Z91,CON,2025-06-30,,HSBC Bank Malta p.l.c.,Malta,2212000000.0,-1.026,1,-3.0,0.9862,1698,,unauffaellig,
report,rs:549300X34UUBDEUL1Z91.CON,549300X34UUBDEUL1Z91,CON,2025-12-31,,HSBC Bank Malta p.l.c.,Malta,2174000000.0,-0.658,1,-3.0,0.9804,1907,,unauffaellig,
report,rs:549300XGJX6FOWLOI640.IND,549300XGJX6FOWLOI640,IND,2025-12-31,,FIDEURAM - INTESA SANPAOLO PRIVATE BANKING S.P.A.,Italy,,-0.553,,-6.0,0.5711,1674,,unauffaellig,
report,rs:549300XWJHRKLHU2PS28.CON,549300XWJHRKLHU2PS28,CON,2025-12-31,,ERSTE csoport,Hungary,6356000000.0,-0.426,,-3.0,0.9736,2985,,unauffaellig,
report,rs:549300YV6LXRPJO3U576.IND,549300YV6LXRPJO3U576,IND,2025-12-31,,Merkur Andelskasse,Denmark,338500000.0,-1.201,,-4.0,0.9811,135,,unauffaellig,
report,rs:549300YW95G1VBBGGV07.CON,549300YW95G1VBBGGV07,CON,2025-06-30,,"AS ""SEB banka""",Latvia,2522000000.0,,1,-3.0,1.0,0,,unauffaellig,
report,rs:549300YW95G1VBBGGV07.CON,549300YW95G1VBBGGV07,CON,2025-12-31,,"AS ""SEB banka""",Latvia,2612000000.0,-0.731,1,-3.0,0.9536,1495,,unauffaellig,
report,rs:549300Z7V2WOFIMUEK50.CON,549300Z7V2WOFIMUEK50,CON,2025-06-30,,UniCredit Bulbank AD,Bulgaria,8329000000.0,,1,-6.0,1.0,0,,unauffaellig,
report,rs:549300Z7V2WOFIMUEK50.CON,549300Z7V2WOFIMUEK50,CON,2025-12-31,,UniCredit Bulbank AD,Bulgaria,9049000000.0,-0.085,1,-3.0,0.9583,2430,,unauffaellig,
report,rs:549300ZBZQ6M21ZGGY79.IND,549300ZBZQ6M21ZGGY79,IND,2025-12-31,,China Merchants Bank (Europe) S.A,Luxembourg,,-1.02,,-6.0,0.65,80,,unauffaellig,
report,rs:549300ZEF3QWM810M319.IND,549300ZEF3QWM810M319,IND,2025-12-31,,Ziklo Bank AB,Sweden,2654000000.0,-1.112,,-3.0,0.8382,1202,,unauffaellig,
report,rs:549300ZHFZ4CSK7VS460.CON,549300ZHFZ4CSK7VS460,CON,2025-06-30,,Privredna Banka Zagreb d.d.,Croatia,12080000000.0,-0.252,1,-3.0,1.0,65,,unauffaellig,
report,rs:549300ZHFZ4CSK7VS460.CON,549300ZHFZ4CSK7VS460,CON,2025-12-31,,Privredna Banka Zagreb d.d.,Croatia,12040000000.0,-0.106,1,-3.0,0.8797,2751,,unauffaellig,
report,rs:549300ZK53CNGEEI6A29.IND,549300ZK53CNGEEI6A29,IND,2025-06-30,,J.P. Morgan SE,Germany,137700000000.0,,1,-6.0,1.0,0,,unauffaellig,
report,rs:549300ZK53CNGEEI6A29.IND,549300ZK53CNGEEI6A29,IND,2025-09-30,,J.P. Morgan SE,Germany,,,,-6.0,1.0,0,,unauffaellig,
report,rs:549300ZK53CNGEEI6A29.IND,549300ZK53CNGEEI6A29,IND,2025-12-31,,J.P. Morgan SE,Germany,125200000000.0,1.15,1,-6.0,0.8378,2606,,unauffaellig,
report,rs:549300ZOE0EU2VKF6M35.IND,549300ZOE0EU2VKF6M35,IND,2025-12-31,,Lombard Odier (Europe) S.A.,Luxembourg,801700000.0,-0.608,,-3.0,0.9906,94,,unauffaellig,
report,rs:5967007LIEEXZX51WW28.CON,5967007LIEEXZX51WW28,CON,2025-12-31,,SPAREBANKEN ØST,Norway,1415000000.0,-0.944,,-4.0,0.8793,1155,,unauffaellig,
report,rs:5967007LIEEXZX5PU005.CON,5967007LIEEXZX5PU005,CON,2025-06-30,,Sparebanken Møre SPA,Norway,3111000000.0,,1,2.0,0.0,0,,unauffaellig,
report,rs:5967007LIEEXZX5PU005.CON,5967007LIEEXZX5PU005,CON,2025-12-31,,Sparebanken Møre SPA,Norway,3509000000.0,-0.55,1,1.0,0.0,682,,unauffaellig,
report,rs:5967007LIEEXZX659K67.IND,5967007LIEEXZX659K67,IND,2025-12-31,,DNB BOLIGKREDITT AS,Norway,,0.33,,2.0,0.0,280,,unauffaellig,
report,rs:5967007LIEEXZX659K67.IND,5967007LIEEXZX659K67,IND,2026-03-31,,DNB BOLIGKREDITT AS,Norway,20390000000.0,-0.186,,-3.0,1.0,87,,unauffaellig,
report,rs:5967007LIEEXZX76AW36.CON,5967007LIEEXZX76AW36,CON,2025-12-31,,OBOS-BANKEN AS,Norway,1544000000.0,-0.719,,2.0,0.0,263,,unauffaellig,
report,rs:5967007LIEEXZX8UHK11.CON,5967007LIEEXZX8UHK11,CON,2025-12-31,,SPAREBANK 1 SOGN OG FJORDANE,Norway,,-0.954,,-3.0,0.848,847,,unauffaellig,
report,rs:5UMCZOEYKCVFAW8ZLO05.CON,5UMCZOEYKCVFAW8ZLO05,CON,2025-06-30,,"National Bank of Greece, S.A.",Greece,38070000000.0,0.087,1,-6.0,0.9309,1764,,unauffaellig,
report,rs:5UMCZOEYKCVFAW8ZLO05.CON,5UMCZOEYKCVFAW8ZLO05,CON,2025-12-31,,"National Bank of Greece, S.A.",Greece,39760000000.0,0.529,1,-6.0,0.991,2526,,unauffaellig,
report,rs:5UMCZOEYKCVFAW8ZLO05.CON,5UMCZOEYKCVFAW8ZLO05,CON,2026-03-31,,"National Bank of Greece, S.A.",Greece,41100000000.0,-0.003,1,-6.0,1.0,242,,unauffaellig,
report,rs:635400AKJBGNS5WNQL34.CON,635400AKJBGNS5WNQL34,CON,2025-06-30,,AIB Group plc,Ireland,55730000000.0,0.136,1,0.0,0.0,3057,,unauffaellig,
report,rs:635400AKJBGNS5WNQL34.CON,635400AKJBGNS5WNQL34,CON,2025-09-30,,AIB Group plc,Ireland,54750000000.0,0.219,1,0.0,0.0,385,,unauffaellig,
report,rs:635400AKJBGNS5WNQL34.CON,635400AKJBGNS5WNQL34,CON,2025-12-31,,AIB Group plc,Ireland,54180000000.0,0.485,1,0.0,0.0,3851,,unauffaellig,
report,rs:635400AKJBGNS5WNQL34.CON,635400AKJBGNS5WNQL34,CON,2026-03-31,,AIB Group plc,Ireland,54360000000.0,0.116,1,0.0,0.0,392,,unauffaellig,
report,rs:635400C8EK6DRI12LJ39.CON,635400C8EK6DRI12LJ39,CON,2025-06-30,,Bank of Ireland Group plc,Ireland,52150000000.0,0.081,1,-3.0,0.951,3283,,unauffaellig,
report,rs:635400C8EK6DRI12LJ39.CON,635400C8EK6DRI12LJ39,CON,2025-09-30,,Bank of Ireland Group plc,Ireland,52950000000.0,0.197,1,-3.0,1.0,389,,unauffaellig,
report,rs:635400C8EK6DRI12LJ39.CON,635400C8EK6DRI12LJ39,CON,2025-12-31,,Bank of Ireland Group plc,Ireland,55820000000.0,0.42,1,-3.0,0.955,3890,,unauffaellig,
report,rs:635400C8EK6DRI12LJ39.CON,635400C8EK6DRI12LJ39,CON,2026-03-31,,Bank of Ireland Group plc,Ireland,56450000000.0,0.117,1,-3.0,1.0,392,,unauffaellig,
report,rs:635400DTNHVYGZODKQ93.CON,635400DTNHVYGZODKQ93,CON,2025-09-30,,Permanent TSB Group Holdings Plc,Ireland,10740000000.0,-0.607,1,2.0,0.0,301,,unauffaellig,
report,rs:635400DTNHVYGZODKQ93.CON,635400DTNHVYGZODKQ93,CON,2026-03-31,,Permanent TSB Group Holdings Plc,Ireland,10060000000.0,-0.71,1,2.0,0.0,302,,unauffaellig,
report,rs:635400F6HLXKXNJJX605.IND,635400F6HLXKXNJJX605,IND,2025-06-30,,EXIM BANCA ROMANEASCA S.A.,Romania,1952000000.0,-1.105,1,2.0,0.0,570,,unauffaellig,
report,rs:635400F6HLXKXNJJX605.IND,635400F6HLXKXNJJX605,IND,2025-12-31,,EXIM BANCA ROMANEASCA S.A.,Romania,2238000.0,-3.582,872,-3.0,0.7594,2083,versatz|zeitreihe,skaliert,10^3
report,rs:635400JLGKETPVVGPW53.CON,635400JLGKETPVVGPW53,CON,2025-12-31,,De Lage Landen International B.V.,Netherlands,32010000000.0,0.681,,-3.0,0.9988,765,,unauffaellig,
report,rs:635400L14KNHZXPUZM19.CON,635400L14KNHZXPUZM19,CON,2025-06-30,,Bank of Cyprus Holdings Public Limited Company,Ireland,10300000000.0,-0.503,1,-3.0,0.9697,1988,,unauffaellig,
report,rs:635400L14KNHZXPUZM19.CON,635400L14KNHZXPUZM19,CON,2025-09-30,,Bank of Cyprus Holdings Public Limited Company,Ireland,10440000000.0,-0.409,1,-3.0,1.0,227,,unauffaellig,
report,rs:635400L14KNHZXPUZM19.CON,635400L14KNHZXPUZM19,CON,2025-12-31,,Bank of Cyprus Holdings Public Limited Company,Ireland,10420000000.0,-0.045,1,-3.0,0.9649,2618,,unauffaellig,
report,rs:635400L14KNHZXPUZM19.CON,635400L14KNHZXPUZM19,CON,2026-03-31,,Bank of Cyprus Holdings Public Limited Company,Ireland,10560000000.0,-0.442,1,-3.0,1.0,230,,unauffaellig,
report,rs:635400LCCIYHUL6ELA34.CON,635400LCCIYHUL6ELA34,CON,2025-12-31,,USB European (Holdings) Limited,Ireland,1564000000.0,-0.575,,-6.0,0.6082,392,,unauffaellig,
report,rs:6TJCK1B7E7UTXP528Y04.IND,6TJCK1B7E7UTXP528Y04,IND,2025-06-30,,Citigroup Global Markets Europe AG,Germany,19210000000.0,,1,-3.0,1.0,0,,unauffaellig,
report,rs:6TJCK1B7E7UTXP528Y04.IND,6TJCK1B7E7UTXP528Y04,IND,2025-09-30,,Citigroup Global Markets Europe AG,Germany,,,,-3.0,1.0,0,,unauffaellig,
report,rs:6TJCK1B7E7UTXP528Y04.IND,6TJCK1B7E7UTXP528Y04,IND,2025-12-31,,Citigroup Global Markets Europe AG,Germany,14850000000.0,0.259,1,-3.0,0.9502,1408,,unauffaellig,
report,rs:724500973ODKK3IFQ447.CON,724500973ODKK3IFQ447,CON,2025-12-31,,Adyen N.V.,Netherlands,7032000000.0,-0.291,,-6.0,0.721,1159,,unauffaellig,
report,rs:724500A1FNICHSDF2I11.CON,724500A1FNICHSDF2I11,CON,2025-06-30,,ASN Bank N.V.,Netherlands,17930000000.0,-0.273,1,-3.0,0.9811,1727,,unauffaellig,
report,rs:724500A1FNICHSDF2I11.CON,724500A1FNICHSDF2I11,CON,2025-12-31,,ASN Bank N.V.,Netherlands,18260000000.0,0.156,1,-3.0,0.9839,2345,,unauffaellig,
report,rs:724500AG21Z9GIJE4735.CON,724500AG21Z9GIJE4735,CON,2025-12-31,,WP XII Financial Holdings Coöperatief U.A.,Netherlands,323200000.0,-1.337,,-3.0,0.9658,229,,unauffaellig,
report,rs:724500AH42V5X8BCPE49.CON,724500AH42V5X8BCPE49,CON,2025-06-30,,Achmea Bank N.V.,Netherlands,4361000000.0,,,-3.0,1.0,0,,unauffaellig,
report,rs:724500BICUQ0LF1AH770.CON,724500BICUQ0LF1AH770,CON,2025-12-31,,Nationale-Nederlanden Bank N.V.,Netherlands,5264000000.0,-0.214,,-6.0,0.7913,412,,unauffaellig,
report,rs:724500D8WOYCL1BUCB80.CON,724500D8WOYCL1BUCB80,CON,2025-12-31,,Van Lanschot Kempen N.V.,Netherlands,4683000.0,-3.251,,-6.0,0.2089,1603,versatz,verdacht,10^3
report,rs:724500JIWG886A9RRT57.CON,724500JIWG886A9RRT57,CON,2025-06-30,,RBS Holdings N.V.,Netherlands,6714000000.0,-0.698,1,-6.0,0.8582,1292,,unauffaellig,
report,rs:724500JIWG886A9RRT57.CON,724500JIWG886A9RRT57,CON,2025-09-30,,RBS Holdings N.V.,Netherlands,7015000000.0,-0.419,1,-6.0,0.9888,328,,unauffaellig,
report,rs:724500JIWG886A9RRT57.CON,724500JIWG886A9RRT57,CON,2025-12-31,,RBS Holdings N.V.,Netherlands,7898000000.0,-0.157,1,-6.0,0.8183,1338,,unauffaellig,
report,rs:724500M4G9AVEMHMV291.CON,724500M4G9AVEMHMV291,CON,2025-12-31,,bunq Holding B.V.,Netherlands,1649000000.0,-0.503,,0.0,0.0,358,,unauffaellig,
report,rs:724500PMK2A2M1SQQ228.CON,724500PMK2A2M1SQQ228,CON,2025-12-31,,Triodos Bank N.V.,Netherlands,6600000000.0,-0.083,,-6.0,0.8182,1367,,unauffaellig,
report,rs:724500SF1CI8OD5AHI07.CON,724500SF1CI8OD5AHI07,CON,2025-12-31,,HCBG Holding B.V.,Netherlands,1398000000.0,-0.814,,0.0,0.1902,1273,,unauffaellig,
report,rs:724500ZNT2I60RYZQI38.IND,724500ZNT2I60RYZQI38,IND,2025-12-31,,Anadolubank Nederland N.V.,Netherlands,1025000000.0,-1.023,,-3.0,0.9835,932,,unauffaellig,
report,rs:7437003B5WFBOIEFY714.CON,7437003B5WFBOIEFY714,CON,2025-06-30,,OP Osuuskunta,Finland,77300000000.0,0.32,1,-6.0,0.9987,2001,,unauffaellig,
report,rs:7437003B5WFBOIEFY714.CON,7437003B5WFBOIEFY714,CON,2025-09-30,,OP Osuuskunta,Finland,77820000000.0,0.319,1,-6.0,1.0,249,,unauffaellig,
report,rs:7437003B5WFBOIEFY714.CON,7437003B5WFBOIEFY714,CON,2025-12-31,,OP Osuuskunta,Finland,78520000000.0,0.709,1,-6.0,0.9909,2569,,unauffaellig,
report,rs:7437003B5WFBOIEFY714.CON,7437003B5WFBOIEFY714,CON,2026-03-31,,OP Osuuskunta,Finland,78350000000.0,0.272,1,-6.0,1.0,246,,unauffaellig,
report,rs:7437005892K69S3MW344.CON,7437005892K69S3MW344,CON,2025-06-30,,Säästöpankkiliitto osk,Finland,5477000000.0,,1,-6.0,1.0,0,,unauffaellig,
report,rs:7437005892K69S3MW344.CON,7437005892K69S3MW344,CON,2025-12-31,,Säästöpankkiliitto osk,Finland,5531000000.0,-0.336,1,-6.0,0.8585,1400,,unauffaellig,
report,rs:7437006WYM821IJ3MN73.CON,7437006WYM821IJ3MN73,CON,2025-12-31,,Ålandsbanken Abp,Finland,1888000000.0,-0.696,,0.0,0.0,1753,,unauffaellig,
report,rs:743700FTBNXAUN57RH30.CON,743700FTBNXAUN57RH30,CON,2025-06-30,,S-Pankki Oyj,Finland,4037000000.0,,1,-3.0,1.0,0,,unauffaellig,
report,rs:743700FTBNXAUN57RH30.CON,743700FTBNXAUN57RH30,CON,2025-12-31,,S-Pankki Oyj,Finland,4129000000.0,-0.35,1,-3.0,0.9986,1374,,unauffaellig,
report,rs:743700GC62JLHFBUND16.CON,743700GC62JLHFBUND16,CON,2025-12-31,,Aktia Bank Abp,Finland,3379000000.0,-0.504,,-3.0,0.9827,2025,,unauffaellig,
report,rs:743700PW2HDTPU3YRJ31.CON,743700PW2HDTPU3YRJ31,CON,2025-12-31,,POP Pankkikeskus osk,Finland,2968000000.0,-0.559,,-6.0,0.8438,1407,,unauffaellig,
report,rs:747DLM6L5TO7LXZY5T60.IND,747DLM6L5TO7LXZY5T60,IND,2025-10-31,,Scotiabank (Ireland) Designated Activity Company,Ireland,5324000000.0,,,-6.0,0.8675,0,,unauffaellig,
report,rs:7CUNS533WID6K7DGFI87.CON,7CUNS533WID6K7DGFI87,CON,2025-06-30,,"CaixaBank, S.A.",Spain,241800000000.0,0.868,1,-6.0,0.7971,3903,,unauffaellig,
report,rs:7CUNS533WID6K7DGFI87.CON,7CUNS533WID6K7DGFI87,CON,2025-09-30,,"CaixaBank, S.A.",Spain,243700000000.0,0.825,1,-6.0,0.9869,433,,unauffaellig,
report,rs:7CUNS533WID6K7DGFI87.CON,7CUNS533WID6K7DGFI87,CON,2025-12-31,,"CaixaBank, S.A.",Spain,244500000000.0,1.175,1,-6.0,0.8184,4814,,unauffaellig,
report,rs:7CUNS533WID6K7DGFI87.CON,7CUNS533WID6K7DGFI87,CON,2026-03-31,,"CaixaBank, S.A.",Spain,246600000000.0,0.745,1,-6.0,0.9826,434,,unauffaellig,
report,rs:7LTWFZYICNSX8D621K86.CON,7LTWFZYICNSX8D621K86,CON,2025-06-30,,DEUTSCHE BANK AKTIENGESELLSCHAFT,Germany,340800000000.0,1.036,1,-3.0,0.9857,3960,,unauffaellig,
report,rs:7LTWFZYICNSX8D621K86.CON,7LTWFZYICNSX8D621K86,CON,2025-09-30,,DEUTSCHE BANK AKTIENGESELLSCHAFT,Germany,340400000000.0,1.1,1,-3.0,0.9903,439,,unauffaellig,
report,rs:7LTWFZYICNSX8D621K86.CON,7LTWFZYICNSX8D621K86,CON,2025-12-31,,DEUTSCHE BANK AKTIENGESELLSCHAFT,Germany,347100000000.0,1.248,1,-3.0,0.9776,6102,,unauffaellig,
report,rs:7LTWFZYICNSX8D621K86.CON,7LTWFZYICNSX8D621K86,CON,2026-03-31,,DEUTSCHE BANK AKTIENGESELLSCHAFT,Germany,361100000000.0,1.071,1,-3.0,1.0,437,,unauffaellig,
report,rs:7LVZJ6XRIE7VNZ4UBX81.CON,7LVZJ6XRIE7VNZ4UBX81,CON,2025-06-30,,BANCA MEDIOLANUM S.P.A.,Italy,15360000000.0,-0.928,1,-3.0,0.7367,1887,,unauffaellig,
report,rs:7LVZJ6XRIE7VNZ4UBX81.CON,7LVZJ6XRIE7VNZ4UBX81,CON,2025-09-30,,BANCA MEDIOLANUM S.P.A.,Italy,15240000000.0,-0.36,1,-3.0,1.0,231,,unauffaellig,
report,rs:7LVZJ6XRIE7VNZ4UBX81.CON,7LVZJ6XRIE7VNZ4UBX81,CON,2025-12-31,,BANCA MEDIOLANUM S.P.A.,Italy,16680000000.0,-0.318,1,-3.0,0.7868,2359,,unauffaellig,
report,rs:7V6Z97IO7R1SEAO84Q32.CON,7V6Z97IO7R1SEAO84Q32,CON,2025-12-31,,SpareBank 1 SMN,Norway,,-0.141,,2.0,0.0,1612,,unauffaellig,
report,rs:81560017C4A61A529235.IND,81560017C4A61A529235,IND,2025-12-31,,CASSA DI RISPARMIO DI FERMO S.P.A. (IN FORMA ABBREVIATA CARIFERMO S.P.A.),Italy,902100000.0,-0.792,,-3.0,0.9828,457,,unauffaellig,
report,rs:81560027D07F9BDB8436.CON,81560027D07F9BDB8436,CON,2025-12-31,,CASSA DI RISPARMIO DI ASTI S.P.A. (IN FORMA ABBREVIATA BANCA C.R. ASTI S.P.A.),Italy,5213000000.0,-0.023,,-6.0,0.7863,619,,unauffaellig,
report,rs:81560035485BD7DB3590.IND,81560035485BD7DB3590,IND,2025-12-31,,BANCO DI CREDITO P.AZZOAGLIO - S.P.A.,Italy,726900000.0,-0.794,,-3.0,0.9512,380,,unauffaellig,
report,rs:8156003A4FB445454553.CON,8156003A4FB445454553,CON,2025-12-31,,CASSA DI RISPARMIO DI BOLZANO S.P.A. - SUDTIROLER SPARKASSE AG,Italy,6741000000.0,0.043,,-6.0,0.8616,582,,unauffaellig,
report,rs:8156003D79D064FB5360.IND,8156003D79D064FB5360,IND,2025-12-31,,CASSA LOMBARDA - S.P.A.,Italy,438000000.0,-1.284,,-3.0,0.9727,914,,unauffaellig,
report,rs:8156004BBB6E6B9B6F10.IND,8156004BBB6E6B9B6F10,IND,2025-12-31,,BANCA POPOLARE DI PUGLIA E BASILICATA - SOCIETA' COOPERATIVA PER AZIONI,Italy,1608000000.0,-0.533,,2.0,0.0,511,,unauffaellig,
report,rs:81560051AAE0E0F10021.IND,81560051AAE0E0F10021,IND,2025-12-31,,CHERRY BANK S.P.A. (CON ACRONIMO CHERRY BANK O CHERRY),Italy,,-0.377,,-3.0,1.0,66,,unauffaellig,
report,rs:8156005420362AE59184.CON,8156005420362AE59184,CON,2025-06-30,,BANCA IFIS S.P.A. (OVVERO IFIS BANCA S.P.A. O IN FORMA ABBREVIATA IFIS S.P.A.),Italy,9821000000.0,,1,-6.0,1.0,0,,unauffaellig,
report,rs:8156005420362AE59184.CON,8156005420362AE59184,CON,2025-12-31,,BANCA IFIS S.P.A. (OVVERO IFIS BANCA S.P.A. O IN FORMA ABBREVIATA IFIS S.P.A.),Italy,13910000000.0,0.008,1,-6.0,0.7616,2446,,unauffaellig,
report,rs:8156005C22D0BF134C40.IND,8156005C22D0BF134C40,IND,2025-12-31,,BANCA POPOLARE PUGLIESE - SOCIETA' COOPERATIVA PER AZIONI,Italy,1782000.0,-3.468,,-3.0,0.6031,487,versatz,verdacht,10^3
report,rs:81560062CEAE87A85C80.CON,81560062CEAE87A85C80,CON,2025-12-31,,AREPO BP S.P.A.,Italy,472300000.0,-1.061,,-3.0,0.9882,1271,,unauffaellig,
report,rs:81560064085A02B2B297.CON,81560064085A02B2B297,CON,2025-12-31,,MEDIOCREDITO CENTRALE - BANCA DEL MEZZOGIORNO SPA,Italy,6521000000.0,-0.15,,-6.0,0.8322,1545,,unauffaellig,
report,rs:815600722FAEE18D6013.CON,815600722FAEE18D6013,CON,2025-12-31,,BANCA DEL FUCINO S.P.A.,Italy,2060000000.0,-0.407,,-3.0,0.9873,510,,unauffaellig,
report,rs:8156007C053DC07AC307.IND,8156007C053DC07AC307,IND,2025-12-31,,CREDITO LOMBARDO VENETO S.P.A.,Italy,126500000.0,-1.415,,-3.0,0.9577,426,,unauffaellig,
report,rs:8156007D348794DB1690.CON,8156007D348794DB1690,CON,2025-06-30,,CRÉDIT AGRICOLE ITALIA S.P.A.,Italy,37970000000.0,0.102,1,-4.0,0.9798,1326,,unauffaellig,
report,rs:8156007D348794DB1690.CON,8156007D348794DB1690,CON,2025-09-30,,CRÉDIT AGRICOLE ITALIA S.P.A.,Italy,37740000000.0,0.004,1,-4.0,0.9918,362,,unauffaellig,
report,rs:8156007D348794DB1690.CON,8156007D348794DB1690,CON,2025-12-31,,CRÉDIT AGRICOLE ITALIA S.P.A.,Italy,43760000000.0,0.6,1,-4.0,0.9694,1705,,unauffaellig,
report,rs:815600848DEFE160E913.CON,815600848DEFE160E913,CON,2025-12-31,,IBL ISTITUTO BANCARIO DEL LAVORO S.P.A. (IN FORMA ABBREVIATA IBL BANCA),Italy,3167000000.0,-0.341,,2.0,0.0,542,,unauffaellig,
report,rs:8156008B43CE788F4932.CON,8156008B43CE788F4932,CON,2025-12-31,,BANCA AGRICOLA POPOLARE DI SICILIA SOCIETA' COOPERATIVA PER AZIONI,Italy,2185000000.0,-0.406,,-3.0,0.983,583,,unauffaellig,
report,rs:8156008FC57F3F707049.CON,8156008FC57F3F707049,CON,2025-12-31,,ENTE CAMBIANO SOCIETA' COOPERATIVA PER AZIONI,Italy,1691000000.0,-0.276,,-3.0,0.9788,402,,unauffaellig,
report,rs:815600903231FA2E7698.CON,815600903231FA2E7698,CON,2025-06-30,,BANCA GENERALI - SOCIETA' PER AZIONI (IN FORMA ABBREVIATA GENERBANCA),Italy,5086000000.0,,1,-3.0,1.0,0,,unauffaellig,
report,rs:815600903231FA2E7698.CON,815600903231FA2E7698,CON,2025-12-31,,BANCA GENERALI - SOCIETA' PER AZIONI (IN FORMA ABBREVIATA GENERBANCA),Italy,5465000000.0,-0.348,1,-3.0,0.9705,1893,,unauffaellig,
report,rs:815600914B5015427B51.IND,815600914B5015427B51,IND,2025-12-31,,ZURICH ITALY BANK S.P.A.,Italy,,-2.172,,-6.0,0.4211,663,versatz,unauffaellig,10^3
report,rs:8156009F9B6BB7745A32.CON,8156009F9B6BB7745A32,CON,2025-12-31,,PRIVATA HOLDING S.R.L.,Italy,246300.0,-4.342,,-3.0,0.6574,374,untergrenze|versatz,skaliert,10^3
report,rs:815600A029117B20DD63.CON,815600A029117B20DD63,CON,2025-06-30,,ILLIMITY BANK S.P.A.,Italy,4547000000.0,,,-6.0,0.8788,0,,unauffaellig,
report,rs:815600A32DA05F693F24.CON,815600A32DA05F693F24,CON,2025-12-31,,LA CASSA DI RAVENNA S.P.A.,Italy,2761000000.0,-0.344,,-4.0,0.953,438,,unauffaellig,
report,rs:815600AD83B2B6317788.CON,815600AD83B2B6317788,CON,2025-06-30,,CREDITO EMILIANO HOLDING SOCIETA' PER AZIONI,Italy,22580000000.0,-0.254,1,-3.0,0.9073,2800,,unauffaellig,
report,rs:815600AD83B2B6317788.CON,815600AD83B2B6317788,CON,2025-09-30,,CREDITO EMILIANO HOLDING SOCIETA' PER AZIONI,Italy,22390000000.0,-0.169,1,-3.0,1.0,380,,unauffaellig,
report,rs:815600AD83B2B6317788.CON,815600AD83B2B6317788,CON,2025-12-31,,CREDITO EMILIANO HOLDING SOCIETA' PER AZIONI,Italy,23570000000.0,0.095,1,-3.0,0.9119,3634,,unauffaellig,
report,rs:815600AD83B2B6317788.CON,815600AD83B2B6317788,CON,2026-03-31,,CREDITO EMILIANO HOLDING SOCIETA' PER AZIONI,Italy,23190000000.0,-0.197,1,-3.0,1.0,386,,unauffaellig,
report,rs:815600B43BECA3919584.IND,815600B43BECA3919584,IND,2025-12-31,,BANCA PROMOS S.P.A.,Italy,18320000.0,-2.474,,-3.0,0.9227,394,versatz,verdacht,10^3
report,rs:815600B5C61A10BBB451.CON,815600B5C61A10BBB451,CON,2025-12-31,,BANCA SISTEMA S.P.A.,Italy,1681000000.0,-0.727,,-3.0,0.9804,1327,,unauffaellig,
report,rs:815600B6B356EC776E54.IND,815600B6B356EC776E54,IND,2025-12-31,,CASSA DI RISPARMIO DI VOLTERRA S.P.A.,Italy,815400000.0,-0.746,,-3.0,0.9663,398,,unauffaellig,
report,rs:815600BEE9123CD92E12.CON,815600BEE9123CD92E12,CON,2025-12-31,,BANCA VALSABBINA SOCIETA' COOPERATIVA PER AZIONI (IN BREVE LA VALSABBINA),Italy,3253000000.0,-0.27,,-3.0,0.9903,514,,unauffaellig,
report,rs:815600DDCE9083CAC598.IND,815600DDCE9083CAC598,IND,2025-06-30,,MEDIOBANCA PREMIER S.P.A.,Italy,3431000000.0,-1.77,1,-3.0,0.775,1125,,unauffaellig,
report,rs:815600DDCE9083CAC598.IND,815600DDCE9083CAC598,IND,2025-12-31,,MEDIOBANCA PREMIER S.P.A.,Italy,3543000000.0,-1.046,1,-3.0,0.7875,1441,,unauffaellig,
report,rs:815600E4E6DCD2D25E30.CON,815600E4E6DCD2D25E30,CON,2025-06-30,,BANCO BPM SOCIETA' PER AZIONI,Italy,64280000000.0,0.303,1,-6.0,0.8644,3893,,unauffaellig,
report,rs:815600E4E6DCD2D25E30.CON,815600E4E6DCD2D25E30,CON,2025-09-30,,BANCO BPM SOCIETA' PER AZIONI,Italy,64550000000.0,0.353,1,-6.0,0.9912,434,,unauffaellig,
report,rs:815600E4E6DCD2D25E30.CON,815600E4E6DCD2D25E30,CON,2025-12-31,,BANCO BPM SOCIETA' PER AZIONI,Italy,65280000000.0,0.603,1,-6.0,0.8638,4697,,unauffaellig,
report,rs:815600E4E6DCD2D25E30.CON,815600E4E6DCD2D25E30,CON,2026-03-31,,BANCO BPM SOCIETA' PER AZIONI,Italy,65870000000.0,0.279,1,-6.0,0.9912,436,,unauffaellig,
report,rs:815600F24AE25C9D1B94.CON,815600F24AE25C9D1B94,CON,2025-12-31,,MAURIZIO SELLA - SOCIETA' IN ACCOMANDITA PER AZIONI,Italy,10110000000.0,-0.14,,-6.0,0.8021,1496,,unauffaellig,
report,rs:815600FDD3EB3EA03194.CON,815600FDD3EB3EA03194,CON,2025-12-31,,BANCA POPOLARE DEL LAZIO SOCIETA' COOPERATIVA,Italy,1535000000.0,-0.547,,-3.0,0.9939,492,,unauffaellig,
report,rs:851WYGNLUQLFZBSYGB56.CON,851WYGNLUQLFZBSYGB56,CON,2025-06-30,,COMMERZBANK Aktiengesellschaft,Germany,176100000000.0,0.656,1,2.0,0.0,4488,,unauffaellig,
report,rs:851WYGNLUQLFZBSYGB56.CON,851WYGNLUQLFZBSYGB56,CON,2025-09-30,,COMMERZBANK Aktiengesellschaft,Germany,175000000000.0,0.852,1,2.0,0.0,449,,unauffaellig,
report,rs:851WYGNLUQLFZBSYGB56.CON,851WYGNLUQLFZBSYGB56,CON,2025-12-31,,COMMERZBANK Aktiengesellschaft,Germany,175800000000.0,0.912,1,2.0,0.0,5652,,unauffaellig,
report,rs:851WYGNLUQLFZBSYGB56.CON,851WYGNLUQLFZBSYGB56,CON,2026-03-31,,COMMERZBANK Aktiengesellschaft,Germany,179700000000.0,0.795,1,2.0,0.0,451,,unauffaellig,
report,rs:894500N55FUZ70ZQ1784.CON,894500N55FUZ70ZQ1784,CON,2025-12-31,,Green Opera Finance Invest AB,Sweden,4442000.0,-3.295,,-3.0,0.8947,945,versatz,verdacht,10^3
report,rs:8IBZUGJ7JPLH368JE346.IND,8IBZUGJ7JPLH368JE346,IND,2025-06-30,,Goldman Sachs Bank Europe SE,Germany,56580000000.0,0.246,1,-3.0,0.7154,102,,unauffaellig,
report,rs:8IBZUGJ7JPLH368JE346.IND,8IBZUGJ7JPLH368JE346,IND,2025-09-30,,Goldman Sachs Bank Europe SE,Germany,,,,-3.0,1.0,0,,unauffaellig,
report,rs:8IBZUGJ7JPLH368JE346.IND,8IBZUGJ7JPLH368JE346,IND,2025-12-31,,Goldman Sachs Bank Europe SE,Germany,59330000000.0,0.587,1,-3.0,0.9777,1790,,unauffaellig,
report,rs:8IBZUGJ7JPLH368JE346.IND,8IBZUGJ7JPLH368JE346,IND,2026-03-31,,Goldman Sachs Bank Europe SE,Germany,60200000000.0,0.334,1,-3.0,1.0,298,,unauffaellig,
report,rs:95980020140005012943.CON,95980020140005012943,CON,2025-12-31,,"Caja Rural de Aragón, Sociedad Cooperativa de Crédito",Spain,2289000000.0,-0.398,,-3.0,0.9629,454,,unauffaellig,
report,rs:95980020140005219553.IND,95980020140005219553,IND,2025-12-31,,"Caja Rural de Asturias, Sociedad Cooperativa de Crédito",Spain,2842000000.0,-0.305,,-3.0,0.9776,402,,unauffaellig,
report,rs:95980020140005220135.IND,95980020140005220135,IND,2025-06-30,,"Caja Rural de Granada, Sociedad Cooperativa de Crédito",Spain,3136000000.0,-0.733,1,-3.0,1.0,57,,unauffaellig,
report,rs:95980020140005220135.IND,95980020140005220135,IND,2025-12-31,,"Caja Rural de Granada, Sociedad Cooperativa de Crédito",Spain,3478000000.0,-0.393,1,-3.0,0.9813,1374,,unauffaellig,
report,rs:95980020140005375335.CON,95980020140005375335,CON,2025-12-31,,"Caja Rural del Sur, S. Coop. de Crédito",Spain,5009000000.0,-0.065,,-3.0,0.9672,453,,unauffaellig,
report,rs:95980020140005439549.IND,95980020140005439549,IND,2025-06-30,,"Caja Rural de Navarra, S. Coop. de Crédito",Spain,,,,-3.0,1.0,0,,unauffaellig,
report,rs:95980020140005439549.IND,95980020140005439549,IND,2025-12-31,,"Caja Rural de Navarra, S. Coop. de Crédito",Spain,7708000000.0,-0.104,,-3.0,0.9868,1255,,unauffaellig,
report,rs:95980020140005484654.CON,95980020140005484654,CON,2025-06-30,,"Caja Rural de Albacete, Ciudad Real y Cuenca, Sociedad Cooperativa de Crédito",Spain,3650000000.0,-0.667,1,-3.0,1.0,57,,unauffaellig,
report,rs:95980020140005484654.CON,95980020140005484654,CON,2025-12-31,,"Caja Rural de Albacete, Ciudad Real y Cuenca, Sociedad Cooperativa de Crédito",Spain,3911000000.0,-0.286,1,-3.0,0.992,1232,,unauffaellig,
report,rs:95980020140005552166.CON,95980020140005552166,CON,2025-06-30,,"Eurocaja Rural, Sociedad Cooperativa de Crédito",Spain,4203000000.0,-0.742,1,-3.0,1.0,59,,unauffaellig,
report,rs:95980020140005552166.CON,95980020140005552166,CON,2025-12-31,,"Eurocaja Rural, Sociedad Cooperativa de Crédito",Spain,4360000000.0,-0.353,1,-3.0,0.9093,1503,,unauffaellig,
report,rs:95980020140005658381.IND,95980020140005658381,IND,2025-06-30,,"Aresbank, S.A.",Spain,810900000.0,-1.615,,-3.0,0.9918,468,,unauffaellig,
report,rs:95980020140005658381.IND,95980020140005658381,IND,2025-12-31,,"Aresbank, S.A.",Spain,,-1.102,,-3.0,0.9481,276,,unauffaellig,
report,rs:95980020140005881190.CON,95980020140005881190,CON,2025-06-30,,Banco de Crédito Social Cooperativo,Spain,27790000000.0,-0.069,1,-3.0,0.9786,2195,,unauffaellig,
report,rs:95980020140005881190.CON,95980020140005881190,CON,2025-09-30,,Banco de Crédito Social Cooperativo,Spain,28440000000.0,-0.077,1,-3.0,1.0,250,,unauffaellig,
report,rs:95980020140005881190.CON,95980020140005881190,CON,2025-12-31,,Banco de Crédito Social Cooperativo,Spain,29170000000.0,0.276,1,-3.0,0.9765,2598,,unauffaellig,
report,rs:95980020140005881190.CON,95980020140005881190,CON,2026-03-31,,Banco de Crédito Social Cooperativo,Spain,30190000000.0,-0.103,1,-3.0,1.0,258,,unauffaellig,
report,rs:9598002AYDQER7DXLR16.CON,9598002AYDQER7DXLR16,CON,2025-06-30,,GRUCAJRURAL INVERSIONES SL,Spain,2591000000.0,,,-3.0,1.0,0,,unauffaellig,
report,rs:959800LQ598A5RQASA61.CON,959800LQ598A5RQASA61,CON,2025-06-30,,"Banca March, S.A.",Spain,,-0.806,,-6.0,0.523,515,,unauffaellig,
report,rs:959800LQ598A5RQASA61.CON,959800LQ598A5RQASA61,CON,2025-09-30,,"Banca March, S.A.",Spain,,,,-6.0,1.0,0,,unauffaellig,
report,rs:959800LQ598A5RQASA61.CON,959800LQ598A5RQASA61,CON,2025-12-31,,"Banca March, S.A.",Spain,7573000000.0,-0.089,,-6.0,0.7534,2247,,unauffaellig,
report,rs:959800LQ598A5RQASA61.CON,959800LQ598A5RQASA61,CON,2026-03-31,,"Banca March, S.A.",Spain,,,,-6.0,1.0,0,,unauffaellig,
report,rs:959800R86KE31EAVRC30.CON,959800R86KE31EAVRC30,CON,2025-12-31,,LIBERTY PARTNERS S.L.U.,Spain,1721000000.0,-0.397,,4.0,0.0,856,,unauffaellig,
report,rs:959800VHSP2QBPNRF210.IND,959800VHSP2QBPNRF210,IND,2025-12-31,,"Bank of Africa Europe, S.A.",Spain,327000000.0,-1.239,,-3.0,0.994,292,,unauffaellig,
report,rs:96950001WI712W7PQG45.CON,96950001WI712W7PQG45,CON,2025-06-30,,RCI Banque,France,48170000000.0,-0.005,1,-6.0,0.8488,1688,,unauffaellig,
report,rs:96950001WI712W7PQG45.CON,96950001WI712W7PQG45,CON,2025-12-31,,RCI Banque,France,48930000000.0,0.399,1,-6.0,0.8671,2576,,unauffaellig,
report,rs:9695000CG7B84NLR5984.CON,9695000CG7B84NLR5984,CON,2025-06-30,,Confédération Nationale du Crédit Mutuel,France,369000000000.0,1.001,1,-3.0,1.0,711,,unauffaellig,
report,rs:9695000CG7B84NLR5984.CON,9695000CG7B84NLR5984,CON,2025-12-31,,Confédération Nationale du Crédit Mutuel,France,378900000000.0,1.22,1,-3.0,0.9883,4138,,unauffaellig,
report,rs:9695002JOWSRCLLLNY11.CON,9695002JOWSRCLLLNY11,CON,2025-12-31,,Edmond de Rothschild (France),France,1831000000.0,-0.529,,-3.0,0.9974,316,,unauffaellig,
report,rs:9695002K2HDLD20JU790.CON,9695002K2HDLD20JU790,CON,2025-06-30,,AGENCE FRANCE LOCALE - SOCIETE TERRITORIALE,France,477700000.0,-1.13,1,-6.0,1.0,59,,unauffaellig,
report,rs:9695002K2HDLD20JU790.CON,9695002K2HDLD20JU790,CON,2025-12-31,,AGENCE FRANCE LOCALE - SOCIETE TERRITORIALE,France,455500000.0,-0.543,1,-6.0,0.8186,894,,unauffaellig,
report,rs:96950041VJ1QP0B69503.CON,96950041VJ1QP0B69503,CON,2025-06-30,,Crédit mutuel Arkéa,France,48900000000.0,0.032,1,-6.0,0.7853,2673,,unauffaellig,
report,rs:96950041VJ1QP0B69503.CON,96950041VJ1QP0B69503,CON,2025-09-30,,Crédit mutuel Arkéa,France,48980000000.0,0.201,1,-6.0,0.9855,269,,unauffaellig,
report,rs:96950041VJ1QP0B69503.CON,96950041VJ1QP0B69503,CON,2025-12-31,,Crédit mutuel Arkéa,France,50610000000.0,0.366,1,-6.0,0.8243,3111,,unauffaellig,
report,rs:96950041VJ1QP0B69503.CON,96950041VJ1QP0B69503,CON,2026-03-31,,Crédit mutuel Arkéa,France,51030000000.0,0.176,1,-6.0,0.9856,270,,unauffaellig,
report,rs:9695007EQZDL89LUW373.CON,9695007EQZDL89LUW373,CON,2025-12-31,,Banque Banorient France,France,1044000000.0,-0.569,,-3.0,0.9935,148,,unauffaellig,
report,rs:969500A3Y5KTGJEMDZ32.CON,969500A3Y5KTGJEMDZ32,CON,2026-03-31,,Caisse régionale de crédit agricole mutuel du Languedoc,France,13530000000.0,-0.535,,-6.0,0.9349,260,,unauffaellig,
report,rs:969500A4IPKVUBH3CA90.CON,969500A4IPKVUBH3CA90,CON,2025-12-31,,Banque Delubac et Cie,France,257200.0,-4.128,,-6.0,0.1167,60,untergrenze|versatz,skaliert,10^3
report,rs:969500A9SZ8YP1810S21.CON,969500A9SZ8YP1810S21,CON,2025-12-31,,Caisse d'épargne et de prévoyance Aquitaine Poitou-Charentes,France,,0.051,,-6.0,0.878,871,,unauffaellig,
report,rs:969500AGACQ54Q3UF243.CON,969500AGACQ54Q3UF243,CON,2025-06-30,,Caisse régionale de crédit agricole mutuel de Centre France - Crédit agricole  Centre France (3ème du nom),France,10640000000.0,-0.493,,-6.0,0.6693,763,,unauffaellig,
report,rs:969500B5DNR7Q1ACGD23.CON,969500B5DNR7Q1ACGD23,CON,2026-03-31,,Caisse régionale de crédit agricole mutuel Atlantique Vendée,France,9038000000.0,-0.65,,-6.0,0.9643,245,,unauffaellig,
report,rs:969500CJCTMI93QJKK89.CON,969500CJCTMI93QJKK89,CON,2025-12-31,,Axa banque,France,2999.0,-0.777,,-6.0,0.4731,350,untergrenze_widerlegt,unauffaellig,
report,rs:969500EVOBAGHKZEXA33.CON,969500EVOBAGHKZEXA33,CON,2025-12-31,,Banque populaire Alsace Lorraine Champagne,France,,-0.129,,-6.0,0.7791,1318,,unauffaellig,
report,rs:969500EYG6U339D3TI84.CON,969500EYG6U339D3TI84,CON,2025-06-30,,Crédit Foncier de France,France,,-0.495,,-6.0,0.8034,902,,unauffaellig,
report,rs:969500EYG6U339D3TI84.CON,969500EYG6U339D3TI84,CON,2025-12-31,,Crédit Foncier de France,France,,-0.157,,-6.0,0.7304,995,,unauffaellig,
report,rs:969500F3KYDJBFS4XM73.IND,969500F3KYDJBFS4XM73,IND,2025-12-31,,Bank Audi France,France,491100000.0,-1.027,,-3.0,0.9451,200,,unauffaellig,
report,rs:969500FF9M4SBM5VHR15.CON,969500FF9M4SBM5VHR15,CON,2025-09-30,,Caisse régionale de crédit agricole mutuel Nord de France,France,11740000000.0,-0.486,1,-6.0,0.9832,238,,unauffaellig,
report,rs:969500FF9M4SBM5VHR15.CON,969500FF9M4SBM5VHR15,CON,2026-03-31,,Caisse régionale de crédit agricole mutuel Nord de France,France,12280000000.0,-0.562,1,-6.0,0.9681,249,,unauffaellig,
report,rs:969500FYEXW795NPJO79.CON,969500FYEXW795NPJO79,CON,2026-03-31,,Caisse régionale de crédit agricole mutuel Brie Picardie,France,12360000000.0,-0.554,,-6.0,0.9691,259,,unauffaellig,
report,rs:969500GVS02SJYG9S632.CON,969500GVS02SJYG9S632,CON,2025-12-31,,Carrefour banque,France,1654000000.0,-0.515,,-3.0,0.982,486,,unauffaellig,
report,rs:969500JJWO4PQG0R1C58.CON,969500JJWO4PQG0R1C58,CON,2025-12-31,,CAISSE D'EPARGNE ET DE PREVOYANCE GRAND EST EUROPE,France,,-0.039,,-6.0,0.7965,1237,,unauffaellig,
report,rs:969500JM7VIGQIPZOL49.CON,969500JM7VIGQIPZOL49,CON,2025-12-31,,BANQUE POPULAIRE AUVERGNE RHONE ALPES,France,,0.131,,-6.0,0.8828,1109,,unauffaellig,
report,rs:969500LFTDNMONT2EP08.CON,969500LFTDNMONT2EP08,CON,2025-06-30,,Caisse fédérale de crédit mutuel,France,312600000000.0,0.93,1,-3.0,0.9894,3705,,unauffaellig,
report,rs:969500LFTDNMONT2EP08.CON,969500LFTDNMONT2EP08,CON,2025-09-30,,Caisse fédérale de crédit mutuel,France,312700000000.0,1.021,1,-3.0,1.0,272,,unauffaellig,
report,rs:969500LFTDNMONT2EP08.CON,969500LFTDNMONT2EP08,CON,2025-12-31,,Caisse fédérale de crédit mutuel,France,320000000000.0,1.162,1,-3.0,0.9864,4312,,unauffaellig,
report,rs:969500LFTDNMONT2EP08.CON,969500LFTDNMONT2EP08,CON,2026-03-31,,Caisse fédérale de crédit mutuel,France,334400000000.0,0.961,1,-3.0,1.0,276,,unauffaellig,
report,rs:969500ORP9FTJYI28L37.CON,969500ORP9FTJYI28L37,CON,2025-06-30,,Caisse régionale de crédit agricole mutuel des Savoie,France,12110000000.0,-0.556,,-6.0,0.6387,747,,unauffaellig,
report,rs:969500PI25OKPKTD9364.CON,969500PI25OKPKTD9364,CON,2026-03-31,,Caisse régionale de crédit agricole mutuel de Paris et d'Ile-de-France,France,24620000000.0,-0.147,,-6.0,0.9764,252,,unauffaellig,
report,rs:969500SJXM8MW32ZVG75.CON,969500SJXM8MW32ZVG75,CON,2025-12-31,,Caisse d'épargne et de prévoyance Bretagne-Pays de Loire,France,,0.123,,-6.0,0.8035,938,,unauffaellig,
report,rs:969500STN7T9MRUMJ267.CON,969500STN7T9MRUMJ267,CON,2025-06-30,,Bpifrance,France,94430000000.0,0.543,1,-6.0,0.9367,747,,unauffaellig,
report,rs:969500STN7T9MRUMJ267.CON,969500STN7T9MRUMJ267,CON,2025-12-31,,Bpifrance,France,91450000000.0,0.721,1,-6.0,0.8791,2446,,unauffaellig,
report,rs:969500TU5ZMYBIWP0R51.CON,969500TU5ZMYBIWP0R51,CON,2025-12-31,,Caisse d'Epargne CEPAC,France,,0.155,,-6.0,0.8204,1186,,unauffaellig,
report,rs:969500VHT1ZNPVWOYF63.CON,969500VHT1ZNPVWOYF63,CON,2025-06-30,,BNP Paribas Personal Finance,France,62970000000.0,,1,-6.0,1.0,0,,unauffaellig,
report,rs:969500VHT1ZNPVWOYF63.CON,969500VHT1ZNPVWOYF63,CON,2025-12-31,,BNP Paribas Personal Finance,France,62700000000.0,0.404,1,-6.0,0.6061,1999,,unauffaellig,
report,rs:969500VR2NA6ANMTXH21.CON,969500VR2NA6ANMTXH21,CON,2025-12-31,,Caisse d'épargne et de prévoyance de Rhône Alpes,France,,0.198,,-6.0,0.8324,1228,,unauffaellig,
report,rs:969500W34S6NCZWYBV47.CON,969500W34S6NCZWYBV47,CON,2025-12-31,,Caisse d'épargne et de prévoyance Ile-de-France,France,,0.54,,-6.0,0.8373,1249,,unauffaellig,
report,rs:969500W8SBCXNX1DG443.CON,969500W8SBCXNX1DG443,CON,2025-12-31,,Banque populaire Rives de Paris,France,,0.0,,-6.0,0.7727,1204,,unauffaellig,
report,rs:969500WFZ7C2IBN9TB80.CON,969500WFZ7C2IBN9TB80,CON,2025-12-31,,Banque populaire Grand Ouest,France,,0.049,,-6.0,0.8227,969,,unauffaellig,
report,rs:969500WJ4V0WNG8Q5L42.CON,969500WJ4V0WNG8Q5L42,CON,2025-06-30,,Caisse régionale de crédit agricole mutuel Centre-Est,France,14960000000.0,-0.354,,-6.0,0.6955,760,,unauffaellig,
report,rs:969500X8MO6M37C47827.CON,969500X8MO6M37C47827,CON,2025-06-30,,Caisse régionale de crédit agricole mutuel d'Aquitaine,France,13260000000.0,-0.338,,-6.0,0.6775,745,,unauffaellig,
report,rs:9845006BAF66DZ35C849.CON,9845006BAF66DZ35C849,CON,2025-12-31,,Lunar Group A/S,Denmark,260500000.0,-1.341,,0.0,0.0,307,,unauffaellig,
report,rs:9845006C7B5CC707X660.CON,9845006C7B5CC707X660,CON,2025-06-30,,Swedbank Baltics AS,Latvia,18000000000.0,,,-3.0,1.0,0,,unauffaellig,
report,rs:9845009BE414FBF82130.CON,9845009BE414FBF82130,CON,2025-12-31,,FESTA HOLDING,Bulgaria,522600000.0,-1.209,,-3.0,0.9958,235,,unauffaellig,
report,rs:984500ADEE3DE4F14F51.IND,984500ADEE3DE4F14F51,IND,2025-12-31,,Kompasbank A/S,Denmark,109000000.0,-1.413,,-6.0,0.7017,231,,unauffaellig,
report,rs:984500E4D07499C10435.CON,984500E4D07499C10435,CON,2025-12-31,,TBI FINANCIAL SERVICES B.V.,Netherlands,1450.0,-6.945,,-6.0,0.0,1351,untergrenze|versatz|decimals,skaliert,10^6
report,rs:9CZ7TVMR36CYD5TZBS50.CON,9CZ7TVMR36CYD5TZBS50,CON,2025-06-30,,Banque Internationale à Luxembourg,Luxembourg,10990000000.0,-0.383,1,-6.0,0.7518,3063,,unauffaellig,
report,rs:9CZ7TVMR36CYD5TZBS50.CON,9CZ7TVMR36CYD5TZBS50,CON,2025-09-30,,Banque Internationale à Luxembourg,Luxembourg,11530000000.0,-0.402,1,-6.0,0.9919,364,,unauffaellig,
report,rs:9CZ7TVMR36CYD5TZBS50.CON,9CZ7TVMR36CYD5TZBS50,CON,2025-12-31,,Banque Internationale à Luxembourg,Luxembourg,11730000000.0,-0.022,1,-6.0,0.7741,3361,,unauffaellig,
report,rs:9CZ7TVMR36CYD5TZBS50.CON,9CZ7TVMR36CYD5TZBS50,CON,2026-03-31,,Banque Internationale à Luxembourg,Luxembourg,11700000000.0,-0.437,1,-6.0,0.9919,367,,unauffaellig,
report,rs:9KOGW2C2FCIOJQ7FF485.CON,9KOGW2C2FCIOJQ7FF485,CON,2025-06-30,,"Česká spořitelna, a.s.",Czech,29070000000.0,-0.074,1,-3.0,0.9745,1240,,unauffaellig,
report,rs:9KOGW2C2FCIOJQ7FF485.CON,9KOGW2C2FCIOJQ7FF485,CON,2025-09-30,,"Česká spořitelna, a.s.",Czech,29560000000.0,-0.14,1,-3.0,0.9861,282,,unauffaellig,
report,rs:9KOGW2C2FCIOJQ7FF485.CON,9KOGW2C2FCIOJQ7FF485,CON,2025-12-31,,"Česká spořitelna, a.s.",Czech,28130000000.0,0.391,1,-3.0,0.9789,1722,,unauffaellig,
report,rs:9KOGW2C2FCIOJQ7FF485.CON,9KOGW2C2FCIOJQ7FF485,CON,2026-03-31,,"Česká spořitelna, a.s.",Czech,,-0.208,,-3.0,1.0,297,,unauffaellig,
report,rs:9ZHRYM6F437SQJ6OUG95.CON,9ZHRYM6F437SQJ6OUG95,CON,2025-06-30,,Raiffeisen Bank International AG,Austria,96100000000.0,0.323,1,6.0,0.0,4681,,unauffaellig,
report,rs:9ZHRYM6F437SQJ6OUG95.CON,9ZHRYM6F437SQJ6OUG95,CON,2025-09-30,,Raiffeisen Bank International AG,Austria,97600000000.0,0.492,1,6.0,0.0,439,,unauffaellig,
report,rs:9ZHRYM6F437SQJ6OUG95.CON,9ZHRYM6F437SQJ6OUG95,CON,2025-12-31,,Raiffeisen Bank International AG,Austria,100900000000.0,0.614,1,6.0,0.0,5373,,unauffaellig,
report,rs:A5GWLFH3KM7YV2SFQL84.CON,A5GWLFH3KM7YV2SFQL84,CON,2025-06-30,,Belfius Bank,Belgium,70580000000.0,0.364,1,-6.0,0.9173,2662,,unauffaellig,
report,rs:A5GWLFH3KM7YV2SFQL84.CON,A5GWLFH3KM7YV2SFQL84,CON,2025-09-30,,Belfius Bank,Belgium,70880000000.0,0.372,1,-6.0,0.9848,387,,unauffaellig,
report,rs:A5GWLFH3KM7YV2SFQL84.CON,A5GWLFH3KM7YV2SFQL84,CON,2025-12-31,,Belfius Bank,Belgium,72150000000.0,0.714,1,-6.0,0.9143,3271,,unauffaellig,
report,rs:A5GWLFH3KM7YV2SFQL84.CON,A5GWLFH3KM7YV2SFQL84,CON,2026-03-31,,Belfius Bank,Belgium,70720000000.0,0.344,1,-6.0,0.9926,394,,unauffaellig,
report,rs:AT0000000000043000VB.CON,AT0000000000043000VB,CON,2025-12-31,,VOLKSBANK WIEN AG VB,Austria,16190000000.0,0.059,,6.0,0.0,2844,,unauffaellig,
report,rs:B64D6Y3LBJS4ANNPCU93.CON,B64D6Y3LBJS4ANNPCU93,CON,2025-12-31,,NIBC Bank N.V.,Netherlands,6783000000.0,-0.199,,-3.0,0.9798,1288,,unauffaellig,
report,rs:B81CK4ESI35472RHJ606.CON,B81CK4ESI35472RHJ606,CON,2026-03-31,,Landesbank Baden-Württemberg,Germany,89160000000.0,0.553,,-6.0,0.9955,430,,unauffaellig,
report,rs:BB3BGO3LCED63R8R9R41.CON,BB3BGO3LCED63R8R9R41,CON,2025-12-31,,BANK POLSKIEJ SPOLDZIELCZOSCI S.A.,Poland,1686000000.0,-0.557,,0.0,0.0,1650,,unauffaellig,
report,rs:BFXS5XCH7N0Y05NIXW11.CON,BFXS5XCH7N0Y05NIXW11,CON,2025-06-30,,ABN AMRO Bank N.V.,Netherlands,139800000000.0,0.406,1,-3.0,0.975,3598,,unauffaellig,
report,rs:BFXS5XCH7N0Y05NIXW11.CON,BFXS5XCH7N0Y05NIXW11,CON,2025-09-30,,ABN AMRO Bank N.V.,Netherlands,143100000000.0,0.43,1,-3.0,1.0,273,,unauffaellig,
report,rs:BFXS5XCH7N0Y05NIXW11.CON,BFXS5XCH7N0Y05NIXW11,CON,2025-12-31,,ABN AMRO Bank N.V.,Netherlands,135400000000.0,0.844,1,-3.0,0.9787,3554,,unauffaellig,
report,rs:BFXS5XCH7N0Y05NIXW11.CON,BFXS5XCH7N0Y05NIXW11,CON,2026-03-31,,ABN AMRO Bank N.V.,Netherlands,136600000000.0,0.685,1,-3.0,0.9955,424,,unauffaellig,
report,rs:CXUHEGU3MADZ2CEV7C11.CON,CXUHEGU3MADZ2CEV7C11,CON,2025-12-31,,Eurobank Limited,Cyprus,8617000000.0,-0.119,,-3.0,0.9813,2199,,unauffaellig,
report,rs:D1HEB8VEU6D9M8ZUXG17.CON,D1HEB8VEU6D9M8ZUXG17,CON,2025-06-30,,UniCredit Bank Austria AG,Austria,,0.176,,-6.0,0.7651,1905,,unauffaellig,
report,rs:D1HEB8VEU6D9M8ZUXG17.CON,D1HEB8VEU6D9M8ZUXG17,CON,2025-09-30,,UniCredit Bank Austria AG,Austria,,0.082,,-6.0,0.9694,374,,unauffaellig,
report,rs:D1HEB8VEU6D9M8ZUXG17.CON,D1HEB8VEU6D9M8ZUXG17,CON,2025-12-31,,UniCredit Bank Austria AG,Austria,,0.661,,-6.0,0.7755,2205,,unauffaellig,
report,rs:D1HEB8VEU6D9M8ZUXG17.CON,D1HEB8VEU6D9M8ZUXG17,CON,2026-03-31,,UniCredit Bank Austria AG,Austria,,-0.038,,-6.0,0.9625,381,,unauffaellig,
report,rs:DG3RU1DBUFHT4ZF9WN62.CON,DG3RU1DBUFHT4ZF9WN62,CON,2025-12-31,,Coöperatieve Rabobank U.A.,Netherlands,239200000000.0,0.86,1,-3.0,0.832,4412,,unauffaellig,
report,rs:DG3RU1DBUFHT4ZF9WN62.CON,DG3RU1DBUFHT4ZF9WN62,CON,2026-03-31,,Coöperatieve Rabobank U.A.,Netherlands,245700000000.0,-0.156,1,-3.0,0.9907,401,,unauffaellig,
report,rs:DIZES5CFO5K3I5R58746.CON,DIZES5CFO5K3I5R58746,CON,2025-06-30,,Landesbank Hessen-Thüringen Girozentrale,Germany,56500000000.0,0.178,1,-6.0,0.7596,4073,,unauffaellig,
report,rs:DIZES5CFO5K3I5R58746.CON,DIZES5CFO5K3I5R58746,CON,2025-09-30,,Landesbank Hessen-Thüringen Girozentrale,Germany,55980000000.0,0.392,1,-6.0,0.978,434,,unauffaellig,
report,rs:DIZES5CFO5K3I5R58746.CON,DIZES5CFO5K3I5R58746,CON,2025-12-31,,Landesbank Hessen-Thüringen Girozentrale,Germany,55980000000.0,0.422,1,-6.0,0.7936,4664,,unauffaellig,
report,rs:DIZES5CFO5K3I5R58746.CON,DIZES5CFO5K3I5R58746,CON,2026-03-31,,Landesbank Hessen-Thüringen Girozentrale,Germany,57560000000.0,0.294,1,-6.0,0.9783,434,,unauffaellig,
report,rs:DSNHHQ2B9X5N6OUJ1236.CON,DSNHHQ2B9X5N6OUJ1236,CON,2025-12-31,,Norddeutsche Landesbank - Girozentrale -,Germany,40940000000.0,0.31,1,-6.0,0.8165,4451,,unauffaellig,
report,rs:DSNHHQ2B9X5N6OUJ1236.CON,DSNHHQ2B9X5N6OUJ1236,CON,2026-03-31,,Norddeutsche Landesbank - Girozentrale -,Germany,42040000000.0,0.118,1,-6.0,0.9754,431,,unauffaellig,
report,rs:DZZ47B9A52ZJ6LT6VV95.CON,DZZ47B9A52ZJ6LT6VV95,CON,2025-06-30,,Deutsche Pfandbriefbank AG,Germany,17670.0,-6.158,1018621,-6.0,0.0106,1575,untergrenze|versatz|zeitreihe,skaliert,10^6
report,rs:DZZ47B9A52ZJ6LT6VV95.CON,DZZ47B9A52ZJ6LT6VV95,CON,2025-09-30,,Deutsche Pfandbriefbank AG,Germany,17530.0,-6.502,1026757,-6.0,0.0,316,untergrenze|versatz|zeitreihe|decimals,skaliert,10^6
report,rs:DZZ47B9A52ZJ6LT6VV95.CON,DZZ47B9A52ZJ6LT6VV95,CON,2025-12-31,,Deutsche Pfandbriefbank AG,Germany,17500000000.0,0.19,1,-6.0,0.9193,2254,,unauffaellig,
report,rs:DZZ47B9A52ZJ6LT6VV95.CON,DZZ47B9A52ZJ6LT6VV95,CON,2026-03-31,,Deutsche Pfandbriefbank AG,Germany,18000000000.0,-0.591,1,-6.0,0.9819,326,,unauffaellig,
report,rs:EQYXK86SF381Q21S3020.IND,EQYXK86SF381Q21S3020,IND,2025-06-30,,Bank of America Europe Designated Activity Company,Ireland,55530000000.0,,1,-6.0,1.0,0,,unauffaellig,
report,rs:EQYXK86SF381Q21S3020.IND,EQYXK86SF381Q21S3020,IND,2025-09-30,,Bank of America Europe Designated Activity Company,Ireland,,,,-6.0,1.0,0,,unauffaellig,
report,rs:EQYXK86SF381Q21S3020.IND,EQYXK86SF381Q21S3020,IND,2025-12-31,,Bank of America Europe Designated Activity Company,Ireland,60450000000.0,0.681,1,-6.0,0.8679,2255,,unauffaellig,
report,rs:EV2XZWMLLXF2QRX0CD47.CON,EV2XZWMLLXF2QRX0CD47,CON,2025-06-30,,Kommuninvest - Grupp,Sweden,302300000.0,-0.44,1,0.0,0.0,679,,unauffaellig,
report,rs:EV2XZWMLLXF2QRX0CD47.CON,EV2XZWMLLXF2QRX0CD47,CON,2025-09-30,,Kommuninvest - Grupp,Sweden,276700000.0,-0.302,1,0.0,0.0,163,,unauffaellig,
report,rs:EV2XZWMLLXF2QRX0CD47.CON,EV2XZWMLLXF2QRX0CD47,CON,2025-12-31,,Kommuninvest - Grupp,Sweden,312800000.0,-0.03,1,0.0,0.0,758,,unauffaellig,
report,rs:EV2XZWMLLXF2QRX0CD47.CON,EV2XZWMLLXF2QRX0CD47,CON,2026-03-31,,Kommuninvest - Grupp,Sweden,288900000.0,-0.35,1,0.0,0.0,176,,unauffaellig,
report,rs:F0HUI1NY1AZMJMD8LP67.CON,F0HUI1NY1AZMJMD8LP67,CON,2025-06-30,,HSBC Continental Europe,France,67610000000.0,0.279,1,-3.0,0.9594,3365,,unauffaellig,
report,rs:F0HUI1NY1AZMJMD8LP67.CON,F0HUI1NY1AZMJMD8LP67,CON,2025-12-31,,HSBC Continental Europe,France,60300000000.0,0.604,1,-3.0,0.9725,3770,,unauffaellig,
report,rs:F3JS33DEI6XQ4ZBPTN86.CON,F3JS33DEI6XQ4ZBPTN86,CON,2025-06-30,,Skandinaviska Enskilda Banken - gruppen,Sweden,88810000000.0,0.207,1,-3.0,0.9364,4139,,unauffaellig,
report,rs:F3JS33DEI6XQ4ZBPTN86.CON,F3JS33DEI6XQ4ZBPTN86,CON,2025-09-30,,Skandinaviska Enskilda Banken - gruppen,Sweden,88600000000.0,0.54,1,-3.0,1.0,423,,unauffaellig,
report,rs:F3JS33DEI6XQ4ZBPTN86.CON,F3JS33DEI6XQ4ZBPTN86,CON,2025-12-31,,Skandinaviska Enskilda Banken - gruppen,Sweden,91130000000.0,0.426,1,-3.0,0.9278,4854,,unauffaellig,
report,rs:F3JS33DEI6XQ4ZBPTN86.CON,F3JS33DEI6XQ4ZBPTN86,CON,2026-03-31,,Skandinaviska Enskilda Banken - gruppen,Sweden,92410000000.0,0.471,1,-3.0,1.0,428,,unauffaellig,
report,rs:FR9695005MSX1OYEMGDF.CON,FR9695005MSX1OYEMGDF,CON,2025-06-30,,Groupe BPCE,France,451900000000.0,1.16,1,-6.0,0.7481,4459,,unauffaellig,
report,rs:FR9695005MSX1OYEMGDF.CON,FR9695005MSX1OYEMGDF,CON,2025-09-30,,Groupe BPCE,France,455000000000.0,1.142,1,-6.0,0.9893,255,,unauffaellig,
report,rs:FR9695005MSX1OYEMGDF.CON,FR9695005MSX1OYEMGDF,CON,2025-12-31,,Groupe BPCE,France,463100000000.0,1.25,1,-6.0,0.8022,4181,,unauffaellig,
report,rs:FR9695005MSX1OYEMGDF.CON,FR9695005MSX1OYEMGDF,CON,2026-03-31,,Groupe BPCE,France,470800000000.0,1.161,1,-6.0,0.9929,442,,unauffaellig,
report,rs:FR969500TJ5KRTCJQWXH.CON,FR969500TJ5KRTCJQWXH,CON,2025-06-30,,Groupe Crédit Agricole,France,,1.324,,-6.0,0.8975,1178,,unauffaellig,
report,rs:FR969500TJ5KRTCJQWXH.CON,FR969500TJ5KRTCJQWXH,CON,2025-12-31,,Groupe Crédit Agricole,France,,1.489,,-6.0,0.9193,1174,,unauffaellig,
report,rs:G8ZTNESVNKW4NN761W05.CON,G8ZTNESVNKW4NN761W05,CON,2025-06-30,,ABN AMRO Clearing Bank N.V.,Netherlands,6518000000.0,,1,-3.0,1.0,0,,unauffaellig,
report,rs:G8ZTNESVNKW4NN761W05.CON,G8ZTNESVNKW4NN761W05,CON,2025-12-31,,ABN AMRO Clearing Bank N.V.,Netherlands,6694000000.0,0.019,1,-3.0,0.9832,797,,unauffaellig,
report,rs:GDI8P8WHFH4PS5YTU851.CON,GDI8P8WHFH4PS5YTU851,CON,2025-06-30,,"HAITONG BANK, S.A.",Portugal,2221000000.0,,1,-4.0,1.0,0,,unauffaellig,
report,rs:GDI8P8WHFH4PS5YTU851.CON,GDI8P8WHFH4PS5YTU851,CON,2025-12-31,,"HAITONG BANK, S.A.",Portugal,2112000000.0,-0.688,1,-4.0,0.8872,1403,,unauffaellig,
report,rs:GP5DT10VX1QRQUKVBK64.CON,GP5DT10VX1QRQUKVBK64,CON,2026-03-31,,AL Sydbank A/S,Denmark,18000.0,-6.388,,-3.0,0.5994,337,untergrenze|versatz,skaliert,10^6
report,rs:GTQYZJON3I7SXRNJTT73.IND,GTQYZJON3I7SXRNJTT73,IND,2025-12-31,,BSK 1818 AG,Germany,,0.048,,-4.0,0.7803,1793,,unauffaellig,
report,rs:H0YX5LBGKDVOWCXBZ594.CON,H0YX5LBGKDVOWCXBZ594,CON,2025-06-30,,SBAB Bank AB - Grupp,Sweden,13650000000.0,-0.445,1,-3.0,0.9853,1178,,unauffaellig,
report,rs:H0YX5LBGKDVOWCXBZ594.CON,H0YX5LBGKDVOWCXBZ594,CON,2025-09-30,,SBAB Bank AB - Grupp,Sweden,13640000000.0,-0.285,1,-3.0,1.0,328,,unauffaellig,
report,rs:H0YX5LBGKDVOWCXBZ594.CON,H0YX5LBGKDVOWCXBZ594,CON,2025-12-31,,SBAB Bank AB - Grupp,Sweden,13930000000.0,-0.002,1,-3.0,0.9932,1667,,unauffaellig,
report,rs:H0YX5LBGKDVOWCXBZ594.CON,H0YX5LBGKDVOWCXBZ594,CON,2026-03-31,,SBAB Bank AB - Grupp,Sweden,13970000000.0,-0.32,1,-3.0,0.9972,330,,unauffaellig,
report,rs:H8MIG1MMPR6JXUQVBM04.IND,H8MIG1MMPR6JXUQVBM04,IND,2025-12-31,,Bank BPH S.A.,Poland,574600.0,-3.984,,2.0,0.0,269,untergrenze|versatz,skaliert,10^3
report,rs:HWIPDOTRM1EKRPKYKH81.IND,HWIPDOTRM1EKRPKYKH81,IND,2025-12-31,,Northern Trust Global Services SE,Luxembourg,1419000000.0,-0.254,,-6.0,0.7179,232,,unauffaellig,
report,rs:I6SS27Q1Q3385V753S50.IND,I6SS27Q1Q3385V753S50,IND,2025-06-30,,Raiffeisenlandesbank Oberösterreich Aktiengesellschaft,Austria,27710000000.0,-0.097,1,6.0,0.0,2710,,unauffaellig,
report,rs:I6SS27Q1Q3385V753S50.IND,I6SS27Q1Q3385V753S50,IND,2025-09-30,,Raiffeisenlandesbank Oberösterreich Aktiengesellschaft,Austria,27900000000.0,-0.132,1,6.0,0.0,240,,unauffaellig,
report,rs:I6SS27Q1Q3385V753S50.IND,I6SS27Q1Q3385V753S50,IND,2025-12-31,,Raiffeisenlandesbank Oberösterreich Aktiengesellschaft,Austria,28480000000.0,0.203,1,-3.0,0.9519,2676,,unauffaellig,
report,rs:I6SS27Q1Q3385V753S50.IND,I6SS27Q1Q3385V753S50,IND,2026-03-31,,Raiffeisenlandesbank Oberösterreich Aktiengesellschaft,Austria,28970000000.0,-0.177,1,6.0,0.0,247,,unauffaellig,
report,rs:I6USJ58BDV2BO5KP3C31.CON,I6USJ58BDV2BO5KP3C31,CON,2025-06-30,,"MONETA Money Bank, a.s.",Czech,6777000000.0,,1,2.0,0.0,0,,unauffaellig,
report,rs:I6USJ58BDV2BO5KP3C31.CON,I6USJ58BDV2BO5KP3C31,CON,2025-12-31,,"MONETA Money Bank, a.s.",Czech,6800000000.0,-0.239,1,2.0,0.0,1319,,unauffaellig,
report,rs:I7ETN0QQO2AHZZGHJ389.IND,I7ETN0QQO2AHZZGHJ389,IND,2025-12-31,,KOMMUNALBANKEN AS,Norway,,0.121,,-4.0,0.9136,654,,unauffaellig,
report,rs:I7ETN0QQO2AHZZGHJ389.IND,I7ETN0QQO2AHZZGHJ389,IND,2026-03-31,,KOMMUNALBANKEN AS,Norway,,-0.288,,-4.0,0.9887,117,,unauffaellig,
report,rs:J48C8PCSJVUBR8KCW529.CON,J48C8PCSJVUBR8KCW529,CON,2025-06-30,,BANCA POPOLARE DI SONDRIO SOCIETA' PER AZIONI,Italy,26460000000.0,-0.015,1,-3.0,0.925,3344,,unauffaellig,
report,rs:J48C8PCSJVUBR8KCW529.CON,J48C8PCSJVUBR8KCW529,CON,2025-09-30,,BANCA POPOLARE DI SONDRIO SOCIETA' PER AZIONI,Italy,24330000000.0,-0.131,1,-3.0,0.9973,361,,unauffaellig,
report,rs:J4CP7MHCXR8DAQMKIL78.CON,J4CP7MHCXR8DAQMKIL78,CON,2025-06-30,,Banca Monte dei Paschi di Siena S.p.A.,Italy,45860000000.0,0.225,2,-3.0,0.9457,3314,,unauffaellig,
report,rs:J4CP7MHCXR8DAQMKIL78.CON,J4CP7MHCXR8DAQMKIL78,CON,2025-09-30,,Banca Monte dei Paschi di Siena S.p.A.,Italy,85040000000.0,0.256,1,-3.0,0.9898,390,,unauffaellig,
report,rs:J4CP7MHCXR8DAQMKIL78.CON,J4CP7MHCXR8DAQMKIL78,CON,2025-12-31,,Banca Monte dei Paschi di Siena S.p.A.,Italy,87710000000.0,0.711,1,-3.0,0.955,4400,,unauffaellig,
report,rs:J4CP7MHCXR8DAQMKIL78.CON,J4CP7MHCXR8DAQMKIL78,CON,2026-03-31,,Banca Monte dei Paschi di Siena S.p.A.,Italy,89810000000.0,0.281,1,-3.0,0.9951,403,,unauffaellig,
report,rs:JLS56RAMYQZECFUF2G44.CON,JLS56RAMYQZECFUF2G44,CON,2025-06-30,,ING Belgie,Belgium,48210000000.0,0.119,,-6.0,0.5963,3238,,unauffaellig,
report,rs:JU1U6S0DG9YLT7N8ZV32.CON,JU1U6S0DG9YLT7N8ZV32,CON,2025-06-30,,"Banco Comercial Português, SA",Portugal,40820000000.0,0.001,1,-3.0,0.8675,4045,,unauffaellig,
report,rs:JU1U6S0DG9YLT7N8ZV32.CON,JU1U6S0DG9YLT7N8ZV32,CON,2025-09-30,,"Banco Comercial Português, SA",Portugal,41780000000.0,0.138,1,-3.0,1.0,406,,unauffaellig,
report,rs:JU1U6S0DG9YLT7N8ZV32.CON,JU1U6S0DG9YLT7N8ZV32,CON,2025-12-31,,"Banco Comercial Português, SA",Portugal,42900000000.0,0.326,1,-3.0,0.8804,4951,,unauffaellig,
report,rs:K8MS7FD7N5Z2WQ51AZ71.CON,K8MS7FD7N5Z2WQ51AZ71,CON,2025-06-30,,"Banco Bilbao Vizcaya Argentaria, S.A.",Spain,,0.841,,-6.0,1.0,4115,,unauffaellig,
report,rs:K8MS7FD7N5Z2WQ51AZ71.CON,K8MS7FD7N5Z2WQ51AZ71,CON,2025-09-30,,"Banco Bilbao Vizcaya Argentaria, S.A.",Spain,395300000000.0,1.001,1,-6.0,1.0,442,,unauffaellig,
report,rs:K8MS7FD7N5Z2WQ51AZ71.CON,K8MS7FD7N5Z2WQ51AZ71,CON,2025-12-31,,"Banco Bilbao Vizcaya Argentaria, S.A.",Spain,397200000000.0,1.371,1,-6.0,1.0,3491,,unauffaellig,
report,rs:K8MS7FD7N5Z2WQ51AZ71.CON,K8MS7FD7N5Z2WQ51AZ71,CON,2026-03-31,,"Banco Bilbao Vizcaya Argentaria, S.A.",Spain,408900000000.0,0.992,1,-6.0,1.0,421,,unauffaellig,
report,rs:KFUXYFTU2LHQFQZDQG45.CON,KFUXYFTU2LHQFQZDQG45,CON,2025-06-30,,Kereskedelmi és Hitelbank csoport,Hungary,7592000000.0,-0.524,1,-3.0,0.9462,1624,,unauffaellig,
report,rs:KFUXYFTU2LHQFQZDQG45.CON,KFUXYFTU2LHQFQZDQG45,CON,2025-09-30,,Kereskedelmi és Hitelbank csoport,Hungary,7540000000.0,-0.672,1,-3.0,1.0,355,,unauffaellig,
report,rs:KFUXYFTU2LHQFQZDQG45.CON,KFUXYFTU2LHQFQZDQG45,CON,2025-12-31,,Kereskedelmi és Hitelbank csoport,Hungary,8332000000.0,-0.52,1,-3.0,0.8899,1860,,unauffaellig,
report,rs:KGCEPHLVVKVRZYO1T647.CON,KGCEPHLVVKVRZYO1T647,CON,2025-06-30,,BNP Paribas Fortis,Belgium,187800000000.0,0.71,1,-6.0,0.7828,1733,,unauffaellig,
report,rs:KGCEPHLVVKVRZYO1T647.CON,KGCEPHLVVKVRZYO1T647,CON,2025-09-30,,BNP Paribas Fortis,Belgium,184100000000.0,0.629,1,-6.0,0.9789,393,,unauffaellig,
report,rs:KGCEPHLVVKVRZYO1T647.CON,KGCEPHLVVKVRZYO1T647,CON,2025-12-31,,BNP Paribas Fortis,Belgium,186600000000.0,1.213,1,-6.0,0.8721,2169,,unauffaellig,
report,rs:KGCEPHLVVKVRZYO1T647.CON,KGCEPHLVVKVRZYO1T647,CON,2026-03-31,,BNP Paribas Fortis,Belgium,187900000000.0,0.545,1,-3.0,0.9883,398,,unauffaellig,
report,rs:KR6LSKV3BTSJRD41IF75.CON,KR6LSKV3BTSJRD41IF75,CON,2025-06-30,,"UniCredit Bank Czech Republic and Slovakia, a.s.",Czech,12620000000.0,-0.363,1,-3.0,0.8354,1404,,unauffaellig,
report,rs:KR6LSKV3BTSJRD41IF75.CON,KR6LSKV3BTSJRD41IF75,CON,2025-09-30,,"UniCredit Bank Czech Republic and Slovakia, a.s.",Czech,,-0.01,,-3.0,0.9902,202,,unauffaellig,
report,rs:KR6LSKV3BTSJRD41IF75.CON,KR6LSKV3BTSJRD41IF75,CON,2025-12-31,,"UniCredit Bank Czech Republic and Slovakia, a.s.",Czech,12900000000.0,0.0,1,-3.0,0.8339,1661,,unauffaellig,
report,rs:KR6LSKV3BTSJRD41IF75.CON,KR6LSKV3BTSJRD41IF75,CON,2026-03-31,,"UniCredit Bank Czech Republic and Slovakia, a.s.",Czech,,-0.144,,-3.0,0.9861,214,,unauffaellig,
report,rs:KX1WK48MPD4Y2NCUIZ63.CON,KX1WK48MPD4Y2NCUIZ63,CON,2025-06-30,,Natixis,France,103500000000.0,0.56,1,-6.0,0.8193,2691,,unauffaellig,
report,rs:KX1WK48MPD4Y2NCUIZ63.CON,KX1WK48MPD4Y2NCUIZ63,CON,2025-12-31,,Natixis,France,106800000000.0,0.977,1,-6.0,0.8472,3684,,unauffaellig,
report,rs:LIU16F6VZJSD6UKHD557.CON,LIU16F6VZJSD6UKHD557,CON,2025-06-30,,Nykredit Realkredit A/S,Denmark,69180000000.0,0.103,1,-3.0,0.9905,2003,,unauffaellig,
report,rs:LIU16F6VZJSD6UKHD557.CON,LIU16F6VZJSD6UKHD557,CON,2025-09-30,,Nykredit Realkredit A/S,Denmark,69020000000.0,0.11,1,-3.0,0.9797,380,,unauffaellig,
report,rs:LIU16F6VZJSD6UKHD557.CON,LIU16F6VZJSD6UKHD557,CON,2025-12-31,,Nykredit Realkredit A/S,Denmark,69950000000.0,0.467,1,-3.0,0.9892,2590,,unauffaellig,
report,rs:LIU16F6VZJSD6UKHD557.CON,LIU16F6VZJSD6UKHD557,CON,2026-03-31,,Nykredit Realkredit A/S,Denmark,69500000000.0,0.019,1,-3.0,1.0,370,,unauffaellig,
report,rs:LOO0AWXR8GF142JCO404.CON,LOO0AWXR8GF142JCO404,CON,2025-06-30,,CASSA CENTRALE BANCA - CREDITO COOPERATIVO ITALIANOSOCIETA' PER AZIONI (IN SIGLA CASSA CENTRALE BANCA),Italy,33030000000.0,0.193,1,-6.0,0.9069,2150,,unauffaellig,
report,rs:LOO0AWXR8GF142JCO404.CON,LOO0AWXR8GF142JCO404,CON,2025-09-30,,CASSA CENTRALE BANCA - CREDITO COOPERATIVO ITALIANOSOCIETA' PER AZIONI (IN SIGLA CASSA CENTRALE BANCA),Italy,33210000000.0,0.07,1,-6.0,0.9421,259,,unauffaellig,
report,rs:LOO0AWXR8GF142JCO404.CON,LOO0AWXR8GF142JCO404,CON,2025-12-31,,CASSA CENTRALE BANCA - CREDITO COOPERATIVO ITALIANOSOCIETA' PER AZIONI (IN SIGLA CASSA CENTRALE BANCA),Italy,33610000000.0,0.537,1,-6.0,0.8765,2946,,unauffaellig,
report,rs:M312WZV08Y7LYUC71685.CON,M312WZV08Y7LYUC71685,CON,2025-06-30,,Swedbank - Grupp,Sweden,79710000000.0,0.232,1,-6.0,0.8862,2802,,unauffaellig,
report,rs:M312WZV08Y7LYUC71685.CON,M312WZV08Y7LYUC71685,CON,2025-09-30,,Swedbank - Grupp,Sweden,81470000000.0,0.458,1,-6.0,0.9858,418,,unauffaellig,
report,rs:M312WZV08Y7LYUC71685.CON,M312WZV08Y7LYUC71685,CON,2025-12-31,,Swedbank - Grupp,Sweden,86130000000.0,0.561,1,-6.0,0.8908,3560,,unauffaellig,
report,rs:M312WZV08Y7LYUC71685.CON,M312WZV08Y7LYUC71685,CON,2026-03-31,,Swedbank - Grupp,Sweden,87250000000.0,0.409,1,-6.0,0.9905,417,,unauffaellig,
report,rs:M6AD1Y1KW32H8THQ6F76.CON,M6AD1Y1KW32H8THQ6F76,CON,2025-06-30,,Piraeus Financial Holdings,Greece,36120000000.0,0.016,1,-3.0,0.9683,2437,,unauffaellig,
report,rs:M6AD1Y1KW32H8THQ6F76.CON,M6AD1Y1KW32H8THQ6F76,CON,2025-09-30,,Piraeus Financial Holdings,Greece,36600000000.0,0.042,1,-3.0,0.996,248,,unauffaellig,
report,rs:MAES062Z21O4RZ2U7M96.CON,MAES062Z21O4RZ2U7M96,CON,2025-06-30,,Danske Bank A/S,Denmark,108000000000.0,0.508,1,-3.0,0.9797,3194,,unauffaellig,
report,rs:MAES062Z21O4RZ2U7M96.CON,MAES062Z21O4RZ2U7M96,CON,2025-09-30,,Danske Bank A/S,Denmark,106900000000.0,0.521,1,-3.0,1.0,177,,unauffaellig,
report,rs:MAES062Z21O4RZ2U7M96.CON,MAES062Z21O4RZ2U7M96,CON,2025-12-31,,Danske Bank A/S,Denmark,110100000000.0,0.83,1,-3.0,0.9887,4024,,unauffaellig,
report,rs:MAES062Z21O4RZ2U7M96.CON,MAES062Z21O4RZ2U7M96,CON,2026-03-31,,Danske Bank A/S,Denmark,112100000000.0,0.481,1,-3.0,1.0,275,,unauffaellig,
report,rs:MKP1B7E76TN04CD85Z79.CON,MKP1B7E76TN04CD85Z79,CON,2025-06-30,,BANK OCHRONY ŚRODOWISKA SA,Poland,3309000000.0,,1,-6.0,1.0,0,,unauffaellig,
report,rs:MKP1B7E76TN04CD85Z79.CON,MKP1B7E76TN04CD85Z79,CON,2025-12-31,,BANK OCHRONY ŚRODOWISKA SA,Poland,3381000000.0,-0.443,1,-6.0,0.857,1644,,unauffaellig,
report,rs:MMYX0N4ZEZ13Z4XCG897.IND,MMYX0N4ZEZ13Z4XCG897,IND,2025-06-30,,THE BANK OF NEW YORK MELLON,Belgium,6105000000.0,,1,-6.0,1.0,0,,unauffaellig,
report,rs:MMYX0N4ZEZ13Z4XCG897.IND,MMYX0N4ZEZ13Z4XCG897,IND,2025-09-30,,THE BANK OF NEW YORK MELLON,Belgium,,,,-6.0,1.0,0,,unauffaellig,
report,rs:MMYX0N4ZEZ13Z4XCG897.IND,MMYX0N4ZEZ13Z4XCG897,IND,2025-12-31,,THE BANK OF NEW YORK MELLON,Belgium,6092000000.0,0.148,1,-6.0,0.7286,1738,,unauffaellig,
report,rs:N1FBEDJ5J41VKZLO2475.CON,N1FBEDJ5J41VKZLO2475,CON,2025-06-30,,Citibank Europe plc,Ireland,78460000000.0,0.341,1,-3.0,0.939,2446,,unauffaellig,
report,rs:N1FBEDJ5J41VKZLO2475.CON,N1FBEDJ5J41VKZLO2475,CON,2025-09-30,,Citibank Europe plc,Ireland,78080000000.0,0.68,1,-3.0,0.9971,309,,unauffaellig,
report,rs:N1FBEDJ5J41VKZLO2475.CON,N1FBEDJ5J41VKZLO2475,CON,2025-12-31,,Citibank Europe plc,Ireland,,0.264,,-3.0,0.9633,1204,,unauffaellig,
report,rs:N4JDFKKH2FTD8RKFXO39.CON,N4JDFKKH2FTD8RKFXO39,CON,2025-06-30,,Crédit industriel et commercial - CIC,France,155200000000.0,0.701,1,-3.0,0.9885,3595,,unauffaellig,
report,rs:N4JDFKKH2FTD8RKFXO39.CON,N4JDFKKH2FTD8RKFXO39,CON,2025-09-30,,Crédit industriel et commercial - CIC,France,156000000000.0,0.748,1,-3.0,1.0,272,,unauffaellig,
report,rs:N4JDFKKH2FTD8RKFXO39.CON,N4JDFKKH2FTD8RKFXO39,CON,2025-12-31,,Crédit industriel et commercial - CIC,France,160900000000.0,0.978,1,-3.0,0.9839,4159,,unauffaellig,
report,rs:N4JDFKKH2FTD8RKFXO39.CON,N4JDFKKH2FTD8RKFXO39,CON,2026-03-31,,Crédit industriel et commercial - CIC,France,162600000000.0,0.697,1,-3.0,1.0,274,,unauffaellig,
report,rs:N747OI7JINV7RUUH6190.CON,N747OI7JINV7RUUH6190,CON,2025-06-30,,BPER Banca S.p.A.,Italy,55600000000.0,0.272,1,-6.0,0.7391,3421,,unauffaellig,
report,rs:N747OI7JINV7RUUH6190.CON,N747OI7JINV7RUUH6190,CON,2025-09-30,,BPER Banca S.p.A.,Italy,82360000000.0,0.274,1,-6.0,0.9925,398,,unauffaellig,
report,rs:N747OI7JINV7RUUH6190.CON,N747OI7JINV7RUUH6190,CON,2025-12-31,,BPER Banca S.p.A.,Italy,80140000000.0,0.732,1,-6.0,0.8884,4178,,unauffaellig,
report,rs:NHBDILHZTYCNBV5UYZ31.CON,NHBDILHZTYCNBV5UYZ31,CON,2025-06-30,,Svenska Handelsbanken - gruppen,Sweden,72520000000.0,-0.141,1,0.0,0.0,3319,,unauffaellig,
report,rs:NHBDILHZTYCNBV5UYZ31.CON,NHBDILHZTYCNBV5UYZ31,CON,2025-09-30,,Svenska Handelsbanken - gruppen,Sweden,72490000000.0,0.453,1,0.0,0.0,368,,unauffaellig,
report,rs:NHBDILHZTYCNBV5UYZ31.CON,NHBDILHZTYCNBV5UYZ31,CON,2025-12-31,,Svenska Handelsbanken - gruppen,Sweden,72050000000.0,0.148,1,0.0,0.0,3925,,unauffaellig,
report,rs:NHBDILHZTYCNBV5UYZ31.CON,NHBDILHZTYCNBV5UYZ31,CON,2026-03-31,,Svenska Handelsbanken - gruppen,Sweden,73320000000.0,0.312,1,0.0,0.0,368,,unauffaellig,
report,rs:NICH5Q04ADUV9SN3Q390.CON,NICH5Q04ADUV9SN3Q390,CON,2025-06-30,,BRED - Banque populaire,France,,0.046,,-6.0,0.639,1704,,unauffaellig,
report,rs:NICH5Q04ADUV9SN3Q390.CON,NICH5Q04ADUV9SN3Q390,CON,2025-12-31,,BRED - Banque populaire,France,,0.582,,-6.0,0.8616,1420,,unauffaellig,
report,rs:NMH2KF074RKAGTH4CM63.CON,NMH2KF074RKAGTH4CM63,CON,2025-06-30,,BNP PARIBAS BANK POLSKA S.A,Poland,23120000000.0,-0.248,1,0.0,0.0,1605,,unauffaellig,
report,rs:NMH2KF074RKAGTH4CM63.CON,NMH2KF074RKAGTH4CM63,CON,2025-09-30,,BNP PARIBAS BANK POLSKA S.A,Poland,23320000000.0,-0.04,1,0.0,0.0,240,,unauffaellig,
report,rs:NMH2KF074RKAGTH4CM63.CON,NMH2KF074RKAGTH4CM63,CON,2025-12-31,,BNP PARIBAS BANK POLSKA S.A,Poland,24570000000.0,0.067,1,0.0,0.0,2307,,unauffaellig,
report,rs:NMH2KF074RKAGTH4CM63.CON,NMH2KF074RKAGTH4CM63,CON,2026-03-31,,BNP PARIBAS BANK POLSKA S.A,Poland,23990000000.0,-0.088,1,0.0,0.0,239,,unauffaellig,
report,rs:NNVPP80YIZGEY2314M97.CON,NNVPP80YIZGEY2314M97,CON,2025-06-30,,ICCREA BANCA S.P.A. - ISTITUTO CENTRALE DEL CREDITO COOPERATIVO (IN FORMA ABBREVIATA: ICCREA BANCA S.P.A.),Italy,65030000000.0,0.396,1,-3.0,0.9257,2690,,unauffaellig,
report,rs:NNVPP80YIZGEY2314M97.CON,NNVPP80YIZGEY2314M97,CON,2025-09-30,,ICCREA BANCA S.P.A. - ISTITUTO CENTRALE DEL CREDITO COOPERATIVO (IN FORMA ABBREVIATA: ICCREA BANCA S.P.A.),Italy,65150000000.0,0.368,1,-3.0,1.0,255,,unauffaellig,
report,rs:NNVPP80YIZGEY2314M97.CON,NNVPP80YIZGEY2314M97,CON,2025-12-31,,ICCREA BANCA S.P.A. - ISTITUTO CENTRALE DEL CREDITO COOPERATIVO (IN FORMA ABBREVIATA: ICCREA BANCA S.P.A.),Italy,66440000000.0,0.663,1,-3.0,0.9846,3397,,unauffaellig,
report,rs:NNVPP80YIZGEY2314M97.CON,NNVPP80YIZGEY2314M97,CON,2026-03-31,,ICCREA BANCA S.P.A. - ISTITUTO CENTRALE DEL CREDITO COOPERATIVO (IN FORMA ABBREVIATA: ICCREA BANCA S.P.A.),Italy,66450000000.0,0.326,1,-6.0,0.9886,260,,unauffaellig,
report,rs:O2RNE8IBXP4R0TD8PU41.CON,O2RNE8IBXP4R0TD8PU41,CON,2025-06-30,,Société générale S.A.,France,388000000000.0,1.068,1,-6.0,0.954,2729,,unauffaellig,
report,rs:O2RNE8IBXP4R0TD8PU41.CON,O2RNE8IBXP4R0TD8PU41,CON,2025-09-30,,Société générale S.A.,France,388500000000.0,1.16,1,-6.0,0.9905,456,,unauffaellig,
report,rs:O2RNE8IBXP4R0TD8PU41.CON,O2RNE8IBXP4R0TD8PU41,CON,2025-12-31,,Société générale S.A.,France,393100000000.0,1.203,1,-6.0,0.8958,4421,,unauffaellig,
report,rs:O2RNE8IBXP4R0TD8PU41.CON,O2RNE8IBXP4R0TD8PU41,CON,2026-03-31,,Société générale S.A.,France,397200000000.0,1.109,1,-6.0,1.0,459,,unauffaellig,
report,rs:P4GTT6GF1W40CVIMFR43.CON,P4GTT6GF1W40CVIMFR43,CON,2025-06-30,,Powszechna Kasa Oszczednosci Bank Polski S.A.,Poland,64460000000.0,0.288,1,-6.0,0.8749,1957,,unauffaellig,
report,rs:P4GTT6GF1W40CVIMFR43.CON,P4GTT6GF1W40CVIMFR43,CON,2025-09-30,,Powszechna Kasa Oszczednosci Bank Polski S.A.,Poland,65720000000.0,0.316,1,-6.0,0.9844,255,,unauffaellig,
report,rs:P4GTT6GF1W40CVIMFR43.CON,P4GTT6GF1W40CVIMFR43,CON,2025-12-31,,Powszechna Kasa Oszczednosci Bank Polski S.A.,Poland,69420000000.0,0.531,1,-6.0,0.7109,3186,,unauffaellig,
report,rs:P4GTT6GF1W40CVIMFR43.CON,P4GTT6GF1W40CVIMFR43,CON,2026-03-31,,Powszechna Kasa Oszczednosci Bank Polski S.A.,Poland,70360000000.0,0.291,1,-6.0,0.9922,257,,unauffaellig,
report,rs:PQOH26KWDF7CG10L6792.CON,PQOH26KWDF7CG10L6792,CON,2025-06-30,,Erste Group Bank AG,Austria,152600.0,-4.944,1,6.0,0.0,4792,untergrenze|versatz,skaliert,10^6
report,rs:PQOH26KWDF7CG10L6792.CON,PQOH26KWDF7CG10L6792,CON,2025-09-30,,Erste Group Bank AG,Austria,151100.0,-5.274,1,6.0,0.0,439,untergrenze|versatz,skaliert,10^6
report,rs:PRNXTNXHBI0TSY1V8P17.CON,PRNXTNXHBI0TSY1V8P17,CON,2025-06-30,,Zagrebačka banka d.d.,Croatia,11670.0,-6.383,1,-3.0,0.3081,1284,untergrenze|versatz,skaliert,10^6
report,rs:PRNXTNXHBI0TSY1V8P17.CON,PRNXTNXHBI0TSY1V8P17,CON,2025-09-30,,Zagrebačka banka d.d.,Croatia,11550.0,-6.37,1,-3.0,0.5292,234,untergrenze|versatz,skaliert,10^6
report,rs:PRNXTNXHBI0TSY1V8P17.CON,PRNXTNXHBI0TSY1V8P17,CON,2025-12-31,,Zagrebačka banka d.d.,Croatia,12050.0,-5.877,1,-3.0,0.2218,2003,untergrenze|versatz,skaliert,10^6
report,rs:PRNXTNXHBI0TSY1V8P17.CON,PRNXTNXHBI0TSY1V8P17,CON,2026-03-31,,Zagrebačka banka d.d.,Croatia,12290.0,-6.407,1,-3.0,0.5,246,untergrenze|versatz,skaliert,10^6
report,rs:PSNL19R2RXX5U3QWHI44.CON,PSNL19R2RXX5U3QWHI44,CON,2025-06-30,,MEDIOBANCA - BANCA DI CREDITO FINANZIARIO S.P.A.,Italy,46090000000.0,0.002,1,-3.0,0.9886,3185,,unauffaellig,
report,rs:PSNL19R2RXX5U3QWHI44.CON,PSNL19R2RXX5U3QWHI44,CON,2025-09-30,,MEDIOBANCA - BANCA DI CREDITO FINANZIARIO S.P.A.,Italy,45220000000.0,0.126,1,-3.0,1.0,379,,unauffaellig,
report,rs:PSNL19R2RXX5U3QWHI44.IND,PSNL19R2RXX5U3QWHI44,IND,2025-12-31,,MEDIOBANCA - BANCA DI CREDITO FINANZIARIO S.P.A.,Italy,34040000000.0,0.217,,-3.0,0.9216,1421,,unauffaellig,
report,rs:PWEFG14QWWESISQ84C69.CON,PWEFG14QWWESISQ84C69,CON,2025-12-31,,IKB Deutsche Industriebank Aktiengesellschaft,Germany,5614000000.0,-0.016,,-6.0,0.9978,379,,unauffaellig,
report,rs:Q5BP2UEQ48R75BOTCB92.CON,Q5BP2UEQ48R75BOTCB92,CON,2025-06-30,,"Československá obchodní banka, a.s.",Czech,21640000000.0,0.12,,-3.0,1.0,64,,unauffaellig,
report,rs:Q5BP2UEQ48R75BOTCB92.CON,Q5BP2UEQ48R75BOTCB92,CON,2025-12-31,,"Československá obchodní banka, a.s.",Czech,,0.349,,-3.0,0.9832,477,,unauffaellig,
report,rs:QS3ZEAHRBZY9228Z0111.IND,QS3ZEAHRBZY9228Z0111,IND,2025-12-31,,Bank Julius Baer Europe S.A.,Luxembourg,673800000.0,-0.864,,-3.0,0.9739,230,,unauffaellig,
report,rs:R0MUWSFPU8MPRO8K5P83.CON,R0MUWSFPU8MPRO8K5P83,CON,2025-06-30,,BNP Paribas,France,788800000000.0,1.263,1,-6.0,0.8353,4313,,unauffaellig,
report,rs:R0MUWSFPU8MPRO8K5P83.CON,R0MUWSFPU8MPRO8K5P83,CON,2025-09-30,,BNP Paribas,France,779200000000.0,1.453,1,-6.0,0.9764,429,,unauffaellig,
report,rs:R0MUWSFPU8MPRO8K5P83.CON,R0MUWSFPU8MPRO8K5P83,CON,2025-12-31,,BNP Paribas,France,779500000000.0,1.547,1,-6.0,0.8609,5232,,unauffaellig,
report,rs:R0MUWSFPU8MPRO8K5P83.CON,R0MUWSFPU8MPRO8K5P83,CON,2026-03-31,,BNP Paribas,France,783900000000.0,1.4,1,-3.0,0.9881,427,,unauffaellig,
report,rs:R1IO4YJ0O79SMWVCHB58.IND,R1IO4YJ0O79SMWVCHB58,IND,2025-12-31,,Banque centrale de compensation,France,995600000.0,0.536,,-3.0,1.0,224,,unauffaellig,
report,rs:R7CQUF1DQM73HUTV1078.IND,R7CQUF1DQM73HUTV1078,IND,2025-06-30,,"Banque et Caisse d´Epargne de l´Etat, Luxembourg",Luxembourg,21140000000.0,-0.238,1,-3.0,0.81,2308,,unauffaellig,
report,rs:R7CQUF1DQM73HUTV1078.IND,R7CQUF1DQM73HUTV1078,IND,2025-09-30,,"Banque et Caisse d´Epargne de l´Etat, Luxembourg",Luxembourg,21180000000.0,-0.06,1,-3.0,1.0,388,,unauffaellig,
report,rs:R7CQUF1DQM73HUTV1078.IND,R7CQUF1DQM73HUTV1078,IND,2025-12-31,,"Banque et Caisse d´Epargne de l´Etat, Luxembourg",Luxembourg,21600000000.0,0.124,1,-3.0,0.8388,3128,,unauffaellig,
report,rs:RG3IZJKPYQ4H6IQPIC08.IND,RG3IZJKPYQ4H6IQPIC08,IND,2025-06-30,,Addiko Bank d.d.,Croatia,1160000000.0,,1,-3.0,1.0,0,,unauffaellig,
report,rs:RG3IZJKPYQ4H6IQPIC08.IND,RG3IZJKPYQ4H6IQPIC08,IND,2025-12-31,,Addiko Bank d.d.,Croatia,1156000000.0,-1.121,1,-3.0,0.8352,1739,,unauffaellig,
report,rs:RRUN0TCQ1K2JDV7MXO75.CON,RRUN0TCQ1K2JDV7MXO75,CON,2025-06-30,,Oberbank AG,Austria,18990.0,,1,6.0,0.0,0,untergrenze,skaliert,
report,rs:RRUN0TCQ1K2JDV7MXO75.CON,RRUN0TCQ1K2JDV7MXO75,CON,2025-12-31,,Oberbank AG,Austria,19360.0,-5.864,1,6.0,0.0,2368,untergrenze|versatz,skaliert,10^6
report,rs:RUOKPID0PZ0UWJYU9J61.CON,RUOKPID0PZ0UWJYU9J61,CON,2025-10-31,,John Deere Bank S.A.,Luxembourg,,,,-3.0,1.0,0,,unauffaellig,
report,rs:RY3KI4Q2655O2GIL8D68.CON,RY3KI4Q2655O2GIL8D68,CON,2025-12-31,,BANCA INVESTIS S.P.A.,Italy,245100000.0,-1.185,,-3.0,0.965,353,,unauffaellig,
report,rs:SI5RG2M0WQQLZCXKRM20.CON,SI5RG2M0WQQLZCXKRM20,CON,2025-06-30,,"Banco de Sabadell, S.A.",Spain,79260000000.0,0.44,1,-6.0,0.8782,3433,,unauffaellig,
report,rs:SI5RG2M0WQQLZCXKRM20.CON,SI5RG2M0WQQLZCXKRM20,CON,2025-09-30,,"Banco de Sabadell, S.A.",Spain,79710000000.0,0.392,1,-6.0,0.9936,403,,unauffaellig,
report,rs:SI5RG2M0WQQLZCXKRM20.CON,SI5RG2M0WQQLZCXKRM20,CON,2025-12-31,,"Banco de Sabadell, S.A.",Spain,80110000000.0,0.729,1,-6.0,0.8864,4135,,unauffaellig,
report,rs:SI5RG2M0WQQLZCXKRM20.CON,SI5RG2M0WQQLZCXKRM20,CON,2026-03-31,,"Banco de Sabadell, S.A.",Spain,80720000000.0,0.308,1,-6.0,0.9877,412,,unauffaellig,
report,rs:SX0CI4F7GVW5530ZMN03.IND,SX0CI4F7GVW5530ZMN03,IND,2025-12-31,,Wells Fargo Bank International Unlimited Company,Ireland,6840000000.0,-0.018,,-6.0,0.732,341,,unauffaellig,
report,rs:TO822O0VT80V06K0FH57.CON,TO822O0VT80V06K0FH57,CON,2025-12-31,,"Caixa Geral de Depósitos, S.A.",Portugal,47950000000.0,0.575,,-3.0,0.9793,2372,,unauffaellig,
report,rs:TPS0Q8GFSZF45ZZFL873.CON,TPS0Q8GFSZF45ZZFL873,CON,2025-12-31,,Société Générale Luxembourg,Luxembourg,16530000.0,-2.811,,-6.0,0.4159,1420,versatz,verdacht,10^3
report,rs:TUKDD90GPC79G1KOE162.CON,TUKDD90GPC79G1KOE162,CON,2025-06-30,,Hamburg Commercial Bank AG,Germany,14740000000.0,-0.197,1,-6.0,0.8855,1911,,unauffaellig,
report,rs:TUKDD90GPC79G1KOE162.CON,TUKDD90GPC79G1KOE162,CON,2025-09-30,,Hamburg Commercial Bank AG,Germany,13970000000.0,-0.338,1,-6.0,0.9843,376,,unauffaellig,
report,rs:TUKDD90GPC79G1KOE162.CON,TUKDD90GPC79G1KOE162,CON,2025-12-31,,Hamburg Commercial Bank AG,Germany,13050000000.0,0.153,1,-6.0,0.8618,2435,,unauffaellig,
report,rs:UAIAINAJ28P30E5GWE37.CON,UAIAINAJ28P30E5GWE37,CON,2025-06-30,,BGL BNP Paribas,Luxembourg,,,,-6.0,1.0,0,,unauffaellig,
report,rs:UAIAINAJ28P30E5GWE37.CON,UAIAINAJ28P30E5GWE37,CON,2025-12-31,,BGL BNP Paribas,Luxembourg,33600000000.0,0.393,,-6.0,0.7932,1790,,unauffaellig,
report,rs:UI802FYJ52XDB7N4KN18.CON,UI802FYJ52XDB7N4KN18,CON,2025-06-30,,BANCA NAZIONALE DEL LAVORO S.P.A. (IN FORMA CONTRATTA BNL S.P.A.),Italy,45890000000.0,0.26,1,-4.0,0.9822,388,,unauffaellig,
report,rs:UI802FYJ52XDB7N4KN18.CON,UI802FYJ52XDB7N4KN18,CON,2025-12-31,,BANCA NAZIONALE DEL LAVORO S.P.A. (IN FORMA CONTRATTA BNL S.P.A.),Italy,46570000000.0,0.52,1,-4.0,0.9544,2194,,unauffaellig,
report,rs:VDYMYTQGZZ6DU0912C88.CON,VDYMYTQGZZ6DU0912C88,CON,2025-06-30,,Bayerische Landesbank,Germany,63500000000.0,0.359,1,-3.0,0.9798,3678,,unauffaellig,
report,rs:VDYMYTQGZZ6DU0912C88.CON,VDYMYTQGZZ6DU0912C88,CON,2025-09-30,,Bayerische Landesbank,Germany,64060000000.0,0.524,1,-3.0,1.0,416,,unauffaellig,
report,rs:VDYMYTQGZZ6DU0912C88.CON,VDYMYTQGZZ6DU0912C88,CON,2025-12-31,,Bayerische Landesbank,Germany,65310000000.0,0.675,1,-3.0,0.9726,4072,,unauffaellig,
report,rs:VDYMYTQGZZ6DU0912C88.CON,VDYMYTQGZZ6DU0912C88,CON,2026-03-31,,Bayerische Landesbank,Germany,66830000000.0,0.431,1,-3.0,1.0,416,,unauffaellig,
report,rs:VWMYAEQSTOPNV0SUGU82.CON,VWMYAEQSTOPNV0SUGU82,CON,2025-06-30,,"Bankinter, S.A.",Spain,43970000000.0,0.171,1,-3.0,0.986,2460,,unauffaellig,
report,rs:VWMYAEQSTOPNV0SUGU82.CON,VWMYAEQSTOPNV0SUGU82,CON,2025-12-31,,"Bankinter, S.A.",Spain,45450000000.0,0.435,1,-3.0,0.9844,3230,,unauffaellig,
report,rs:VWMYAEQSTOPNV0SUGU82.CON,VWMYAEQSTOPNV0SUGU82,CON,2026-03-31,,"Bankinter, S.A.",Spain,45570000000.0,0.067,1,-3.0,1.0,390,,unauffaellig,
report,rs:XLEZHWWOI4HFQDGL4793.CON,XLEZHWWOI4HFQDGL4793,CON,2025-09-30,,BANK HANDLOWY W WARSZAWIE SA,Poland,7611000000.0,-0.201,1,-6.0,0.9962,244,,unauffaellig,
report,rs:XLEZHWWOI4HFQDGL4793.CON,XLEZHWWOI4HFQDGL4793,CON,2025-12-31,,BANK HANDLOWY W WARSZAWIE SA,Poland,7821000000.0,-0.197,1,-6.0,0.7953,2163,,unauffaellig,
report,rs:XLEZHWWOI4HFQDGL4793.CON,XLEZHWWOI4HFQDGL4793,CON,2026-03-31,,BANK HANDLOWY W WARSZAWIE SA,Poland,8021000000.0,-0.258,1,-6.0,1.0,246,,unauffaellig,
report,rs:XTC5E2QFTEF0435JWL77.CON,XTC5E2QFTEF0435JWL77,CON,2025-12-31,,Nederlandse Financierings-Maatschappij voor Ontwikkelingslanden N.V.,Netherlands,14030000000.0,0.242,,-6.0,0.9429,378,,unauffaellig,
report,rs:Y28RT6GGYJ696PMW8T44.CON,Y28RT6GGYJ696PMW8T44,CON,2025-12-31,,UniCredit csoport,Hungary,4725000000.0,-0.436,,-3.0,0.8241,2221,,unauffaellig,
report,rs:Y28RT6GGYJ696PMW8T44.CON,Y28RT6GGYJ696PMW8T44,CON,2026-03-31,,UniCredit csoport,Hungary,,,,-3.0,1.0,0,,unauffaellig,
template,rs:213800A1O379I6DMCU10.IND,213800A1O379I6DMCU10,IND,2025-06-30,60.00.A,APS BANK P.L.C.,Malta,,-4.301,5476,,,18,template_sprung,skaliert,10^3
template,rs:213800A1O379I6DMCU10.IND,213800A1O379I6DMCU10,IND,2025-12-31,25.00,APS BANK P.L.C.,Malta,,-3.405,348,,,90,template_sprung,skaliert,10^3
template,rs:213800DBQIB6VBNU5C64.CON,213800DBQIB6VBNU5C64,CON,2025-06-30,23.00,Alpha Bank S.A.,Greece,,-5.665,2406390,,,15,template_sprung,skaliert,10^6
template,rs:213800M7T3CYVZ3ZRT12.CON,213800M7T3CYVZ3ZRT12,CON,2025-06-30,41.00,Sparebanken Norge,Norway,,-6.713,1058524,,,408,template_sprung,skaliert,10^6
template,rs:213800M7T3CYVZ3ZRT12.CON,213800M7T3CYVZ3ZRT12,CON,2025-06-30,42.00.A,Sparebanken Norge,Norway,,-5.657,648983,,,45,template_sprung,skaliert,10^6
template,rs:213800M7T3CYVZ3ZRT12.CON,213800M7T3CYVZ3ZRT12,CON,2025-06-30,45.00.A,Sparebanken Norge,Norway,,-5.628,907438,,,125,template_sprung,skaliert,10^6
template,rs:259400YLRTOBISHBVX41.CON,259400YLRTOBISHBVX41,CON,2025-06-30,67.01.A,ING Bank Slaski S.A.,Poland,,-6.672,1060056,,,84,template_sprung,skaliert,10^6
template,rs:3157002JBFAI478MD587.CON,3157002JBFAI478MD587,CON,2025-12-31,42.00.A,"Tatra banka, a.s.",Slovakia,,-6.275,838262,,,52,template_sprung,skaliert,10^6
template,rs:3157002JBFAI478MD587.CON,3157002JBFAI478MD587,CON,2025-12-31,45.00.A,"Tatra banka, a.s.",Slovakia,,-6.313,470578,,,143,template_sprung,skaliert,10^6
template,rs:529900HEKOENJHPNN480.CON,529900HEKOENJHPNN480,CON,2025-06-30,68.00,Kuntarahoitus Oyj,Finland,,-3.08,3229,,,16,template_sprung,skaliert,10^3
template,rs:5493006QMFDDMYWIAM13.CON,5493006QMFDDMYWIAM13,CON,2025-06-30,83.01.C,"Banco Santander, S.A.",Spain,,-3.675,2715909,,,39,template_sprung,skaliert,10^6
template,rs:5493006QMFDDMYWIAM13.CON,5493006QMFDDMYWIAM13,CON,2025-06-30,83.01.D,"Banco Santander, S.A.",Spain,,-3.911,1697522,,,25,template_sprung,skaliert,10^6
template,rs:5493008QRHH0XCLJ4238.CON,5493008QRHH0XCLJ4238,CON,2025-06-30,61.00,BRD-Groupe Société Générale SA,Romania,,-3.19,2155,,,55,template_sprung,skaliert,10^3
template,rs:5493008QRHH0XCLJ4238.CON,5493008QRHH0XCLJ4238,CON,2025-06-30,73.00.C,BRD-Groupe Société Générale SA,Romania,,-3.609,3746,,,76,template_sprung,skaliert,10^3
template,rs:5493008QRHH0XCLJ4238.CON,5493008QRHH0XCLJ4238,CON,2025-06-30,73.00.D,BRD-Groupe Société Générale SA,Romania,,-3.57,3224,,,36,template_sprung,skaliert,10^3
template,rs:5493008QRHH0XCLJ4238.CON,5493008QRHH0XCLJ4238,CON,2025-06-30,74.00.A,BRD-Groupe Société Générale SA,Romania,,-3.581,2483,,,142,template_sprung,skaliert,10^3
template,rs:5493008QRHH0XCLJ4238.CON,5493008QRHH0XCLJ4238,CON,2025-06-30,74.00.C,BRD-Groupe Société Générale SA,Romania,,-3.647,2865,,,132,template_sprung,skaliert,10^3
template,rs:5493008QRHH0XCLJ4238.CON,5493008QRHH0XCLJ4238,CON,2025-06-30,74.00.E,BRD-Groupe Société Générale SA,Romania,,-3.844,3108,,,16,template_sprung,skaliert,10^3
template,rs:5493008QRHH0XCLJ4238.CON,5493008QRHH0XCLJ4238,CON,2025-09-30,73.00.C,BRD-Groupe Société Générale SA,Romania,,-3.54,3198,,,76,template_sprung,skaliert,10^3
template,rs:5493008QRHH0XCLJ4238.CON,5493008QRHH0XCLJ4238,CON,2025-09-30,73.00.D,BRD-Groupe Société Générale SA,Romania,,-3.523,2892,,,36,template_sprung,skaliert,10^3
template,rs:549300DVPJYGNF2P7B03.CON,549300DVPJYGNF2P7B03,CON,2025-12-31,21.02,Steiermärkische Bank und Sparkassen Aktiengesellschaft,Austria,,-3.43,559,,,17,template_sprung,skaliert,10^3
template,rs:549300IQZVZ949N37S44.CON,549300IQZVZ949N37S44,CON,2025-06-30,68.00,Euroclear Holding,Belgium,,-2.729,3313,,,16,template_sprung,skaliert,10^3
template,rs:549300L7YCATGO57ZE10.CON,549300L7YCATGO57ZE10,CON,2025-06-30,83.01.C,FINECOBANK BANCA FINECO S.P.A. (IN BREVE FINECOBANK S.P.A. OVVERO BANCA FINECO S.P.A. OVVERO FINECO BANCA S.P.A.),Italy,,-3.049,2429,,,19,template_sprung,skaliert,10^3
template,rs:549300OLBL49CW8CT155.CON,549300OLBL49CW8CT155,CON,2025-06-30,42.00.A,"Ibercaja Banco, S.A.",Spain,,-6.115,1055257,,,60,template_sprung,skaliert,10^6
template,rs:549300RG3H390KEL8896.CON,549300RG3H390KEL8896,CON,2025-06-30,73.00.C,Banca Transilvania,Romania,,-3.197,15419,,,80,template_sprung,skaliert,10^3
template,rs:549300RG3H390KEL8896.CON,549300RG3H390KEL8896,CON,2025-06-30,73.00.D,Banca Transilvania,Romania,,-2.897,3686,,,32,template_sprung,skaliert,10^3
template,rs:969500CJCTMI93QJKK89.CON,969500CJCTMI93QJKK89,CON,2025-12-31,61.00,Axa banque,France,2999.0,-0.777,,-6.0,,350,untergrenze,skaliert,
template,rs:9ZHRYM6F437SQJ6OUG95.CON,9ZHRYM6F437SQJ6OUG95,CON,2025-12-31,68.00,Raiffeisen Bank International AG,Austria,,-1.936,400,,,16,template_sprung,skaliert,10^3
template,rs:D1HEB8VEU6D9M8ZUXG17.CON,D1HEB8VEU6D9M8ZUXG17,CON,2025-12-31,71.00,UniCredit Bank Austria AG,Austria,,-4.604,73289,,,45,template_sprung,skaliert,10^6
template,rs:DG3RU1DBUFHT4ZF9WN62.CON,DG3RU1DBUFHT4ZF9WN62,CON,2026-03-31,61.00,Coöperatieve Rabobank U.A.,Netherlands,,-2.037,4095,,,59,template_sprung,skaliert,10^3
template,rs:DG3RU1DBUFHT4ZF9WN62.CON,DG3RU1DBUFHT4ZF9WN62,CON,2026-03-31,73.00.C,Coöperatieve Rabobank U.A.,Netherlands,,-5.055,3310567,,,104,template_sprung,skaliert,10^6
template,rs:DG3RU1DBUFHT4ZF9WN62.CON,DG3RU1DBUFHT4ZF9WN62,CON,2026-03-31,73.00.D,Coöperatieve Rabobank U.A.,Netherlands,,-4.869,3225744,,,40,template_sprung,skaliert,10^6
template,rs:FR9695005MSX1OYEMGDF.CON,FR9695005MSX1OYEMGDF,CON,2025-06-30,97.00.A,Groupe BPCE,France,,-5.469,10341964,,,15,template_sprung,skaliert,10^6
template,rs:FR9695005MSX1OYEMGDF.CON,FR9695005MSX1OYEMGDF,CON,2025-12-31,26.00.A,Groupe BPCE,France,,-4.988,577917,,,766,template_sprung,skaliert,10^6
template,rs:FR9695005MSX1OYEMGDF.CON,FR9695005MSX1OYEMGDF,CON,2025-12-31,26.00.B,Groupe BPCE,France,,-4.878,612533,,,12,template_sprung,skaliert,10^6
template,rs:FR9695005MSX1OYEMGDF.CON,FR9695005MSX1OYEMGDF,CON,2025-12-31,27.02.A,Groupe BPCE,France,,-1.912,902,,,16,template_sprung,skaliert,10^3
template,rs:K8MS7FD7N5Z2WQ51AZ71.CON,K8MS7FD7N5Z2WQ51AZ71,CON,2025-06-30,74.00.A,"Banco Bilbao Vizcaya Argentaria, S.A.",Spain,,-1.498,735,,,71,template_sprung,skaliert,10^3
template,rs:K8MS7FD7N5Z2WQ51AZ71.CON,K8MS7FD7N5Z2WQ51AZ71,CON,2025-06-30,83.01.C,"Banco Bilbao Vizcaya Argentaria, S.A.",Spain,,1.063,871,,,31,template_sprung,skaliert,10^3
template,rs:KFUXYFTU2LHQFQZDQG45.CON,KFUXYFTU2LHQFQZDQG45,CON,2025-12-31,41.00,Kereskedelmi és Hitelbank csoport,Hungary,,-0.9,987765,,,441,template_sprung,skaliert,10^6
template,rs:KR6LSKV3BTSJRD41IF75.CON,KR6LSKV3BTSJRD41IF75,CON,2025-12-31,29.02.A,"UniCredit Bank Czech Republic and Slovakia, a.s.",Czech,,-4.43,1088,,,26,template_sprung,skaliert,10^3
template,rs:N1FBEDJ5J41VKZLO2475.CON,N1FBEDJ5J41VKZLO2475,CON,2025-12-31,68.00,Citibank Europe plc,Ireland,,0.955,353,,,16,template_sprung,skaliert,10^3
template,rs:NICH5Q04ADUV9SN3Q390.CON,NICH5Q04ADUV9SN3Q390,CON,2025-06-30,21.02,BRED - Banque populaire,France,,-5.856,2589353,,,17,template_sprung,skaliert,10^6
template,rs:O2RNE8IBXP4R0TD8PU41.CON,O2RNE8IBXP4R0TD8PU41,CON,2025-06-30,27.01,Société générale S.A.,France,,-2.251,1321,,,28,template_sprung,skaliert,10^3
template,rs:O2RNE8IBXP4R0TD8PU41.CON,O2RNE8IBXP4R0TD8PU41,CON,2025-06-30,27.02.A,Société générale S.A.,France,,-2.274,1487,,,24,template_sprung,skaliert,10^3
template,rs:O2RNE8IBXP4R0TD8PU41.CON,O2RNE8IBXP4R0TD8PU41,CON,2025-06-30,27.02.B,Société générale S.A.,France,,-8.258,1067030638,,,22,template_sprung,skaliert,10^9
template,rs:O2RNE8IBXP4R0TD8PU41.CON,O2RNE8IBXP4R0TD8PU41,CON,2025-06-30,68.00,Société générale S.A.,France,,-1.811,3127,,,16,template_sprung,skaliert,10^3
template,rs:R0MUWSFPU8MPRO8K5P83.CON,R0MUWSFPU8MPRO8K5P83,CON,2025-06-30,04.00.A,BNP Paribas,France,,-3.791,53952,,,87,template_sprung,skaliert,10^6
template,rs:VWMYAEQSTOPNV0SUGU82.CON,VWMYAEQSTOPNV0SUGU82,CON,2025-06-30,26.00.B,"Bankinter, S.A.",Spain,,-3.225,1796,,,12,template_sprung,skaliert,10^3
