lei,name,ownership,source_url,evidence_quote,reviewed_at,source_sha256,source_hash_kind,supporting_source_url,ownership_basis,controller_lei,control_source_url,control_source_sha256
0W2PZJM8XOY22M4GG883,DekaBank Deutsche Girozentrale,public,https://www.deka.de/deka-group/who-we-are/our-structure/shareholders-subsidiaries-and-holdings,"world’s largest financial alliance, the German Savings Bank Finance Group, are also shown by its shareholder structure: the German Sparkasse savings banks are the sole shareholders of DekaBank. As of 1st March 2026 The owners of DekaBank Half of the shares in Deka are held by Deutsche Sparkassen- und Giroverband ö.K. and half by Deka Erwerbsgesellschaft mbH & Co. KG. The individual shareholders of DekaBank are (in terms of voting rights - subject to rounding differences): Deutscher Sparkassen- und Giroverband ö. K. 50 % Sparkassenverband Baden-Württemberg 7.70 % Rheinischer Sparkassen- und Giroverband 6.56 % Sparkassenverband Niedersachsen 6.46 % Sparkassenverband Bayern 6.31 % Sparkassenverband Westfalen-Lippe 6.17 % Sparkassen- und Giroverband Hessen-Thüringen 5.81 % Sparkassenver",2026-10-02,456a48cad26f156157c824841e10bbfbd95a1450b30295a38d65224872a3eb02,http_response,,direct_ownership,,,
0W5QHUNYV4W7GJO62R27,HYPO TIROL BANK AG,public,https://www.hypotirol.com/ueber-uns/,"2 Selbstbedienungsstandorten 1 Niederlassung in Wien Über 550 Mitarbeiter:innen 100% im Eigentum des Landes Tirol Hypo Tirol Bank in Zahlen Über 125 Jahre Erfahrung, 20 Standorte in Tirol und Wien: wir sind stolz darauf, unsere Kunden mit einer breiten Palette an Bankdienstleistungen zu unterstützen. 1901 Gründungsjahr 20 Standorte - Tirol und Wien 550+ Mitarbeiter:innnen 4,8/5 Preisgekrönte Finanzlösungen für Tirol und darüber hinaus. Engagement für das Land",2026-10-02,d038a299ab17d581cbee59b8dbcaf380d3c595a3d309bdc1c7d25fe8718d2552,http_response,,direct_ownership,,,
1FOLRR5RWTWWI397R131,Aktiebolaget Svensk Exportkredit,public,https://www.sek.se/wp-content/uploads/2026/02/Bolagsstyrningsrapport-2025.pdf,"rningsrapport 2025 SEK är ett svenskt kreditmarknadsbolag med säte i Stockholm. Svenska staten äger 100 procent av SEK och Finansdepartementet ansvarade under 2025 för förvaltningen av SEK. SEK är en central aktör inom statens främjande av svensk exportnäring och för ett förverkligande av regeringens export- och investeringsstrategi. Till grund för SEK:s bolagsstyrning ligger svensk rätt och tillämpliga svenska och internationella regler, bland annat de internationella riktlinjer som SEK valt att följa. Äg",2026-10-02,0f3c16dc8e3a35270e8d02f7d902682161eb8a0becd066c9c5d0b919d3374b8a,http_response,,direct_ownership,,,
2138007WKF5CM2EUM824,"Citfin, spořitelní družstvo",cooperative,https://api.gleif.org/api/v1/lei-records/2138007WKF5CM2EUM824,"GLEIF registered legal name: Citfin, spořitelní družstvo. Legal form: 9RVC — Družstvo. Jurisdiction: CZ. Entity status: ACTIVE. Register last updated: 2026-09-15T07:50:13Z.",2026-10-02,a07cb5c4dd7014c1ccb97555ed7eca2fd5a44eb367ad84d3cd0cea3231f75fa3,canonical_gleif_record,https://www.gleif.org/lei-data/code-lists/iso-20275-entity-legal-forms-code-list/2026-02-19-elf-code-list-v1.6.csv,registered_bank_form,,,
213800KYUPNOQPAQL758,BANCO DE INVESTIMENTO GLOBAL S.A.,shareholder,https://www.big.pt/pdf/Relatorios/Annual_report_2025.pdf,"G” or “Bank”) is a specialised ﬁnancial institu- tion, headquartered in Lisbon, wholly owned by private investors and authorised to operate in all business areas open to the banking sector. The Bank has been in business for 28 years in Portugal and, since 2020, in Spain. The Bank’s business focuses on savings, investment and advisory services for private and institutional clients. In addition to traditional banking services, the Bank provides its clients with trading platforms with access to global markets, through which it offers savers and investors easy ",2026-10-02,a88ae16f31f3105386de4fe9aeac4cbfc6eb6aa6ae50c96f0a48875f7a3c443f,http_response,,direct_ownership,,,
213800LBQA1Y9L22JB70,BARCLAYS PLC,shareholder,https://www.sec.gov/Archives/edgar/data/312069/000031206926000004/bcs-20251231.htm,"Major shareholders Major shareholders do not have different voting rights from those of other shareholders. Information provided to the Company by substantial shareholders (holding voting rights of 3% or more in the financial instruments of the Company) pursuant to the DTRs are published via a Regulatory Information Service and is available on the Company’s website. As at 31 December 2025, the Company had been notified under Rule 5 of the DTRs of the following holdings of voting rights in its shares. Strategy Shareholder information Climate and sustainability report Governance Risk review Financial review Financial statements Barclays PLC Annual Report 2025 on Form 20-F 114 Directors' report: Other statutory and regulatory information (continued) Person interested Number of Barclays Shares % of total voting rights attaching to issued share capital1 Nature of holding (direct or indirect) BlackRock, Inc.2 944,022,209 5.78 indirect Notes: 1The percentage of voting rights detailed above was calculated at the time of the relevant disclosures made in accordance with Rule 5 of the DTRs. 2Total shown includes 6,687,206 contracts for difference to which voting rights are attached. Part of the holding is held as American Depositary Receipts. Between 31 December 2025 and 6 February 2026 (the latest practicable date for inclusion in this report), the Company has not received any additional notifications pursuant to Rule 5 of the DTRs. Powers of Directors to issue and allot or buy back the Company’s shares The powers of the Directors are determined by the Act and the Articles. The Directors are authorised to issue and allot shares and to buy back shares subject to, and on the terms of, the annual shareholder approval at the AGM. Such authorities were granted by shareholders at the 2025 AGM. It will",2026-10-02,82c5a6c91ff96aa0184d655bab3019b9bfad5288db33d89a6fece0c4558529a5,http_response,,direct_ownership,,,
213800X3Q9LSAKRUWY91,KBC Groupe,mixed,https://www.kbc.com/en/investor-relations/shareholder-information/shareholder-structure.html,"CORE SHAREHOLDERS KBC Ancora30 June 202677 516 380Cera30 June 202616 748 774MRBB30 June 202651 905 219Other core shareholders30 June 202628 482 400OTHER SHAREHOLDERS (details: see “Notifications (transparency legislation)” below) FMR LLC17 July 202619 771 836BlackRock Inc.1 July 202517 215 344KBC Group30 July 202420 942 766 * Latest notification or update cf. the Act of 2 May 2007 (disclosure of significant participations) or the Act of 1 April 2007 (on public takeover bids) and other public information. Other shareholders: figures include the ‘voting rights that may be acquired if the instrument is exercised’ as stated under ‘B) Equivalent financial instruments’ in the transparency notification; any shareholders falling below the 3% notification threshold are no longer included in the table. Breakdown of shareholder structure by country/region (own estimates)End 2025Core shareholders (Belgium) 42%Shares repurchased under the share buyback programme (August 2023 - July 2024)5%Institutional shareholders: - Belgium - Other continental European countries - UK and Ireland - North America - Rest of the world 2% 10% 9% 19% 2% Other (retail shareholders, own shares, unidentified etc.) 11%Total100% Notifications (transparency legislation) The purpose of the transparency legislation is to ensure the transparency of the shareholder structure of listed companies. To achieve this, the transparency rules impose an obligation on investors in listed companies to notify the Belgian regulator (the FSMA) and the company itself whenever thresholds are exceeded, etc. (within four trading days after the event).",2026-10-02,995a31545cfbaf799ebc510471133b2930f45d551ce9eb3d7bff6ba84295a6d2,http_response,https://www.cera.coop/nl/particulieren/over-cera,direct_ownership,,,
222100V03Y766EM5TZ83,Brown Brothers Harriman (Luxembourg) S.C.A.,shareholder,https://www.bbh.com/content/dam/bbh/external/www/firmwide/annual-report/2025-annual-report/2026-11351735913-FW-2025%20Annual%20Report-final%20PUB.access.pdf,"will be no changes to BBH’s ownership structure as a result of this initiative. BBH will continue to be privately owned and operated by its 38 general partners, and AMG’s interest will be limited to its minority investment in the BBH Credit Partners subsidiary. Our current investment strategies include the following: Public Equity1 • US Large Cap Equity • Mid Cap Equity • Concentrated Small Cap Equity Fixed Income • Limited Duration Fixed Income • Intermediate Duration Fixed Income • High-Yield Fixed Income • Core Plus Fixed Income • Structured Fixed Income • Multisector Fixed Income • Municipal Fixed Income • Inflation-Indexed Fixed Income Alternatives • Alternative Credit Strategy Private Equity BBH Capital Partners Private Equity provides customized junior capital solutions to lower middle-marke",2026-10-02,103664a50a5d4d043ad6fa6ffa723616dc56ddf1b1854a38ea0df092c67e5b84,http_response,,reviewed_control_chain,5493006KMX1VFTPYPW14,https://api.gleif.org/api/v1/lei-records/222100V03Y766EM5TZ83/ultimate-parent-relationship,8201497130be64895cec7126e7940da497cc83e959414025acf0d75f893b2cb1
2594009RV746A68X4G95,Wschodni Bank Spoldzielczy w Chelmie,cooperative,https://api.gleif.org/api/v1/lei-records/2594009RV746A68X4G95,GLEIF registered legal name: WSCHODNI BANK SPÓŁDZIELCZY W CHEŁMIE. Legal form: 8TOF — spółdzielnia. Jurisdiction: PL. Entity status: ACTIVE. Register last updated: 2025-09-25T13:35:42Z.,2026-10-02,2829310507f6b8885f66daebaa805d44b8b54108f956446694bba3318963d714,canonical_gleif_record,https://www.gleif.org/lei-data/code-lists/iso-20275-entity-legal-forms-code-list/2026-02-19-elf-code-list-v1.6.csv,registered_bank_form,,,
259400BILZFH923Q1N56,WARMINSKO - MAZURSKI BANK SPOLDZIELCZY,cooperative,https://api.gleif.org/api/v1/lei-records/259400BILZFH923Q1N56,GLEIF registered legal name: WARMIŃSKO-MAZURSKI BANK SPÓŁDZIELCZY. Legal form: 8TOF — spółdzielnia. Jurisdiction: PL. Entity status: ACTIVE. Register last updated: 2025-10-20T16:14:00Z.,2026-10-02,d6e6fbeaff1af171c58120f1aebdd9cf21261583452adc1bfe4c048626142778,canonical_gleif_record,https://www.gleif.org/lei-data/code-lists/iso-20275-entity-legal-forms-code-list/2026-02-19-elf-code-list-v1.6.csv,registered_bank_form,,,
259400GZKACLCASLRW25,KRAKOWSKI BANK SPOLDZIELCZY,cooperative,https://api.gleif.org/api/v1/lei-records/259400GZKACLCASLRW25,GLEIF registered legal name: Krakowski Bank Spółdzielczy. Legal form: 8TOF — spółdzielnia. Jurisdiction: PL. Entity status: ACTIVE. Register last updated: 2026-06-01T09:48:03Z.,2026-10-02,94cd8e86da344eb46920306da3ab2a6168ab4bd098fe48508145989609b2f300,canonical_gleif_record,https://www.gleif.org/lei-data/code-lists/iso-20275-entity-legal-forms-code-list/2026-02-19-elf-code-list-v1.6.csv,registered_bank_form,,,
259400IETGMVXW6L0G89,BANK SPOLDZIELCZY W BYDGOSZCZY,cooperative,https://api.gleif.org/api/v1/lei-records/259400IETGMVXW6L0G89,GLEIF registered legal name: BANK SPÓŁDZIELCZY W BYDGOSZCZY. Legal form: 8TOF — spółdzielnia. Jurisdiction: PL. Entity status: ACTIVE. Register last updated: 2025-11-03T14:40:43Z.,2026-10-02,c2c5f925113f1d2ec7ed8139cf387c2e6d4573e8f8b891584ac9bd0c07c70f65,canonical_gleif_record,https://www.gleif.org/lei-data/code-lists/iso-20275-entity-legal-forms-code-list/2026-02-19-elf-code-list-v1.6.csv,registered_bank_form,,,
259400L03ZTD1W99FZ91,BANK SPOLDZIELCZY W BRODNICY,cooperative,https://api.gleif.org/api/v1/lei-records/259400L03ZTD1W99FZ91,GLEIF registered legal name: BANK SPÓŁDZIELCZY W BRODNICY. Legal form: 8TOF — spółdzielnia. Jurisdiction: PL. Entity status: ACTIVE. Register last updated: 2026-08-10T13:35:47Z.,2026-10-02,698c0053e2abcc6e59ed3ca7482e8212dcd29d95672a1beef9cbc809e4bd5b64,canonical_gleif_record,https://www.gleif.org/lei-data/code-lists/iso-20275-entity-legal-forms-code-list/2026-02-19-elf-code-list-v1.6.csv,registered_bank_form,,,
259400V3BXDA15ACJ896,BANK SPOLDZIELCZY RZEMIOSLA W KRAKOWIE,cooperative,https://api.gleif.org/api/v1/lei-records/259400V3BXDA15ACJ896,GLEIF registered legal name: BANK SPÓŁDZIELCZY RZEMIOSŁA W KRAKOWIE. Legal form: 8TOF — spółdzielnia. Jurisdiction: PL. Entity status: ACTIVE. Register last updated: 2026-09-25T16:34:35Z.,2026-10-02,9c97556a5dbab7913e213f9df6c10db56467b6956fe880e79decddb5c6fe3df6,canonical_gleif_record,https://www.gleif.org/lei-data/code-lists/iso-20275-entity-legal-forms-code-list/2026-02-19-elf-code-list-v1.6.csv,registered_bank_form,,,
259400YLRTOBISHBVX41,ING Bank Slaski S.A.,shareholder,https://ing.com/investors/share-information/shares,",073 3,619,144,872 3,343,622,989 3,096,274,533 2,902,437,688 2,860,085,770 *Updated as per 30 June 2026 Ordinary Shares ING Group ordinary shares are listed on Euronext Amsterdam and Brussels. Geographical distribution* The above image shows the geographical distribution of ING's ordinary shares in percentages: 43% United States | 17% United Kingdom | 8% France | 8% Scandinavia | 5% Germany | 1% the Netherlands | 9% rest of Europe | 4% Asia | 4% rest of the world. *Distribution based on December 2023 (includes ordinary shares represented by American depositary receipts). American depositary receipts (ADRs) ADRs are listed on NYSE and administered by JP Morgan Chase. For more information on ADRs, please consult ING pages on JP Morgan Chase's website . Related links Largest investors",2026-10-02,0085fb19e45ea664c4fee957b6e7576932c9330b144ae6345a1fbbaf0ede1d41,http_response,,reviewed_control_chain,549300NYKK9MWM7GGW15,https://api.gleif.org/api/v1/lei-records/259400YLRTOBISHBVX41/ultimate-parent-relationship,5037baf365fa757266961e6c5a1a04088acbddaa0a8243f402ba739f13bef156
2G5BKIC2CB69PRJH1W31,Barclays Bank Ireland plc,shareholder,https://www.sec.gov/Archives/edgar/data/312069/000031206926000004/bcs-20251231.htm,"Major shareholders Major shareholders do not have different voting rights from those of other shareholders. Information provided to the Company by substantial shareholders (holding voting rights of 3% or more in the financial instruments of the Company) pursuant to the DTRs are published via a Regulatory Information Service and is available on the Company’s website. As at 31 December 2025, the Company had been notified under Rule 5 of the DTRs of the following holdings of voting rights in its shares. Strategy Shareholder information Climate and sustainability report Governance Risk review Financial review Financial statements Barclays PLC Annual Report 2025 on Form 20-F 114 Directors' report: Other statutory and regulatory information (continued) Person interested Number of Barclays Shares % of total voting rights attaching to issued share capital1 Nature of holding (direct or indirect) BlackRock, Inc.2 944,022,209 5.78 indirect Notes: 1The percentage of voting rights detailed above was calculated at the time of the relevant disclosures made in accordance with Rule 5 of the DTRs. 2Total shown includes 6,687,206 contracts for difference to which voting rights are attached. Part of the holding is held as American Depositary Receipts. Between 31 December 2025 and 6 February 2026 (the latest practicable date for inclusion in this report), the Company has not received any additional notifications pursuant to Rule 5 of the DTRs. Powers of Directors to issue and allot or buy back the Company’s shares The powers of the Directors are determined by the Act and the Articles. The Directors are authorised to issue and allot shares and to buy back shares subject to, and on the terms of, the annual shareholder approval at the AGM. Such authorities were granted by shareholders at the 2025 AGM. It will",2026-10-02,82c5a6c91ff96aa0184d655bab3019b9bfad5288db33d89a6fece0c4558529a5,http_response,,reviewed_control_chain,213800LBQA1Y9L22JB70,https://api.gleif.org/api/v1/lei-records/2G5BKIC2CB69PRJH1W31/ultimate-parent-relationship,658e2ea4248ef0ee45215c9b6440de4d83c23c495075226bdf06dde3fd6b06b6
2W8N8UU78PMDQKZENC08,Intesa Sanpaolo S.p.A.,shareholder,https://group.intesasanpaolo.com/en/governance/shareholder-base,"6.28 euro, represented by 17,682,460,955 ordinary shares without nominal value. As of 10 September 2026 the shareholder structure of Intesa Sanpaolo was composed as follows (holders of shares exceeding 3% (*)): SHAREHOLDER ORDINARY SHARES % OF ORDINARY SHARES Fondazione Compagnia di San Paolo 1,153,947,304 6.526% Fondazione Cariplo 961,333,900 5.437% (*) Shareholders that are fund management companies may be exempted from disclosure up to the 5% threshold. BlackRock Inc. disclosed a 5.005% holding in the share capital of Intesa Sanpaolo, notified in Form 120 A dated 9 December 2020, as well as a 5.066% aggregate holding in the Bank’s share capital, notified in Form 120 B dated 4 December 2020, and has not provided any update of these holdings following the subsequent changes in the number of shares into which the share capital of Intesa Sanpaolo is divided. Note: figures may not add up exactly due to rounding differences. Figures updated based on the results from the register of shareholders and the latest communications received. The Italian regulations (Article 120 of the Consolidated Law on Finance “TUF”) set forth that holdings exceeding 3% of the voting capital of a listed company should be communicated to both that company and CONSOB. Moreover, under Article 19 of the Consolidated Law on Banking ""TUB"",",2026-10-02,e437f60c02c677727a89b61134cbcc3774d43fac78fb9b9d0e4a38d38963d6c9,http_response,,direct_ownership,,,
2ZCNRR8UK83OBTEK2170,UniCredit Bank GmbH,shareholder,https://www.unicreditgroup.eu/en/governance/shareholders/shareholders-structure.html,"ddress): Send Back to shareholders Shareholder structure MAJOR SHAREHOLDERS* Major shareholders Ordinary shares % owned BlackRock Group 114,907,383 7.620 (1) Capital Research and Management Company 80,421,723 5.333 (2) 1) non-discretional asset management 2) discretional asset management * The table shows the information notified by the shareholders pursuant to art. 120 TUF following the update disclosed on the Consob website on 28 April 2025. The percentages here indicated are calculated on the number of shares representing the updated share capital, as shown below, which takes into account the cancellation of treasury shares registered with the Company Register on 24 February 2026. It should be noted that, in the cases provided for by the Is",2026-10-02,479112d66552ea5d53b1dc315e733fac1f875cfd4c1e7536b8d9227ce3bb5534,http_response,,reviewed_control_chain,549300TRUWO2CD2G5692,https://api.gleif.org/api/v1/lei-records/2ZCNRR8UK83OBTEK2170/ultimate-parent-relationship,08db2d3946c7f2b88131ce00da45da7e8889677e2723c19be315b1dd09cf817a
31570010000000004460,Raiffeisenbank a.s.,cooperative,https://www.rb.cz/attachments/vyrocni-zpravy/Raiffeisenbank_a_s_Annual_Financial_Report_2025_EN.pdf,"erms of capital adequacy, liquidity, stability, and risk management. The Bank’s shareholder structure consists of Raiffeisen Bank International AG (75%) and Raiffeisenlandesbank Oberösterreich AG (25%). The Bank offers comprehensive management of personal and corporate finances, savings, investments, loan products, and specialised consulting for corporate clients. Clients can carry out most routine banking transactions conveniently and securely via Mobile and Internet Banking. Customer satisfaction is one of the cornerstones of Raiffeisenbank’s strategy. The Bank has long focused on simplifying processes and developing digital tools to meet the",2026-10-02,f582a01ea02ebe2cd239af16bf3049e69784a4a803be151caa0f0e7cd045ba59,http_response,https://www.rbinternational.com/en/raiffeisen/rbi-group/about-us.html,direct_ownership,,,
3157002JBFAI478MD587,"Tatra banka, a.s.",cooperative,https://www.rbinternational.com/en/raiffeisen/rbi-group/about-us.html,"than 1,000 awards from financial magazines EUR 205 bn total assets (30.06.2026) Ownership Structure of Raiffeisen Bank International 38.83% of Raiffeisen Bank international is owned by free float. 61.17% is owned by regional Raiffeisen banks: 61.17% of Raiffeisen Bank International shares is owned by 8 regional Raiffeisen banks 8 regional Raiffeisen banks are owned by 270 Raiffeisen banks 270 Raiffeisen banks are owned by appr. 1.4 mn members (primarly private individuals) Investor Relations Transparency is our top priority. We keep you up-to-date with all the latest news about our company, our business, and the development of our stock. Not with fine words, but with convincing facts and arguments. Our goal is to grow company value that will last. You can find out here wh",2026-10-02,79efda7933f5d0a4907092e930920b88e6c451f7dac1bb51de7fc5232aff3cca,http_response,,reviewed_control_chain,9ZHRYM6F437SQJ6OUG95,https://api.gleif.org/api/v1/lei-records/3157002JBFAI478MD587/ultimate-parent-relationship,4f225cc2dc15dc37f2893262cf824479ed3ae4ec3fc950e7141ab700469072c4
3157006K4C7PJT790450,BANCA CENTRALA COOPERATISTA CREDITCOOP,cooperative,https://api.gleif.org/api/v1/lei-records/3157006K4C7PJT790450,GLEIF registered legal name: BANCA CENTRALA COOPERATISTA CREDITCOOP. Legal form: 7W9B — Organizații cooperatiste de credit și casele centrale ale acestora. Jurisdiction: RO. Entity status: ACTIVE. Register last updated: 2026-09-16T17:28:42Z.,2026-10-02,e48a2bf704f19e23a730ff6cdf486abde3de9da1ef9c98034933e34d2aaaea03,canonical_gleif_record,https://www.gleif.org/lei-data/code-lists/iso-20275-entity-legal-forms-code-list/2026-02-19-elf-code-list-v1.6.csv,registered_bank_form,,,
3TK20IVIUJ8J3ZU0QE75,ING Bank N.V.,shareholder,https://ing.com/binaries/content/assets/documents/annual-reports/2025-ing-groep-nv-form-20-f.pdf," more than 5% of the outstanding shares of that class. The shareholder is obliged to file Schedule 13D or 13G until their holdings drop below 5%. To the best of our knowledge, as of 31 December 2025, no holder of ordinary shares or ADSs, other than BlackRock Inc. held 5% or more of ING Group’s issued share capital. On 1 February 2023, BlackRock, Inc. disclosed by way of a Schedule 13G filed with the SEC, beneficial ownership of 259,211,756 ordinary shares of ING Group as of 31 December 2022, representing 7.0% of ING Group's issued share capital. On 13 February 2023, Capital Research Global Investors disclosed by way of a Schedule 13G filed with the SEC, beneficial ownership of 57,557,399 ordinary shares of ING Group as of 30 December 2022, representing 1.5% of ING Group's issued share capital. On 6 February 2024, BlackRock, Inc. disclosed by way of a Schedule 13G filed with the SEC, beneficial ownership of 255,592,935 ordinary shares of ING Group as of 31 December 2023, representing 7.3% of ING Group's issued share capital. On 12 November 2024, Capital Research Global Investors disclosed by way of a Schedule 13G filed with the SEC, beneficial ownership of 214,691,773 ordinary shares of ING Group as of September 30, 2",2026-10-02,3eb5f7393409d25eb7cfda1f571479c3a91cfae9d6b66db8e3ea0613c398f565,http_response,,reviewed_document_chain,549300NYKK9MWM7GGW15,https://ing.com/binaries/content/assets/documents/annual-reports/2025-ing-bank-nv-annual-report.pdf,206744137ea822909c23f48147b588111837620165adcc89290ca7ce3a34ee1a
5299001ADI8FLGT0GU28,Sparkasse KölnBonn,public,https://api.gleif.org/api/v1/lei-records/5299001ADI8FLGT0GU28,GLEIF registered legal name: Sparkasse KölnBonn. Legal form: XLWA — Anstalt des öffentlichen Rechts. Jurisdiction: DE. Entity status: ACTIVE. Register last updated: 2025-10-06T11:42:52Z.,2026-10-02,4b653fa3761fce51506abff542214d19550447d07af280bb2fd662cf6c7a2b66,canonical_gleif_record,https://www.gleif.org/lei-data/code-lists/iso-20275-entity-legal-forms-code-list/2026-02-19-elf-code-list-v1.6.csv,registered_bank_form,,,
52990026HQOTT4AJP655,GLS Gemeinschaftsbank e.G.,cooperative,https://api.gleif.org/api/v1/lei-records/52990026HQOTT4AJP655,GLEIF registered legal name: GLS Gemeinschaftsbank e.G.. Legal form: AZFE — Eingetragene Genossenschaft. Jurisdiction: DE. Entity status: ACTIVE. Register last updated: 2026-01-05T11:57:29Z.,2026-10-02,277486d6b85196596677d85cad4dbd1353a430a27f72566f06eeb7c19fcac623,canonical_gleif_record,https://www.gleif.org/lei-data/code-lists/iso-20275-entity-legal-forms-code-list/2026-02-19-elf-code-list-v1.6.csv,registered_bank_form,,,
5299002GPCR602QYJC04,KfW Beteiligungsholding GmbH,public,https://api.gleif.org/api/v1/lei-records/549300GDPG70E3MBBU98,GLEIF registered legal name: Kreditanstalt für Wiederaufbau. Legal form: XLWA — Anstalt des öffentlichen Rechts. Jurisdiction: DE. Entity status: ACTIVE. Register last updated: 2026-02-17T10:51:47Z.,2026-10-02,4001de65eaffdf8eb004ee746bda1d7a0fd720dd70e3e25770d72ab394f2e086,canonical_gleif_record,https://www.gleif.org/lei-data/code-lists/iso-20275-entity-legal-forms-code-list/2026-02-19-elf-code-list-v1.6.csv,reviewed_control_chain,549300GDPG70E3MBBU98,https://api.gleif.org/api/v1/lei-records/5299002GPCR602QYJC04/ultimate-parent-relationship,c603e7a7baea7260ab5b65681635f49d4300a4994c76122ad34c6cedfb265ef0
5299004R4U60UMXLSE36,Sparkasse Karlsruhe,public,https://api.gleif.org/api/v1/lei-records/5299004R4U60UMXLSE36,GLEIF registered legal name: Sparkasse Karlsruhe. Legal form: XLWA — Anstalt des öffentlichen Rechts. Jurisdiction: DE. Entity status: ACTIVE. Register last updated: 2026-08-05T07:28:36Z.,2026-10-02,f4f5615ec96b49d5a956d884293e5ce6759c6d99be37a66ee4c463b18a304c0d,canonical_gleif_record,https://www.gleif.org/lei-data/code-lists/iso-20275-entity-legal-forms-code-list/2026-02-19-elf-code-list-v1.6.csv,registered_bank_form,,,
5299005UJX6K7BQKV086,OTP banka d.d.,shareholder,https://www.otpgroup.info/investor-relations/shares/ownership-structure,"ting more than one third of the votes embodied by voting shares are attendance. Ownership structure as at 30 June 2026 OwnersShare in % of total equity (ownership share)Domestic shareholdersState owned shareholder Hungarian National Asset Management Inc., Municipalities0.05%Employees, senior officers0.46%Treasury shares Treasury shares do not include the OTP shares held by ESOP (OTP Bank Employee Stock Ownership Plan Organization). Pursuant to Act V of 2013 on the Civil Code, OTP shares held by the ESOP are not classified as treasury shares, but the ESOP must be consolidated in accordance with IFRS 10 Consolidated Financial Statements standard.5.62%Other domestic investors On 30 June 2026 the Other domestic investors category includes 11,013,064 OTP shares owned by ESOP.39.05%Foreign shareholdersForeign shareholders Foreign individuals, foreign institutions, and International Development Institutions54.01%OtherNon-identified shareholders according to the shareholders' registry-0.81%Total-100% OwnersShare in % of total equity (ownership share) Domestic shareholdersState owned shareholder Hungarian National Asset Management Inc., Municipalities0.05% Domestic shareholdersEmployees, senior officers0.46% Domestic shareholdersTreasury shares Treasury shares do not include the OTP shares held by ESOP (OTP Bank Employee Stock Ownership Plan Organization). Pursuant to Act V of 2013 on the Civil Code, OTP shares held by the ESOP are not classified as treasury shares, but the ESOP must be consolidated in accordance with IFRS 10 Consolidated Financial Statements standard.5.62% Domestic shareholdersOther domestic investors On 30 June 2026 the Other domestic investors category includes 11,013,064 OTP shares owned by ESOP.39.05% Foreign shareholdersForeign shareholders Foreign individuals, foreign institutions, and International Development Institutions54.01% OtherNon-identified shareholders according to the shareholders' registry-0.81% Total-100% Shareholders with over 5% stake as at 30 June 2026 NationalityDomestic (D), Foreign (F) ActivityCustodian (CU), Public Institution (PU), International ",2026-10-02,acb8cb9dcbbffd158d4bd9a8dc35628d603656d87aa9de96d9811846b0f2b872,http_response,,reviewed_control_chain,529900W3MOO00A18X956,https://api.gleif.org/api/v1/lei-records/5299005UJX6K7BQKV086/ultimate-parent-relationship,62d5f58c0cdb3ecb67a5614dd7a1d505c54e3d5a4724c0ebf94134a2bd5dca4d
52990061592SQLEJN964,Volksbank Mittelhessen eG,cooperative,https://api.gleif.org/api/v1/lei-records/52990061592SQLEJN964,GLEIF registered legal name: Volksbank Mittelhessen eG. Legal form: AZFE — Eingetragene Genossenschaft. Jurisdiction: DE. Entity status: ACTIVE. Register last updated: 2025-11-14T13:25:30Z.,2026-10-02,40ca6e231a0a34a2d757978e79ff3e42e9dcb0aaa0b2a5e6c022bc6002fa4f77,canonical_gleif_record,https://www.gleif.org/lei-data/code-lists/iso-20275-entity-legal-forms-code-list/2026-02-19-elf-code-list-v1.6.csv,registered_bank_form,,,
5299007S3UH5RKUYDA52,DEUTSCHE APOTHEKER- UND ÄRZTEBANK EG,cooperative,https://api.gleif.org/api/v1/lei-records/5299007S3UH5RKUYDA52,GLEIF registered legal name: DEUTSCHE APOTHEKER- UND ÄRZTEBANK EG. Legal form: AZFE — Eingetragene Genossenschaft. Jurisdiction: DE. Entity status: ACTIVE. Register last updated: 2026-03-24T00:01:21Z.,2026-10-02,5e9f05292cb71f0e0ddfb70c93472505b6fdf938c502beafd69136cc4942617b,canonical_gleif_record,https://www.gleif.org/lei-data/code-lists/iso-20275-entity-legal-forms-code-list/2026-02-19-elf-code-list-v1.6.csv,registered_bank_form,,,
52990089LBIKLBM8YB23,VR Bank Nord eG,cooperative,https://api.gleif.org/api/v1/lei-records/52990089LBIKLBM8YB23,GLEIF registered legal name: VR Bank Nord eG. Legal form: AZFE — Eingetragene Genossenschaft. Jurisdiction: DE. Entity status: ACTIVE. Register last updated: 2026-02-03T23:11:00Z.,2026-10-02,d13336371e498926d6c51f9171a64f773a9713c9e7a0d19a7a3df2dca1765e18,canonical_gleif_record,https://www.gleif.org/lei-data/code-lists/iso-20275-entity-legal-forms-code-list/2026-02-19-elf-code-list-v1.6.csv,registered_bank_form,,,
52990093INYLJNWHQ228,Volksbank eG - Die Gestalterbank,cooperative,https://api.gleif.org/api/v1/lei-records/52990093INYLJNWHQ228,GLEIF registered legal name: Volksbank eG - Die Gestalterbank. Legal form: AZFE — Eingetragene Genossenschaft. Jurisdiction: DE. Entity status: ACTIVE. Register last updated: 2025-11-23T18:12:19Z.,2026-10-02,fb2e8a344e867fc8e104578b93eee2d84330fb41b32c0381923243672ceb8f60,canonical_gleif_record,https://www.gleif.org/lei-data/code-lists/iso-20275-entity-legal-forms-code-list/2026-02-19-elf-code-list-v1.6.csv,registered_bank_form,,,
5299009EHB4RBGMI5828,Raiffeisen Landesbank Kärnten und Revisionsverband eGen,cooperative,https://api.gleif.org/api/v1/lei-records/5299009EHB4RBGMI5828,GLEIF registered legal name: Raiffeisen Landesbank Kärnten und Revisionsverband eGen. Legal form: NIJH — Erwerbs- und Wirtschaftsgenossenschaft. Jurisdiction: AT. Entity status: ACTIVE. Register last updated: 2026-08-18T11:03:03Z.,2026-10-02,b54aec8c55f2778121f77bc4a3470339a514fae6902315aa2968a503f7822037,canonical_gleif_record,https://www.gleif.org/lei-data/code-lists/iso-20275-entity-legal-forms-code-list/2026-02-19-elf-code-list-v1.6.csv,registered_bank_form,,,
529900B4OR3PD4V3AQ57,Finanzholding der Sparkasse in Bremen,public,https://api.gleif.org/api/v1/lei-records/529900B4OR3PD4V3AQ57,GLEIF registered legal name: Finanzholding der Sparkasse in Bremen. Legal form: XLWA — Anstalt des öffentlichen Rechts. Jurisdiction: DE. Entity status: ACTIVE. Register last updated: 2026-05-26T08:05:20Z.,2026-10-02,02d9922d6ce9c01d08367bc09a8d2563559a07279d6486b86007588b9683c048,canonical_gleif_record,https://www.gleif.org/lei-data/code-lists/iso-20275-entity-legal-forms-code-list/2026-02-19-elf-code-list-v1.6.csv,registered_bank_form,,,
529900B91AUH0YTEXN10,National-Bank Aktiengesellschaft,shareholder,https://www.national-bank.de/fileadmin/user_upload/Unsere_Bank/berichte/geschaeftsbericht/Geschaeftsbericht_2025.pdf,"sses Kernbank. Seit dem 14. Mai 2025 ist er Vorsitzender des Risikoausschusses. AKTIONÄRSSTRUKTUR IN % 31,88 8,88 7,20 52,04 SIGNAL IDUNA Gruppe Nordrheinische Ärzteversorgung Sonstige institutionelle Investoren Private Investoren Quelle: NATIONAL-BANK, 2025. ATTRAKTIVER AKTIENKURS Zum Jahresbeginn 2025 notierte die Aktie bei 33,50 €. Nach dem Beschluss der Hauptversammlung am 14. Mai 2025, eine Dividende von 0,90 € zu zahlen, wurde der Kurs am 15. Mai 2025 mit 32,60 € (ex Dividende) und infolge der erfreulichen geschäftlichen Entwicklung am 29. Dezember 2025 mit 35,00 € festsetzt. GESONDERTER NICHTFINANZIELLER BERICHT Der Nachhaltigkeitsbericht der NATIONAL-BANK wird als gesonderter nichtfinanzieller Bericht erstellt. Er folgt den Vorgaben d",2026-10-02,8ef8e098a0c576669e3bb9a172f8127053eb7a0fb627a446fd31570e46d2bff7,http_response,,direct_ownership,,,
529900BI5KIGX6YLX375,Oberösterreichische Landesbank Aktiengesellschaft,public,https://www.hypo.at/de/die-bank/aktionaersstruktur.html,"ktionärsstruktur Eigentumsverhältnisse Die HYPO Oberösterreich befindet sich zu 50,57 Prozent im Eigentum des Landes Oberösterreich. Die Anteile werden vom Land Oberösterreich über die OÖ Landesholding GmbH, die zu 100 Prozent im Eigentum des Landes Oberösterreich steht, gehalten. 48,59 Prozent der Aktien hält die HYPO Holding GmbH. An dieser sind die Raiffeisenlandesbank Oberösterreich Aktiengesellschaft und die Oberösterreichische Versicherung Aktiengesellschaft beteiligt. Durchgerechnet ergeben sich daraus folgende Beteiligungsanteile an der HYPO Oberösterreich: Raiffeisenlandesbank Oberösterreich Aktiengesellschaft 41,14 Prozent und Oberösterreichische Versicherung Aktiengesellschaft 7,45 Prozent. Mit 0,84 Prozent sind die Mitarb",2026-10-02,3e34a65f01efd7b0f54dec844c6560b2ea38117a3ae8586333fd0a53dd68272f,http_response,,direct_ownership,,,
529900C9OP6Y0DPYSK11,VR Bank RheinAhrEifel eG,cooperative,https://api.gleif.org/api/v1/lei-records/529900C9OP6Y0DPYSK11,GLEIF registered legal name: VR Bank RheinAhrEifel eG. Legal form: AZFE — Eingetragene Genossenschaft. Jurisdiction: DE. Entity status: ACTIVE. Register last updated: 2026-07-06T10:08:12Z.,2026-10-02,8c1283040f9829511fe112269bfbbb102d283933e2e91a7c8b6980d2717acede,canonical_gleif_record,https://www.gleif.org/lei-data/code-lists/iso-20275-entity-legal-forms-code-list/2026-02-19-elf-code-list-v1.6.csv,registered_bank_form,,,
529900CJAJ0HDPPKUI53,Nassauische Sparkasse,public,https://api.gleif.org/api/v1/lei-records/529900CJAJ0HDPPKUI53,GLEIF registered legal name: Nassauische Sparkasse. Legal form: XLWA — Anstalt des öffentlichen Rechts. Jurisdiction: DE. Entity status: ACTIVE. Register last updated: 2026-05-21T13:32:55Z.,2026-10-02,91368e7ddb4badf9b2eac01604d728f760e403590d24409d1f7ddf610ed95777,canonical_gleif_record,https://www.gleif.org/lei-data/code-lists/iso-20275-entity-legal-forms-code-list/2026-02-19-elf-code-list-v1.6.csv,registered_bank_form,,,
529900DXTOU2U9IZDY54,meine Volksbank Raiffeisenbank eG,cooperative,https://api.gleif.org/api/v1/lei-records/529900DXTOU2U9IZDY54,GLEIF registered legal name: meine Volksbank Raiffeisenbank eG. Legal form: AZFE — Eingetragene Genossenschaft. Jurisdiction: DE. Entity status: ACTIVE. Register last updated: 2026-02-03T23:10:34Z.,2026-10-02,61e4be75a0b8144511dd89bbc5d0dad2cb804a952133d492afaa134740c15e1a,canonical_gleif_record,https://www.gleif.org/lei-data/code-lists/iso-20275-entity-legal-forms-code-list/2026-02-19-elf-code-list-v1.6.csv,registered_bank_form,,,
529900E0WY09Z3H21393,VR Bank Rhein-Neckar eG,cooperative,https://api.gleif.org/api/v1/lei-records/529900E0WY09Z3H21393,GLEIF registered legal name: VR Bank Rhein-Neckar eG. Legal form: AZFE — Eingetragene Genossenschaft. Jurisdiction: DE. Entity status: ACTIVE. Register last updated: 2026-02-03T23:08:02Z.,2026-10-02,e6682474dd32ad22544f5f2954cac23f413e98647486c6acc5ea183ff7cab9c4,canonical_gleif_record,https://www.gleif.org/lei-data/code-lists/iso-20275-entity-legal-forms-code-list/2026-02-19-elf-code-list-v1.6.csv,registered_bank_form,,,
529900EM0ZU25V87GD50,ALTE LEIPZIGER Bauspar AG,mutual,https://api.gleif.org/api/v1/lei-records/529900INDQW49BWR5028,GLEIF registered legal name: Alte Leipziger Lebensversicherung auf Gegenseitigkeit. Legal form: 13AV — Versicherungsverein auf Gegenseitigkeit. Jurisdiction: DE. Entity status: ACTIVE. Register last updated: 2026-02-14T15:07:02Z.,2026-10-02,3d8cb902840b68caffa492c4269ab9940260ab269ca79fc0d2723fa2cf33e767,canonical_gleif_record,https://www.gleif.org/lei-data/code-lists/iso-20275-entity-legal-forms-code-list/2026-02-19-elf-code-list-v1.6.csv,reviewed_control_chain,529900INDQW49BWR5028,https://api.gleif.org/api/v1/lei-records/529900EM0ZU25V87GD50/ultimate-parent-relationship,66f6404a4e8122f746f33fc0dc82306270e9a885e18535d8841cd63b9439882e
529900FIAMEJDQ8C9097,Deutsche Bank Luxembourg S.A.,shareholder,https://investor-relations.db.com/share/shareholder-structure?kid=ir-en-shareholder-structure-htm.redirect-en.shortcut&language_id=1,"ure provided by the shareholder Shareholding Shareholder Date on which threshold was crossed or reached 7.92%** **Holds 7.92% Deutsche Bank shares and additional 0.23% of the voting rights through other instruments, overall 8.14% of the voting rights. held by BlackRock Inc., Wilmington, Delaware, USA January 19, 2026 4.91% held by Paramount Service Holding Ltd. S.ÀR.L. June 22, 2026 3.02%** **Holds 3.02% Deutsche Bank shares and additional 0.000942122792% of the voting rights through other instruments, overall 3.03% of the voting rights. held by Amundi S.A. June 08, 2026 * The presentation of share ownership is based on the provisions of § 40 WpHG with respect to the publication of the voting rights notifications of our major shareholders; reference is made to the dates on whic",2026-10-02,f044ab9b16d2b253491c4d9f34e4b8671eb2c5e8bbff003103f09759c3a2e2e1,http_response,,reviewed_control_chain,7LTWFZYICNSX8D621K86,https://api.gleif.org/api/v1/lei-records/529900FIAMEJDQ8C9097/ultimate-parent-relationship,62b1b9f1965a8fe0a1025f7872468ec3cf7d827eb473a96776188a29f6315764
529900FMPYJ0QVTBSD95,Debeka Bausparkasse Aktiengesellschaft Sitz Koblenz am Rhein,mutual,https://api.gleif.org/api/v1/lei-records/529900VG6PFQ64HJRQ05,GLEIF registered legal name: D e b e k a Krankenversicherungsverein auf Gegenseitigkeit Sitz Koblenz am Rhein. Legal form: 13AV — Versicherungsverein auf Gegenseitigkeit. Jurisdiction: DE. Entity status: ACTIVE. Register last updated: 2025-12-11T14:03:09Z.,2026-10-02,23cb9774fc74f4af166f827029aa9118f614c692e6a0efdf377e9ee9ffdd53bb,canonical_gleif_record,https://www.gleif.org/lei-data/code-lists/iso-20275-entity-legal-forms-code-list/2026-02-19-elf-code-list-v1.6.csv,reviewed_control_chain,529900VG6PFQ64HJRQ05,https://api.gleif.org/api/v1/lei-records/529900FMPYJ0QVTBSD95/ultimate-parent-relationship,f67205a7fd7e8ba2bca5bc04d2291a809762bab34d695acd434a8fa1ac1480ad
529900FU4WJ2XT7BVE31,LBS Landesbausparkasse Süd,public,https://api.gleif.org/api/v1/lei-records/529900FU4WJ2XT7BVE31,GLEIF registered legal name: LBS Landesbausparkasse Süd. Legal form: XLWA — Anstalt des öffentlichen Rechts. Jurisdiction: DE. Entity status: ACTIVE. Register last updated: 2026-01-13T13:56:38Z.,2026-10-02,02d2364c8a940aef1b17eb14b4acd2342bd538354f9f71f96b25ff62fc41345b,canonical_gleif_record,https://www.gleif.org/lei-data/code-lists/iso-20275-entity-legal-forms-code-list/2026-02-19-elf-code-list-v1.6.csv,registered_bank_form,,,
529900GEH0DAUTAXUA94,DSK Bank AD,shareholder,https://www.otpgroup.info/investor-relations/shares/ownership-structure,"ting more than one third of the votes embodied by voting shares are attendance. Ownership structure as at 30 June 2026 OwnersShare in % of total equity (ownership share)Domestic shareholdersState owned shareholder Hungarian National Asset Management Inc., Municipalities0.05%Employees, senior officers0.46%Treasury shares Treasury shares do not include the OTP shares held by ESOP (OTP Bank Employee Stock Ownership Plan Organization). Pursuant to Act V of 2013 on the Civil Code, OTP shares held by the ESOP are not classified as treasury shares, but the ESOP must be consolidated in accordance with IFRS 10 Consolidated Financial Statements standard.5.62%Other domestic investors On 30 June 2026 the Other domestic investors category includes 11,013,064 OTP shares owned by ESOP.39.05%Foreign shareholdersForeign shareholders Foreign individuals, foreign institutions, and International Development Institutions54.01%OtherNon-identified shareholders according to the shareholders' registry-0.81%Total-100% OwnersShare in % of total equity (ownership share) Domestic shareholdersState owned shareholder Hungarian National Asset Management Inc., Municipalities0.05% Domestic shareholdersEmployees, senior officers0.46% Domestic shareholdersTreasury shares Treasury shares do not include the OTP shares held by ESOP (OTP Bank Employee Stock Ownership Plan Organization). Pursuant to Act V of 2013 on the Civil Code, OTP shares held by the ESOP are not classified as treasury shares, but the ESOP must be consolidated in accordance with IFRS 10 Consolidated Financial Statements standard.5.62% Domestic shareholdersOther domestic investors On 30 June 2026 the Other domestic investors category includes 11,013,064 OTP shares owned by ESOP.39.05% Foreign shareholdersForeign shareholders Foreign individuals, foreign institutions, and International Development Institutions54.01% OtherNon-identified shareholders according to the shareholders' registry-0.81% Total-100% Shareholders with over 5% stake as at 30 June 2026 NationalityDomestic (D), Foreign (F) ActivityCustodian (CU), Public Institution (PU), International ",2026-10-02,acb8cb9dcbbffd158d4bd9a8dc35628d603656d87aa9de96d9811846b0f2b872,http_response,,reviewed_control_chain,529900W3MOO00A18X956,https://api.gleif.org/api/v1/lei-records/529900GEH0DAUTAXUA94/ultimate-parent-relationship,7290603206112ef5fd394da2b54c2f62c74fb91cfd51aa514add2e8ec4860f27
529900GM944JT8YIRL63,Münchener Hypothekenbank eG,cooperative,https://api.gleif.org/api/v1/lei-records/529900GM944JT8YIRL63,GLEIF registered legal name: Münchener Hypothekenbank eG. Legal form: AZFE — Eingetragene Genossenschaft. Jurisdiction: DE. Entity status: ACTIVE. Register last updated: 2025-10-04T13:04:32Z.,2026-10-02,8b4ab3267dc66a25151b11f34f3cdb6c3d902badcbd452efdb16859937dbd107,canonical_gleif_record,https://www.gleif.org/lei-data/code-lists/iso-20275-entity-legal-forms-code-list/2026-02-19-elf-code-list-v1.6.csv,registered_bank_form,,,
529900HC4LDSGK0NCJ85,LBS Landesbausparkasse NordWest,public,https://api.gleif.org/api/v1/lei-records/529900HC4LDSGK0NCJ85,GLEIF registered legal name: LBS Landesbausparkasse NordWest. Legal form: XLWA — Anstalt des öffentlichen Rechts. Jurisdiction: DE. Entity status: ACTIVE. Register last updated: 2026-02-12T09:20:29Z.,2026-10-02,a2197a8ab8538ec3f4b95121762be3daf8e7b851f9e5a81bae2e21363ecefe57,canonical_gleif_record,https://www.gleif.org/lei-data/code-lists/iso-20275-entity-legal-forms-code-list/2026-02-19-elf-code-list-v1.6.csv,registered_bank_form,,,
529900HEKOENJHPNN480,Kuntarahoitus Oyj,public,https://www.kuntarahoitus.fi/en/about-us/corporate-governance/shares-and-shareholders,"arch the site Search the site Search Home About us Corporate governance Shares and shareholders Shares and shareholders MuniFin’s owners include municipalities and corporate entities under their control, public sector pension provider Keva and the State of Finland. Shares and share capital The total number of the company’s shares is 39,063,798. They are divided into 26,331,646 Class A shares and 12,732,152 Class B shares, which carry equal voting rights and equal rights to the distribution of the company’s assets. The company’s share capital is €43,008,044.20. The company’s shares are not publicly traded. Shareholders MuniFin’s shareholders include Finnish municipalities and corporate entities under their control, public sector pension provider Keva and the State of Finland. MuniFin’s Articles of Association contain consent and redemption clauses that l",2026-10-02,21aa3bbc35ab85ff026d365c62ce3eb5ba3016074d0a5397c04b66cadac5d563,http_response,,direct_ownership,,,
529900HNOAA1KXQJUQ27,"DZ BANK AG Deutsche Zentral-Genossenschaftsbank, Frankfurt am Main",cooperative,https://www.dzbank.com/content/dzbank/en/home/dz-bank/profile.html,"access to all important markets. DZ BANK AG up_open DZ BANK AG Deutsche Zentral-Genossenschaftsbank, Frankfurt am Main, is majority-owned by those who work directly with it - the about 700 cooperative banks in Germany. As a central bank and central institution, its mandate is to support the business of the many independent cooperative banks in the regions and to strengthen their competitive position. The combination of local customer knowledge and central product expertise has proved to be highly effective. DZ BANK's range of services extends from traditional and innovative products, structuring and issues, to trading and sales in the equity and bond markets. In addition, as a corporate bank, DZ BANK serves companies and institutions that require a supra-regional banking partner. Presence In order to be as ",2026-10-02,4f71af2a702cdc561d6a93b8fb89e98c2b7df974cba52710be07b95df38098be,http_response,,direct_ownership,,,
529900I1UZV70CZRAU55,Raiffeisenbank Austria d.d.,cooperative,https://www.rbinternational.com/en/raiffeisen/rbi-group/about-us.html,"than 1,000 awards from financial magazines EUR 205 bn total assets (30.06.2026) Ownership Structure of Raiffeisen Bank International 38.83% of Raiffeisen Bank international is owned by free float. 61.17% is owned by regional Raiffeisen banks: 61.17% of Raiffeisen Bank International shares is owned by 8 regional Raiffeisen banks 8 regional Raiffeisen banks are owned by 270 Raiffeisen banks 270 Raiffeisen banks are owned by appr. 1.4 mn members (primarly private individuals) Investor Relations Transparency is our top priority. We keep you up-to-date with all the latest news about our company, our business, and the development of our stock. Not with fine words, but with convincing facts and arguments. Our goal is to grow company value that will last. You can find out here wh",2026-10-02,79efda7933f5d0a4907092e930920b88e6c451f7dac1bb51de7fc5232aff3cca,http_response,,reviewed_control_chain,9ZHRYM6F437SQJ6OUG95,https://api.gleif.org/api/v1/lei-records/529900I1UZV70CZRAU55/ultimate-parent-relationship,a32e75febbd07c2696da522c01399c4184e70fd648f3172b2340fb49ae546e3f
529900INDQW49BWR5028,Alte Leipziger Lebensversicherung auf Gegenseitigkeit,mutual,https://api.gleif.org/api/v1/lei-records/529900INDQW49BWR5028,GLEIF registered legal name: Alte Leipziger Lebensversicherung auf Gegenseitigkeit. Legal form: 13AV — Versicherungsverein auf Gegenseitigkeit. Jurisdiction: DE. Entity status: ACTIVE. Register last updated: 2026-02-14T15:07:02Z.,2026-10-02,3d8cb902840b68caffa492c4269ab9940260ab269ca79fc0d2723fa2cf33e767,canonical_gleif_record,https://www.gleif.org/lei-data/code-lists/iso-20275-entity-legal-forms-code-list/2026-02-19-elf-code-list-v1.6.csv,registered_controller_form,,,
529900JCAE554QUYE140,Sparkasse Westmünsterland,public,https://api.gleif.org/api/v1/lei-records/529900JCAE554QUYE140,GLEIF registered legal name: Sparkasse Westmünsterland. Legal form: XLWA — Anstalt des öffentlichen Rechts. Jurisdiction: DE. Entity status: ACTIVE. Register last updated: 2026-08-03T07:15:06Z.,2026-10-02,8f0229ce648aba6d373fdaa3f8e9070f6ffbed968ce6c0f56d763dc063659ca1,canonical_gleif_record,https://www.gleif.org/lei-data/code-lists/iso-20275-entity-legal-forms-code-list/2026-02-19-elf-code-list-v1.6.csv,registered_bank_form,,,
529900JG015JC10LED24,AS LHV Group,shareholder,https://www.lhv.ee/assets/files/investor/LHV_Pank_Annual_Report_2025-EN.pdf,"opted by the sole shareholder in writing, unless otherwise required by law. The shareholders with significant influence in LHV Group are Rain Lõhmus and persons related to him, who held 20.94% of share capital in aggregate and Andres Viisemann and persons related to him, who held 10.94% of share capital in aggregate, as of 31 December 2025. 3.2 Supervisory Board The Supervisory Board is the governing body of LHV Pank that plans the activities, organises the management and supervises the activities of the Management Board. The Supervisory Board approves and regularly reviews the strategy, general plan of action, risk management policies and the annual budget of LHV Pank. The Supervisory Board consists of five to seven members. Supervisory Board members have terms of up to ",2026-10-02,889425d50a505813969df009443d36a19305b865b7230d1aed1a28f1b5fc513a,http_response,,direct_ownership,,,
529900JRKG8AEYL65326,VR Bank Heilbronn Schwäbisch Hall eG,cooperative,https://api.gleif.org/api/v1/lei-records/529900JRKG8AEYL65326,GLEIF registered legal name: VR Bank Heilbronn Schwäbisch Hall eG. Legal form: AZFE — Eingetragene Genossenschaft. Jurisdiction: DE. Entity status: ACTIVE. Register last updated: 2026-09-20T08:07:42Z.,2026-10-02,d3a85e24a52f64df8150aae477a456820179caf2494860e7a058d5d8960f7075,canonical_gleif_record,https://www.gleif.org/lei-data/code-lists/iso-20275-entity-legal-forms-code-list/2026-02-19-elf-code-list-v1.6.csv,registered_bank_form,,,
529900JZXXU699FCKK89,Bausparkasse Schwäbisch Hall Aktiengesellschaft - Bausparkasse der Volksbanken und Raiffeisenbanken,cooperative,https://www.schwaebisch-hall.de/unternehmen/welcome/about-us.html,G serves as central institute for the cooperative banks and as commercial bank. DZ BANK AG is the majority shareholder of Bausparkasse Schwäbisch Hall. Further shareholders are various cooperative banks of the cooperative financial group. Akkordeon öffnen Core business segments Bausparen (Contractual Savings for Housing) Housing finance Additional provision products Business abroad Akkordeon öffnen Further business segments Processing Facility Management Training Home Home Home Kontakt Telefon: +49 791 46-4444 Mo,2026-10-02,374a576ab6207d35e059de8d16ed040687a848238ecfcb1f117626e554b37737,http_response,,direct_ownership,,,
529900K16YGKC8BES892,Deutsche Kreditbank Aktiengesellschaft,public,https://www.bayernlb.com/internet/en/blb/resp/meta_6/about_us/who_we_are/kurzportrait_2/kurzportrait_1.jsp," solutions Our asset-management companies enable our customers to choose from a wide variety of sustainable investments Our owners Free State of Bavaria (approx. 80%) Association of Bavarian Savings Banks (approx. 20%) Right where our customers need us. Germany: Munich (head office), Nuremberg, Frankfurt, Düsseldorf, Hamburg and Berlin Europe: branches in Amsterdam, London, Milan, Paris US: branch in New York City German Centre: Shanghai and Taicang Liquidity & funding BayernLB continues to ensure its capital market presence by regularly issuing benchmark bonds Capital market funding in 2025 was mainly ensured via several benchmark bonds (one senior nonpreferred, two senior preferred and four covered bonds) LCR: 181% as at Dez 2025 NSFR: 125% as at Dez 2025 BayernLB Brienner Straße 18 80333 München Phone.: ",2026-10-02,34258ae70e79eb2eb5d651f125157828f7ab037ca6bba660374ce8dcfb266a8c,http_response,,reviewed_control_chain,VDYMYTQGZZ6DU0912C88,https://api.gleif.org/api/v1/lei-records/529900K16YGKC8BES892/ultimate-parent-relationship,b2f198ab828290ef1ca6913db6b65e135b528d1e127e7ac30a04363e7a6b3987
529900KRVTRP5RWP9K95,Santander Consumer Holding GmbH,shareholder,https://www.santander.com/en/shareholders-and-investors/santander-share/share-capital-distribution,"ón del accionariado y capital social por tramos 30 June 2026 Share holdings Shareholders Shares Share capital % 1 - 200 2,132,943 174,554,448 1.19% 201 - 1.000 734,252 363,741,476 2.48% 1.001 - 3.000 362,971 575,879,491 3.92% 3.001 - 30.000 257,138 2,013,551,767 13.71% 30.001 - 400.000 20,683 1,312,158,008 8.93% More than 400.000 632 10,249,434,312 69.77% Total 3,508,619 14,689,319,502 100.00% Legal Legal Notice Cookie Policy Data Protection Policy Accessibility Links of interest Santander financial earnings Contact us Social media profiles Financial services © Banco Santander S.A. All rights reserved. Corporate Headquarters: CGS Av. Cantabria s/n 28660 Boadilla del Monte, Madrid (Spain) X Linkedin Facebook Instagram YouTube Google News ",2026-10-02,6c12149c6944560570aa32a967843f82563095b3a6328b6917587310aa419241,http_response,,reviewed_control_chain,5493006QMFDDMYWIAM13,https://api.gleif.org/api/v1/lei-records/529900KRVTRP5RWP9K95/ultimate-parent-relationship,7048b77c0e0936aed08b1dd3aad3d5bdf1bbe8e248da18afb5e0f3909c247355
529900LIZVBUANJ20E31,BBBank eG,cooperative,https://api.gleif.org/api/v1/lei-records/529900LIZVBUANJ20E31,GLEIF registered legal name: BBBank eG. Legal form: AZFE — Eingetragene Genossenschaft. Jurisdiction: DE. Entity status: ACTIVE. Register last updated: 2026-07-28T10:07:36Z.,2026-10-02,8d7e7f3e3c957b30a465314d0f26b63797b9a4cc7f71bf6a490e5050578e2d58,canonical_gleif_record,https://www.gleif.org/lei-data/code-lists/iso-20275-entity-legal-forms-code-list/2026-02-19-elf-code-list-v1.6.csv,registered_bank_form,,,
529900LU7D396TOO3B50,Raiffeisenverband Salzburg eGen,cooperative,https://api.gleif.org/api/v1/lei-records/529900LU7D396TOO3B50,GLEIF registered legal name: Raiffeisenverband Salzburg eGen. Legal form: NIJH — Erwerbs- und Wirtschaftsgenossenschaft. Jurisdiction: AT. Entity status: ACTIVE. Register last updated: 2026-01-11T08:01:10Z.,2026-10-02,2111e88d95124aaae060f7723ed5f35ec24547c8bb24a7844e488bc5fe2622e3,canonical_gleif_record,https://www.gleif.org/lei-data/code-lists/iso-20275-entity-legal-forms-code-list/2026-02-19-elf-code-list-v1.6.csv,registered_bank_form,,,
529900MQJIQGD8N3YV53,Hannoversche Volksbank eG,cooperative,https://api.gleif.org/api/v1/lei-records/529900MQJIQGD8N3YV53,GLEIF registered legal name: Hannoversche Volksbank eG. Legal form: AZFE — Eingetragene Genossenschaft. Jurisdiction: DE. Entity status: ACTIVE. Register last updated: 2025-09-19T08:17:15Z.,2026-10-02,06e867b46640cccd9c725e766c0a56c4756e1e0da648e3520a03e2efd73a8623,canonical_gleif_record,https://www.gleif.org/lei-data/code-lists/iso-20275-entity-legal-forms-code-list/2026-02-19-elf-code-list-v1.6.csv,registered_bank_form,,,
529900NNUPAGGOMPXZ31,VOLKSWAGEN AKTIENGESELLSCHAFT,shareholder,https://www.porsche-se.com/en/investor-relations/shareholder-structure,"orsche SE’s subscribed capital in the form of no-par value bearer shares comprises 153,125,000 ordinary shares and 153,125,000 non-voting preference shares, each share arithmetically representing a 1 euro notional value of the share capital. According to the information available to Porsche SE, the ordinary shares are indirectly held exclusively by members of the Porsche and Piëch families. Just under half of the preference shares are held by institutional investors – mainly with a principal office outside Germany. These are predominantly attributable to index and long-only investment styles, while the proportion of hedge funds is in the mid-single-digit percentage range. The further free float preference shares are mainly distributed between private investors. According to the information available to Porsche SE, the ordinary shares are indirectly held exclusively by members of the Porsche and Piëch families. * Based on all identified shareholders as of 31 December 2025 LinkedIn Imprint Data privacy Change your cookie settings Scroll to top",2026-10-02,c9959b6a8b964f70d8720f339248ee74646cf6767d007d63a4a66db24cb63b0a,http_response,,direct_ownership,,,
529900ODI3047E2LIV03,Nordea Bank Abp,shareholder,https://www.nordea.com/en/investors/largest-shareholders,"ea's largest shareholders. The list is updated at the beginning of every month. Largest registered shareholders of Nordea as of end of July 2026 OwnersNumber of shares, millionPercent of Nordea BlackRock194.6 5.7%Norges Bank Investment Management*162.7 4.7%Vanguard152.6 4.5%Nordea Fonden134.0 3.9%Cevian Capital*106.5 3.1%Swedbank Robur Fonder75.5 2.2%SEB Funds49.4 1.5%Amundi49.2 1.4%Nordea Funds36.5 1.1%Varma Mutual Pension Insurance Company36.0 1.1%Alecta Tjänstepension36.0 1.1%Handelsbanken Fonder34.5 1.0%Ilmarinen Mutual Pension Insurance Company32.6 1.0%JPMorgan Asset Management29.4 0.9%State Street Investment Management29.2 0.9%DWS Investments25.0 0.7%Nordea Vinstandelsstiftelse24.6 0.7%Fidelity Investments (FMR)24.2 0.7%Goldman Sachs Asset Management21.8 0.6%Dimensional Fund Advisors18.5 0.5%Government of Japan Pension Investment Fund *18.1 0.5%Avanza Pension17.6 0.5%Fidelity International (FIL)17.5 0.5%UBS Asset Management17.6 0.5%Elo Mutual Pension Insurance Company16.5 0.5%Others2,04360.1%Total number of outstanding shares**3,403100% * Latest disclosed ** Nordea cancels own shares acquired through sha",2026-10-02,eee3fa4060c68534591156cca572b8416cebeda4f8d83fdf50d095b6eeb07bdd,http_response,,direct_ownership,,,
529900OE1FOAM50XLP72,Liechtensteinische Landesbank AG,public,https://llb.li/en/llb/about-us/our-structure/governance,"chtenstein Government explicitly supports the stock exchange listing of LLB and maintains its majority stake of at least 51 percent. The Government represents the shareholder interests of the Principality at the General Meeting of Shareholders pursuant to the rights afforded to it by stock corporation law. The Government observes corporate autonomy as well as the rights and obligations resulting from the stock exchange listing. At the same time, the Government, as a shareholder, also respects the decision-making authority of the Board of Directors regarding corporate strategy and corporate policy. Drawing on Art. 15 of the Corporate Governance Law, the investment strategy was decided upon after consultation with the Board of Directors of LLB. As an entrepreneurial group ",2026-10-02,ec947594d04fff3192f05942d53bedaed6016c36e98db76c6168cdadf96acace,http_response,,direct_ownership,,,
529900P8BY9HZTZ82T70,Volksbank Kraichgau eG,cooperative,https://api.gleif.org/api/v1/lei-records/529900P8BY9HZTZ82T70,GLEIF registered legal name: Volksbank Kraichgau eG. Legal form: AZFE — Eingetragene Genossenschaft. Jurisdiction: DE. Entity status: ACTIVE. Register last updated: 2025-11-23T21:44:18Z.,2026-10-02,beef546f88243353ccf8052dc94e6dacbc3cb7541b500ae7de004f6ecb58e934,canonical_gleif_record,https://www.gleif.org/lei-data/code-lists/iso-20275-entity-legal-forms-code-list/2026-02-19-elf-code-list-v1.6.csv,registered_bank_form,,,
529900PUK9IU39VCWK54,Volksbank in Ostwestfalen eG,cooperative,https://api.gleif.org/api/v1/lei-records/529900PUK9IU39VCWK54,GLEIF registered legal name: Volksbank in Ostwestfalen eG. Legal form: AZFE — Eingetragene Genossenschaft. Jurisdiction: DE. Entity status: ACTIVE. Register last updated: 2025-12-06T09:03:35Z.,2026-10-02,0a8d2397f36b0a41512d188f69bb99884eb79a732711bf0613296d7993db2105,canonical_gleif_record,https://www.gleif.org/lei-data/code-lists/iso-20275-entity-legal-forms-code-list/2026-02-19-elf-code-list-v1.6.csv,registered_bank_form,,,
529900QYEJ2GYSWK1F08,RLB-Stmk Verbund eGen,cooperative,https://api.gleif.org/api/v1/lei-records/529900QYEJ2GYSWK1F08,GLEIF registered legal name: RLB-Stmk Verbund eGen. Legal form: NIJH — Erwerbs- und Wirtschaftsgenossenschaft. Jurisdiction: AT. Entity status: ACTIVE. Register last updated: 2025-10-20T06:02:29Z.,2026-10-02,8e42828528db9b04a1f446b68f007ac8f10b9e663a52792e3ef85ec66ee81cac,canonical_gleif_record,https://www.gleif.org/lei-data/code-lists/iso-20275-entity-legal-forms-code-list/2026-02-19-elf-code-list-v1.6.csv,registered_bank_form,,,
529900SS7ZWCX82U3W60,DEUTSCHE BANK S.P.A.,shareholder,https://investor-relations.db.com/share/shareholder-structure?kid=ir-en-shareholder-structure-htm.redirect-en.shortcut&language_id=1,"ure provided by the shareholder Shareholding Shareholder Date on which threshold was crossed or reached 7.92%** **Holds 7.92% Deutsche Bank shares and additional 0.23% of the voting rights through other instruments, overall 8.14% of the voting rights. held by BlackRock Inc., Wilmington, Delaware, USA January 19, 2026 4.91% held by Paramount Service Holding Ltd. S.ÀR.L. June 22, 2026 3.02%** **Holds 3.02% Deutsche Bank shares and additional 0.000942122792% of the voting rights through other instruments, overall 3.03% of the voting rights. held by Amundi S.A. June 08, 2026 * The presentation of share ownership is based on the provisions of § 40 WpHG with respect to the publication of the voting rights notifications of our major shareholders; reference is made to the dates on whic",2026-10-02,f044ab9b16d2b253491c4d9f34e4b8671eb2c5e8bbff003103f09759c3a2e2e1,http_response,,reviewed_control_chain,7LTWFZYICNSX8D621K86,https://api.gleif.org/api/v1/lei-records/529900SS7ZWCX82U3W60/ultimate-parent-relationship,cf1d51fbc1ec001b1cee33c86b5b067fdc22909a8acd7de88b4bbd1cd4d8682c
529900SSGT49ZZSWYE62,Volkswagen Financial Services AG,shareholder,https://www.porsche-se.com/en/investor-relations/shareholder-structure,"orsche SE’s subscribed capital in the form of no-par value bearer shares comprises 153,125,000 ordinary shares and 153,125,000 non-voting preference shares, each share arithmetically representing a 1 euro notional value of the share capital. According to the information available to Porsche SE, the ordinary shares are indirectly held exclusively by members of the Porsche and Piëch families. Just under half of the preference shares are held by institutional investors – mainly with a principal office outside Germany. These are predominantly attributable to index and long-only investment styles, while the proportion of hedge funds is in the mid-single-digit percentage range. The further free float preference shares are mainly distributed between private investors. According to the information available to Porsche SE, the ordinary shares are indirectly held exclusively by members of the Porsche and Piëch families. * Based on all identified shareholders as of 31 December 2025 LinkedIn Imprint Data privacy Change your cookie settings Scroll to top",2026-10-02,c9959b6a8b964f70d8720f339248ee74646cf6767d007d63a4a66db24cb63b0a,http_response,,reviewed_control_chain,529900NNUPAGGOMPXZ31,https://api.gleif.org/api/v1/lei-records/529900SSGT49ZZSWYE62/ultimate-parent-relationship,069b01764f6f78e3a1d58cb405ad2c3e0def7cc648f583cdde02032b9d7b5eef
529900SXEWPJ1MRRX537,Raiffeisen-Holding Niederösterreich-Wien registrierte Genossenschaft mit beschränkter Haftung,cooperative,https://api.gleif.org/api/v1/lei-records/529900SXEWPJ1MRRX537,GLEIF registered legal name: RAIFFEISEN-HOLDING NIEDERÖSTERREICH-WIEN registrierte Genossenschaft mit beschränkter Haftung. Legal form: NIJH — Erwerbs- und Wirtschaftsgenossenschaft. Jurisdiction: AT. Entity status: ACTIVE. Register last updated: 2025-11-17T08:08:24Z.,2026-10-02,5f86ad60df7324e1387a1141dd57ba27022dbb33b83d529029ff9728fb9f972f,canonical_gleif_record,https://www.gleif.org/lei-data/code-lists/iso-20275-entity-legal-forms-code-list/2026-02-19-elf-code-list-v1.6.csv,registered_bank_form,,,
529900T7MYZUMMW4O176,Berliner Volksbank eG,cooperative,https://api.gleif.org/api/v1/lei-records/529900T7MYZUMMW4O176,GLEIF registered legal name: Berliner Volksbank eG. Legal form: AZFE — Eingetragene Genossenschaft. Jurisdiction: DE. Entity status: ACTIVE. Register last updated: 2026-08-17T09:07:02Z.,2026-10-02,c8a43a0b579b2ce3e36258f38282cd33be59bcb73ba368a99faa6bd57d500e00,canonical_gleif_record,https://www.gleif.org/lei-data/code-lists/iso-20275-entity-legal-forms-code-list/2026-02-19-elf-code-list-v1.6.csv,registered_bank_form,,,
529900VG6PFQ64HJRQ05,D e b e k a Krankenversicherungsverein auf Gegenseitigkeit Sitz Koblenz am Rhein,mutual,https://api.gleif.org/api/v1/lei-records/529900VG6PFQ64HJRQ05,GLEIF registered legal name: D e b e k a Krankenversicherungsverein auf Gegenseitigkeit Sitz Koblenz am Rhein. Legal form: 13AV — Versicherungsverein auf Gegenseitigkeit. Jurisdiction: DE. Entity status: ACTIVE. Register last updated: 2025-12-11T14:03:09Z.,2026-10-02,23cb9774fc74f4af166f827029aa9118f614c692e6a0efdf377e9ee9ffdd53bb,canonical_gleif_record,https://www.gleif.org/lei-data/code-lists/iso-20275-entity-legal-forms-code-list/2026-02-19-elf-code-list-v1.6.csv,registered_controller_form,,,
529900W3MOO00A18X956,OTP-csoport,shareholder,https://www.otpgroup.info/investor-relations/shares/ownership-structure,"ting more than one third of the votes embodied by voting shares are attendance. Ownership structure as at 30 June 2026 OwnersShare in % of total equity (ownership share)Domestic shareholdersState owned shareholder Hungarian National Asset Management Inc., Municipalities0.05%Employees, senior officers0.46%Treasury shares Treasury shares do not include the OTP shares held by ESOP (OTP Bank Employee Stock Ownership Plan Organization). Pursuant to Act V of 2013 on the Civil Code, OTP shares held by the ESOP are not classified as treasury shares, but the ESOP must be consolidated in accordance with IFRS 10 Consolidated Financial Statements standard.5.62%Other domestic investors On 30 June 2026 the Other domestic investors category includes 11,013,064 OTP shares owned by ESOP.39.05%Foreign shareholdersForeign shareholders Foreign individuals, foreign institutions, and International Development Institutions54.01%OtherNon-identified shareholders according to the shareholders' registry-0.81%Total-100% OwnersShare in % of total equity (ownership share) Domestic shareholdersState owned shareholder Hungarian National Asset Management Inc., Municipalities0.05% Domestic shareholdersEmployees, senior officers0.46% Domestic shareholdersTreasury shares Treasury shares do not include the OTP shares held by ESOP (OTP Bank Employee Stock Ownership Plan Organization). Pursuant to Act V of 2013 on the Civil Code, OTP shares held by the ESOP are not classified as treasury shares, but the ESOP must be consolidated in accordance with IFRS 10 Consolidated Financial Statements standard.5.62% Domestic shareholdersOther domestic investors On 30 June 2026 the Other domestic investors category includes 11,013,064 OTP shares owned by ESOP.39.05% Foreign shareholdersForeign shareholders Foreign individuals, foreign institutions, and International Development Institutions54.01% OtherNon-identified shareholders according to the shareholders' registry-0.81% Total-100% Shareholders with over 5% stake as at 30 June 2026 NationalityDomestic (D), Foreign (F) ActivityCustodian (CU), Public Institution (PU), International ",2026-10-02,acb8cb9dcbbffd158d4bd9a8dc35628d603656d87aa9de96d9811846b0f2b872,http_response,,direct_ownership,,,
529900WF3IXMJXSVJ831,Vereinigte Volksbanken eG,cooperative,https://api.gleif.org/api/v1/lei-records/529900WF3IXMJXSVJ831,GLEIF registered legal name: Vereinigte Volksbanken eG. Legal form: AZFE — Eingetragene Genossenschaft. Jurisdiction: DE. Entity status: ACTIVE. Register last updated: 2025-11-23T18:06:00Z.,2026-10-02,eb7c7733730bf08f1679858bcf753b6cbd0a822e9afc4799530e772e6511f672,canonical_gleif_record,https://www.gleif.org/lei-data/code-lists/iso-20275-entity-legal-forms-code-list/2026-02-19-elf-code-list-v1.6.csv,registered_bank_form,,,
529900XDLJV1P7HBAH18,Sparkasse Holstein,public,https://api.gleif.org/api/v1/lei-records/529900XDLJV1P7HBAH18,GLEIF registered legal name: Sparkasse Holstein. Legal form: XLWA — Anstalt des öffentlichen Rechts. Jurisdiction: DE. Entity status: ACTIVE. Register last updated: 2026-08-07T07:19:34Z.,2026-10-02,3fcb33593f8a5779df8a91b773b5b80c8d5beaa7f0bb8a243bebd84dfe463739,canonical_gleif_record,https://www.gleif.org/lei-data/code-lists/iso-20275-entity-legal-forms-code-list/2026-02-19-elf-code-list-v1.6.csv,registered_bank_form,,,
529900XSTAE561178282,Raiffeisenbankengruppe OÖ Verbund eGen,cooperative,https://api.gleif.org/api/v1/lei-records/529900XSTAE561178282,GLEIF registered legal name: Raiffeisenbankengruppe OÖ Verbund eGen. Legal form: NIJH — Erwerbs- und Wirtschaftsgenossenschaft. Jurisdiction: AT. Entity status: ACTIVE. Register last updated: 2026-03-26T10:07:28Z.,2026-10-02,2f730e6138a263dab2ecd04b93f718f976eaa65ddefebe1e1a835aa2a4c402ab,canonical_gleif_record,https://www.gleif.org/lei-data/code-lists/iso-20275-entity-legal-forms-code-list/2026-02-19-elf-code-list-v1.6.csv,registered_bank_form,,,
529900ZMDTSQYEYCKL45,VR TeilhaberBank Metropolregion Nürnberg eG,cooperative,https://api.gleif.org/api/v1/lei-records/529900ZMDTSQYEYCKL45,GLEIF registered legal name: VR TeilhaberBank Metropolregion Nürnberg eG. Legal form: AZFE — Eingetragene Genossenschaft. Jurisdiction: DE. Entity status: ACTIVE. Register last updated: 2026-01-30T12:41:12Z.,2026-10-02,a2f3b31f82a52b48f52dbaa9c813128da4b9d87ccc6dad4b96b007b3b58cd0b5,canonical_gleif_record,https://www.gleif.org/lei-data/code-lists/iso-20275-entity-legal-forms-code-list/2026-02-19-elf-code-list-v1.6.csv,registered_bank_form,,,
529900ZW3QH424NY3959,Volksbank Raiffeisenbank Bayern Mitte eG,cooperative,https://api.gleif.org/api/v1/lei-records/529900ZW3QH424NY3959,GLEIF registered legal name: Volksbank Raiffeisenbank Bayern Mitte eG. Legal form: AZFE — Eingetragene Genossenschaft. Jurisdiction: DE. Entity status: ACTIVE. Register last updated: 2025-11-23T22:05:27Z.,2026-10-02,0383ae7ee92f92a1b2686541e411a68af9ecf9d80b7fb1bff9745d5ef210832b,canonical_gleif_record,https://www.gleif.org/lei-data/code-lists/iso-20275-entity-legal-forms-code-list/2026-02-19-elf-code-list-v1.6.csv,registered_bank_form,,,
5493000LM0MZ4JPMGM90,"Santander Consumer Finance, S.A.",shareholder,https://www.santander.com/en/shareholders-and-investors/santander-share/share-capital-distribution,"ón del accionariado y capital social por tramos 30 June 2026 Share holdings Shareholders Shares Share capital % 1 - 200 2,132,943 174,554,448 1.19% 201 - 1.000 734,252 363,741,476 2.48% 1.001 - 3.000 362,971 575,879,491 3.92% 3.001 - 30.000 257,138 2,013,551,767 13.71% 30.001 - 400.000 20,683 1,312,158,008 8.93% More than 400.000 632 10,249,434,312 69.77% Total 3,508,619 14,689,319,502 100.00% Legal Legal Notice Cookie Policy Data Protection Policy Accessibility Links of interest Santander financial earnings Contact us Social media profiles Financial services © Banco Santander S.A. All rights reserved. Corporate Headquarters: CGS Av. Cantabria s/n 28660 Boadilla del Monte, Madrid (Spain) X Linkedin Facebook Instagram YouTube Google News ",2026-10-02,6c12149c6944560570aa32a967843f82563095b3a6328b6917587310aa419241,http_response,,reviewed_control_chain,5493006QMFDDMYWIAM13,https://api.gleif.org/api/v1/lei-records/5493000LM0MZ4JPMGM90/ultimate-parent-relationship,33099fe174eb59bf00c6ebc965c064a8a83a2a1f574c4fb12d877c5f8b2320f1
5493001U1K6M7JOL5W45,Raiffeisen Bank csoport,cooperative,https://www.rbinternational.com/en/raiffeisen/rbi-group/about-us.html,"than 1,000 awards from financial magazines EUR 205 bn total assets (30.06.2026) Ownership Structure of Raiffeisen Bank International 38.83% of Raiffeisen Bank international is owned by free float. 61.17% is owned by regional Raiffeisen banks: 61.17% of Raiffeisen Bank International shares is owned by 8 regional Raiffeisen banks 8 regional Raiffeisen banks are owned by 270 Raiffeisen banks 270 Raiffeisen banks are owned by appr. 1.4 mn members (primarly private individuals) Investor Relations Transparency is our top priority. We keep you up-to-date with all the latest news about our company, our business, and the development of our stock. Not with fine words, but with convincing facts and arguments. Our goal is to grow company value that will last. You can find out here wh",2026-10-02,79efda7933f5d0a4907092e930920b88e6c451f7dac1bb51de7fc5232aff3cca,http_response,,reviewed_control_chain,9ZHRYM6F437SQJ6OUG95,https://api.gleif.org/api/v1/lei-records/5493001U1K6M7JOL5W45/ultimate-parent-relationship,b3207867f66aa4b045b59afa4abfe8c212ba4686cc784dabc2e447f3f2c6539b
54930027UO6WGCG0SW75,"Landshypotek, ek. för.",cooperative,https://api.gleif.org/api/v1/lei-records/54930027UO6WGCG0SW75,"GLEIF registered legal name: Landshypotek, ek. för.. Legal form: C61P — Ekonomisk förening. Jurisdiction: SE. Entity status: ACTIVE. Register last updated: 2026-03-06T09:38:00Z.",2026-10-02,1ba434b27c026583c366ce08f85ad78761abe1e917730f90e433a9ed5bb113c9,canonical_gleif_record,https://www.gleif.org/lei-data/code-lists/iso-20275-entity-legal-forms-code-list/2026-02-19-elf-code-list-v1.6.csv,registered_controller_form,,,
5493002XO4O96E9XFC76,"Livförsäkringsbolaget Skandia, ömsesidigt",mutual,https://api.gleif.org/api/v1/lei-records/5493002XO4O96E9XFC76,"GLEIF registered legal name: Livförsäkringsbolaget Skandia, ömsesidigt. Legal form: O1QI — Ömsesidigt försäkringsbolag. Jurisdiction: SE. Entity status: ACTIVE. Register last updated: 2026-04-15T11:15:00Z.",2026-10-02,13c120021e56baa4376e1d62591abc95d5824dbde9c40ed40726ac1e90ca7981,canonical_gleif_record,https://www.gleif.org/lei-data/code-lists/iso-20275-entity-legal-forms-code-list/2026-02-19-elf-code-list-v1.6.csv,registered_controller_form,,,
5493003BDYD5VPGUQS04,UniCredit Bank S.A.,shareholder,https://www.unicreditgroup.eu/en/governance/shareholders/shareholders-structure.html,"ddress): Send Back to shareholders Shareholder structure MAJOR SHAREHOLDERS* Major shareholders Ordinary shares % owned BlackRock Group 114,907,383 7.620 (1) Capital Research and Management Company 80,421,723 5.333 (2) 1) non-discretional asset management 2) discretional asset management * The table shows the information notified by the shareholders pursuant to art. 120 TUF following the update disclosed on the Consob website on 28 April 2025. The percentages here indicated are calculated on the number of shares representing the updated share capital, as shown below, which takes into account the cancellation of treasury shares registered with the Company Register on 24 February 2026. It should be noted that, in the cases provided for by the Is",2026-10-02,479112d66552ea5d53b1dc315e733fac1f875cfd4c1e7536b8d9227ce3bb5534,http_response,,reviewed_control_chain,549300TRUWO2CD2G5692,https://api.gleif.org/api/v1/lei-records/5493003BDYD5VPGUQS04/ultimate-parent-relationship,7f849dcf0d111ef3f544c75f2d8b4939294d284153bc3b9a674cceaacbbc4a84
54930044PCO1XG0OGZ29,Forenet Kredit f.m.b.a.,mutual,https://forenetkredit.dk/wp-content/uploads/2025/09/FK_Ejerskabspolitik_A5_160925.pdf," til, at Nykredit-koncernen til stadighed drives ud fra tilsvarende principper. At være majoritetsaktionær i Nykredit A/S (Nykredit) indebærer for Forenet Kredit f.m.b.a. (Forenet Kredit eller Forenin- gen), at Foreningen deltager aktivt i at sikre en god og langsigtet udvikling af Nykredit. Det gør Foreningen fx ved at være i dialog med Nykredits ledelse, være repræsenteret i Nykredits bestyrelse og ved at lytte til og være i aktiv dialog med Foreningens medlemmer, Nykredits øvrige aktionærer, obligationsejere og øvrige interessenter. Udbytte fra Nykredit: Under normale markedsforhold og under hensyntagen til Nykredits kapitalmæssige forhold er det Foreningens mål, at Nykre- dit leverer en stabil og konkurrencedygtig udbyttebetaling. Kapitalisering i Nykredit: Foreningen lægger vægt på, at Nykredit til stadighed søger at optimere sin kapital- struktur og er kapitaliseret til et markeds- konformt niveau, dog mindst til et niveau, der sikrer en stabil og sikker rating på niveau med sammenlignelige selskaber. Ansvarlighed og ordentlighed: Foreningen lægger vægt på, at Nykredit ledes og drives ud fra princi",2026-10-02,28031b809053c0871c2bdcb0c41043dc2166b7905a02dacdba7517b33533bcd1,http_response,https://forenetkredit.dk/om-os/,direct_ownership,,,
5493004WUGGU2BQI7F14,Landshypotek AB - gruppen,cooperative,https://www.landshypotek.se,änta. Ta del av erbjudandet Lantbruk och skog Låna till lantbruk Låna till gård En bank som ägs av sina medlemmar Boende Bolån Bolåneräntor Räkna på bolånekostnad Kund hos oss Besvara kundkännedom Vanliga frågor Låneskydd Lantbruk och skogsboende Låna till lantbruksfastighet Hos oss lånar du till din lantbruks- och skogsfastighet med hjälp av vår kunskap och till goda villkor. Vi förstår dig och din verksamhet som lantbrukare och boende på lantbruksfastighet. Låna till lantbruk Boende Lån,2026-10-02,82dab72166f331b75e9164a916a88c3b72a4921023ebf6b050ce2d67e4925d12,http_response,,direct_ownership,,,
5493006KMX1VFTPYPW14,BROWN BROTHERS HARRIMAN & CO.,shareholder,https://www.bbh.com/content/dam/bbh/external/www/firmwide/annual-report/2025-annual-report/2026-11351735913-FW-2025%20Annual%20Report-final%20PUB.access.pdf,"will be no changes to BBH’s ownership structure as a result of this initiative. BBH will continue to be privately owned and operated by its 38 general partners, and AMG’s interest will be limited to its minority investment in the BBH Credit Partners subsidiary. Our current investment strategies include the following: Public Equity1 • US Large Cap Equity • Mid Cap Equity • Concentrated Small Cap Equity Fixed Income • Limited Duration Fixed Income • Intermediate Duration Fixed Income • High-Yield Fixed Income • Core Plus Fixed Income • Structured Fixed Income • Multisector Fixed Income • Municipal Fixed Income • Inflation-Indexed Fixed Income Alternatives • Alternative Credit Strategy Private Equity BBH Capital Partners Private Equity provides customized junior capital solutions to lower middle-marke",2026-10-02,103664a50a5d4d043ad6fa6ffa723616dc56ddf1b1854a38ea0df092c67e5b84,http_response,,direct_ownership,,,
5493006QMFDDMYWIAM13,"Banco Santander, S.A.",shareholder,https://www.santander.com/en/shareholders-and-investors/santander-share/share-capital-distribution,"ón del accionariado y capital social por tramos 30 June 2026 Share holdings Shareholders Shares Share capital % 1 - 200 2,132,943 174,554,448 1.19% 201 - 1.000 734,252 363,741,476 2.48% 1.001 - 3.000 362,971 575,879,491 3.92% 3.001 - 30.000 257,138 2,013,551,767 13.71% 30.001 - 400.000 20,683 1,312,158,008 8.93% More than 400.000 632 10,249,434,312 69.77% Total 3,508,619 14,689,319,502 100.00% Legal Legal Notice Cookie Policy Data Protection Policy Accessibility Links of interest Santander financial earnings Contact us Social media profiles Financial services © Banco Santander S.A. All rights reserved. Corporate Headquarters: CGS Av. Cantabria s/n 28660 Boadilla del Monte, Madrid (Spain) X Linkedin Facebook Instagram YouTube Google News ",2026-10-02,6c12149c6944560570aa32a967843f82563095b3a6328b6917587310aa419241,http_response,,direct_ownership,,,
5493007S4JE930SIUE86,ING Holding Deutschland GmbH,shareholder,https://ing.com/investors/share-information/shares,",073 3,619,144,872 3,343,622,989 3,096,274,533 2,902,437,688 2,860,085,770 *Updated as per 30 June 2026 Ordinary Shares ING Group ordinary shares are listed on Euronext Amsterdam and Brussels. Geographical distribution* The above image shows the geographical distribution of ING's ordinary shares in percentages: 43% United States | 17% United Kingdom | 8% France | 8% Scandinavia | 5% Germany | 1% the Netherlands | 9% rest of Europe | 4% Asia | 4% rest of the world. *Distribution based on December 2023 (includes ordinary shares represented by American depositary receipts). American depositary receipts (ADRs) ADRs are listed on NYSE and administered by JP Morgan Chase. For more information on ADRs, please consult ING pages on JP Morgan Chase's website . Related links Largest investors",2026-10-02,0085fb19e45ea664c4fee957b6e7576932c9330b144ae6345a1fbbaf0ede1d41,http_response,,reviewed_control_chain,549300NYKK9MWM7GGW15,https://api.gleif.org/api/v1/lei-records/5493007S4JE930SIUE86/ultimate-parent-relationship,005df6215c1624e041f1fbeff93dd39d247900b568f4270a0f6ec52ca3a7118b
5493008QRHH0XCLJ4238,BRD-Groupe Société Générale SA,shareholder,https://investors.societegenerale.com/fr/informations-financieres-extra-financieres/action/actionnariat,"s et extra-financières L'action Actionnariat Actionnariat Sommaire Actionnariat Répartition du capital au 31 décembre 2025Actionnaires% du capital% des droits de votesActionnariat salarié – plans d'épargne9,11 %15,86 % BlackRock, Inc7,93 %7,13 % The Capital Group Companies, Inc2,33 %2,10 %Amundi2,70 %2,43 % Caisse des Dépôts et Consignations2,22 %2,67 %BNPP AM1,43 %1,28 %Public72,72 %67,13 %Autodétention1,57 %1,41 %TOTAL100 %100 %Base de référence766 894 786 852 557 365 Déclaration de franchissement de seuil Toute déclaration est à adresser à la Direction financière – Relations Investisseurs (DFIN/INV - Tours Société Générale - 17 Cours Valmy - 92800 Paris La Défense) et à envoyer en version PDF à l’adresse suivante : investor.relations@socgen.com Extrait des statuts relatifs aux seuils statutaires en complément des seuils légaux Informations boursièresNatureAction ordinairePaysFranceValeur du nominal1,25 EUR",2026-10-02,3fca55ab375b93ab91d5a05c89d3e70b1dfe420b4bc5689bb02ebe51c383268a,http_response,,reviewed_control_chain,O2RNE8IBXP4R0TD8PU41,https://api.gleif.org/api/v1/lei-records/5493008QRHH0XCLJ4238/ultimate-parent-relationship,9adeb78ca11e802f1fbe32368abf34f232026394e1ef598441653583a2597b6a
5493009EIBTCB1X12G89,LGT Group Foundation,shareholder,https://www.lgt.com/global-en/about-lgt," net worth clients and families. We manage assets of more than CHF 386 billion. Our largest client, the Princely House of Liechtenstein, is also our owner. We do business according to the same principles that the Princely Family holds dear: respect, friendliness, entrepreneurial commitment, a long-term and holistic perspective, and the relentless pursuit of quality and improvement. The results speak for themselves: Moody's and Standard & Poor's rate our creditworthiness as first-class - thanks to our strong balance sheet, high liquidity, and solid capitalization. Facts, facts, and more facts Sometimes numbers speak louder than ",2026-10-02,4100917f23af3c45e4dcb7bcee78dcbc53a3d7b9e361c31f3d681132fe36a9ad,http_response,,direct_ownership,,,
549300F7FBD744MEP844,Banque Raiffeisen,cooperative,https://api.gleif.org/api/v1/lei-records/549300F7FBD744MEP844,GLEIF registered legal name: BANQUE RAIFFEISEN. Legal form: V5OS — Société coopérative. Jurisdiction: LU. Entity status: ACTIVE. Register last updated: 2026-07-27T04:32:00Z.,2026-10-02,407e16c629e10a2d92d17b3944eedb86b6fd233b1ee0a13f34c79655bde65a93,canonical_gleif_record,https://www.gleif.org/lei-data/code-lists/iso-20275-entity-legal-forms-code-list/2026-02-19-elf-code-list-v1.6.csv,registered_bank_form,,,
549300FH0WJAPEHTIQ77,BofA Securities Europe SA,shareholder,https://d1io3yog0oux5.cloudfront.net/_2d7333429ef3d80812f60e8a0751979c/bankofamerica/db/867/10497/proxy_statement/BAC+2026+Proxy+Statement.pdf,"policy, it will be reviewed for approval or ratification by our Corporate Governance Committee. Based on information contained in separate Schedule 13G filings with the SEC, each of Warren E. Buffett/Berkshire Hathaway Inc. (Berkshire Hathaway), BlackRock, Inc. (BlackRock), and The Vanguard Group (Vanguard) reported that it beneficially owned more than 5% of the outstanding shares of our common stock as of December 31, 2025 (see “Stock ownership of directors, executive officers, and certain beneficial owners” on the next page). In the ordinary course of our business during 2025, our subsidiaries provided and are expected to continue to provide financial advisory, sales and trading, treasury, and other financial or administrative services to Berkshire Hathaway, BlackRock, and Vanguard and their subsidiaries. These and other routine business transactions between the companies were entered into on an arm’s-length basis and contain customary terms and conditions. Our company and its subsidiaries may also, in the ordinary course, invest in BlackRock or Vanguard funds or other products or buy or sell assets to or from BlackRock or Vanguard funds and separate accounts. 36 Bank of America Stock ownership of directors, executive officers, and certain beneficial owners Stock ownership of directors, executive officers, and certain beneficial owners The following table shows the number of shares of our common stock beneficially owned as of March 13, 2026 (except to the extent indicated otherwise in the footnotes below) by: (i) each director; (ii) each named executive officer; (iii) all directors and executive officers as a group; and (iv) beneficial owners of more than 5% of any class of our voting securities (as determined under SEC rules). As of that date, none of our directors and executive officers owned any shares of any class of our voting securities or other preferred stock, other than as r",2026-10-02,e18a00f56443f9ae17ee39f8c68184eb2a813e9f7655fcbc36e8427bbb284e67,http_response,https://investor.bankofamerica.com/annual-reports-and-proxy-statements,reviewed_document_chain,9DJT3UXIJIZJI4WXO774,https://www.sec.gov/Archives/edgar/data/70858/000007085826000157/bac-1231202510xkex21.htm,d4276132e4f16d34ece626df9f88a1b0415abc73016edbbd3ad306591168ad87
549300G3C8M0WXQCWH61,Caja Laboral Popular Coop. de Crédito,cooperative,https://api.gleif.org/api/v1/lei-records/549300G3C8M0WXQCWH61,GLEIF registered legal name: CAJA LABORAL POPULAR COOP DE CREDITO. Legal form: SS0L — Cooperativa de Credito. Jurisdiction: ES. Entity status: ACTIVE. Register last updated: 2026-08-19T05:55:26Z.,2026-10-02,43385875f37f804d10674453729481c7a72a4d3932c7ac851c2d74192466b0e7,canonical_gleif_record,https://www.gleif.org/lei-data/code-lists/iso-20275-entity-legal-forms-code-list/2026-02-19-elf-code-list-v1.6.csv,registered_bank_form,,,
549300GDPG70E3MBBU98,Kreditanstalt für Wiederaufbau,public,https://api.gleif.org/api/v1/lei-records/549300GDPG70E3MBBU98,GLEIF registered legal name: Kreditanstalt für Wiederaufbau. Legal form: XLWA — Anstalt des öffentlichen Rechts. Jurisdiction: DE. Entity status: ACTIVE. Register last updated: 2026-02-17T10:51:47Z.,2026-10-02,4001de65eaffdf8eb004ee746bda1d7a0fd720dd70e3e25770d72ab394f2e086,canonical_gleif_record,https://www.gleif.org/lei-data/code-lists/iso-20275-entity-legal-forms-code-list/2026-02-19-elf-code-list-v1.6.csv,registered_controller_form,,,
549300GKFG0RYRRQ1414,DNB BANK ASA,mixed,https://www.ir.dnb.no/share/largest-shareholders,"Major shareholders as at 31 December 2025 Largest shareholders Shares in 1,000 Ownership in % Norwegian Government/Ministry of Trade, Industry and Fisheries 502 386 34,4 DNB Savings Bank Foundation 130 001 8,9 Folketrygdfondet 95 106 6,5 BlackRock, Inc. 64 497 4,4 Vanguard Group, Inc. 37 106 2,5 Deutsche Bank AG Group 34 257 2,3 DNB Asset Management AS 24 477 1,7 Storebrand Kapitalforvaltning 23 337 1,6 Schroders PLC 22 578 1,5 Kommunal Landspensjonskasse 20 001 1,4 Nordea Bank Abp 18 675 1,3 State Street Corporation 17 988 1,2 T. Rowe Price Group, Inc. 16 734 1,1 BNP Paribas, S.A. 16 344 1,1 Mawer Investment Management Ltd. 16 010 1,1 Ameriprise Financial, Inc. 12 664 0,9 Caisse des Dépôts et Consignations 11 741 0,8 SAS Rue La Boétie 11 346 0,8 Geode Capital Management, L.L.C. 10 040 0,7 UBS Group AG 9 315 0,6 Total largest shareholders 1 094 601 74,9 Other shareholders 366 374 25,1 Total 1 460 974 100,0 The data is provided by NASDAQ IR Insight and is obtained through analysis of beneficial ownership and fund manager information provided in replies to disclosure of ownership notices issued to all custodians in relation to DNB share register provided by Euronext VPS as of 31 December 2025. The ownership percentages do not necessarily include shareholdings that are lent. Shareholder list A list of DNB’s shareholders can be accessed through the Public Shareholder Portal provided by Euronext Securities: Daglig oppdatert aksjonærregister - Offentlig Aksjeeierportal Shareholder list including disclosure of nominee accounts A list of DNB’s shareholders as at 31 December 2025 including disclosure of nominee accounts can be found here: Shareholder list The data is provided by NASDAQ IR Insight and is obtained through analysis of beneficial ownership and fund manager information provided in replies to disclosure of ownership notices issued to all custodians in relation to DNB share register provided by Euronext VPS as of 31 December 2024. The ownership percentages do not necessarily include shareholdings that are lent. Our fact sheet Fact sheet Contact us Get in touch with us Contacts Stay connected or keep up ",2026-10-02,fe17bb8edafcced408f2eb6c1b704ef88b116c3745d6e7ddcda38fefde3b4811,http_response,,direct_ownership,,,
549300HFEHJOXGE4ZE63,SFIL S.A.,public,https://api.gleif.org/api/v1/lei-records/969500Q2PFTTP0Y5QL44,GLEIF registered legal name: CAISSE DES DEPOTS ET CONSIGNATIONS. Legal form: 2WMP — Autre personne morale de droit administratif. Jurisdiction: FR. Entity status: ACTIVE. Register last updated: 2026-03-18T21:10:53Z.,2026-10-02,6a8fd4e995aac0284eae46d1b63f1c2d64d6f43955ca7f85f5a55237400896a3,canonical_gleif_record,https://www.gleif.org/lei-data/code-lists/iso-20275-entity-legal-forms-code-list/2026-02-19-elf-code-list-v1.6.csv,reviewed_control_chain,969500Q2PFTTP0Y5QL44,https://api.gleif.org/api/v1/lei-records/549300HFEHJOXGE4ZE63/ultimate-parent-relationship,7e8fb2bef023aa064c55a167927bb4abe2b38d0cbe3bcd121ab3b1ce73c0653c
549300IQZVZ949N37S44,Euroclear Holding,mixed,https://sfpim.be/uploads/2026/04/BE0253445063-20260402-VOL-kap-nl.pdf,"104000 Liège België 0404.484.654 Naamloze vennootschap Gewone aandelen op naam 6.333.330 31,67 0,00 EUROCLEAR HOLDING 5.782.702.92331-12-2024 EUR 1.397.167.567 Boulevard du Roi Albert II 1 1210 Sint-Joost-ten-Node België 0700.808.073 Naamloze vennootschap Gewone aandelen op naam 4.169.720 13,25 0,00 EXEVIR BIO 5.616.54131-12-2024 EUR -4.822.921 Technologiepark-Zwijnaarde 94 9052 Zwijnaarde België 0750.495.334 Besloten vennootschap Gewone aandelen op naam 6.000 13,42 0,00 FORTINO CAPITAL VENTURE I ARKIV - IN VEREFFENING 11.338.98631-12-2024 EUR -858.610 Borsbeeksebrug 36 2600 Berchem (Antwerpen) België 0646.862.118 Commanditaire vennootschap Gewone aandelen op naam 82.500 10,82 0,00 24/95 Nr. 0253.445.063 VOL-kap 6.5.1 DEELNEMINGEN EN MAATSCHAPPELIJKE RECHTEN IN ANDERE ONDERNEMINGEN INLICHTINGEN OMTRENT DE DEELNEMINGEN Hieronder worden de ondernemingen vermeld waarin de vennootschap een deelneming bezit (opgenomen in de posten 280 en 282 van de activa), alsmede de andere ondernemingen waarin de vennootschap maatschappelijke rechten bezit (opgenomen in de posten 284 en 51/53 van de activa) ten belope van ten minste 10 % van het kapitaal, van het eigen vermogen of van een soort aandelen van die vennootschap. NAAM, volledig adres van de ZETEL en, zo het een onderneming naar Belgisch recht betreft, het ONDERNEMINGSNUMMER Aangehouden maatschappelijke rechten rechtstreeks doch- ters Aantal % % Gegeven",2026-10-02,e49453d7296b01a933e1b8c4769c9dc1093dbd9acd1ddb0cabeb06b594f9876a,http_response,https://novoholdings.com/investments/euroclear,direct_ownership,,,
549300JB1P61FUTPEZ75,"Všeobecná úverová banka, a.s.",shareholder,https://group.intesasanpaolo.com/en/governance/shareholder-base,"6.28 euro, represented by 17,682,460,955 ordinary shares without nominal value. As of 10 September 2026 the shareholder structure of Intesa Sanpaolo was composed as follows (holders of shares exceeding 3% (*)): SHAREHOLDER ORDINARY SHARES % OF ORDINARY SHARES Fondazione Compagnia di San Paolo 1,153,947,304 6.526% Fondazione Cariplo 961,333,900 5.437% (*) Shareholders that are fund management companies may be exempted from disclosure up to the 5% threshold. BlackRock Inc. disclosed a 5.005% holding in the share capital of Intesa Sanpaolo, notified in Form 120 A dated 9 December 2020, as well as a 5.066% aggregate holding in the Bank’s share capital, notified in Form 120 B dated 4 December 2020, and has not provided any update of these holdings following the subsequent changes in the number of shares into which the share capital of Intesa Sanpaolo is divided. Note: figures may not add up exactly due to rounding differences. Figures updated based on the results from the register of shareholders and the latest communications received. The Italian regulations (Article 120 of the Consolidated Law on Finance “TUF”) set forth that holdings exceeding 3% of the voting capital of a listed company should be communicated to both that company and CONSOB. Moreover, under Article 19 of the Consolidated Law on Banking ""TUB"",",2026-10-02,e437f60c02c677727a89b61134cbcc3774d43fac78fb9b9d0e4a38d38963d6c9,http_response,,reviewed_control_chain,2W8N8UU78PMDQKZENC08,https://api.gleif.org/api/v1/lei-records/549300JB1P61FUTPEZ75/ultimate-parent-relationship,9a018dd761fd4eb3642e73047e21faf77ac8573c4edff0d198e363c918854c64
549300MM2G2LFEPR2M50,Skandiabanken Aktiebolag (publ),mutual,https://api.gleif.org/api/v1/lei-records/5493002XO4O96E9XFC76,"GLEIF registered legal name: Livförsäkringsbolaget Skandia, ömsesidigt. Legal form: O1QI — Ömsesidigt försäkringsbolag. Jurisdiction: SE. Entity status: ACTIVE. Register last updated: 2026-04-15T11:15:00Z.",2026-10-02,13c120021e56baa4376e1d62591abc95d5824dbde9c40ed40726ac1e90ca7981,canonical_gleif_record,https://www.gleif.org/lei-data/code-lists/iso-20275-entity-legal-forms-code-list/2026-02-19-elf-code-list-v1.6.csv,reviewed_control_chain,5493002XO4O96E9XFC76,https://api.gleif.org/api/v1/lei-records/549300MM2G2LFEPR2M50/ultimate-parent-relationship,6726309646a308f2a759bc6e6a681ef0a86e9443dd2b7bce82e86fe7579af7bb
549300MSY5NIVC0BME80,CIB Bankcsoport,shareholder,https://group.intesasanpaolo.com/en/governance/shareholder-base,"6.28 euro, represented by 17,682,460,955 ordinary shares without nominal value. As of 10 September 2026 the shareholder structure of Intesa Sanpaolo was composed as follows (holders of shares exceeding 3% (*)): SHAREHOLDER ORDINARY SHARES % OF ORDINARY SHARES Fondazione Compagnia di San Paolo 1,153,947,304 6.526% Fondazione Cariplo 961,333,900 5.437% (*) Shareholders that are fund management companies may be exempted from disclosure up to the 5% threshold. BlackRock Inc. disclosed a 5.005% holding in the share capital of Intesa Sanpaolo, notified in Form 120 A dated 9 December 2020, as well as a 5.066% aggregate holding in the Bank’s share capital, notified in Form 120 B dated 4 December 2020, and has not provided any update of these holdings following the subsequent changes in the number of shares into which the share capital of Intesa Sanpaolo is divided. Note: figures may not add up exactly due to rounding differences. Figures updated based on the results from the register of shareholders and the latest communications received. The Italian regulations (Article 120 of the Consolidated Law on Finance “TUF”) set forth that holdings exceeding 3% of the voting capital of a listed company should be communicated to both that company and CONSOB. Moreover, under Article 19 of the Consolidated Law on Banking ""TUB"",",2026-10-02,e437f60c02c677727a89b61134cbcc3774d43fac78fb9b9d0e4a38d38963d6c9,http_response,,reviewed_control_chain,2W8N8UU78PMDQKZENC08,https://api.gleif.org/api/v1/lei-records/549300MSY5NIVC0BME80/ultimate-parent-relationship,5f744c5a16bbc38da2d74cbe9e868e8f4f3bb3ce381d060945b24f5fa1ac2e89
549300NYKK9MWM7GGW15,ING Groep N.V.,shareholder,https://ing.com/binaries/content/assets/documents/annual-reports/2025-ing-groep-nv-form-20-f.pdf," more than 5% of the outstanding shares of that class. The shareholder is obliged to file Schedule 13D or 13G until their holdings drop below 5%. To the best of our knowledge, as of 31 December 2025, no holder of ordinary shares or ADSs, other than BlackRock Inc. held 5% or more of ING Group’s issued share capital. On 1 February 2023, BlackRock, Inc. disclosed by way of a Schedule 13G filed with the SEC, beneficial ownership of 259,211,756 ordinary shares of ING Group as of 31 December 2022, representing 7.0% of ING Group's issued share capital. On 13 February 2023, Capital Research Global Investors disclosed by way of a Schedule 13G filed with the SEC, beneficial ownership of 57,557,399 ordinary shares of ING Group as of 30 December 2022, representing 1.5% of ING Group's issued share capital. On 6 February 2024, BlackRock, Inc. disclosed by way of a Schedule 13G filed with the SEC, beneficial ownership of 255,592,935 ordinary shares of ING Group as of 31 December 2023, representing 7.3% of ING Group's issued share capital. On 12 November 2024, Capital Research Global Investors disclosed by way of a Schedule 13G filed with the SEC, beneficial ownership of 214,691,773 ordinary shares of ING Group as of September 30, 2",2026-10-02,3eb5f7393409d25eb7cfda1f571479c3a91cfae9d6b66db8e3ea0613c398f565,http_response,,direct_ownership,,,
549300O2UN9JLME31F08,UniCredit Banka Slovenija d.d.,shareholder,https://www.unicreditgroup.eu/en/governance/shareholders/shareholders-structure.html,"ddress): Send Back to shareholders Shareholder structure MAJOR SHAREHOLDERS* Major shareholders Ordinary shares % owned BlackRock Group 114,907,383 7.620 (1) Capital Research and Management Company 80,421,723 5.333 (2) 1) non-discretional asset management 2) discretional asset management * The table shows the information notified by the shareholders pursuant to art. 120 TUF following the update disclosed on the Consob website on 28 April 2025. The percentages here indicated are calculated on the number of shares representing the updated share capital, as shown below, which takes into account the cancellation of treasury shares registered with the Company Register on 24 February 2026. It should be noted that, in the cases provided for by the Is",2026-10-02,479112d66552ea5d53b1dc315e733fac1f875cfd4c1e7536b8d9227ce3bb5534,http_response,,reviewed_control_chain,549300TRUWO2CD2G5692,https://api.gleif.org/api/v1/lei-records/549300O2UN9JLME31F08/ultimate-parent-relationship,de9dbbbaafde3bdf46de7e78e27c8004176fadeb83cb98bb349b0af727695d65
549300RFKNCOX56F8591,RAIFFEISEN BANK S.A.,cooperative,https://www.rbinternational.com/en/raiffeisen/rbi-group/about-us.html,"than 1,000 awards from financial magazines EUR 205 bn total assets (30.06.2026) Ownership Structure of Raiffeisen Bank International 38.83% of Raiffeisen Bank international is owned by free float. 61.17% is owned by regional Raiffeisen banks: 61.17% of Raiffeisen Bank International shares is owned by 8 regional Raiffeisen banks 8 regional Raiffeisen banks are owned by 270 Raiffeisen banks 270 Raiffeisen banks are owned by appr. 1.4 mn members (primarly private individuals) Investor Relations Transparency is our top priority. We keep you up-to-date with all the latest news about our company, our business, and the development of our stock. Not with fine words, but with convincing facts and arguments. Our goal is to grow company value that will last. You can find out here wh",2026-10-02,79efda7933f5d0a4907092e930920b88e6c451f7dac1bb51de7fc5232aff3cca,http_response,,reviewed_control_chain,9ZHRYM6F437SQJ6OUG95,https://api.gleif.org/api/v1/lei-records/549300RFKNCOX56F8591/ultimate-parent-relationship,f0d221706c66c0c2635ec36262252daa2cbd46f24a8d8faeea11c0ca54a01c25
549300TL5406IC1XKD09,Saxo Bank A/S,shareholder,https://www.home.saxo/about-us," business, science, sports, or the arts, lasting success is built on dedication, discipline, and a belief in long-term progress. Investing is no different. By combining perspective, discipline, and access to the right tools and insights, investors can make more informed choices and take greater control of their financial future. Everything we do at Saxo is designed to help our clients do exactly that: invest with confidence, think long term, and make the most of their money. Our mission is to help more people become informed, engaged, and empowered investors. To Be Invested. Part of J. Safra Sarasin Group and J. Safra Group Saxo is part of J. Safra Sarasin Group, a leading global private banking and wealth management group with a presence in more than 35 locations in Europe, Asia, the Middle East, Latin America, and the Caribbean. The banking group manages more than USD 460 billion in client assets and employs approximately 5,000 people worldwide. J. Safra Sarasin Group is part of the privately owned J. Safra Group (the Group), an international group with interests in sectors such as banking, asset management, real estate, and agribusiness. The Group's banking institutions are Bank J. Safra Sarasin, headquartered in Basel, Switzerland; Banco Safra, headquartered in São Paulo, Brazil; and Safra National Bank of New York, headquartered in New York City, USA, all independent from one another from a consolidated supervision standpoint. Across its banking institutions and investment holdings, the J. Safra Group has a global presence spanning more than 230 locations, total assets under management of approximately USD 590 billion, and more than 32,000 employees worldwide. The markets never stand still. Neither do we. We are constantly questioning, learning, and using data-driven insights to improve what we",2026-10-02,a26e716e99d094f10fbd3a1395fe47f5547b37283d43a819aac092e5da76e55e,http_response,,direct_ownership,,,
549300TRUWO2CD2G5692,"UNICREDIT, SOCIETA' PER AZIONI",shareholder,https://www.unicreditgroup.eu/en/governance/shareholders/shareholders-structure.html,"ddress): Send Back to shareholders Shareholder structure MAJOR SHAREHOLDERS* Major shareholders Ordinary shares % owned BlackRock Group 114,907,383 7.620 (1) Capital Research and Management Company 80,421,723 5.333 (2) 1) non-discretional asset management 2) discretional asset management * The table shows the information notified by the shareholders pursuant to art. 120 TUF following the update disclosed on the Consob website on 28 April 2025. The percentages here indicated are calculated on the number of shares representing the updated share capital, as shown below, which takes into account the cancellation of treasury shares registered with the Company Register on 24 February 2026. It should be noted that, in the cases provided for by the Is",2026-10-02,479112d66552ea5d53b1dc315e733fac1f875cfd4c1e7536b8d9227ce3bb5534,http_response,,direct_ownership,,,
549300UOX05QGUJJ5707,Stadshypotek AB,shareholder,https://www.handelsbanken.com/en/investor-relations/the-share/the-shareholders," relations The share The shareholders The shareholders A rundown of our major shareholders About our shareholders We have more than 200,000 shareholders. One shareholders’ holdings exceed 10 percent, Industrivärden. The major Swedish shareholders 31 December, 2025 Shareholder: Industrivärden Number of shares: 230 000 000 Percentage of votes: 11.8 Shareholder: Oktogonen Foundation Number of shares: 159 225 141 Percentage of votes: 8.2 Shareholder: Lundberg-gruppen Number of shares: 95 781 000 Percentage of votes: 4.9 Shareholder: BlackRock Number of shares: 69 730 671 Percentage of votes: 3.6 Shareholder: Vanguard Number of shares: 65 548 347 Percentage of votes: 3.3 Shareholder: Handelsbanken Funds Number of shares: 32 169 769 Percentage of votes: 1.7 Shareholder: Fidelity Number of shares: 29 919 408 Percentage of votes: 1.5 Shareholder: J. Wallanders & T. Hedelius stiftelse, T. Browaldhs stiftelse Number of shares: 28 996 000 Percentage of votes: 1.5 Shareholder: SEB Funds Number of shares: 27 287 220 Percentage of votes: 1.4 Shareholder: First Eagle Investment Management, LLC Number of shares: 20 933 302 Percentage of votes: 1.1 Shareholder: Avanza Funds Number of shares: 18 378 820 Percentage of votes: 0.9 Shareholder: Folksam Number of shares: 16 476 392 Percentage of votes: 0.8 Sharehold",2026-10-02,e515f6bb5f85008597543a85d8ed1bdb2363ebf577a24482d33effee35efad2d,http_response,,reviewed_control_chain,NHBDILHZTYCNBV5UYZ31,https://api.gleif.org/api/v1/lei-records/549300UOX05QGUJJ5707/ultimate-parent-relationship,cdd8f65586077e5d986bed8cefd69f7bed36ee1712ea8318fe705d3179d86a29
549300URJH9VSI58CS32,"Banco Santander Totta, SA",shareholder,https://www.santander.com/en/shareholders-and-investors/santander-share/share-capital-distribution,"ón del accionariado y capital social por tramos 30 June 2026 Share holdings Shareholders Shares Share capital % 1 - 200 2,132,943 174,554,448 1.19% 201 - 1.000 734,252 363,741,476 2.48% 1.001 - 3.000 362,971 575,879,491 3.92% 3.001 - 30.000 257,138 2,013,551,767 13.71% 30.001 - 400.000 20,683 1,312,158,008 8.93% More than 400.000 632 10,249,434,312 69.77% Total 3,508,619 14,689,319,502 100.00% Legal Legal Notice Cookie Policy Data Protection Policy Accessibility Links of interest Santander financial earnings Contact us Social media profiles Financial services © Banco Santander S.A. All rights reserved. Corporate Headquarters: CGS Av. Cantabria s/n 28660 Boadilla del Monte, Madrid (Spain) X Linkedin Facebook Instagram YouTube Google News ",2026-10-02,6c12149c6944560570aa32a967843f82563095b3a6328b6917587310aa419241,http_response,,reviewed_control_chain,5493006QMFDDMYWIAM13,https://api.gleif.org/api/v1/lei-records/549300URJH9VSI58CS32/ultimate-parent-relationship,cffe66ed70973a2c255c48699f2b6163d1e88effb529150ca8c5bff97a4816ee
549300XGJX6FOWLOI640,FIDEURAM - INTESA SANPAOLO PRIVATE BANKING S.P.A.,shareholder,https://group.intesasanpaolo.com/en/governance/shareholder-base,"6.28 euro, represented by 17,682,460,955 ordinary shares without nominal value. As of 10 September 2026 the shareholder structure of Intesa Sanpaolo was composed as follows (holders of shares exceeding 3% (*)): SHAREHOLDER ORDINARY SHARES % OF ORDINARY SHARES Fondazione Compagnia di San Paolo 1,153,947,304 6.526% Fondazione Cariplo 961,333,900 5.437% (*) Shareholders that are fund management companies may be exempted from disclosure up to the 5% threshold. BlackRock Inc. disclosed a 5.005% holding in the share capital of Intesa Sanpaolo, notified in Form 120 A dated 9 December 2020, as well as a 5.066% aggregate holding in the Bank’s share capital, notified in Form 120 B dated 4 December 2020, and has not provided any update of these holdings following the subsequent changes in the number of shares into which the share capital of Intesa Sanpaolo is divided. Note: figures may not add up exactly due to rounding differences. Figures updated based on the results from the register of shareholders and the latest communications received. The Italian regulations (Article 120 of the Consolidated Law on Finance “TUF”) set forth that holdings exceeding 3% of the voting capital of a listed company should be communicated to both that company and CONSOB. Moreover, under Article 19 of the Consolidated Law on Banking ""TUB"",",2026-10-02,e437f60c02c677727a89b61134cbcc3774d43fac78fb9b9d0e4a38d38963d6c9,http_response,,reviewed_control_chain,2W8N8UU78PMDQKZENC08,https://api.gleif.org/api/v1/lei-records/549300XGJX6FOWLOI640/ultimate-parent-relationship,e208d01057b8b6b531a4eae38a04c42c36799666e80a8e05797fca0abd904102
549300Z7V2WOFIMUEK50,UniCredit Bulbank AD,shareholder,https://www.unicreditgroup.eu/en/governance/shareholders/shareholders-structure.html,"ddress): Send Back to shareholders Shareholder structure MAJOR SHAREHOLDERS* Major shareholders Ordinary shares % owned BlackRock Group 114,907,383 7.620 (1) Capital Research and Management Company 80,421,723 5.333 (2) 1) non-discretional asset management 2) discretional asset management * The table shows the information notified by the shareholders pursuant to art. 120 TUF following the update disclosed on the Consob website on 28 April 2025. The percentages here indicated are calculated on the number of shares representing the updated share capital, as shown below, which takes into account the cancellation of treasury shares registered with the Company Register on 24 February 2026. It should be noted that, in the cases provided for by the Is",2026-10-02,479112d66552ea5d53b1dc315e733fac1f875cfd4c1e7536b8d9227ce3bb5534,http_response,,reviewed_control_chain,549300TRUWO2CD2G5692,https://api.gleif.org/api/v1/lei-records/549300Z7V2WOFIMUEK50/ultimate-parent-relationship,61f9f517283fa29f9c4da2c53c0aff19cd83acc977ed421834d65add32a9f8da
549300ZK53CNGEEI6A29,J.P. Morgan SE,shareholder,https://www.jpmorganchase.com/content/dam/jpmc/jpmorgan-chase-and-co/investor-relations/documents/proxy-statement2026.pdf,"rs and executive officers | Executive compensation 2026 Proxy Statement 75 Pursuant to SEC filings, the companies included in the table below were the beneficial owners of more than 5% of our outstanding common stock as of December 31, 2025. Name of beneficial owner Address of beneficial owner Common stock owned (#) Percent owned (%) The Vanguard Group1 100 Vanguard Blvd, Malvern, PA 19355 265,758,185 9.86 BlackRock, Inc.2 50 Hudson Yards, New York, NY 10001 192,831,104 7.15 1 The number of shares reported as beneficially owned is derived from shares reported in the Form 13F as filed by Vanguard with the SEC for the quarter ending December 31, 2025. According to the Schedule 13G dated February 13, 2024, filed with the SEC, in the aggregate, Vanguard (including the affiliated entities identified in the Schedule 13G) had sole dispositive power over 259,678,951 shares, shared dispositive power over 12,732,039 shares, sole voting power over 0 shares and shared voting power over 3,623,542 shares of our common stock. The Vanguard Group owns the above holdings in its capacity as an investment advisor in accordance with SEC Rule 13d-1(b)(1)(ii)(E). 2 BlackRock, Inc. owns the above holdings in its capacity as a parent holding company or control person in accordance with SEC Rule 13d-1(b)(1)(ii)(G). According to the Schedule 13G ",2026-10-02,d44837c570a6a7268ecf975c8c9130e34af7ece307c8b8135da2072619f84a48,http_response,,reviewed_document_chain,8I5DZWZKVSZI1NUHU748,https://www.jpmorgan.com/content/dam/jpm/global/disclosures/de/2025-annual-report-eng.pdf,73820156727f9240520df002f120d044a0269bb357f633f326eb896ec66fb055
635400AKJBGNS5WNQL34,AIB Group plc,shareholder,https://www.aib.ie/content/dam/frontdoor/investorrelations/docs/se-announcements/2025/aib-group-plc-statement-on-return-to-full-private-ownership-17062025.pdf,"17 June 2025 AIB GROUP PLC - STATEMENT ON RETURN TO FULL PRIVATE OWNERSHIP AIB Group plc welcomes the announcement by the Irish Department of Finance regarding the State’s exit from AIB’s share register, which results in the Group returning to full private ownership. Commenting on the development, AIB Group Chief Executive Officer Colin Hunt, said: “Reaching this milestone is a significant day for the Group. AIB profoundly regrets that the institution had to be rescued by the State almost two decades ago and owes an immense debt of gratitude to Irish taxpayers for the support provided during that challenging time. Since then, our focus has been on rebuilding trust, repaying the State and continuing to support our customers, communities and the wider economy. The Group has undergone significant transformation and through the implementation of our proven strategy, we are well-positioned to continue generating value for all our stakeholders over the medium -term.",2026-10-02,40fe5186cbbeac40bd70ebd2cb7d26310146312f73bbe57344d9459930b507af,http_response,,direct_ownership,,,
635400C8EK6DRI12LJ39,Bank of Ireland Group plc,shareholder,https://investorrelations.bankofireland.com/app/uploads/Annual-Report-HoldCo-2025-WEB-high-res.pdf,"ors’ interests set out on page 110 there were no other interests disclosed to the Company in accordance with the Market Abuse Regulation and Part 5 of the Transparency Regulations and the related transparency rules during the period from 31 December 2025 to 27 February 2026 . For information on acquisition or disposal of own shares, refer to note 44. Table: 1 31 December 2025 % 27 February 2026 % Massachusetts Financial Services Company 7.76% 7.76% BlackRock, Inc. 5.60% 6.04% Norges Bank 4.81% 4.81% Pzena Investment Management LLC 3.01% 3.01% Authority to purchase own ordinary shares At the AGM held on 22 May 2025, the members gave the Company, and any of its subsidiaries, the authority to make market purchases up to c.10% of its own ordinary shares. This authority will expire on close of business on the date of the AGM of the Company in 2026 or on 22 August 2026, whichever is earlier. Strategic Report Financial Review Governance Sustainability Risk Management Financial Statements Other Information Bank of Ireland Annual Report 2025 98 Report of the Directors (continued) Any such purchases would be made only at a price level that the Directors considered to be in the best",2026-10-02,879de6b5405c964f6b45566b6be269c5cac8440cbc9144b8e4ec7552672cd308,http_response,,direct_ownership,,,
635400JLGKETPVVGPW53,De Lage Landen International B.V.,cooperative,https://www.rabobank.com/about-us/in-short,"rk mode Home About us An international cooperative bank Rabobank is an international cooperative bank with Dutch roots. A bank without shareholders, but with members. A bank built on working together rather than standing alone. Welcome to the cooperative Rabobank We want to stay close to our customers and members by listening to what matters in their lives, neighborhoods and communities. This helps us understand what is needed and act with purpose. By leveraging our knowledge, network and financial solutions, we are able to create greater meaningful impact together. Every day, we work side by side with our customers to find practical solutions to today’s challenges. For more than 125 years, we have done this by banking cooperatively and by giving a part of",2026-10-02,36938ca645fb0bc4d904f286b90f33069195dea33ad97c50470df8ff6d219f11,http_response,,reviewed_control_chain,DG3RU1DBUFHT4ZF9WN62,https://api.gleif.org/api/v1/lei-records/635400JLGKETPVVGPW53/ultimate-parent-relationship,69f939e7ed5e3ccc11730c54edc64287a2f685d1dd771a7b731c6aea5dd9c414
6SHGI4ZSSLCXXQSBB395,CITIGROUP INC.,shareholder,https://www.citigroup.com/rcs/citigpa/storage/public/Annual_Report/2025/2026-citi-proxy-statement.pdf,"ode of Conduct 45 Communications with the Board 45 STOCK OWNERSHIP 46 Beneficial Ownership Table 46 Owners of More than 5% of Citi’s Common Stock 47 Insider Trading Policies for Citi and Citi’s Board, Officers and Employees 47 PROPOSAL 1: ELECTION OF DIRECTORS 48 Director Criteria and Nomination Process 48 Director Qualifications 49 The Nominees 53 Directors’ Compensation 66 AUDIT COMMITTEE REPORT 70 PROPOSAL 2: RATIFICATION OF SELECTION OF INDEPENDENT REGISTERED PUBLIC ACCOUNTING FIRM 71 PROPOSAL 3: ADVISORY VOTE TO APPROVE OUR 2025 EXECUTIVE COMPENSATION 73 Compensation Discussion and Analysis 73 The Compensation, Performance Management and Culture Committee Report 97 2025 Summary Compensation Table and Compensation Information 98 Additional Compensation Disclosures 109 PROPOSAL 4: APPROVAL OF ADDITIONAL SHARES FOR THE CITIGROUP 2019 STOCK INCENTIVE PLAN 110 STOCKHOLDER PROPOSALS 118 Submission of Future Stockholder Proposals 118 Cost of Annual Meeting and Proxy Solicitation 118 Householding 119 ABOUT THE 2026 ANNUAL MEETING 120 ANNEX A 126 Additional Information Regarding Proposal 3 126 Citigroup – Quantitative Scorecard Metric Details And Reconciliations 127 FORWARD-LOOKING STATEMENTS Certain statements in this Proxy Statement are “forward-looking statements” within the meaning of the Private Securities Litigation Refor",2026-10-02,c1d2cdd8c9ecccf5f5f4b5274499cd8f7c0dd6f7d690e951c5eed5952bbbacaf,http_response,,direct_ownership,,,
7245007QUMI1FHIQV531,Achmea B.V.,mutual,https://www.achmea.nl/organisatie/vereniging-achmea,ea heeft twee rollen We borgen de continuïteit van Achmea. Dit doen we door als meerderheidsaandeelhouder erop toe te zien dat Achmea op korte en lange termijn financieel gezond blijft en waarde toevoegt. We behartigen de collectieve belangen van onze 10 miljoen klantleden. We treden op als vertegenwoordiger van alle klanten van de Achmea-merken en geven onze klantleden een collectieve stem in het bedrijf Achmea. Naar de website Sitemap HomeOrganisatieWaar we voor staanOnze verzekeringenDuurzaamheidInvestorsWerken bijNieuwsContact Onze websites Achmea BankAchmea FoundationAchmea GlobalNethAchmea Innovation FundAchmea Investment ManagementAchmea MortgagesAchmea PensioenservicesAchmea PersonenschadeAchmea Real EstateAchmea ReinsuranceSASSVerenigin,2026-10-02,d45296a94b211d7dfa20b02648a61e59f295efcdbc0930b3dc1fb896186ea781,http_response,,direct_ownership,,,
724500AH42V5X8BCPE49,Achmea Bank N.V.,mutual,https://www.achmea.nl/organisatie/vereniging-achmea,ea heeft twee rollen We borgen de continuïteit van Achmea. Dit doen we door als meerderheidsaandeelhouder erop toe te zien dat Achmea op korte en lange termijn financieel gezond blijft en waarde toevoegt. We behartigen de collectieve belangen van onze 10 miljoen klantleden. We treden op als vertegenwoordiger van alle klanten van de Achmea-merken en geven onze klantleden een collectieve stem in het bedrijf Achmea. Naar de website Sitemap HomeOrganisatieWaar we voor staanOnze verzekeringenDuurzaamheidInvestorsWerken bijNieuwsContact Onze websites Achmea BankAchmea FoundationAchmea GlobalNethAchmea Innovation FundAchmea Investment ManagementAchmea MortgagesAchmea PensioenservicesAchmea PersonenschadeAchmea Real EstateAchmea ReinsuranceSASSVerenigin,2026-10-02,d45296a94b211d7dfa20b02648a61e59f295efcdbc0930b3dc1fb896186ea781,http_response,,reviewed_control_chain,7245007QUMI1FHIQV531,https://api.gleif.org/api/v1/lei-records/724500AH42V5X8BCPE49/ultimate-parent-relationship,8ceca1376e0541fdf7f11473a1f32e90518e5928ae6738420df1bb3b5c251914
7437003B5WFBOIEFY714,OP Osuuskunta,cooperative,https://api.gleif.org/api/v1/lei-records/7437003B5WFBOIEFY714,GLEIF registered legal name: OP Osuuskunta. Legal form: EE90 — Andelslag. Jurisdiction: FI. Entity status: ACTIVE. Register last updated: 2026-06-24T12:00:09Z.,2026-10-02,be51e9c3b6d459f210eb69210347f3a34e3aa6568d403833cb043670388a0f0d,canonical_gleif_record,https://www.gleif.org/lei-data/code-lists/iso-20275-entity-legal-forms-code-list/2026-02-19-elf-code-list-v1.6.csv,registered_bank_form,,,
7437005892K69S3MW344,Säästöpankkiliitto osk,cooperative,https://api.gleif.org/api/v1/lei-records/7437005892K69S3MW344,GLEIF registered legal name: Säästöpankkiliitto osk. Legal form: EE90 — Andelslag. Jurisdiction: FI. Entity status: ACTIVE. Register last updated: 2025-12-16T13:00:13Z.,2026-10-02,b6d9aee75594ab7c1d812e64b8af58f0ec19f08507248eb0c20f78c4a1f35439,canonical_gleif_record,https://www.gleif.org/lei-data/code-lists/iso-20275-entity-legal-forms-code-list/2026-02-19-elf-code-list-v1.6.csv,registered_bank_form,,,
743700PW2HDTPU3YRJ31,POP Pankkikeskus osk,cooperative,https://api.gleif.org/api/v1/lei-records/743700PW2HDTPU3YRJ31,GLEIF registered legal name: POP Pankkikeskus osk. Legal form: EE90 — Andelslag. Jurisdiction: FI. Entity status: ACTIVE. Register last updated: 2026-01-07T13:00:11Z.,2026-10-02,7f166647556457a6dbbae38fc513ec456a0f8c0ad5ea51a22fe4b00013139758,canonical_gleif_record,https://www.gleif.org/lei-data/code-lists/iso-20275-entity-legal-forms-code-list/2026-02-19-elf-code-list-v1.6.csv,registered_bank_form,,,
784F5XWPLTWKTBV3E584,"THE GOLDMAN SACHS GROUP, INC.",shareholder,https://www.sec.gov/Archives/edgar/data/886982/000119312526117433/gs-20260319.htm," Shareholders BENEFICIAL OWNERSHIP Beneficial Owners of More than Five Percent Based on filings made under Section 13(d) and Section 13(g) of the Exchange Act, as of March 2, 2026 the only persons known by us to be beneficial owners of more than 5% of Common Stock were as follows: Name and Address of Beneficial Owner Number of Shares of Common Stock Beneficially Owned (#) Percent of Class (%) BlackRock, Inc. 50 Hudson Yards New York, NY 10001 23,010,145 (a) 7.80 State Street Corporation State Street Financial Center 1 Congress Street, Suite 1 Boston, Massachusetts 02114 19,616,360 (b) 6.65 The Vanguard Group 100 Vanguard Blvd. Malvern, Pennsylvania 19355 28,546,582 (c) 9.68 (a) This information has been derived from the Schedule 13G filed with the SEC on February 5, 2013, Amendment No. 1 to such filing filed with the SEC on February 4, 2014, Amendment No. 2 to such filing filed with the SEC on February 9, 2015, Amendment No. 3 to such filing filed with the SEC on February 10, 2016, Amendment No. 4 to such filing filed with the SEC on January 24, 2017, Amendment No. 5 to such filing filed with the SEC on January 5, 2018, Amendment No. 6 to such filing filed with the SEC on February 4, 2019, Amendment No. 7 to such filing filed with the SEC on February 5, 2020, Amendment No. 8 to such filing filed with the SEC on",2026-10-02,d55e7b75926d71e3fa1a5d403af30c06371937a007c8612065154a31b3e93b9c,http_response,,direct_ownership,,,
7CUNS533WID6K7DGFI87,"CaixaBank, S.A.",mixed,https://www.caixabank.com/en/shareholders-investors/caixabanks-share/capital-distribution.html," Shareholders [footnote (1)] 506,856 Share capital (number of shares) 6,975,929,960 Free float [footnote (2)] 3,537,241,668 Latest share price € 12.385 Mkt. capitalisation € 86,396,892,554.60 (1) For those investors' shares which operate through a custody entity located outside of Spain, only the custody entity is considered to be the shareholder, and shall be that which is registered in the corresponding book-entry ledger. (2) Calculated as the number of shares issued less treasury shares, which are held by members of the Board of Directors and those in the hands of ""la Caixa"" Foundation and FROB. Figures as of 30 June 2026 Breakdown of share capital by type of shareholder ""la Caixa"" Foundation [footnote 2] 31.0% Treasury and Board of Directors [footnote 4] 0.3% Free float [footnote 1] 50.7% FROB [footnote 3] 18.0% 5.0% Institutional National 23.0% Retail 0.8% Employees 71.2% Institutional International (1) Calculated as the number of shares issued less treasury shares, which are held by members of the Board of Directors and those in the hands of ""la Caixa"" Foundation and FROB. (2) According to the information provided by ""la Caixa"" Foundation (and its subsidiary Criteria Caixa, S.A.U.) as of 30 June 2026. (3) According to the information provided by FROB (and its subsidiary BFA, Te",2026-10-02,a7fe63e389d82c08bbc5098b7f1e5eb56c9af2e32b78acbbb68057ce04a6be12,http_response,,direct_ownership,,,
7D9EHZL14BBPJWTN6S08,BHW Bausparkasse Aktiengesellschaft,shareholder,https://investor-relations.db.com/share/shareholder-structure?kid=ir-en-shareholder-structure-htm.redirect-en.shortcut&language_id=1,"ure provided by the shareholder Shareholding Shareholder Date on which threshold was crossed or reached 7.92%** **Holds 7.92% Deutsche Bank shares and additional 0.23% of the voting rights through other instruments, overall 8.14% of the voting rights. held by BlackRock Inc., Wilmington, Delaware, USA January 19, 2026 4.91% held by Paramount Service Holding Ltd. S.ÀR.L. June 22, 2026 3.02%** **Holds 3.02% Deutsche Bank shares and additional 0.000942122792% of the voting rights through other instruments, overall 3.03% of the voting rights. held by Amundi S.A. June 08, 2026 * The presentation of share ownership is based on the provisions of § 40 WpHG with respect to the publication of the voting rights notifications of our major shareholders; reference is made to the dates on whic",2026-10-02,f044ab9b16d2b253491c4d9f34e4b8671eb2c5e8bbff003103f09759c3a2e2e1,http_response,,reviewed_control_chain,7LTWFZYICNSX8D621K86,https://api.gleif.org/api/v1/lei-records/7D9EHZL14BBPJWTN6S08/ultimate-parent-relationship,d9bc232dbfa6146bd474b29c84e82aaf99b20dcd66891db27e44c52e152afbb6
7LTWFZYICNSX8D621K86,DEUTSCHE BANK AKTIENGESELLSCHAFT,shareholder,https://investor-relations.db.com/share/shareholder-structure?kid=ir-en-shareholder-structure-htm.redirect-en.shortcut&language_id=1,"ure provided by the shareholder Shareholding Shareholder Date on which threshold was crossed or reached 7.92%** **Holds 7.92% Deutsche Bank shares and additional 0.23% of the voting rights through other instruments, overall 8.14% of the voting rights. held by BlackRock Inc., Wilmington, Delaware, USA January 19, 2026 4.91% held by Paramount Service Holding Ltd. S.ÀR.L. June 22, 2026 3.02%** **Holds 3.02% Deutsche Bank shares and additional 0.000942122792% of the voting rights through other instruments, overall 3.03% of the voting rights. held by Amundi S.A. June 08, 2026 * The presentation of share ownership is based on the provisions of § 40 WpHG with respect to the publication of the voting rights notifications of our major shareholders; reference is made to the dates on whic",2026-10-02,f044ab9b16d2b253491c4d9f34e4b8671eb2c5e8bbff003103f09759c3a2e2e1,http_response,,direct_ownership,,,
8156004BBB6E6B9B6F10,BANCA POPOLARE DI PUGLIA E BASILICATA - SOCIETA' COOPERATIVA PER AZIONI,cooperative,https://api.gleif.org/api/v1/lei-records/8156004BBB6E6B9B6F10,"GLEIF registered legal name: BANCA POPOLARE DI PUGLIA E BASILICATA,SOCIETA' COOPERATIVA PER AZIONI. Legal form: QRZJ — Società Cooperativa. Jurisdiction: IT. Entity status: ACTIVE. Register last updated: 2026-02-12T06:07:54Z.",2026-10-02,fdb74b9fe3f4a9a7131f1434ca17e1a3c8e866c993bea5cbf673a305772b6f59,canonical_gleif_record,https://www.gleif.org/lei-data/code-lists/iso-20275-entity-legal-forms-code-list/2026-02-19-elf-code-list-v1.6.csv,registered_bank_form,,,
8156005420362AE59184,BANCA IFIS S.P.A. (OVVERO IFIS BANCA S.P.A. O IN FORMA ABBREVIATA IFIS S.P.A.),shareholder,https://www.bancaifis.it/chi-siamo/corporate-governance/azionariato/,"ssemblea degli Azionisti Relazioni e documenti Corporate Governance Azionariato L’azionista di maggioranza di Banca Ifis, Fürstenberg Scogliera Holding S.A., assicura una visione di lungo termine e la continuità e coesione del Gruppo. Il Capitale Sociale di Banca Ifis è pari ad euro 61.818.925 i.v. diviso in 61.818.925 azioni ordinarie del valore nominale di 1 euro. Banca Ifis è un emittente azioni quotate “PMI” e pertanto la soglia da considerare per le partecipazioni rilevanti è pari 5%. I principali azionisti di Banca Ifis risultano evidenziati nella tabella seguente: (dati aggiornati al 2 luglio 2026). Azionisti Percentuale Numero di azioni Fürstenberg Scogliera Holding S.A. 45,051% 27.849.847 Preve Riccardo 4,863% 3.006.000 Mercato 49,222% 30.428.688 Azioni proprie 0,864% 534.390 Documenti Regolamento sul voto maggiorato Scarica il documento. Scarica il Regolamento Gestione del dialogo con gli investitori Scarica la Politica di gestione del dialogo da parte degli Amministratori con gli ",2026-10-02,cbafa11c9f6bb8baf2c078bc227522e1ea0f4b5b1e4203ef20d6b86602da3045,http_response,,direct_ownership,,,
8156005C22D0BF134C40,BANCA POPOLARE PUGLIESE - SOCIETA' COOPERATIVA PER AZIONI,cooperative,https://api.gleif.org/api/v1/lei-records/8156005C22D0BF134C40,GLEIF registered legal name: BANCA POPOLARE PUGLIESE SOCIETA' COOPERATIVA PER AZIONI. Legal form: QRZJ — Società Cooperativa. Jurisdiction: IT. Entity status: ACTIVE. Register last updated: 2026-02-11T09:09:03Z.,2026-10-02,9410ab2dc2baf1310aac3b0a35c658880fcff5e5e776fc08495e5f785bbd9a02,canonical_gleif_record,https://www.gleif.org/lei-data/code-lists/iso-20275-entity-legal-forms-code-list/2026-02-19-elf-code-list-v1.6.csv,registered_bank_form,,,
81560064085A02B2B297,MEDIOCREDITO CENTRALE - BANCA DEL MEZZOGIORNO SPA,public,https://www.invitalia.it/chi-siamo," imprese e dei territori e sostiene i settori strategici dell'economia e la PA. È controllata al 100% dal Ministero dell’Economia e delle Finanze. Il Presidente è Sergio Schisani. L’Amministratore delegato è Bernardo Mattarella. COSA FACCIAMO Invitalia supporta la creazione, lo sviluppo e il rilancio delle imprese, attraverso la gestione dei principali incentivi nazionali Approfondisci È Centrale di Committenza e Stazione Appaltante per la realizzazione di opere pubbliche Approfondisci Affianca le amministrazi",2026-10-02,3f9c57b00635088b0c42fbd09d1993274c37283b3051d0d35c906ad895b8f1db,http_response,,reviewed_control_chain,81560087340FCB8D6D66,https://api.gleif.org/api/v1/lei-records/81560064085A02B2B297/ultimate-parent-relationship,d55e6a185bc952226893a87af538162a5b7c86fa49d4966ad4c016b7ae4c7f4c
81560087340FCB8D6D66,AGENZIA NAZIONALE PER L'ATTRAZIONE DEGLI INVESTIMENTI E LO SVILUPPO D'IMPRESA S.P.A.,public,https://www.invitalia.it/chi-siamo," imprese e dei territori e sostiene i settori strategici dell'economia e la PA. È controllata al 100% dal Ministero dell’Economia e delle Finanze. Il Presidente è Sergio Schisani. L’Amministratore delegato è Bernardo Mattarella. COSA FACCIAMO Invitalia supporta la creazione, lo sviluppo e il rilancio delle imprese, attraverso la gestione dei principali incentivi nazionali Approfondisci È Centrale di Committenza e Stazione Appaltante per la realizzazione di opere pubbliche Approfondisci Affianca le amministrazi",2026-10-02,3f9c57b00635088b0c42fbd09d1993274c37283b3051d0d35c906ad895b8f1db,http_response,,direct_ownership,,,
8156008B43CE788F4932,BANCA AGRICOLA POPOLARE DI SICILIA SOCIETA' COOPERATIVA PER AZIONI,cooperative,https://api.gleif.org/api/v1/lei-records/8156008B43CE788F4932,GLEIF registered legal name: BANCA AGRICOLA POPOLARE DI SICILIA SOCIETA' COOPERATIVA PER AZIONI. Legal form: QRZJ — Società Cooperativa. Jurisdiction: IT. Entity status: ACTIVE. Register last updated: 2025-11-16T08:00:08Z.,2026-10-02,2cf35d9a5a48d41f0c787b98487bcd9e67eac3990411164b235d35ffecfd82a3,canonical_gleif_record,https://www.gleif.org/lei-data/code-lists/iso-20275-entity-legal-forms-code-list/2026-02-19-elf-code-list-v1.6.csv,registered_bank_form,,,
8156008FC57F3F707049,ENTE CAMBIANO SOCIETA' COOPERATIVA PER AZIONI,cooperative,https://api.gleif.org/api/v1/lei-records/8156008FC57F3F707049,GLEIF registered legal name: ENTE CAMBIANO SOCIETA' COOPERATIVA PER AZIONI. Legal form: QRZJ — Società Cooperativa. Jurisdiction: IT. Entity status: ACTIVE. Register last updated: 2026-01-13T12:38:13Z.,2026-10-02,a87151e107aaa7445b111a2c389fdad1dcc9b4e06c86744d7952363cc4bba699,canonical_gleif_record,https://www.gleif.org/lei-data/code-lists/iso-20275-entity-legal-forms-code-list/2026-02-19-elf-code-list-v1.6.csv,registered_bank_form,,,
815600BEE9123CD92E12,BANCA VALSABBINA SOCIETA' COOPERATIVA PER AZIONI (IN BREVE LA VALSABBINA),cooperative,https://api.gleif.org/api/v1/lei-records/815600BEE9123CD92E12,"GLEIF registered legal name: BANCA VALSABBINA SOCIETA' COOPERATIVA PER AZIONI IN BREVE ""LA VALSABBINA"". Legal form: QRZJ — Società Cooperativa. Jurisdiction: IT. Entity status: ACTIVE. Register last updated: 2025-12-29T16:58:18Z.",2026-10-02,bce18c69620e2fbbe57a5c780bb4af314d70d51eb7d8e5426acd8992baee2a05,canonical_gleif_record,https://www.gleif.org/lei-data/code-lists/iso-20275-entity-legal-forms-code-list/2026-02-19-elf-code-list-v1.6.csv,registered_bank_form,,,
815600E4E6DCD2D25E30,BANCO BPM SOCIETA' PER AZIONI,shareholder,https://gruppo.bancobpm.it/en/investor-relations/share-price-shareholding-documents/,"ing section for information on investors of Banco BPM who have adhered to a Consultation Agreement. Shareholder % stake Crédit Agricole SA 29.30% BlackRock, INC. 5.61% (1) N.B. Shareholders with voting rights attributable to shares greater than 3% (1) The stake d is represented by voting rights attributable to shares (4.61% of the share capital) and other positions through financial instruments (1.00% of the share capital) For further details and further information, please refer to the website consob.it– Banco BPM Ownership Last update: 24 July 2026 CONSULTATION AGREEMENTS Updated essential information on the Consultation Agreement, which was signed on 21 December 2020, updated as at 20 July 2021, 18 October 2022, 31 December 2022, 27 March 2023, 19 December 2023, 16 February 2024, 31 December 2024 and 31 December 2025 which regroups 5.93% of Banco BPM’s share capital, can be found here below. 31 December 2025 - Essential information on the Consultation Agreement among shareholders of Banco BPM S.p.A. 124,52 KB 7 January 2025 - Essential information on the Consultation Agreement among shareholders of Banco BPM S.p.A. 266,37 KB 16 February 2024 - Essential information on the Consultation Agreement among shareholders of Banco BPM S.p.A. 253,89 KB 21 December 2023 - Essential information on the Consultation Agreement among shareholders of Banco BPM S.p.A. 253,81 KB 27 March 2023 - Essential informa",2026-10-02,9a70c404ae9afcec8097b69736c5c03ced8e45273038815e3566041ee16827f3,http_response,,direct_ownership,,,
815600FDD3EB3EA03194,BANCA POPOLARE DEL LAZIO SOCIETA' COOPERATIVA,cooperative,https://api.gleif.org/api/v1/lei-records/815600FDD3EB3EA03194,GLEIF registered legal name: BANCA POPOLARE DEL LAZIO - SOCIETA' COOPERATIVA PER AZIONI. Legal form: QRZJ — Società Cooperativa. Jurisdiction: IT. Entity status: ACTIVE. Register last updated: 2026-03-02T08:26:11Z.,2026-10-02,9a9fb47095a06007ae65c4ebcbc67ceae34cb79ffa1d407c9c0b9c450d5a1812,canonical_gleif_record,https://www.gleif.org/lei-data/code-lists/iso-20275-entity-legal-forms-code-list/2026-02-19-elf-code-list-v1.6.csv,registered_bank_form,,,
851WYGNLUQLFZBSYGB56,COMMERZBANK Aktiengesellschaft,mixed,https://www.deutsche-finanzagentur.de/stabilisierungsmassnahmen/finanzmarktstabilisierungsfonds/massnahmen,"e 1] ausstehende Kapitalmaßnahmen (§ 7 StFG) per 31.12.2025 Buchwerte Kapitalmaßnahmen (§ 7 StFG) per 31.12.2025 Commerzbank AG - 4,4 [footnote 2] 2,1 [footnote 2] Hypo Real Estate Holding GmbH (HRE) - 6,7 [footnote 3] 0,1 Portigon AG - 2,0 0,0 FMS Wertmanagement AöR (FMS-WM) - - - Erste Abwicklungsanstalt (EAA) - - - Summe [footnote 4] 0,0 13,1 2,2 Refinanzierung FMS WM über FMS zum 31.12.2025 (max. 60 Mrd. €) [footnote 5] 51,4 1) Aus ausgelaufenen Liquiditätsgarantien von bis zu 168 Mrd. € wurden Garantieerträge i. H. v. 2,2 Mrd. € erzielt. Eine Inanspruchnahme dieser Garantien erfolgte nicht. 2) Der Aktienanteil des FMS an der CBK beträgt 12,6 % (rd. 142 Mio. Aktien). Handelsrechtliche Bewertungsobergrenze der Anschaffungskosten (HGB): 2,1 Mrd. €. 3) Davon sind 3,7 Mrd. € wirtschaftlich der FMS-WM zurechenbar: 2,1 Mrd. € wurden direkt an die FMS-WM gezahlt; 1,6 Mrd. € wurden von der DEPFA als Zahlungsauflage an die FMS-WM gezahlt. 4) Rundungsdifferenzen können auftreten. 5) Mit dem Inkrafttreten der gesetzlichen Änderung von § 9 StFG am 29.12.2020 wurde die Euro-Refinanzierung der FMS-WM über das Sondervermögen FMS auf maximal 60 Mrd. € erhöht. Die Refinanzierung der FMS-WM ist für den FMS ergebnisneutral. Ergebnis FMS seit Maßnahm",2026-10-02,1b19c351d54f14b85c17016ddd27b5343301396e2e5055a654f9789c3e6b73b6,http_response,,direct_ownership,,,
8I5DZWZKVSZI1NUHU748,JPMORGAN CHASE & CO.,shareholder,https://www.jpmorganchase.com/content/dam/jpmc/jpmorgan-chase-and-co/investor-relations/documents/proxy-statement2026.pdf,"rs and executive officers | Executive compensation 2026 Proxy Statement 75 Pursuant to SEC filings, the companies included in the table below were the beneficial owners of more than 5% of our outstanding common stock as of December 31, 2025. Name of beneficial owner Address of beneficial owner Common stock owned (#) Percent owned (%) The Vanguard Group1 100 Vanguard Blvd, Malvern, PA 19355 265,758,185 9.86 BlackRock, Inc.2 50 Hudson Yards, New York, NY 10001 192,831,104 7.15 1 The number of shares reported as beneficially owned is derived from shares reported in the Form 13F as filed by Vanguard with the SEC for the quarter ending December 31, 2025. According to the Schedule 13G dated February 13, 2024, filed with the SEC, in the aggregate, Vanguard (including the affiliated entities identified in the Schedule 13G) had sole dispositive power over 259,678,951 shares, shared dispositive power over 12,732,039 shares, sole voting power over 0 shares and shared voting power over 3,623,542 shares of our common stock. The Vanguard Group owns the above holdings in its capacity as an investment advisor in accordance with SEC Rule 13d-1(b)(1)(ii)(E). 2 BlackRock, Inc. owns the above holdings in its capacity as a parent holding company or control person in accordance with SEC Rule 13d-1(b)(1)(ii)(G). According to the Schedule 13G ",2026-10-02,d44837c570a6a7268ecf975c8c9130e34af7ece307c8b8135da2072619f84a48,http_response,,direct_ownership,,,
8IBZUGJ7JPLH368JE346,Goldman Sachs Bank Europe SE,shareholder,https://www.sec.gov/Archives/edgar/data/886982/000119312526117433/gs-20260319.htm," Shareholders BENEFICIAL OWNERSHIP Beneficial Owners of More than Five Percent Based on filings made under Section 13(d) and Section 13(g) of the Exchange Act, as of March 2, 2026 the only persons known by us to be beneficial owners of more than 5% of Common Stock were as follows: Name and Address of Beneficial Owner Number of Shares of Common Stock Beneficially Owned (#) Percent of Class (%) BlackRock, Inc. 50 Hudson Yards New York, NY 10001 23,010,145 (a) 7.80 State Street Corporation State Street Financial Center 1 Congress Street, Suite 1 Boston, Massachusetts 02114 19,616,360 (b) 6.65 The Vanguard Group 100 Vanguard Blvd. Malvern, Pennsylvania 19355 28,546,582 (c) 9.68 (a) This information has been derived from the Schedule 13G filed with the SEC on February 5, 2013, Amendment No. 1 to such filing filed with the SEC on February 4, 2014, Amendment No. 2 to such filing filed with the SEC on February 9, 2015, Amendment No. 3 to such filing filed with the SEC on February 10, 2016, Amendment No. 4 to such filing filed with the SEC on January 24, 2017, Amendment No. 5 to such filing filed with the SEC on January 5, 2018, Amendment No. 6 to such filing filed with the SEC on February 4, 2019, Amendment No. 7 to such filing filed with the SEC on February 5, 2020, Amendment No. 8 to such filing filed with the SEC on",2026-10-02,d55e7b75926d71e3fa1a5d403af30c06371937a007c8612065154a31b3e93b9c,http_response,,reviewed_control_chain,784F5XWPLTWKTBV3E584,https://api.gleif.org/api/v1/lei-records/8IBZUGJ7JPLH368JE346/ultimate-parent-relationship,ada7feac0e65bfdb5c17a7c4f1eebfb730adced99c51f02b6fa1b0c90c2e32b8
95980020140005012943,"Caja Rural de Aragón, Sociedad Cooperativa de Crédito",cooperative,https://api.gleif.org/api/v1/lei-records/95980020140005012943,GLEIF registered legal name: CAJA RURAL DE ARAGON SOCIEDAD COOPERATIVA DE CREDITO. Legal form: SS0L — Cooperativa de Credito. Jurisdiction: ES. Entity status: ACTIVE. Register last updated: 2026-08-16T07:34:58Z.,2026-10-02,a686276202c743c58d192695ee2f4565cd86710d8686a66a5b2bf8614ed77f46,canonical_gleif_record,https://www.gleif.org/lei-data/code-lists/iso-20275-entity-legal-forms-code-list/2026-02-19-elf-code-list-v1.6.csv,registered_bank_form,,,
95980020140005219553,"Caja Rural de Asturias, Sociedad Cooperativa de Crédito",cooperative,https://api.gleif.org/api/v1/lei-records/95980020140005219553,GLEIF registered legal name: CAJA RURAL DE ASTURIAS SOCIEDAD COOPERATIVA DE CREDITO. Legal form: SS0L — Cooperativa de Credito. Jurisdiction: ES. Entity status: ACTIVE. Register last updated: 2026-08-15T08:13:26Z.,2026-10-02,68a008b9729a9d748674383c86b718d5984c165ae232722de5aa592b27d30826,canonical_gleif_record,https://www.gleif.org/lei-data/code-lists/iso-20275-entity-legal-forms-code-list/2026-02-19-elf-code-list-v1.6.csv,registered_bank_form,,,
95980020140005220135,"Caja Rural de Granada, Sociedad Cooperativa de Crédito",cooperative,https://api.gleif.org/api/v1/lei-records/95980020140005220135,GLEIF registered legal name: CAJA RURAL DE GRANADA. Legal form: SS0L — Cooperativa de Credito. Jurisdiction: ES. Entity status: ACTIVE. Register last updated: 2026-08-15T08:13:26Z.,2026-10-02,67d01831d2b6aa9de77e477963640ad7468082e69cbfea227060912e093323d7,canonical_gleif_record,https://www.gleif.org/lei-data/code-lists/iso-20275-entity-legal-forms-code-list/2026-02-19-elf-code-list-v1.6.csv,registered_bank_form,,,
95980020140005375335,"Caja Rural del Sur, S. Coop. de Crédito",cooperative,https://api.gleif.org/api/v1/lei-records/95980020140005375335,GLEIF registered legal name: CAJA RURAL DEL SUR SOCIEDAD COOPERATIVA DE CREDITO. Legal form: SS0L — Cooperativa de Credito. Jurisdiction: ES. Entity status: ACTIVE. Register last updated: 2026-08-16T07:34:58Z.,2026-10-02,a456d8b95a63368eff13c25e5840df6f751c64b7900b60bbc5a4836341fd857c,canonical_gleif_record,https://www.gleif.org/lei-data/code-lists/iso-20275-entity-legal-forms-code-list/2026-02-19-elf-code-list-v1.6.csv,registered_bank_form,,,
95980020140005439549,"Caja Rural de Navarra, S. Coop. de Crédito",cooperative,https://api.gleif.org/api/v1/lei-records/95980020140005439549,GLEIF registered legal name: CAJA RURAL DE NAVARRA S. COOP. DE CREDITO. Legal form: SS0L — Cooperativa de Credito. Jurisdiction: ES. Entity status: ACTIVE. Register last updated: 2026-08-16T07:34:58Z.,2026-10-02,912e0e3a1c8ca4e3a075de7ebf55577093800ae026882b5721cba56aee24ff71,canonical_gleif_record,https://www.gleif.org/lei-data/code-lists/iso-20275-entity-legal-forms-code-list/2026-02-19-elf-code-list-v1.6.csv,registered_bank_form,,,
95980020140005484654,"Caja Rural de Albacete, Ciudad Real y Cuenca, Sociedad Cooperativa de Crédito",cooperative,https://api.gleif.org/api/v1/lei-records/95980020140005484654,"GLEIF registered legal name: CAJA RURAL DE ALBACETE, CIUDAD REAL Y CUENCA SOCIEDAD COOPERATIVA DE CREDITO. Legal form: SS0L — Cooperativa de Credito. Jurisdiction: ES. Entity status: ACTIVE. Register last updated: 2026-08-15T08:13:26Z.",2026-10-02,f6c59f8e11ffb97e872efb0e1b5c044a9525a94cd2c089c8baeccc7920c4b76b,canonical_gleif_record,https://www.gleif.org/lei-data/code-lists/iso-20275-entity-legal-forms-code-list/2026-02-19-elf-code-list-v1.6.csv,registered_bank_form,,,
95980020140005552166,"Eurocaja Rural, Sociedad Cooperativa de Crédito",cooperative,https://api.gleif.org/api/v1/lei-records/95980020140005552166,"GLEIF registered legal name: EUROCAJA RURAL, SOCIEDAD COOPERATIVA DE CREDITO. Legal form: SS0L — Cooperativa de Credito. Jurisdiction: ES. Entity status: ACTIVE. Register last updated: 2026-08-15T08:13:26Z.",2026-10-02,0e8707716f0a633a788ccb4a4ab1e9a52939df29ecf1b9da41df75a6a2905dd8,canonical_gleif_record,https://www.gleif.org/lei-data/code-lists/iso-20275-entity-legal-forms-code-list/2026-02-19-elf-code-list-v1.6.csv,registered_bank_form,,,
9695000CG7B84NLR5984,Confédération Nationale du Crédit Mutuel,cooperative,https://www.creditmutuel.com/en/our-cooperative-organization.html,"ive organization The heart of the group is Crédit Mutuel, a cooperative bank governed by the law of September 10, 1947. It belongs exclusively to its members, who own its capital and determine its strategy within a framework of democratic procedures. Imprimer Partager Facebook Twitter LinkedIn What is a bank without shareholders? 9 millions members * guide the company's choices. Discover the different organization of Crédit Mutuel, which allows decisions to be taken quickly, responsibly and good for the life of the local economy. Our cooperative organization A decentralized organization that serves people and regions Crédit Mutuel Group Confédération Nationale du Crédit Mutuel The mission of Confédération Nationale du Crédit Mutuel (the group's central body) is to defend the group's collective ",2026-10-02,9570539ffb0f41fe9ddbec73d06220e899a59ba5e1fbd7c1b1cabf750539be70,http_response,,direct_ownership,,,
96950041VJ1QP0B69503,Crédit mutuel Arkéa,cooperative,https://api.gleif.org/api/v1/lei-records/96950041VJ1QP0B69503,GLEIF registered legal name: CREDIT MUTUEL ARKEA. Legal form: 8II5 — Autre SA coopérative à conseil d'administration. Jurisdiction: FR. Entity status: ACTIVE. Register last updated: 2026-09-25T20:13:43Z.,2026-10-02,8f103d987793249253b94772f0a0c18fde75b5856a79fe716362a307c145db8b,canonical_gleif_record,https://www.gleif.org/lei-data/code-lists/iso-20275-entity-legal-forms-code-list/2026-02-19-elf-code-list-v1.6.csv,registered_bank_form,,,
9695005MSX1OYEMGDF46,BPCE,cooperative,https://www.groupebpce.com/en/the-group/organization/," & Investment Banking and in asset management with Natixis Investment Managers. Cooperative shareholders, the basis of our model Cooperative shareholders: they own 100% of the capital of the Banques Populaires and Caisses d’Epargne banks via cooperative shares. Their representatives constitute the Boards of Directors of the Banques Populaires and the Steering & Supervisory Boards of the Caisses d’Epargne. Banques Populaires and Caisses d’Epargne banks: they each own 50% of BPCE’s capital. BPCE : the Group’s central body. BPCE’s subsidiaries, including Natixis, Banque Palatine, Oney and the subsidiaries grouped together within the Financial Solutions & Expertise division. Organization of Groupe BPCE Know us All the latest news Profile Organization Our publications Directory Our engagements Our CSR approach Sponsoring Sponsorship Innovation & AI Know us All the latest news Profile Organization Our publications Directory Our engagements Our CSR approach Sponsoring Sp",2026-10-02,477917ffa3698d31afa58e2ef3b522df3d7bef0853ca1fd5e9a8b8c87e4fd62e,http_response,,direct_ownership,,,
96950066U5XAAIRCPA78,La Banque Postale,public,https://api.gleif.org/api/v1/lei-records/969500Q2PFTTP0Y5QL44,GLEIF registered legal name: CAISSE DES DEPOTS ET CONSIGNATIONS. Legal form: 2WMP — Autre personne morale de droit administratif. Jurisdiction: FR. Entity status: ACTIVE. Register last updated: 2026-03-18T21:10:53Z.,2026-10-02,6a8fd4e995aac0284eae46d1b63f1c2d64d6f43955ca7f85f5a55237400896a3,canonical_gleif_record,https://www.gleif.org/lei-data/code-lists/iso-20275-entity-legal-forms-code-list/2026-02-19-elf-code-list-v1.6.csv,reviewed_control_chain,969500Q2PFTTP0Y5QL44,https://api.gleif.org/api/v1/lei-records/96950066U5XAAIRCPA78/ultimate-parent-relationship,a12921b1c765832e1d61e3deb315fbae9a510644d815110fb66645230eb10198
969500A3Y5KTGJEMDZ32,Caisse régionale de crédit agricole mutuel du Languedoc,cooperative,https://api.gleif.org/api/v1/lei-records/969500A3Y5KTGJEMDZ32,GLEIF registered legal name: CAISSE REGIONALE DE CREDIT AGRICOLE MUTUEL DU LANGUEDOC. Legal form: S0X8 — Caisse de crédit agricole mutuel. Jurisdiction: FR. Entity status: ACTIVE. Register last updated: 2025-12-22T21:08:16Z.,2026-10-02,2438dd738c8d0c9039b537efa8cba07a7c825a9bce77ad0f1ccd9179f4481baf,canonical_gleif_record,https://www.gleif.org/lei-data/code-lists/iso-20275-entity-legal-forms-code-list/2026-02-19-elf-code-list-v1.6.csv,registered_bank_form,,,
969500A9SZ8YP1810S21,Caisse d'épargne et de prévoyance Aquitaine Poitou-Charentes,cooperative,https://api.gleif.org/api/v1/lei-records/969500A9SZ8YP1810S21,GLEIF registered legal name: CAISSE D EPARGNE ET DE PREVOYANCE AQUITAINE POITOU CHARENTES. Legal form: 8TYA — Autre SA coopérative à directoire. Jurisdiction: FR. Entity status: ACTIVE. Register last updated: 2025-11-12T21:12:14Z.,2026-10-02,5c2ef8dbbaccca6bfb25b3b6ac4221d5b53a52df9e9d6b055d61610ae913e794,canonical_gleif_record,https://www.gleif.org/lei-data/code-lists/iso-20275-entity-legal-forms-code-list/2026-02-19-elf-code-list-v1.6.csv,registered_bank_form,,,
969500AGACQ54Q3UF243,Caisse régionale de crédit agricole mutuel de Centre France - Crédit agricole  Centre France (3ème du nom),cooperative,https://api.gleif.org/api/v1/lei-records/969500AGACQ54Q3UF243,GLEIF registered legal name: CAISSE REG CREDIT AGRIC MUT CTRE FRANCE. Legal form: S0X8 — Caisse de crédit agricole mutuel. Jurisdiction: FR. Entity status: ACTIVE. Register last updated: 2026-02-20T21:08:32Z.,2026-10-02,f09b2fe954b01d098a05540fa636957d30404abbafa946440b890acd403ec9d4,canonical_gleif_record,https://www.gleif.org/lei-data/code-lists/iso-20275-entity-legal-forms-code-list/2026-02-19-elf-code-list-v1.6.csv,registered_bank_form,,,
969500B5DNR7Q1ACGD23,Caisse régionale de crédit agricole mutuel Atlantique Vendée,cooperative,https://api.gleif.org/api/v1/lei-records/969500B5DNR7Q1ACGD23,GLEIF registered legal name: CAISSE REGIONALE DE CREDIT AGRICOLE MUTUEL ATLANTIQUE VENDEE. Legal form: S0X8 — Caisse de crédit agricole mutuel. Jurisdiction: FR. Entity status: ACTIVE. Register last updated: 2026-05-08T20:10:30Z.,2026-10-02,db8c82b220639fd4cb574206228c79f0668a6f203f8e9540a937ef9c48a16470,canonical_gleif_record,https://www.gleif.org/lei-data/code-lists/iso-20275-entity-legal-forms-code-list/2026-02-19-elf-code-list-v1.6.csv,registered_bank_form,,,
969500EVOBAGHKZEXA33,Banque populaire Alsace Lorraine Champagne,cooperative,https://api.gleif.org/api/v1/lei-records/969500EVOBAGHKZEXA33,GLEIF registered legal name: BANQUE POPULAIRE ALSACE LORRAINE CHAMPAGNE. Legal form: OSLZ — Société coopérative de banque populaire. Jurisdiction: FR. Entity status: ACTIVE. Register last updated: 2025-10-30T21:08:31Z.,2026-10-02,2cdb2a14f333085f011dabdf8128f2dabf1dd65181894de112d91e2cf9bfacfd,canonical_gleif_record,https://www.gleif.org/lei-data/code-lists/iso-20275-entity-legal-forms-code-list/2026-02-19-elf-code-list-v1.6.csv,registered_bank_form,,,
969500EYG6U339D3TI84,Crédit Foncier de France,cooperative,https://www.groupebpce.com/en/the-group/organization/," & Investment Banking and in asset management with Natixis Investment Managers. Cooperative shareholders, the basis of our model Cooperative shareholders: they own 100% of the capital of the Banques Populaires and Caisses d’Epargne banks via cooperative shares. Their representatives constitute the Boards of Directors of the Banques Populaires and the Steering & Supervisory Boards of the Caisses d’Epargne. Banques Populaires and Caisses d’Epargne banks: they each own 50% of BPCE’s capital. BPCE : the Group’s central body. BPCE’s subsidiaries, including Natixis, Banque Palatine, Oney and the subsidiaries grouped together within the Financial Solutions & Expertise division. Organization of Groupe BPCE Know us All the latest news Profile Organization Our publications Directory Our engagements Our CSR approach Sponsoring Sponsorship Innovation & AI Know us All the latest news Profile Organization Our publications Directory Our engagements Our CSR approach Sponsoring Sp",2026-10-02,477917ffa3698d31afa58e2ef3b522df3d7bef0853ca1fd5e9a8b8c87e4fd62e,http_response,,reviewed_control_chain,9695005MSX1OYEMGDF46,https://api.gleif.org/api/v1/lei-records/969500EYG6U339D3TI84/ultimate-parent-relationship,125de6de98c1c215ad2303c565fb1f0840212c4d8057711a828ed6a142ea8b61
969500FF9M4SBM5VHR15,Caisse régionale de crédit agricole mutuel Nord de France,cooperative,https://api.gleif.org/api/v1/lei-records/969500FF9M4SBM5VHR15,GLEIF registered legal name: CAISSE REG CREDIT AGRIC MUT NORD FRANCE. Legal form: S0X8 — Caisse de crédit agricole mutuel. Jurisdiction: FR. Entity status: ACTIVE. Register last updated: 2026-09-12T20:15:22Z.,2026-10-02,b8cad4fd83a535c1a4ae7ec51ee735ecfeec69f35a58af404837166acd87ba79,canonical_gleif_record,https://www.gleif.org/lei-data/code-lists/iso-20275-entity-legal-forms-code-list/2026-02-19-elf-code-list-v1.6.csv,registered_bank_form,,,
969500FYEXW795NPJO79,Caisse régionale de crédit agricole mutuel Brie Picardie,cooperative,https://api.gleif.org/api/v1/lei-records/969500FYEXW795NPJO79,GLEIF registered legal name: CAISSE REGIONALE DE CREDIT AGRICOLE MUTUEL BRIE PICARDIE. Legal form: S0X8 — Caisse de crédit agricole mutuel. Jurisdiction: FR. Entity status: ACTIVE. Register last updated: 2026-01-13T21:06:47Z.,2026-10-02,8cb2acc3e078fd5f9e20ea4d8a49453eb8aaf2e11d2ae768abc6a28cf37bf020,canonical_gleif_record,https://www.gleif.org/lei-data/code-lists/iso-20275-entity-legal-forms-code-list/2026-02-19-elf-code-list-v1.6.csv,registered_bank_form,,,
969500GIUTUIEDJHFL17,Caisse d'épargne et de prévoyance Hauts de France,cooperative,https://www.groupebpce.com/en/the-group/organization/," & Investment Banking and in asset management with Natixis Investment Managers. Cooperative shareholders, the basis of our model Cooperative shareholders: they own 100% of the capital of the Banques Populaires and Caisses d’Epargne banks via cooperative shares. Their representatives constitute the Boards of Directors of the Banques Populaires and the Steering & Supervisory Boards of the Caisses d’Epargne. Banques Populaires and Caisses d’Epargne banks: they each own 50% of BPCE’s capital. BPCE : the Group’s central body. BPCE’s subsidiaries, including Natixis, Banque Palatine, Oney and the subsidiaries grouped together within the Financial Solutions & Expertise division. Organization of Groupe BPCE Know us All the latest news Profile Organization Our publications Directory Our engagements Our CSR approach Sponsoring Sponsorship Innovation & AI Know us All the latest news Profile Organization Our publications Directory Our engagements Our CSR approach Sponsoring Sp",2026-10-02,477917ffa3698d31afa58e2ef3b522df3d7bef0853ca1fd5e9a8b8c87e4fd62e,http_response,,reviewed_control_chain,9695005MSX1OYEMGDF46,https://api.gleif.org/api/v1/lei-records/969500GIUTUIEDJHFL17/ultimate-parent-relationship,2656fbcb748f9d25c95bea4478db7d8c8284b9c9e25d97532ce104d5c99f9c15
969500JJWO4PQG0R1C58,CAISSE D'EPARGNE ET DE PREVOYANCE GRAND EST EUROPE,cooperative,https://api.gleif.org/api/v1/lei-records/969500JJWO4PQG0R1C58,GLEIF registered legal name: CAISSE D'EPARGNE ET DE PREVOYANCE GRAND EST EUROPE. Legal form: 8TYA — Autre SA coopérative à directoire. Jurisdiction: FR. Entity status: ACTIVE. Register last updated: 2025-11-26T21:10:19Z.,2026-10-02,4b0068decd31b714e2113c41dd0b9b1487f94e2561e240743854689a304f958c,canonical_gleif_record,https://www.gleif.org/lei-data/code-lists/iso-20275-entity-legal-forms-code-list/2026-02-19-elf-code-list-v1.6.csv,registered_bank_form,,,
969500JM7VIGQIPZOL49,BANQUE POPULAIRE AUVERGNE RHONE ALPES,cooperative,https://api.gleif.org/api/v1/lei-records/969500JM7VIGQIPZOL49,GLEIF registered legal name: BANQUE POPULAIRE AUVERGNE RHONE ALPES. Legal form: 8II5 — Autre SA coopérative à conseil d'administration. Jurisdiction: FR. Entity status: ACTIVE. Register last updated: 2025-11-25T20:58:16Z.,2026-10-02,e952065e740e012c9d1aea3bb50441aac9010cc46c09d075a89c260006017754,canonical_gleif_record,https://www.gleif.org/lei-data/code-lists/iso-20275-entity-legal-forms-code-list/2026-02-19-elf-code-list-v1.6.csv,registered_bank_form,,,
969500LFTDNMONT2EP08,Caisse fédérale de crédit mutuel,cooperative,https://api.gleif.org/api/v1/lei-records/969500LFTDNMONT2EP08,GLEIF registered legal name: CAISSE FEDERALE DE CREDIT MUTUEL SOCIETE A MISSION (APPLICATION LOI PACTE). Legal form: E6YB — Caisse (fédérale) de crédit mutuel. Jurisdiction: FR. Entity status: ACTIVE. Register last updated: 2026-01-15T21:07:55Z.,2026-10-02,2e065fd12eae9e4a6b93aa69ec24ad152684b688a6a12893db1091ec44d39e0a,canonical_gleif_record,https://www.gleif.org/lei-data/code-lists/iso-20275-entity-legal-forms-code-list/2026-02-19-elf-code-list-v1.6.csv,registered_bank_form,,,
969500ORP9FTJYI28L37,Caisse régionale de crédit agricole mutuel des Savoie,cooperative,https://api.gleif.org/api/v1/lei-records/969500ORP9FTJYI28L37,GLEIF registered legal name: CRCAM DES SAVOIE. Legal form: S0X8 — Caisse de crédit agricole mutuel. Jurisdiction: FR. Entity status: ACTIVE. Register last updated: 2026-04-14T20:09:58Z.,2026-10-02,130b973310a8020acae6f6bc8901c1259b700236819145f7d44c7f89ce486610,canonical_gleif_record,https://www.gleif.org/lei-data/code-lists/iso-20275-entity-legal-forms-code-list/2026-02-19-elf-code-list-v1.6.csv,registered_bank_form,,,
969500PI25OKPKTD9364,Caisse régionale de crédit agricole mutuel de Paris et d'Ile-de-France,cooperative,https://api.gleif.org/api/v1/lei-records/969500PI25OKPKTD9364,GLEIF registered legal name: CAISS REGIO CREDI AGRIC MUTUEL PARIS IDF. Legal form: S0X8 — Caisse de crédit agricole mutuel. Jurisdiction: FR. Entity status: ACTIVE. Register last updated: 2026-03-30T10:50:02Z.,2026-10-02,6671f4a2e85aeb0cfb161ec36ea0a285d5fd2e0010b0cd2ef660d8081caf3b1f,canonical_gleif_record,https://www.gleif.org/lei-data/code-lists/iso-20275-entity-legal-forms-code-list/2026-02-19-elf-code-list-v1.6.csv,registered_bank_form,,,
969500Q2PFTTP0Y5QL44,CAISSE DES DEPOTS ET CONSIGNATIONS,public,https://api.gleif.org/api/v1/lei-records/969500Q2PFTTP0Y5QL44,GLEIF registered legal name: CAISSE DES DEPOTS ET CONSIGNATIONS. Legal form: 2WMP — Autre personne morale de droit administratif. Jurisdiction: FR. Entity status: ACTIVE. Register last updated: 2026-03-18T21:10:53Z.,2026-10-02,6a8fd4e995aac0284eae46d1b63f1c2d64d6f43955ca7f85f5a55237400896a3,canonical_gleif_record,https://www.gleif.org/lei-data/code-lists/iso-20275-entity-legal-forms-code-list/2026-02-19-elf-code-list-v1.6.csv,registered_controller_form,,,
969500SJXM8MW32ZVG75,Caisse d'épargne et de prévoyance Bretagne-Pays de Loire,cooperative,https://api.gleif.org/api/v1/lei-records/969500SJXM8MW32ZVG75,GLEIF registered legal name: CAISSE D'EPARGNE ET DE PREVOYANCE BRETAGNE - PAYS DE LOIRE. Legal form: MQPZ — Caisse d'épargne et de prévoyance à forme coopérative. Jurisdiction: FR. Entity status: ACTIVE. Register last updated: 2026-05-20T20:11:34Z.,2026-10-02,a1015e31f4fdad0232207e2bdc6a80927cb0bb5494a775f376e0e91ad3446c82,canonical_gleif_record,https://www.gleif.org/lei-data/code-lists/iso-20275-entity-legal-forms-code-list/2026-02-19-elf-code-list-v1.6.csv,registered_bank_form,,,
969500TU5ZMYBIWP0R51,Caisse d'Epargne CEPAC,cooperative,https://www.groupebpce.com/en/the-group/organization/," & Investment Banking and in asset management with Natixis Investment Managers. Cooperative shareholders, the basis of our model Cooperative shareholders: they own 100% of the capital of the Banques Populaires and Caisses d’Epargne banks via cooperative shares. Their representatives constitute the Boards of Directors of the Banques Populaires and the Steering & Supervisory Boards of the Caisses d’Epargne. Banques Populaires and Caisses d’Epargne banks: they each own 50% of BPCE’s capital. BPCE : the Group’s central body. BPCE’s subsidiaries, including Natixis, Banque Palatine, Oney and the subsidiaries grouped together within the Financial Solutions & Expertise division. Organization of Groupe BPCE Know us All the latest news Profile Organization Our publications Directory Our engagements Our CSR approach Sponsoring Sponsorship Innovation & AI Know us All the latest news Profile Organization Our publications Directory Our engagements Our CSR approach Sponsoring Sp",2026-10-02,477917ffa3698d31afa58e2ef3b522df3d7bef0853ca1fd5e9a8b8c87e4fd62e,http_response,,reviewed_control_chain,9695005MSX1OYEMGDF46,https://api.gleif.org/api/v1/lei-records/969500TU5ZMYBIWP0R51/ultimate-parent-relationship,9de732342684e5767b629a7df7958c6fda9a51af6e3de7ecac3e94fea167ce41
969500VHT1ZNPVWOYF63,BNP Paribas Personal Finance,shareholder,https://invest.bnpparibas/en/bnp-paribas-share,"n the MTA International and on the Frankfurt Stock Exchange. Check the FAQ list Share ownership of BNP Paribas as at 30/06/2026 In % of voting rights BlackRock Inc. [footnote 1] 7.1% SFPI [footnote 2] 5.7% Grand Duchy of Luxembourg 1.2% Group FCPE [footnote 3] 3.3% Directly held by employees 0.86% (*) Individual shareholders [footnote 4] 7.3% European institutional investors [footnote 4] 42.2% Non-European institutional investors [footnote 4] 32.3% Total 100% [footnote 1] According to a statement by BlackRock dated 16th October 2025. [footnote 2] Société Fédérale de Participations et d’Investissement : a public-interest limited company (société anonyme) acting on behalf of the Belgian State. [footnote 3] TThe voting rights of the FCPE (profit-sharing scheme) are exercised, after the decision is taken by the Supervisory Board, by its Chairman. [footnote 4] Based on analyses from the SRD 2 surveys – Institutional investors excluding BlackRock. (*) Of which 0.4% for the shares referred to in article L.225-102 of the French Commercial Code to determine the threshold above which the appointment of a director representing employee shareholders must be proposed. The sum of the values indicated in the tables may differ slightly from the reported total due to rounding. History: two centuries of banking 18 October 1993 BNP shares are first listed on the Cash Settlement Market of the Paris Stock Exchange, following",2026-10-02,3a419aa6dda68549544f586fd90740947189231c15f8796c78c1fa1c02c3a61a,http_response,,reviewed_control_chain,R0MUWSFPU8MPRO8K5P83,https://api.gleif.org/api/v1/lei-records/969500VHT1ZNPVWOYF63/ultimate-parent-relationship,b0a8465563c9254ba0a5d3da622b2fadc9660e9b5dedbfff86fa8b780b80caa3
969500VR2NA6ANMTXH21,Caisse d'épargne et de prévoyance de Rhône Alpes,cooperative,https://api.gleif.org/api/v1/lei-records/969500VR2NA6ANMTXH21,GLEIF registered legal name: CAISSE D'EPARGNE ET DE PREVOYANCE DE RHONE ALPES. Legal form: 8TYA — Autre SA coopérative à directoire. Jurisdiction: FR. Entity status: ACTIVE. Register last updated: 2025-12-24T21:08:56Z.,2026-10-02,85cfcd0c1ffdec3c510609b9f6da20e8fa1dc0e7721f0d74a77e06e1df933d09,canonical_gleif_record,https://www.gleif.org/lei-data/code-lists/iso-20275-entity-legal-forms-code-list/2026-02-19-elf-code-list-v1.6.csv,registered_bank_form,,,
969500W34S6NCZWYBV47,Caisse d'épargne et de prévoyance Ile-de-France,cooperative,https://api.gleif.org/api/v1/lei-records/969500W34S6NCZWYBV47,GLEIF registered legal name: CAISSE D'EPARGNE ET DE PREVOYANCE ILE-DE-FRANCE. Legal form: MQPZ — Caisse d'épargne et de prévoyance à forme coopérative. Jurisdiction: FR. Entity status: ACTIVE. Register last updated: 2026-03-18T21:10:53Z.,2026-10-02,33dee31fcd67d3314f1778086889f73e8bb52ed567367ca84db9f6e0c7de42f1,canonical_gleif_record,https://www.gleif.org/lei-data/code-lists/iso-20275-entity-legal-forms-code-list/2026-02-19-elf-code-list-v1.6.csv,registered_bank_form,,,
969500W8SBCXNX1DG443,Banque populaire Rives de Paris,cooperative,https://api.gleif.org/api/v1/lei-records/969500W8SBCXNX1DG443,GLEIF registered legal name: BANQUE POPULAIRE RIVES DE PARIS. Legal form: OSLZ — Société coopérative de banque populaire. Jurisdiction: FR. Entity status: ACTIVE. Register last updated: 2025-11-24T20:58:12Z.,2026-10-02,e7a1a649414510921ac151c182c643a9df3473130dfbe1fc0f320311b17ca008,canonical_gleif_record,https://www.gleif.org/lei-data/code-lists/iso-20275-entity-legal-forms-code-list/2026-02-19-elf-code-list-v1.6.csv,registered_bank_form,,,
969500WFZ7C2IBN9TB80,Banque populaire Grand Ouest,cooperative,https://api.gleif.org/api/v1/lei-records/969500WFZ7C2IBN9TB80,GLEIF registered legal name: BANQUE POPULAIRE GRAND OUEST. Legal form: 8II5 — Autre SA coopérative à conseil d'administration. Jurisdiction: FR. Entity status: ACTIVE. Register last updated: 2025-12-02T21:11:40Z.,2026-10-02,ac3cddcb81ce1bb9169efbd77f07791b638bbca95ab58dd8176bd4ade280816d,canonical_gleif_record,https://www.gleif.org/lei-data/code-lists/iso-20275-entity-legal-forms-code-list/2026-02-19-elf-code-list-v1.6.csv,registered_bank_form,,,
969500WJ4V0WNG8Q5L42,Caisse régionale de crédit agricole mutuel Centre-Est,cooperative,https://api.gleif.org/api/v1/lei-records/969500WJ4V0WNG8Q5L42,GLEIF registered legal name: CAISSE REG CREDIT AGRICOLE MUT CTRE-EST. Legal form: S0X8 — Caisse de crédit agricole mutuel. Jurisdiction: FR. Entity status: ACTIVE. Register last updated: 2026-08-21T20:12:42Z.,2026-10-02,e111e82b84e33ce224f9825dfa79749804f9f1ffb61076f91c63b48ab5ca6eb4,canonical_gleif_record,https://www.gleif.org/lei-data/code-lists/iso-20275-entity-legal-forms-code-list/2026-02-19-elf-code-list-v1.6.csv,registered_bank_form,,,
969500X8MO6M37C47827,Caisse régionale de crédit agricole mutuel d'Aquitaine,cooperative,https://api.gleif.org/api/v1/lei-records/969500X8MO6M37C47827,GLEIF registered legal name: CAISSE REG CREDIT AGRI MUTUEL AQUITAINE. Legal form: HMEI — Autre société civile coopérative. Jurisdiction: FR. Entity status: ACTIVE. Register last updated: 2026-07-22T20:15:09Z.,2026-10-02,863cd89fd1d2a32a0506275921bd8a91a2de8f875399277be0a0852c05cea3b5,canonical_gleif_record,https://www.gleif.org/lei-data/code-lists/iso-20275-entity-legal-forms-code-list/2026-02-19-elf-code-list-v1.6.csv,registered_bank_form,,,
9DJT3UXIJIZJI4WXO774,BANK OF AMERICA CORPORATION,shareholder,https://d1io3yog0oux5.cloudfront.net/_2d7333429ef3d80812f60e8a0751979c/bankofamerica/db/867/10497/proxy_statement/BAC+2026+Proxy+Statement.pdf,"policy, it will be reviewed for approval or ratification by our Corporate Governance Committee. Based on information contained in separate Schedule 13G filings with the SEC, each of Warren E. Buffett/Berkshire Hathaway Inc. (Berkshire Hathaway), BlackRock, Inc. (BlackRock), and The Vanguard Group (Vanguard) reported that it beneficially owned more than 5% of the outstanding shares of our common stock as of December 31, 2025 (see “Stock ownership of directors, executive officers, and certain beneficial owners” on the next page). In the ordinary course of our business during 2025, our subsidiaries provided and are expected to continue to provide financial advisory, sales and trading, treasury, and other financial or administrative services to Berkshire Hathaway, BlackRock, and Vanguard and their subsidiaries. These and other routine business transactions between the companies were entered into on an arm’s-length basis and contain customary terms and conditions. Our company and its subsidiaries may also, in the ordinary course, invest in BlackRock or Vanguard funds or other products or buy or sell assets to or from BlackRock or Vanguard funds and separate accounts. 36 Bank of America Stock ownership of directors, executive officers, and certain beneficial owners Stock ownership of directors, executive officers, and certain beneficial owners The following table shows the number of shares of our common stock beneficially owned as of March 13, 2026 (except to the extent indicated otherwise in the footnotes below) by: (i) each director; (ii) each named executive officer; (iii) all directors and executive officers as a group; and (iv) beneficial owners of more than 5% of any class of our voting securities (as determined under SEC rules). As of that date, none of our directors and executive officers owned any shares of any class of our voting securities or other preferred stock, other than as r",2026-10-02,e18a00f56443f9ae17ee39f8c68184eb2a813e9f7655fcbc36e8427bbb284e67,http_response,https://investor.bankofamerica.com/annual-reports-and-proxy-statements,direct_ownership,,,
9ZHRYM6F437SQJ6OUG95,Raiffeisen Bank International AG,cooperative,https://www.rbinternational.com/en/raiffeisen/rbi-group/about-us.html,"than 1,000 awards from financial magazines EUR 205 bn total assets (30.06.2026) Ownership Structure of Raiffeisen Bank International 38.83% of Raiffeisen Bank international is owned by free float. 61.17% is owned by regional Raiffeisen banks: 61.17% of Raiffeisen Bank International shares is owned by 8 regional Raiffeisen banks 8 regional Raiffeisen banks are owned by 270 Raiffeisen banks 270 Raiffeisen banks are owned by appr. 1.4 mn members (primarly private individuals) Investor Relations Transparency is our top priority. We keep you up-to-date with all the latest news about our company, our business, and the development of our stock. Not with fine words, but with convincing facts and arguments. Our goal is to grow company value that will last. You can find out here wh",2026-10-02,79efda7933f5d0a4907092e930920b88e6c451f7dac1bb51de7fc5232aff3cca,http_response,,direct_ownership,,,
A5GWLFH3KM7YV2SFQL84,Belfius Bank,public,https://www.belfius.be/about-us/en/corporate-governance/group-structure,"< Corporate Governance Structure of the group Governance × Intersecting objects Sphere positions Sphere projected Camera coordinates Camera rotation Clicked items < Structure of the group Belfius is an integrated bank-insurer, currently owned by the Belgian federal state through the Federal Holding and Investment Company (FPIM – SFPI). Belfius Bank operates as the mother company, with Belfius Insurance and various other companies as (fully owned) subsidiaries. Entities",2026-10-02,7ca986f066911ee3087b9031a501e3aefb8431a03e087fc9a523a31bdec1cd4e,http_response,,direct_ownership,,,
B81CK4ESI35472RHJ606,Landesbank Baden-Württemberg,public,https://www.lbbw.de/konzern/investor-relations/finanzberichte/geschaeftsberichte/2025/lbbw-geschaeftsbericht-2025_ampzkh6sv2_m.pdf,"e Aktien verbrieft. Die Anteilseigner (Eigentümer) der LBBW werden daher als Träger und nicht als Aktionäre bezeichnet. Träger der Landesbank Baden-Württemberg sind: • der Sparkassenverband Baden-Württemberg (SVBW) mit einer Beteiligung am Stammkapital in Höhe von 40,534118 %, • das Land Baden-Württemberg (Land) mit einer Beteiligung am Stammkapital in Höhe von 24,988379 %, • die Landeshauptstadt Stuttgart (Stadt) mit einer Beteiligung am Stammkapital in Höhe von 18,931764 % und • die Landesbeteiligungen Baden-Württemberg GmbH (Landesbeteiligungen BW) mit einer Beteiligung am Stammkapital in Höhe von 15,545739 %. In der Hauptversammlung üben die Träger ihre Rechte in den Angelegenheiten der LBBW aus, soweit das Gesetz über die Landesbank Baden-Württemberg",2026-10-02,7ae96fad30f111f234972459407d9a88e672232d3b4539bbf6364990e1c9c241,http_response,,direct_ownership,,,
BFXS5XCH7N0Y05NIXW11,ABN AMRO Bank N.V.,mixed,https://downloads.ctfassets.net/1u811bvgvthc/688tP3vcLbHAgEsUavbdMR/22bd74bf45996df3f6e76b0893ecc950/ABN_AMRO_Bank_-_Annual_Report_2025.pdf#page=15,"ce by 5,200 full-time equivalents (FTEs) by 2028 compared with 2024, with half of the reductions expected to occur through attrition. Read more about the strategic plan, our financial targets and our long- term ambitions in the Our strategy section. 27.5% Dutch State reduces stake The Dutch State reduced its stake in ABN AMRO from 38.5% in 2024 to 27.5% at the end of 2025. In September 2025, the holder of the Dutch State’s stake (NLFI) announced that it aims to further reduce its stake to around 20%. Since NLFI’s stake has fallen below one third, the bank no longer requires NLFI’s approval for investments or divestments with a value of more than 10% of the bank’s share capital. NLFI’s approval is also no longer required for the issuance of, or the granting of rights to acquire, shares in the bank. The Dutch State, which acquired the bank in 2008, began reducing its stake following ABN AMRO’s stock market listing in 2015. NIBC to boost our ma",2026-10-02,4857de6d9a62878b71065385f6cbf1c0aa1e84f1ab5d41623d16b7d17760ae2d,http_response,,direct_ownership,,,
D1HEB8VEU6D9M8ZUXG17,UniCredit Bank Austria AG,shareholder,https://www.unicreditgroup.eu/en/governance/shareholders/shareholders-structure.html,"ddress): Send Back to shareholders Shareholder structure MAJOR SHAREHOLDERS* Major shareholders Ordinary shares % owned BlackRock Group 114,907,383 7.620 (1) Capital Research and Management Company 80,421,723 5.333 (2) 1) non-discretional asset management 2) discretional asset management * The table shows the information notified by the shareholders pursuant to art. 120 TUF following the update disclosed on the Consob website on 28 April 2025. The percentages here indicated are calculated on the number of shares representing the updated share capital, as shown below, which takes into account the cancellation of treasury shares registered with the Company Register on 24 February 2026. It should be noted that, in the cases provided for by the Is",2026-10-02,479112d66552ea5d53b1dc315e733fac1f875cfd4c1e7536b8d9227ce3bb5534,http_response,,reviewed_control_chain,549300TRUWO2CD2G5692,https://api.gleif.org/api/v1/lei-records/D1HEB8VEU6D9M8ZUXG17/ultimate-parent-relationship,29bcb33e00729493eb00eed43ad2b228b755426cf3c9cf2c7ce8bedc782c03cf
DG3RU1DBUFHT4ZF9WN62,Coöperatieve Rabobank U.A.,cooperative,https://www.rabobank.com/about-us/in-short,"rk mode Home About us An international cooperative bank Rabobank is an international cooperative bank with Dutch roots. A bank without shareholders, but with members. A bank built on working together rather than standing alone. Welcome to the cooperative Rabobank We want to stay close to our customers and members by listening to what matters in their lives, neighborhoods and communities. This helps us understand what is needed and act with purpose. By leveraging our knowledge, network and financial solutions, we are able to create greater meaningful impact together. Every day, we work side by side with our customers to find practical solutions to today’s challenges. For more than 125 years, we have done this by banking cooperatively and by giving a part of",2026-10-02,36938ca645fb0bc4d904f286b90f33069195dea33ad97c50470df8ff6d219f11,http_response,,direct_ownership,,,
DIZES5CFO5K3I5R58746,Landesbank Hessen-Thüringen Girozentrale,public,https://www.helaba.com/int/about-us/profile/owners-equity-executive-bodies.php," | 203,48 KB Helaba’s equity Helaba's owners hold the following interests in form of non-transferable ordinary capital: Savings Banks and Giro Association Hesse and Thuringia (50.0%*) State of Hessen (30.1%) Free State of Thuringia (3.5%) Rhenish Savings Banks and Giro Association (4.1%) Savings Banks Association Westphalia-Lippe (4.1%) FIDES Beta GmbH (4.1%) FIDES Alpha GmbH (4.1%) * each rounded Executive bodies of the bank Board of Owners Supervisory Board Board of Managing Directors Executive Bodies in Detail Portraits and profiles: The members of the Board of Managing Directors, the Board of Owners and the Supervisory Board. Learn more RSS Contact Service Secure e-mail communication LinkedIn Instagram YouTube Data protection Imprint General Terms Legal Notice Accessibility Declaration We, the Landesbank Hessen-Thüringen G",2026-10-02,f9dca430ff2f5cfd6876840332c3e2e0ff205d1f07525e7680563d8d65d18ba7,http_response,,direct_ownership,,,
DSNHHQ2B9X5N6OUJ1236,Norddeutsche Landesbank - Girozentrale -,public,https://www.nordlb.com/nordlb/portrait,"ks in Germany. You can find our owners here... The company headquarters in Hannover, Braunschweig and Magdeburg reflect the bank's roots in its owner states Lower Saxony and Saxony-Anhalt. NORD/LB can look back on a centuries-old tradition. In 1970, Norddeutsche Landesbank Girozentrale emerged from the merger of the four predecessor institutions Braunschweigische Staatsbank (founded in 1765), Hannoversche Landeskreditanstalt (founded in 1840), Niedersächsische Landesbank Girozentrale (founded in 1917) and Niedersächsische Wohnungskreditanstalt Stadtschaft (founded in 1918). As a commercial bank, we offer our corporate and institutional customers as well as public-sector customers a targeted range of financial services. We are also active in the private customer business via Bra",2026-10-02,936e3a33c1640fa7cfc3899e62665dbaf42f9a7a5aa366444d998ae1eab64450,http_response,,direct_ownership,,,
EQYXK86SF381Q21S3020,Bank of America Europe Designated Activity Company,shareholder,https://d1io3yog0oux5.cloudfront.net/_2d7333429ef3d80812f60e8a0751979c/bankofamerica/db/867/10497/proxy_statement/BAC+2026+Proxy+Statement.pdf,"policy, it will be reviewed for approval or ratification by our Corporate Governance Committee. Based on information contained in separate Schedule 13G filings with the SEC, each of Warren E. Buffett/Berkshire Hathaway Inc. (Berkshire Hathaway), BlackRock, Inc. (BlackRock), and The Vanguard Group (Vanguard) reported that it beneficially owned more than 5% of the outstanding shares of our common stock as of December 31, 2025 (see “Stock ownership of directors, executive officers, and certain beneficial owners” on the next page). In the ordinary course of our business during 2025, our subsidiaries provided and are expected to continue to provide financial advisory, sales and trading, treasury, and other financial or administrative services to Berkshire Hathaway, BlackRock, and Vanguard and their subsidiaries. These and other routine business transactions between the companies were entered into on an arm’s-length basis and contain customary terms and conditions. Our company and its subsidiaries may also, in the ordinary course, invest in BlackRock or Vanguard funds or other products or buy or sell assets to or from BlackRock or Vanguard funds and separate accounts. 36 Bank of America Stock ownership of directors, executive officers, and certain beneficial owners Stock ownership of directors, executive officers, and certain beneficial owners The following table shows the number of shares of our common stock beneficially owned as of March 13, 2026 (except to the extent indicated otherwise in the footnotes below) by: (i) each director; (ii) each named executive officer; (iii) all directors and executive officers as a group; and (iv) beneficial owners of more than 5% of any class of our voting securities (as determined under SEC rules). As of that date, none of our directors and executive officers owned any shares of any class of our voting securities or other preferred stock, other than as r",2026-10-02,e18a00f56443f9ae17ee39f8c68184eb2a813e9f7655fcbc36e8427bbb284e67,http_response,https://investor.bankofamerica.com/annual-reports-and-proxy-statements,reviewed_document_chain,9DJT3UXIJIZJI4WXO774,https://www.sec.gov/Archives/edgar/data/70858/000007085826000157/bac-1231202510xkex21.htm,d4276132e4f16d34ece626df9f88a1b0415abc73016edbbd3ad306591168ad87
F0HUI1NY1AZMJMD8LP67,HSBC Continental Europe,shareholder,https://www.hsbc.com/-/files/hsbc/investors/hsbc-results/2025/annual/pdfs/hsbc-holdings-plc/260225-annual-report-and-accounts-2025.pdf,"Notifiable interests in share capital During 2025, HSBC Holdings did not receive any notification of major holdings of voting rights pursuant to the requirements of Rule 5 of the Disclosure Guidance and Transparency Rules (’Rule 5 of the DTRs’). No notifications had been received between 31 December 2025 and 19 February 2026. Previous notifications received are as follows: – BlackRock, Inc. gave notice on 3 March 2020 that on 2 March 2020 it had the following: an indirect interest in HSBC Holdings ordinary shares of 1,235,558,490; qualifying financial instruments with 7,294,459 voting rights that may be acquired if the instruments are exercised or converted; and financial instruments with a similar economic effect to qualifying financial instruments, which refer to 2,441,397 voting rights, representing 6.07%, 0.03% and 0.01%, respectively, of the total voting rights at 2 March 2020. – Ping An Asset Management Co., Ltd. gave notice on 6 December 2017 that on 4 December 2017 it had an indirect interest in HSBC Holdings ordinary shares of 1,007,946,172, representing 5.04% of the total voting rights at that date. At 31 December 2025, according to the register maintained by HSBC Holdings pursuant to section 336 of the Securities and Futures Ordinance of Hong Kong: – BlackRock, Inc. gave notice on 16 July 2025 that on 11 July 2025 it had the following interests in HSBC Holdings ordinary shares: a long position of 1,586,341,122 shares and a short position of 6,856,029 shares, representing 9.09% and 0.04%, respectively, of the ordinary shares in issue 11 July 2025. – Ping An Asset Management Co., Ltd. gave notice on 10 May 2024 that on 7 May 2024 it had a long position of 1,502,584,731 in HSBC Holdings ordinary shares, representing 7.98% of the ordinary shares in issue at 7 May 2024. – The Bank of New York Mellon Corporation gave notice on 17 October 2025 that on 15 October 2025 it had the following interests in HSBC Holdings ordinary shares: a long position of 1,035,915,129 shares, a short position of 551,070,412 shares and a lending pool of 449,036,061 shares representing 6.01%, 3.20% and 2.61%, respectively, of the ordinary shares in issue at 15 October 2025. The Bank of New York Mellon Corporation is the Depositary for the HSBC ADSs. Under the SFO, they are required to report the HSBC ADSs position a",2026-10-02,94aab2f5c83d1060ee95d344f1915833869fe4502dc635e4ab9ca84f496ee94b,http_response,,reviewed_control_chain,MLU0ZO3ML4LN2LL2TL39,https://api.gleif.org/api/v1/lei-records/F0HUI1NY1AZMJMD8LP67/ultimate-parent-relationship,0d0fa12a83c88790792f2388c623ed64c6150d9db109bc8e528c98bd10a34894
F3JS33DEI6XQ4ZBPTN86,Skandinaviska Enskilda Banken - gruppen,shareholder,https://tools.euroland.com/majorshareholder/s-seb_new/?lang=english,"Major shareholders Shareholders Sector Distribution Geo.Distribution Archive Shareholders Share capital % Votes % A Shares C Shares Total number of shares Monthly change % 1 Investor 21.97 22.03 432,198,555 4,000,372 436,198,927 0.0 2 AMF Pension & Fonder 3.96 4.00 78,540,730 0 78,540,730 -3.2 3 Swedbank Robur Fonder 3.88 3.92 76,972,974 0 76,972,974 -4.0 4 Capital Group 3.71 3.75 73,605,734 0 73,605,734 +2.8 5 Vanguard 3.55 3.55 69,674,798 893,203 70,568,001 +0.4 6 BlackRock 3.39 3.43 67,323,389 20,673 67,344,062 +4.3 7 Handelsbanken Fonder 2.75 2.77 54,477,561 24,551 54,502,112 -1.7 8 Alecta Tj�nstepension 2.71 2.74 53,834,715 0 53,834,715 0.0 9 SEB Funds 2.36 2.39 46,882,982 0 46,882,982 +0.5 10 SEBs own shareholding 2.01 2.03 39,911,993 0 39,911,993 +6.0 11 Fourth Swedish National Pension Fund 1.12 1.13 22,276,511 0 22,276,511 +0.0 12 Third Swedish National Pension Fund 0.91 0.92 18,139,251 0 18,139,251 +4.8 13 Folksam 0.87 0.88 17,222,262 0 17,222,262 -0.6 14 Avanza Fonder 0.86 0.87 17,014,498 12,174 17,026,672 +0.7 15 L�nsf�rs�kringar Fonder 0.81 0.82 16,047,364 0 16,047,364 +0.1 16 Nordea Funds 0.79 0.80 15,774,447 0 15,774,447 -2.4 17 Storebrand Asset Management 0.67 0.68 13,365,102 0 13,365,102 +0.8 18 Harding Loevner 0.66 0.67 13,116,525 0 13,116,525 -",2026-10-02,12cfbed5d56458476234590f5f5f5b879ed2f90ea8c953de4a6d749e3c594690,http_response,https://sebgroup.com/investor-relations/the-share/largest-shareholders,direct_ownership,,,
FR9695005MSX1OYEMGDF,Groupe BPCE,cooperative,https://www.groupebpce.com/en/the-group/organization/," & Investment Banking and in asset management with Natixis Investment Managers. Cooperative shareholders, the basis of our model Cooperative shareholders: they own 100% of the capital of the Banques Populaires and Caisses d’Epargne banks via cooperative shares. Their representatives constitute the Boards of Directors of the Banques Populaires and the Steering & Supervisory Boards of the Caisses d’Epargne. Banques Populaires and Caisses d’Epargne banks: they each own 50% of BPCE’s capital. BPCE : the Group’s central body. BPCE’s subsidiaries, including Natixis, Banque Palatine, Oney and the subsidiaries grouped together within the Financial Solutions & Expertise division. Organization of Groupe BPCE Know us All the latest news Profile Organization Our publications Directory Our engagements Our CSR approach Sponsoring Sponsorship Innovation & AI Know us All the latest news Profile Organization Our publications Directory Our engagements Our CSR approach Sponsoring Sp",2026-10-02,477917ffa3698d31afa58e2ef3b522df3d7bef0853ca1fd5e9a8b8c87e4fd62e,http_response,,direct_ownership,,,
FR969500TJ5KRTCJQWXH,Groupe Crédit Agricole,cooperative,https://www.credit-agricole.com/en/group/discover-the-credit-agricole-group,"every day in the interest of our customers and society Credit Agricole Group in few points: 55 million retail customers 12.3 million mutual shareholders 160,000 employees worldwide Olivier Gavalda, Chief Executive Officer of Crédit Agricole S.A. We are a retail bank because we continue to rely on the strength of our local network, but also because we adapt to changes in customer trends. We provide straightforward, independent advice, offering both the best digital services and the expertise of your own personal advisor . We work hard every day to create a new banking experience that is both 100% digital and 100% personal. Each of our customers can choose their preferred means of contact with their advisor, evaluate their needs or monitor thei",2026-10-02,8243a6460e928a75036ee6dd11c0a5e35bf767302be586809955096b4854b336,http_response,,direct_ownership,,,
H0YX5LBGKDVOWCXBZ594,SBAB Bank AB - Grupp,public,https://www.sbab.se/1/om_sbab/bolagsstyrning.html,"ingar Intern styrning och kontroll Bolagsstyrningsrapporter SCBC Bolagsstyrning Bolag med statligt ägande, såsom SBAB, ägs ytterst av svenska folket och utgör en betydande del av svenskt näringsliv. På denna sida kan du bland annat hitta information om SBAB:s bolagsordning och ägarstyrning eller titta närmare på ledningen och styrelsen. Ledning Styrelse Bolagsstyrningsrapporter Bolagsstämma Gå till Privat Företag Bostadsrättsföreningar Fastighetsbolag Hitta rätt Bolån Privatlån Sparkonto Fasträntekonto Kundservice Vanliga frågor och svar Fyll i lånehandlingar Tyck till om SBAB Kontakta oss Klagomål Om SBAB Fak",2026-10-02,a83221d4ca4de60c4a2d807e5e4c989b29b3f1fa855d660180fbe19481bef274,http_response,,direct_ownership,,,
I6SS27Q1Q3385V753S50,Raiffeisenlandesbank Oberösterreich Aktiengesellschaft,cooperative,https://api.gleif.org/api/v1/lei-records/529900XSTAE561178282,GLEIF registered legal name: Raiffeisenbankengruppe OÖ Verbund eGen. Legal form: NIJH — Erwerbs- und Wirtschaftsgenossenschaft. Jurisdiction: AT. Entity status: ACTIVE. Register last updated: 2026-03-26T10:07:28Z.,2026-10-02,2f730e6138a263dab2ecd04b93f718f976eaa65ddefebe1e1a835aa2a4c402ab,canonical_gleif_record,https://www.gleif.org/lei-data/code-lists/iso-20275-entity-legal-forms-code-list/2026-02-19-elf-code-list-v1.6.csv,reviewed_control_chain,529900XSTAE561178282,https://api.gleif.org/api/v1/lei-records/I6SS27Q1Q3385V753S50/ultimate-parent-relationship,7397d65161c7a14f6d506ee50e35c23fe1471c5642ad4a0a767d9b4a623ec703
J4CP7MHCXR8DAQMKIL78,Banca Monte dei Paschi di Siena S.p.A.,shareholder,https://www.gruppomps.it/en/corporate-governance/shareholding-structure.html,"der the cases of exemption provided for by CONSOB Regulation no. 11971 concerning the discipline of issuers, are as follows: SHAREHOLDER % OF CAPITAL DELFIN S.A.R.L. 17.53% GRUPPO FRANCESCO GAETANO CALTAGIRONE (*) 10.26% MEF - MINISTERO DELL’ECONOMIA E DELLE FINANZE 4.86% BLACKROCK, INC. (**) 4.66% BANCO BPM SPA (***) 3.74% OTHER SHAREHOLDERS (****) 58.95% (*) Source: www.consob.it - Shareholdings and voting rights held through companies belonging to Caltagirone Group; as at dividend payment of 20 May 2026 Caltagirone Group held 13.49% of the share capital. (**) Shareholdings and voting rights held through companies belonging to BlackRock Group as communicated with Form 120/B on 30 April 2026. The stake held by the BlackRock Group is represented by voting rights attached to shares (4.665% of the share capital) and by potential investment and other long positions with physical and cash settlement (0.302% of the share capital). (***) Source: www.consob.it - Shareholdings and voting rights held also through Anima Holding S.p.A.. (****) By means of Form 120 (TR-1) submitted on 19 August 2026, Barclays PLC reported that it held through Barclays Capital Securities Limited an aggregate interest corresponding to a total position of 5.03% of the share capital. Such holding is represented by voting rights attached to shares (0.08% of the share capital) and by voting rights through financial instruments (potential holdings and other long positions amounting in aggregate to 4.95% of the share capital). Last modified: 26/08/2026 About us Presentation Shareholding Structure Strategy Organisational Model History Corporate Governance Governance Model Shareholding Structure Internal control system Board of directors Internal board committees Board of Statutory Auditors Management Remuneration Shareholders meeting and BoD Related-Party Transactions Internal dealing Events Whistleblowing Voluntary Public Exchange Offer on Banca Generali Spa ",2026-10-02,44ab0602181f85f613afc7a60610425bb60f7076285814c90c6bce8f754db0db,http_response,,direct_ownership,,,
JLS56RAMYQZECFUF2G44,ING Belgie,shareholder,https://ing.com/investors/share-information/shares,",073 3,619,144,872 3,343,622,989 3,096,274,533 2,902,437,688 2,860,085,770 *Updated as per 30 June 2026 Ordinary Shares ING Group ordinary shares are listed on Euronext Amsterdam and Brussels. Geographical distribution* The above image shows the geographical distribution of ING's ordinary shares in percentages: 43% United States | 17% United Kingdom | 8% France | 8% Scandinavia | 5% Germany | 1% the Netherlands | 9% rest of Europe | 4% Asia | 4% rest of the world. *Distribution based on December 2023 (includes ordinary shares represented by American depositary receipts). American depositary receipts (ADRs) ADRs are listed on NYSE and administered by JP Morgan Chase. For more information on ADRs, please consult ING pages on JP Morgan Chase's website . Related links Largest investors",2026-10-02,0085fb19e45ea664c4fee957b6e7576932c9330b144ae6345a1fbbaf0ede1d41,http_response,,reviewed_control_chain,549300NYKK9MWM7GGW15,https://api.gleif.org/api/v1/lei-records/JLS56RAMYQZECFUF2G44/ultimate-parent-relationship,8dc242da67ed36d0a7ebc807ef1f95e9021ae351a6cf582c73cca5bf9bbc85c5
K8MS7FD7N5Z2WQ51AZ71,"Banco Bilbao Vizcaya Argentaria, S.A.",shareholder,https://shareholdersandinvestors.bbva.com/wp-content/uploads/2026/02/17_2025_Annual_Corporate_Governance_Report.pdf,"ched to shares % of voting rights through ﬁnancial instruments total % of voting rights Direct Indirect Direct Indirect Blackrock, Inc. 0.00% 7.076% 0.082% 0.00% 7.158% Capital Research and Management Company 0.00% 4.968% 0.00% 0.00% 4.968% 3.3. Shareholdings held by members of the Board of Directors ( A.3 ) As of December 31, 2025, the shareholdings held by the members of the Board of Directors in the share capital of the Bank are as follows: This English version is a translation of the original in Spanish for information purposes only. In case of discrepancy the original in Spanish shall prevail. Annual Corporate Governance Report of BBVA p. 14 Name of director % voting rights Attributed to shares Through ﬁnancial instruments That may be transferred through ﬁnancial instruments Direct Indirect Direct Indirect Total Direct",2026-10-02,afbaebf0334ff0333c86e793fe31d88b5b9a404f5e753fc6d920d382841549a9,http_response,,direct_ownership,,,
KGCEPHLVVKVRZYO1T647,BNP Paribas Fortis,shareholder,https://invest.bnpparibas/en/bnp-paribas-share,"n the MTA International and on the Frankfurt Stock Exchange. Check the FAQ list Share ownership of BNP Paribas as at 30/06/2026 In % of voting rights BlackRock Inc. [footnote 1] 7.1% SFPI [footnote 2] 5.7% Grand Duchy of Luxembourg 1.2% Group FCPE [footnote 3] 3.3% Directly held by employees 0.86% (*) Individual shareholders [footnote 4] 7.3% European institutional investors [footnote 4] 42.2% Non-European institutional investors [footnote 4] 32.3% Total 100% [footnote 1] According to a statement by BlackRock dated 16th October 2025. [footnote 2] Société Fédérale de Participations et d’Investissement : a public-interest limited company (société anonyme) acting on behalf of the Belgian State. [footnote 3] TThe voting rights of the FCPE (profit-sharing scheme) are exercised, after the decision is taken by the Supervisory Board, by its Chairman. [footnote 4] Based on analyses from the SRD 2 surveys – Institutional investors excluding BlackRock. (*) Of which 0.4% for the shares referred to in article L.225-102 of the French Commercial Code to determine the threshold above which the appointment of a director representing employee shareholders must be proposed. The sum of the values indicated in the tables may differ slightly from the reported total due to rounding. History: two centuries of banking 18 October 1993 BNP shares are first listed on the Cash Settlement Market of the Paris Stock Exchange, following",2026-10-02,3a419aa6dda68549544f586fd90740947189231c15f8796c78c1fa1c02c3a61a,http_response,,reviewed_control_chain,R0MUWSFPU8MPRO8K5P83,https://api.gleif.org/api/v1/lei-records/KGCEPHLVVKVRZYO1T647/ultimate-parent-relationship,2f1d015222fa2ba01d1f2b0084048cece41033b68802d19a0319e363c35a6e67
KR6LSKV3BTSJRD41IF75,"UniCredit Bank Czech Republic and Slovakia, a.s.",shareholder,https://www.unicreditgroup.eu/en/governance/shareholders/shareholders-structure.html,"ddress): Send Back to shareholders Shareholder structure MAJOR SHAREHOLDERS* Major shareholders Ordinary shares % owned BlackRock Group 114,907,383 7.620 (1) Capital Research and Management Company 80,421,723 5.333 (2) 1) non-discretional asset management 2) discretional asset management * The table shows the information notified by the shareholders pursuant to art. 120 TUF following the update disclosed on the Consob website on 28 April 2025. The percentages here indicated are calculated on the number of shares representing the updated share capital, as shown below, which takes into account the cancellation of treasury shares registered with the Company Register on 24 February 2026. It should be noted that, in the cases provided for by the Is",2026-10-02,479112d66552ea5d53b1dc315e733fac1f875cfd4c1e7536b8d9227ce3bb5534,http_response,,reviewed_control_chain,549300TRUWO2CD2G5692,https://api.gleif.org/api/v1/lei-records/KR6LSKV3BTSJRD41IF75/ultimate-parent-relationship,9c2f66c7de11cce540f0782b1f183f2b32872e0e44117a3114828f81ec691c80
KX1WK48MPD4Y2NCUIZ63,Natixis,cooperative,https://www.groupebpce.com/en/the-group/organization/," & Investment Banking and in asset management with Natixis Investment Managers. Cooperative shareholders, the basis of our model Cooperative shareholders: they own 100% of the capital of the Banques Populaires and Caisses d’Epargne banks via cooperative shares. Their representatives constitute the Boards of Directors of the Banques Populaires and the Steering & Supervisory Boards of the Caisses d’Epargne. Banques Populaires and Caisses d’Epargne banks: they each own 50% of BPCE’s capital. BPCE : the Group’s central body. BPCE’s subsidiaries, including Natixis, Banque Palatine, Oney and the subsidiaries grouped together within the Financial Solutions & Expertise division. Organization of Groupe BPCE Know us All the latest news Profile Organization Our publications Directory Our engagements Our CSR approach Sponsoring Sponsorship Innovation & AI Know us All the latest news Profile Organization Our publications Directory Our engagements Our CSR approach Sponsoring Sp",2026-10-02,477917ffa3698d31afa58e2ef3b522df3d7bef0853ca1fd5e9a8b8c87e4fd62e,http_response,,reviewed_control_chain,9695005MSX1OYEMGDF46,https://api.gleif.org/api/v1/lei-records/KX1WK48MPD4Y2NCUIZ63/ultimate-parent-relationship,ff29144cf7641c9075fe4e2cafa8c2a3fe60396b27b180607f38433bcc03c7d8
LIU16F6VZJSD6UKHD557,Nykredit Realkredit A/S,mutual,https://forenetkredit.dk/wp-content/uploads/2025/09/FK_Ejerskabspolitik_A5_160925.pdf," til, at Nykredit-koncernen til stadighed drives ud fra tilsvarende principper. At være majoritetsaktionær i Nykredit A/S (Nykredit) indebærer for Forenet Kredit f.m.b.a. (Forenet Kredit eller Forenin- gen), at Foreningen deltager aktivt i at sikre en god og langsigtet udvikling af Nykredit. Det gør Foreningen fx ved at være i dialog med Nykredits ledelse, være repræsenteret i Nykredits bestyrelse og ved at lytte til og være i aktiv dialog med Foreningens medlemmer, Nykredits øvrige aktionærer, obligationsejere og øvrige interessenter. Udbytte fra Nykredit: Under normale markedsforhold og under hensyntagen til Nykredits kapitalmæssige forhold er det Foreningens mål, at Nykre- dit leverer en stabil og konkurrencedygtig udbyttebetaling. Kapitalisering i Nykredit: Foreningen lægger vægt på, at Nykredit til stadighed søger at optimere sin kapital- struktur og er kapitaliseret til et markeds- konformt niveau, dog mindst til et niveau, der sikrer en stabil og sikker rating på niveau med sammenlignelige selskaber. Ansvarlighed og ordentlighed: Foreningen lægger vægt på, at Nykredit ledes og drives ud fra princi",2026-10-02,28031b809053c0871c2bdcb0c41043dc2166b7905a02dacdba7517b33533bcd1,http_response,https://forenetkredit.dk/om-os/,reviewed_control_chain,54930044PCO1XG0OGZ29,https://api.gleif.org/api/v1/lei-records/LIU16F6VZJSD6UKHD557/ultimate-parent-relationship,c84dc76a8268907948df8d318583c27a79d34214500737e1fc384b669ce9a37c
M312WZV08Y7LYUC71685,Swedbank - Grupp,shareholder,https://widget.datablocks.se/api/rose/widgets/owner-list?token=4c2cebc0-49fb-42f2-80a6-e6ed9b182026&stylesheet=swedbank-colors.css,"Name Num. of shares Capital Votes Verified 1 Sparbankernas Ägareförening 146,661,918 12.96% 12.96% 2026-08-27 2 Folksam 62,679,152 5.54% 5.54% 2026-08-27 3 Swedbank Robur Funds 57,529,239 5.08% 5.08% 2026-08-31 4 Sparbanksstiftelser 46,167,468 4.08% 4.08% 2026-08-27 5 BlackRock 40,933,309 3.62% 3.62% 2026-09-30 6 SEB Funds 40,763,068 3.60% 3.60% 2026-08-31 7 Norges Bank Investment Management 40,501,374 3.58% 3.58% 2026-08-27 8 Vanguard 38,904,007 3.44% 3.44% 2026-08-31 9 Handelsbanken Funds 24,635,464 2.18% 2.18% 2026-08-31 10 Alecta Tjänstepension 24,284,105 2.15% 2.15% 2026-08-27 Total 10 523,059,104 46.21% 46.21% Others 608,946,618 53.79% 53.79% Total number of owners 412,877 2026-08-31 Total number of shares 1,132,005,722 2026-10-02 Powered by Modular Finance",2026-10-02,3405a2be2250023e517bc4c8a4dbd8f468c469f5c669c3a14b42d7d17bb64ee7,http_response,https://www.swedbank.com/investor-relations/the-share/shareholders.html,direct_ownership,,,
MAES062Z21O4RZ2U7M96,Danske Bank A/S,shareholder,https://danskebank.com/-/media/danske-bank-com/file-cloud/2026/2/corporate-governance-report-2025.pdf?rev=0bfb0ceff47e401f83462997d50dfac3,"ed on Nasdaq Copenhagen. All Danske Bank’s shareholders are entitled to exercise their rights at the general meeting in accordance with the Articles of Association and the one-share-one-vote principle. In 2025, the A.P . Møller Holding Group was the only major shareholder of Danske Bank holding more than 5% of the shares. More information about the shareholder base of Danske Bank is available in the Annual Report 2025 at www.danskebank.com. Board of Directors At the general meeting the shareholders elect between six and ten directors of the Board of Directors for a one-year term in accordance with the Articles of Association. In the period following the annual general meeting on 20 March 2025 and until year-end, ",2026-10-02,3df5aecd58e01650d4c32a07a8b34b3ccbde0e9b3b05058711994042769eb3a4,http_response,,direct_ownership,,,
MLU0ZO3ML4LN2LL2TL39,HSBC HOLDINGS PLC,shareholder,https://www.hsbc.com/-/files/hsbc/investors/hsbc-results/2025/annual/pdfs/hsbc-holdings-plc/260225-annual-report-and-accounts-2025.pdf,"Notifiable interests in share capital During 2025, HSBC Holdings did not receive any notification of major holdings of voting rights pursuant to the requirements of Rule 5 of the Disclosure Guidance and Transparency Rules (’Rule 5 of the DTRs’). No notifications had been received between 31 December 2025 and 19 February 2026. Previous notifications received are as follows: – BlackRock, Inc. gave notice on 3 March 2020 that on 2 March 2020 it had the following: an indirect interest in HSBC Holdings ordinary shares of 1,235,558,490; qualifying financial instruments with 7,294,459 voting rights that may be acquired if the instruments are exercised or converted; and financial instruments with a similar economic effect to qualifying financial instruments, which refer to 2,441,397 voting rights, representing 6.07%, 0.03% and 0.01%, respectively, of the total voting rights at 2 March 2020. – Ping An Asset Management Co., Ltd. gave notice on 6 December 2017 that on 4 December 2017 it had an indirect interest in HSBC Holdings ordinary shares of 1,007,946,172, representing 5.04% of the total voting rights at that date. At 31 December 2025, according to the register maintained by HSBC Holdings pursuant to section 336 of the Securities and Futures Ordinance of Hong Kong: – BlackRock, Inc. gave notice on 16 July 2025 that on 11 July 2025 it had the following interests in HSBC Holdings ordinary shares: a long position of 1,586,341,122 shares and a short position of 6,856,029 shares, representing 9.09% and 0.04%, respectively, of the ordinary shares in issue 11 July 2025. – Ping An Asset Management Co., Ltd. gave notice on 10 May 2024 that on 7 May 2024 it had a long position of 1,502,584,731 in HSBC Holdings ordinary shares, representing 7.98% of the ordinary shares in issue at 7 May 2024. – The Bank of New York Mellon Corporation gave notice on 17 October 2025 that on 15 October 2025 it had the following interests in HSBC Holdings ordinary shares: a long position of 1,035,915,129 shares, a short position of 551,070,412 shares and a lending pool of 449,036,061 shares representing 6.01%, 3.20% and 2.61%, respectively, of the ordinary shares in issue at 15 October 2025. The Bank of New York Mellon Corporation is the Depositary for the HSBC ADSs. Under the SFO, they are required to report the HSBC ADSs position a",2026-10-02,94aab2f5c83d1060ee95d344f1915833869fe4502dc635e4ab9ca84f496ee94b,http_response,,direct_ownership,,,
N1FBEDJ5J41VKZLO2475,Citibank Europe plc,shareholder,https://www.citigroup.com/rcs/citigpa/storage/public/Annual_Report/2025/2026-citi-proxy-statement.pdf,"ode of Conduct 45 Communications with the Board 45 STOCK OWNERSHIP 46 Beneficial Ownership Table 46 Owners of More than 5% of Citi’s Common Stock 47 Insider Trading Policies for Citi and Citi’s Board, Officers and Employees 47 PROPOSAL 1: ELECTION OF DIRECTORS 48 Director Criteria and Nomination Process 48 Director Qualifications 49 The Nominees 53 Directors’ Compensation 66 AUDIT COMMITTEE REPORT 70 PROPOSAL 2: RATIFICATION OF SELECTION OF INDEPENDENT REGISTERED PUBLIC ACCOUNTING FIRM 71 PROPOSAL 3: ADVISORY VOTE TO APPROVE OUR 2025 EXECUTIVE COMPENSATION 73 Compensation Discussion and Analysis 73 The Compensation, Performance Management and Culture Committee Report 97 2025 Summary Compensation Table and Compensation Information 98 Additional Compensation Disclosures 109 PROPOSAL 4: APPROVAL OF ADDITIONAL SHARES FOR THE CITIGROUP 2019 STOCK INCENTIVE PLAN 110 STOCKHOLDER PROPOSALS 118 Submission of Future Stockholder Proposals 118 Cost of Annual Meeting and Proxy Solicitation 118 Householding 119 ABOUT THE 2026 ANNUAL MEETING 120 ANNEX A 126 Additional Information Regarding Proposal 3 126 Citigroup – Quantitative Scorecard Metric Details And Reconciliations 127 FORWARD-LOOKING STATEMENTS Certain statements in this Proxy Statement are “forward-looking statements” within the meaning of the Private Securities Litigation Refor",2026-10-02,c1d2cdd8c9ecccf5f5f4b5274499cd8f7c0dd6f7d690e951c5eed5952bbbacaf,http_response,,reviewed_document_chain,6SHGI4ZSSLCXXQSBB395,https://www.sec.gov/Archives/edgar/data/831001/000083100126000011/citi-exh2101x12312025.htm,b22632497ff227a93eb283e1b7f8611635e547ecd6171d0a5bd10c49e86d0216
N4JDFKKH2FTD8RKFXO39,Crédit industriel et commercial - CIC,cooperative,https://www.creditmutuel.com/en/our-cooperative-organization.html,"ive organization The heart of the group is Crédit Mutuel, a cooperative bank governed by the law of September 10, 1947. It belongs exclusively to its members, who own its capital and determine its strategy within a framework of democratic procedures. Imprimer Partager Facebook Twitter LinkedIn What is a bank without shareholders? 9 millions members * guide the company's choices. Discover the different organization of Crédit Mutuel, which allows decisions to be taken quickly, responsibly and good for the life of the local economy. Our cooperative organization A decentralized organization that serves people and regions Crédit Mutuel Group Confédération Nationale du Crédit Mutuel The mission of Confédération Nationale du Crédit Mutuel (the group's central body) is to defend the group's collective ",2026-10-02,9570539ffb0f41fe9ddbec73d06220e899a59ba5e1fbd7c1b1cabf750539be70,http_response,,reviewed_control_chain,9695000CG7B84NLR5984,https://api.gleif.org/api/v1/lei-records/N4JDFKKH2FTD8RKFXO39/ultimate-parent-relationship,10953929f08419b82cf60d3f25ebef438ae6a2ee3de7f418e219e270d0cb6376
N747OI7JINV7RUUH6190,BPER Banca S.p.A.,shareholder,https://group.bper.it/en/investor-relations/shareholders,"ionale Homepage Investor Relations Shareholders Shareholder base and dividends Shareholders Legenda 20.0% Unipol Assicurazioni S.p.A. 7.4% Fondazione di Sardegna 72.6% Other Shareholders* Data Updated: October 1st, 2026. Shareholders Legenda 19.9% Unipol Assicurazioni S.p.A. 7.4% Fondazione di Sardegna 5.0% BlackRock Inc.* 67.7% Other Shareholders* Data Updated : August 11th, 2026 (*) With regard to the shareholdings described above, the following should be noted: BlackRock Inc. reported, with Model 120 (TR-1), a shareholding equal to 4.78% of BPER Banca’s share capital on 25 September 2026 and an equity investment in financial instruments equal to 0.22%. No updates to these shareholdings were communicated. JPMorgan Chase & Co. reported, with Model 120 (TR-1), a shareholding equal to 4.63% of BPER Banca’s share capital on 14 August 2026 and an equity investment in financial instruments equal to 1.16%. No updates to these shareholdings were communicated. Note: figures may not add up exactly due to rounding differences. Data are updated based on the most recent communications received. Dividends Interim Dividend for 2025 The Board of Directors of BPER Banca S.p.A., during its meeting on November 5, 2025, having verified compliance with the requirements of Article 2433-bis of the Italian Civil Code and based on the Bank's financial position as of June 30, 2025, resolved to distribute €0.10 (ten euro cents) per outstanding ordinary share, before legal withholdings, as an interim divid",2026-10-02,01537792b9b437c31e1ba2b44e60f1631f308fb19f074b2a07e6a6bf9c04c303,http_response,,direct_ownership,,,
NHBDILHZTYCNBV5UYZ31,Svenska Handelsbanken - gruppen,shareholder,https://www.handelsbanken.com/en/investor-relations/the-share/the-shareholders," relations The share The shareholders The shareholders A rundown of our major shareholders About our shareholders We have more than 200,000 shareholders. One shareholders’ holdings exceed 10 percent, Industrivärden. The major Swedish shareholders 31 December, 2025 Shareholder: Industrivärden Number of shares: 230 000 000 Percentage of votes: 11.8 Shareholder: Oktogonen Foundation Number of shares: 159 225 141 Percentage of votes: 8.2 Shareholder: Lundberg-gruppen Number of shares: 95 781 000 Percentage of votes: 4.9 Shareholder: BlackRock Number of shares: 69 730 671 Percentage of votes: 3.6 Shareholder: Vanguard Number of shares: 65 548 347 Percentage of votes: 3.3 Shareholder: Handelsbanken Funds Number of shares: 32 169 769 Percentage of votes: 1.7 Shareholder: Fidelity Number of shares: 29 919 408 Percentage of votes: 1.5 Shareholder: J. Wallanders & T. Hedelius stiftelse, T. Browaldhs stiftelse Number of shares: 28 996 000 Percentage of votes: 1.5 Shareholder: SEB Funds Number of shares: 27 287 220 Percentage of votes: 1.4 Shareholder: First Eagle Investment Management, LLC Number of shares: 20 933 302 Percentage of votes: 1.1 Shareholder: Avanza Funds Number of shares: 18 378 820 Percentage of votes: 0.9 Shareholder: Folksam Number of shares: 16 476 392 Percentage of votes: 0.8 Sharehold",2026-10-02,e515f6bb5f85008597543a85d8ed1bdb2363ebf577a24482d33effee35efad2d,http_response,,direct_ownership,,,
NICH5Q04ADUV9SN3Q390,BRED - Banque populaire,cooperative,https://api.gleif.org/api/v1/lei-records/NICH5Q04ADUV9SN3Q390,GLEIF registered legal name: BRED BANQUE POPULAIRE. Legal form: OSLZ — Société coopérative de banque populaire. Jurisdiction: FR. Entity status: ACTIVE. Register last updated: 2026-03-17T11:13:46Z.,2026-10-02,01b3a8044d9f6843087b813f68bb8e4747a606e63df635dce45276eadb93d5ed,canonical_gleif_record,https://www.gleif.org/lei-data/code-lists/iso-20275-entity-legal-forms-code-list/2026-02-19-elf-code-list-v1.6.csv,registered_bank_form,,,
NMH2KF074RKAGTH4CM63,BNP PARIBAS BANK POLSKA S.A,shareholder,https://invest.bnpparibas/en/bnp-paribas-share,"n the MTA International and on the Frankfurt Stock Exchange. Check the FAQ list Share ownership of BNP Paribas as at 30/06/2026 In % of voting rights BlackRock Inc. [footnote 1] 7.1% SFPI [footnote 2] 5.7% Grand Duchy of Luxembourg 1.2% Group FCPE [footnote 3] 3.3% Directly held by employees 0.86% (*) Individual shareholders [footnote 4] 7.3% European institutional investors [footnote 4] 42.2% Non-European institutional investors [footnote 4] 32.3% Total 100% [footnote 1] According to a statement by BlackRock dated 16th October 2025. [footnote 2] Société Fédérale de Participations et d’Investissement : a public-interest limited company (société anonyme) acting on behalf of the Belgian State. [footnote 3] TThe voting rights of the FCPE (profit-sharing scheme) are exercised, after the decision is taken by the Supervisory Board, by its Chairman. [footnote 4] Based on analyses from the SRD 2 surveys – Institutional investors excluding BlackRock. (*) Of which 0.4% for the shares referred to in article L.225-102 of the French Commercial Code to determine the threshold above which the appointment of a director representing employee shareholders must be proposed. The sum of the values indicated in the tables may differ slightly from the reported total due to rounding. History: two centuries of banking 18 October 1993 BNP shares are first listed on the Cash Settlement Market of the Paris Stock Exchange, following",2026-10-02,3a419aa6dda68549544f586fd90740947189231c15f8796c78c1fa1c02c3a61a,http_response,,reviewed_control_chain,R0MUWSFPU8MPRO8K5P83,https://api.gleif.org/api/v1/lei-records/NMH2KF074RKAGTH4CM63/ultimate-parent-relationship,25b1eeb923d52da910f95ca878b1e2bf4bb800f79a0d5ba453be2e3eccd4e34a
NNVPP80YIZGEY2314M97,ICCREA BANCA S.P.A. - ISTITUTO CENTRALE DEL CREDITO COOPERATIVO (IN FORMA ABBREVIATA: ICCREA BANCA S.P.A.),cooperative,https://www.iccreabanca.it/DocumentiBilancio/Financial/Reports%20and%20consolidated%20and%20separate%20financial%20statements%20at%20decembre%2031%2C%202025.pdf,"will be implemented in the ﬁrst half of 2026 after receiving the authorization by the ECB. 12. OTHER INFORMATION Treasury shares At December 31, 2025 the share capital of Iccrea Banca was represented by 27,125,759 ordinary shares with a par value of €51.65 each, equal to €1,401,045,452.35. Of this, 97.475%, for a nominal value of €1,365,675,945.55 is represented by 26,440,967 ordinary shares held by afﬁliated banks, which are to be considered as treasury shares Held for the purposes of the consolidated ﬁnancial statements. T h e a f ﬁ l i a t e d m u t u a l b a n k s h o l d t r e a s u r y s h a r e s f o r € 2 7 , 7 1 7 , 6 7 3 . 7 0 . T h e c o n s o l i d a t e d ﬁ n a n c i a l s t a t e m e n t s a l s o report treasury shares in the afﬁliated banks held by Group companies for a total amount of €85,640.64. The total amount of treasury shares of the afﬁliated mutual banks in the consolidated ﬁnancial statements is therefore €27,803,314.34, bringing the total treasury shares reported in the consolidated ﬁnancial statements as of December 31, 2025 to €1,393,479,260.89. No shares of the ",2026-10-02,ec53237c1abdb57da37a27ed8c43d910ff61747e0e42b131d28672f130c16597,http_response,,direct_ownership,,,
O2RNE8IBXP4R0TD8PU41,Société générale S.A.,shareholder,https://investors.societegenerale.com/fr/informations-financieres-extra-financieres/action/actionnariat,"s et extra-financières L'action Actionnariat Actionnariat Sommaire Actionnariat Répartition du capital au 31 décembre 2025Actionnaires% du capital% des droits de votesActionnariat salarié – plans d'épargne9,11 %15,86 % BlackRock, Inc7,93 %7,13 % The Capital Group Companies, Inc2,33 %2,10 %Amundi2,70 %2,43 % Caisse des Dépôts et Consignations2,22 %2,67 %BNPP AM1,43 %1,28 %Public72,72 %67,13 %Autodétention1,57 %1,41 %TOTAL100 %100 %Base de référence766 894 786 852 557 365 Déclaration de franchissement de seuil Toute déclaration est à adresser à la Direction financière – Relations Investisseurs (DFIN/INV - Tours Société Générale - 17 Cours Valmy - 92800 Paris La Défense) et à envoyer en version PDF à l’adresse suivante : investor.relations@socgen.com Extrait des statuts relatifs aux seuils statutaires en complément des seuils légaux Informations boursièresNatureAction ordinairePaysFranceValeur du nominal1,25 EUR",2026-10-02,3fca55ab375b93ab91d5a05c89d3e70b1dfe420b4bc5689bb02ebe51c383268a,http_response,,direct_ownership,,,
P4GTT6GF1W40CVIMFR43,Powszechna Kasa Oszczednosci Bank Polski S.A.,mixed,https://www.pkobp.pl/en/investor-relations/investor,"der Share in the capital % Share in the number of votes at the GSM % Address details of major shareholders Contact information for major shareholders State Treasury 367 918 980 29.43% 367 918 980 29.43% Ministerstwo Aktywów Państwowych ul. Krucza 36/Wspólna 6 00-522 Warszawa +48 22 695 86 90 sekretariatDNI@map.gov.pl www.gov.pl/web/aktywa-panstwowe Nationale-Nederlanden OFE 87 916 405 7.03% 87 916 405 7.03% Nationale-Nederlanden PTE S.A. ul. Topiel 12 00-342 Warszawa +48 22 522 00 00 info@nn.pl www.nn.pl Allianz Polska OFE 73 752 392 5.90% 73 752 392 5.90% PTE Allianz Polska S.A. ul. Rodziny Hiszpańskich 1 02-685 Warszawa +48 22 567 46 00 pte@allianz.pl www.ofeallianz.pl Other shareholders 720 412 223 57.64% 720 412 223 57.64% Total 1 250 000 000 100% 1 250 000 000 100% Dividend Dividend from profit earned in 2025 The Annual General Meeting of the Bank allocated as a dividend, from the net profit of the Bank achieved in 2025, PLN 7,675,000,000 representing PLN 6.14 gross per each share. The AGM set the following dates: the dividend date: 5 August 2026, the dividend payment date: 13 August 2026. The remainder of the profit in the amount of PLN 2,565,339,773.72 was allocated to the reserve capital for the payment of dividend, including interim divide",2026-10-02,a5c37cbf3b3141764a9faabe4a6469375f2ee7e433e74bd8f3e13415f81331f6,http_response,,direct_ownership,,,
PRNXTNXHBI0TSY1V8P17,Zagrebačka banka d.d.,shareholder,https://www.unicreditgroup.eu/en/governance/shareholders/shareholders-structure.html,"ddress): Send Back to shareholders Shareholder structure MAJOR SHAREHOLDERS* Major shareholders Ordinary shares % owned BlackRock Group 114,907,383 7.620 (1) Capital Research and Management Company 80,421,723 5.333 (2) 1) non-discretional asset management 2) discretional asset management * The table shows the information notified by the shareholders pursuant to art. 120 TUF following the update disclosed on the Consob website on 28 April 2025. The percentages here indicated are calculated on the number of shares representing the updated share capital, as shown below, which takes into account the cancellation of treasury shares registered with the Company Register on 24 February 2026. It should be noted that, in the cases provided for by the Is",2026-10-02,479112d66552ea5d53b1dc315e733fac1f875cfd4c1e7536b8d9227ce3bb5534,http_response,,reviewed_control_chain,549300TRUWO2CD2G5692,https://api.gleif.org/api/v1/lei-records/PRNXTNXHBI0TSY1V8P17/ultimate-parent-relationship,141a344af6ed7a8d2818da4bc34d6833a9be7fc36c5fbc552e96ed7e00414d13
R0MUWSFPU8MPRO8K5P83,BNP Paribas,shareholder,https://invest.bnpparibas/en/bnp-paribas-share,"n the MTA International and on the Frankfurt Stock Exchange. Check the FAQ list Share ownership of BNP Paribas as at 30/06/2026 In % of voting rights BlackRock Inc. [footnote 1] 7.1% SFPI [footnote 2] 5.7% Grand Duchy of Luxembourg 1.2% Group FCPE [footnote 3] 3.3% Directly held by employees 0.86% (*) Individual shareholders [footnote 4] 7.3% European institutional investors [footnote 4] 42.2% Non-European institutional investors [footnote 4] 32.3% Total 100% [footnote 1] According to a statement by BlackRock dated 16th October 2025. [footnote 2] Société Fédérale de Participations et d’Investissement : a public-interest limited company (société anonyme) acting on behalf of the Belgian State. [footnote 3] TThe voting rights of the FCPE (profit-sharing scheme) are exercised, after the decision is taken by the Supervisory Board, by its Chairman. [footnote 4] Based on analyses from the SRD 2 surveys – Institutional investors excluding BlackRock. (*) Of which 0.4% for the shares referred to in article L.225-102 of the French Commercial Code to determine the threshold above which the appointment of a director representing employee shareholders must be proposed. The sum of the values indicated in the tables may differ slightly from the reported total due to rounding. History: two centuries of banking 18 October 1993 BNP shares are first listed on the Cash Settlement Market of the Paris Stock Exchange, following",2026-10-02,3a419aa6dda68549544f586fd90740947189231c15f8796c78c1fa1c02c3a61a,http_response,,direct_ownership,,,
R7CQUF1DQM73HUTV1078,"Banque et Caisse d´Epargne de l´Etat, Luxembourg",public,https://api.gleif.org/api/v1/lei-records/R7CQUF1DQM73HUTV1078,"GLEIF registered legal name: Banque et Caisse d'Epargne de l'Etat, Luxembourg. Legal form: ZFFA — Etablissement public. Jurisdiction: LU. Entity status: ACTIVE. Register last updated: 2026-09-09T05:12:00Z.",2026-10-02,91dd29ff7cc23f16e5daa88b80251032bd1f7be99fd76865f6967227312642a8,canonical_gleif_record,https://www.gleif.org/lei-data/code-lists/iso-20275-entity-legal-forms-code-list/2026-02-19-elf-code-list-v1.6.csv,registered_bank_form,,,
SI5RG2M0WQQLZCXKRM20,"Banco de Sabadell, S.A.",shareholder,https://www.cnmv.es/portal/Consultas/DerechosVoto/Notificaciones-Participaciones?qS={e43ff780-aa5b-4bde-8c18-6bc594a15233}," en la pagina web CNMV: 31/07/2026 Accionistas Significativos % de derechos de voto atribuidos a las acciones % de derechos de voto a través de instrumentos financieros % de derechos de voto total Histórico de notificaciones Denominación % Total (A) % Directo % Indirecto % (B) (A+B) F.Registro Entrada CNMV Información adicional Detalle/anulaciones BLACKROCK INC. 8,367 0,000 8,367 0,076 8,443 18/06/2026 ZURICH INSURANCE GROUP LTD 4,947 0,000 4,947 0,000 4,947 24/09/2025 OTRAS NOTIFICACIONES (1) (1) En este apartado se podrán visualizar las notificaciones remitidas por partícipes significativos que han perdido tal condición y todas las notificaciones de los consejeros remitidas hasta el 2 de marzo de 2020. Esta notificación anula otras anteriores Notificación anulada Contacto Mapa web Nota legal Política de cookies Protección de datos Accesibilidad X @CNMV_MEDIOS X @CNMV_IP X@CNMV_IFI Instagram LinkedIn YouTube RSS",2026-10-02,8f998a79099d6d44b03a263ccbfc0c3efebac088e9b087de83093d7bdb8eb63d,http_response,,direct_ownership,,,
UAIAINAJ28P30E5GWE37,BGL BNP Paribas,shareholder,https://invest.bnpparibas/en/bnp-paribas-share,"n the MTA International and on the Frankfurt Stock Exchange. Check the FAQ list Share ownership of BNP Paribas as at 30/06/2026 In % of voting rights BlackRock Inc. [footnote 1] 7.1% SFPI [footnote 2] 5.7% Grand Duchy of Luxembourg 1.2% Group FCPE [footnote 3] 3.3% Directly held by employees 0.86% (*) Individual shareholders [footnote 4] 7.3% European institutional investors [footnote 4] 42.2% Non-European institutional investors [footnote 4] 32.3% Total 100% [footnote 1] According to a statement by BlackRock dated 16th October 2025. [footnote 2] Société Fédérale de Participations et d’Investissement : a public-interest limited company (société anonyme) acting on behalf of the Belgian State. [footnote 3] TThe voting rights of the FCPE (profit-sharing scheme) are exercised, after the decision is taken by the Supervisory Board, by its Chairman. [footnote 4] Based on analyses from the SRD 2 surveys – Institutional investors excluding BlackRock. (*) Of which 0.4% for the shares referred to in article L.225-102 of the French Commercial Code to determine the threshold above which the appointment of a director representing employee shareholders must be proposed. The sum of the values indicated in the tables may differ slightly from the reported total due to rounding. History: two centuries of banking 18 October 1993 BNP shares are first listed on the Cash Settlement Market of the Paris Stock Exchange, following",2026-10-02,3a419aa6dda68549544f586fd90740947189231c15f8796c78c1fa1c02c3a61a,http_response,,reviewed_control_chain,R0MUWSFPU8MPRO8K5P83,https://api.gleif.org/api/v1/lei-records/UAIAINAJ28P30E5GWE37/ultimate-parent-relationship,2521e7bbbccdd669c7bd893a910ee0b690ebb5d78d560daf3fba0deb703217b3
UI802FYJ52XDB7N4KN18,BANCA NAZIONALE DEL LAVORO S.P.A. (IN FORMA CONTRATTA BNL S.P.A.),shareholder,https://invest.bnpparibas/en/bnp-paribas-share,"n the MTA International and on the Frankfurt Stock Exchange. Check the FAQ list Share ownership of BNP Paribas as at 30/06/2026 In % of voting rights BlackRock Inc. [footnote 1] 7.1% SFPI [footnote 2] 5.7% Grand Duchy of Luxembourg 1.2% Group FCPE [footnote 3] 3.3% Directly held by employees 0.86% (*) Individual shareholders [footnote 4] 7.3% European institutional investors [footnote 4] 42.2% Non-European institutional investors [footnote 4] 32.3% Total 100% [footnote 1] According to a statement by BlackRock dated 16th October 2025. [footnote 2] Société Fédérale de Participations et d’Investissement : a public-interest limited company (société anonyme) acting on behalf of the Belgian State. [footnote 3] TThe voting rights of the FCPE (profit-sharing scheme) are exercised, after the decision is taken by the Supervisory Board, by its Chairman. [footnote 4] Based on analyses from the SRD 2 surveys – Institutional investors excluding BlackRock. (*) Of which 0.4% for the shares referred to in article L.225-102 of the French Commercial Code to determine the threshold above which the appointment of a director representing employee shareholders must be proposed. The sum of the values indicated in the tables may differ slightly from the reported total due to rounding. History: two centuries of banking 18 October 1993 BNP shares are first listed on the Cash Settlement Market of the Paris Stock Exchange, following",2026-10-02,3a419aa6dda68549544f586fd90740947189231c15f8796c78c1fa1c02c3a61a,http_response,,reviewed_control_chain,R0MUWSFPU8MPRO8K5P83,https://api.gleif.org/api/v1/lei-records/UI802FYJ52XDB7N4KN18/ultimate-parent-relationship,4800ebe6bc05da509f53adfca64b2753b4360afdf93d5938aa003b63ba9a2cfa
VDYMYTQGZZ6DU0912C88,Bayerische Landesbank,public,https://www.bayernlb.com/internet/en/blb/resp/meta_6/about_us/who_we_are/kurzportrait_2/kurzportrait_1.jsp," solutions Our asset-management companies enable our customers to choose from a wide variety of sustainable investments Our owners Free State of Bavaria (approx. 80%) Association of Bavarian Savings Banks (approx. 20%) Right where our customers need us. Germany: Munich (head office), Nuremberg, Frankfurt, Düsseldorf, Hamburg and Berlin Europe: branches in Amsterdam, London, Milan, Paris US: branch in New York City German Centre: Shanghai and Taicang Liquidity & funding BayernLB continues to ensure its capital market presence by regularly issuing benchmark bonds Capital market funding in 2025 was mainly ensured via several benchmark bonds (one senior nonpreferred, two senior preferred and four covered bonds) LCR: 181% as at Dez 2025 NSFR: 125% as at Dez 2025 BayernLB Brienner Straße 18 80333 München Phone.: ",2026-10-02,34258ae70e79eb2eb5d651f125157828f7ab037ca6bba660374ce8dcfb266a8c,http_response,,direct_ownership,,,
VWMYAEQSTOPNV0SUGU82,"Bankinter, S.A.",shareholder,https://www.cnmv.es/portal/Consultas/DerechosVoto/Notificaciones-Participaciones?qS={fae7fde6-f13b-4e05-9c35-7dc081866a53}," de voto atribuidos a las acciones % de derechos de voto a través de instrumentos financieros % de derechos de voto total Histórico de notificaciones Denominación % Total (A) % Directo % Indirecto % (B) (A+B) F.Registro Entrada CNMV Información adicional Detalle/anulaciones BANK OF AMERICA CORPORATION 0,062 0,000 0,062 3,017 3,079 02/10/2026 BLACKROCK INC. 5,031 0,000 5,031 0,879 5,910 21/07/2025 CARTIVAL, S.A. 23,186 23,186 0,000 0,005 23,191 22/12/2020 FMR LLC 3,278 0,000 3,278 0,501 3,779 09/07/2025 LAZARD ASSET MANAGEMENT 3,032 0,000 3,032 0,000 3,032 09/12/2020 MASAVEU HERRERO, FERNANDO 5,311 0,087 5,225 0,000 5,311 23/02/2015 OTRAS NOTIFICACIONES (1) (1) En este apartado se podrán visualizar las notificaciones remitidas por partícipes significativos que han perdido tal condición y todas las notificaciones de los consejeros remitidas hasta el 2 de marzo de 2020. Esta notificación anula otras anteriores Notificación anulada Contacto Mapa web Nota legal Política de cookies Protección de datos Accesibilidad X @CNMV_MEDIOS X @CNMV_IP X@CNMV_IFI Instagram LinkedIn YouTube RSS",2026-10-02,892b0b646ba812f758ceacade3910bd923ce051f020caf01fdb60d387a8cc261,http_response,,direct_ownership,,,
Y28RT6GGYJ696PMW8T44,UniCredit csoport,shareholder,https://www.unicreditgroup.eu/en/governance/shareholders/shareholders-structure.html,"ddress): Send Back to shareholders Shareholder structure MAJOR SHAREHOLDERS* Major shareholders Ordinary shares % owned BlackRock Group 114,907,383 7.620 (1) Capital Research and Management Company 80,421,723 5.333 (2) 1) non-discretional asset management 2) discretional asset management * The table shows the information notified by the shareholders pursuant to art. 120 TUF following the update disclosed on the Consob website on 28 April 2025. The percentages here indicated are calculated on the number of shares representing the updated share capital, as shown below, which takes into account the cancellation of treasury shares registered with the Company Register on 24 February 2026. It should be noted that, in the cases provided for by the Is",2026-10-02,479112d66552ea5d53b1dc315e733fac1f875cfd4c1e7536b8d9227ce3bb5534,http_response,,reviewed_control_chain,549300TRUWO2CD2G5692,https://api.gleif.org/api/v1/lei-records/Y28RT6GGYJ696PMW8T44/ultimate-parent-relationship,7d2d2c9d32950ba74dbd516a5caaa392be7c0c50816c50f7ccf31048ab5f00c5
