lei,name,country,ownership,review_status,automated_discovery_status,candidate_websites,source_url,ownership_basis,reviewed_at,follow_up
0W2PZJM8XOY22M4GG883,DekaBank Deutsche Girozentrale,Germany,public,sourced,evidence_collected,https://www.deka.de/deka-group/who-we-are/our-structure/shareholders-subsidiaries-and-holdings|https://www.deka.de|https://www.deka.de/deka-gruppe,https://www.deka.de/deka-group/who-we-are/our-structure/shareholders-subsidiaries-and-holdings,direct_ownership,2026-10-02,
0W5QHUNYV4W7GJO62R27,HYPO TIROL BANK AG,Austria,public,sourced,evidence_collected,http://www.hypotirol.com,https://www.hypotirol.com/ueber-uns/,direct_ownership,2026-10-02,
1FOLRR5RWTWWI397R131,Aktiebolaget Svensk Exportkredit,Sweden,public,sourced,evidence_collected,http://www.sek.se/,https://www.sek.se/wp-content/uploads/2026/02/Bolagsstyrningsrapport-2025.pdf,direct_ownership,2026-10-02,
2138002PVBMEHILJ1340,Mitsubishi UFJ Investor Services and Banking (Luxembourg) S.A.,Luxembourg,unknown,pending_manual_review,evidence_collected,https://www.mufg-investorservices.com,,,,"Verify bank identity and controlling owners from official governance page, annual report or register; technical failures do not establish absence of public information."
21380033CFFM2V1ZCK65,SPARKASSE (HOLDINGS) MALTA LIMITED,Malta,unknown,pending_manual_review,evidence_collected,https://www.sparkasse-bank-malta.com,,,,"Verify bank identity and controlling owners from official governance page, annual report or register; technical failures do not establish absence of public information."
2138004FIUXU3B2MR537,"Caixa Económica Montepio Geral, Caixa Económica Bancária, S.A.",Portugal,unknown,pending_manual_review,evidence_collected,https://www.bancomontepio.pt,,,,"Verify bank identity and controlling owners from official governance page, annual report or register; technical failures do not establish absence of public information."
21380057HUGFEAF25W84,NOBA Group,Sweden,unknown,pending_manual_review,website_no_ownership_passage,https://www.nordax.se/,,,,"Verify bank identity and controlling owners from official governance page, annual report or register; technical failures do not establish absence of public information."
2138005M92IEIQVEL297,AS Inbank,Estonia,unknown,pending_manual_review,website_no_ownership_passage,https://www.inbank.ee,,,,"Verify bank identity and controlling owners from official governance page, annual report or register; technical failures do not establish absence of public information."
2138005MGIT3X9ZTMP37,Rønde Sparekasse,Denmark,unknown,pending_manual_review,website_unavailable,https://www.rondespard.dk,,,,"Verify bank identity and controlling owners from official governance page, annual report or register; technical failures do not establish absence of public information."
2138007F5HA5FFJROB80,"Akciju sabiedrība ""Rietumu Banka""",Latvia,unknown,pending_manual_review,evidence_collected,http://www.rietumu.lv,,,,"Verify bank identity and controlling owners from official governance page, annual report or register; technical failures do not establish absence of public information."
2138007JGI1M5YF7FJ53,Frøs Sparekasse,Denmark,unknown,pending_manual_review,website_no_ownership_passage,https://www.sydjysksparekasse.dk/,,,,"Verify bank identity and controlling owners from official governance page, annual report or register; technical failures do not establish absence of public information."
2138007WKF5CM2EUM824,"Citfin, spořitelní družstvo",Czech,cooperative,sourced,website_unavailable,,https://api.gleif.org/api/v1/lei-records/2138007WKF5CM2EUM824,registered_bank_form,2026-10-02,
213800984CWACNBY8F31,Sparekassen for Nr. Nebel og Omegn,Denmark,unknown,pending_manual_review,website_no_ownership_passage,https://www.sparnebel.dk,,,,"Verify bank identity and controlling owners from official governance page, annual report or register; technical failures do not establish absence of public information."
2138009Y59EAR7H1UO97,"Akciju sabiedrība ""Citadele banka""",Latvia,unknown,pending_manual_review,website_no_ownership_passage,https://www.citadele.lv/,,,,"Verify bank identity and controlling owners from official governance page, annual report or register; technical failures do not establish absence of public information."
213800A1O379I6DMCU10,APS BANK P.L.C.,Malta,unknown,pending_manual_review,website_no_ownership_passage,https://www.apsbank.com.mt,,,,"Verify bank identity and controlling owners from official governance page, annual report or register; technical failures do not establish absence of public information."
213800C78WI8VFJCYR09,Sparekassen Bredebro,Denmark,unknown,pending_manual_review,website_unavailable,https://www.sparekassenbredebro.dk,,,,"Verify bank identity and controlling owners from official governance page, annual report or register; technical failures do not establish absence of public information."
213800CBW4NPFP73ZK64,ANCORIA INVESTMENTS PLC,Cyprus,unknown,pending_manual_review,evidence_collected,https://www.ancoriabank.com,,,,"Verify bank identity and controlling owners from official governance page, annual report or register; technical failures do not establish absence of public information."
213800CQ92347ZCS9V73,"ATLÂNTICO EUROPA, SGPS, SA",Portugal,unknown,pending_manual_review,website_no_ownership_passage,https://www.atlantico.eu,,,,"Verify bank identity and controlling owners from official governance page, annual report or register; technical failures do not establish absence of public information."
213800DBQIB6VBNU5C64,Alpha Bank S.A.,Greece,unknown,pending_manual_review,evidence_collected,https://www.alpha.gr/,,,,"Verify bank identity and controlling owners from official governance page, annual report or register; technical failures do not establish absence of public information."
213800GO21RWIB6O9Q29,Middelfart Sparekasse,Denmark,unknown,pending_manual_review,website_no_ownership_passage,http://www.midspar.dk,,,,"Verify bank identity and controlling owners from official governance page, annual report or register; technical failures do not establish absence of public information."
213800HDJ876ACJXXD05,AIKGROUP (CY) LIMITED,Cyprus,unknown,pending_manual_review,website_no_ownership_passage,https://www.aikbanka.rs,,,,"Verify bank identity and controlling owners from official governance page, annual report or register; technical failures do not establish absence of public information."
213800JF3JFF6MMR2P36,Fynske Bank A/S,Denmark,unknown,pending_manual_review,website_no_ownership_passage,https://www.fynskebank.dk/,,,,"Verify bank identity and controlling owners from official governance page, annual report or register; technical failures do not establish absence of public information."
213800KGF4EFNUQKAT69,EUROBANK S.A.,Greece,unknown,pending_manual_review,evidence_collected,https://www.eurobank.gr,,,,"Verify bank identity and controlling owners from official governance page, annual report or register; technical failures do not establish absence of public information."
213800KOJ5JSZ6ID2R91,Sparekassen Balling,Denmark,unknown,pending_manual_review,website_unavailable,https://www.balling-sparekasse.dk,,,,"Verify bank identity and controlling owners from official governance page, annual report or register; technical failures do not establish absence of public information."
213800KYUPNOQPAQL758,BANCO DE INVESTIMENTO GLOBAL S.A.,Portugal,shareholder,sourced,evidence_collected,https://www.big.pt,https://www.big.pt/pdf/Relatorios/Annual_report_2025.pdf,direct_ownership,2026-10-02,
213800M7T3CYVZ3ZRT12,Sparebanken Norge,Norway,unknown,pending_manual_review,website_no_ownership_passage,https://www.spv.no/,,,,"Verify bank identity and controlling owners from official governance page, annual report or register; technical failures do not establish absence of public information."
213800MLL4APN9UP1J53,Rise Sparekasse,Denmark,unknown,pending_manual_review,website_unavailable,https://www.risesparekasse.dk,,,,"Verify bank identity and controlling owners from official governance page, annual report or register; technical failures do not establish absence of public information."
213800P1P13ABO5R9V78,Societe Generale Bank - Cyprus Ltd,Cyprus,unknown,pending_manual_review,website_no_ownership_passage,https://www.sgcyprus.com,,,,"Verify bank identity and controlling owners from official governance page, annual report or register; technical failures do not establish absence of public information."
213800RENLNKMWZV8767,Lollands Bank A/S,Denmark,unknown,pending_manual_review,evidence_collected,https://www.lollandsbank.dk/,,,,"Verify bank identity and controlling owners from official governance page, annual report or register; technical failures do not establish absence of public information."
213800RZWHE5EUX9R444,Luminor Holding AS,Estonia,unknown,pending_manual_review,website_unavailable,https://www.luminor.ee,,,,"Verify bank identity and controlling owners from official governance page, annual report or register; technical failures do not establish absence of public information."
213800TC9PZRBHMJW403,MDB Group Limited,Malta,unknown,pending_manual_review,evidence_collected,https://www.medirect.com.mt,,,,"Verify bank identity and controlling owners from official governance page, annual report or register; technical failures do not establish absence of public information."
213800TKOS7J5UA3ZI07,EUROPE ARAB BANK SA,France,unknown,pending_manual_review,website_no_ownership_passage,https://www.eabplc.com,,,,"Verify bank identity and controlling owners from official governance page, annual report or register; technical failures do not establish absence of public information."
213800UIIZ6YSEQB5S26,Clearstream Fund Centre Holding S.A.,Luxembourg,unknown,pending_manual_review,evidence_collected,https://www.clearstream.com,,,,"Verify bank identity and controlling owners from official governance page, annual report or register; technical failures do not establish absence of public information."
213800UK7516IBWZO445,Borbjerg Sparekasse,Denmark,unknown,pending_manual_review,website_unavailable,https://www.borbjerg-sparekasse.dk,,,,"Verify bank identity and controlling owners from official governance page, annual report or register; technical failures do not establish absence of public information."
213800UYAHIRLZ4NSN67,Lån & Spar Bank A/S,Denmark,unknown,pending_manual_review,website_no_ownership_passage,https://www.lsb.dk,,,,"Verify bank identity and controlling owners from official governance page, annual report or register; technical failures do not establish absence of public information."
213800X3Q9LSAKRUWY91,KBC Groupe,Belgium,unknown,pending_manual_review,evidence_collected,https://www.kbc.com/,,,,"Verify bank identity and controlling owners from official governance page, annual report or register; technical failures do not establish absence of public information."
213800ZOI1EW481WPV90,FCM Bank Ltd,Malta,unknown,pending_manual_review,website_no_ownership_passage,https://www.fcmbank.com.mt,,,,"Verify bank identity and controlling owners from official governance page, annual report or register; technical failures do not establish absence of public information."
22210058UCKT3BJTCN24,OTP Luxembourg S.à r.l.,Luxembourg,unknown,pending_manual_review,evidence_collected,https://www.otpbank.lu,,,,"Verify bank identity and controlling owners from official governance page, annual report or register; technical failures do not establish absence of public information."
222100PG81CES7H3HZ28,Aneto S.à r.l.,Luxembourg,unknown,pending_manual_review,website_no_ownership_passage,https://www.banquehavilland.com,,,,"Verify bank identity and controlling owners from official governance page, annual report or register; technical failures do not establish absence of public information."
222100V03Y766EM5TZ83,Brown Brothers Harriman (Luxembourg) S.C.A.,Luxembourg,shareholder,sourced,evidence_collected,https://www.bbh.com,https://www.bbh.com/content/dam/bbh/external/www/firmwide/annual-report/2025-annual-report/2026-11351735913-FW-2025%20Annual%20Report-final%20PUB.access.pdf,reviewed_control_chain,2026-10-02,
2534005A84927EKSR789,Signet Bank AS,Latvia,unknown,pending_manual_review,website_no_ownership_passage,https://signetbank.com/,,,,"Verify bank identity and controlling owners from official governance page, annual report or register; technical failures do not establish absence of public information."
254900RNFMDM0P11YR84,Atlantic Lux HoldCo S.à r.l.,Luxembourg,unknown,pending_manual_review,website_no_ownership_passage,https://www.ablv.com,,,,"Verify bank identity and controlling owners from official governance page, annual report or register; technical failures do not establish absence of public information."
254900WR3I1Z9NPC7D84,Kvika banki hf.,Iceland,unknown,pending_manual_review,website_no_ownership_passage,https://www.kvika.is,,,,"Verify bank identity and controlling owners from official governance page, annual report or register; technical failures do not establish absence of public information."
2594000ZNGGQZXZKXH36,VELOBANK SA,Poland,unknown,pending_manual_review,evidence_collected,https://www.velobank.pl,,,,"Verify bank identity and controlling owners from official governance page, annual report or register; technical failures do not establish absence of public information."
259400BILZFH923Q1N56,WARMINSKO - MAZURSKI BANK SPOLDZIELCZY,Poland,cooperative,sourced,website_unavailable,,https://api.gleif.org/api/v1/lei-records/259400BILZFH923Q1N56,registered_bank_form,2026-10-02,
259400DAAAR5M4A6SI23,Bank Pocztowy S.A.,Poland,unknown,pending_manual_review,website_no_ownership_passage,https://www.pocztowy.pl,,,,"Verify bank identity and controlling owners from official governance page, annual report or register; technical failures do not establish absence of public information."
259400DZXF7UJKK2AY35,mBank S.A.,Poland,unknown,pending_manual_review,website_no_ownership_passage,https://mbank.pl,,,,"Verify bank identity and controlling owners from official governance page, annual report or register; technical failures do not establish absence of public information."
259400GZKACLCASLRW25,KRAKOWSKI BANK SPOLDZIELCZY,Poland,cooperative,sourced,website_unavailable,,https://api.gleif.org/api/v1/lei-records/259400GZKACLCASLRW25,registered_bank_form,2026-10-02,
259400L03ZTD1W99FZ91,BANK SPOLDZIELCZY W BRODNICY,Poland,cooperative,sourced,website_unavailable,,https://api.gleif.org/api/v1/lei-records/259400L03ZTD1W99FZ91,registered_bank_form,2026-10-02,
259400LGXW3K0GDAG361,Santander Bank Polska S.A.,Poland,unknown,pending_manual_review,evidence_collected,https://www.erste.pl/,,,,"Verify bank identity and controlling owners from official governance page, annual report or register; technical failures do not establish absence of public information."
259400OFDZ9KPZEO8K78,BANK MILLENNIUM SA,Poland,unknown,pending_manual_review,website_no_ownership_passage,https://www.bankmillennium.pl/,,,,"Verify bank identity and controlling owners from official governance page, annual report or register; technical failures do not establish absence of public information."
259400P9KF07OP2K5P83,SGB-Bank S.A.,Poland,unknown,pending_manual_review,website_no_ownership_passage,https://www.sgb.pl,,,,"Verify bank identity and controlling owners from official governance page, annual report or register; technical failures do not establish absence of public information."
259400QHDOZWMJ103294,ALIOR BANK S.A.,Poland,unknown,pending_manual_review,evidence_collected,https://www.aliorbank.pl|https://www.aliorbank.pl/en/|https://www.aliorbank.pl/oferta-dla-ukrainy/nasza-propozicia-ukr/nasza-propozicia.html,,,,"Verify bank identity and controlling owners from official governance page, annual report or register; technical failures do not establish absence of public information."
259400WNAOMT2E4OIS38,NEST BANK S.A.,Poland,unknown,pending_manual_review,website_no_ownership_passage,https://www.nestbank.pl,,,,"Verify bank identity and controlling owners from official governance page, annual report or register; technical failures do not establish absence of public information."
259400YLRTOBISHBVX41,ING Bank Slaski S.A.,Poland,shareholder,sourced,website_no_ownership_passage,https://ing.pl,https://ing.com/investors/share-information/shares,reviewed_control_chain,2026-10-02,
2G5BKIC2CB69PRJH1W31,Barclays Bank Ireland plc,Ireland,unknown,pending_manual_review,website_unavailable,https://www.barclays.ie,,,,"Verify bank identity and controlling owners from official governance page, annual report or register; technical failures do not establish absence of public information."
2W8N8UU78PMDQKZENC08,Intesa Sanpaolo S.p.A.,Italy,shareholder,sourced,evidence_collected,https://www.intesasanpaolo.com/,https://group.intesasanpaolo.com/en/governance/shareholder-base,direct_ownership,2026-10-02,
2ZCNRR8UK83OBTEK2170,UniCredit Bank GmbH,Germany,shareholder,sourced,evidence_collected,https://www.hypovereinsbank.de,https://www.unicreditgroup.eu/en/governance/shareholders/shareholders-structure.html,reviewed_control_chain,2026-10-02,
31570010000000004460,Raiffeisenbank a.s.,Czech,cooperative,sourced,evidence_collected,https://www.rb.cz/,https://www.rb.cz/attachments/vyrocni-zpravy/Raiffeisenbank_a_s_Annual_Financial_Report_2025_EN.pdf,direct_ownership,2026-10-02,
31570014BNQ1Q99CNQ35,PPF Financial Holdings AS,Czech,unknown,pending_manual_review,website_no_ownership_passage,https://www.ppf.eu,,,,"Verify bank identity and controlling owners from official governance page, annual report or register; technical failures do not establish absence of public information."
3157002JBFAI478MD587,"Tatra banka, a.s.",Slovakia,cooperative,sourced,website_unavailable,https://www.tatrabanka.sk/en/personal/|https://www.tatrabanka.sk/sk/personal/,https://www.rbinternational.com/en/raiffeisen/rbi-group/about-us.html,reviewed_control_chain,2026-10-02,
3157006K4C7PJT790450,BANCA CENTRALA COOPERATISTA CREDITCOOP,Romania,cooperative,sourced,evidence_collected,https://www.creditcoop.ro/,https://api.gleif.org/api/v1/lei-records/3157006K4C7PJT790450,registered_bank_form,2026-10-02,
315700E9POA724IWFP59,J&amp;T FINANCE GROUP SE,Czech,unknown,pending_manual_review,website_no_ownership_passage,http://www.jtfg.com/,,,,"Verify bank identity and controlling owners from official governance page, annual report or register; technical failures do not establish absence of public information."
315700K45LRKNGMUIW27,"Prima banka Slovensko, a.s.",Slovakia,unknown,pending_manual_review,evidence_collected,https://www.primabanka.sk/,,,,"Verify bank identity and controlling owners from official governance page, annual report or register; technical failures do not establish absence of public information."
39120001JPAYYPDRNN92,Deutsche Bausparkasse Badenia Aktiengesellschaft,Germany,unknown,pending_manual_review,evidence_collected,http://www.badenia.de,,,,"Verify bank identity and controlling owners from official governance page, annual report or register; technical failures do not establish absence of public information."
391200EEGLNXBBCVKC73,Erwerbsgesellschaft der S-Finanzgruppe mbH & Co. KG,Germany,unknown,pending_manual_review,website_unavailable,https://www.s-finanzgruppe.de,,,,"Verify bank identity and controlling owners from official governance page, annual report or register; technical failures do not establish absence of public information."
3DM5DPGI3W6OU6GJ4N92,BANCO BPI S.A.,Portugal,unknown,pending_manual_review,website_no_ownership_passage,https://www.bancobpi.pt|https://www.bancobpi.pt/,,,,"Verify bank identity and controlling owners from official governance page, annual report or register; technical failures do not establish absence of public information."
3H0Q3U74FVFED2SHZT16,MBH bankcsoport,Hungary,unknown,pending_manual_review,website_unavailable,https://www.mbhbank.hu,,,,"Verify bank identity and controlling owners from official governance page, annual report or register; technical failures do not establish absence of public information."
3M5E1GQGKL17HI6CPN30,Jyske Bank A/S,Denmark,unknown,pending_manual_review,website_no_ownership_passage,http://www.jyskebank.dk/,,,,"Verify bank identity and controlling owners from official governance page, annual report or register; technical failures do not establish absence of public information."
3TK20IVIUJ8J3ZU0QE75,ING Bank N.V.,Netherlands,unknown,pending_manual_review,website_no_ownership_passage,https://www.ing.nl/|https://www.ing.be/nl,,,,"Verify bank identity and controlling owners from official governance page, annual report or register; technical failures do not establish absence of public information."
485100FX5Y9YLAQLNP12,Revolut Holdings Europe UAB,Lithuania,unknown,pending_manual_review,website_no_ownership_passage,https://www.revolut.com,,,,"Verify bank identity and controlling owners from official governance page, annual report or register; technical failures do not establish absence of public information."
5299000F1CGJQ8NAXQ58,MERKANTI BANK LTD,Malta,unknown,pending_manual_review,website_unavailable,https://www.merkantibank.com,,,,"Verify bank identity and controlling owners from official governance page, annual report or register; technical failures do not establish absence of public information."
5299000PCY1EP8QJFV48,United Bulgarian Bank AD,Bulgaria,unknown,pending_manual_review,evidence_collected,https://www.ubb.bg,,,,"Verify bank identity and controlling owners from official governance page, annual report or register; technical failures do not establish absence of public information."
5299000R7WZOVIFHLN21,BFS SozialFinanz AG,Germany,unknown,pending_manual_review,evidence_collected,https://www.sozialfinanz.de/,,,,"Verify bank identity and controlling owners from official governance page, annual report or register; technical failures do not establish absence of public information."
5299001ADI8FLGT0GU28,Sparkasse KölnBonn,Germany,public,sourced,website_no_ownership_passage,https://www.sparkasse-koelnbonn.de,https://api.gleif.org/api/v1/lei-records/5299001ADI8FLGT0GU28,registered_bank_form,2026-10-02,
5299001PEMDU9N24CH60,DELAVSKA HRANILNICA d.d. LJUBLJANA,Slovenia,unknown,pending_manual_review,website_no_ownership_passage,https://www.delavska-hranilnica.si,,,,"Verify bank identity and controlling owners from official governance page, annual report or register; technical failures do not establish absence of public information."
52990026HQOTT4AJP655,GLS Gemeinschaftsbank e.G.,Germany,cooperative,sourced,evidence_collected,https://www.gls.de/,https://api.gleif.org/api/v1/lei-records/52990026HQOTT4AJP655,registered_bank_form,2026-10-02,
5299002GPCR602QYJC04,KfW Beteiligungsholding GmbH,Germany,public,sourced,website_no_ownership_passage,https://www.kfw.de,https://api.gleif.org/api/v1/lei-records/549300GDPG70E3MBBU98,reviewed_control_chain,2026-10-02,
52990033C5FUEN4LMC06,BANCA POPOLARE DELL'ALTO ADIGE SOCIETA' PER AZIONI (IN TEDESCO SUDTIROLER VOLKSBANK A.G.),Italy,unknown,pending_manual_review,evidence_collected,https://www.volksbank.it,,,,"Verify bank identity and controlling owners from official governance page, annual report or register; technical failures do not establish absence of public information."
5299003ATVTQVPTW4735,BTV Vier Länder Bank AG,Austria,unknown,pending_manual_review,evidence_collected,https://www.btv.at,,,,"Verify bank identity and controlling owners from official governance page, annual report or register; technical failures do not establish absence of public information."
52990045V2BWJN669Q34,Wüstenrot Wohnungswirtschaft registrierte Genossenschaft mit beschränkter Haftung,Austria,unknown,pending_manual_review,evidence_collected,https://www.wuestenrot.at,,,,"Verify bank identity and controlling owners from official governance page, annual report or register; technical failures do not establish absence of public information."
5299004R4U60UMXLSE36,Sparkasse Karlsruhe,Germany,public,sourced,website_no_ownership_passage,https://www.sparkasse-karlsruhe.de,https://api.gleif.org/api/v1/lei-records/5299004R4U60UMXLSE36,registered_bank_form,2026-10-02,
5299005743YY767PR386,Dragsholm Sparekasse,Denmark,unknown,pending_manual_review,website_no_ownership_passage,https://www.dragsholmsparekasse.dk,,,,"Verify bank identity and controlling owners from official governance page, annual report or register; technical failures do not establish absence of public information."
5299005OACOC1C1OFJ11,Raiffeisen-Landesbank Tirol AG,Austria,unknown,pending_manual_review,website_unavailable,https://www.rlbt.at,,,,"Verify bank identity and controlling owners from official governance page, annual report or register; technical failures do not establish absence of public information."
5299005UJX6K7BQKV086,OTP banka d.d.,Croatia,shareholder,sourced,website_unavailable,https://www.otpbanka.hr,https://www.otpgroup.info/investor-relations/shares/ownership-structure,reviewed_control_chain,2026-10-02,
52990061592SQLEJN964,Volksbank Mittelhessen eG,Germany,cooperative,sourced,website_no_ownership_passage,https://www.vb-mittelhessen.de/,https://api.gleif.org/api/v1/lei-records/52990061592SQLEJN964,registered_bank_form,2026-10-02,
5299007QVIQ7IO64NX37,UBS Europe SE,Germany,unknown,pending_manual_review,evidence_collected,https://www.ubs.com,,,,"Verify bank identity and controlling owners from official governance page, annual report or register; technical failures do not establish absence of public information."
5299007S3UH5RKUYDA52,DEUTSCHE APOTHEKER- UND ÄRZTEBANK EG,Germany,cooperative,sourced,evidence_collected,https://www.apobank.de,https://api.gleif.org/api/v1/lei-records/5299007S3UH5RKUYDA52,registered_bank_form,2026-10-02,
52990089LBIKLBM8YB23,VR Bank Nord eG,Germany,cooperative,sourced,evidence_collected,https://www.vrbanknord.de,https://api.gleif.org/api/v1/lei-records/52990089LBIKLBM8YB23,registered_bank_form,2026-10-02,
5299008FEH4GQXGZNP50,"BANCO CTT, S.A.",Portugal,unknown,pending_manual_review,website_no_ownership_passage,https://www.bancoctt.pt,,,,"Verify bank identity and controlling owners from official governance page, annual report or register; technical failures do not establish absence of public information."
5299008I0TO44SUINZ71,Oldenburgische Landesbank Aktiengesellschaft,Germany,unknown,pending_manual_review,website_no_ownership_passage,https://www.olb.de/,,,,"Verify bank identity and controlling owners from official governance page, annual report or register; technical failures do not establish absence of public information."
52990093INYLJNWHQ228,Volksbank eG - Die Gestalterbank,Germany,cooperative,sourced,evidence_collected,http://www.voba-sbh.de/,https://api.gleif.org/api/v1/lei-records/52990093INYLJNWHQ228,registered_bank_form,2026-10-02,
52990096Q5LMCH1WU462,"Československá obchodná banka, a.s.",Slovakia,unknown,pending_manual_review,website_no_ownership_passage,https://www.csob.sk,,,,"Verify bank identity and controlling owners from official governance page, annual report or register; technical failures do not establish absence of public information."
5299009EHB4RBGMI5828,Raiffeisen Landesbank Kärnten und Revisionsverband eGen,Austria,cooperative,sourced,website_unavailable,,https://api.gleif.org/api/v1/lei-records/5299009EHB4RBGMI5828,registered_bank_form,2026-10-02,
529900AVGYYBVL1VNQ03,Kreditbanken A/S,Denmark,unknown,pending_manual_review,website_unavailable,https://www.kreditbanken.dk/,,,,"Verify bank identity and controlling owners from official governance page, annual report or register; technical failures do not establish absence of public information."
529900B4OR3PD4V3AQ57,Finanzholding der Sparkasse in Bremen,Germany,public,sourced,website_unavailable,,https://api.gleif.org/api/v1/lei-records/529900B4OR3PD4V3AQ57,registered_bank_form,2026-10-02,
529900B91AUH0YTEXN10,National-Bank Aktiengesellschaft,Germany,shareholder,sourced,evidence_collected,http://www.national-bank.de/,https://www.national-bank.de/fileadmin/user_upload/Unsere_Bank/berichte/geschaeftsbericht/Geschaeftsbericht_2025.pdf,direct_ownership,2026-10-02,
529900BHRYZ464GFD289,GRENKE AG,Germany,unknown,pending_manual_review,evidence_collected,http://www.grenke.de,,,,"Verify bank identity and controlling owners from official governance page, annual report or register; technical failures do not establish absence of public information."
529900BI5KIGX6YLX375,Oberösterreichische Landesbank Aktiengesellschaft,Austria,public,sourced,evidence_collected,http://www.hypo.at/,https://www.hypo.at/de/die-bank/aktionaersstruktur.html,direct_ownership,2026-10-02,
529900BIK4WRWS06MR52,Varengold Bank AG,Germany,unknown,pending_manual_review,evidence_collected,https://www.varengold.de/,,,,"Verify bank identity and controlling owners from official governance page, annual report or register; technical failures do not establish absence of public information."
529900C3SHT3Q94H3W82,Bank11 Holding GmbH,Germany,unknown,pending_manual_review,website_no_ownership_passage,https://www.bank11.de,,,,"Verify bank identity and controlling owners from official governance page, annual report or register; technical failures do not establish absence of public information."
529900C9OP6Y0DPYSK11,VR Bank RheinAhrEifel eG,Germany,cooperative,sourced,evidence_collected,https://www.vr-rheinahreifel.de/startseite.html,https://api.gleif.org/api/v1/lei-records/529900C9OP6Y0DPYSK11,registered_bank_form,2026-10-02,
529900CJAJ0HDPPKUI53,Nassauische Sparkasse,Germany,public,sourced,website_no_ownership_passage,http://www.naspa.de/,https://api.gleif.org/api/v1/lei-records/529900CJAJ0HDPPKUI53,registered_bank_form,2026-10-02,
529900D5G4V6THXC5P79,Hrvatska poštanska banka d.d.,Croatia,unknown,pending_manual_review,website_no_ownership_passage,https://www.hpb.hr,,,,"Verify bank identity and controlling owners from official governance page, annual report or register; technical failures do not establish absence of public information."
529900DEAYRUPP22B339,Mercedes-Benz Bank AG,Germany,unknown,pending_manual_review,website_no_ownership_passage,https://www.mercedes-benz-bank.de,,,,"Verify bank identity and controlling owners from official governance page, annual report or register; technical failures do not establish absence of public information."
529900DPOQPLDSF3R482,Kaiser Partner Privatbank AG,Liechtenstein,unknown,pending_manual_review,website_no_ownership_passage,https://www.kaiserpartner.bank,,,,"Verify bank identity and controlling owners from official governance page, annual report or register; technical failures do not establish absence of public information."
529900DSIVJWCUQUMP41,AKA Ausfuhrkredit-Gesellschaft mit beschränkter Haftung,Germany,unknown,pending_manual_review,evidence_collected,https://www.akabank.de/,,,,"Verify bank identity and controlling owners from official governance page, annual report or register; technical failures do not establish absence of public information."
529900DXTOU2U9IZDY54,meine Volksbank Raiffeisenbank eG,Germany,cooperative,sourced,evidence_collected,https://www.vb-rb.de,https://api.gleif.org/api/v1/lei-records/529900DXTOU2U9IZDY54,registered_bank_form,2026-10-02,
529900E0WY09Z3H21393,VR Bank Rhein-Neckar eG,Germany,cooperative,sourced,evidence_collected,http://www.vrbank.de/,https://api.gleif.org/api/v1/lei-records/529900E0WY09Z3H21393,registered_bank_form,2026-10-02,
529900EKPN8EYA3AX590,Texim Bank AD,Bulgaria,unknown,pending_manual_review,website_no_ownership_passage,https://www.teximbank.bg,,,,"Verify bank identity and controlling owners from official governance page, annual report or register; technical failures do not establish absence of public information."
529900EM0ZU25V87GD50,ALTE LEIPZIGER Bauspar AG,Germany,mutual,sourced,website_no_ownership_passage,https://www.alte-leipziger.de,https://api.gleif.org/api/v1/lei-records/529900INDQW49BWR5028,reviewed_control_chain,2026-10-02,
529900FEID5L4H2T2L70,Raiffeisen Landesbank Vorarlberg mit Revisionsverband eGen,Austria,unknown,pending_manual_review,evidence_collected,https://www.raiffeisen.at/vorarlberg/rlb,,,,"Verify bank identity and controlling owners from official governance page, annual report or register; technical failures do not establish absence of public information."
529900FU4WJ2XT7BVE31,LBS Landesbausparkasse Süd,Germany,public,sourced,website_unavailable,,https://api.gleif.org/api/v1/lei-records/529900FU4WJ2XT7BVE31,registered_bank_form,2026-10-02,
529900FZWXWNKF3O8394,Sparekassen Thy,Denmark,unknown,pending_manual_review,website_no_ownership_passage,https://www.sparthy.dk,,,,"Verify bank identity and controlling owners from official governance page, annual report or register; technical failures do not establish absence of public information."
529900GGYMNGRQTDOO93,BNG Bank N.V.,Netherlands,unknown,pending_manual_review,website_unavailable,http://www.bng.nl,,,,"Verify bank identity and controlling owners from official governance page, annual report or register; technical failures do not establish absence of public information."
529900GM944JT8YIRL63,Münchener Hypothekenbank eG,Germany,cooperative,sourced,evidence_collected,http://www.muenchenerhyp.de/,https://api.gleif.org/api/v1/lei-records/529900GM944JT8YIRL63,registered_bank_form,2026-10-02,
529900HC4LDSGK0NCJ85,LBS Landesbausparkasse NordWest,Germany,public,sourced,website_unavailable,,https://api.gleif.org/api/v1/lei-records/529900HC4LDSGK0NCJ85,registered_bank_form,2026-10-02,
529900HEKOENJHPNN480,Kuntarahoitus Oyj,Finland,public,sourced,evidence_collected,https://www.kuntarahoitus.fi/en/about-us/corporate-governance/shares-and-shareholders,https://www.kuntarahoitus.fi/en/about-us/corporate-governance/shares-and-shareholders,direct_ownership,2026-10-02,
529900HNOAA1KXQJUQ27,"DZ BANK AG Deutsche Zentral-Genossenschaftsbank, Frankfurt am Main",Germany,cooperative,sourced,evidence_collected,https://www.dzbank.com/content/dzbank/en/home/dz-bank/profile.html|https://www.dzbank.com|https://www.dzbank.de/,https://www.dzbank.com/content/dzbank/en/home/dz-bank/profile.html,direct_ownership,2026-10-02,
529900I1UZV70CZRAU55,Raiffeisenbank Austria d.d.,Croatia,cooperative,sourced,website_no_ownership_passage,https://www.rba.hr,https://www.rbinternational.com/en/raiffeisen/rbi-group/about-us.html,reviewed_control_chain,2026-10-02,
529900IRBZTADXJB6757,flatexDEGIRO AG,Germany,unknown,pending_manual_review,website_unavailable,https://flatexdegiro.com/,,,,"Verify bank identity and controlling owners from official governance page, annual report or register; technical failures do not establish absence of public information."
529900J35NSHS856UA68,Sparekassen Kronjylland,Denmark,unknown,pending_manual_review,website_no_ownership_passage,https://www.sparkron.dk/,,,,"Verify bank identity and controlling owners from official governance page, annual report or register; technical failures do not establish absence of public information."
529900JCAE554QUYE140,Sparkasse Westmünsterland,Germany,public,sourced,website_no_ownership_passage,https://www.sparkasse-westmuensterland.de,https://api.gleif.org/api/v1/lei-records/529900JCAE554QUYE140,registered_bank_form,2026-10-02,
529900JG015JC10LED24,AS LHV Group,Estonia,shareholder,sourced,evidence_collected,https://www.lhv.ee,https://www.lhv.ee/assets/files/investor/LHV_Pank_Annual_Report_2025-EN.pdf,direct_ownership,2026-10-02,
529900JRKG8AEYL65326,VR Bank Heilbronn Schwäbisch Hall eG,Germany,cooperative,sourced,evidence_collected,http://www.vrbank-hsh.de,https://api.gleif.org/api/v1/lei-records/529900JRKG8AEYL65326,registered_bank_form,2026-10-02,
529900JZTYE3W7WQH904,HASPA Finanzholding,Germany,unknown,pending_manual_review,evidence_collected,https://www.haspa-finanzholding.de,,,,"Verify bank identity and controlling owners from official governance page, annual report or register; technical failures do not establish absence of public information."
529900JZXXU699FCKK89,Bausparkasse Schwäbisch Hall Aktiengesellschaft - Bausparkasse der Volksbanken und Raiffeisenbanken,Germany,cooperative,sourced,evidence_collected,https://www.schwaebisch-hall.de/,https://www.schwaebisch-hall.de/unternehmen/welcome/about-us.html,direct_ownership,2026-10-02,
529900K16YGKC8BES892,Deutsche Kreditbank Aktiengesellschaft,Germany,public,sourced,evidence_collected,https://www.dkb.de,https://www.bayernlb.com/internet/en/blb/resp/meta_6/about_us/who_we_are/kurzportrait_2/kurzportrait_1.jsp,reviewed_control_chain,2026-10-02,
529900KRVTRP5RWP9K95,Santander Consumer Holding GmbH,Germany,shareholder,sourced,evidence_collected,https://www.santander.de,https://www.santander.com/en/shareholders-and-investors/santander-share/share-capital-distribution,reviewed_control_chain,2026-10-02,
529900L89TGSPV9OU151,Porsche Bank Aktiengesellschaft,Austria,unknown,pending_manual_review,website_no_ownership_passage,https://www.porschebank.at,,,,"Verify bank identity and controlling owners from official governance page, annual report or register; technical failures do not establish absence of public information."
529900LIZVBUANJ20E31,BBBank eG,Germany,cooperative,sourced,evidence_collected,https://www.bbbank.de/,https://api.gleif.org/api/v1/lei-records/529900LIZVBUANJ20E31,registered_bank_form,2026-10-02,
529900LKIMB57HKF3545,Bank of China (Europe) S.A,Luxembourg,unknown,pending_manual_review,website_no_ownership_passage,https://www.bankofchina.com/lu,,,,"Verify bank identity and controlling owners from official governance page, annual report or register; technical failures do not establish absence of public information."
529900LU7D396TOO3B50,Raiffeisenverband Salzburg eGen,Austria,cooperative,sourced,website_unavailable,,https://api.gleif.org/api/v1/lei-records/529900LU7D396TOO3B50,registered_bank_form,2026-10-02,
529900MQJIQGD8N3YV53,Hannoversche Volksbank eG,Germany,cooperative,sourced,evidence_collected,https://www.hannoversche-volksbank.de,https://api.gleif.org/api/v1/lei-records/529900MQJIQGD8N3YV53,registered_bank_form,2026-10-02,
529900NJYUGRO908KV84,ALLIANZ BULGARIA HOLDING,Bulgaria,unknown,pending_manual_review,evidence_collected,https://www.allianz.bg,,,,"Verify bank identity and controlling owners from official governance page, annual report or register; technical failures do not establish absence of public information."
529900NNQW9IAE32GQ07,GRAWE-Vermögensverwaltung,Austria,unknown,pending_manual_review,website_no_ownership_passage,https://www.grawe.at,,,,"Verify bank identity and controlling owners from official governance page, annual report or register; technical failures do not establish absence of public information."
529900ODI3047E2LIV03,Nordea Bank Abp,Finland,shareholder,sourced,evidence_collected,https://www.nordea.fi/|https://www.nordea.dk/|https://www.nordea.se/|https://www.nordea.no/|https://www.nordea.com/,https://www.nordea.com/en/investors/largest-shareholders,direct_ownership,2026-10-02,
529900OE1FOAM50XLP72,Liechtensteinische Landesbank AG,Liechtenstein,public,sourced,evidence_collected,https://www.llb.li,https://llb.li/en/llb/about-us/our-structure/governance,direct_ownership,2026-10-02,
529900OKPZTTS50FXP26,Advanzia Bank S.A.,Luxembourg,unknown,pending_manual_review,website_no_ownership_passage,https://www.advanzia.com/,,,,"Verify bank identity and controlling owners from official governance page, annual report or register; technical failures do not establish absence of public information."
529900OLW8QPFMTBDC23,Neue Bank AG,Liechtenstein,unknown,pending_manual_review,website_no_ownership_passage,https://www.neuebankag.li,,,,"Verify bank identity and controlling owners from official governance page, annual report or register; technical failures do not establish absence of public information."
529900P8BY9HZTZ82T70,Volksbank Kraichgau eG,Germany,cooperative,sourced,website_no_ownership_passage,http://www.vbkraichgau.de/,https://api.gleif.org/api/v1/lei-records/529900P8BY9HZTZ82T70,registered_bank_form,2026-10-02,
529900PR2ELW8QI1B775,DLR Kredit A/S,Denmark,unknown,pending_manual_review,website_unavailable,http://https//dlr.dk/,,,,"Verify bank identity and controlling owners from official governance page, annual report or register; technical failures do not establish absence of public information."
529900PUK9IU39VCWK54,Volksbank in Ostwestfalen eG,Germany,cooperative,sourced,website_no_ownership_passage,http://www.volksbank-bi-gt.de,https://api.gleif.org/api/v1/lei-records/529900PUK9IU39VCWK54,registered_bank_form,2026-10-02,
529900Q2C3I7VCILLG45,FIMBank plc,Malta,unknown,pending_manual_review,evidence_collected,https://www.fimbank.com,,,,"Verify bank identity and controlling owners from official governance page, annual report or register; technical failures do not establish absence of public information."
529900QYEJ2GYSWK1F08,RLB-Stmk Verbund eGen,Austria,cooperative,sourced,website_unavailable,,https://api.gleif.org/api/v1/lei-records/529900QYEJ2GYSWK1F08,registered_bank_form,2026-10-02,
529900RCLERIIXF4QM23,bank99 AG,Austria,unknown,pending_manual_review,website_no_ownership_passage,https://www.bank99.at/,,,,"Verify bank identity and controlling owners from official governance page, annual report or register; technical failures do not establish absence of public information."
529900RPGHC6DQEQL615,International Asset Bank AD,Bulgaria,unknown,pending_manual_review,website_no_ownership_passage,https://www.iabank.bg,,,,"Verify bank identity and controlling owners from official governance page, annual report or register; technical failures do not establish absence of public information."
529900RQOBT3ZJMDRK43,Bank Frick AG,Liechtenstein,unknown,pending_manual_review,evidence_collected,https://www.bankfrick.li/en,,,,"Verify bank identity and controlling owners from official governance page, annual report or register; technical failures do not establish absence of public information."
529900RWC8ZYB066JF16,Bank of Valletta Plc,Malta,unknown,pending_manual_review,website_unavailable,https://www.bov.com,,,,"Verify bank identity and controlling owners from official governance page, annual report or register; technical failures do not establish absence of public information."
529900S1KHKOEQL5CK20,Wüstenrot Bausparkasse Aktiengesellschaft,Germany,unknown,pending_manual_review,website_no_ownership_passage,http://www.wuestenrot.de/,,,,"Verify bank identity and controlling owners from official governance page, annual report or register; technical failures do not establish absence of public information."
529900SEFOTJH1MLGZ92,Lægernes Bank A/S,Denmark,unknown,pending_manual_review,evidence_collected,https://www.lpb.dk,,,,"Verify bank identity and controlling owners from official governance page, annual report or register; technical failures do not establish absence of public information."
529900SS7ZWCX82U3W60,DEUTSCHE BANK S.P.A.,Italy,shareholder,sourced,evidence_collected,https://www.db.com,https://investor-relations.db.com/share/shareholder-structure?kid=ir-en-shareholder-structure-htm.redirect-en.shortcut&language_id=1,reviewed_control_chain,2026-10-02,
529900SSGT49ZZSWYE62,Volkswagen Financial Services AG,Germany,unknown,pending_manual_review,evidence_collected,https://www.vwfs.com,,,,"Verify bank identity and controlling owners from official governance page, annual report or register; technical failures do not establish absence of public information."
529900SXEWPJ1MRRX537,Raiffeisen-Holding Niederösterreich-Wien registrierte Genossenschaft mit beschränkter Haftung,Austria,cooperative,sourced,website_unavailable,,https://api.gleif.org/api/v1/lei-records/529900SXEWPJ1MRRX537,registered_bank_form,2026-10-02,
529900T32UL0CP1FZA06,ALLIANZ BANK FINANCIAL ADVISORS S.P.A.,Italy,unknown,pending_manual_review,evidence_collected,https://www.allianzbank.it,,,,"Verify bank identity and controlling owners from official governance page, annual report or register; technical failures do not establish absence of public information."
529900T7MYZUMMW4O176,Berliner Volksbank eG,Germany,cooperative,sourced,evidence_collected,https://www.berliner-volksbank.de,https://api.gleif.org/api/v1/lei-records/529900T7MYZUMMW4O176,registered_bank_form,2026-10-02,
529900TDG1TFZM39SF37,Baader Beteiligungs GmbH,Germany,unknown,pending_manual_review,evidence_collected,https://www.baaderbank.de,,,,"Verify bank identity and controlling owners from official governance page, annual report or register; technical failures do not establish absence of public information."
529900U5XAEYOT68AC40,EFG Bank (Luxembourg) S.A.,Luxembourg,unknown,pending_manual_review,website_unavailable,https://www.efginternational.com,,,,"Verify bank identity and controlling owners from official governance page, annual report or register; technical failures do not establish absence of public information."
529900UHDH7QLRMEJQ86,Sigma Bank AG,Liechtenstein,unknown,pending_manual_review,evidence_collected,https://www.sigmabank.com,,,,"Verify bank identity and controlling owners from official governance page, annual report or register; technical failures do not establish absence of public information."
529900UIRB65OY6U4B21,Lombard Bank Malta plc,Malta,unknown,pending_manual_review,website_no_ownership_passage,https://www.lombardmalta.com,,,,"Verify bank identity and controlling owners from official governance page, annual report or register; technical failures do not establish absence of public information."
529900UKZBMDBDZIXD62,Addiko Bank AG,Austria,unknown,pending_manual_review,website_no_ownership_passage,https://www.addiko.si|https://www.addiko.hr/|https://www.addiko.rs/|https://www.addiko.com,,,,"Verify bank identity and controlling owners from official governance page, annual report or register; technical failures do not establish absence of public information."
529900V3O1M5IHMOSF46,State Street Europe Holdings Germany S.a.r.l. & Co. KG,Germany,unknown,pending_manual_review,evidence_collected,https://www.statestreet.com,,,,"Verify bank identity and controlling owners from official governance page, annual report or register; technical failures do not establish absence of public information."
529900VS0F7BA91P4I60,Alpha Bank Cyprus Limited,Cyprus,unknown,pending_manual_review,website_no_ownership_passage,https://www.alphabank.com.cy,,,,"Verify bank identity and controlling owners from official governance page, annual report or register; technical failures do not establish absence of public information."
529900VVDOKMRRAHZ894,Bank GPB International S.A.,Luxembourg,unknown,pending_manual_review,website_no_ownership_passage,https://www.gazprombank.lu,,,,"Verify bank identity and controlling owners from official governance page, annual report or register; technical failures do not establish absence of public information."
529900W3MOO00A18X956,OTP-csoport,Hungary,shareholder,sourced,evidence_collected,https://www.otpbank.hu/portal/en/retail|https://www.otpbank.hu/portal/hu/maganszemelyek,https://www.otpgroup.info/investor-relations/shares/ownership-structure,direct_ownership,2026-10-02,
529900WF3IXMJXSVJ831,Vereinigte Volksbanken eG,Germany,cooperative,sourced,website_no_ownership_passage,http://www.diebank.de/,https://api.gleif.org/api/v1/lei-records/529900WF3IXMJXSVJ831,registered_bank_form,2026-10-02,
529900XB6RQ3XCELQO62,BENDURA BANK AG,Liechtenstein,unknown,pending_manual_review,evidence_collected,https://www.bendura.li,,,,"Verify bank identity and controlling owners from official governance page, annual report or register; technical failures do not establish absence of public information."
529900XDLJV1P7HBAH18,Sparkasse Holstein,Germany,public,sourced,website_no_ownership_passage,https://www.sparkasse-holstein.de,https://api.gleif.org/api/v1/lei-records/529900XDLJV1P7HBAH18,registered_bank_form,2026-10-02,
529900XSTAE561178282,Raiffeisenbankengruppe OÖ Verbund eGen,Austria,cooperative,sourced,website_unavailable,,https://api.gleif.org/api/v1/lei-records/529900XSTAE561178282,registered_bank_form,2026-10-02,
529900ZMDTSQYEYCKL45,VR TeilhaberBank Metropolregion Nürnberg eG,Germany,cooperative,sourced,evidence_collected,https://www.vr-teilhaberbank.de,https://api.gleif.org/api/v1/lei-records/529900ZMDTSQYEYCKL45,registered_bank_form,2026-10-02,
529900ZVK4VTIS0TOT43,DenizBank AG,Austria,unknown,pending_manual_review,evidence_collected,https://www.denizbank.at,,,,"Verify bank identity and controlling owners from official governance page, annual report or register; technical failures do not establish absence of public information."
5493000LKS7B3UTF7H35,Bank Polska Kasa Opieki S.A.,Poland,unknown,pending_manual_review,evidence_collected,https://pekao.com.pl,,,,"Verify bank identity and controlling owners from official governance page, annual report or register; technical failures do not establish absence of public information."
5493000LM0MZ4JPMGM90,"Santander Consumer Finance, S.A.",Spain,shareholder,sourced,website_no_ownership_passage,https://www.santanderconsumer.com/,https://www.santander.com/en/shareholders-and-investors/santander-share/share-capital-distribution,reviewed_control_chain,2026-10-02,
5493000UPYR7EEHN2R94,"Gorenjska banka d.d., Kranj",Slovenia,unknown,pending_manual_review,evidence_collected,https://www.gbkr.si,,,,"Verify bank identity and controlling owners from official governance page, annual report or register; technical failures do not establish absence of public information."
5493000YPN33HF74SN02,Bank of Montreal Europe plc,Ireland,unknown,pending_manual_review,evidence_collected,https://www.bmo.com,,,,"Verify bank identity and controlling owners from official governance page, annual report or register; technical failures do not establish absence of public information."
5493001BABFV7P27OW30,"Nova Ljubljanska Banka d.d., Ljubljana",Slovenia,unknown,pending_manual_review,website_no_ownership_passage,https://www.nlb.si,,,,"Verify bank identity and controlling owners from official governance page, annual report or register; technical failures do not establish absence of public information."
5493001U1K6M7JOL5W45,Raiffeisen Bank csoport,Hungary,cooperative,sourced,website_no_ownership_passage,https://www.raiffeisen.hu,https://www.rbinternational.com/en/raiffeisen/rbi-group/about-us.html,reviewed_control_chain,2026-10-02,
5493002DPKDEC2JN1Y86,Sparekassen Sjælland-Fyn A/S,Denmark,unknown,pending_manual_review,website_unavailable,https://www.sjfbank.dk/,,,,"Verify bank identity and controlling owners from official governance page, annual report or register; technical failures do not establish absence of public information."
5493002K643MZPQEK497,Banco Bradesco Europa S.A.,Luxembourg,unknown,pending_manual_review,website_no_ownership_passage,https://www.bradescobbi.com.br,,,,"Verify bank identity and controlling owners from official governance page, annual report or register; technical failures do not establish absence of public information."
5493003BDYD5VPGUQS04,UniCredit Bank S.A.,Romania,shareholder,sourced,website_no_ownership_passage,https://www.unicredit.ro,https://www.unicreditgroup.eu/en/governance/shareholders/shareholders-structure.html,reviewed_control_chain,2026-10-02,
5493003RJ3TPV33W0108,Union Bancaire Privée (Europe) S.A.,Luxembourg,unknown,pending_manual_review,evidence_collected,https://www.ubp.com,,,,"Verify bank identity and controlling owners from official governance page, annual report or register; technical failures do not establish absence of public information."
5493004D82XDFVPWQJ91,Ikano Bank AB (publ),Sweden,unknown,pending_manual_review,evidence_collected,https://ikano.co.uk/|https://ikanobank.se/|https://ikanobank.pl/|https://ikanobank.de/|https://ikanobank.dk/|https://ikanobank.no/|https://ikanobank.fi/,,,,"Verify bank identity and controlling owners from official governance page, annual report or register; technical failures do not establish absence of public information."
5493004WUGGU2BQI7F14,Landshypotek AB - gruppen,Sweden,cooperative,sourced,evidence_collected,https://www.landshypotek.se,https://www.landshypotek.se,direct_ownership,2026-10-02,
54930056FHWP7GIWYY08,Morgan Stanley Europe SE,Germany,unknown,pending_manual_review,evidence_collected,https://www.morganstanley.com,,,,"Verify bank identity and controlling owners from official governance page, annual report or register; technical failures do not establish absence of public information."
54930056IRBXK0Q1FP96,"Abanca Corporacion Bancaria, S.A.",Spain,unknown,pending_manual_review,evidence_collected,https://www.abanca.com/|http://www.abancacorporacionbancaria.com/es/,,,,"Verify bank identity and controlling owners from official governance page, annual report or register; technical failures do not establish absence of public information."
54930060Q00W1SRIUI57,vdk bank,Belgium,unknown,pending_manual_review,evidence_collected,https://www.vdk.be/,,,,"Verify bank identity and controlling owners from official governance page, annual report or register; technical failures do not establish absence of public information."
5493006QMFDDMYWIAM13,"Banco Santander, S.A.",Spain,shareholder,sourced,evidence_collected,https://www.santander.com/en/shareholders-and-investors/santander-share/share-capital-distribution|https://www.santander.com/en/home,https://www.santander.com/en/shareholders-and-investors/santander-share/share-capital-distribution,direct_ownership,2026-10-02,
5493006Z4NTMNDDBGL49,ECCM Bank plc,Malta,unknown,pending_manual_review,website_unavailable,https://www.eccmbank.com,,,,"Verify bank identity and controlling owners from official governance page, annual report or register; technical failures do not establish absence of public information."
5493007BWYDPQZLZ0Y27,HYPO NOE Landesbank für Niederösterreich und Wien AG,Austria,unknown,pending_manual_review,website_no_ownership_passage,http://www.hyponoe.at/,,,,"Verify bank identity and controlling owners from official governance page, annual report or register; technical failures do not establish absence of public information."
5493007QRSX9DS2CM858,China Construction Bank (Europe) S.A.,Luxembourg,unknown,pending_manual_review,website_unavailable,https://www.ccb.com,,,,"Verify bank identity and controlling owners from official governance page, annual report or register; technical failures do not establish absence of public information."
5493007S4JE930SIUE86,ING Holding Deutschland GmbH,Germany,shareholder,sourced,website_unavailable,https://www.ing.de,https://ing.com/investors/share-information/shares,reviewed_control_chain,2026-10-02,
5493007SJLLCTM6J6M37,"Unicaja Banco, S.A.",Spain,unknown,pending_manual_review,website_no_ownership_passage,https://www.unicajabanco.es,,,,"Verify bank identity and controlling owners from official governance page, annual report or register; technical failures do not establish absence of public information."
5493007SWCCN9S3J2748,Bigbank AS,Estonia,unknown,pending_manual_review,website_unavailable,https://www.bigbank.ee,,,,"Verify bank identity and controlling owners from official governance page, annual report or register; technical failures do not establish absence of public information."
5493008QOCP58OLEN998,Investeringsmaatschappij Argenta - Société d'investissements Argenta - Investierungsgesellschaft Arg,Belgium,unknown,pending_manual_review,website_unavailable,https://www.argenta.be,,,,"Verify bank identity and controlling owners from official governance page, annual report or register; technical failures do not establish absence of public information."
5493008QRHH0XCLJ4238,BRD-Groupe Société Générale SA,Romania,shareholder,sourced,evidence_collected,http://www.brd.ro,https://investors.societegenerale.com/fr/informations-financieres-extra-financieres/action/actionnariat,reviewed_control_chain,2026-10-02,
5493009EIBTCB1X12G89,LGT Group Foundation,Liechtenstein,shareholder,sourced,website_unavailable,https://www.lgt.com,https://www.lgt.com/global-en/about-lgt,direct_ownership,2026-10-02,
5493009ML6YX83YHC820,Argenta Bank- en Verzekeringsgroep NV,Belgium,unknown,pending_manual_review,website_unavailable,https://www.argenta.be,,,,"Verify bank identity and controlling owners from official governance page, annual report or register; technical failures do not establish absence of public information."
5493009VJC01E4H6HH77,Avanza - Grupp,Sweden,unknown,pending_manual_review,website_unavailable,https://www.avanza.se,,,,"Verify bank identity and controlling owners from official governance page, annual report or register; technical failures do not establish absence of public information."
5493009W2E2YDCXY6S81,"NOVO BANCO, S.A.",Portugal,unknown,pending_manual_review,website_unavailable,https://www.novobanco.pt,,,,"Verify bank identity and controlling owners from official governance page, annual report or register; technical failures do not establish absence of public information."
549300A2F46GR0UOM390,Erste&Steiermärkische Bank d.d.,Croatia,unknown,pending_manual_review,website_unavailable,https://www.erstebank.hr,,,,"Verify bank identity and controlling owners from official governance page, annual report or register; technical failures do not establish absence of public information."
549300BZZFFS0SOWR325,Ford Bank GmbH,Germany,unknown,pending_manual_review,website_unavailable,https://www.fordbank.de,,,,"Verify bank identity and controlling owners from official governance page, annual report or register; technical failures do not establish absence of public information."
549300C6TUMDXNOVXS82,Länsförsäkringar Bank AB - gruppen,Sweden,unknown,pending_manual_review,website_unavailable,https://www.lansforsakringar.se/,,,,"Verify bank identity and controlling owners from official governance page, annual report or register; technical failures do not establish absence of public information."
549300CQ9NLEHMRCU505,"Cecabank, S.A.",Spain,unknown,pending_manual_review,website_no_ownership_passage,https://www.cecabank.es,,,,"Verify bank identity and controlling owners from official governance page, annual report or register; technical failures do not establish absence of public information."
549300D7SF4JSQDV7040,Mirabaud & Cie (Europe) S.A.,Luxembourg,unknown,pending_manual_review,website_unavailable,https://www.mirabaud.com,,,,"Verify bank identity and controlling owners from official governance page, annual report or register; technical failures do not establish absence of public information."
549300DVPJYGNF2P7B03,Steiermärkische Bank und Sparkassen Aktiengesellschaft,Austria,unknown,pending_manual_review,website_no_ownership_passage,https://www.sparkasse.at/steiermaerkische,,,,"Verify bank identity and controlling owners from official governance page, annual report or register; technical failures do not establish absence of public information."
549300DYPOFMXOR7XM56,Crelan,Belgium,unknown,pending_manual_review,website_unavailable,https://www.crelan.be,,,,"Verify bank identity and controlling owners from official governance page, annual report or register; technical failures do not establish absence of public information."
549300EHNXQVOI120S55,Coop Pank AS,Estonia,unknown,pending_manual_review,website_unavailable,https://www.cooppank.ee,,,,"Verify bank identity and controlling owners from official governance page, annual report or register; technical failures do not establish absence of public information."
549300F7FBD744MEP844,Banque Raiffeisen,Luxembourg,cooperative,sourced,website_unavailable,,https://api.gleif.org/api/v1/lei-records/549300F7FBD744MEP844,registered_bank_form,2026-10-02,
549300FH0WJAPEHTIQ77,BofA Securities Europe SA,France,unknown,pending_manual_review,website_unavailable,https://business.bofa.com,,,,"Verify bank identity and controlling owners from official governance page, annual report or register; technical failures do not establish absence of public information."
549300FRBP5L0O1HY885,Sparbanken Syd,Sweden,unknown,pending_manual_review,website_unavailable,https://www.sparbankensyd.se,,,,"Verify bank identity and controlling owners from official governance page, annual report or register; technical failures do not establish absence of public information."
549300G3C8M0WXQCWH61,Caja Laboral Popular Coop. de Crédito,Spain,cooperative,sourced,website_unavailable,,https://api.gleif.org/api/v1/lei-records/549300G3C8M0WXQCWH61,registered_bank_form,2026-10-02,
549300GKFG0RYRRQ1414,DNB BANK ASA,Norway,unknown,pending_manual_review,website_no_ownership_passage,https://www.dnb.no/,,,,"Verify bank identity and controlling owners from official governance page, annual report or register; technical failures do not establish absence of public information."
549300HFEHJOXGE4ZE63,SFIL S.A.,France,public,sourced,website_no_ownership_passage,https://www.sfil.fr,https://api.gleif.org/api/v1/lei-records/969500Q2PFTTP0Y5QL44,reviewed_control_chain,2026-10-02,
549300HUKIA1IZQHFZ83,Erste Bank der oesterreichischen Sparkassen AG,Austria,unknown,pending_manual_review,website_unavailable,https://www.sparkasse.at/erstebank,,,,"Verify bank identity and controlling owners from official governance page, annual report or register; technical failures do not establish absence of public information."
549300IQZVZ949N37S44,Euroclear Holding,Belgium,unknown,pending_manual_review,website_unavailable,https://www.euroclear.com,,,,"Verify bank identity and controlling owners from official governance page, annual report or register; technical failures do not establish absence of public information."
549300IRGNL8Q3O8Y413,Eurobank Bulgaria,Bulgaria,unknown,pending_manual_review,website_unavailable,https://www.postbank.bg,,,,"Verify bank identity and controlling owners from official governance page, annual report or register; technical failures do not establish absence of public information."
549300J0GSZ83GTKBZ89,OTP banka d.d.,Slovenia,unknown,pending_manual_review,website_unavailable,https://www.otpbanka.hr,,,,"Verify bank identity and controlling owners from official governance page, annual report or register; technical failures do not establish absence of public information."
549300JB1P61FUTPEZ75,"Všeobecná úverová banka, a.s.",Slovakia,shareholder,sourced,evidence_collected,https://www.vub.sk|https://www.vub.sk/en/,https://group.intesasanpaolo.com/en/governance/shareholder-base,reviewed_control_chain,2026-10-02,
549300JECLPX13NZLU57,Danske Andelskassers Bank A/S,Denmark,unknown,pending_manual_review,website_no_ownership_passage,https://www.andelskassen.dk,,,,"Verify bank identity and controlling owners from official governance page, annual report or register; technical failures do not establish absence of public information."
549300JSC82O1L4XV837,Nordnet - Grupp,Sweden,unknown,pending_manual_review,website_unavailable,https://www.nordnetab.com,,,,"Verify bank identity and controlling owners from official governance page, annual report or register; technical failures do not establish absence of public information."
549300KOORG6SN9LMO68,IIG Bank (Malta) Ltd,Malta,unknown,pending_manual_review,website_unavailable,https://www.iigbank.com,,,,"Verify bank identity and controlling owners from official governance page, annual report or register; technical failures do not establish absence of public information."
549300L1IEXJYJ2NUV45,Sparekassen Danmark,Denmark,unknown,pending_manual_review,website_no_ownership_passage,https://www.sparv.dk,,,,"Verify bank identity and controlling owners from official governance page, annual report or register; technical failures do not establish absence of public information."
549300L7YCATGO57ZE10,FINECOBANK BANCA FINECO S.P.A. (IN BREVE FINECOBANK S.P.A. OVVERO BANCA FINECO S.P.A. OVVERO FINECO BANCA S.P.A.),Italy,unknown,pending_manual_review,website_no_ownership_passage,https://www.finecobank.com/,,,,"Verify bank identity and controlling owners from official governance page, annual report or register; technical failures do not establish absence of public information."
549300LYFYVPUCG6SY25,"Banco Cooperativo Español, S.A.",Spain,unknown,pending_manual_review,website_unavailable,https://www.bancocooperativo.es,,,,"Verify bank identity and controlling owners from official governance page, annual report or register; technical failures do not establish absence of public information."
549300M2IHOB9P5WE714,Swissquote Bank Europe S.A,Luxembourg,unknown,pending_manual_review,website_unavailable,https://www.swissquote.lu,,,,"Verify bank identity and controlling owners from official governance page, annual report or register; technical failures do not establish absence of public information."
549300M6HRHPF3NQBP83,SPAREBANK 1 BOLIGKREDITT AS,Norway,unknown,pending_manual_review,website_unavailable,https://www.sparebank1.no/sb1boligkreditt,,,,"Verify bank identity and controlling owners from official governance page, annual report or register; technical failures do not establish absence of public information."
549300MM2G2LFEPR2M50,Skandiabanken Aktiebolag (publ),Sweden,mutual,sourced,website_unavailable,https://www.skandia.se,https://api.gleif.org/api/v1/lei-records/5493002XO4O96E9XFC76,reviewed_control_chain,2026-10-02,
549300MSY5NIVC0BME80,CIB Bankcsoport,Hungary,shareholder,sourced,website_unavailable,https://www.cib.hu,https://group.intesasanpaolo.com/en/governance/shareholder-base,reviewed_control_chain,2026-10-02,
549300ND1MQ8SNNYMJ22,AS SEB Pank,Estonia,unknown,pending_manual_review,website_no_ownership_passage,http://www.seb.ee/,,,,"Verify bank identity and controlling owners from official governance page, annual report or register; technical failures do not establish absence of public information."
549300NYKK9MWM7GGW15,ING Groep N.V.,Netherlands,shareholder,sourced,evidence_collected,https://ing.com/investors/share-information/shares|https://ing.com,https://ing.com/investors/share-information/shares,direct_ownership,2026-10-02,
549300O2UN9JLME31F08,UniCredit Banka Slovenija d.d.,Slovenia,shareholder,sourced,website_unavailable,https://www.unicreditbank.si,https://www.unicreditgroup.eu/en/governance/shareholders/shareholders-structure.html,reviewed_control_chain,2026-10-02,
549300O3HXYXXUHR0897,Klarna - Grupp,Sweden,unknown,pending_manual_review,website_no_ownership_passage,https://www.klarna.com/,,,,"Verify bank identity and controlling owners from official governance page, annual report or register; technical failures do not establish absence of public information."
549300OL514RA0SXJJ44,Clearstream Banking S.A.,Luxembourg,unknown,pending_manual_review,evidence_collected,https://www.clearstream.com,,,,"Verify bank identity and controlling owners from official governance page, annual report or register; technical failures do not establish absence of public information."
549300OLBL49CW8CT155,"Ibercaja Banco, S.A.",Spain,unknown,pending_manual_review,website_no_ownership_passage,https://www.ibercaja.es,,,,"Verify bank identity and controlling owners from official governance page, annual report or register; technical failures do not establish absence of public information."
549300OMTXWX1144LP69,"Akciju sabiedrība ""Reģionālā investīciju banka""",Latvia,unknown,pending_manual_review,website_unavailable,https://www.ribbank.com,,,,"Verify bank identity and controlling owners from official governance page, annual report or register; technical failures do not establish absence of public information."
549300PZMFIQR79Q0T97,Íslandsbanki hf.,Iceland,unknown,pending_manual_review,website_unavailable,https://www.islandsbanki.is,,,,"Verify bank identity and controlling owners from official governance page, annual report or register; technical failures do not establish absence of public information."
549300Q3OIWRHQUQM052,SpareBank 1 Sør-Norge,Norway,unknown,pending_manual_review,website_no_ownership_passage,http://www.sr-bank.no,,,,"Verify bank identity and controlling owners from official governance page, annual report or register; technical failures do not establish absence of public information."
549300RFKNCOX56F8591,RAIFFEISEN BANK S.A.,Romania,cooperative,sourced,website_unavailable,https://www.raiffeisen.ro,https://www.rbinternational.com/en/raiffeisen/rbi-group/about-us.html,reviewed_control_chain,2026-10-02,
549300RG3H390KEL8896,Banca Transilvania,Romania,unknown,pending_manual_review,website_no_ownership_passage,https://www.bancatransilvania.ro/,,,,"Verify bank identity and controlling owners from official governance page, annual report or register; technical failures do not establish absence of public information."
549300RMML7KXP6M1Y98,BANCO BAI EUROPA S.A.,Portugal,unknown,pending_manual_review,website_unavailable,https://www.bancobaieuropa.pt,,,,"Verify bank identity and controlling owners from official governance page, annual report or register; technical failures do not establish absence of public information."
549300S2T3FWVVXWJI89,"Slovenská sporiteľňa, a.s.",Slovakia,unknown,pending_manual_review,website_no_ownership_passage,https://www.slsp.sk/sk/ludia|https://www.slsp.sk/en/personal,,,,"Verify bank identity and controlling owners from official governance page, annual report or register; technical failures do not establish absence of public information."
549300SBPFE9JX7N8J82,AB SEB bankas,Lithuania,unknown,pending_manual_review,website_no_ownership_passage,http://www.seb.lt,,,,"Verify bank identity and controlling owners from official governance page, annual report or register; technical failures do not establish absence of public information."
549300SGF4BS54YG8M65,Citco Bank Nederland N.V.,Netherlands,unknown,pending_manual_review,website_unavailable,https://www.citco.com,,,,"Verify bank identity and controlling owners from official governance page, annual report or register; technical failures do not establish absence of public information."
549300SXM92LQ05OJQ76,Sparebank 1 Nord-Norge SPA,Norway,unknown,pending_manual_review,website_no_ownership_passage,https://www.snn.no/,,,,"Verify bank identity and controlling owners from official governance page, annual report or register; technical failures do not establish absence of public information."
549300TDPXT0OW2AY198,FinAx,Belgium,unknown,pending_manual_review,website_unavailable,https://www.axabank.be,,,,"Verify bank identity and controlling owners from official governance page, annual report or register; technical failures do not establish absence of public information."
549300TEJKOLFN65KR76,BNF Bank plc,Malta,unknown,pending_manual_review,website_unavailable,https://www.bnf.bank,,,,"Verify bank identity and controlling owners from official governance page, annual report or register; technical failures do not establish absence of public information."
549300TJREQ7GHIXWR36,Swedbank Hypotek AB,Sweden,unknown,pending_manual_review,website_unavailable,https://www.swedbank.com,,,,"Verify bank identity and controlling owners from official governance page, annual report or register; technical failures do not establish absence of public information."
549300TK038P6EV4YU51,AB Artea bankas,Lithuania,unknown,pending_manual_review,website_unavailable,https://www.artea.lt/,,,,"Verify bank identity and controlling owners from official governance page, annual report or register; technical failures do not establish absence of public information."
549300TL5406IC1XKD09,Saxo Bank A/S,Denmark,shareholder,sourced,evidence_collected,https://www.home.saxo/|https://www.home.saxo/de-ch|https://www.home.saxo/pl-pl|https://www.home.saxo/en-sg|https://www.home.saxo/cs-cz|https://www.home.saxo/nl-be|https://www.home.saxo/da-dk|https://www.home.saxo/nl-nl|https://www.home.saxo/en-ch|https://www.home.saxo/nb-no|https://www.home.saxo/fr-be|https://www.home.saxo/en-gb|https://www.home.saxo/it-it|https://www.home.saxo/fr-ch|https://www.home.saxo/fr-fr|https://www.home.saxo/ja-jp|https://www.home.saxo/ar-mena|https://www.home.saxo/en-mena,https://www.home.saxo/about-us,direct_ownership,2026-10-02,
549300TLZPT6JELDWM92,Landsbankinn hf.,Iceland,unknown,pending_manual_review,website_unavailable,https://www.landsbankinn.is,,,,"Verify bank identity and controlling owners from official governance page, annual report or register; technical failures do not establish absence of public information."
549300TRUWO2CD2G5692,"UNICREDIT, SOCIETA' PER AZIONI",Italy,shareholder,sourced,evidence_collected,https://www.unicreditgroup.eu/en/governance/shareholders/shareholders-structure.html|https://www.unicreditgroup.eu,https://www.unicreditgroup.eu/en/governance/shareholders/shareholders-structure.html,direct_ownership,2026-10-02,
549300TTZTKBUFKWH890,The Cyprus Development Bank Public Company Ltd,Cyprus,unknown,pending_manual_review,website_unavailable,https://www.cdb.com.cy,,,,"Verify bank identity and controlling owners from official governance page, annual report or register; technical failures do not establish absence of public information."
549300U4LIZV0REEQQ46,"Kutxabank, S.A.",Spain,unknown,pending_manual_review,website_unavailable,https://www.kutxabank.es,,,,"Verify bank identity and controlling owners from official governance page, annual report or register; technical failures do not establish absence of public information."
549300UARE5MHTBUPJ19,Promontoria 19 Coöperatie U.A.,Netherlands,unknown,pending_manual_review,website_unavailable,https://www.hcob-bank.com/,,,,"Verify bank identity and controlling owners from official governance page, annual report or register; technical failures do not establish absence of public information."
549300UOX05QGUJJ5707,Stadshypotek AB,Sweden,unknown,pending_manual_review,website_unavailable,https://www.handelsbanken.com,,,,"Verify bank identity and controlling owners from official governance page, annual report or register; technical failures do not establish absence of public information."
549300URJH9VSI58CS32,"Banco Santander Totta, SA",Portugal,shareholder,sourced,website_unavailable,https://www.santander.pt,https://www.santander.com/en/shareholders-and-investors/santander-share/share-capital-distribution,reviewed_control_chain,2026-10-02,
549300UY81ESCZJ0GR95,First Investment Bank,Bulgaria,unknown,pending_manual_review,website_no_ownership_passage,http://www.pinbank.ua/,,,,"Verify bank identity and controlling owners from official governance page, annual report or register; technical failures do not establish absence of public information."
549300V1VN70Q7PQ7234,CRÉDIT AGRICOLE AUTO BANK S.P.A.,Italy,unknown,pending_manual_review,website_unavailable,https://www.ca-autobank.com,,,,"Verify bank identity and controlling owners from official governance page, annual report or register; technical failures do not establish absence of public information."
549300V4H4USWZUCE073,"BISON BANK, SA",Portugal,unknown,pending_manual_review,website_unavailable,https://www.bisonbank.com,,,,"Verify bank identity and controlling owners from official governance page, annual report or register; technical failures do not establish absence of public information."
549300VRM6G42M8OWN49,Sparebank 1 Østlandet,Norway,unknown,pending_manual_review,website_no_ownership_passage,https://www.sb1ostlandet.no/,,,,"Verify bank identity and controlling owners from official governance page, annual report or register; technical failures do not establish absence of public information."
549300WDT1HWUMTUW770,Standard Chartered Bank AG,Germany,unknown,pending_manual_review,website_unavailable,https://www.sc.com,,,,"Verify bank identity and controlling owners from official governance page, annual report or register; technical failures do not establish absence of public information."
549300X34UUBDEUL1Z91,HSBC Bank Malta p.l.c.,Malta,unknown,pending_manual_review,website_unavailable,https://www.hsbc.com.mt,,,,"Verify bank identity and controlling owners from official governance page, annual report or register; technical failures do not establish absence of public information."
549300XGJX6FOWLOI640,FIDEURAM - INTESA SANPAOLO PRIVATE BANKING S.P.A.,Italy,shareholder,sourced,website_unavailable,https://www.fideuram.it,https://group.intesasanpaolo.com/en/governance/shareholder-base,reviewed_control_chain,2026-10-02,
549300XWJHRKLHU2PS28,ERSTE csoport,Hungary,unknown,pending_manual_review,website_unavailable,https://www.erstebank.hu,,,,"Verify bank identity and controlling owners from official governance page, annual report or register; technical failures do not establish absence of public information."
549300YV6LXRPJO3U576,Merkur Andelskasse,Denmark,unknown,pending_manual_review,website_no_ownership_passage,https://merkur.dk/,,,,"Verify bank identity and controlling owners from official governance page, annual report or register; technical failures do not establish absence of public information."
549300YW95G1VBBGGV07,"AS ""SEB banka""",Latvia,unknown,pending_manual_review,website_no_ownership_passage,https://www.seb.lv/,,,,"Verify bank identity and controlling owners from official governance page, annual report or register; technical failures do not establish absence of public information."
549300Z7V2WOFIMUEK50,UniCredit Bulbank AD,Bulgaria,shareholder,sourced,website_unavailable,https://www.unicreditbulbank.bg,https://www.unicreditgroup.eu/en/governance/shareholders/shareholders-structure.html,reviewed_control_chain,2026-10-02,
549300ZBZQ6M21ZGGY79,China Merchants Bank (Europe) S.A,Luxembourg,unknown,pending_manual_review,website_unavailable,https://www.cmbchina.com,,,,"Verify bank identity and controlling owners from official governance page, annual report or register; technical failures do not establish absence of public information."
549300ZEF3QWM810M319,Ziklo Bank AB,Sweden,unknown,pending_manual_review,website_unavailable,https://www.ziklo.com,,,,"Verify bank identity and controlling owners from official governance page, annual report or register; technical failures do not establish absence of public information."
549300ZHFZ4CSK7VS460,Privredna Banka Zagreb d.d.,Croatia,unknown,pending_manual_review,website_no_ownership_passage,https://www.pbz.hr/,,,,"Verify bank identity and controlling owners from official governance page, annual report or register; technical failures do not establish absence of public information."
549300ZK53CNGEEI6A29,J.P. Morgan SE,Germany,unknown,pending_manual_review,website_unavailable,https://www.jpmorgan.com,,,,"Verify bank identity and controlling owners from official governance page, annual report or register; technical failures do not establish absence of public information."
549300ZOE0EU2VKF6M35,Lombard Odier (Europe) S.A.,Luxembourg,unknown,pending_manual_review,website_unavailable,https://www.lombardodier.com,,,,"Verify bank identity and controlling owners from official governance page, annual report or register; technical failures do not establish absence of public information."
5967007LIEEXZX51WW28,SPAREBANKEN ØST,Norway,unknown,pending_manual_review,website_no_ownership_passage,http://www.oest.no/,,,,"Verify bank identity and controlling owners from official governance page, annual report or register; technical failures do not establish absence of public information."
5967007LIEEXZX5PU005,Sparebanken Møre SPA,Norway,unknown,pending_manual_review,website_no_ownership_passage,https://sbm.no,,,,"Verify bank identity and controlling owners from official governance page, annual report or register; technical failures do not establish absence of public information."
5967007LIEEXZX659K67,DNB BOLIGKREDITT AS,Norway,unknown,pending_manual_review,website_unavailable,https://www.dnb.no,,,,"Verify bank identity and controlling owners from official governance page, annual report or register; technical failures do not establish absence of public information."
5967007LIEEXZX76AW36,OBOS-BANKEN AS,Norway,unknown,pending_manual_review,website_unavailable,https://www.obos.no/bank,,,,"Verify bank identity and controlling owners from official governance page, annual report or register; technical failures do not establish absence of public information."
5967007LIEEXZX8UHK11,SPAREBANK 1 SOGN OG FJORDANE,Norway,unknown,pending_manual_review,website_no_ownership_passage,https://www.sparebank1.no/nn/sogn-fjordane/privat.html,,,,"Verify bank identity and controlling owners from official governance page, annual report or register; technical failures do not establish absence of public information."
5UMCZOEYKCVFAW8ZLO05,"National Bank of Greece, S.A.",Greece,unknown,pending_manual_review,website_no_ownership_passage,https://www.nbg.gr/|http://www.nbg.gr,,,,"Verify bank identity and controlling owners from official governance page, annual report or register; technical failures do not establish absence of public information."
635400AKJBGNS5WNQL34,AIB Group plc,Ireland,unknown,pending_manual_review,website_unavailable,https://aib.ie,,,,"Verify bank identity and controlling owners from official governance page, annual report or register; technical failures do not establish absence of public information."
635400C8EK6DRI12LJ39,Bank of Ireland Group plc,Ireland,unknown,pending_manual_review,website_unavailable,https://www.bankofireland.com,,,,"Verify bank identity and controlling owners from official governance page, annual report or register; technical failures do not establish absence of public information."
635400DTNHVYGZODKQ93,Permanent TSB Group Holdings Plc,Ireland,unknown,pending_manual_review,website_unavailable,https://www.ptsb.ie,,,,"Verify bank identity and controlling owners from official governance page, annual report or register; technical failures do not establish absence of public information."
635400F6HLXKXNJJX605,EXIM BANCA ROMANEASCA S.A.,Romania,unknown,pending_manual_review,website_unavailable,https://www.eximbank.ro,,,,"Verify bank identity and controlling owners from official governance page, annual report or register; technical failures do not establish absence of public information."
635400JLGKETPVVGPW53,De Lage Landen International B.V.,Netherlands,cooperative,sourced,website_unavailable,https://www.dllgroup.com,https://www.rabobank.com/about-us/in-short,reviewed_control_chain,2026-10-02,
635400L14KNHZXPUZM19,Bank of Cyprus Holdings Public Limited Company,Ireland,unknown,pending_manual_review,website_unavailable,https://www.bankofcyprus.com,,,,"Verify bank identity and controlling owners from official governance page, annual report or register; technical failures do not establish absence of public information."
635400LCCIYHUL6ELA34,USB European (Holdings) Limited,Ireland,unknown,pending_manual_review,website_unavailable,https://www.usbank.com,,,,"Verify bank identity and controlling owners from official governance page, annual report or register; technical failures do not establish absence of public information."
6TJCK1B7E7UTXP528Y04,Citigroup Global Markets Europe AG,Germany,unknown,pending_manual_review,evidence_collected,http://www.citigroup.de/,,,,"Verify bank identity and controlling owners from official governance page, annual report or register; technical failures do not establish absence of public information."
724500973ODKK3IFQ447,Adyen N.V.,Netherlands,unknown,pending_manual_review,evidence_collected,https://www.adyen.com/,,,,"Verify bank identity and controlling owners from official governance page, annual report or register; technical failures do not establish absence of public information."
724500A1FNICHSDF2I11,ASN Bank N.V.,Netherlands,unknown,pending_manual_review,website_unavailable,https://www.asnbank.nl,,,,"Verify bank identity and controlling owners from official governance page, annual report or register; technical failures do not establish absence of public information."
724500AG21Z9GIJE4735,WP XII Financial Holdings Coöperatief U.A.,Netherlands,unknown,pending_manual_review,website_unavailable,https://www.warburgpincus.com/|https://www.cerberus.com/,,,,"Verify bank identity and controlling owners from official governance page, annual report or register; technical failures do not establish absence of public information."
724500AH42V5X8BCPE49,Achmea Bank N.V.,Netherlands,mutual,sourced,website_no_ownership_passage,https://www.achmea.nl/,https://www.achmea.nl/organisatie/vereniging-achmea,reviewed_control_chain,2026-10-02,
724500BICUQ0LF1AH770,Nationale-Nederlanden Bank N.V.,Netherlands,unknown,pending_manual_review,website_unavailable,https://www.nn.nl,,,,"Verify bank identity and controlling owners from official governance page, annual report or register; technical failures do not establish absence of public information."
724500D8WOYCL1BUCB80,Van Lanschot Kempen N.V.,Netherlands,unknown,pending_manual_review,website_unavailable,https://www.vanlanschotkempen.com,,,,"Verify bank identity and controlling owners from official governance page, annual report or register; technical failures do not establish absence of public information."
724500JIWG886A9RRT57,RBS Holdings N.V.,Netherlands,unknown,pending_manual_review,website_unavailable,https://www.natwestgroup.com,,,,"Verify bank identity and controlling owners from official governance page, annual report or register; technical failures do not establish absence of public information."
724500M4G9AVEMHMV291,bunq Holding B.V.,Netherlands,unknown,pending_manual_review,website_unavailable,https://www.bunq.com,,,,"Verify bank identity and controlling owners from official governance page, annual report or register; technical failures do not establish absence of public information."
724500PMK2A2M1SQQ228,Triodos Bank N.V.,Netherlands,unknown,pending_manual_review,evidence_collected,https://www.triodos.com/,,,,"Verify bank identity and controlling owners from official governance page, annual report or register; technical failures do not establish absence of public information."
724500SF1CI8OD5AHI07,HCBG Holding B.V.,Netherlands,unknown,pending_manual_review,website_unavailable,https://www.hcbinternational.nl,,,,"Verify bank identity and controlling owners from official governance page, annual report or register; technical failures do not establish absence of public information."
724500ZNT2I60RYZQI38,Anadolubank Nederland N.V.,Netherlands,unknown,pending_manual_review,website_unavailable,https://www.anadolubank.nl,,,,"Verify bank identity and controlling owners from official governance page, annual report or register; technical failures do not establish absence of public information."
7437003B5WFBOIEFY714,OP Osuuskunta,Finland,cooperative,sourced,website_unavailable,,https://api.gleif.org/api/v1/lei-records/7437003B5WFBOIEFY714,registered_bank_form,2026-10-02,
7437005892K69S3MW344,Säästöpankkiliitto osk,Finland,cooperative,sourced,website_unavailable,,https://api.gleif.org/api/v1/lei-records/7437005892K69S3MW344,registered_bank_form,2026-10-02,
7437006WYM821IJ3MN73,Ålandsbanken Abp,Finland,unknown,pending_manual_review,website_unavailable,https://www.alandsbanken.fi,,,,"Verify bank identity and controlling owners from official governance page, annual report or register; technical failures do not establish absence of public information."
743700FTBNXAUN57RH30,S-Pankki Oyj,Finland,unknown,pending_manual_review,website_unavailable,https://www.s-pankki.fi,,,,"Verify bank identity and controlling owners from official governance page, annual report or register; technical failures do not establish absence of public information."
743700GC62JLHFBUND16,Aktia Bank Abp,Finland,unknown,pending_manual_review,evidence_collected,https://www.aktia.fi/sv/|http://www.aktia.fi,,,,"Verify bank identity and controlling owners from official governance page, annual report or register; technical failures do not establish absence of public information."
743700PW2HDTPU3YRJ31,POP Pankkikeskus osk,Finland,cooperative,sourced,website_unavailable,,https://api.gleif.org/api/v1/lei-records/743700PW2HDTPU3YRJ31,registered_bank_form,2026-10-02,
747DLM6L5TO7LXZY5T60,Scotiabank (Ireland) Designated Activity Company,Ireland,unknown,pending_manual_review,website_unavailable,https://www.scotiabank.com,,,,"Verify bank identity and controlling owners from official governance page, annual report or register; technical failures do not establish absence of public information."
7CUNS533WID6K7DGFI87,"CaixaBank, S.A.",Spain,unknown,pending_manual_review,website_no_ownership_passage,https://www.caixabank.es/particular/home/particulares_es.html|https://www.caixabank.cat/particular/home/particulars_ca.html,,,,"Verify bank identity and controlling owners from official governance page, annual report or register; technical failures do not establish absence of public information."
7LTWFZYICNSX8D621K86,DEUTSCHE BANK AKTIENGESELLSCHAFT,Germany,shareholder,sourced,evidence_collected,https://investor-relations.db.com/share/shareholder-structure?kid=ir-en-shareholder-structure-htm.redirect-en.shortcut&language_id=1|https://www.db.com,https://investor-relations.db.com/share/shareholder-structure?kid=ir-en-shareholder-structure-htm.redirect-en.shortcut&language_id=1,direct_ownership,2026-10-02,
7LVZJ6XRIE7VNZ4UBX81,BANCA MEDIOLANUM S.P.A.,Italy,unknown,pending_manual_review,website_no_ownership_passage,http://www.bancamediolanum.it,,,,"Verify bank identity and controlling owners from official governance page, annual report or register; technical failures do not establish absence of public information."
7V6Z97IO7R1SEAO84Q32,SpareBank 1 SMN,Norway,unknown,pending_manual_review,website_no_ownership_passage,https://www.smn.no,,,,"Verify bank identity and controlling owners from official governance page, annual report or register; technical failures do not establish absence of public information."
81560017C4A61A529235,CASSA DI RISPARMIO DI FERMO S.P.A. (IN FORMA ABBREVIATA CARIFERMO S.P.A.),Italy,unknown,pending_manual_review,website_unavailable,https://www.carifermo.it,,,,"Verify bank identity and controlling owners from official governance page, annual report or register; technical failures do not establish absence of public information."
81560027D07F9BDB8436,CASSA DI RISPARMIO DI ASTI S.P.A. (IN FORMA ABBREVIATA BANCA C.R. ASTI S.P.A.),Italy,unknown,pending_manual_review,website_unavailable,https://www.bancadiasti.it,,,,"Verify bank identity and controlling owners from official governance page, annual report or register; technical failures do not establish absence of public information."
81560035485BD7DB3590,BANCO DI CREDITO P.AZZOAGLIO - S.P.A.,Italy,unknown,pending_manual_review,website_unavailable,https://www.bancapb.it,,,,"Verify bank identity and controlling owners from official governance page, annual report or register; technical failures do not establish absence of public information."
8156003A4FB445454553,CASSA DI RISPARMIO DI BOLZANO S.P.A. - SUDTIROLER SPARKASSE AG,Italy,unknown,pending_manual_review,website_unavailable,https://www.sparkasse.it,,,,"Verify bank identity and controlling owners from official governance page, annual report or register; technical failures do not establish absence of public information."
8156003D79D064FB5360,CASSA LOMBARDA - S.P.A.,Italy,unknown,pending_manual_review,website_unavailable,https://www.cassalombarda.it,,,,"Verify bank identity and controlling owners from official governance page, annual report or register; technical failures do not establish absence of public information."
8156004BBB6E6B9B6F10,BANCA POPOLARE DI PUGLIA E BASILICATA - SOCIETA' COOPERATIVA PER AZIONI,Italy,cooperative,sourced,website_unavailable,,https://api.gleif.org/api/v1/lei-records/8156004BBB6E6B9B6F10,registered_bank_form,2026-10-02,
81560051AAE0E0F10021,CHERRY BANK S.P.A. (CON ACRONIMO CHERRY BANK O CHERRY),Italy,unknown,pending_manual_review,website_unavailable,https://www.cherrybank.it,,,,"Verify bank identity and controlling owners from official governance page, annual report or register; technical failures do not establish absence of public information."
8156005420362AE59184,BANCA IFIS S.P.A. (OVVERO IFIS BANCA S.P.A. O IN FORMA ABBREVIATA IFIS S.P.A.),Italy,shareholder,sourced,evidence_collected,https://www.bancaifis.it,https://www.bancaifis.it/chi-siamo/corporate-governance/azionariato/,direct_ownership,2026-10-02,
8156005C22D0BF134C40,BANCA POPOLARE PUGLIESE - SOCIETA' COOPERATIVA PER AZIONI,Italy,cooperative,sourced,website_unavailable,,https://api.gleif.org/api/v1/lei-records/8156005C22D0BF134C40,registered_bank_form,2026-10-02,
81560062CEAE87A85C80,AREPO BP S.P.A.,Italy,unknown,pending_manual_review,website_unavailable,https://www.bancaprofilo.it,,,,"Verify bank identity and controlling owners from official governance page, annual report or register; technical failures do not establish absence of public information."
81560064085A02B2B297,MEDIOCREDITO CENTRALE - BANCA DEL MEZZOGIORNO SPA,Italy,public,sourced,website_no_ownership_passage,https://www.mcc.it/,https://www.invitalia.it/chi-siamo,reviewed_control_chain,2026-10-02,
815600722FAEE18D6013,BANCA DEL FUCINO S.P.A.,Italy,unknown,pending_manual_review,website_unavailable,https://www.bancafucino.it,,,,"Verify bank identity and controlling owners from official governance page, annual report or register; technical failures do not establish absence of public information."
8156007C053DC07AC307,CREDITO LOMBARDO VENETO S.P.A.,Italy,unknown,pending_manual_review,website_unavailable,https://www.crelov.it,,,,"Verify bank identity and controlling owners from official governance page, annual report or register; technical failures do not establish absence of public information."
8156007D348794DB1690,CRÉDIT AGRICOLE ITALIA S.P.A.,Italy,unknown,pending_manual_review,website_unavailable,https://www.credit-agricole.it,,,,"Verify bank identity and controlling owners from official governance page, annual report or register; technical failures do not establish absence of public information."
815600848DEFE160E913,IBL ISTITUTO BANCARIO DEL LAVORO S.P.A. (IN FORMA ABBREVIATA IBL BANCA),Italy,unknown,pending_manual_review,website_unavailable,https://www.iblbanca.it,,,,"Verify bank identity and controlling owners from official governance page, annual report or register; technical failures do not establish absence of public information."
8156008B43CE788F4932,BANCA AGRICOLA POPOLARE DI SICILIA SOCIETA' COOPERATIVA PER AZIONI,Italy,cooperative,sourced,website_unavailable,,https://api.gleif.org/api/v1/lei-records/8156008B43CE788F4932,registered_bank_form,2026-10-02,
8156008FC57F3F707049,ENTE CAMBIANO SOCIETA' COOPERATIVA PER AZIONI,Italy,cooperative,sourced,website_unavailable,,https://api.gleif.org/api/v1/lei-records/8156008FC57F3F707049,registered_bank_form,2026-10-02,
815600903231FA2E7698,BANCA GENERALI - SOCIETA' PER AZIONI (IN FORMA ABBREVIATA GENERBANCA),Italy,unknown,pending_manual_review,website_unavailable,http://www.bancagenerali.com,,,,"Verify bank identity and controlling owners from official governance page, annual report or register; technical failures do not establish absence of public information."
815600914B5015427B51,ZURICH ITALY BANK S.P.A.,Italy,unknown,pending_manual_review,website_unavailable,https://www.zurich-italy-bank.it,,,,"Verify bank identity and controlling owners from official governance page, annual report or register; technical failures do not establish absence of public information."
8156009F9B6BB7745A32,PRIVATA HOLDING S.R.L.,Italy,unknown,pending_manual_review,website_unavailable,https://www.bancafinnat.it,,,,"Verify bank identity and controlling owners from official governance page, annual report or register; technical failures do not establish absence of public information."
815600A029117B20DD63,ILLIMITY BANK S.P.A.,Italy,unknown,pending_manual_review,website_unavailable,https://www.illimity.com,,,,"Verify bank identity and controlling owners from official governance page, annual report or register; technical failures do not establish absence of public information."
815600A32DA05F693F24,LA CASSA DI RAVENNA S.P.A.,Italy,unknown,pending_manual_review,website_unavailable,https://www.lacassa.com,,,,"Verify bank identity and controlling owners from official governance page, annual report or register; technical failures do not establish absence of public information."
815600AD83B2B6317788,CREDITO EMILIANO HOLDING SOCIETA' PER AZIONI,Italy,unknown,pending_manual_review,website_unavailable,https://www.credem.it,,,,"Verify bank identity and controlling owners from official governance page, annual report or register; technical failures do not establish absence of public information."
815600B43BECA3919584,BANCA PROMOS S.P.A.,Italy,unknown,pending_manual_review,website_unavailable,https://www.bancapromos.it,,,,"Verify bank identity and controlling owners from official governance page, annual report or register; technical failures do not establish absence of public information."
815600B5C61A10BBB451,BANCA SISTEMA S.P.A.,Italy,unknown,pending_manual_review,website_unavailable,https://www.bancasistema.it,,,,"Verify bank identity and controlling owners from official governance page, annual report or register; technical failures do not establish absence of public information."
815600B6B356EC776E54,CASSA DI RISPARMIO DI VOLTERRA S.P.A.,Italy,unknown,pending_manual_review,website_unavailable,https://www.crvolterra.it,,,,"Verify bank identity and controlling owners from official governance page, annual report or register; technical failures do not establish absence of public information."
815600BEE9123CD92E12,BANCA VALSABBINA SOCIETA' COOPERATIVA PER AZIONI (IN BREVE LA VALSABBINA),Italy,cooperative,sourced,website_unavailable,,https://api.gleif.org/api/v1/lei-records/815600BEE9123CD92E12,registered_bank_form,2026-10-02,
815600DDCE9083CAC598,MEDIOBANCA PREMIER S.P.A.,Italy,unknown,pending_manual_review,website_unavailable,https://www.mediobancapremier.com,,,,"Verify bank identity and controlling owners from official governance page, annual report or register; technical failures do not establish absence of public information."
815600E4E6DCD2D25E30,BANCO BPM SOCIETA' PER AZIONI,Italy,unknown,pending_manual_review,evidence_collected,https://www.bancobpm.it/,,,,"Verify bank identity and controlling owners from official governance page, annual report or register; technical failures do not establish absence of public information."
815600F24AE25C9D1B94,MAURIZIO SELLA - SOCIETA' IN ACCOMANDITA PER AZIONI,Italy,unknown,pending_manual_review,website_unavailable,https://www.sellagroup.eu,,,,"Verify bank identity and controlling owners from official governance page, annual report or register; technical failures do not establish absence of public information."
815600FDD3EB3EA03194,BANCA POPOLARE DEL LAZIO SOCIETA' COOPERATIVA,Italy,cooperative,sourced,website_unavailable,,https://api.gleif.org/api/v1/lei-records/815600FDD3EB3EA03194,registered_bank_form,2026-10-02,
851WYGNLUQLFZBSYGB56,COMMERZBANK Aktiengesellschaft,Germany,unknown,pending_manual_review,website_unavailable,https://www.comdirect.de,,,,"Verify bank identity and controlling owners from official governance page, annual report or register; technical failures do not establish absence of public information."
894500N55FUZ70ZQ1784,Green Opera Finance Invest AB,Sweden,unknown,pending_manual_review,website_unavailable,https://www.qred.com,,,,"Verify bank identity and controlling owners from official governance page, annual report or register; technical failures do not establish absence of public information."
8IBZUGJ7JPLH368JE346,Goldman Sachs Bank Europe SE,Germany,unknown,pending_manual_review,evidence_collected,http://www.goldmansachs.com/,,,,"Verify bank identity and controlling owners from official governance page, annual report or register; technical failures do not establish absence of public information."
95980020140005012943,"Caja Rural de Aragón, Sociedad Cooperativa de Crédito",Spain,cooperative,sourced,website_unavailable,,https://api.gleif.org/api/v1/lei-records/95980020140005012943,registered_bank_form,2026-10-02,
95980020140005219553,"Caja Rural de Asturias, Sociedad Cooperativa de Crédito",Spain,cooperative,sourced,website_unavailable,,https://api.gleif.org/api/v1/lei-records/95980020140005219553,registered_bank_form,2026-10-02,
95980020140005220135,"Caja Rural de Granada, Sociedad Cooperativa de Crédito",Spain,cooperative,sourced,website_unavailable,,https://api.gleif.org/api/v1/lei-records/95980020140005220135,registered_bank_form,2026-10-02,
95980020140005375335,"Caja Rural del Sur, S. Coop. de Crédito",Spain,cooperative,sourced,website_unavailable,,https://api.gleif.org/api/v1/lei-records/95980020140005375335,registered_bank_form,2026-10-02,
95980020140005439549,"Caja Rural de Navarra, S. Coop. de Crédito",Spain,cooperative,sourced,website_unavailable,,https://api.gleif.org/api/v1/lei-records/95980020140005439549,registered_bank_form,2026-10-02,
95980020140005484654,"Caja Rural de Albacete, Ciudad Real y Cuenca, Sociedad Cooperativa de Crédito",Spain,cooperative,sourced,website_unavailable,,https://api.gleif.org/api/v1/lei-records/95980020140005484654,registered_bank_form,2026-10-02,
95980020140005552166,"Eurocaja Rural, Sociedad Cooperativa de Crédito",Spain,cooperative,sourced,website_unavailable,,https://api.gleif.org/api/v1/lei-records/95980020140005552166,registered_bank_form,2026-10-02,
95980020140005658381,"Aresbank, S.A.",Spain,unknown,pending_manual_review,evidence_collected,http://www.aresbank.es,,,,"Verify bank identity and controlling owners from official governance page, annual report or register; technical failures do not establish absence of public information."
95980020140005881190,Banco de Crédito Social Cooperativo,Spain,unknown,pending_manual_review,website_unavailable,https://www.bcc.es,,,,"Verify bank identity and controlling owners from official governance page, annual report or register; technical failures do not establish absence of public information."
9598002AYDQER7DXLR16,GRUCAJRURAL INVERSIONES SL,Spain,unknown,pending_manual_review,website_unavailable,https://www.grupocajarural.es,,,,"Verify bank identity and controlling owners from official governance page, annual report or register; technical failures do not establish absence of public information."
959800LQ598A5RQASA61,"Banca March, S.A.",Spain,unknown,pending_manual_review,website_no_ownership_passage,https://www.bancamarch.es/es/|http://www.bancamarch.com,,,,"Verify bank identity and controlling owners from official governance page, annual report or register; technical failures do not establish absence of public information."
959800R86KE31EAVRC30,LIBERTY PARTNERS S.L.U.,Spain,unknown,pending_manual_review,website_unavailable,https://www.bancopichincha.es,,,,"Verify bank identity and controlling owners from official governance page, annual report or register; technical failures do not establish absence of public information."
959800VHSP2QBPNRF210,"Bank of Africa Europe, S.A.",Spain,unknown,pending_manual_review,website_unavailable,https://www.bmce-intl.co.uk,,,,"Verify bank identity and controlling owners from official governance page, annual report or register; technical failures do not establish absence of public information."
96950001WI712W7PQG45,RCI Banque,France,unknown,pending_manual_review,website_no_ownership_passage,https://www.rcibs.com/,,,,"Verify bank identity and controlling owners from official governance page, annual report or register; technical failures do not establish absence of public information."
9695000CG7B84NLR5984,Confédération Nationale du Crédit Mutuel,France,cooperative,sourced,evidence_collected,https://www.creditmutuel.com/en/our-cooperative-organization.html,https://www.creditmutuel.com/en/our-cooperative-organization.html,direct_ownership,2026-10-02,
9695002JOWSRCLLLNY11,Edmond de Rothschild (France),France,unknown,pending_manual_review,website_unavailable,https://www.edmond-de-rothschild.com,,,,"Verify bank identity and controlling owners from official governance page, annual report or register; technical failures do not establish absence of public information."
9695002K2HDLD20JU790,AGENCE FRANCE LOCALE - SOCIETE TERRITORIALE,France,unknown,pending_manual_review,website_unavailable,https://www.agence-france-locale.fr,,,,"Verify bank identity and controlling owners from official governance page, annual report or register; technical failures do not establish absence of public information."
96950041VJ1QP0B69503,Crédit mutuel Arkéa,France,cooperative,sourced,evidence_collected,https://www.cm-arkea.com/arkea/banque/assurances/j_6/fr/accueil,https://api.gleif.org/api/v1/lei-records/96950041VJ1QP0B69503,registered_bank_form,2026-10-02,
9695007EQZDL89LUW373,Banque Banorient France,France,unknown,pending_manual_review,website_no_ownership_passage,https://www.banorientfrance.com/,,,,"Verify bank identity and controlling owners from official governance page, annual report or register; technical failures do not establish absence of public information."
969500A3Y5KTGJEMDZ32,Caisse régionale de crédit agricole mutuel du Languedoc,France,cooperative,sourced,evidence_collected,https://www.ca-languedoc.fr/,https://api.gleif.org/api/v1/lei-records/969500A3Y5KTGJEMDZ32,registered_bank_form,2026-10-02,
969500A4IPKVUBH3CA90,Banque Delubac et Cie,France,unknown,pending_manual_review,website_unavailable,https://www.delubac.com,,,,"Verify bank identity and controlling owners from official governance page, annual report or register; technical failures do not establish absence of public information."
969500A9SZ8YP1810S21,Caisse d'épargne et de prévoyance Aquitaine Poitou-Charentes,France,cooperative,sourced,website_unavailable,,https://api.gleif.org/api/v1/lei-records/969500A9SZ8YP1810S21,registered_bank_form,2026-10-02,
969500AGACQ54Q3UF243,Caisse régionale de crédit agricole mutuel de Centre France - Crédit agricole  Centre France (3ème du nom),France,cooperative,sourced,evidence_collected,https://www.credit-agricole.fr/ca-centrefrance/,https://api.gleif.org/api/v1/lei-records/969500AGACQ54Q3UF243,registered_bank_form,2026-10-02,
969500B5DNR7Q1ACGD23,Caisse régionale de crédit agricole mutuel Atlantique Vendée,France,cooperative,sourced,evidence_collected,https://www.credit-agricole.fr/ca-atlantique-vendee/,https://api.gleif.org/api/v1/lei-records/969500B5DNR7Q1ACGD23,registered_bank_form,2026-10-02,
969500CJCTMI93QJKK89,Axa banque,France,unknown,pending_manual_review,website_no_ownership_passage,https://www.axa.fr,,,,"Verify bank identity and controlling owners from official governance page, annual report or register; technical failures do not establish absence of public information."
969500EVOBAGHKZEXA33,Banque populaire Alsace Lorraine Champagne,France,cooperative,sourced,evidence_collected,https://bpalc.de|https://bpalc.fr,https://api.gleif.org/api/v1/lei-records/969500EVOBAGHKZEXA33,registered_bank_form,2026-10-02,
969500EYG6U339D3TI84,Crédit Foncier de France,France,cooperative,sourced,website_no_ownership_passage,http://creditfoncier.fr/,https://www.groupebpce.com/en/the-group/organization/,reviewed_control_chain,2026-10-02,
969500F3KYDJBFS4XM73,Bank Audi France,France,unknown,pending_manual_review,website_unavailable,https://www.banqueaudi.fr,,,,"Verify bank identity and controlling owners from official governance page, annual report or register; technical failures do not establish absence of public information."
969500FF9M4SBM5VHR15,Caisse régionale de crédit agricole mutuel Nord de France,France,cooperative,sourced,evidence_collected,https://www.credit-agricole.fr/ca-norddefrance/,https://api.gleif.org/api/v1/lei-records/969500FF9M4SBM5VHR15,registered_bank_form,2026-10-02,
969500FYEXW795NPJO79,Caisse régionale de crédit agricole mutuel Brie Picardie,France,cooperative,sourced,evidence_collected,http://www.ca-briepicardie.fr/,https://api.gleif.org/api/v1/lei-records/969500FYEXW795NPJO79,registered_bank_form,2026-10-02,
969500GVS02SJYG9S632,Carrefour banque,France,unknown,pending_manual_review,website_unavailable,https://www.carrefour-banque.fr,,,,"Verify bank identity and controlling owners from official governance page, annual report or register; technical failures do not establish absence of public information."
969500JJWO4PQG0R1C58,CAISSE D'EPARGNE ET DE PREVOYANCE GRAND EST EUROPE,France,cooperative,sourced,website_unavailable,,https://api.gleif.org/api/v1/lei-records/969500JJWO4PQG0R1C58,registered_bank_form,2026-10-02,
969500JM7VIGQIPZOL49,BANQUE POPULAIRE AUVERGNE RHONE ALPES,France,cooperative,sourced,website_unavailable,http://www.bpaura.banquepopulaire.fr/,https://api.gleif.org/api/v1/lei-records/969500JM7VIGQIPZOL49,registered_bank_form,2026-10-02,
969500LFTDNMONT2EP08,Caisse fédérale de crédit mutuel,France,cooperative,sourced,website_unavailable,https://www.creditmutuelalliancefederale.fr/fr/,https://api.gleif.org/api/v1/lei-records/969500LFTDNMONT2EP08,registered_bank_form,2026-10-02,
969500O971S0I6U24G84,Compagnie Financière Holding Mixte Milleis,France,unknown,pending_manual_review,website_unavailable,https://www.milleis.fr,,,,"Verify bank identity and controlling owners from official governance page, annual report or register; technical failures do not establish absence of public information."
969500ORP9FTJYI28L37,Caisse régionale de crédit agricole mutuel des Savoie,France,cooperative,sourced,website_unavailable,,https://api.gleif.org/api/v1/lei-records/969500ORP9FTJYI28L37,registered_bank_form,2026-10-02,
969500PI25OKPKTD9364,Caisse régionale de crédit agricole mutuel de Paris et d'Ile-de-France,France,cooperative,sourced,evidence_collected,https://www.credit-agricole.fr/ca-paris/,https://api.gleif.org/api/v1/lei-records/969500PI25OKPKTD9364,registered_bank_form,2026-10-02,
969500SJXM8MW32ZVG75,Caisse d'épargne et de prévoyance Bretagne-Pays de Loire,France,cooperative,sourced,website_unavailable,,https://api.gleif.org/api/v1/lei-records/969500SJXM8MW32ZVG75,registered_bank_form,2026-10-02,
969500STN7T9MRUMJ267,Bpifrance,France,unknown,pending_manual_review,website_unavailable,http://www.bpifrance.fr/,,,,"Verify bank identity and controlling owners from official governance page, annual report or register; technical failures do not establish absence of public information."
969500TU5ZMYBIWP0R51,Caisse d'Epargne CEPAC,France,cooperative,sourced,evidence_collected,https://caissedepargne-cepac.fr/,https://www.groupebpce.com/en/the-group/organization/,reviewed_control_chain,2026-10-02,
969500VHT1ZNPVWOYF63,BNP Paribas Personal Finance,France,shareholder,sourced,website_no_ownership_passage,https://personal-finance.bnpparibas/fr/|https://personal-finance.bnpparibas/en/,https://invest.bnpparibas/en/bnp-paribas-share,reviewed_control_chain,2026-10-02,
969500VR2NA6ANMTXH21,Caisse d'épargne et de prévoyance de Rhône Alpes,France,cooperative,sourced,website_unavailable,,https://api.gleif.org/api/v1/lei-records/969500VR2NA6ANMTXH21,registered_bank_form,2026-10-02,
969500W34S6NCZWYBV47,Caisse d'épargne et de prévoyance Ile-de-France,France,cooperative,sourced,website_unavailable,https://ca-paris.com/,https://api.gleif.org/api/v1/lei-records/969500W34S6NCZWYBV47,registered_bank_form,2026-10-02,
969500W8SBCXNX1DG443,Banque populaire Rives de Paris,France,cooperative,sourced,website_unavailable,,https://api.gleif.org/api/v1/lei-records/969500W8SBCXNX1DG443,registered_bank_form,2026-10-02,
969500WFZ7C2IBN9TB80,Banque populaire Grand Ouest,France,cooperative,sourced,website_unavailable,http://www.bpgo.banquepopulaire.fr,https://api.gleif.org/api/v1/lei-records/969500WFZ7C2IBN9TB80,registered_bank_form,2026-10-02,
969500WJ4V0WNG8Q5L42,Caisse régionale de crédit agricole mutuel Centre-Est,France,cooperative,sourced,evidence_collected,https://www.credit-agricole.fr/ca-centrest/particulier.html,https://api.gleif.org/api/v1/lei-records/969500WJ4V0WNG8Q5L42,registered_bank_form,2026-10-02,
969500X8MO6M37C47827,Caisse régionale de crédit agricole mutuel d'Aquitaine,France,cooperative,sourced,evidence_collected,https://www.credit-agricole.fr/ca-aquitaine/,https://api.gleif.org/api/v1/lei-records/969500X8MO6M37C47827,registered_bank_form,2026-10-02,
9845006BAF66DZ35C849,Lunar Group A/S,Denmark,unknown,pending_manual_review,website_unavailable,https://www.lunar.app,,,,"Verify bank identity and controlling owners from official governance page, annual report or register; technical failures do not establish absence of public information."
9845006C7B5CC707X660,Swedbank Baltics AS,Latvia,unknown,pending_manual_review,website_unavailable,https://www.swedbank.com,,,,"Verify bank identity and controlling owners from official governance page, annual report or register; technical failures do not establish absence of public information."
9845009BE414FBF82130,FESTA HOLDING,Bulgaria,unknown,pending_manual_review,website_unavailable,https://www.fibank.bg,,,,"Verify bank identity and controlling owners from official governance page, annual report or register; technical failures do not establish absence of public information."
984500ADEE3DE4F14F51,Kompasbank A/S,Denmark,unknown,pending_manual_review,website_unavailable,https://www.kompasbank.dk,,,,"Verify bank identity and controlling owners from official governance page, annual report or register; technical failures do not establish absence of public information."
984500E4D07499C10435,TBI FINANCIAL SERVICES B.V.,Netherlands,unknown,pending_manual_review,website_unavailable,https://tbibank.com,,,,"Verify bank identity and controlling owners from official governance page, annual report or register; technical failures do not establish absence of public information."
9CZ7TVMR36CYD5TZBS50,Banque Internationale à Luxembourg,Luxembourg,unknown,pending_manual_review,website_unavailable,https://www.bil.com,,,,"Verify bank identity and controlling owners from official governance page, annual report or register; technical failures do not establish absence of public information."
9KOGW2C2FCIOJQ7FF485,"Česká spořitelna, a.s.",Czech,unknown,pending_manual_review,website_no_ownership_passage,https://www.csas.cz/,,,,"Verify bank identity and controlling owners from official governance page, annual report or register; technical failures do not establish absence of public information."
9ZHRYM6F437SQJ6OUG95,Raiffeisen Bank International AG,Austria,cooperative,sourced,evidence_collected,https://www.rbinternational.com/,https://www.rbinternational.com/en/raiffeisen/rbi-group/about-us.html,direct_ownership,2026-10-02,
A5GWLFH3KM7YV2SFQL84,Belfius Bank,Belgium,unknown,pending_manual_review,website_no_ownership_passage,https://www.belfius.be,,,,"Verify bank identity and controlling owners from official governance page, annual report or register; technical failures do not establish absence of public information."
AT0000000000043000VB,VOLKSBANK WIEN AG VB,Austria,unknown,pending_manual_review,website_unavailable,https://www.volksbankwien.at,,,,"Verify bank identity and controlling owners from official governance page, annual report or register; technical failures do not establish absence of public information."
B64D6Y3LBJS4ANNPCU93,NIBC Bank N.V.,Netherlands,unknown,pending_manual_review,evidence_collected,http://www.nibc.com/,,,,"Verify bank identity and controlling owners from official governance page, annual report or register; technical failures do not establish absence of public information."
B81CK4ESI35472RHJ606,Landesbank Baden-Württemberg,Germany,public,sourced,evidence_collected,https://www.lbbw.de/konzern/investor-relations/finanzberichte/geschaeftsberichte/2025/lbbw-geschaeftsbericht-2025_ampzkh6sv2_m.pdf|https://www.lbbw.de,https://www.lbbw.de/konzern/investor-relations/finanzberichte/geschaeftsberichte/2025/lbbw-geschaeftsbericht-2025_ampzkh6sv2_m.pdf,direct_ownership,2026-10-02,
BB3BGO3LCED63R8R9R41,BANK POLSKIEJ SPOLDZIELCZOSCI S.A.,Poland,unknown,pending_manual_review,website_unavailable,https://www.bankbps.pl,,,,"Verify bank identity and controlling owners from official governance page, annual report or register; technical failures do not establish absence of public information."
BFXS5XCH7N0Y05NIXW11,ABN AMRO Bank N.V.,Netherlands,unknown,pending_manual_review,evidence_collected,http://www.abnamro.com/,,,,"Verify bank identity and controlling owners from official governance page, annual report or register; technical failures do not establish absence of public information."
CXUHEGU3MADZ2CEV7C11,Eurobank Limited,Cyprus,unknown,pending_manual_review,website_unavailable,https://www.eurobank.com.cy,,,,"Verify bank identity and controlling owners from official governance page, annual report or register; technical failures do not establish absence of public information."
D1HEB8VEU6D9M8ZUXG17,UniCredit Bank Austria AG,Austria,shareholder,sourced,evidence_collected,https://www.bankaustria.at,https://www.unicreditgroup.eu/en/governance/shareholders/shareholders-structure.html,reviewed_control_chain,2026-10-02,
DG3RU1DBUFHT4ZF9WN62,Coöperatieve Rabobank U.A.,Netherlands,cooperative,sourced,evidence_collected,https://www.rabobank.com/about-us/in-short|https://www.rabobank.com/,https://www.rabobank.com/about-us/in-short,direct_ownership,2026-10-02,
DIZES5CFO5K3I5R58746,Landesbank Hessen-Thüringen Girozentrale,Germany,public,sourced,evidence_collected,https://www.helaba.com/int/about-us/profile/owners-equity-executive-bodies.php|https://www.helaba.de,https://www.helaba.com/int/about-us/profile/owners-equity-executive-bodies.php,direct_ownership,2026-10-02,
DSNHHQ2B9X5N6OUJ1236,Norddeutsche Landesbank - Girozentrale -,Germany,public,sourced,evidence_collected,https://www.nordlb.com/nordlb/portrait|https://www.nordlb.de/,https://www.nordlb.com/nordlb/portrait,direct_ownership,2026-10-02,
DZZ47B9A52ZJ6LT6VV95,Deutsche Pfandbriefbank AG,Germany,unknown,pending_manual_review,evidence_collected,https://www.pfandbriefbank.com,,,,"Verify bank identity and controlling owners from official governance page, annual report or register; technical failures do not establish absence of public information."
EQYXK86SF381Q21S3020,Bank of America Europe Designated Activity Company,Ireland,unknown,pending_manual_review,website_unavailable,https://business.bofa.com,,,,"Verify bank identity and controlling owners from official governance page, annual report or register; technical failures do not establish absence of public information."
EV2XZWMLLXF2QRX0CD47,Kommuninvest - Grupp,Sweden,unknown,pending_manual_review,website_unavailable,https://www.kommuninvest.se,,,,"Verify bank identity and controlling owners from official governance page, annual report or register; technical failures do not establish absence of public information."
F0HUI1NY1AZMJMD8LP67,HSBC Continental Europe,France,unknown,pending_manual_review,website_no_ownership_passage,https://www.hsbc.fr,,,,"Verify bank identity and controlling owners from official governance page, annual report or register; technical failures do not establish absence of public information."
F3JS33DEI6XQ4ZBPTN86,Skandinaviska Enskilda Banken - gruppen,Sweden,unknown,pending_manual_review,evidence_collected,https://sebgroup.com,,,,"Verify bank identity and controlling owners from official governance page, annual report or register; technical failures do not establish absence of public information."
FR9695005MSX1OYEMGDF,Groupe BPCE,France,cooperative,sourced,evidence_collected,https://www.groupebpce.com/en/the-group/profile/,https://www.groupebpce.com/en/the-group/organization/,direct_ownership,2026-10-02,
FR969500TJ5KRTCJQWXH,Groupe Crédit Agricole,France,cooperative,sourced,evidence_collected,https://www.credit-agricole.com/en/group/discover-the-credit-agricole-group,https://www.credit-agricole.com/en/group/discover-the-credit-agricole-group,direct_ownership,2026-10-02,
G8ZTNESVNKW4NN761W05,ABN AMRO Clearing Bank N.V.,Netherlands,unknown,pending_manual_review,website_no_ownership_passage,http://www.abnamroclearing.com,,,,"Verify bank identity and controlling owners from official governance page, annual report or register; technical failures do not establish absence of public information."
GDI8P8WHFH4PS5YTU851,"HAITONG BANK, S.A.",Portugal,unknown,pending_manual_review,website_unavailable,https://www.haitongib.com,,,,"Verify bank identity and controlling owners from official governance page, annual report or register; technical failures do not establish absence of public information."
GP5DT10VX1QRQUKVBK64,AL Sydbank A/S,Denmark,unknown,pending_manual_review,website_unavailable,https://www.al-sydbank.dk,,,,"Verify bank identity and controlling owners from official governance page, annual report or register; technical failures do not establish absence of public information."
GTQYZJON3I7SXRNJTT73,BSK 1818 AG,Germany,unknown,pending_manual_review,website_no_ownership_passage,https://www.lbb.de,,,,"Verify bank identity and controlling owners from official governance page, annual report or register; technical failures do not establish absence of public information."
H0YX5LBGKDVOWCXBZ594,SBAB Bank AB - Grupp,Sweden,public,sourced,evidence_collected,https://www.sbab.se,https://www.sbab.se/1/om_sbab/bolagsstyrning.html,direct_ownership,2026-10-02,
H8MIG1MMPR6JXUQVBM04,Bank BPH S.A.,Poland,unknown,pending_manual_review,website_no_ownership_passage,https://www.bph.pl/,,,,"Verify bank identity and controlling owners from official governance page, annual report or register; technical failures do not establish absence of public information."
HWIPDOTRM1EKRPKYKH81,Northern Trust Global Services SE,Luxembourg,unknown,pending_manual_review,website_unavailable,https://www.northerntrust.com,,,,"Verify bank identity and controlling owners from official governance page, annual report or register; technical failures do not establish absence of public information."
I6SS27Q1Q3385V753S50,Raiffeisenlandesbank Oberösterreich Aktiengesellschaft,Austria,cooperative,sourced,evidence_collected,http://www.rlbooe.at/,https://api.gleif.org/api/v1/lei-records/529900XSTAE561178282,reviewed_control_chain,2026-10-02,
I6USJ58BDV2BO5KP3C31,"MONETA Money Bank, a.s.",Czech,unknown,pending_manual_review,website_no_ownership_passage,https://www.moneta.cz/,,,,"Verify bank identity and controlling owners from official governance page, annual report or register; technical failures do not establish absence of public information."
I7ETN0QQO2AHZZGHJ389,KOMMUNALBANKEN AS,Norway,unknown,pending_manual_review,website_no_ownership_passage,http://kbn.com,,,,"Verify bank identity and controlling owners from official governance page, annual report or register; technical failures do not establish absence of public information."
J48C8PCSJVUBR8KCW529,BANCA POPOLARE DI SONDRIO SOCIETA' PER AZIONI,Italy,unknown,pending_manual_review,website_unavailable,https://www.popso.it,,,,"Verify bank identity and controlling owners from official governance page, annual report or register; technical failures do not establish absence of public information."
J4CP7MHCXR8DAQMKIL78,Banca Monte dei Paschi di Siena S.p.A.,Italy,unknown,pending_manual_review,evidence_collected,https://www.mps.it/,,,,"Verify bank identity and controlling owners from official governance page, annual report or register; technical failures do not establish absence of public information."
JLS56RAMYQZECFUF2G44,ING Belgie,Belgium,shareholder,sourced,website_no_ownership_passage,http://www.ing.be/,https://ing.com/investors/share-information/shares,reviewed_control_chain,2026-10-02,
JU1U6S0DG9YLT7N8ZV32,"Banco Comercial Português, SA",Portugal,unknown,pending_manual_review,website_unavailable,http://www.millenniumbcp.pt,,,,"Verify bank identity and controlling owners from official governance page, annual report or register; technical failures do not establish absence of public information."
K8MS7FD7N5Z2WQ51AZ71,"Banco Bilbao Vizcaya Argentaria, S.A.",Spain,unknown,pending_manual_review,evidence_collected,https://www.bbva.com/|https://www.bbva.es/personas.html,,,,"Verify bank identity and controlling owners from official governance page, annual report or register; technical failures do not establish absence of public information."
KFUXYFTU2LHQFQZDQG45,Kereskedelmi és Hitelbank csoport,Hungary,unknown,pending_manual_review,website_unavailable,https://www.kh.hu,,,,"Verify bank identity and controlling owners from official governance page, annual report or register; technical failures do not establish absence of public information."
KGCEPHLVVKVRZYO1T647,BNP Paribas Fortis,Belgium,shareholder,sourced,evidence_collected,http://www.bnpparibasfortis.com/,https://invest.bnpparibas/en/bnp-paribas-share,reviewed_control_chain,2026-10-02,
KR6LSKV3BTSJRD41IF75,"UniCredit Bank Czech Republic and Slovakia, a.s.",Czech,shareholder,sourced,website_no_ownership_passage,https://www.unicreditbank.sk|https://www.unicreditbank.cz|http://www.unicreditbank.cz,https://www.unicreditgroup.eu/en/governance/shareholders/shareholders-structure.html,reviewed_control_chain,2026-10-02,
KX1WK48MPD4Y2NCUIZ63,Natixis,France,cooperative,sourced,evidence_collected,https://natixis.groupebpce.com/|https://natixis.groupebpce.com/fr/,https://www.groupebpce.com/en/the-group/organization/,reviewed_control_chain,2026-10-02,
LIU16F6VZJSD6UKHD557,Nykredit Realkredit A/S,Denmark,mutual,sourced,website_unavailable,https://www.nykredit.com,https://forenetkredit.dk/wp-content/uploads/2025/09/FK_Ejerskabspolitik_A5_160925.pdf,reviewed_control_chain,2026-10-02,
LOO0AWXR8GF142JCO404,CASSA CENTRALE BANCA - CREDITO COOPERATIVO ITALIANOSOCIETA' PER AZIONI (IN SIGLA CASSA CENTRALE BANCA),Italy,unknown,pending_manual_review,website_unavailable,https://www.cassacentrale.it,,,,"Verify bank identity and controlling owners from official governance page, annual report or register; technical failures do not establish absence of public information."
M312WZV08Y7LYUC71685,Swedbank - Grupp,Sweden,unknown,pending_manual_review,website_no_ownership_passage,http://www.swedbank.com/,,,,"Verify bank identity and controlling owners from official governance page, annual report or register; technical failures do not establish absence of public information."
M6AD1Y1KW32H8THQ6F76,Piraeus Financial Holdings,Greece,unknown,pending_manual_review,website_unavailable,https://www.piraeusholdings.gr,,,,"Verify bank identity and controlling owners from official governance page, annual report or register; technical failures do not establish absence of public information."
MAES062Z21O4RZ2U7M96,Danske Bank A/S,Denmark,unknown,pending_manual_review,evidence_collected,https://danskebank.com/,,,,"Verify bank identity and controlling owners from official governance page, annual report or register; technical failures do not establish absence of public information."
MKP1B7E76TN04CD85Z79,BANK OCHRONY ŚRODOWISKA SA,Poland,unknown,pending_manual_review,website_unavailable,https://www.bosbank.pl,,,,"Verify bank identity and controlling owners from official governance page, annual report or register; technical failures do not establish absence of public information."
MMYX0N4ZEZ13Z4XCG897,THE BANK OF NEW YORK MELLON,Belgium,unknown,pending_manual_review,website_unavailable,https://www.bny.com,,,,"Verify bank identity and controlling owners from official governance page, annual report or register; technical failures do not establish absence of public information."
N1FBEDJ5J41VKZLO2475,Citibank Europe plc,Ireland,unknown,pending_manual_review,website_unavailable,https://www.citigroup.com,,,,"Verify bank identity and controlling owners from official governance page, annual report or register; technical failures do not establish absence of public information."
N4JDFKKH2FTD8RKFXO39,Crédit industriel et commercial - CIC,France,cooperative,sourced,evidence_collected,https://www.cic.fr/,https://www.creditmutuel.com/en/our-cooperative-organization.html,reviewed_control_chain,2026-10-02,
N747OI7JINV7RUUH6190,BPER Banca S.p.A.,Italy,unknown,pending_manual_review,website_no_ownership_passage,https://www.bper.it,,,,"Verify bank identity and controlling owners from official governance page, annual report or register; technical failures do not establish absence of public information."
NHBDILHZTYCNBV5UYZ31,Svenska Handelsbanken - gruppen,Sweden,unknown,pending_manual_review,website_no_ownership_passage,https://www.handelsbanken.se,,,,"Verify bank identity and controlling owners from official governance page, annual report or register; technical failures do not establish absence of public information."
NICH5Q04ADUV9SN3Q390,BRED - Banque populaire,France,cooperative,sourced,evidence_collected,https://www.bred.fr,https://api.gleif.org/api/v1/lei-records/NICH5Q04ADUV9SN3Q390,registered_bank_form,2026-10-02,
NMH2KF074RKAGTH4CM63,BNP PARIBAS BANK POLSKA S.A,Poland,shareholder,sourced,website_no_ownership_passage,https://www.bnpparibas.pl/,https://invest.bnpparibas/en/bnp-paribas-share,reviewed_control_chain,2026-10-02,
NNVPP80YIZGEY2314M97,ICCREA BANCA S.P.A. - ISTITUTO CENTRALE DEL CREDITO COOPERATIVO (IN FORMA ABBREVIATA: ICCREA BANCA S.P.A.),Italy,unknown,pending_manual_review,website_unavailable,https://www.gruppobcciccrea.it,,,,"Verify bank identity and controlling owners from official governance page, annual report or register; technical failures do not establish absence of public information."
O2RNE8IBXP4R0TD8PU41,Société générale S.A.,France,shareholder,sourced,evidence_collected,https://www.societegenerale.com/,https://investors.societegenerale.com/fr/informations-financieres-extra-financieres/action/actionnariat,direct_ownership,2026-10-02,
P4GTT6GF1W40CVIMFR43,Powszechna Kasa Oszczednosci Bank Polski S.A.,Poland,unknown,pending_manual_review,evidence_collected,https://pkobp.pl,,,,"Verify bank identity and controlling owners from official governance page, annual report or register; technical failures do not establish absence of public information."
PQOH26KWDF7CG10L6792,Erste Group Bank AG,Austria,unknown,pending_manual_review,evidence_collected,https://www.erstegroup.com,,,,"Verify bank identity and controlling owners from official governance page, annual report or register; technical failures do not establish absence of public information."
PRNXTNXHBI0TSY1V8P17,Zagrebačka banka d.d.,Croatia,shareholder,sourced,website_unavailable,https://www.zaba.hr,https://www.unicreditgroup.eu/en/governance/shareholders/shareholders-structure.html,reviewed_control_chain,2026-10-02,
PSNL19R2RXX5U3QWHI44,MEDIOBANCA - BANCA DI CREDITO FINANZIARIO S.P.A.,Italy,unknown,pending_manual_review,evidence_collected,https://www.mediobanca.com/,,,,"Verify bank identity and controlling owners from official governance page, annual report or register; technical failures do not establish absence of public information."
PWEFG14QWWESISQ84C69,IKB Deutsche Industriebank Aktiengesellschaft,Germany,unknown,pending_manual_review,website_no_ownership_passage,http://www.ikb.de/,,,,"Verify bank identity and controlling owners from official governance page, annual report or register; technical failures do not establish absence of public information."
Q5BP2UEQ48R75BOTCB92,"Československá obchodní banka, a.s.",Czech,unknown,pending_manual_review,website_no_ownership_passage,https://www.csob.cz/,,,,"Verify bank identity and controlling owners from official governance page, annual report or register; technical failures do not establish absence of public information."
QS3ZEAHRBZY9228Z0111,Bank Julius Baer Europe S.A.,Luxembourg,unknown,pending_manual_review,website_unavailable,https://www.juliusbaer.com,,,,"Verify bank identity and controlling owners from official governance page, annual report or register; technical failures do not establish absence of public information."
R0MUWSFPU8MPRO8K5P83,BNP Paribas,France,shareholder,sourced,evidence_collected,https://group.bnpparibas|https://group.bnpparibas/en/,https://invest.bnpparibas/en/bnp-paribas-share,direct_ownership,2026-10-02,
R1IO4YJ0O79SMWVCHB58,Banque centrale de compensation,France,unknown,pending_manual_review,website_unavailable,https://www.lch.com,,,,"Verify bank identity and controlling owners from official governance page, annual report or register; technical failures do not establish absence of public information."
R7CQUF1DQM73HUTV1078,"Banque et Caisse d´Epargne de l´Etat, Luxembourg",Luxembourg,public,sourced,website_unavailable,,https://api.gleif.org/api/v1/lei-records/R7CQUF1DQM73HUTV1078,registered_bank_form,2026-10-02,
RG3IZJKPYQ4H6IQPIC08,Addiko Bank d.d.,Croatia,unknown,pending_manual_review,website_unavailable,https://www.addiko.hr,,,,"Verify bank identity and controlling owners from official governance page, annual report or register; technical failures do not establish absence of public information."
RRUN0TCQ1K2JDV7MXO75,Oberbank AG,Austria,unknown,pending_manual_review,evidence_collected,https://www.oberbank.at,,,,"Verify bank identity and controlling owners from official governance page, annual report or register; technical failures do not establish absence of public information."
RUOKPID0PZ0UWJYU9J61,John Deere Bank S.A.,Luxembourg,unknown,pending_manual_review,website_unavailable,https://www.deere.com,,,,"Verify bank identity and controlling owners from official governance page, annual report or register; technical failures do not establish absence of public information."
RY3KI4Q2655O2GIL8D68,BANCA INVESTIS S.P.A.,Italy,unknown,pending_manual_review,website_unavailable,https://www.bancainvestis.com,,,,"Verify bank identity and controlling owners from official governance page, annual report or register; technical failures do not establish absence of public information."
SI5RG2M0WQQLZCXKRM20,"Banco de Sabadell, S.A.",Spain,unknown,pending_manual_review,website_no_ownership_passage,https://www.bancsabadell.com,,,,"Verify bank identity and controlling owners from official governance page, annual report or register; technical failures do not establish absence of public information."
SX0CI4F7GVW5530ZMN03,Wells Fargo Bank International Unlimited Company,Ireland,unknown,pending_manual_review,website_unavailable,https://www.wellsfargo.com,,,,"Verify bank identity and controlling owners from official governance page, annual report or register; technical failures do not establish absence of public information."
TO822O0VT80V06K0FH57,"Caixa Geral de Depósitos, S.A.",Portugal,unknown,pending_manual_review,website_unavailable,https://www.cgd.pt,,,,"Verify bank identity and controlling owners from official governance page, annual report or register; technical failures do not establish absence of public information."
TPS0Q8GFSZF45ZZFL873,Société Générale Luxembourg,Luxembourg,unknown,pending_manual_review,website_unavailable,https://www.societegenerale.lu,,,,"Verify bank identity and controlling owners from official governance page, annual report or register; technical failures do not establish absence of public information."
TUKDD90GPC79G1KOE162,Hamburg Commercial Bank AG,Germany,unknown,pending_manual_review,evidence_collected,https://www.hcob-bank.de/,,,,"Verify bank identity and controlling owners from official governance page, annual report or register; technical failures do not establish absence of public information."
UAIAINAJ28P30E5GWE37,BGL BNP Paribas,Luxembourg,shareholder,sourced,website_unavailable,https://www.bgl.lu,https://invest.bnpparibas/en/bnp-paribas-share,reviewed_control_chain,2026-10-02,
UI802FYJ52XDB7N4KN18,BANCA NAZIONALE DEL LAVORO S.P.A. (IN FORMA CONTRATTA BNL S.P.A.),Italy,shareholder,sourced,website_unavailable,https://bnl.it,https://invest.bnpparibas/en/bnp-paribas-share,reviewed_control_chain,2026-10-02,
VDYMYTQGZZ6DU0912C88,Bayerische Landesbank,Germany,public,sourced,evidence_collected,https://www.bayernlb.com/internet/en/blb/resp/meta_6/about_us/who_we_are/kurzportrait_2/kurzportrait_1.jsp|https://www.bayernlb.de/,https://www.bayernlb.com/internet/en/blb/resp/meta_6/about_us/who_we_are/kurzportrait_2/kurzportrait_1.jsp,direct_ownership,2026-10-02,
VWMYAEQSTOPNV0SUGU82,"Bankinter, S.A.",Spain,unknown,pending_manual_review,website_unavailable,https://www.bankinter.com,,,,"Verify bank identity and controlling owners from official governance page, annual report or register; technical failures do not establish absence of public information."
XLEZHWWOI4HFQDGL4793,BANK HANDLOWY W WARSZAWIE SA,Poland,unknown,pending_manual_review,website_no_ownership_passage,https://www.citibank.pl/,,,,"Verify bank identity and controlling owners from official governance page, annual report or register; technical failures do not establish absence of public information."
XTC5E2QFTEF0435JWL77,Nederlandse Financierings-Maatschappij voor Ontwikkelingslanden N.V.,Netherlands,unknown,pending_manual_review,website_unavailable,https://www.fmo.nl,,,,"Verify bank identity and controlling owners from official governance page, annual report or register; technical failures do not establish absence of public information."
Y28RT6GGYJ696PMW8T44,UniCredit csoport,Hungary,shareholder,sourced,website_no_ownership_passage,https://www.unicreditbank.hu,https://www.unicreditgroup.eu/en/governance/shareholders/shareholders-structure.html,reviewed_control_chain,2026-10-02,
